0.0 0.005798833152694729 -0.02245406364315957 0.045521281396464976 -0.009267153413793996 0.18333387475113197 0.0017283556749979772 0.9830055050827551
0.13 0.012045957204452989 -0.02184781118521396 0.04598361825395298 -0.009452982184138257 0.183424106332277 0.0017560859224124733 0.9829868536792673
0.23 0.03589048493018725 -0.032473438033554326 0.05138404436218067 -0.009890402934354404 0.18297112621280207 0.0018428998785306793 0.9830668088295185
0.33 0.05735608655371875 -0.029658459292246885 0.05795198260407092 -0.010032228550357843 0.18384653103570855 0.001237478760034897 0.9829029840542596
0.43 0.05175516348741111 -0.019924022965730544 0.0635450380415827 -0.010040674182411813 0.18373004608195698 0.0009591100595181633 0.9829249895778306
0.53 0.05323815293994981 -0.01951508613145741 0.07002738984769755 -0.010640141693708813 0.18359054400070976 0.0009162072407093877 0.9829447899564622
0.63 0.03900118690296011 -0.016791786591079334 0.06655894757046987 -0.010695963538718753 0.18381502189301796 0.0006169527263091952 0.9829024638588415
0.73 0.035589026039555875 -0.022607167174456405 0.07521553795542782 -0.010558232927817494 0.1836413214252223 0.0007890958815234378 0.9829362980937929
0.83 0.03255277632982191 -0.0247338466832811 0.07610490388439 -0.011010825437903242 0.18355092189162098 0.0004997939308541506 0.9829484070905953
0.93 0.03133955404281988 -0.029424762580895443 0.0785539546877664 -0.01136460071914592 0.18372579947830991 0.0004973849026199363 0.9829117096997109
1.03 0.02257059231626969 -0.027911852455513756 0.08012679276598067 -0.01095461617823727 0.18371738301912555 7.150774048958816e-05 0.982918060902146
1.13 0.022097256263781985 -0.033466861572403896 0.08010875445135464 -0.011216170344664498 0.18374910622789586 0.00019312059147564743 0.9829091647694034
1.23 0.022175839536485754 -0.032167077083596424 0.08495835364016546 -0.01075839602397238 0.18401413013006593 0.00035307815787127757 0.9828646560759426
1.33 0.025268999251844098 -0.03534110363931503 0.08676092407986807 -0.011127424101268369 0.1839029389529424 0.0004651823935652386 0.9828813117984703
1.43 0.022192626179529287 -0.03981949360878774 0.086558566310438 -0.011245275279420151 0.18451321955119143 0.000268202659694004 0.9827656606038274
1.53 0.027790261771099455 -0.03575973898892495 0.08887181438076913 -0.01132456186839256 0.18377840072836607 0.0004574661750105311 0.9829023575355346
1.63 0.02658569092248227 -0.03759407777918086 0.0912369215482817 -0.010955259599443766 0.18438771821051883 0.000570993227195237 0.9827923614003935
1.73 0.027860668311380597 -0.033748254777857076 0.08710788317797477 -0.011137390676435283 0.18396685351907888 0.0007231041177369887 0.9828690820529686
1.83 0.03612507449160742 -0.03652168303670425 0.09185159479683927 -0.011440711896942431 0.18369252006651515 0.000597065518513969 0.9829169912539263
1.9300000000000002 0.03069932906626897 -0.03559135245471043 0.09452121371319036 -0.01151842514597576 0.184171838538783 0.0005913931815098221 0.982826388547594
2.03 0.03533501056290408 -0.03502206772081053 0.0934065283859318 -0.011506473934813908 0.18361089058953503 0.0005822479639862912 0.9829314843374455
2.13 0.04131792749603552 -0.029697949710098596 0.09761834969669526 -0.011194476296014607 0.18380226548942258 0.00037679116736950765 0.9828994195388612
2.23 0.03924481756696449 -0.02869276817179805 0.10135932371758923 -0.011334174767801387 0.184080490691172 0.0005255522593788185 0.9828456812867689
2.33 0.04783346735653463 -0.027844730831122558 0.10023279891793435 -0.011702855414647283 0.1839087810942065 0.00046952401586428913 0.9828735335529112
2.43 0.0441659949358271 -0.025883963657433038 0.10231837458170942 -0.011535418697239527 0.18432619722923851 0.00038653023532005343 0.9827973533363143
2.5300000000000002 0.042906148846627135 -0.024436494948555227 0.10055415736902476 -0.011529867592022161 0.18435465425629854 0.0006352858467802223 0.9827919515437864
2.63 0.04358602109994681 -0.026473001769542023 0.10127229469354804 -0.011523935129807806 0.1838700733410745 0.00031925073245076674 0.9828829498610919
2.73 0.045358846868000784 -0.02623051711793626 0.1048807725032688 -0.011722109379915439 0.18427875007971203 0.000475436682649007 0.9828040030345344
2.83 0.04841379572624981 -0.024498526468792612 0.10341125958071232 -0.011336150782567408 0.18384209921625524 0.0009470689096986724 0.9828899619497983
2.93 0.05006219159924333 -0.02076343312124531 0.10498121462818394 -0.011321261493816182 0.1840730409428526 0.0006648648200960936 0.9828471410097354
3.03 0.05148486444287428 -0.020297602287136958 0.10924161490237566 -0.011155699350757208 0.18406378628060746 0.0007127947553985393 0.982850733771756
3.13 0.04929452418929768 -0.017502319970096256 0.10569849309395249 -0.011126364765334063 0.1839015876972738 0.0004577683890455574 0.9828815800988606
3.23 0.049411301174569176 -0.021886743666588115 0.10716495286289161 -0.011251340551226962 0.18408015781736242 0.0005453826985623821 0.9828466845807883
3.33 0.048657029008933365 -0.019991899523328263 0.10455798491833182 -0.011272845171831301 0.18399428835092801 0.0006156319092454971 0.9828624755342529
3.43 0.04441539955211536 -0.02108086406675524 0.10084733443878148 -0.011381722574984243 0.18371787113140506 0.0005914976656552043 0.9829129413883421
3.5300000000000002 0.045517032143850916 -0.01562805442539173 0.10460499708169949 -0.011251295247715312 0.18420639373763953 0.0007641376404469451 0.9828228878872779
3.63 0.046629518801321344 -0.02445200831802423 0.10238057924214304 -0.011520838533779519 0.1839019623648577 0.0006493251400266748 0.9828768574418137
3.73 0.04059579102593093 -0.019953970448758747 0.09924629547852017 -0.011252716698183495 0.18393884049933598 0.0006344940432011549 0.9828730725480169
3.83 0.04356262815956122 -0.016512280030376823 0.09895169446625161 -0.011328306521032578 0.1839634454168325 0.0006302105043248074 0.9828676019975702
3.93 0.03788124415730802 -0.016726862347213097 0.10413991004705694 -0.011531647902610938 0.18434176158311988 0.0003639461681720695 0.9827944869484511
4.03 0.040679326411523394 -0.01784905600543309 0.10219469378606376 -0.011012084153969657 0.18416662929289435 0.00047121219777443966 0.9828332333700078
4.13 0.03989220215609672 -0.014059319680658381 0.10353108382713216 -0.01124103683250708 0.18403981614197104 0.00045972673660716864 0.982854401128004
4.23 0.042128475618073744 -0.016930666641736397 0.10550588805870628 -0.011295916473734858 0.18381318170145255 0.0002584200284385214 0.9828962558291165
4.33 0.039395119183356454 -0.017384659999657836 0.103107652690436 -0.011496199643437567 0.18383059847642108 0.00026379271221701095 0.9828906749333641
4.43 0.03492883343757256 -0.01690209719615894 0.10487230327476785 -0.01118990862068227 0.18411162953502916 0.0005223054400161913 0.9828415035050383
4.53 0.041590861505583956 -0.018528424106385465 0.10225901525596007 -0.01121525379104409 0.1839461163576549 0.0002826988181265399 0.9828723032218971
4.63 0.0344299690248296 -0.01807429583213798 0.10540361584595437 -0.011230241698057107 0.18441730679109927 0.0004313432173569211 0.9827837771200488
4.73 0.03652349674720813 -0.014812212781055819 0.10167536191339671 -0.01103987411576963 0.18425180062424962 0.0002863933814092276 0.9828170293218678
4.83 0.03646759514313899 -0.01899572653091837 0.10394100858676839 -0.011151324501333017 0.1841601485613524 4.476836349292365e-05 0.9828329896984128
4.93 0.03360211449931248 -0.018202130319438313 0.10287212741351486 -0.011351816836277222 0.18432837570255345 0.00028565028295984667 0.9827991170983467
5.03 0.03549947906557816 -0.018378617048355077 0.10153874728833948 -0.011456148334124021 0.18435285967528467 0.00041676415046366065 0.9827932672248697
5.13 0.035923376648107574 -0.01832807490806077 0.10164523895759583 -0.011447547406544328 0.18437485143854276 0.00044336940715180965 0.9827892303230429
5.23 0.03476741678464486 -0.0184132511328056 0.10209078621688075 -0.01130804910952691 0.18450251221154282 0.00041093313848229756 0.9827669012267974
5.33 0.03552079099270193 -0.018154626030678467 0.10160669451608742 -0.011420262701358265 0.18429421926360645 0.0004242202307091534 0.9828046796709129
5.43 0.03489304931981376 -0.0182368380905474 0.10144366158239088 -0.011320726303493508 0.18420093005437138 0.00029253109401406423 0.9828233681331683
5.53 0.03550131093928032 -0.01791052798612638 0.10171882916518261 -0.011474763014657505 0.18436326195776356 0.00025841362279559746 0.9827911531329787
5.63 0.03460419032416974 -0.018316947285739456 0.10202815013689377 -0.011383905103119225 0.1843601861078191 0.0003997891751955742 0.9827927394173752
5.73 0.03584915598106306 -0.018929036204023184 0.10165424842130369 -0.011184106166866449 0.18436192655832112 0.0005234972395012186 0.9827946488232386
5.83 0.034790048649159674 -0.018157750147903145 0.10191481429438318 -0.011196251810666219 0.18435305728314513 0.000348300549297127 0.9827962519782405
5.93 0.035218966773248046 -0.018243018990812557 0.10164756945405712 -0.011276203700291889 0.18437855710762466 0.0004074278673880645 0.9827905315536738
6.03 0.03321652540055539 -0.018556012623842686 0.10279882019690878 -0.011387906517578037 0.18439340388484507 0.0003859828638122676 0.9827864667394114
6.13 0.03465979773123469 -0.0173970892777636 0.10249222892981324 -0.011409490464317378 0.18445277891997727 0.00026013195207253906 0.9827751157856055
6.23 0.03534614106699677 -0.018584608755120573 0.10158772367518976 -0.011226809920735218 0.1843478298466599 0.00046139401039805477 0.9827968373399447
6.33 0.036125635383059476 -0.018603560197956306 0.10134302494786597 -0.011098874220162822 0.18423572190313803 0.000526378278708057 0.9828192797721167
6.43 0.034441599997667625 -0.017653019771608495 0.10163280531133348 -0.011151870073718833 0.184153869062392 0.000338109000227383 0.9828341029825503
6.53 0.03423385674381182 -0.01808922011265994 0.10199227960631202 -0.011160334776201073 0.18428281593878748 0.0003077478519458389 0.9828098473095462
6.63 0.03480137966294492 -0.018203398960222213 0.10247620780829596 -0.011154360256379676 0.184415993247552 0.0003877593204892562 0.9827849059303357
6.73 0.032922435135798594 -0.018206188263820956 0.10347629688069337 -0.011065260250890031 0.18445916746378177 0.00042874244683734254 0.9827777936716228
6.83 0.03611402411766957 -0.017901925180922186 0.10128634258565833 -0.011196001007728154 0.18423045858271012 0.00028186810677240115 0.982819265298666
6.93 0.03475498077998691 -0.017715273515093173 0.1015062611103491 -0.011195724048822757 0.18412282064863641 0.0003284696612300935 0.9828394247216046
7.03 0.03521749174305482 -0.018384129348202688 0.10160959486560586 -0.011429917670790813 0.18409328382592763 0.0002553972908908732 0.9828422836876979
7.13 0.03417504972350177 -0.016893946876441874 0.1013036345003055 -0.011623468342504124 0.18420629835211763 7.459632569560594e-05 0.9828188689003126
7.23 0.03601278783103597 -0.018217966080713126 0.10079189257804988 -0.01136774920228051 0.18419609433230727 0.0003540892355660851 0.9828237114211333
7.33 0.03574007938075689 -0.01757733584300779 0.10159316482445338 -0.011465805301797931 0.18432609695095056 0.0002588644259660406 0.9827982286719992
7.43 0.03688009081224483 -0.019403906123048376 0.10201330449667079 -0.011338917617379879 0.18433174003254038 0.0005159571921306309 0.9827985410815474
7.53 0.03469374797815174 -0.01929156854219861 0.10272210543193366 -0.01113319392296761 0.1844111168424083 0.0005395556640782334 0.9827859893474747
7.63 0.03505367654716892 -0.01946040697290738 0.10311648775028043 -0.01129428106878571 0.18463540606123702 0.0006621898254146969 0.9827419638686324
7.73 0.032050266292654526 -0.018502519910429775 0.10364706750384306 -0.011218289527794544 0.1845419795249139 0.0002934642833160913 0.9827605617096217
7.83 0.037354124555240224 -0.01933045647874671 0.10329380308722041 -0.011180592894055734 0.18444395959458193 0.0003253206552172798 0.9827793823020917
7.93 0.030384708010644933 -0.019074196429126937 0.10477745403534588 -0.011172146097506027 0.18472619139367233 0.0004470583811261673 0.9827264204770157
8.03 0.036005427410216284 -0.017656413500657962 0.10401714669303797 -0.011296186557817983 0.1844601175422672 0.0003734866760661292 0.9827750107289293
8.13 0.03633448124445049 -0.018426244258813625 0.10519167412393077 -0.011368934996993285 0.18445909161819135 0.00037953672147327444 0.9827743620935087
8.23 0.03536527516840641 -0.018740026373218113 0.1056055747736864 -0.011315934979332243 0.18447400019208127 0.0003305357425010472 0.9827721931428456
8.33 0.03485153871536709 -0.01711134147353411 0.10568373641871467 -0.011127542818218778 0.18455020702328037 0.0003268498267924565 0.9827600378768379
8.43 0.03499099274036697 -0.019830885931245056 0.10358562841963014 -0.011368602536748163 0.1844493029694783 0.00044274935716054456 0.9827761766971368
8.53 0.031708912787933786 -0.0191009524533785 0.10510733487624066 -0.011280590959383665 0.1844206308243032 0.0005124640147367704 0.9827825377847365
8.63 0.03775569082191297 -0.019296032433374737 0.10386173193454536 -0.01150868589262879 0.1843079617563833 0.0003387934064974933 0.982801104293875
8.73 0.03490739348079168 -0.01689394408210495 0.10532913139615105 -0.011421356685656282 0.1845106990329761 0.0003205549325822318 0.9827640875603649
8.83 0.037280733834394134 -0.0181745562004291 0.10221044593981012 -0.011417921591313126 0.18427440405705986 0.0002369584606825345 0.9828084853757817
8.93 0.037529968153320936 -0.01768739659505568 0.10570433615866873 -0.01142796663329021 0.18443059829737599 0.0003747380999755774 0.9827790268222337
9.03 0.033297266010484376 -0.020750445977464737 0.10446148743862949 -0.011341721843661555 0.1844485972457943 0.00044045401421803827 0.9827766207638139
9.13 0.03813000027311817 -0.018222306427560446 0.10549182523836476 -0.0115567568664439 0.18440086166798092 0.00034194733294894494 0.9827831127257213
9.23 0.03624244371274393 -0.0165161613002147 0.10600257282519687 -0.011395897192668944 0.18433124588644903 0.00023518649447207312 0.9827980820109675
9.33 0.03285248044441521 -0.019499348073754953 0.10592802910784016 -0.011431503130409582 0.18453835906114735 0.0002670315517003927 0.982758792107885
9.43 0.033831429219151055 -0.01553352855723737 0.10985764427753743 -0.011464613797217364 0.18463425086569923 0.00032852779860234333 0.9827403767563578
9.53 0.03684658106974277 -0.01798636587054957 0.11143744268573655 -0.011759946360917876 0.18475055165915852 0.0002494553117888148 0.9827150528486233
9.63 0.03474067592719833 -0.017685164471056163 0.10664067464064773 -0.011568588041952894 0.184648706101745 0.00027416118065145433 0.9827364590475485
9.73 0.03444986359755331 -0.018776698678142852 0.10909914116736177 -0.011489148501716288 0.18476139276979434 0.00039142362317436764 0.9827161716365609
9.83 0.03335765723321607 -0.019678014563820945 0.1097818875131559 -0.011499147685924284 0.18484419402616223 0.0004721982150421135 0.982700448033968
9.93 0.030977014285233986 -0.021775895132525296 0.10816417105417828 -0.01158392775406278 0.18486816741852677 0.0003886169358039081 0.9826949792636479
10.03 0.03668611284759186 -0.022082453015115796 0.11061653968966059 -0.0115150091391158 0.18477389036935932 0.00044329136224451824 0.9827134971572674
10.13 0.03286899537674159 -0.021603631622373744 0.10936110197763027 -0.011539535859787198 0.18448814535740196 0.00039525523805017187 0.9827669139261983
10.23 0.03784389100756015 -0.01971064527395319 0.10818311667004814 -0.011564600261088196 0.18461171815159189 0.0003420094121892386 0.9827434337463061
10.33 0.038101268573190086 -0.01593016050469768 0.1137519276868803 -0.011449221512769923 0.1846089022701516 0.00023966651910364332 0.9827453439672563
10.43 0.033289467788189656 -0.018996897706810505 0.11172104247209641 -0.011452770720248402 0.1848042982221603 0.00041116048125235295 0.9827085205433517
10.53 0.036877527748158924 -0.01765816223932054 0.110791750201982 -0.011403676172137755 0.18461966700784405 0.0003421215013008416 0.9827438209811101
10.63 0.036794208611961726 -0.017653348359379956 0.11108189798562793 -0.01130511727385769 0.18461434878404195 0.00030506996144235985 0.982745970980694
10.73 0.039492834707299244 -0.014727006325033947 0.10834080216216274 -0.01135254649695544 0.18467930747661832 0.00013161284141860802 0.982733257682903
10.83 0.03958032204953085 -0.013843245115245886 0.10901634894654749 -0.01139020430997802 0.1845764205970219 0.00016067055105807628 0.982752146978241
10.93 0.035877137959735794 -0.019406900012937482 0.10901371681399541 -0.011370524674749517 0.18457494953914963 0.00038155381075323427 0.9827525902219393
11.03 0.03476261980855879 -0.01920365558019984 0.10644538627190656 -0.011282002332054746 0.18446974870104682 0.0005956011360873974 0.9827732564009051
11.13 0.030722253733521044 -0.015604149402021627 0.10590307437008536 -0.011317486268754163 0.1845074636281649 0.00027013497427854873 0.9827659118005436
11.23 0.032821860001987835 -0.01924253296125658 0.108133482674615 -0.011551341867499374 0.18475277102676557 0.0003423964102453965 0.9827170818011102
11.33 0.03796113225501309 -0.01660758020515648 0.10848390144936368 -0.011466264722753087 0.18453817142346637 0.0003305748798135614 0.9827584030580658
11.43 0.038192475068984995 -0.017079337263812406 0.10879634415294967 -0.011588184486351502 0.18467609425555984 0.00017757318041461864 0.9827311039437938
11.53 0.0328577627548015 -0.018149496449126216 0.10577598351694956 -0.011621663257452694 0.1844940061815885 0.00021108629182502815 0.9827649027457054
11.63 0.034341035590028345 -0.017506008850134498 0.10788441379201205 -0.0115919210212729 0.18454872935528147 0.00014099995357432041 0.9827549918364195
11.73 0.03683621118155456 -0.020583191802536774 0.10880842292384522 -0.011661326387329468 0.1845043555355155 0.00023978460332088072 0.9827624833898863
11.83 0.03268638009877194 -0.019819942462905128 0.1083346058958112 -0.011503793734399413 0.184626090014184 0.00043004268730657905 0.9827414129256374
11.93 0.03384883661108972 -0.020899517333093875 0.10988520162058217 -0.01176748308325947 0.1847001880504039 0.0004304239200970722 0.9827243670588817
12.03 0.035244150739198954 -0.022738870169566532 0.10821067312529559 -0.011308954963968403 0.18443522635763732 0.00010831705431235042 0.9827796004615919
12.13 0.03666089289475244 -0.02437050921018533 0.11173845114966269 -0.011700236348277078 0.18469833261153595 0.00018499567967604881 0.9827255955639455
12.23 0.03500879154654034 -0.02088649606827564 0.10978946932339839 -0.011516310288937539 0.18501835333842426 0.0006076985352879932 0.9826673975602107
12.33 0.03821098824736879 -0.02176577865921481 0.10970526794296295 -0.011538331260798729 0.18490581536047293 0.00045071137471630466 0.9826884059643991
12.43 0.03204224323518014 -0.02406450294190236 0.1121124905530547 -0.011749053331487215 0.1848660874050961 0.0004964725743707768 0.9826933616282997
12.53 0.03541496769869174 -0.020371623187246272 0.11149385703952888 -0.011602971969757611 0.18478484351387914 0.0003961656526821182 0.9827104231164927
12.63 0.03287604654700285 -0.019777383538377172 0.11401312101231748 -0.011754409841923079 0.18481652410379731 0.0002498430377063617 0.9827027138692124
12.73 0.03837939659001695 -0.016110973302411964 0.11130112974209147 -0.011704894745164124 0.18469528028269896 0.00017118592245892112 0.9827261162580752
12.83 0.03830090306473728 -0.01772767130567025 0.11233449419469073 -0.011475861100575375 0.18485185926858053 0.0003336868930936804 0.9826993351936322
12.93 0.035311977746885076 -0.018510890735908992 0.11014424531325695 -0.011420156309505557 0.18473406572592144 0.00040718624874845757 0.982722106798049
13.03 0.03679141573400557 -0.019402577074526445 0.11288739184823175 -0.011345875625005244 0.18480959969522626 0.0003827776839546961 0.9827087749928953
13.13 0.03904924268505647 -0.016621477339826447 0.10946206270658701 -0.011533070658679631 0.1848254804915584 0.00040408808979312843 0.9827036006625101
13.23 0.04023729454308559 -0.016885896393605937 0.10920970608769594 -0.011688413829564558 0.18473431289107828 0.0002787883667915913 0.9827189511248151
13.33 0.03665783982990782 -0.016183067401391936 0.11075474121820694 -0.011510835474465781 0.18491679745949632 9.998429876548702e-05 0.9826867602075156
13.43 0.03848942925915195 -0.015615535452971386 0.11040161705568963 -0.0117469515942125 0.18479592645794446 -4.35287642808636e-05 0.9827067074148014
13.53 0.03960264270024419 -0.019471224085758347 0.10875630698658183 -0.011608665737826247 0.18448723835951217 0.00038576831892904125 0.9827662738133988
13.63 0.042536866089921105 -0.01286511248928396 0.11003505344088835 -0.011505400106470859 0.1847743377951187 0.00016654685406807513 0.9827136114468502
13.73 0.042708604688179566 -0.01481735494629573 0.10841876119115565 -0.011733974934647458 0.18458171217653382 0.000160689118136235 0.9827471086404781
13.83 0.03906863555895518 -0.013475343685800884 0.10815026462935695 -0.011503119179901575 0.18463597579408916 0.00023424757419532533 0.982739629718763
13.93 0.03781587438846541 -0.015743205933296728 0.11149503808173787 -0.011431188037645028 0.1846480421237883 0.00020736496913712887 0.982738208008455
14.03 0.040175981962572875 -0.011399696870583103 0.10932670045353046 -0.011465976806914868 0.18445345345564423 -5.597011032876427e-06 0.9827743661964445
14.13 0.040733717115752674 -0.011102982830655968 0.1088044771369843 -0.011144888575141391 0.1844791880419827 0.0004180127983676991 0.9827731406094283
14.23 0.03340059164319614 -0.015799452562759823 0.11019666932284158 -0.011373499468721283 0.1848582575385435 0.000496397592337855 0.9826992529350366
14.33 0.0348792668508852 -0.013328795240670559 0.11474887748560114 -0.011811992621348983 0.18477415978610157 0.00020249646062677813 0.9827100008145011
14.43 0.038270310607580946 -0.018437428514849863 0.11169248744823165 -0.011706130966140522 0.18470871039838735 0.0002820117483890486 0.9827235518039354
14.53 0.03606732209623134 -0.012526579534189255 0.11192723626935008 -0.011420187911331906 0.18472772513196273 2.8179795907133998e-05 0.9827233822808629
14.63 0.03124314517780295 -0.01964096279654428 0.11396958922576055 -0.011822973280394772 0.1849088981825101 0.00026629515512740815 0.9826845097805458
14.73 0.033881547217685076 -0.02057394620545921 0.11142999226043765 -0.01167165187285298 0.18471231773494204 0.00038374565164655817 0.9827232494241803
14.83 0.03432125349313497 -0.0158502742671014 0.11165075392456164 -0.011613252086571458 0.1847553673222264 0.00029293881386553943 0.9827158800021776
14.93 0.03744483911391917 -0.01898804291282267 0.11286547742981223 -0.011521875517181967 0.18483277863858533 0.00034909515120331875 0.9827023804071515
15.03 0.034984410175300754 -0.017200821522654 0.11127037513323844 -0.011535541271357553 0.1847917068118152 0.00020724370311004018 0.9827099843958037
15.13 0.03856694516893889 -0.01606286097046368 0.11245299113056131 -0.011431342530620853 0.18480643657782855 0.0003293483756429621 0.9827083987312818
15.23 0.03921508065271382 -0.016924448072618344 0.11268616919573593 -0.01160618814330726 0.18480359694506818 0.00034329839539272693 0.9827068785243944
15.33 0.034988766151341485 -0.019507861967882633 0.11437009491324632 -0.011592196005719972 0.18495087096796536 0.0004138495217893356 0.9826793093621792
15.43 0.03958400370009409 -0.014573788450597801 0.11387699650545344 -0.01161895182461952 0.18485325234220695 0.0002460176455813954 0.9826974175870841
15.53 0.0397068125839285 -0.01506448358273324 0.11385354912845315 -0.011494296279125153 0.1847994085068045 0.00011175112001093405 0.9827090349031447
15.63 0.038205489284760925 -0.012383063226694052 0.11270691900206532 -0.011302636275233207 0.18476486403707157 0.0001941514455108953 0.982717740623323
15.73 0.036150440101713144 -0.015286346511098782 0.11790561975624234 -0.011418475653435086 0.18504140737246397 0.00017749421022151543 0.9826643702033646
15.83 0.03830318750315057 -0.009589947203396992 0.11705099450107226 -0.011312808345577458 0.18487847207201152 9.434263734221351e-05 0.9826962715056577
15.93 0.0420482388462983 -0.013257226007957479 0.1185041606028204 -0.01159007534475115 0.18458334529743944 0.000150373274471539 0.9827485111564339
16.03 0.03987793969356403 -0.009588557539638578 0.12044199679018033 -0.011616441972547771 0.1847852835199327 0.0003179527902471059 0.9827102096632454
16.13 0.03449049192185796 -0.006116808155686857 0.12205289774576777 -0.011417448088203025 0.18496559897803178 0.0002646699737095436 0.9826786346632638
16.23 0.04049272683279096 -0.007071413969270496 0.12066535784176335 -0.011528997846577821 0.18499560705952472 0.00030494862844405746 0.9826716718129538
16.33 0.03928831708332145 -0.00991113174686175 0.12526915039655204 -0.011538284777900235 0.18517270068755567 0.00010972068062528936 0.98263824822049
16.43 0.04106683222695121 -0.01081365664567836 0.12066051942654474 -0.011555913255758558 0.18501230157531845 0.0002580514598372001 0.9826682260784018
16.53 0.03814504925902796 -0.015485594447491965 0.12010344926257933 -0.011648116448251627 0.1850784828212915 0.00024332510777860662 0.9826546785990838
16.63 0.03363669548222601 -0.010383996221499537 0.12310159040350556 -0.011540877091207918 0.18536339548924702 0.000158517510486096 0.9826022565824188
16.73 0.03573630348249066 -0.013207883394693903 0.12143156485040005 -0.011737328331203185 0.18510509987178103 0.00017560290689604369 0.982648617914218
16.83 0.03394159836441332 -0.013315741346376074 0.11780793897539948 -0.011882130693783365 0.18499766882197177 0.0001233894231620234 0.9826671167163692
16.93 0.03698482281997877 -0.015069848423188585 0.11723603247531918 -0.011673447168092264 0.1850183194473088 0.00037936201809929057 0.9826656644986466
17.03 0.035732455874034695 -0.011691071492234929 0.12072472290965247 -0.011596816936659442 0.18507636483923556 0.0001351135291357164 0.9826557050967374
17.13 0.03669659402258861 -0.014119160733889774 0.11651235203764293 -0.01175999275555526 0.18492066234930274 -2.4056241073322744e-05 0.9826830875862175
17.23 0.03417769466725485 -0.014016112615323815 0.1191048711897523 -0.011970845645066723 0.18511272719967475 -4.5653646885275616e-05 0.9826443787042114
17.33 0.03656502927855828 -0.014083023808708009 0.11823199667492865 -0.011821816331106887 0.18510568002564748 -0.00016212761076611886 0.9826474981373097
17.43 0.03762256552215414 -0.011727996749568655 0.11721536937925812 -0.011950052148036943 0.1852011826708209 3.69642454894766e-05 0.9826279646054417
17.53 0.038137599694340975 -0.011176441316368873 0.11968673526107082 -0.012154225739281243 0.18518974063385477 -0.00025715207499819 0.9826275838960836
17.63 0.04270725253528028 -0.007831055836468941 0.12009103279039199 -0.01196109465539648 0.18511145510980143 -6.735875714442051e-05 0.9826447358351719
17.73 0.0401272679130766 -0.009349836483500584 0.11704325479606176 -0.011950807690288886 0.18511311920355758 0.0001293150851965304 0.9826445413128229
17.83 0.042827695796862464 -0.010122945131928403 0.11881485422004247 -0.011832822849721128 0.18499408613186025 0.00020432530964064322 0.9826683726724968
17.93 0.04123528037926816 -0.010431011792923179 0.12313400703195035 -0.011754619129205161 0.1851754196779152 0.00011809360666201611 0.9826351708188219
18.03 0.04130948585829456 -0.011089457876586507 0.12112880181986257 -0.011735966669050689 0.18512598149362267 3.643363822766232e-06 0.9826447160846549
18.13 0.04398952512877325 -0.010005766994473668 0.12288719341925614 -0.011722693527836161 0.18533251094869416 1.6649426845061632e-05 0.9826059426671006
18.23 0.041189675556351536 -0.009247218843063816 0.12377495579747085 -0.011604048889229947 0.18521220883614947 -3.19160468552848e-05 0.9826300334962172
18.33 0.04239756641388193 -0.012154387172586873 0.12404655637598491 -0.011655248717464248 0.18515883350835724 0.00013516450161520666 0.9826394777748937
18.43 0.03998745348855992 -0.00736222137946301 0.12476464705516568 -0.011495493895076682 0.18532768593716453 5.687569971090522e-06 0.9826095371066451
18.53 0.04249862519593938 -0.011972213469247069 0.12787581769676637 -0.011781607267762347 0.1851632374630731 -0.00011539627899694904 0.9826371435611829
18.63 0.03919876725277915 -0.01058734387531178 0.12335212558944164 -0.011421212066448971 0.18532561745085627 -4.4775377978955586e-05 0.9826107924435584
18.73 0.03697377177615414 -0.011415530569858475 0.1222891741571043 -0.011643680986456687 0.18539692954812467 -4.1783554952951624e-05 0.9825947290014068
18.83 0.04079405040552934 -0.010757403581297776 0.12365355074934092 -0.011714934401626992 0.18521108604836795 3.980080955740804e-05 0.9826289291144676
18.93 0.038205362822955585 -0.009029404822166513 0.1231665305150525 -0.011541472568863223 0.18520793438652425 -9.343954668515741e-05 0.9826315722183316
19.03 0.039433462191951714 -0.014488686688291487 0.11894196373101862 -0.011318565540533366 0.1850733582188612 0.00018894250633568938 0.9826595068753099
19.13 0.03855691569717395 -0.014741605708966566 0.12062188909327319 -0.011760677207402774 0.18498901598274667 7.059156943316393e-05 0.9826702119501685
19.23 0.0362604216505138 -0.01298773948464864 0.12020134853248565 -0.011734685910631835 0.1853595018377011 0.00011399500141968907 0.9826007018266362
19.33 0.03632441214100261 -0.01197758147105698 0.11850311014414414 -0.011465228489396151 0.18526866218547183 0.0003370893344695735 0.9826209634027111
19.43 0.03986415455116223 -0.014610164659293462 0.1192700088495526 -0.01137143680101268 0.18533457036940965 0.00024498543025113526 0.9826096516080054
19.53 0.03948834943431125 -0.011848638502425103 0.12265678285078654 -0.011400373344238135 0.18511252502819936 0.00027596429352467783 0.9826511631342046
19.63 0.04043397178425086 -0.015622245765006051 0.12069168735452959 -0.01161171608362061 0.18509153925502458 0.00028864305772748885 0.9826526379301002
19.73 0.03535510176051709 -0.011164149747449628 0.12176169814581628 -0.011328603953131181 0.18533404818823876 0.00019306108422911534 0.9826102564303155
19.83 0.038666069458955434 -0.01525397487584778 0.12062061923840384 -0.011681837238380488 0.1851857393832444 0.00031360301314357415 0.9826340510388225
19.93 0.0377283443946593 -0.012705068394656594 0.11937686899964631 -0.011557902756554037 0.1851789695426694 0.00010014272950544041 0.9826368373384029
20.03 0.038383120326612286 -0.013119148223747091 0.12143279543636158 -0.011347230179028608 0.18522067999514835 0.00016368396241849876 0.9826314229032976
20.13 0.035409516332186614 -0.012234037912998968 0.1202169356060917 -0.011339287057012488 0.18519260318092037 0.00015090715257888763 0.9826368085529589
20.23 0.04215267652481658 -0.012985645173424595 0.11906207186422124 -0.011497856324991576 0.1851611051266268 0.00013731900396181943 0.982640903683389
20.33 0.03722040869839974 -0.014508516673252982 0.12314374406985135 -0.011410930829556517 0.18527354227618933 0.00021910492663964769 0.9826207087086387
20.43 0.040329961924811655 -0.012793231556562042 0.11906381029988913 -0.011433736072769226 0.18501167597237445 0.00023664825101099487 0.9826697784255487
20.53 0.03769372881194845 -0.012494947712109263 0.12160030347889733 -0.011501295159783537 0.1851606517262504 0.00021914805309277563 0.9826409340324107
20.63 0.04226717368152821 -0.015395958234364246 0.12282302592324466 -0.011590160514413384 0.18536089718811918 0.0002491648901711805 0.9826021289869685
20.73 0.03900784284698707 -0.011868614658645691 0.12354384832620771 -0.011627156623911322 0.1853088819292644 0.00025381951105221635 0.9826115016030622
20.83 0.04401664547125063 -0.01088651393820796 0.12111849930446097 -0.011723376122109701 0.1851227451305977 3.065240972789064e-05 0.9826454756157181
20.93 0.043032234717043344 -0.013118351341858193 0.12026537614626584 -0.011459139429398734 0.18512845779135895 0.00015502852387267837 0.9826475045536357
21.03 0.03889155281046511 -0.013293465718886722 0.12380932426843883 -0.011425060893425758 0.18531167277933475 0.0001513391212495247 0.9826133670023917
21.13 0.04446621550403192 -0.011812590667996819 0.12241648793832934 -0.011523586752231516 0.1849751901907928 6.316738919218902e-05 0.9826756239838886
21.23 0.04278993864623126 -0.013625152482888526 0.12271673197570812 -0.011913926426951323 0.18514405478796975 -7.782457598419898e-05 0.9826391663663209
21.33 0.04011788755149524 -0.013810169093953306 0.11907927019469716 -0.011604512816664346 0.18489511031935715 0.00023118075772647582 0.9826897170611577
21.43 0.041673330959518896 -0.013763080452989535 0.1192171524435657 -0.011440134704588269 0.1847133123978425 9.201929410930421e-06 0.9827258597677597
21.53 0.04193741640341397 -0.011960138645607271 0.11904711498694123 -0.011323252492782848 0.18497593882965227 -3.4885815460300064e-05 0.9826778133193266
21.63 0.036220181974307555 -0.011569133574994221 0.11745300808649925 -0.011349509274899137 0.18488517823546197 5.6274693062386334e-05 0.9826945895552797
21.73 0.039622477881639626 -0.009784658872748644 0.11691517262559446 -0.011521935067372228 0.18487325264446627 -6.63850392902283e-05 0.982694826007538
21.83 0.04078229905679725 -0.008750995642639115 0.11749206363909603 -0.011563184840233056 0.1849892990434142 -5.359697807449708e-05 0.9826725034939876
21.93 0.038313778972671714 -0.010764051842125765 0.11689207563798083 -0.011556248756652397 0.18503625957735723 8.496138699432377e-05 0.9826637413367088
22.03 0.03666739823413254 -0.010944980549821744 0.12171663843781547 -0.011597655310614097 0.18528493283380837 1.8701763722258702e-05 0.9826163990623765
22.13 0.043032601560226244 -0.010538263641328783 0.12069994672172742 -0.011391263130561666 0.1853158484896803 0.0001636137672448681 0.982612969919172
22.23 0.04149064748791286 -0.012785188535619012 0.11759385465634556 -0.011632392199779035 0.18504272932946142 9.985877547149987e-05 0.9826616232469034
22.33 0.039826992266658874 -0.013838795406638143 0.11852570685452612 -0.011590117142035361 0.18505331022809116 0.00012339415017339627 0.9826601275782709
22.43 0.041733100266834446 -0.010083796991512569 0.11906025761087828 -0.01155069276939951 0.18493366913118475 -8.324537101607208e-07 0.9826831226379802
22.53 0.04504011329588307 -0.013593127703571841 0.11609898352808962 -0.011577495300072517 0.18500974187678082 0.00017628707190557144 0.9826684720373051
22.63 0.04623374764666129 -0.012083778279769962 0.11578082362377143 -0.011477248958499374 0.18516332471268682 0.00022622026302609457 0.9826407099047348
22.73 0.04650951458994685 -0.01140933728539194 0.11895029702684899 -0.011518545919020282 0.18505538445098874 0.00011072941245030129 0.9826605800196757
22.83 0.04232049885283104 -0.012110133091579408 0.11839385659315166 -0.011504498178511142 0.1849225319853585 -0.0001014864380025521 0.9826857551558827
22.93 0.040046030172744634 -0.008221747638685821 0.11807108338043021 -0.01125552520984436 0.18501008365685953 -1.647218904052666e-05 0.9826721639622237
23.03 0.03857669971653196 -0.010246687933229297 0.11949107234678048 -0.01152427513066843 0.18503841170909857 0.00017838812222707734 0.9826636990611614
23.13 0.04105417423881182 -0.006565864416397057 0.12100787381372335 -0.011338997240287975 0.1851439975628558 0.00010225722283899511 0.9826459773751127
23.23 0.038109244480130276 -0.009154481896996577 0.12288534384712989 -0.0111688697098392 0.18498879199121812 0.00014616526387109714 0.9826771503514012
23.33 0.038721376219806765 -0.00887078961488241 0.12164574083402548 -0.011388429780458528 0.18541774554132814 0.00017811460038306084 0.9825937774994793
23.43 0.039609995404437465 -0.004819016294587579 0.1222490621582578 -0.011172627326939532 0.18531857946111782 2.457462037943303e-05 0.9826149784636986
23.53 0.03477909977702687 -0.004642466621257849 0.12367806037649298 -0.0115161214496456 0.18503490821904175 4.620872524140616e-05 0.9826644694665019
23.63 0.03540249616273331 -0.007933923400564074 0.12465542157651445 -0.011564040165201045 0.18519201132991148 9.898483919394663e-05 0.9826343074189101
23.73 0.03602179141084947 -0.008034452986203863 0.12843236771176392 -0.011565236076546586 0.1855195603030395 4.03514140526927e-05 0.9825725095031023
23.83 0.03549577979887634 -0.007112677796654591 0.12737730582289802 -0.011201075929100213 0.18536877486048675 0.0001536482680912447 0.9826051748270831
23.93 0.03619322136457842 -0.013321374985994838 0.12449473409137007 -0.011516560920145531 0.1853610641008881 0.0001982406404581465 0.9826029744716875
24.03 0.0329158591264868 -0.014187853038956312 0.1251505467676495 -0.011868683453985103 0.18593017538300322 0.00023688618858090174 0.9824912458236198
24.13 0.037462546031903424 -0.014746993717052272 0.12506808173728975 -0.01126212791869225 0.18658786020919657 0.0003095333125052944 0.9823736758924401
24.23 0.03656411785110888 -0.01828108404188635 0.12241775903121213 -0.011688285733831653 0.18646177951646425 0.00033794957862233287 0.982392627489763
24.33 0.03919112680090822 -0.014788521538489627 0.12685325467319433 -0.011721731656801185 0.18593001610580162 0.00016981872280548102 0.9824930540616884
24.43 0.039015481786311805 -0.01548262592123094 0.12077049947887367 -0.012353410196598002 0.18689718259675828 -0.00016752898806716217 0.9823017908606024
24.53 0.03768062855022942 -0.016757605714836088 0.12292141832513477 -0.01182692718998816 0.18523250175865147 0.0010823751942025425 0.9826229554358136
24.63 0.03306591954277003 -0.01316955936114799 0.13486880715696303 -0.014445263601725001 0.19173154544174087 0.0015263138984192733 0.9813399101269049
24.73 0.027695215083539802 -0.009650435464759355 0.1621406259837327 -0.01628060311791361 0.1950408508282186 0.001560869033767033 0.9806587439870105
24.83 0.027358813815365597 -0.002134864517378942 0.21280702917762703 -0.02092842042754917 0.18617895126282488 -0.0029325624212659003 0.9822885520063479
24.93 0.033377633665174836 0.006988440539651253 0.2668649267911501 -0.026730671979331558 0.19512624287411004 -0.011689938340498108 0.9803441058419041
25.03 0.04658712901127997 0.022854045631354184 0.3385081529428587 -0.0378397138420796 0.2090225842626538 -0.0249111552632246 0.9768608650508848
25.13 0.06803720270979798 0.04854310742695399 0.42852155343206316 -0.04207269881924372 0.2152789961200702 -0.04719132319221559 0.9745038844760795
25.23 0.10857406587923438 0.08829339338376538 0.527984316598957 -0.031766110880574044 0.21795766425737378 -0.07068047186141556 0.9728769920644853
25.33 0.1447151985028004 0.11890999959479404 0.6182411912384462 -0.011483545937319935 0.2036282293396099 -0.08743457575462851 0.975068647507102
25.43 0.2053259139563118 0.1428244341414645 0.6894046152437331 -0.000518150874354188 0.19985637796504727 -0.1034862271012547 0.9743447852309322
25.53 0.28703793143104445 0.15674079254749218 0.7264699549981766 0.021349585396774687 0.21586368902513217 -0.11607177203721206 0.969264879534995
25.63 0.3795121325039937 0.16464983932982374 0.7389091934722449 0.04068426644282109 0.2382152790212709 -0.12947428984596343 0.9616832532459486
25.73 0.49125625521204835 0.16347451249708575 0.7451555169026585 0.06078382493629708 0.2536379350051871 -0.1351400767354892 0.9558819405200333
25.83 0.6158424371349018 0.1649264602018583 0.7469583456101266 0.06481009722980267 0.2649476525199102 -0.1424941453634895 0.9514713927693156
25.93 0.7461584741206277 0.1512666872873347 0.7634348638168196 0.06558607119387293 0.26783964827769424 -0.14580217066788054 0.9501063714681465
26.03 0.8815879567474119 0.1272722116094597 0.7988687369487558 0.07660723239987856 0.27079595371673637 -0.14513906716990282 0.9485439022922053
26.13 1.0259974862731904 0.08774383862751198 0.8322410556049182 0.08298793259882525 0.25578161713140857 -0.1511737427706441 0.9512282937745963
26.23 1.1729009524405103 0.024581714577083483 0.8553178975860345 0.08460879264300396 0.23693849476442966 -0.1739138865817086 0.9520795460255955
26.33 1.3301718899142403 -0.06043630775974597 0.8857784860987333 0.08136070604617811 0.2308526917255177 -0.21294405877160807 0.9459081869127809
26.43 1.469001133104911 -0.16026195729428208 0.9135516611899681 0.081980491699255 0.23928711919181078 -0.24640942576199223 0.9355764364632523
26.53 1.6210240380592955 -0.2658892922679825 0.9315646995045502 0.09014882998543829 0.24504666578793674 -0.27001879753029634 0.9267767633139951
26.63 1.765593693444809 -0.3772944651365438 0.9636106166981858 0.09231161865689738 0.22767842872231256 -0.2912492762780341 0.9245620353567433
26.73 1.9243974641285477 -0.4847004749122835 0.995425782527817 0.08704408808065307 0.19932322965019703 -0.2902866209308203 0.9318944438940436
26.83 2.069929092716931 -0.5784427017864692 1.0327765888390723 0.07125317291948156 0.15645056998908077 -0.2826943053321268 0.9436790419585382
26.93 2.225468604103335 -0.6796570645626446 1.0576546342489042 0.07692056566090325 0.16459256129889996 -0.27588335063490593 0.943864869664049
27.03 2.3763414107532252 -0.7780779179400221 1.0719270731534372 0.08399550325312063 0.16351605139268607 -0.2703612391526482 0.945046060641514
27.13 2.531650844114677 -0.8865508918730512 1.087645639730151 0.06872799263262157 0.14312411824918014 -0.28292545727140817 0.9459096867205926
27.23 2.6815258868804 -1.0089801812499894 1.094892423682984 0.06235317842439662 0.1505466848470055 -0.3144830995084403 0.9351727952338629
27.33 2.8276666150691154 -1.1392959818376458 1.102770352783544 0.07869689222492258 0.18067468841907242 -0.33511320866339245 0.9213373939541017
27.43 2.977513591250046 -1.2738985287479065 1.0929444765362588 0.0992285019121117 0.21937720565907454 -0.3529267152660742 0.9041405198844886
27.53 3.114628824330512 -1.399736268035749 1.0954634131672474 0.10816774556018013 0.22095071890003629 -0.3736313245691544 0.8943601913874993
27.63 3.24719998863254 -1.5199589527842665 1.1081756635155442 0.10522683048099617 0.20186408121666086 -0.38348551873691156 0.8950514308019172
27.73 3.3847874860218106 -1.6312135676759614 1.1312213700989924 0.10636123797467989 0.19295973065152644 -0.3880630141414907 0.894908334109592
27.83 3.511917501085258 -1.7380025813406783 1.1445645029017661 0.11838170663513557 0.22922558089723294 -0.38499080572092104 0.8861283677362074
27.93 3.654391528859509 -1.8469644866957273 1.145983224251326 0.11940057966968405 0.22717538789669908 -0.378426118008488 0.8893416204797535
28.03 3.8012006330946777 -1.958667004211645 1.1466031389366544 0.11976084380993908 0.2171111079770643 -0.3803339565462296 0.8909916882781757
28.13 3.9420662349343765 -2.091136798675219 1.1536918120614115 0.119946533572627 0.2102997825662891 -0.3986183573448196 0.8845847815354952
28.23 4.068140891831028 -2.221432026983985 1.1627053947617467 0.13251126992801332 0.21799461310433324 -0.41480279687815164 0.8734172838349493
28.33 4.1887522285401735 -2.3500691657086605 1.173047733237144 0.14661328710142996 0.2230266632872314 -0.42991547792012313 0.8625174394486117
28.43 4.310406075425617 -2.485018619083074 1.17395612281199 0.16040070011922622 0.22023922980129212 -0.44435947853301944 0.8534113608897286
28.53 4.436032066620541 -2.6184266148682607 1.181081782845701 0.15487502412925255 0.19902327848324528 -0.44500287654673243 0.8592880200421033
28.63 4.581585400445283 -2.7356091237235107 1.19567610292964 0.1401811663667157 0.15801177602032535 -0.4168262442659217 0.8841025966063758
28.73 4.72940316293132 -2.874930913182226 1.1971501238070879 0.13236479974253954 0.1614586711752201 -0.38318999494266404 0.8997644608825639
28.83 4.897702253350495 -3.022524813834626 1.1974021514065292 0.12943622360175155 0.17967189974778758 -0.35499881142022316 0.9082621407671726
28.93 5.053708087536634 -3.1841050282295806 1.2108091600441464 0.12873012478742335 0.18222090262565221 -0.34171825546306006 0.912936323903146
29.03 5.196359570249292 -3.369592436703976 1.2166916701453268 0.1447143169680587 0.19473980169204777 -0.3616095148074076 0.9002070511288842
29.13 5.304250000458891 -3.5625823166303543 1.2325218002286156 0.12800185970062286 0.17392127784160313 -0.422575018005431 0.8802256910502192
29.23 5.392372786432353 -3.754942110661754 1.2550663802835627 0.13215668020519622 0.18530830315309807 -0.47132400174396816 0.8520851659545029
29.33 5.4789392790599765 -3.9339076051876845 1.284888146014256 0.14182222211199857 0.21730645871437784 -0.49792507626150073 0.8274871471788611
29.43 5.584407250413661 -4.0989613279971895 1.318301788146136 0.15008686709139243 0.23074988264499327 -0.5078703365123763 0.8162696523066495
29.53 5.698727935950117 -4.267825541162822 1.3484453735467246 0.14157753616863614 0.225035570718798 -0.5032605822595627 0.8222186932364463
29.63 5.834296087029597 -4.408847596498409 1.3795479335049075 0.12116197610438265 0.2127754768409129 -0.4814443987734068 0.8415804553881441
29.73 5.977939957533004 -4.554641996284809 1.3899789037155927 0.12096729281376802 0.22198800914686306 -0.4569487743649872 0.8528106797353421
29.83 6.115778421923342 -4.710063483578754 1.3875292459750066 0.11624142590381976 0.21436555604230487 -0.4426982048015905 0.8628752162114575
29.93 6.242370051194934 -4.873938062204536 1.3960468159278032 0.10188517510465284 0.19858386712456233 -0.4535503524687088 0.8628301898909534
30.03 6.364450274251577 -5.040119861465928 1.3986850447350432 0.0966862216129876 0.19208742993894 -0.46159373971235046 0.8606308228665901
30.13 6.486733192384338 -5.201410177375882 1.398728838814313 0.10169515071718549 0.2142873078693851 -0.4602955313091737 0.8554922967879405
30.23 6.6118609929170615 -5.3557805412114945 1.4084689716437002 0.10638761896759893 0.21006139700165902 -0.4533789021043803 0.8596531016327127
30.33 6.752320904790755 -5.505257991772026 1.42505995496996 0.0891039477066536 0.19644366280422748 -0.43096267797726034 0.8762086190159379
30.43 6.903179679420518 -5.620767817878008 1.4422163865294437 0.06916468693125408 0.17501711495288905 -0.3964519874299739 0.8985605584589681
30.53 7.056356225086886 -5.732193923697901 1.453230429880015 0.07652112463276763 0.19780790024695774 -0.3679698180922234 0.9053257784123913
30.63 7.2149391366556905 -5.8372570465635105 1.4536774059255446 0.07427941010707664 0.20332956403828834 -0.34539743053594446 0.9131485490331308
30.73 7.369230608070301 -5.946310224674652 1.4529978633756946 0.06134624421288706 0.19530818137597192 -0.3363598801335075 0.9192134592384709
30.83 7.511900852732735 -6.054659804007736 1.461451792315491 0.07008199675373541 0.21165190635627584 -0.3397301489507987 0.9137151690546851
30.93 7.664860011054488 -6.173108424446381 1.4677073630738573 0.07935204681133916 0.21637424102411934 -0.3416440070988377 0.911133806255446
31.03 7.816918069946802 -6.281404084206441 1.4777480787044266 0.07973812295215195 0.2200038251396626 -0.3403243424461028 0.9107247062700188
31.13 7.981933912330885 -6.381537852002499 1.4974348810332878 0.07040781770927743 0.22349269188867732 -0.3254680253173798 0.9160591249334158
31.23 8.152210626702944 -6.459081203871781 1.5229249340292685 0.05558504253925867 0.1972701828312557 -0.2968379270852924 0.9326746608841362
31.33 8.326215626144576 -6.525958574136021 1.5451698759636667 0.056984846281863726 0.20779840005215525 -0.2652640712386507 0.9397912133766163
31.43 8.49610653232636 -6.58656175976816 1.5589213887308522 0.05760659100917664 0.22384920911822806 -0.240354253358994 0.9427634088898901
31.53 8.66881450284182 -6.650045577020722 1.5579995231300916 0.043751628866542845 0.2089773331805291 -0.22347431394143633 0.9510381171102885
31.63 8.83398536975892 -6.729111593401676 1.5712529667511683 0.041696519126163865 0.2016264582638884 -0.23319242078035196 0.9503838521941127
31.73 8.991726541331484 -6.81347165319432 1.5834295804763636 0.05023196900041158 0.20200649455741873 -0.24953219716058841 0.9457292466806632
31.83 9.157651790612602 -6.900170245610434 1.5902371159593145 0.06261637764497853 0.22255895483616753 -0.2648050659734744 0.9361757195674529
31.93 9.327390181813863 -6.978141673313237 1.5947037722136692 0.061869925932940384 0.2300124038653897 -0.27086087803706743 0.932684722230458
32.03 9.50333876955128 -7.042562551279801 1.5943202903498193 0.05281434019576615 0.23094629792269175 -0.2553992447253311 0.9373610183591057
32.13 9.682636391360669 -7.085915007682283 1.6053921458450786 0.04497262798231821 0.22283805037969967 -0.224762034639283 0.9475245082952464
32.23 9.865689979713755 -7.115311046763573 1.614883914382722 0.04488844948665343 0.2266435374339052 -0.18711927060611608 0.954779614680773
32.33 10.05619234546096 -7.134511589234607 1.6127934184284323 0.04885936038605928 0.24993966782574015 -0.1558505069455743 0.9543864756138529
32.43 10.237112792283808 -7.169175634056349 1.6187745015558113 0.04330197648707606 0.2470462887674406 -0.13658712532873776 0.9583512024477139
32.53 10.429791326932113 -7.20267670314745 1.6386349915503062 0.03950485124784718 0.2463006537205827 -0.14467435478205976 0.9575200706894316
32.63 10.60673821709551 -7.251712678485071 1.650634442495959 0.042139601555788046 0.24934340698438753 -0.1600476711194581 0.9541681520273958
32.73 10.780821548750419 -7.297524738863949 1.675855925984069 0.04321828384976702 0.2546578373859184 -0.1697892812353726 0.9510274264060862
32.83 10.971233664254042 -7.34233835386756 1.69803888739577 0.038337271086454086 0.26155132065038816 -0.17847397268311485 0.9477701205389355
32.93 11.170477065632548 -7.38428310968254 1.7168596976174801 0.03585460003502509 0.2634363073965846 -0.16991495896371636 0.9489176288392683
33.03 11.368993565972788 -7.416331033395633 1.7393849072013081 0.03189618548511792 0.22675296620426594 -0.14184357792355645 0.9630400433371968
33.13 11.57782210873871 -7.436757169493123 1.753908115091246 0.029536038969692188 0.22948522258576642 -0.1160512674673394 0.9659173144405094
33.23 11.782266637219935 -7.460681648775306 1.7690955586141357 0.030079200510589797 0.24554508710336825 -0.09363220841592486 0.9643836692122073
33.33 11.992546871770308 -7.497873062395669 1.7918667444610537 0.032988133711077 0.24599178081169717 -0.09597692490078598 0.9639441149226126
33.43 12.195627272358545 -7.56072461309957 1.811480975008034 0.03448663946836667 0.2138967639995695 -0.13401322553142817 0.967005326475172
33.53 12.391395097499629 -7.636496019914512 1.8275028715856616 0.034271043184845716 0.208316740159185 -0.18027151908665176 0.9606934010258756
33.63 12.599909191373577 -7.703766694407042 1.8437612777438204 0.029085415935234747 0.23247853780897065 -0.21042449984155 0.9491202757841132
33.73 12.808537661661289 -7.751893065674327 1.8708171208083701 0.024051206679842167 0.2406163899421955 -0.21578733005052025 0.9460238477639433
33.83 13.019402697052309 -7.7796261776274775 1.892096295600085 0.02000758613034982 0.2015296405104457 -0.1863356081779295 0.9613867804468336
33.93 13.22106500186311 -7.791462395853532 1.9150765471875837 0.017998538824411246 0.20991629551424312 -0.15595338957857238 0.9650335443686491
34.03 13.431086052932248 -7.807983250490888 1.9345682192448463 0.030562534974677445 0.2372786006711752 -0.12717532304898294 0.9625960909575925
34.13 13.629414229411134 -7.8261051648315005 1.9716434243957337 0.03655847406206848 0.24232868181648984 -0.11513076833268997 0.9626448951334339
34.23 13.828349324574274 -7.8676876437842465 1.996784271391497 0.027712601113683802 0.21581393686679357 -0.13301644411707203 0.9669348385429183
34.33 14.026647664289063 -7.916784116745663 2.0186191063350143 0.03631830148613816 0.21427493692805735 -0.1485523865928745 0.9647276407459259
34.43 14.225213452956021 -7.96469087955352 2.0327645689135334 0.04268108352915583 0.24298305463481376 -0.16772760790412883 0.9544658243310082
34.53 14.417716338171669 -7.997059695432666 2.060375101966158 0.041687388804512206 0.24233663791585716 -0.16790462397015285 0.9546429451830365
34.63 14.60356451214175 -8.01418141140485 2.103644075993292 0.03882426697655085 0.22723956378994048 -0.1490475533276567 0.961581865360059
34.73 14.780315451069882 -8.020392252453387 2.1431744959452934 0.04074586309497579 0.22483393322230255 -0.1262185329392498 0.9653281095332811
34.83 14.964670218447617 -8.023454384414778 2.157749915598109 0.038312927709602936 0.22293568918650036 -0.1018270305223571 0.9687430278005917
34.93 15.143382487048198 -8.034291603117943 2.160806200431838 0.032955368253559686 0.21069160857000238 -0.08854926044812655 0.9729758569746463
35.03 15.319894247331485 -8.05276289301797 2.175419065377883 0.02963143023465858 0.21095902313458237 -0.09876807385563897 0.9720407072171404
35.13 15.494906424919755 -8.083224797577321 2.1851146895458338 0.041013389925123996 0.23148483830999145 -0.11624980872933824 0.9649967116264383
35.23 15.676293931623096 -8.11220659204151 2.195266191355206 0.045104672275308844 0.25376591919968217 -0.13642338822095407 0.9565338916828782
35.33 15.85408722262383 -8.140370344827453 2.2007156326547195 0.04571289836426543 0.23464801839715282 -0.1544639455550841 0.9586404581014635
35.43 16.026726136966428 -8.164717529652975 2.208151997161558 0.04280403743594201 0.22539361436168098 -0.16138762141765078 0.9598539308860038
35.53 16.201068197502522 -8.18622157904697 2.2212608786019636 0.04243197981287264 0.24036672558457914 -0.15886406241168072 0.9566533196487458
35.63 16.3678646766675 -8.205575982253686 2.2345408732143537 0.04149839045692944 0.26428079860065506 -0.15212676964952296 0.95146780767217
35.73 16.53750103208253 -8.224241248459627 2.244410528226271 0.044264069941747884 0.27988556749168764 -0.1425007784833432 0.9483661156714159
35.83 16.70913717186457 -8.25190210194963 2.2571468639680425 0.046340916459715165 0.25852530684434977 -0.14386808965036915 0.9541064709785076
35.93 16.875167658484752 -8.30249859213687 2.286169349366369 0.05046580533478691 0.2378900925428052 -0.16369758256055986 0.9560672611410327
36.03 17.049187459369758 -8.360590815156955 2.3078042781369903 0.051749398826098046 0.24419112765713147 -0.18584766850787401 0.9503437993720291
36.13 17.2144072918219 -8.424227827891723 2.3292919684444278 0.04791005778726395 0.2506268159416045 -0.19572979055450335 0.9468794403636001
36.23 17.388339116368744 -8.482288527519458 2.353409195836014 0.032747424449089374 0.2451476586091449 -0.1970198952126117 0.9486903565235694
36.33 17.56346160711492 -8.523663878130069 2.384458768973421 0.02134052338982297 0.2344870300586312 -0.17420524323090214 0.9561448363227161
36.43 17.73228426700391 -8.55428963328388 2.410331825438756 0.012931997595456083 0.21642044950490094 -0.1423301629410188 0.9657831419068521
36.53 17.90379950264969 -8.569640720477382 2.43248913003928 0.006749847044540236 0.23424213831645962 -0.1146998670990145 0.965364698282093
36.63 18.0683390633816 -8.573028201245913 2.4514172979169806 -0.0024307583016481187 0.22850931920260995 -0.08274856500973421 0.9700155964934113
36.73 18.228894214562512 -8.574954031347353 2.4733076355839128 -0.005057498490008016 0.22503393950446762 -0.05839162657035596 0.9725865337987112
36.83 18.39365510693505 -8.575582172764134 2.488804979987254 -0.0037028053411497716 0.22456181715899748 -0.03565721939125565 0.9738002065167878
36.93 18.556379990349296 -8.562712917082509 2.5007890637321486 -0.009003618867288708 0.23298070563450804 -0.016394001421617416 0.9723014770978842
37.03 18.724160196368377 -8.535545603041628 2.502887600809697 -0.011712904142600193 0.22745957437717143 0.0036117109180296625 0.9737103806804911
37.13 18.882667473883508 -8.495157536655675 2.4955100918407243 -0.02392910714276623 0.2136787200953677 0.03935888934806753 0.9758174420653908
37.23 19.03054109863835 -8.44545419094667 2.4930405352059197 -0.027946589251598854 0.20693747705841317 0.08553665445140093 0.974207036252132
37.33 19.18799259050785 -8.382547699158025 2.487313255121947 -0.03676144005653627 0.24159625423175943 0.1182459235737523 0.9624436336868477
37.43 19.345767263738043 -8.300097309066299 2.470844672435015 -0.04793630597844441 0.2468785974621967 0.14939697115319392 0.9562602227921495
37.53 19.509041707429493 -8.227978596143982 2.4481613137650338 -0.055755955587109336 0.23557852217728742 0.17262789920379776 0.9547741312592298
37.63 19.676616413483625 -8.143733219563233 2.432145969374849 -0.06480825682155586 0.23495022697993906 0.17022162912699523 0.9547894415352415
37.73 19.852360187676865 -8.068306326814996 2.40677449185192 -0.06398922525797716 0.24547595389931084 0.1637324484492208 0.9533302787769464
37.83 20.030350858173218 -7.996233722713014 2.3695988249404123 -0.0681201558223103 0.2800903844037959 0.16049032919382392 0.9440084084215224
37.93 20.201830505563315 -7.912123127819343 2.3467393373626098 -0.07440518048191479 0.2892339981307052 0.16181453515486077 0.9405443209415478
38.03 20.36486890517936 -7.826029880722731 2.3630713033827533 -0.07536396166224879 0.27474484411389294 0.17192671867991707 0.9430147121436444
38.13 20.510434826681937 -7.737583787166275 2.3932959045417066 -0.07584129537403947 0.26130948319344555 0.19457321858430285 0.9423941396883299
38.23 20.660342229976287 -7.617715056426955 2.422506601006958 -0.0843323114058423 0.27114053111195896 0.22248082641441175 0.9326699070513819
38.33 20.803868123820287 -7.492082343197053 2.4745582081445043 -0.08420609360850678 0.274995094985183 0.25150141153734284 0.924139638543878
38.43 20.955999000445132 -7.367460921599875 2.5356981757859476 -0.08700774711688021 0.26661001343616414 0.27182140376409913 0.920576926244042
38.53 21.11204709527779 -7.2382932455472115 2.585877514072715 -0.08633551120284305 0.24439537046009335 0.27924641474712397 0.9245747791573674
38.63 21.262716315970493 -7.115778771226638 2.627511034991316 -0.08281136498065846 0.22633233720636345 0.29122426942775725 0.9257993172718451
38.73 21.415904480629315 -6.994456316438905 2.6736838195570525 -0.0852160327610046 0.22424511081913434 0.2933955144892587 0.9254033877784178
38.83 21.564501079265842 -6.858717124635569 2.7085823624364913 -0.08698597743581184 0.21454301421658736 0.2947214525388251 0.9271159583319677
38.93 21.70289482290675 -6.7171634011846 2.7328846571776166 -0.08534140075171677 0.20968584007707303 0.31281058835939884 0.9224414504992466
39.03 21.821006519288645 -6.557564971915687 2.737624313571734 -0.09093024899065295 0.20479447145019483 0.34226067888010553 0.9124957764145885
39.13 21.937550427847633 -6.383972737442239 2.7315972325682707 -0.10438246800089777 0.22790825842023257 0.37192242435669176 0.8937761668217267
39.23 22.037284542404976 -6.223260864457135 2.7358844315519324 -0.10521728241507212 0.22552750510041206 0.39908437728543295 0.8824955114509473
39.33 22.150937258692846 -6.056058617703617 2.737104293186739 -0.0971511452429388 0.21397914045109936 0.40672525974218426 0.8828075359428276
39.43 22.265568418584106 -5.896851041050884 2.737109627923325 -0.09244132080992153 0.20941740770180706 0.40479188600783755 0.8852923136346493
39.53 22.378261463430654 -5.733754880547192 2.7345143253292754 -0.10468535826134169 0.22880018763715645 0.3915702016364907 0.8850786558793827
39.63 22.48725029987965 -5.568527058482783 2.736574727334799 -0.1115588834454919 0.22991331843633186 0.3869117670224311 0.8859987393160158
39.73 22.594160010263167 -5.3953921768861015 2.738631051688394 -0.11244848889181458 0.22758238722297008 0.39323110873683453 0.8837029418834371
39.83 22.683807687270974 -5.222881867038733 2.7460132628715215 -0.11589007099036919 0.23985390871877518 0.4096398399351672 0.8724877050457864
39.93 22.756882608566524 -5.049943752832479 2.75673887782304 -0.12328013215805296 0.2355188199318487 0.4304687987702425 0.8625714508133845
40.03 22.82653649477272 -4.873816222331135 2.756940816323912 -0.1223429966702538 0.23630019815571912 0.44880363600749945 0.8530941939925262
40.13 22.906008526599628 -4.688594546640275 2.759945002460098 -0.1047307027434201 0.2301023892549729 0.45780372996298707 0.8523497610687757
40.23 23.003405628948023 -4.528933045203794 2.757898940051426 -0.08277203110232384 0.2058808311693828 0.44624538696839094 0.8669642027405926
40.33 23.103524995974706 -4.375499960080199 2.7541721447869167 -0.0768088509507846 0.20052420692028547 0.4333444427641402 0.8752731212484749
40.43 23.20776134974735 -4.218585252436134 2.745823115119809 -0.0884168662343307 0.2202619523196522 0.4281954958862837 0.87196086347286
40.53 23.321869468670688 -4.059074157288201 2.736168204940477 -0.0748107219750632 0.2326400506586044 0.4232215944031962 0.8724479610486511
40.63 23.427704506935903 -3.8965297015148206 2.7381074627499795 -0.06271407665806508 0.2198628394229723 0.43168092629945193 0.8725702575145693
40.73 23.53342711889531 -3.742198972528752 2.735551822404389 -0.06805946735097086 0.21552156697209202 0.4407522518670606 0.868709281375485
40.83 23.625639246903866 -3.5806003806112527 2.7252708163914634 -0.09825511918819463 0.23683362923681345 0.4496913780972437 0.8555895207871792
40.93 23.72533007648049 -3.414801894385403 2.7165153726532774 -0.10060943008729904 0.23555587058015623 0.46406164401913697 0.8479610633531409
41.03 23.83384254865835 -3.2764486701363915 2.7056470024820145 -0.07845226406058527 0.21473931566376028 0.46530009781313303 0.8551187564000202
41.13 23.95537012808897 -3.13916525583592 2.7045343695951782 -0.08218537967771981 0.2226374011210605 0.4442847461683818 0.8638803246465251
41.23 24.084698993861895 -3.00658687375447 2.71385884118119 -0.07654705370679972 0.223720213625401 0.42029513749282554 0.8760375631125074
41.33 24.22071961264928 -2.868279363672032 2.7034288641147106 -0.07685545266829268 0.24140794425029458 0.39920368410509477 0.8811650597050013
41.43 24.342620824397617 -2.714975885256598 2.7009843676536067 -0.07519916134111272 0.2190953354382597 0.39867013519612804 0.887358125801241
41.53 24.451054631246087 -2.552650429637679 2.6970812754922884 -0.07312595431421538 0.20306017089639292 0.42473496244687525 0.879215203164967
41.63 24.558647166292303 -2.3842814601329043 2.690239544364214 -0.06972969071999031 0.20423976068236552 0.44644757239201655 0.8683941820934659
41.73 24.666815355236082 -2.21935887551231 2.6823447591663583 -0.08525717853399732 0.24077222966193776 0.456040486792245 0.8525180475147336
41.83 24.773126312097617 -2.057300889824545 2.689743092540712 -0.08573798660537595 0.23211374349246675 0.4644812683396831 0.8503113306879598
41.93 24.905597378755814 -1.9008678309034694 2.6992091223833357 -0.06354417166578909 0.21063610735326183 0.4460016963830268 0.8675696256496283
42.03 25.045210735352164 -1.7558472868404595 2.699840989687966 -0.05311829209101334 0.19101899645756462 0.4164715802808671 0.8872663708582873
42.13 25.185134401807527 -1.6153898317703772 2.6872193084943468 -0.06958216797681616 0.21323963043434055 0.3848190405449816 0.8953220023801002
42.23 25.32243855835412 -1.4642383869334568 2.69279137668905 -0.0762403268079424 0.22671941562894568 0.365762437680242 0.8994462509384842
42.33 25.43876658185735 -1.2977924913430534 2.7019542125328977 -0.07348796098849755 0.2129905241116356 0.381245489671708 0.8965971407680171
42.43 25.528106995887132 -1.134947197439605 2.716436571934358 -0.07174467176248328 0.20559624840320626 0.4127897369593463 0.8844136576157418
42.53 25.619452898931304 -0.9696591671127244 2.724810613212892 -0.08241015549107662 0.2205837991206748 0.4361519013907897 0.8685176294990362
42.63 25.70551739272879 -0.8038614942678914 2.7298733088470315 -0.0835816546075739 0.20836648959875692 0.4541373472101414 0.86218140950399
42.73 25.804010386927114 -0.6432737160118428 2.7262386112742174 -0.08225235058155174 0.19502469405215853 0.44863911648764004 0.8682873157491483
42.83 25.905403434194707 -0.4903270319830248 2.7289859810997927 -0.07406641481520104 0.1952917485584918 0.42721880576099125 0.8796927822515892
42.93 26.02274742660867 -0.3440637275659711 2.7246295220889105 -0.08587825587613974 0.2362679168539093 0.40154469799392023 0.880661258456484
43.03 26.12947697486564 -0.18979250363868022 2.715613471477701 -0.08741887947869273 0.23857887716169085 0.3845480715752157 0.8874462459950683
43.13 26.223116304454646 -0.027392835476970457 2.7072143559373365 -0.07781686973606665 0.2170987699114158 0.3900983126295123 0.8914235611487042
43.23 26.302996421756223 0.12928397297744842 2.7058585329349034 -0.07192855846172068 0.20496015423244024 0.4098114540860315 0.8859301269030903
43.33 26.372305448383692 0.29618345264008133 2.698777437044912 -0.08739741902004422 0.23200391163445797 0.4206574667967999 0.8726873276053942
43.43 26.43993117674987 0.4688591634880501 2.697449391015571 -0.09345295285131401 0.23934220924749636 0.4399731171759701 0.8604681915320043
43.53 26.51732216220734 0.6381654183243065 2.6812191836896746 -0.0932352443753557 0.22405598323624232 0.454349740501294 0.8571303394984423
43.63 26.606645220229307 0.8054788451307575 2.6731546786017675 -0.08310983865427037 0.2096120466246174 0.4458824079067494 0.8662242336416015
43.73 26.714198071442294 0.9641938626170957 2.6660388875753456 -0.09492818054794283 0.22900624731030084 0.42768064651015225 0.8692721345075827
43.83 26.81059480990224 1.1249290577070847 2.6702319652457676 -0.10591314215394852 0.24640254573727935 0.42214031138923674 0.8659478906224459
43.93 26.903406955973338 1.2829048115669641 2.6590425466680934 -0.08416949124192949 0.23069876227250777 0.42595744666798463 0.8707777164455339
44.03 26.993799036194158 1.4556423305065007 2.649225432770876 -0.0747689329259154 0.2123763808211239 0.4447684546057478 0.8668834416033424
44.13 27.07741797601053 1.6265350875340665 2.6368045323111002 -0.07759856945139172 0.2133470992941637 0.4639968494586243 0.8562525333885644
44.23 27.149290113817763 1.7953899046355144 2.636367235093486 -0.08811429853198197 0.23056898515432603 0.47945204983787026 0.8421398609407974
44.33 27.22816722153935 1.9661776000481745 2.6391976999367195 -0.09061866414258996 0.2429362774562027 0.48972171899857553 0.8324318955601209
44.43 27.313049208088266 2.1358214221238527 2.638100699958578 -0.07986825499607769 0.23463477381247022 0.48454674882453974 0.8389171788474838
44.53 27.418121135315133 2.29119943225179 2.648305033671666 -0.06299097606801535 0.23593019958044883 0.45500447393920157 0.8563527348909671
44.63 27.53353586701438 2.439597284496237 2.657683527723559 -0.05173992485668609 0.24729564707924523 0.4118156711860902 0.87554308636242
44.73 27.65767936193216 2.5748602542760644 2.667306791946897 -0.035989588371454016 0.24631327378692985 0.370609174935235 0.8948091193875054
44.83 27.800443553598644 2.707788810211368 2.6688916437616923 -0.021811365807824973 0.24016760284061267 0.33745465482073006 0.9099275481087562
44.93 27.932520386963983 2.8487416313519365 2.6576063494326077 -0.004838808505774019 0.2366406079165457 0.31839463780810306 0.9179339100568074
45.03 28.079739064411402 2.990528402106112 2.648345862670319 -0.0010759772761640921 0.24220420261630027 0.2956579817233756 0.9240791764514356
45.13 28.21500338675687 3.1136298220732463 2.6470142860087513 -0.008275601204299588 0.2555938549068522 0.2848143872687767 0.9238420106074813
45.23 28.375203743948106 3.229089085133706 2.6503128002608265 -0.006335545501788874 0.2631832149616739 0.2719519227133023 0.9256006741344619
45.33 28.550791019901293 3.323044137175256 2.6551830058098624 0.0074829409561146375 0.2588161670069637 0.23342472126953157 0.9372678895549085
45.43 28.736992925612487 3.3811648609401503 2.6799267515240452 0.025669253007428804 0.22009072765234475 0.16660457309216262 0.9608038703483038
45.53 28.92982355838311 3.4235282125646638 2.6999881780703174 0.03086685708766429 0.207142304060616 0.1081977521406183 0.9718191958557447
45.63 29.133011549174032 3.4544347073038204 2.705572833523749 0.02700235638717474 0.2172941128638735 0.06422907701294515 0.9736163345642406
45.73 29.325662321534153 3.489443976439792 2.724750473332097 0.03758119369347535 0.21791187636202464 0.052090925202166245 0.9738524547037594
45.83 29.51001125703618 3.522919802935224 2.741440999931938 0.050056158738954006 0.20774908694326513 0.0506351243751246 0.9755874035810713
45.93 29.692004517217885 3.56036412111381 2.7562821832960878 0.04378588968784853 0.223598834291215 0.05155059027499975 0.9723316789090811
46.03 29.867168479557517 3.5913221658026093 2.7745359837222576 0.04491811519493778 0.22793552756238555 0.05994094044513118 0.9707908332183326
46.13 30.05205765427562 3.60356152709188 2.780442177194504 0.04812792516067096 0.21438471132543532 0.05375156863203818 0.9740809346451833
46.23 30.239334752749762 3.606642468505546 2.785643759063333 0.04610043151870232 0.20652171270547326 0.022165950769053488 0.977103987823963
46.33 30.430701933758424 3.591721504364664 2.787667911343846 0.04872156040302524 0.22075337078233778 -0.01564291178729827 0.9739863747255116
46.43 30.620867123168942 3.571733063206763 2.7856659612888177 0.061633877258440994 0.24000357447331686 -0.04529613058089514 0.9677540028171008
46.53 30.80886187982016 3.5637765498437144 2.783932720002227 0.056058932142555466 0.2273611859698802 -0.06415155759566595 0.9700767314493508
46.63 30.992229108421988 3.567334689028274 2.7810059440142525 0.04161642263450505 0.21607652407245184 -0.05609869012949866 0.9738747075869811
46.73 31.18138691212702 3.5846918809001096 2.796755987627698 0.03683043812391887 0.23591198026254648 -0.03640021690222648 0.9703937760546876
46.83 31.36359337521957 3.610839099916299 2.8035230425969235 0.03626978665158578 0.24866384507261113 -0.012071106052664675 0.9678352561921985
46.93 31.537382253168488 3.6384594645949497 2.81858577567309 0.029471429658199454 0.23281364245892813 0.005544046819136428 0.9720589006144512
47.03 31.723435402298108 3.647535232796285 2.8408532209686297 0.02520529361584143 0.2101586518339123 -0.0037106431137232327 0.9773352880975773
47.13 31.91021162224242 3.639288263326369 2.854916528386281 0.03073257168057634 0.20189169257364525 -0.02779840776547028 0.97853078747342
47.23 32.093459275400775 3.6325559436219645 2.868443052701566 0.04143120651799546 0.2368892711546746 -0.0596529046891537 0.9688180733762234
47.33 32.274777402224025 3.6334308467664864 2.8727070158369674 0.044070100837387716 0.2347060648250543 -0.08111125857905814 0.9676734227404622
47.43 32.45086900232307 3.6358645025346346 2.871619856411512 0.03861263004919535 0.2161028457508003 -0.07904170781838497 0.9723996263287245
47.53 32.63146849067697 3.6614535867601994 2.8829530954619624 0.04272322212603931 0.2350390428007636 -0.061689050569639664 0.9690850508032235
47.63 32.80515468847623 3.70293201083453 2.899314961763881 0.03596998821741133 0.25055083071907835 -0.040534862024351956 0.9665854158501905
47.73 32.97710752303012 3.740354989804292 2.9090171183576388 0.029298504280707655 0.24769362124392727 -0.02076325409276091 0.9681726885847703
47.83 33.15819259344571 3.768689406645116 2.912662565917652 0.027131613540216277 0.22229572551048243 -0.01937372985168383 0.9744091258594136
47.93 33.34397685056629 3.771466945302452 2.9254896866242763 0.02961920099493349 0.20100214724277599 -0.049521844538103654 0.9778897824651605
48.03 33.51702123432092 3.771557655244624 2.9289209100355844 0.038601230275726074 0.19989482374416806 -0.07595450006879943 0.9761059975129684
48.13 33.69977013804341 3.770402224417267 2.929299197922449 0.039275193895562964 0.24021549144767806 -0.09514328132132187 0.9652469802244545
48.23 33.874204786510816 3.7714136135614265 2.9318573824318266 0.043954536199516676 0.2194917167862309 -0.10278399506830212 0.9691887511560985
48.33 34.04822356732989 3.7780365581095867 2.9384005603182644 0.04904429627833349 0.21899938183339593 -0.0931866255422977 0.9700258659330653
48.43 34.22578566816115 3.787455812467068 2.956287909241649 0.049323028333185005 0.22955549342104323 -0.07962916303673825 0.9687779470602815
48.53 34.3962009955661 3.801329545802657 2.9764860738965466 0.048266991287802465 0.2426241652517238 -0.06698135228709313 0.9666009054587731
48.63 34.57215581174771 3.8072010900006434 2.982415405443345 0.04487758751572607 0.2402361375554189 -0.0536010885084667 0.9681939494036976
48.73 34.74701416913384 3.8053545720644033 2.9839641017013028 0.042275514956582556 0.21733751230515277 -0.04649715820993145 0.9740714557251762
48.83 34.918269230399105 3.7865193072160133 2.9783416109972114 0.044029508623048316 0.2084762154566276 -0.06207481565838954 0.9750619401967608
48.93 35.089156457615054 3.751846919799318 2.9835984913849254 0.050112389279145596 0.24017288162207232 -0.08703954728684676 0.9655205086284735
49.03 35.260267555599754 3.7105424952357984 2.992360197494466 0.06061537950793228 0.25340369236994603 -0.11871780228087962 0.9581327819681285
49.13 35.43348323802189 3.676145756856961 2.996277404259501 0.053472601417008686 0.23273154335437318 -0.13895140476409432 0.9610771127956769
49.23 35.60431365985866 3.6590571662911406 3.0073285910767757 0.03752598028866225 0.2106335479428693 -0.13441600694176573 0.9675523998017912
49.33 35.771978002385936 3.6526393533371384 3.0205069774520013 0.036187662613535974 0.21430543503949692 -0.1110182075520935 0.9697621312358103
49.43 35.94604565317266 3.6559100394722104 3.030534750035374 0.04050494660084451 0.24006462229474596 -0.0843320397520014 0.966238290223799
49.53 36.11908001394799 3.6686173252661627 3.0399323831820864 0.039436779884839346 0.23670926360134073 -0.060181386421086044 0.9689126202326305
49.63 36.29115314290277 3.6622092706789697 3.0424210781625534 0.03719551502491368 0.21805034491724498 -0.048636734798901037 0.974014891452694
49.73 36.46884328400711 3.6466173972070246 3.0541268943862465 0.0417785388389325 0.22309311025630954 -0.06016475597486081 0.9720412645495744
49.83 36.644573480034936 3.620885295500853 3.0684990443854567 0.05296365722350483 0.2445567704810575 -0.07538508313778196 0.9652481164269093
49.93 36.8146124726233 3.58725295338609 3.078151126342727 0.06119605344708036 0.24806022707614922 -0.09354270478533507 0.9622738327351915
50.03 36.9861796271593 3.565473327554345 3.0820782743952733 0.06198949090503167 0.22856862778719977 -0.10637216451001556 0.9657114724524432
50.13 37.16402664057501 3.545851213304296 3.0846750232376743 0.050831008787740724 0.2175330867791373 -0.09709125109596965 0.96988084508489
50.23 37.339450607996504 3.547369203428444 3.100162757431488 0.04421206632208253 0.20839657473793538 -0.07509878439811317 0.974154163061963
50.33 37.5215447672717 3.5604378574700375 3.102638423225607 0.043252596921960144 0.2316177585828331 -0.0506787227853414 0.9705225880037092
50.43 37.70544636602587 3.563709872580483 3.0973307078621994 0.04299949714774449 0.23081459822272563 -0.0310075418721724 0.9715524673631211
50.53 37.88665231820779 3.5599254329007786 3.0824030593374174 0.04082445176425348 0.21835895746758222 -0.03282505734823266 0.9744615156289673
50.63 38.070558955019415 3.525919174468882 3.083509961960611 0.04702277682816222 0.21618825231007294 -0.06273740430849865 0.9731986005554659
50.73 38.24877143621991 3.490347037226481 3.0927261361220784 0.05271728408695667 0.23412673566133188 -0.099825785268513 0.9656295211946395
50.83 38.43236167972509 3.452663826121393 3.097264480678935 0.06418796677278231 0.2511506030325147 -0.13038650248603567 0.9569757779000677
50.93 38.61415451351376 3.419360068834177 3.100121814775738 0.06267336307977305 0.22902994528421655 -0.14801741498130222 0.9600563413600438
51.03 38.80026591450214 3.411205173173655 3.1098986831534887 0.05578612187482674 0.21238144243744442 -0.1346307823723546 0.96625906668562
51.13 38.982570726301056 3.4175533603441473 3.1279560309050956 0.060829130993108285 0.2015977423623915 -0.10937964204697775 0.9714392729361343
51.23 39.159032567791684 3.4220388699683824 3.1386273990508093 0.06773725925704271 0.23470768232008227 -0.08393972546017561 0.9660631915449165
51.33 39.34296743468094 3.4273982368373406 3.14411747336475 0.05723418569935707 0.2226021836001118 -0.060458932545694746 0.9713481524763553
51.43 39.52895603084099 3.4158050155662028 3.1347140870242867 0.053591758857333964 0.2087443664759881 -0.061708381543315996 0.9745490180049542
51.53 39.7095912980651 3.3843126175998246 3.142917195502461 0.05442343003036534 0.22264736050336242 -0.08624844124542845 0.9695501273824627
51.63 39.879898173259505 3.34345758605164 3.160528086959349 0.06284567883811917 0.24099943332528384 -0.12098951929009209 0.960901259240626
51.73 40.04293338468677 3.3008435357311794 3.1600719256452185 0.07114926101600112 0.24102747181119244 -0.15260116622329772 0.9558014566616182
51.83 40.214311193592735 3.271363515302496 3.1621720239921554 0.06157513354384046 0.2096239524131809 -0.17046126883855678 0.9608377892910354
51.93 40.39915716875577 3.2510331932128924 3.1439793579104878 0.046791612060190564 0.18527124718913562 -0.16134876185469804 0.9682208875322545
52.03 40.5842267989449 3.2492588503176627 3.1366108754786124 0.03987299416894395 0.16857652266824208 -0.13493958749874177 0.9755938745537287
52.13 40.77454850116993 3.2582562723266335 3.1214939745133763 0.042861612269835425 0.22304072034264372 -0.1096973251869815 0.9676684432745993
52.23 40.965388522536436 3.2626290232788655 3.1093431658849973 0.03992818980887091 0.22061594361358022 -0.0913096974162205 0.97025609209107
52.33 41.15977343593071 3.244283171916069 3.107159854691008 0.0429369101967979 0.2171332387506925 -0.0985074622273567 0.9702091827322151
52.43 41.34524134534383 3.212327026275278 3.113878029802752 0.04615385663787441 0.19620314898214902 -0.12769858950455087 0.9711164791545283
52.53 41.52095860053228 3.170721696836268 3.1145999716841857 0.05445648277721891 0.22413437498951475 -0.15497992583612 0.9606141244117873
52.63 41.696683158283555 3.130814304576511 3.1112670424701068 0.05410121711963564 0.23227792928915475 -0.17728374152682638 0.9548248514055162
52.73 41.87575171985695 3.1063970450690785 3.1029846188938737 0.0477986116290177 0.20602403681100673 -0.18537137078577626 0.9596389132769875
52.83 42.05692159929729 3.0878046174063916 3.099663031259077 0.04719220356755428 0.2042735340605236 -0.1709635625786823 0.9627131865074184
52.93 42.23724511765324 3.100130879218251 3.1053789152964644 0.0475887939155214 0.2288696657537712 -0.14330796027177475 0.9616739631050467
53.03 42.416191668886476 3.118183162612798 3.1057416056746465 0.038568477789140854 0.24320237513546006 -0.11000618627649558 0.962945333978207
53.13 42.59952683624395 3.1290930143288587 3.103231550542246 0.03206508386967614 0.2276445321742721 -0.09334125048663713 0.96872968795489
53.23 42.77957738361316 3.1242866118679924 3.105485423770542 0.03230052687190967 0.2082397317335365 -0.10692606412232104 0.9716788085075496
53.33 42.95160888707043 3.0940069122681964 3.1143181530664465 0.037171523836071474 0.21017273843883022 -0.1357963928717999 0.9674735332379049
53.43 43.11815183010811 3.0521051283726903 3.11278759396633 0.04877760651454576 0.24516322716870784 -0.16510316126506308 0.954073730529889
53.53 43.29061325249891 3.0125596551368 3.1039782505989106 0.05586927883113725 0.24868461794267444 -0.18673998430960673 0.9487690776693993
53.63 43.46143068846357 2.980473274420994 3.099488659500128 0.0539019730817074 0.22719028183922965 -0.19750395380437094 0.9520878853169761
53.73 43.64207239336337 2.966129226268668 3.091325041022942 0.0511377507688582 0.2178176300706765 -0.18207588008737202 0.9574908795216301
53.83 43.820506545329735 2.968438045349594 3.0998538071423116 0.052206697193307595 0.22081034848439818 -0.1558643986828525 0.9613654560018255
53.93 44.00600041607697 2.974621430808853 3.0937512929616546 0.051091330008804406 0.240094479794976 -0.13005593994758352 0.9606402912923556
54.03 44.185687601494024 2.9727613832086672 3.0848886755881355 0.039363715412817225 0.2342659855325305 -0.10877754879211655 0.9652654509564452
54.13 44.371586862110206 2.9586165341411106 3.0809636030790486 0.03531039118224171 0.21275236737502976 -0.10988616162670846 0.9702652410211481
54.23 44.54820229392162 2.9253729427697874 3.0875203887023517 0.04151916826127599 0.21719220216696708 -0.13224206387025164 0.9662379326688078
54.33 44.725326330759025 2.881524479176758 3.086850108432583 0.04911893746873457 0.2560007291145549 -0.15444073481789386 0.9529947618448216
54.43 44.89487579287 2.8409970824050084 3.0905521801855382 0.05734405754707895 0.2538837370096558 -0.1770115944714655 0.9491689009700637
54.53 45.071147016012105 2.8010355863979193 3.0795887106402935 0.05105956546592926 0.2206970979355204 -0.1892549887551056 0.9554413958838998
54.63 45.25380365498777 2.782785581602375 3.0823390714635432 0.03618144224869036 0.19799295080800425 -0.17306546899878336 0.9641255302642779
54.73 45.43320847985679 2.7752411781121835 3.094535849207739 0.033908461097003 0.1862963934807186 -0.14033427066784665 0.971828257727791
54.83 45.61291009642425 2.781283699511681 3.09875482151265 0.029851713731536587 0.21069478026546617 -0.108409554936965 0.971063310579978
54.93 45.79126747844839 2.7753605095042326 3.0968287011408555 0.024978215675373235 0.19008147063827915 -0.08151042437136936 0.9780599030634387
55.03 45.976982367334635 2.7550625102057285 3.088869846171021 0.02678304519609002 0.18312050188067444 -0.08281109423696995 0.9792302451171889
55.13 46.15642745241168 2.7176975379186223 3.085727866227279 0.03154171424080285 0.2078177120084852 -0.10816594871733999 0.971656856290526
55.23 46.3295226494974 2.6666333709922796 3.080993173783003 0.045265734826348755 0.24469612187182022 -0.1360834782760602 0.9589348821123419
55.33 46.499901271715004 2.623235272769186 3.076626251998854 0.0486767443700379 0.2599269881700937 -0.15508574522703125 0.9518492249330953
55.43 46.681252311866416 2.5911153764339314 3.071199343626872 0.0392468542526165 0.23604072806457171 -0.1615327361764742 0.9574192573106949
55.53 46.862450492586284 2.5746174772657957 3.078938259521719 0.03347887727198714 0.2159619697079641 -0.14006985765910013 0.9657225416193945
55.63 47.041259437448595 2.579871640389424 3.0906500561697925 0.031613511268101815 0.23021811454394006 -0.10439572432460659 0.9670065865255911
55.73 47.21460747036787 2.590199028541734 3.1006438438694284 0.025175476827055315 0.24389318702488486 -0.06575328189302568 0.9672428932846555
55.83 47.3944432723522 2.582134512050221 3.0946511164750747 0.024816706919125662 0.22616316041459997 -0.04889770833870299 0.9725447907670851
55.93 47.571299134580435 2.559491460110776 3.100238941569914 0.02978756138301045 0.20867435662636707 -0.0674940912427014 0.9751985755325667
56.03 47.75231060034058 2.5197592012059142 3.1107134155202965 0.03627230084028645 0.20031212398516315 -0.09916615432253482 0.974025383146242
56.13 47.92246126148503 2.4870417150158226 3.115293143159739 0.043017927335039834 0.24251350455474147 -0.12215632652221302 0.9614647627068675
56.23 48.097398894049434 2.446895903313955 3.1145052037898857 0.04681625933702619 0.24096148669236414 -0.13814392511896362 0.9595113630100585
56.33 48.280294821569676 2.418164598624052 3.104378634416058 0.04549415480766272 0.2236180240918318 -0.1448615558052171 0.9627774357707463
56.43 48.452939885649066 2.4027867010269377 3.1024517576108694 0.041978062855708737 0.2056641078306483 -0.12946588487694824 0.969112326638215
56.53 48.629700918058276 2.3942619485123657 3.1138123952016423 0.04260852402757706 0.20489940502983853 -0.10944271059478519 0.9717113977906587
56.63 48.811514212337464 2.3954786146446354 3.109555140382617 0.039808517437148645 0.24143848751411737 -0.0884714916118247 0.9655545214322859
56.73 48.99053420444193 2.386833391615872 3.104483065297569 0.03407913694402122 0.2133357853125205 -0.0777091721156621 0.9732870797967779
56.83 49.17576612804424 2.358342513706622 3.0925530154127454 0.036375888584489285 0.20535516549713725 -0.09431038013659085 0.9734534415840461
56.93 49.35449481600942 2.3182191099941973 3.096162758704146 0.03892247808660564 0.22220031349357253 -0.12156894754140657 0.9666090483626929
57.03 49.525448059892106 2.2634228298978516 3.0966227568699787 0.042783228158071014 0.2608988549284074 -0.1436500380988899 0.9536592942134039
57.13 49.69194214979465 2.218444848697131 3.099006803611191 0.04569307840236716 0.255252002514078 -0.1614832177884878 0.9521983659780897
57.23 49.870651093992144 2.1808803568143627 3.088825711860089 0.039259418008788995 0.22725654875682277 -0.16339371254463703 0.9592265915025654
57.33 50.04782213896839 2.1618406266504744 3.0928545039971684 0.03239759236205404 0.2040798861618166 -0.1432893693963443 0.9678687683210571
57.43 50.213543981672274 2.162760954025691 3.1042544869811426 0.03447986282225932 0.21918472764764843 -0.11868611160944162 0.9678237448713559
57.53 50.39442653716729 2.158982168676519 3.106898754311318 0.03405882477896655 0.22971605302392534 -0.09695957769621621 0.9678168069065324
57.63 50.562247755013885 2.1519577709279973 3.101959233055354 0.032056547258066684 0.20596663538042445 -0.0866388444414348 0.9741888079432096
57.73 50.74096537875821 2.134433034590403 3.097955309118399 0.03274314595390138 0.19362134443890372 -0.1025518254388429 0.9751521852869296
57.83 50.909721064082994 2.0939735005660407 3.099286498179797 0.04327982311018151 0.19548742139343464 -0.13148906399104401 0.9708873008950403
57.93 51.077734311878096 2.0522031612896727 3.095252770651691 0.05689962850922902 0.24049465646550477 -0.15868473321801052 0.9558995281568975
58.03 51.24721805193816 2.008772152675821 3.090281892894728 0.0627885271851839 0.23898185986288656 -0.17728470853315104 0.952636028937971
58.13 51.42481350532906 1.9748077129447437 3.0798525095881764 0.06131610796288502 0.22010208262737732 -0.17707820145522388 0.9573080584100179
58.23 51.599442289073465 1.9598940994928868 3.0792980525746065 0.05301109966352005 0.20087507807204094 -0.15595464679015597 0.9656692883521634
58.33 51.77309355265648 1.9564637929982331 3.0910355734319617 0.05593320422121887 0.211948827962203 -0.12826998976525947 0.9672104118115232
58.43 51.94859041920955 1.951237904308442 3.0899927936117626 0.0578298995101135 0.23374531976364293 -0.10723506752400445 0.9646343703727153
58.53 52.12479546098219 1.9374876044576295 3.0916007212786925 0.05103550400206199 0.21913229661907188 -0.10205387542927788 0.9690002169347395
58.63 52.30799694192542 1.9104769306607747 3.083561806477308 0.04641482758551518 0.2191301328820196 -0.12358009015030631 0.9667241643621812
58.73 52.47738940381125 1.876213228549791 3.1024048031610976 0.04591495281080036 0.2386589061227601 -0.149240723464772 0.958468022469389
58.83 52.63187055623132 1.833097368870702 3.1204687711991883 0.05822710453783681 0.24716943033001337 -0.17344228900019434 0.9515432987488535
58.93 52.79967068780226 1.7887902089331342 3.12938095095162 0.06542888159454928 0.23924706017111863 -0.1937787580350666 0.9491731657538316
59.03 52.96708058647995 1.7584565737788482 3.121384564250672 0.053869313291993744 0.20792526493626737 -0.19956383441631473 0.9560541079246978
59.13 53.14167222225957 1.741120801546653 3.1230217079504037 0.04792134712320883 0.1809240515055622 -0.18012549468535763 0.9656732564594842
59.23 53.30576388728454 1.7434424666820965 3.130931655028442 0.049255509802113295 0.17818546016440867 -0.1538052761185873 0.9706532715538629
59.33 53.48336370428011 1.7375879655663216 3.112689917765774 0.05621063782629356 0.2266197072455231 -0.131705645871147 0.9633989284448986
59.43 53.66030149154091 1.732319276823916 3.098349286409533 0.052584036652508076 0.22807694769162737 -0.11966678962065729 0.9648293551104691
59.53 53.83526942428739 1.7143224356272586 3.0895667912416536 0.04611812374191316 0.2039849075983983 -0.12386099701632199 0.9700112007357035
59.63 54.00973094468349 1.6919120765435913 3.085733520216194 0.04132898400046532 0.21283982526599776 -0.13596579817525817 0.9666976908986562
59.73 54.188074413688526 1.6570010546803013 3.085505805931632 0.04853490412797775 0.24524910417379656 -0.1503837823689347 0.9564946199449588
59.83 54.36021472265883 1.6212890831655224 3.0827420107662946 0.05576520190911478 0.2596610128315903 -0.16396044501955498 0.9500438795867788
59.93 54.5305551017761 1.590829859918048 3.076205628476818 0.050037024857930504 0.23698030235575693 -0.1694431032407881 0.955314433682896
60.03 54.70531582719046 1.5749182925753462 3.0763179488169454 0.0375671371872499 0.22146425431883407 -0.15969467079703684 0.9612699445949525
60.13 54.87964562244025 1.56997300434258 3.0885333312458823 0.03173249254508619 0.2122104705664837 -0.13398609991609506 0.9674748007716283
60.23 55.05824670607365 1.5718964992662705 3.096324207581934 0.030127182124631082 0.2387783755248828 -0.10991592345199748 0.9643628622311324
60.33 55.23337644843748 1.5741013457214752 3.093725446346287 0.03143256128625722 0.23437488486911542 -0.09180998110977848 0.9672907188649111
60.43 55.40829725782028 1.570778060367739 3.090664795883784 0.032138899397765146 0.20935952494849397 -0.09324904182994931 0.9728516313686469
60.53 55.585837365092736 1.5495473392653512 3.087900306925648 0.036440670785022944 0.19340813883000044 -0.12145113340576759 0.9728900202702808
60.63 55.76302008181992 1.5242140444453423 3.0951692005821294 0.043507611207401785 0.2085073877970859 -0.14692960227727353 0.9659417420195192
60.73 55.935590195769166 1.4955608106475853 3.089465696234976 0.047896482248935904 0.250995102239896 -0.16769009002338203 0.9521488430637889
60.83 56.110613760201474 1.4768682226958947 3.0856502262614365 0.05061505253476345 0.2207462369062185 -0.1756907085034489 0.9580407038817311
60.93 56.290315852427455 1.4686409301966714 3.080290565817191 0.04566660576984944 0.20468743074517762 -0.16153571431442665 0.9643255828885425
61.03 56.45633745701479 1.4687267152049583 3.0940661101452065 0.04705262779441171 0.1922209001767879 -0.13743489476434384 0.9705404811000826
61.13 56.63451080869507 1.4742258204534635 3.100421697680766 0.048771405746888534 0.21748221337436024 -0.11500715820714318 0.9680372877159118
61.23 56.80749764377284 1.4724409906104554 3.0906265011667604 0.04436043076247035 0.21338485736050983 -0.09574573013535628 0.9712527014081612
61.33 56.9813200946322 1.461933180500348 3.0755996331725712 0.041509508400954825 0.20086285878453886 -0.09860041819633962 0.9737602529394598
61.43 57.15148510086985 1.434632311641831 3.0780524064999084 0.039123374863069195 0.19800779876759375 -0.12343729040351958 0.9716097511369332
61.53 57.31760853975966 1.3970525119656982 3.0788385529944264 0.045050956396288415 0.21724052734678323 -0.14942812697366076 0.9635601690994781
61.63 57.4836319509831 1.3462824311337211 3.074753257742574 0.061451389004498536 0.23411517417738745 -0.1790793386945845 0.9535955130253181
61.73 57.655187585356266 1.3074614026960258 3.0627285904221786 0.05709937706561075 0.20672219343932904 -0.2000790306229307 0.9560198624418534
61.83 57.82614966946763 1.276793192504448 3.0504663165807715 0.047876721204623135 0.1868567212008667 -0.2006996068526162 0.9604749101970137
61.93 58.0080210802818 1.2541158588556018 3.0424546847004352 0.051255459496648344 0.17881100028289956 -0.18715700761644094 0.9645578046699305
62.03 58.190096871978824 1.244958371243499 3.0368214862378373 0.058038893072869566 0.21795563737263896 -0.16525276410837075 0.9601137177349911
62.13 58.362290765615704 1.2319613461321084 3.0334940617955395 0.0538946994586201 0.21690946443275017 -0.1483892376814073 0.9633412062971736
62.23 58.54533016959606 1.2040315310554437 3.0295237905009906 0.05559773640685059 0.20564539801918658 -0.14557038686680865 0.9661408408960944
62.33 58.719698562685984 1.1703727395085157 3.034249022526235 0.05340174970380915 0.18416408440559726 -0.16601653328929125 0.9673005498903768
62.43 58.88809494310395 1.1304193169222467 3.0351218441267576 0.05492884273309834 0.19610526463238465 -0.1777776235387296 0.9627671909596769
62.53 59.06141290202957 1.0913737546577573 3.031808313580852 0.05933375934332893 0.22438244785157735 -0.18767787976124242 0.9544155465763572
62.63 59.231092391854794 1.0543469044579892 3.027586154457424 0.05742774758854415 0.20157334891953196 -0.19068112988147853 0.9590156127610195
62.73 59.407360415423845 1.0235762042811196 3.022715650542784 0.04778643600394225 0.1909400274726529 -0.18104116382993313 0.9635779467390726
62.83 59.573791195285146 0.9944241824065179 3.018598388159988 0.04656242951119333 0.18915920557868024 -0.16110046130131828 0.9675212537569188
62.93 59.74543472789816 0.9781855960555451 3.021681941434019 0.05431979045997509 0.22221343851913775 -0.14136314006599746 0.9631651004560782
63.03 59.91964392525385 0.9691279523771339 3.012630743942316 0.05212188777813996 0.2302769212503355 -0.12574702176639999 0.9635577485915364
63.13 60.09521103261465 0.946638523411115 2.9994644209692374 0.042244631956163306 0.21179823926154367 -0.12223471722160995 0.9687185199129578
63.23 60.2760774205442 0.9200681644942629 3.0039312967457046 0.04436337491145081 0.20880330469340608 -0.13834510196082045 0.9671058389230359
63.33 60.44698417828688 0.8863275672745504 3.006022798906399 0.05535994698294011 0.21521527031126 -0.15899523270148322 0.9619449982577478
63.43 60.61545946261563 0.855359229283684 3.0061029960015118 0.06749315324110702 0.2486502433064248 -0.17519498035634273 0.9502233682809369
63.53 60.787437700750246 0.8241612690915163 3.0014947555799676 0.0603042593227659 0.23524267719459704 -0.1864605186442695 0.9519751856643961
63.63 60.95682506124008 0.8043709216944736 2.9927666335258722 0.04718517267509821 0.21091824879539173 -0.1822679085422909 0.9592004281276805
63.73 61.13151624985787 0.7894278411902752 2.995450813039462 0.042814928138559145 0.19137005641437105 -0.16443540212237298 0.9666981855601593
63.83 61.29877663708837 0.7937328663518488 3.002104614944824 0.04276647871556447 0.21605317682420383 -0.1404587632387108 0.9652789176771098
63.93 61.46922128320109 0.7964954607383534 2.999386192380784 0.04020579664765768 0.2235236655839585 -0.12218095016020661 0.9661741459270099
64.03 61.64131715365684 0.7892157747902891 2.9953289645766303 0.04278050724077403 0.2058911855304229 -0.11943957220947 0.9703158436877747
64.13 61.80784860398298 0.7665715757173744 2.9927218194859773 0.04015985757552433 0.18323881798483532 -0.14574311964186773 0.9713751409728839
64.23 61.972709782108524 0.7372575000801157 2.9930614627472782 0.0474777137592044 0.18447388660548447 -0.16667737382269904 0.9674367704984312
64.33 62.1354840642751 0.7086197821811571 2.98580448844748 0.04778142649259264 0.2263798420004309 -0.1776937480048304 0.956500932742979
64.43 62.30062335223558 0.6829409276968128 2.9771368529443003 0.051912228749898044 0.21042959514667484 -0.18196542187564144 0.9591209992666434
64.53 62.47116414758747 0.6605421627837268 2.959933293705124 0.04834954746948964 0.1888497308970891 -0.17922233618007125 0.9643015371831315
64.63 62.6466489475159 0.6404469022585383 2.9486298950909773 0.04268987772411759 0.17219431064310092 -0.16526570228301324 0.9701618119524957
64.73 62.821232725279344 0.6272325006851293 2.9508764530952925 0.049287733554935424 0.1859514007662533 -0.148804674838624 0.9699742082242483
64.83 62.990869945145725 0.6176499698725446 2.947824209416902 0.05731442570718082 0.2160394272970036 -0.13137387118493574 0.9658068794686249
64.93 63.164319238954455 0.6053574733209628 2.941770151457172 0.04739102976825297 0.2049103505158374 -0.12247501917161714 0.9699307749669009
65.03 63.33978692777909 0.5896592547682622 2.930156896472778 0.04309387113166011 0.20415998006566966 -0.12507527063651316 0.9699576266444201
65.13 63.506995491888986 0.5642168001924717 2.9313234182415346 0.04161961900351819 0.22099095366392574 -0.13895731078942458 0.9644281577654614
65.23 63.68012835001342 0.5340076918206119 2.9334832184355815 0.04900566760225494 0.24427405034404556 -0.14908070705641435 0.9569240177019968
65.33 63.841391220139606 0.4963671117616586 2.934232926895825 0.04745653369175318 0.24929062996031795 -0.15610749202252552 0.9545849936796558
65.43 64.01517967001597 0.4561864223990538 2.927771811884584 0.043875475738229995 0.23268271788920672 -0.16228360819267335 0.9579132141986574
65.53 64.19988735899466 0.42318679336375753 2.9182367227352235 0.03277731098218731 0.21598305328352121 -0.15937062910751862 0.9627450187650822
65.63 64.37046053111115 0.4027656282579733 2.9267566270888175 0.03189754624460953 0.2203069878476476 -0.14951725578791314 0.963375299595501
65.73 64.54160119482698 0.38584581862758766 2.9273392145928643 0.03517476003568471 0.2446803851232252 -0.1398362720453544 0.9588222266994231
65.83 64.71935504364089 0.3558182082313004 2.926026152376045 0.03596411711754175 0.23164510260780322 -0.13334444364762169 0.9629467213019016
65.93 64.90406529669865 0.3282119013041922 2.919564372665003 0.037424613555672996 0.21096922152423742 -0.1425166221686522 0.9663231334679429
66.03 65.07668933955408 0.28994972002501695 2.923080024537017 0.04185685053291666 0.21333147530140323 -0.16221053026149032 0.9625099633673815
66.13 65.24524708803654 0.25225336186543884 2.9240134944732485 0.05179704023115846 0.23433532570757382 -0.1756285437562337 0.9547557993366063
66.23 65.4205453354903 0.2154825724015662 2.9235890301972325 0.05902897899138017 0.2398343293029214 -0.18752216296318527 0.9507000118463561
66.33 65.60764098329213 0.18554857008578532 2.911049429027783 0.05074388802556169 0.22390044945630383 -0.19025007075579745 0.9545148281397877
66.43 65.79507069482217 0.16884297244045723 2.9067973200932777 0.04101219051426695 0.2033828211394736 -0.1744676950959004 0.9625562070146837
66.53 65.97561135888803 0.16677944497559227 2.9020975257608588 0.03523425442693705 0.21023667066988794 -0.14603774224174282 0.9660393715897677
66.63 66.15561130030997 0.18013541489709423 2.9005528127815063 0.031486632276427964 0.23671368213170968 -0.1220808346061435 0.9633646736835456
66.73 66.33382860285973 0.17074823191890154 2.896008571199439 0.0368114450284385 0.22676308440858955 -0.10919663547143178 0.9671088438568538
66.83 66.5225721683127 0.1585245347423592 2.887007652215842 0.03863281668477075 0.20602078459502216 -0.11326378496760711 0.9712024798180161
66.93 66.70091450323 0.1310819476016559 2.89110494281124 0.04332117044639544 0.19909527491484139 -0.13152698883157257 0.9701468955300725
67.03 66.88025623647245 0.09662358905382795 2.882985488997907 0.041511211015286396 0.23273836567006365 -0.14558809528888988 0.9606840162173123
67.13 67.05896124238039 0.06576211548353442 2.8775367076035736 0.04659092298097753 0.2302843291386572 -0.1609131857431138 0.9585955144391931
67.23 67.23848994266561 0.030122431898865563 2.8562317956448324 0.04426505461965746 0.20012952630207256 -0.17075232833410897 0.9637595239529969
67.33 67.42665369374814 -0.0010024028355004044 2.8336904116902897 0.0318860674511419 0.1816586873143825 -0.16417927871547788 0.969034862358513
67.43 67.60875330719558 -0.02256546005639178 2.8273114522407936 0.035499794516544475 0.18256062393796704 -0.14864435779724242 0.9712446849644577
67.53 67.79829863791996 -0.04719323102064914 2.8186162230417224 0.04125532825998808 0.23165586553977252 -0.134584365966341 0.9625594040310539
67.63 67.97707881776581 -0.07312852730294775 2.815064971411819 0.037265601787334436 0.22376361353655114 -0.1289023939202898 0.9653627779348607
67.73 68.16533891235419 -0.10665583547889243 2.802405360033704 0.03135571357958232 0.2102262603560915 -0.15119983966418182 0.9653809337086234
67.83 68.34435463184509 -0.15224890008595293 2.812185683186166 0.027092697286617645 0.20196190818774168 -0.1809623993486129 0.9621486285480508
67.93 68.52161858087025 -0.20427228120895696 2.8193849673910103 0.03617974982715429 0.23299614042592492 -0.20369303045695702 0.9502173296632347
68.03 68.69860445874623 -0.24639847152488706 2.82566211669998 0.04021292815173871 0.2362210210210822 -0.21705964026147156 0.946291531298247
68.13 68.882724209218 -0.2807291771379434 2.8245168327803647 0.032255741446542724 0.21120495530111696 -0.21945601318365396 0.9519406978785615
68.23 69.07123744281525 -0.2985237981026415 2.8286315618137277 0.02660522025549756 0.19337138179177268 -0.20007471329340704 0.9601405001663339
68.33 69.2501673900263 -0.3082486958631892 2.837635816407817 0.033344378131764066 0.18197276903067197 -0.1739294541093707 0.9672241771024607
68.43 69.43645804764117 -0.31916744446139683 2.833453858288554 0.044223461569715336 0.22140968947242462 -0.1505154378299144 0.962479681774834
68.53 69.61638676006275 -0.32682206405194214 2.8283617308000153 0.035206603692224635 0.207115564968344 -0.1312671309217553 0.9688305208569109
68.63 69.79837025279126 -0.34886427779605117 2.809382602612015 0.0327351758499691 0.19957670849082124 -0.13132210215977255 0.9704906239497524
68.73 69.98538572734968 -0.3876373281031848 2.8050510032226503 0.036872746182275734 0.19318461292095515 -0.15207682698429006 0.9686035022721879
68.83 70.16094150586292 -0.4327293978247456 2.793524858735448 0.049704318789246964 0.2142891319593972 -0.1702436198708998 0.9605346211933424
68.93 70.33507099772412 -0.4797816341879541 2.7892737069659805 0.0535658961631834 0.22511857541999758 -0.18872432778424167 0.9543769956738752
69.03 70.51969514040825 -0.5175622477761632 2.776309804391844 0.04206102228834953 0.21104890424764064 -0.19596475023238205 0.9567063536353719
69.13 70.70589743668832 -0.5460139598395941 2.770222088490736 0.0388619266554826 0.2049536471492805 -0.19159302896155903 0.9590494588029168
69.23 70.889107298182 -0.5610966316035475 2.7726403135627016 0.03855099051301667 0.21197930748453858 -0.1760434455765168 0.9605140808954281
69.33 71.07248037411162 -0.5719216759170673 2.770387478245839 0.027642729010796403 0.22919116296819936 -0.15754500221045056 0.9601493959945137
69.43 71.25777548657479 -0.5898725160506185 2.7680355625954505 0.029119509644812407 0.21570405563806233 -0.14565312782768433 0.9650953221798093
69.53 71.43545802664573 -0.6120772567597903 2.761300728109468 0.03415226963714647 0.19693994341984003 -0.15463467655483037 0.9675414192535662
69.63 71.61349775073063 -0.6491987614051288 2.7599937235235767 0.037915555820233 0.2009471833454114 -0.17627876073238904 0.9628647042274641
69.73 71.78620021332162 -0.6878408378389932 2.771031086657417 0.046320826039887596 0.2277291740846588 -0.1957463251382877 0.9527209352903702
69.83 71.95778491857956 -0.7290980755757881 2.770867806132669 0.054643370300233585 0.23170614564982134 -0.21469182585431465 0.9472242522558615
69.93 72.14503746799664 -0.7700472528985222 2.7642114433014635 0.04637407468078457 0.2132078316862914 -0.22349676233569982 0.9499689799833418
70.03 72.31532095169318 -0.7936539600580688 2.7702954270868125 0.0446512195081596 0.19834077107145695 -0.21177282147288923 0.9559390562230553
70.13 72.49702876818542 -0.8112426533496885 2.7724632903311592 0.04474823700947872 0.20534478252150565 -0.19026997728590525 0.9589726019649154
70.23 72.67121429469496 -0.8134703552427218 2.775570992929998 0.04389884127986638 0.22517387231665578 -0.16726700836160951 0.9588489802226233
70.33 72.85011008150367 -0.8173004084685774 2.7691688350681534 0.036415052679243796 0.21047575752541622 -0.15205541588891885 0.9650145335337278
70.43 73.02669905845387 -0.8385002882075441 2.7721377299433008 0.034335915525241 0.19961063959659714 -0.1610793528032986 0.9659348215927157
70.53 73.19326430797054 -0.8778378872614985 2.771790333523735 0.03950223035180701 0.1959099119158644 -0.17961771002296126 0.9632218635685439
70.63 73.36361730014282 -0.9173284056918579 2.7706422154330905 0.049506038844351626 0.24016310760180995 -0.19306503597401614 0.9500509069251682
70.73 73.52082613964697 -0.9579147559482545 2.7793587633039114 0.059045486078756655 0.24363010748150266 -0.2025937799830601 0.9466328547089682
70.83 73.68424250899078 -0.9940336942050781 2.77386017667247 0.05105167753507111 0.2160821701566073 -0.2014174216539547 0.9540090378060049
70.93 73.84850917971612 -1.0220291608039282 2.7756882781943215 0.04566570864232754 0.2100621066616169 -0.18958892650010686 0.958042062410422
71.03 74.01984321144036 -1.0426060886941133 2.7855393031880973 0.04896896786050299 0.2281342082208895 -0.17180362342246647 0.9570999624934775
71.13 74.18891555910648 -1.0501872817686113 2.789172930242789 0.048547891329651816 0.2451504331125298 -0.15453064632466068 0.9558580683023323
71.23 74.35561657359884 -1.0623757554965727 2.7888523281538347 0.03485675723908617 0.2281996622381469 -0.14534105172450762 0.9620737494146616
71.33 74.52482531412748 -1.079364265187801 2.788698390067226 0.031286979257828834 0.21675272552721286 -0.15392287254591533 0.9635077219268452
71.43 74.6958174015792 -1.104123349348563 2.795656361071324 0.03338119605040123 0.2112007305361814 -0.17330642002293212 0.961376529747873
71.53 74.86826582006705 -1.1278457587622666 2.7909960095425337 0.04049450385362424 0.24376544161196953 -0.18115330265966043 0.9519044519114657
71.63 75.03355807039614 -1.1459513483449733 2.793532680995035 0.042114562936387885 0.2589123330408448 -0.183899458089131 0.9472970794331352
71.73 75.20759934762141 -1.1579655761777876 2.798084719849045 0.03329424031520156 0.22818849866370258 -0.17910959378056654 0.9564210662962205
71.83 75.38324992147938 -1.1617461584417967 2.806180852938345 0.02648728104238448 0.21884541163596868 -0.1581632693643878 0.9624912934530022
71.93 75.56566341069362 -1.1657152263122892 2.821617558019168 0.02707317305594571 0.2074530126673114 -0.1283679939285079 0.969408040492088
72.03 75.7411471430648 -1.1515808311941678 2.8354182578175697 0.021265109043450366 0.2357884143721041 -0.10471289805605125 0.9659124327629095
72.13 75.91549915446014 -1.1511294889607009 2.8443905260365288 0.012003687943360286 0.20344613525450686 -0.08892694914969654 0.9749654246385822
72.23 76.08836097625432 -1.1489640792063618 2.851284681179519 0.00951698894526688 0.19010779232790778 -0.09167528821380505 0.9774272841232439
72.33 76.27441207309539 -1.164765348619839 2.851986545735754 0.011364154274839711 0.19493176916188776 -0.11197363147613759 0.9743379122373719
72.43 76.44018864732546 -1.1837425020776862 2.849089246286521 0.017874828602422062 0.21438019975901637 -0.1259744172737554 0.9684276259206239
72.53 76.6092349056159 -1.200140839851758 2.8522248329220976 0.02048511898780876 0.2353583573415255 -0.13406139660397412 0.9624003041718898
72.63 76.78466656558761 -1.20187293192126 2.855081377993457 0.011611182227524768 0.22155316576870104 -0.12925209570671584 0.9664746613029065
72.73 76.96313739019591 -1.1820002067720337 2.8600009522017396 0.004011335713790516 0.21062893919063033 -0.10822583021004989 0.9715485210922647
72.83 77.13058337824353 -1.1441059159725664 2.8834481170409783 -0.004319530720312886 0.2266502947175549 -0.06857021627615889 0.9715498499812775
72.93 77.28591533329718 -1.0918519874873172 2.893361288267797 -0.01976514231996032 0.2309914234753537 -0.030177548528974103 0.9722867977066659
73.03 77.4570538561793 -1.0333670816234746 2.900719792485426 -0.01842319462329634 0.21596344163257333 -0.0007123139213786752 0.9762273661329945
73.13 77.61560565940394 -0.9911303029127088 2.8897702907071063 -0.011877922571666633 0.198130317752632 0.005426204672302593 0.9800886941728677
73.23 77.77920644041421 -0.9513145817119133 2.8884569888195504 -0.010664006954760798 0.20905840388407324 -0.0037374647130432987 0.9778378669690754
73.33 77.94499542573278 -0.9280175328672751 2.881388170655681 -0.008819754890402468 0.23974185585110225 -0.013602971755499712 0.9707012999044359
73.43 78.11812181488875 -0.9094751260448926 2.8780319865429456 -0.0006540634413523307 0.23906806573577902 -0.020332287545130376 0.9707896941302735
73.53 78.29827110229843 -0.8913185782215128 2.8774872761118706 -0.002494907314726076 0.2335038038358904 -0.028853224525687515 0.971924503480662
73.63 78.47697564248908 -0.8712364170207998 2.8813873501976017 -0.006948369199883419 0.22034645536768258 -0.026499824848565848 0.9750368808693112
73.73 78.64343618619036 -0.8349650543546702 2.894679010083939 -0.011061769789120605 0.21999856486190777 -0.012382446478896504 0.9753588794525997
73.83 78.81224635035807 -0.7897135533562138 2.904911520119887 -0.008196757325921837 0.23650774634696778 0.004452457801118714 0.9715848263053245
73.93 78.98628806611633 -0.7373857570450966 2.9115290562544116 -0.007581965226504528 0.23187306719092926 0.022425779082899524 0.9724579574188799
74.03 79.15950730253586 -0.6850283099608215 2.9152007126365898 -0.009314851449837881 0.22224566180996316 0.025651372427745036 0.9746086940109309
74.13 79.334277106504 -0.6379951590207483 2.9264809904983324 -0.010915367024109638 0.21281159006878386 0.010973524124557963 0.976970656500702
74.23 79.50165960408805 -0.5990607180799474 2.9266745864644856 -0.012472018543234457 0.23318629026720616 -0.0017625950094536536 0.9723505006136977
74.33 79.66716344056509 -0.5624391326368816 2.928898269552239 -0.018231912928254535 0.2629776045488064 -0.008703974608086421 0.96459038854986
74.43 79.84066651857077 -0.5178671932946253 2.9416343979963218 -0.019999169690347953 0.24839104218394437 -0.014054422190974091 0.96835138074531
74.53 80.00925516834602 -0.4650482389610726 2.9626635102756267 -0.030066536040821306 0.21731795289719416 -0.0011761687505667505 0.975636985454195
74.63 80.16644236188701 -0.39053207627365455 2.9844195444427197 -0.03669478617734617 0.18220955567740774 0.03629229104847654 0.9819042927381942
74.73 80.31744241072712 -0.3036704608836813 2.9959676030993907 -0.04543897347757711 0.21660161899311706 0.07323346603079443 0.9724484036657067
74.83 80.45572305658936 -0.20479691848655224 2.995876764491465 -0.05708431863158052 0.218599185624599 0.12137324078956686 0.9665527988841934
74.93 80.60147696867922 -0.09808402684192905 2.992256373998755 -0.06238085841747993 0.20823650418546308 0.15826120738281796 0.9631716238892468
75.03 80.75239178013568 0.003725703930753818 2.994554406084198 -0.05894959375246614 0.20728974843166356 0.16970665333712298 0.9616421150327551
75.13 80.89187631433494 0.10340359493730875 2.9994031229117883 -0.052068609033576733 0.223918375535441 0.17814377742705745 0.9567728129576514
75.23 81.02234430085932 0.19588067144199034 3.00888615324171 -0.055591054405796224 0.2575473442984584 0.18490184259058426 0.9467789122712177
75.33 81.13625525406134 0.2997933440208698 3.0327029611933054 -0.0546532695536458 0.24855401387659956 0.19596510541484055 0.9470119322229673
75.43 81.2532844683982 0.41579289476553755 3.048545602242761 -0.05846893764213514 0.21801503786270712 0.22151330657595397 0.9486741704117964
75.53 81.3524335842284 0.5560265302699913 3.066696329869368 -0.06894619782600885 0.20433266126636285 0.2572227346068399 0.9419825105311255
75.63 81.44292608350563 0.6862073067979519 3.0760015704029384 -0.08390247171520367 0.2137099885187019 0.30482223872341563 0.9243223565548226
75.73 81.51108175635484 0.8577583170196682 3.0802715119246815 -0.10235883041631771 0.22433705317219857 0.34580817955274 0.9053243945482954
75.83 81.57883525502376 1.0141945568143502 3.076657627973523 -0.10521666552711423 0.1988972680226307 0.3803252683596043 0.8970629968489863
75.93 81.6431713516062 1.1739726215378758 3.066637721723496 -0.1117288431629683 0.196812191359559 0.39079104502252116 0.8922241792665783
76.03 81.71440659988616 1.3221992414033996 3.0797256191737707 -0.1150300865687516 0.2082818379189853 0.3925815736672573 0.888406699205952
76.13 81.78224667529481 1.4606323642528203 3.091606809661355 -0.12403553280987928 0.22910443408718248 0.39003709190048746 0.8831746213654307
76.23 81.84564919504997 1.6118867528200964 3.097951043875676 -0.1318275415211294 0.22421845410460153 0.39672738324801193 0.8803152659795368
76.33 81.89149837980561 1.761992764372418 3.104463653006775 -0.13141800026734446 0.19119597345185732 0.4180555059823061 0.87829550998477
76.43 81.92831147109858 1.9291709342179977 3.1017969450773766 -0.13271735772754353 0.157536803877396 0.4512159403290328 0.8683158604879339
76.53 81.94210546046794 2.09522394647124 3.1160593886792705 -0.11986336758133534 0.11803294503938312 0.4999954945674764 0.8495325199247035
76.63 81.94303643227616 2.270822827512683 3.100767949632403 -0.15142953769335316 0.14770545075260194 0.5311282283596682 0.8204602366790655
76.73 81.93489402608313 2.441357761066488 3.08234804904676 -0.1622145411647158 0.1500441133187912 0.5628909801003363 0.7964464521954892
76.83 81.92592678460903 2.619314171533578 3.055758771689742 -0.16006111004863552 0.13291918461379265 0.5827986744883614 0.7855307991582584
76.93 81.92121472401773 2.7880694313096943 3.0355503127082866 -0.14988247736294583 0.1160971186858405 0.5846320757327067 0.7888358752217463
77.03 81.9128968375509 2.9558118308315424 3.029232953028239 -0.13548060821595695 0.11353348505348748 0.5968059243626233 0.7826735214728545
77.13 81.88189971844899 3.1308759017111143 3.0105206978112586 -0.17466990101957228 0.14502913006867582 0.6054605002683948 0.7628070265303546
77.23 81.8337076795374 3.3074187687190006 3.00515383825907 -0.16710165365730045 0.1265751547131428 0.6361450959101048 0.7425464190903242
77.33 81.75660495744991 3.4800666349949765 2.9861487690512725 -0.16295162414037223 0.10014329973898688 0.6812691010875144 0.7066049105481879
77.43 81.66055268356153 3.6331942309012497 2.9769023466540845 -0.15455008903437528 0.0801532980136409 0.7363627360541632 0.6538039765463576
77.53 81.53671149674867 3.772176371135264 2.9620010674387567 -0.19453630016561563 0.09267601198280316 0.7724037414157601 0.5974606639501656
77.63 81.41444124047723 3.8978982203659003 2.9368993719673755 -0.21150762401740844 0.09334320618416928 0.8004641086741084 0.5529998025011723
77.73 81.27861753859173 4.025107460218996 2.9221860657324146 -0.20896497084496699 0.07430561301339617 0.8214327618457368 0.5254146311256952
77.83 81.15338873043204 4.156689866457081 2.913662579210566 -0.20204054466359894 0.05827862861241714 0.8281689695527622 0.5195376575658482
77.93 81.02315497154599 4.277885050639001 2.9197588656389732 -0.2099353934331703 0.05927515553183951 0.837995166248161 0.5001776563036912
78.03 80.87472103979036 4.389016578444594 2.920503543157275 -0.23748523719824943 0.07361756186963415 0.8387867632365039 0.4843738045316768
78.13 80.7177312122941 4.500147477362715 2.922138045004098 -0.2220037150883451 0.06419560806228922 0.8521709909444953 0.46946552225393834
78.23 80.54416042200272 4.584753140754767 2.9211370597006234 -0.2115400255362884 0.049115054518102344 0.870154956487914 0.4423447532358748
78.33 80.34645289102352 4.66074408777644 2.9078569135228856 -0.21711989759558592 0.044498307633647614 0.8926611532770595 0.3924728221366337
78.43 80.13636405866376 4.697670802169938 2.899739523697608 -0.2243481671833356 0.039166895584641336 0.9143925310661953 0.334694119013312
78.53 79.92077226140195 4.749549984587603 2.8921947574289444 -0.24388422240133914 0.0441656702352192 0.9270188116508573 0.28143560983251675
78.63 79.6964880914998 4.8070212964606815 2.8917672306477744 -0.23903116080007758 0.04256518198434374 0.9341780768083102 0.2614643957787256
78.73 79.49589740063682 4.888013574497299 2.8952704255582575 -0.21235218142986986 0.0420629220692811 0.9403442399252052 0.26246899258475703
78.83 79.30050086418416 4.9617007022785105 2.897148679884863 -0.2260488035484968 0.03283757041791285 0.9355398941085816 0.26942297399191084
78.93 79.10135797299287 5.050793375337668 2.898328108656697 -0.21839019384916478 0.03290528545238603 0.9364072649723485 0.2726983672976929
79.03 78.88134853047761 5.122814993641704 2.9129245669086266 -0.19279776702384874 0.03200815408752369 0.9457160774646562 0.2596643986521672
79.13 78.66703686246336 5.167115898415147 2.917965151079963 -0.14936573149574464 0.022878473255891606 0.9633566810654515 0.22160857104990012
79.23 78.43511316869741 5.204587293713254 2.8988006613823054 -0.16631331459122906 0.025374480155141182 0.9697282178193045 0.17698361707099014
79.33 78.21323809586528 5.2376805297671645 2.909252735679667 -0.1806999610305108 0.022311139336362362 0.9725149851570877 0.1451355944969902
79.43 77.98203793563432 5.2982199562494845 2.9164656123180817 -0.1820533097779264 0.021923182634698606 0.9707121570665977 0.15522201707612582
79.53 77.77461719766744 5.381455440631411 2.9145152054297085 -0.16576188742641684 0.028573536758865203 0.9683057730658938 0.18463607318501835
79.63 77.5708404560426 5.461747777149245 2.9100907932077242 -0.19585040654347338 0.03107778845902929 0.9565037908852799 0.21395627437245388
79.73 77.36115495465278 5.533501037429767 2.9219048482616343 -0.20229644726640011 0.03509077130026855 0.9506942741776875 0.23243317800758273
79.83 77.13237725895473 5.58255711080976 2.937855177185595 -0.19091626346530122 0.032399977193567416 0.9542294300069513 0.22791975941307313
79.93 76.91218897536645 5.607157378094113 2.9452770718333166 -0.17411428421726646 0.03485136446697531 0.9639177564415082 0.19832336534828265
80.03 76.68643936417953 5.611162739988774 2.9411020949452227 -0.22287453091998025 0.03697932182992742 0.9611762786858741 0.15842864171535564
80.13 76.45920187794555 5.618227761047831 2.935225291665658 -0.21489358834621347 0.022315668080995017 0.9688226142829439 0.12126623066521498
80.23 76.23877104640673 5.6472922348497185 2.9303242042676176 -0.20042357203875455 0.02371744234904023 0.9715973965110596 0.12355716811491424
80.33 76.02745795015082 5.699487508362972 2.9301650435974538 -0.1868127975170325 0.03168928672516335 0.9706666089410483 0.14799696644727847
80.43 75.82061466918665 5.755749301149142 2.9284284620265164 -0.20879237009839077 0.039545131641894944 0.9607138814474598 0.1785238548381648
80.53 75.59255410984414 5.807908217063935 2.9381057127085652 -0.21696218612613405 0.04333493420022861 0.9546294122486001 0.19932932182477034
80.63 75.36471871936422 5.838458752295795 2.959459219636018 -0.2077747016838028 0.040472277032089735 0.9589454016907748 0.18872038763250515
80.73 75.1384997213547 5.84800745761554 2.965745599156446 -0.1695198855710333 0.03194277840741777 0.9732099522232412 0.1520034742933036
80.83 74.91009934543608 5.845041983344257 2.965478232581191 -0.1865641924898188 0.034122768167783195 0.974841023333429 0.1171085735521643
80.93 74.6805570882146 5.848803443223637 2.9583834861817686 -0.19978300892107037 0.028758331318898194 0.9751067114187676 0.09179656351014559
81.03 74.45887272001468 5.879173167683513 2.9614774026427657 -0.19874488514999192 0.03252652509017129 0.973234800160913 0.11070916650405556
81.13 74.23784395105085 5.939519035400387 2.951410162942094 -0.18265439481303453 0.036579970201050346 0.9702872320470994 0.15440843617481662
81.23 74.01600904143665 6.004440250637419 2.93280973676023 -0.2050406938599924 0.03486755577823739 0.9581677236273958 0.19661429453160104
81.33 73.7783359207247 6.053297929243164 2.9383070363087724 -0.21233253549322548 0.039033699722717245 0.9502441747749784 0.2245601767081495
81.43 73.53531214127524 6.075210142414903 2.929446378875705 -0.19034417523982963 0.025057926040173394 0.9590510904785413 0.2082359266475294
81.53 73.291158632435 6.074958384355777 2.918976087334958 -0.20674872622875873 0.022021767276990335 0.9637953234308622 0.16693885258256674
81.63 73.0404398881848 6.0740564746617585 2.9126484524274385 -0.22419659068347828 0.015465588311876518 0.9664065102609565 0.12472033206062383
81.73 72.8051626749919 6.089603437286246 2.9315947089431424 -0.23518803511645536 0.024215263181854785 0.9659420993385602 0.10514784777878064
81.83 72.57487547463508 6.137592123696933 2.946580635972977 -0.21369011923396927 0.03704829180729544 0.9681008252210388 0.1254780826370784
81.93 72.35206343113116 6.188499776897165 2.9504668654086426 -0.20532062361467535 0.04272316799224359 0.9652730707466658 0.1557757083966865
82.03 72.12505420715944 6.255460280478456 2.9687435063865175 -0.204362265226416 0.04326747931764593 0.9610745663010586 0.18083049464694048
82.13 71.89267466966805 6.290913504016052 2.980640444323181 -0.18699740686676591 0.03685970145441008 0.9645198685998918 0.18268758937006171
82.23 71.65935972955901 6.297716175684577 2.977127078765887 -0.1468687445461937 0.02035875479772147 0.977541623222628 0.14975803098926202
82.33 71.43023345370406 6.279034708723173 2.968364241213907 -0.160503894673332 0.01880774863263083 0.9819243665503883 0.09853581460911869
82.43 71.19653798872913 6.245864157080331 2.9677144101235156 -0.18875790060923953 0.011201255434830176 0.9804611806923685 0.05422969656565305
82.53 70.97454466621214 6.228577850920148 2.974240234285035 -0.19379865377419248 0.008909192518402425 0.9801438256700997 0.04099742778226613
82.63 70.75133055895068 6.233567319672286 2.9834319360294033 -0.16131373421796857 0.011142949494385926 0.9850262499137201 0.059808032990005304
82.73 70.5287247647758 6.245595982568074 2.98293039970204 -0.17883204368816658 0.014115923376870336 0.9802200292648067 0.08359745860750623
82.83 70.30599885777734 6.257012219716421 2.9781708694966342 -0.19417158669878334 0.021999946962734492 0.9746195036136833 0.1092255484231203
82.93 70.09239442652346 6.232928117550953 2.981270884850705 -0.19246771838046306 0.023554024025460713 0.9751656859911971 0.10701995234041528
83.03 69.87789071269971 6.185562121391916 2.9711838353132176 -0.1670086494719873 0.02136231690747734 0.9829854827217055 0.07342549404847772
83.13 69.66774314374861 6.124706920273882 2.9561467821694474 -0.21198869929187028 0.022036547997869835 0.9762730906244774 0.03828882927708355
83.23 69.45044287010279 6.051082485961051 2.9411842648634536 -0.22884778806658912 0.018874306918166467 0.9732791624450516 -0.0003498366010651016
83.33 69.23567449494367 6.009345686113981 2.9354311935702118 -0.22455204231287074 0.024082097539580998 0.974139789844294 -0.0069356119648902575
83.43 69.02879450546729 5.995927994844059 2.9353055361782054 -0.1862790533467868 0.0452069748069344 0.9811547627202 0.024326432218846374
83.53 68.81900395588347 6.003678036527397 2.9206705991614714 -0.20354165458524318 0.061412111031556846 0.9750664542522856 0.06359840610600867
83.63 68.61668049983201 6.027204572267388 2.9218001759942247 -0.21227752586933 0.07398186707844465 0.9684876579237921 0.10722216097277425
83.73 68.40267669408024 6.046923059554802 2.9250963333671725 -0.20984630765091133 0.08120169518457723 0.9648117999860054 0.13604779480827492
83.83 68.18772264773237 6.044981743872925 2.9136493111434354 -0.1825796690243975 0.07759769499926496 0.9700531653588156 0.14014320735264044
83.93 67.96747545216368 6.035514830000317 2.9018811408782503 -0.20412322434224422 0.07079489598506024 0.9682450116020542 0.12579105490585785
84.03 67.74291684714427 6.030034018708167 2.8884986711518508 -0.22800858111347572 0.05985523107812251 0.9659154962829277 0.10694247187955629
84.13 67.51991444251 6.049321141922293 2.8962834834879354 -0.23312844177346517 0.0616008815698046 0.9643170339100234 0.10931202649788199
84.23 67.305942130221 6.105677737481046 2.897255333305886 -0.20885512220238567 0.06467453050046192 0.9632122913709615 0.15626523857298924
84.33 67.10598480578466 6.178440298955119 2.9105641584549287 -0.1945840208289443 0.05395381466807175 0.9576767969977402 0.20513702058125274
84.43 66.89963616252058 6.2587314151546565 2.9241076458534128 -0.20147623300055534 0.046822882984523036 0.9479476017380871 0.24209562062113524
84.53 66.67905327949424 6.3298956635993076 2.9461954903224394 -0.20919546028749328 0.04505133143922222 0.9437632313939575 0.25202896658815344
84.63 66.45649923946485 6.3712354445907895 2.9667336378506186 -0.17754762170742538 0.03844536615725525 0.956525419238281 0.22816204372792268
84.73 66.24061026099058 6.3971277565852 2.9805415667553334 -0.20958615463118896 0.046387953811040133 0.9579235566218844 0.19053677124643328
84.83 66.02652485152834 6.418492647679797 2.996511686784615 -0.21792104393576542 0.04395770449963158 0.9637868174814467 0.1472858081216714
84.93 65.81076641986506 6.462751918329916 3.007800192294 -0.20622948604696092 0.03430862098508049 0.9678949043251072 0.1395412906361412
85.03 65.60390838659262 6.517319769874547 3.0266653209907806 -0.1819694443223794 0.023511587984794434 0.9692024981964015 0.16425846721947804
85.13 65.40380791383043 6.583584433194854 3.0388209238555364 -0.19083346107988008 0.024607875796445116 0.9626337566443725 0.19056047111036395
85.23 65.20406217562008 6.649654363351582 3.054670842423968 -0.19630680233544062 0.026207161200022307 0.9558033612857038 0.21729417528691533
85.33 64.987221220671 6.701926996491184 3.0848720782633614 -0.20007017504000305 0.029783248004835894 0.9526952246360321 0.22684067570311395
85.43 64.7716316024193 6.731659192149918 3.0950072913485727 -0.17604171889751094 0.020016610791058674 0.9634765329718421 0.20080243751659926
85.53 64.55587507508716 6.736240404430517 3.099666057828915 -0.19143712676332492 0.025401276361175465 0.9676369398093561 0.16243569303638514
85.63 64.34509235253148 6.731624016931058 3.1052732888628176 -0.22942550240223855 0.02687290650732304 0.9658937239464584 0.11700897309254503
85.73 64.12579935615787 6.72892294864304 3.112761270378178 -0.22989092906722472 0.017503553789107378 0.9689629193019501 0.0891888297669758
85.83 63.91773805006218 6.76235070747923 3.1291733766301664 -0.20999464854191427 0.022456260496440106 0.9717841345947201 0.10504075255949316
85.93 63.71738771322682 6.808424475205571 3.136797448311344 -0.1850821345596262 0.027820530348244697 0.9739270108487621 0.12820608057806857
86.03 63.498074600409005 6.864893346334739 3.1291687226660927 -0.20313534840829034 0.02979583368461396 0.9650125284312377 0.16309217790204072
86.13 63.274500730788084 6.911747303527453 3.1322921010874576 -0.20727930635098143 0.03462961437839527 0.960471033989428 0.18256908783783388
86.23 63.05558198848974 6.940453829582698 3.1203859563745606 -0.18408487627157444 0.023966356802409054 0.9685631110813316 0.1656015456514549
86.33 62.83888713466733 6.941022166087439 3.1185013702969755 -0.177437425865215 0.030401335794972194 0.9747559547121842 0.13207023675812138
86.43 62.622031174007 6.945756427257076 3.1155715434886933 -0.22266021986703458 0.03146096844143987 0.9691715081536867 0.10069370256674064
86.53 62.40654213486375 6.975012710006259 3.113336564935646 -0.2166801129943832 0.032671378639374235 0.9697103333735088 0.10790819708985254
86.63 62.22020187896125 7.033819109423796 3.1121292810769443 -0.1756141827103731 0.03007074561911058 0.971426730313763 0.15679769360800594
86.73 62.02756565042405 7.097045630664096 3.0991831208688105 -0.19516410367357145 0.033943440167750145 0.9605756705851911 0.19507228554225842
86.83 61.835340199013544 7.172874369317816 3.086299043558139 -0.22318404551511306 0.039750914710509636 0.9474537494410742 0.22569922303197262
86.93 61.633417169501534 7.229605648915393 3.0922183787869866 -0.22148352481453207 0.04587245833924927 0.9448136334336438 0.23699781408181994
87.03 61.41727854555527 7.26364388772662 3.0776543491780477 -0.20574377408536626 0.042386814094737504 0.9532718139390981 0.21713062005454187
87.13 61.19855340418817 7.264050999560708 3.048792948923396 -0.21465215319169142 0.03448102979296256 0.9602075456735676 0.17531965362198046
87.23 60.96549011647727 7.257045342139815 3.0401359098180665 -0.2271114855286056 0.026242569007549763 0.9660663090194922 0.12019811683353918
87.33 60.74243222889691 7.2666304833916655 3.0311787592937205 -0.23668091512865624 0.024963005180215422 0.9670903677777979 0.08997340350146976
87.43 60.52228916094495 7.318274088263325 3.0224157612208815 -0.2059772685055899 0.03263180318961694 0.9708423000672266 0.1182106538335158
87.53 60.31379500139689 7.382809631146196 3.0102012730773593 -0.1828455021039635 0.035099290759101315 0.9688487105067873 0.1633025973397026
87.63 60.09581935997028 7.448974691316298 2.997812248753899 -0.2086817639961465 0.032976903055454684 0.959236103821336 0.18769800842308082
87.73 59.869529917302664 7.502011884084541 2.998632531917658 -0.222282511302067 0.046049147508310094 0.956074729194089 0.18544830379233407
87.83 59.62901015783943 7.5247698199201025 2.9920931367591845 -0.20450863502323474 0.037924340601432044 0.9665277479418592 0.15020677431233784
87.93 59.39964673470051 7.531473476911392 2.9930793514313554 -0.2166105972671353 0.0323819490893137 0.9702055417442409 0.10359761239293089
88.03 59.171314924471176 7.538613966161625 3.0061400902774413 -0.2279713120804869 0.026319412541844993 0.971383290429379 0.06124436681317076
88.13 58.93520482375816 7.5678272243776705 3.011731576491243 -0.2317426342626904 0.035025033499093354 0.9707884511845759 0.05136517828284608
88.23 58.71036667764395 7.615717216143971 3.024052475093418 -0.1814236489085254 0.038417864231734995 0.9792862219148899 0.08128974653822703
88.33 58.487166196011934 7.683175567726338 3.0234729256590596 -0.1808054006400684 0.038362037009671994 0.975235557711072 0.12146344384969196
88.43 58.26092220449135 7.75362028729168 3.0381202890253594 -0.20478811540196526 0.03785776644587987 0.9655933707748611 0.1557499907720129
88.53 58.04823281546283 7.793327412276385 3.0552345112205352 -0.19825863933966315 0.034940765756812556 0.9663191293259535 0.1603121801805588
88.63 57.8369705594384 7.810463660358391 3.0690630311215483 -0.14483197844163603 0.02840395326057882 0.9803725190896379 0.13071586465953572
88.73 57.62756044841161 7.814233455704001 3.072966250962487 -0.16365592685153715 0.03321828960294602 0.9799801566245407 0.10840745114778767
88.83 57.41034710317452 7.806775893103734 3.0499677211506566 -0.20756304677807658 0.03054309893974777 0.973422430836109 0.09183393634424897
88.93 57.19295160268891 7.80793551504058 3.035947748742816 -0.2037195066867869 0.010334378665164786 0.9743213576500733 0.09533863456026163
89.03 56.988530757046455 7.818636082815965 3.030284076895519 -0.18171091899739103 0.0012444858150267644 0.9762106237844471 0.11828952270831274
89.13 56.78470232997758 7.8284176265645256 3.0208293960874872 -0.21321956123846894 0.021273433376530225 0.967135353330204 0.13687245185394592
89.23 56.58284368853118 7.850123838247197 3.024590934769864 -0.24025221912942402 0.03615823725147766 0.9563318708094823 0.16248324823282137
89.33 56.382002087488914 7.854851777286021 3.0229732799034057 -0.2315129460607468 0.03361813829053247 0.9558150201036976 0.17801467335116125
89.43 56.170395423531296 7.841174656135702 3.018362049132788 -0.22709133118164812 0.03351243232715311 0.9588746799208409 0.1669305016717138
89.53 55.97091480606805 7.812130761135491 3.017737419103427 -0.24416141994982735 0.03770429155154661 0.9595650421442127 0.13490188027398012
89.63 55.7784236873792 7.769576784156669 3.022539316054771 -0.2585158773484488 0.03571956202881686 0.960312469730176 0.09845615535841978
89.73 55.57340513426397 7.752038562894469 3.0255060427089098 -0.2530562586710794 0.03679431852625659 0.9634463093119894 0.07987438353246103
89.83 55.36849386756718 7.757039251993388 3.0194611122106525 -0.23455510631804477 0.03631641509284726 0.9661017320245376 0.1015503002168046
89.93 55.178216214497766 7.786374116520675 3.0084844419816923 -0.21122618036565766 0.04126593378378101 0.9666573871585451 0.13875921334780594
90.03 54.99274666853136 7.826310286798369 2.995900310457924 -0.24892388609145036 0.047166724251586564 0.9522233412065029 0.17053711478159145
90.13 54.795516852418196 7.8722632237010615 2.9885736044217093 -0.2710639234273779 0.05577292352874423 0.941450332302586 0.1925746666219732
90.23 54.58156946977614 7.899973007618605 3.0004273541857187 -0.26363159442460643 0.059709101699343535 0.9454235617080974 0.18195464974155698
90.33 54.376430841543495 7.900764640391438 3.026408417409393 -0.198531631680978 0.0520753199500862 0.9679598248214295 0.1446621229135412
90.43 54.176969372758236 7.884823654436936 3.0175403288506533 -0.21548715008361008 0.04590377345738556 0.9701688474154124 0.10114612813087373
90.53 53.972057183924875 7.87671664351347 3.0032025308142036 -0.2477672499134533 0.043609003037825916 0.9657457993604496 0.06359792246620725
90.63 53.75571459491072 7.911430939134074 2.99376140731939 -0.2735014726610937 0.03641017388244837 0.9585885520608368 0.0705636701707847
90.73 53.552369418204364 7.984016968924198 3.004151224377782 -0.23148028424779524 0.04781904462728513 0.9641250342137405 0.12080205038759573
90.83 53.36666661607585 8.064682824181274 3.0118841446391693 -0.25339724004504766 0.05600467056106219 0.9514661333415885 0.16542524812405698
90.93 53.180560412626704 8.138932906795596 3.0265858463853266 -0.25133860821432047 0.047165116435519946 0.9461692110175232 0.19841416263712167
91.03 52.98233282677127 8.19787298312324 3.0262817437410554 -0.23978868218138136 0.05979917158261817 0.9475418706535605 0.20270631547660364
91.13 52.76378865200214 8.220421147250393 3.010310236941141 -0.21072597890639824 0.062359213998347124 0.9601024010241814 0.172942966873622
91.23 52.5440579658524 8.223326847311343 2.998520552312909 -0.23680920489951304 0.05721237424102464 0.960561943638233 0.13404811502779768
91.33 52.31534245705841 8.21727554365404 3.0018871938821032 -0.26797277732228464 0.04424838003414025 0.9574785519394308 0.0973010485786588
91.43 52.09008625582164 8.233783674310182 3.0119587711396076 -0.2645011279129243 0.03141054241199324 0.9590099438620723 0.09670811099303092
91.53 51.86634239801449 8.288289930532269 3.016939029938723 -0.19938573440038546 0.03568471242235198 0.9697900896879098 0.13593789817438245
91.63 51.65744261426813 8.340560964991344 3.0269848379391804 -0.18338257783487763 0.024725471785083258 0.9678367898211926 0.1704447988653482
91.73 51.43413716539281 8.384242425173364 3.032099801884065 -0.21738684970464311 0.02402580154018275 0.9576600722941867 0.18722420882283294
91.83 51.203916342990055 8.40584796453585 3.0363035672476686 -0.21760709194324387 0.02589541749220382 0.9610588268006947 0.16835234574362587
91.93 50.986969848774024 8.39278806144908 3.037416625326413 -0.16933213749782566 0.02120534835756222 0.977193368355968 0.12637278683549505
92.03 50.7726721420042 8.377366337226276 3.0323855796783095 -0.19493241879367407 0.018986135630890147 0.9768954651894916 0.08553437232633561
92.13 50.552015521180614 8.355672274820384 3.0245550709642393 -0.21235503732311328 0.010320253439122407 0.9755995882600511 0.05481125686636051
92.23 50.33614405814777 8.35064290393721 3.025451317723539 -0.21377157359460625 0.0028644526510201006 0.9754897972210934 0.052088048067152386
92.33 50.11784213718209 8.367028742578622 3.0283276372977226 -0.23374202321204404 -0.0010555382262685768 0.9689582572717458 0.08051986145476357
92.43 49.91005735820491 8.384678775400406 3.0405994528656812 -0.24097496112456165 0.0032386811521620653 0.9649521148646327 0.10386527366585574
92.53 49.69648416233696 8.389542339895614 3.052108956151832 -0.2356898217627031 2.579813148777479e-05 0.9650011229136403 0.11499191287797118
92.63 49.47704837291662 8.381204445877396 3.0550869386555286 -0.21978483777098695 -0.0033034673460137515 0.9700326404315995 0.10353930986236198
92.73 49.26858035246203 8.344493155721505 3.0517567063077142 -0.19969727828102818 0.0030154605084716578 0.9772000779134388 0.07205492190711785
92.83 49.071444302281314 8.285688127641302 3.051570233447029 -0.23235417597258395 0.00268603247541021 0.9721431331912082 0.0306928448799338
92.93 48.86993817026266 8.224634127979623 3.048700257261346 -0.24608553020296717 -0.0038749044789208897 0.9691600450036681 -0.012478145234434784
93.03 48.66521143188485 8.18061260830101 3.0487540760239162 -0.22638450342384017 -0.004501752142060158 0.9738158935801389 -0.02030754165103023
93.13 48.465305021937574 8.167723279917995 3.0573977841578497 -0.18793941980119366 0.004124258016709565 0.982143469267755 0.007481360524712334
93.23 48.26224734638496 8.152422021711505 3.0648304105979642 -0.21883817223438393 -0.0002597747000350824 0.9754523467439021 0.024546000122898242
93.33 48.068931797840335 8.123629153601629 3.059519094738805 -0.2312367106314806 6.235805747079027e-05 0.9727340048068784 0.017836357817033476
93.43 47.88774605357359 8.08516519996175 3.060681175856387 -0.1936137592222813 0.020667317312723102 0.9807563604654322 -0.014266591797304962
93.53 47.711265492695084 8.04057219266325 3.0511542038475126 -0.1905628856729088 0.029291983902943006 0.9804665823895149 -0.038897906119333164
93.63 47.542827532932584 7.995979051413261 3.0331461888178035 -0.2628102079564443 0.014412435614422065 0.9635565997831539 -0.04776772244808782
93.73 47.38065254835032 7.9619286002310545 3.02947813051812 -0.2705105012107181 0.003860264742193918 0.9611585493910741 -0.054620600722553495
93.83 47.20277896428814 7.928241941808518 3.0289143114536685 -0.25229729465176415 -4.165633678220948e-05 0.9659414425939756 -0.05747349698443655
93.93 47.01344852243593 7.9036327183458575 3.0297353064424053 -0.23349857481599542 -0.004066695472598909 0.971665733972779 -0.03643595710247042
94.03 46.821325131573374 7.890695746099306 3.0295307520814196 -0.21339395312887077 -0.003191362646018556 0.9769382608534289 -0.006668617035970072
94.13 46.61993518252795 7.889516144777189 3.0382648602280007 -0.21309260952750372 0.0015407552305917878 0.9768173097992575 0.020423249364868844
94.23 46.41083786613551 7.866003608735009 3.0373052953922883 -0.22937514704358744 0.003998719512559984 0.9724063139716265 0.04239118669142807
94.33 46.191533597780534 7.825124502368363 3.0384254784277327 -0.23062482397205186 0.003488261023060974 0.9723799460557014 0.03573881799397547
94.43 45.97774886277123 7.7609754274237135 3.0300545083359265 -0.21287102191584972 0.011676268304970693 0.976999442774035 -0.004656351167723729
94.53 45.756601978763165 7.6848526723249675 3.0383716560841703 -0.22996749505613817 0.012379773666886385 0.9722117807489316 -0.042023157836522856
94.63 45.52915028722299 7.621987293032994 3.047742503313364 -0.24498360655513385 0.010282854676620655 0.9674327753602744 -0.06285793965487273
94.73 45.297231573896866 7.578253113140937 3.0537049410174464 -0.223648330631972 0.01627064697654228 0.9734881896158702 -0.04513795443872394
94.83 45.07585504488189 7.564704502642564 3.056714490803613 -0.1770469080185312 0.021692733972595284 0.9839633147398307 0.00011357850514445621
94.93 44.845545412694364 7.5518983939921664 3.0623697430345045 -0.20666446418481665 0.020714944373783854 0.9772592277406439 0.04272109687910561
95.03 44.614551794965344 7.5342318187170765 3.0664922538229136 -0.21688447223563553 0.02310791685717131 0.9741465060665212 0.0588704900606505
95.13 44.393784703877756 7.5012878541541435 3.081659189921668 -0.18580941582490332 0.02812263595560379 0.98132987126139 0.04093485199460887
95.23 44.17949751762015 7.45023087088297 3.082746090769439 -0.15434279785349259 0.03163018607197837 0.987505002747818 0.0034207642187324234
95.33 43.959057900507254 7.395843301436068 3.0825540288032185 -0.18458935369117652 0.024642952560522107 0.9822116400313696 -0.02407882015092979
95.43 43.72010018833781 7.360029595684142 3.082507386137557 -0.21257697311708773 0.02413219741558163 0.9764408319711053 -0.02814194747788949
95.53 43.507372155762184 7.361754411909555 3.084938674368135 -0.17957075868148367 0.03195551394571573 0.9832194270618517 0.0035701545044229347
95.63 43.298221708164014 7.366755005259445 3.0672567864540987 -0.21771631247186232 0.03749653331415499 0.974557295116632 0.037837756382067565
95.73 43.08971127331708 7.385795442752771 3.0644163413654213 -0.24257844245288984 0.042840704586646315 0.9664568767568434 0.07267378246009626
95.83 42.88318745472207 7.394926037033781 3.0717090110445864 -0.2374364445237114 0.037117520863698655 0.9658897495972899 0.09645318076536502
95.93 42.668370590818846 7.385951630198248 3.0820245892135234 -0.19735738069294645 0.01716665438595976 0.9754976553922445 0.09570629335339491
96.03 42.4629946379335 7.369167329529292 3.079705738764396 -0.17164824136824597 0.020179342161853676 0.9821881549166369 0.07372993779026052
96.13 42.24849905452241 7.335538215270042 3.072064444399582 -0.21820950435428116 0.020901003342317728 0.9746394529375625 0.04500774429264556
96.23 42.03769270742675 7.311211703658954 3.0670085659269986 -0.22763097358845355 0.02700933778823636 0.9725960216646192 0.03887948273278878
96.33 41.83597194041108 7.321914707150946 3.0724596227514316 -0.19163391631170207 0.03192927559478079 0.9781267352403383 0.07433070218361472
96.43 41.64588709102163 7.339909473129297 3.0752404218678437 -0.1653349278569756 0.0319063784309496 0.979581269062589 0.10984936025156224
96.53 41.44178316026413 7.36932702487352 3.06899801151812 -0.19880013099035118 0.028817717441553353 0.969325813946589 0.14161749007965363
96.63 41.22662454517308 7.390086586353798 3.074698504445309 -0.21686249836130422 0.032770233777900656 0.9631718903613817 0.15555281482608302
96.73 41.005280085771545 7.392985897591056 3.0773610348703517 -0.20821262795704926 0.02261185238792022 0.9673133672072016 0.14297221867576865
96.83 40.798651304646455 7.369675624874388 3.079466416200211 -0.22330578006879892 0.020126967459755292 0.9689189483054348 0.10452514235067847
96.93 40.59126847271847 7.338525437745219 3.083051406028112 -0.2244831401875065 0.00924087367489425 0.9721115714045382 0.067238521449245
97.03 40.3827365394932 7.326206825541611 3.0871794293239354 -0.22817446203440464 0.007944188965371836 0.972097388170054 0.05385139413192686
97.13 40.177927252420545 7.336420795633417 3.09632762823175 -0.19542117055643768 0.005855959633155958 0.9774296603902889 0.08004706630758548
97.23 39.982447017904704 7.359098149239218 3.093844857443616 -0.19106570000526596 0.020521017580265 0.975788661214107 0.10444747371262302
97.33 39.774747884544205 7.384517692746496 3.0830268941001386 -0.22151715732783964 0.019077670381050696 0.9663743577526784 0.1291773671365213
97.43 39.570257354384516 7.402254238049153 3.08776146205353 -0.2239222774216755 0.028444312583609993 0.964308263492148 0.13841715109297043
97.53 39.36870470493423 7.3966543904038 3.093031494946052 -0.19824435837926843 0.033805570959202565 0.9716705435836149 0.12414794591468968
97.63 39.16742358019385 7.370033163109245 3.0959141949275226 -0.20111175841364315 0.029508660316225392 0.9746141347140943 0.09386473251233073
97.73 38.95788391805359 7.329595062308462 3.0913227612781444 -0.21084028666707577 0.021945868627238397 0.9755359542403776 0.058261087808736074
97.83 38.75251191083276 7.301276725375962 3.0849892744654293 -0.22170203341660605 0.019100961738120547 0.9737652311078938 0.04758819522750758
97.93 38.54253596690561 7.306602740563494 3.083370123411131 -0.19553571008135037 0.02136479355512469 0.9774933592843392 0.07626312499725477
98.03 38.35361001822099 7.3224863199994 3.075893569477443 -0.19260574264175906 0.03402052569211247 0.975657040730929 0.09919158535488516
98.13 38.14694482845874 7.338703083003606 3.0588642824148837 -0.2392072537026341 0.039028487390176156 0.9622752016783435 0.12362484856606307
98.23 37.94176870549173 7.354104636109297 3.063403045553102 -0.24199769638604088 0.03930428647848763 0.960438980927771 0.1320956165915102
98.33 37.73803700868692 7.3501608339231 3.083165712167215 -0.21058541757128948 0.02839581147817698 0.9700066853328031 0.11804444165859734
98.43 37.53562977857559 7.333605393893983 3.1019260016061794 -0.21182045620625647 0.034420060773136314 0.9726244213093367 0.0891576627196178
98.53 37.34643053277111 7.3124932093927315 3.1034160449781933 -0.24192339941117857 0.031489884627869044 0.9669437084379661 0.07417088846506203
98.63 37.152596457798346 7.301528216030203 3.092571801049532 -0.22952964519633118 0.023353023323559055 0.9701225222687284 0.07505378114829706
98.73 36.96275203788711 7.310452216338629 3.079197210400093 -0.23119298671067467 0.021964237917334685 0.9670404308680212 0.10440392815934038
98.83 36.776115830563676 7.325974820754097 3.06620457020496 -0.25210278156216803 0.021948714893513698 0.9589036050856462 0.12832115023211285
98.93 36.59327413459735 7.339133096985449 3.072635019234317 -0.2624418100288635 0.02648945501545495 0.9542538849565262 0.14079107985641306
99.03 36.38872633083562 7.348966045360654 3.0760576001935607 -0.25875333680250223 0.0318210397095715 0.9543630333377835 0.14568916474356502
99.13 36.18935184217694 7.347549624049048 3.0698178247739953 -0.23554761746712752 0.03598418576347705 0.9622844335777261 0.13126738808437555
99.23 35.98784197991729 7.33297693953198 3.0695726485617123 -0.22109106998378203 0.04098515006188739 0.9691225379274925 0.10119517146982442
99.33 35.79235376302579 7.293971064920419 3.067117310798786 -0.24431337431628647 0.03472201349311169 0.9677655336562887 0.050351055362656695
99.43 35.590720320191124 7.2637943462973915 3.072585683765039 -0.25001519932619065 0.02747308341695236 0.9677290127048749 0.015433332844809963
99.53 35.38429055763076 7.2487568205800486 3.0716526969405864 -0.2357202249206637 0.030684800003709857 0.9712852798279906 0.009966132727687971
99.63 35.177788859557545 7.270660753233599 3.075742155248982 -0.21340611480656696 0.034470762460833214 0.9757553697948491 0.034220681101528844
99.73 34.973064570042204 7.295617964899637 3.07551275396134 -0.22962588717540275 0.026861937874501543 0.9713878326563238 0.0543697231902618
99.83 34.756969508074725 7.317395862207651 3.0726515263630994 -0.23701218088867 0.03501752510351502 0.9691323481327412 0.058150587690413896
99.93 34.54591690408149 7.321483355773825 3.0572833964373753 -0.21860262687189047 0.04268792846315677 0.9741164340937642 0.038572076903930906
100.03 34.34792672457404 7.312970089943088 3.037872102318867 -0.22547268372035997 0.04170931471145742 0.9730112783762491 0.025912431666227035
100.13 34.1477425454164 7.298962611400011 3.0231618218330216 -0.27028324390543756 0.029471212140777005 0.962105261375429 0.020781764906397916
100.23 33.95220239209864 7.287169537269462 3.0186412700871883 -0.25800503965169347 0.015220110914550267 0.965882897468508 0.01649169839394254
100.33 33.746319291630904 7.28909302754737 3.013832666303391 -0.23669494471111951 0.011831588286689825 0.9710421791429816 0.030209319622655138
100.43 33.5485252378489 7.312092033788026 3.0133080285290554 -0.1806392284358556 0.01305736323895682 0.9814694930043353 0.06258281487084204
100.53 33.348856718207294 7.335646666017763 2.9861905446763233 -0.20263752933563453 0.022797347559982833 0.9746281723539172 0.092294302657545
100.63 33.15282632138548 7.358483603599677 2.9652378427590147 -0.2411808201226381 0.023633081693284572 0.9633490042544106 0.11503036754129647
100.73 32.945237055738446 7.3749438421897695 2.959885264772981 -0.25346455869078005 0.02898853767340632 0.959246367498259 0.12149810127175227
100.83 32.739004915556094 7.3744076995672465 2.943788316879423 -0.22614752198506896 0.02984107360978717 0.9675257221119674 0.10890723427552498
100.93 32.54329840898692 7.356938539057663 2.923478973289767 -0.26227221888806324 0.025659964683759497 0.9606541549758321 0.0877407769490918
101.03 32.35349235635134 7.328847580271075 2.922508102604501 -0.29238269469551553 0.008186497241193 0.9548473297781584 0.05207607820323766
101.13 32.15711587808527 7.31375166936003 2.9294346697166875 -0.2861140144498934 0.0067249825047631575 0.9573761347308126 0.039044615423460306
101.23 31.96742577866636 7.3366482695693485 2.9384839002801764 -0.24626297311038997 0.01997063497540123 0.967098777879624 0.060627350570914285
101.33 31.780289272038473 7.357636989176157 2.942725055757647 -0.2541019656883942 0.02616211437036883 0.9630562052329597 0.08526711187355576
101.43 31.607053887427814 7.398414941742262 2.939770175883847 -0.27028415221860885 0.02311802469093963 0.9569068736471654 0.10364009436827355
101.53 31.42460126478225 7.450588032324521 2.9331817678722025 -0.2684144556162198 0.03403113821177733 0.954959143035655 0.12185481845567984
101.63 31.23313062399915 7.489913415404 2.9201684284290974 -0.22678056701372057 0.032829217631128636 0.9653961180352095 0.12451165478464835
101.73 31.04495134769978 7.5269889988407375 2.906174659327982 -0.18129922074874702 0.0386234086137548 0.976584806099409 0.10918306351596772
101.83 30.85159671000595 7.546659991356652 2.8852850492594895 -0.1867779893038151 0.031300998738085166 0.9780009111632546 0.08745540551313027
101.93 30.652617668370386 7.566764490202635 2.864887912563106 -0.20558211627125195 0.019944373945775796 0.9762936084781467 0.06472252669715457
102.03 30.43894344165022 7.601710032345867 2.8585316816293798 -0.2130426006784882 0.025044166429670844 0.9748012123471225 0.06122284239211328
102.13 30.229631039897274 7.659236066401903 2.836246215478549 -0.1808798406305365 0.022555763895378497 0.9781765640870063 0.09972126272519263
102.23 30.03325805160563 7.730690770351951 2.808230719672925 -0.14912720822057574 0.015124695704842171 0.9775996755871166 0.14775382783582183
102.33 29.829757633364803 7.797027639326379 2.7880597958862974 -0.21360679818082434 0.008697720310045343 0.960206012216687 0.17972451011276214
102.43 29.620966686137795 7.8413490692042975 2.77976625941437 -0.22477394904396947 0.01052656165335326 0.9570449987296074 0.18284073325597647
102.53 29.417849941154948 7.862492047029254 2.7715066361049057 -0.20232695996038508 0.008958131900992677 0.96753061670339 0.15122188627176716
102.63 29.212002581758068 7.8656117565231645 2.758092192525722 -0.18278771415031503 0.010009642817153944 0.97625852546464 0.115791839366954
102.73 29.015439604540152 7.834161119353943 2.751284556679672 -0.22564384267112206 0.003960969266149462 0.9711195236985222 0.07743408602571597
102.83 28.82046074267269 7.812349154056082 2.745924842307906 -0.22339396186633304 -0.0089278649288765 0.9738020580133664 0.041532912712779896
102.93 28.6223493717221 7.795572960180382 2.7336707008050354 -0.20384025994858157 0.0033436073952835734 0.9787228555534512 0.023228016079277745
103.03 28.426623732068173 7.786472746135757 2.704367984052004 -0.19608712962567315 0.008211772105815794 0.9800252538243188 0.03213885904362667
103.13 28.235928492012597 7.78458239623964 2.6805892270925855 -0.2101987801201489 0.01142346649764561 0.9765328122839249 0.0454933377762852
103.23 28.04082831687107 7.771235555605896 2.676178247645909 -0.21867232264922665 0.004999510156824648 0.9741537340344255 0.056408533682151665
103.33 27.83584176494056 7.726052398616283 2.6767622403303166 -0.19338008926560626 -0.013421912085527682 0.9800603537703841 0.04365428179530658
103.43 27.650030695704157 7.65755634052186 2.670399932655166 -0.16206629364405853 -0.018932408427179297 0.9865980763210388 -0.0005622946291169799
103.53 27.479094674903937 7.572995019452588 2.6640427039829873 -0.19145723465298298 -0.027120000421797328 0.9798539326541649 -0.04994900938278621
103.63 27.30576968871804 7.481786196328629 2.6613701272859647 -0.21389041118599883 -0.03663475923209067 0.9716602278609429 -0.09372933378570406
103.73 27.12879301367766 7.406904630404467 2.669337814173605 -0.21413616700766272 -0.03519023935005422 0.9696510226734727 -0.11262434577852537
103.83 26.96200561103531 7.342719129322558 2.678307291454581 -0.21942905672682475 -0.026220024171816646 0.969532869162959 -0.10568545315721532
103.93 26.79937417707668 7.298806384317978 2.6915069182221862 -0.23222189592722411 -0.01986770114311661 0.9676855487481186 -0.09624419071978299
104.03 26.635122589966837 7.253908769208557 2.6961296110949236 -0.23371808574129524 -0.01145969866141605 0.9687897908611235 -0.08179775563714853
104.13 26.463741886340514 7.209393193753399 2.7001567163702447 -0.21646418379496782 -0.009542303478092318 0.974211256549488 -0.06296530148088017
104.23 26.282371852067726 7.161107747399373 2.687155564498641 -0.17397025109731867 -0.010544938537683629 0.9828904268357445 -0.05957822453732811
104.33 26.11021266218685 7.088259996955407 2.6621326119013036 -0.16847877575863981 -0.008133222859795718 0.9826062416444397 -0.07767706666817588
104.43 25.948850515567184 6.999048849810622 2.640768922445663 -0.22115799461622176 -0.014952136998645825 0.9695575059338608 -0.1040375783254129
104.53 25.799846261355142 6.91215895558823 2.635674765011725 -0.24357143501293776 -0.02207320493345173 0.9612405268785967 -0.1272885664773622
104.63 25.635565573655597 6.827122678688441 2.6310503811475727 -0.2366386141677733 -0.015165893298641717 0.9626262230203542 -0.13085456323253458
104.73 25.47982710644771 6.768410521735054 2.641897716531044 -0.2163478867879955 -0.006446709385685272 0.9698683510456325 -0.11183654796394216
104.83 25.312093342947577 6.720543854257109 2.649003313459345 -0.2316063972206333 -0.007713312350258626 0.969356607717442 -0.08152759443034559
104.93 25.14938060971905 6.694576396556122 2.6687448211734246 -0.2322475012958096 0.0027439125561734713 0.971299034448461 -0.051300631236120685
105.03 24.974841907534582 6.652287229103186 2.669725119844683 -0.21734903462212818 -0.002606489318997748 0.9756742830871338 -0.028500819017470123
105.13 24.799750538938305 6.609118871089744 2.662652940666788 -0.19944555322380592 0.000995741448612511 0.9795529627610811 -0.02639077384628536
105.23 24.6362247244942 6.557144407886624 2.659993954500249 -0.16384904996839117 0.016347183898283175 0.9854019658780956 -0.04323452378176361
105.33 24.474213141201766 6.490002262750589 2.640957739269359 -0.21359328767053642 0.013356982152963966 0.9754190582006733 -0.0525086601311468
105.43 24.314364383231652 6.423360427855061 2.621910995448232 -0.2217519121946598 0.012844127444606876 0.9726904254812954 -0.06733835463697575
105.53 24.137231917311514 6.370039981158302 2.599258059027508 -0.2312397892483119 0.013091765944798842 0.970713717300197 -0.06380943956873708
105.63 23.9640473052398 6.335064706845822 2.580338834903025 -0.2096144598331491 0.013413026242373192 0.9770193948137932 -0.03626253043525876
105.73 23.792349742784577 6.320819716823779 2.552446182033159 -0.23367065029387396 0.017437223167290163 0.9719817527188103 -0.018586092142295136
105.83 23.623664873226417 6.298445880561086 2.5419593955356277 -0.2626006332684266 0.018477899189383477 0.9647237870073098 -0.0027366824519982048
105.93 23.448304832087633 6.27602116311603 2.5409727093124004 -0.26343550631998913 0.021931082513309438 0.9644255288957634 0.0020398146612958935
106.03 23.265969396778477 6.248192510635171 2.555773748466552 -0.21464296809263742 0.01387489584746785 0.9765659801453977 -0.007400671338717151
106.13 23.1054314347717 6.214418582764098 2.553976188798273 -0.1978096708273907 0.014340435151739725 0.9798105361974551 -0.02523884314451985
106.23 22.937511874360403 6.156673333758303 2.5521025720059827 -0.23583314362200328 0.005732276521763431 0.9704947919163776 -0.04989717665788912
106.33 22.769422979053534 6.103258186206349 2.5423582169289034 -0.24326194005363594 0.002869700274826708 0.9675070251423835 -0.06888794990278935
106.43 22.59349720696446 6.0549151729618735 2.5433294073838457 -0.2344289174303078 0.005058091738115324 0.9701113665198622 -0.06246146755711484
106.53 22.411918289650696 6.032947922602888 2.547872410216332 -0.21643472029701202 0.003132516914395948 0.9755373567157566 -0.03838052683028313
106.63 22.228670479994474 6.021790630892513 2.5395991471803825 -0.21768520823091284 0.0039286187544064505 0.9758948026267085 -0.015068187625734688
106.73 22.033531040903863 6.009639159746978 2.5389738483799107 -0.2230390592817517 0.007260907664277959 0.9747699415225218 0.004941493578028513
106.83 21.83154495729567 5.988869344191133 2.530343458764999 -0.21626336442096195 0.011695607164890074 0.9762128859243596 0.010088178111243452
106.93 21.63247030780078 5.942205077584601 2.4961306724837153 -0.18694589457282296 0.014034928287767355 0.9822154321396307 -0.010348823946850603
107.03 21.454755560797302 5.880157529242785 2.467353697379534 -0.1955116051167238 0.00932102265259243 0.9796091979048039 -0.04532273360796625
107.13 21.28085356037536 5.791786402985549 2.442886320448968 -0.23417316694325926 -0.00782356921591723 0.9679328084075124 -0.09059689871532235
107.23 21.105672894445508 5.719121875584152 2.4437625174344872 -0.25099887003890714 -0.016541248505340573 0.9605899315991945 -0.11829174801029652
107.33 20.916128424628223 5.655607613123379 2.4368619351439986 -0.2282359521889963 -0.0031456360169334393 0.9663184051202988 -0.11885787743432699
107.43 20.733804178188283 5.621069778037871 2.427363759191817 -0.22826524704901718 0.00027918786606838733 0.9687890196255035 -0.09665782170544987
107.53 20.544543704623187 5.6037697509138304 2.4114057017544996 -0.2402285473978593 0.002181644886378861 0.9684010415015551 -0.06696945766099213
107.63 20.36291123178163 5.573604803257894 2.4000670213686486 -0.24469409658750296 0.003569063373805058 0.9686839029630033 -0.04199472612391374
107.73 20.177103172004582 5.541797968402195 2.3878208976334454 -0.21955887431308968 -0.0019507232886460187 0.9751743740714576 -0.028723431956520287
107.83 20.002443506587806 5.487793210823615 2.364406955658588 -0.18240234357558854 0.0021772733848262633 0.9825461797217024 -0.03643692156355866
107.93 19.83824962948562 5.411928265640984 2.3424473390554166 -0.18046091115661683 0.008456728174263399 0.9817982138122379 -0.05860555134293812
108.03 19.67873371287255 5.327586127582928 2.3295047737922108 -0.1973018435005848 0.012128357689828458 0.9765263897899868 -0.0855634006731445
108.13 19.49911065373518 5.250714420986086 2.3139220472855198 -0.20810439492702806 0.016524880646181076 0.9734341614553271 -0.09405010602572061
108.23 19.312192321057328 5.191491549932973 2.291646662906939 -0.19411242039273194 0.01857296920200474 0.9781709173738689 -0.07181273889958936
108.33 19.122865474761102 5.1495636754154175 2.2542638600747864 -0.19780369192822778 0.012940408912936373 0.9792258078278743 -0.04269733669183766
108.43 18.947117627927188 5.109732734723424 2.222221821743279 -0.22087424670259165 0.007836784038169826 0.9750750952883267 -0.01953741303147267
108.53 18.76010999888448 5.0582767506807365 2.2110902268479036 -0.21475104262081257 0.014516924397842114 0.976522081634208 -0.00871049252882814
108.63 18.560150224473585 5.0011623588004275 2.186910633182904 -0.2034092620008118 0.020574697058378104 0.978731529208441 -0.016909988366282536
108.73 18.369914954808543 4.926974527267809 2.167540172787979 -0.1846873204132007 0.024524879071124328 0.9818999713354829 -0.034081817388696534
108.83 18.191930273692797 4.841588401171717 2.148796894603124 -0.20944553426685603 0.010141749447099451 0.9762472842652653 -0.05450644969650843
108.93 18.019449531326448 4.744155030777277 2.1384380011399484 -0.22781826318541476 -0.0034131406322904737 0.9703325288801348 -0.08088246303920103
109.03 17.82941361655429 4.660459448942202 2.133740078921299 -0.23485573040775573 -0.002466697934709154 0.9680157291656345 -0.08821705834963932
109.13 17.634803476822526 4.608645301336934 2.1295460681745966 -0.20862050166760962 0.005578003184331677 0.9758852006788026 -0.06398786807297176
109.23 17.456830979335336 4.557938882629124 2.119468260869893 -0.20207000408018522 0.002380317413834691 0.9786562191799468 -0.037337008456157006
109.33 17.270161777505287 4.5222461597358805 2.104464481636614 -0.21621172969364003 0.003529054489967935 0.9762291780713417 -0.014718206393569307
109.43 17.077316162189504 4.474830558787354 2.1038540261848864 -0.22471115688242063 0.013300533055236003 0.974283086197041 -0.010022960809054848
109.53 16.8881983180197 4.403729643474081 2.0925311334182384 -0.1884835293519485 0.01803955539356716 0.981282647820674 -0.035112657123648666
109.63 16.70367083680675 4.326899337864656 2.0769388473716894 -0.14984358929233704 0.028402431194428132 0.9851517268241686 -0.07884336234327977
109.73 16.51247518129533 4.24684543245513 2.065935515950761 -0.19579999570548803 0.020654286325501637 0.9744556988503633 -0.10803635090174567
109.83 16.32372667176127 4.1645145581917955 2.0512876053682283 -0.22694481745622344 0.010524593274508394 0.9670796018034755 -0.11463998666171821
109.93 16.12382759496005 4.114867969942663 2.0384509555488908 -0.21783748955677829 0.007026234982965831 0.9708277284704402 -0.09995489882186821
110.03 15.92222007709017 4.073265367667864 2.008214675234952 -0.19784372321136293 -0.0017708877484048928 0.9777544081942628 -0.06964942497347035
110.13 15.716316568798838 4.041561035083903 1.988116721836486 -0.2043779524307771 -0.007971597473676817 0.9776239851040692 -0.04916757003513148
110.23 15.495565149620763 3.998536917720034 1.9751156798654526 -0.21913694011756896 -0.006036146513895846 0.975239834000344 -0.029151888277666904
110.33 15.271333418691874 3.939945758734964 1.953570570427096 -0.19684569717396108 0.0002676833819234469 0.979511116049839 -0.042540256046518975
110.43 15.05804125236852 3.8525804869866462 1.9186242468656187 -0.14444561974543674 0.004907082349749538 0.9851083207232116 -0.09312883506768112
110.53 14.845312920869842 3.7514846850097734 1.8922626865473313 -0.17399444499063715 0.005191753839218476 0.9748283032067978 -0.13931531886848827
110.63 14.6126928204589 3.66248246674371 1.8762775144440134 -0.21161283302749087 0.0064813855252095955 0.9645290124727354 -0.15767620187625958
110.73 14.378873109895514 3.5919660912658884 1.8618487627487972 -0.20603807968559051 0.0017628778048844997 0.9677160006048197 -0.145158341664308
110.83 14.152434549202868 3.5494870013478224 1.8470446991244838 -0.15058738444855638 -0.0006689660998598149 0.9835047809883171 -0.10020647634969712
110.93 13.92758945039314 3.5217650937239293 1.8294473543073992 -0.17294231623924813 -0.011896631735585738 0.9834959030094625 -0.05181924517738295
111.03 13.700373190611678 3.496534935791409 1.8252929011013563 -0.20504510633492704 -0.007204355317822201 0.9785337199292037 -0.01940001531102339
111.13 13.47113638771167 3.433943705543003 1.8215014213813219 -0.19444100397806838 -0.010857304277567438 0.9806866554349574 -0.01812453496293167
111.23 13.255872536249901 3.350020188748373 1.7981908448143111 -0.1667372054937013 -0.008807469183400654 0.9845546744319356 -0.052661426537456375
111.33 13.05133609579018 3.2431536054288994 1.7721445338418964 -0.20159357938761274 -0.011902765416114411 0.9754914120888977 -0.08737767372703133
111.43 12.850352093309537 3.132133571034248 1.760497352286857 -0.2203954073322342 -0.014202410864609825 0.9672389291424701 -0.12519189232461872
111.53 12.64730154688214 3.0439858246182854 1.753764705951795 -0.21326060565408902 -0.012395334507533533 0.9672509756676302 -0.13708325874633753
111.63 12.43990386902477 2.97270488059189 1.7376776242008884 -0.18132952611164413 0.005140175227063044 0.9774602829949929 -0.10800266999528384
111.73 12.225347868548402 2.9231923558145123 1.7232022739609163 -0.20703547249962975 -0.0012583898504234733 0.9756512309882772 -0.07238373472610211
111.83 12.021001678006142 2.8709114666859525 1.7222217529414179 -0.21463391202820303 0.004388592980928706 0.9755705594196404 -0.04663804940997726
111.93 11.805116827685714 2.8067249861588675 1.7153306445922452 -0.208546030680946 -5.442513538340014e-05 0.9769128538040768 -0.0463662182790585
112.03 11.601176634766496 2.7179633561709124 1.6993011691156932 -0.17192585029668303 0.0019222363251843381 0.9819866998558301 -0.07835769466701117
112.13 11.412338969181285 2.6148124639873744 1.6777121562561053 -0.19253378534865317 -0.0035451702545839948 0.9744524299413191 -0.11558821327732019
112.23 11.226905416652118 2.5103193412537586 1.670451542609748 -0.20832892477559226 -0.006415969635361924 0.9674407076710116 -0.14358402270620468
112.33 11.020945014917054 2.4208036941943343 1.673761179457432 -0.20186382910101536 -0.0028689531502712174 0.9677751907061164 -0.15051227146727236
112.43 10.811366672475907 2.351273601018716 1.6585422470037483 -0.17690212664895977 -0.002317992978821286 0.9772336439405642 -0.11710964796408634
112.53 10.610984604258878 2.3085917849463096 1.6394971512614085 -0.1616295053045772 -0.0001772089235647009 0.9841979274927953 -0.07232089000338403
112.63 10.404826004970388 2.2719853272423536 1.6238059900311541 -0.18206008606927962 0.0032376497137217245 0.9828046459849193 -0.03063773025593197
112.73 10.184911794248109 2.226672844847683 1.6204763830238385 -0.19427345034406185 0.009081563765053284 0.9808886880897384 -0.0057212995540101
112.83 9.976198097874624 2.1513694252834643 1.6120434715186682 -0.17560937183653336 0.01339537427909618 0.9842116661000798 -0.01758717668093033
112.93 9.778452039371718 2.058649366189365 1.591775000913697 -0.1761362290769019 0.015527181475698973 0.9833851564834095 -0.04109220668314204
113.03 9.58771642843951 1.9632697761627251 1.5855423784903913 -0.19115462506138373 0.015496224614372334 0.9786655615852016 -0.0737122439453901
113.13 9.386916026247102 1.8803771509263136 1.593281294885583 -0.21320262570348902 0.012012288716147236 0.9731484124068996 -0.08592154993288077
113.23 9.174526640888915 1.8279894074303138 1.6048041646092965 -0.20490262948259266 0.017269938426953835 0.9766189956730257 -0.06270565324162776
113.33 8.97767676657339 1.801404579182103 1.5923380782085306 -0.18654819727326558 0.030157245305256646 0.9818466000890668 -0.01635740025901823
113.43 8.778272835869958 1.7953284599223536 1.5823221474117435 -0.20076534901436155 0.034126457923831455 0.9785686149244834 0.03053072861057494
113.53 8.572635710888138 1.7848422168241262 1.5842974084598966 -0.19728816554886103 0.03025950655689527 0.9780913136226209 0.05915339561913704
113.63 8.357700302582838 1.7438078730592992 1.5799283078964756 -0.18416544456836736 0.01128583300581199 0.981724870217869 0.046604701436754825
113.73 8.15985113802676 1.6733727754768455 1.5633420992192166 -0.1450976164322526 0.0053041860831425204 0.9894002171784284 0.0023994922281597502
113.83 7.976770708295137 1.592740532362425 1.5336898204210643 -0.1742669472345411 0.004785313204517674 0.9836127877180578 -0.04597842664336604
113.93 7.758240424822818 1.4936772975295767 1.5129173729155085 -0.2100337392726081 0.0020152576002807755 0.9735057307461848 -0.09037897603042011
114.03 7.53822174460951 1.428728739382579 1.49716546276902 -0.2095686434298613 0.0018139093687491261 0.9729572486684127 -0.09711789581411916
114.13 7.322485005636166 1.388007339768704 1.4944332771844502 -0.14378347539874084 0.007767518715446467 0.9882153963049249 -0.051925989265158866
114.23 7.112475157872424 1.3659629835211413 1.4800629459802876 -0.14858770743977862 0.004903789957148437 0.9888369373857037 -0.009957776032279647
114.33 6.896892019096931 1.3361534248525173 1.4697168302209915 -0.1712870036605332 0.010513435487990714 0.9848122735372119 0.02636315500284805
114.43 6.673225718590228 1.2798278762760282 1.4472321083328064 -0.17819102747444227 0.008381875662013719 0.9835328586732551 0.028996858416109897
114.53 6.453676989994289 1.1904683955489694 1.4152863789740127 -0.16515498037406595 0.014216599366404034 0.9861385582103797 -0.007243256922883835
114.63 6.254793871483839 1.0708760927868521 1.3931220905508783 -0.18881492464227784 0.006943397153296058 0.9802959404718957 -0.0576244962027813
114.73 6.0527198269518605 0.9503134962346921 1.3868986442322029 -0.20752835503877753 0.005990862902257282 0.9727660633218207 -0.10306443356441289
114.83 5.8344605487399415 0.8448751734665133 1.3899239812934745 -0.19072638132226158 0.020676279648223918 0.9745051732429513 -0.11634262439170437
114.93 5.62420661409338 0.7957898617746398 1.3751984217038469 -0.15929058982335692 0.04475110216400561 0.9830206817943419 -0.07933590620533147
115.03 5.416245266463539 0.7540011951214483 1.3430384297694271 -0.16853803371385784 0.046274474986781444 0.9842828864645684 -0.025314098236794303
115.13 5.206170645546197 0.7294706154878802 1.3288939932303514 -0.17859872360914242 0.04569451162050303 0.982677823027843 0.018942113456747275
115.23 4.993096394323083 0.6944633826288766 1.3202369862458714 -0.1855417738798769 0.04525032794945531 0.9806225646956211 0.043658258963888315
115.33 4.766749432712643 0.6480580510653094 1.3030736699284107 -0.15409620491190495 0.047167064484669986 0.9861798042098077 0.03845804764093914
115.43 4.55750513325631 0.5865278423016402 1.274180201927985 -0.1411663880202446 0.042288481488542175 0.9889221072004474 0.017798907745640573
115.53 4.347986840051854 0.522131093322445 1.2458143513687387 -0.17713095902801454 0.039988160205834164 0.9833742709223359 -0.0007833805797427362
115.63 4.1304532726045755 0.49258153982555325 1.2316262319958065 -0.2108818020581469 0.05015987948433921 0.9762036582396031 0.006266553314349024
115.73 3.92146905359784 0.49305114867092 1.2317050819873878 -0.19396034065342502 0.06501898120186465 0.9771563606637508 0.0575965723932671
115.83 3.7214802639651476 0.509288298880946 1.2173620897573945 -0.163560810387421 0.06993136437325331 0.976736427500209 0.11976400451068166
115.93 3.528395960594769 0.5389924492317952 1.1998090999422524 -0.18633733895348928 0.0652923556856911 0.9679415213298681 0.15525629032785268
116.03 3.322791200125263 0.5665989829451511 1.1996927496333227 -0.21279508686920254 0.0670667177822647 0.9590673562188415 0.17438495521587996
116.13 3.12162168302826 0.5741996599931316 1.1998672059260687 -0.19691852840623175 0.05459313262087968 0.9644337067728597 0.16766129034850247
116.23 2.9227202046957195 0.5699126281111789 1.1829158726213014 -0.19729949433695698 0.04606055112184883 0.9687378025173476 0.14317264102681382
116.33 2.7331554674509024 0.5503588004479288 1.1676371369161962 -0.21512039736098562 0.035728741105631893 0.9694613618599219 0.11221113830170264
116.43 2.5279304289824505 0.547708657639238 1.153029297210832 -0.23241859778531196 0.03876953975811475 0.9678054264292331 0.08849392501513309
116.53 2.328806398041366 0.5696553099792672 1.151187004635727 -0.20711505532604302 0.04865591859614061 0.9730365751160983 0.08908298900008602
116.63 2.131783358001894 0.6041106599199226 1.1380873482399976 -0.17029702268994365 0.04784876089669901 0.975832009840798 0.128301631765385
116.73 1.9540087485725317 0.6539349793211251 1.1102959520520101 -0.18059259209307008 0.04415074111322261 0.9684277976233838 0.1660862081287357
116.83 1.784324488650368 0.7066024863326421 1.0924872073117968 -0.18450485037137915 0.04429215544543788 0.9643192198794326 0.1846201704217469
116.93 1.5851568742656625 0.7440589438184092 1.085234214474632 -0.18795848753786218 0.03263077307521106 0.9637455746325146 0.18655108412238586
117.03 1.3984697369458543 0.7545892264449733 1.0700552677551862 -0.14390741027746884 0.016821633615658645 0.9766524124804926 0.15861196394272006
117.13 1.2032288954799186 0.74908548812517 1.0509372662520147 -0.15422695630295497 0.008807803585285292 0.9815229535839509 0.11291217885315574
117.23 1.015844289423903 0.7242724965078322 1.02308823772666 -0.19060559201655403 0.0007169589908450828 0.979340474039888 0.06753688006675962
117.33 0.8344199054176666 0.7168132399551255 1.0052886383536923 -0.20080339325609028 -0.004579963300028216 0.9785258658014997 0.04630497975850859
117.43 0.663250020200862 0.7235703145236243 0.9960251748560881 -0.16997949605849333 -0.014594958759120653 0.9836372730993955 0.05789363581694844
117.53 0.4801631672596747 0.7359706426172561 0.9766852661430263 -0.1667615031970258 -0.020228562033585272 0.9837183488592423 0.0638718752438676
117.63 0.3297883349902626 0.7381930362929107 0.9526421117262107 -0.19657275734121668 -0.03031840193634187 0.9781835161019732 0.059974614643851475
117.73 0.16451611128699362 0.7276812032313347 0.9368751799790465 -0.2044810295719186 -0.04209167786555626 0.9772545900081515 0.03727285215368073
117.83 0.011836204062086183 0.6763275706477869 0.9205547299693347 -0.16623658860502658 -0.07020895010632765 0.9833997376889955 -0.019001469604889305
117.93 -0.1259876625432842 0.6104817432395877 0.9020538951695011 -0.11151300079169342 -0.09712519034891998 0.9833049387261306 -0.10603275687691241
118.03 -0.23505298723210488 0.5188894080275755 0.8655319388174157 -0.1469325074816226 -0.13246147512461168 0.9634564282971607 -0.18060040594044388
118.13 -0.31499307596503534 0.4131198862294934 0.8272147429703293 -0.16859782630545386 -0.16127321009602597 0.9349551829429456 -0.2672536820298687
118.23 -0.3694642804809138 0.31023660294929156 0.787129236908601 -0.1606901835365116 -0.1905591723233584 0.9016421723904469 -0.35342221170361443
118.33 -0.4045887479572814 0.21000716472093786 0.7483909110007935 -0.1528856507310292 -0.21120648851828322 0.8646651165768432 -0.42938564622432357
118.43 -0.41191524767117954 0.11715552810762046 0.7141525496003496 -0.14743371464108126 -0.21311993753471653 0.8158238720416374 -0.5169860750729374
118.53 -0.3976836236510007 0.03768051988436233 0.6872446347357436 -0.13980320490343676 -0.22030501794562252 0.7571805995756932 -0.5988307795971252
118.63 -0.35320978050605406 -0.024108294238391854 0.6590491774513242 -0.12299249204965755 -0.2258608987027295 0.6869016997902463 -0.6797247650055724
118.73 -0.3041703744368044 -0.05981234737287309 0.6400099413034582 -0.09489636472505847 -0.22182465857649022 0.6059368884220475 -0.7580428669005465
118.83 -0.2642057297993002 -0.07664959228055473 0.6306211150696929 -0.05666450924781045 -0.2025012073994412 0.5126746720161327 -0.8324344268869615
118.93 -0.21060033162625344 -0.07417974528088091 0.6122820120587055 -0.01497313649109069 -0.18402697059471596 0.41982997728753935 -0.8886240315499548
119.03 -0.16661119212657968 -0.06150495337166585 0.5894516563391952 0.00041737126592243906 -0.1836353683387049 0.3363349824361681 -0.9236647968207932
119.13 -0.13345024499738672 -0.033417356342978974 0.555394130666916 0.006630772837514679 -0.19538986406246814 0.26152690916803467 -0.945189139619284
119.23 -0.09642796518527302 0.00023878617430540122 0.5172434836036965 0.013869661538293318 -0.19979352357067334 0.19543200761645096 -0.9600502647398371
119.33 -0.060909185778357064 0.031765685195509666 0.47381540713870873 0.021454443896597404 -0.20220574993679907 0.1347686658744229 -0.9697886100733564
119.43 -0.028503857205289185 0.06342288508305233 0.43277640200360296 0.032105946473737296 -0.2072796007855492 0.08926059544118499 -0.973671875634032
119.53 -0.002505839991023567 0.07972341145692283 0.3867651580618656 0.03518961077780314 -0.19240789694121063 0.05672928688510784 -0.9790417154020937
119.63 0.014513726628660368 0.08621583080749426 0.34378232672790354 0.03674052213058017 -0.18597815267755552 0.03368005473301492 -0.9812889047948098
119.73 0.03321505302075291 0.09708442090302721 0.299059236499621 0.04035561101565631 -0.18723235988340936 0.01120313127543316 -0.9814224156405171
119.83 0.045478406502058845 0.09534224976064712 0.2684689316873887 0.04223644793985087 -0.18358282074086787 -0.005551588030655451 -0.9820807554700319
119.93 0.053232170497026686 0.0906211484610393 0.2418644042571763 0.02822457607773825 -0.18657335954058357 -0.011648557189242193 -0.9819664281075913
120.03 0.057032099911013115 0.08285340930211751 0.2237913935776258 0.014798321176185092 -0.1758200191388244 -0.013189712196308854 -0.9842227197400844
120.13 0.06207941088391039 0.07875018271329425 0.20852292274326756 0.005877547777489405 -0.17488041733144324 -0.01605367213347713 -0.9844412494796906
120.23 0.06854321219628036 0.07567954525701422 0.19299850492440207 0.0009582128248802316 -0.18004783659232915 -0.018846701116850672 -0.9834768224130228
120.33 0.06776672635533684 0.07115385050175566 0.1787857331488 3.075334189093723e-05 -0.1778372634280251 -0.021902740819873173 -0.983816129536023
120.43 0.06841459696652569 0.06883714617927253 0.1690635022878747 0.0022022054808223217 -0.18166795260688628 -0.021371828267524137 -0.9831251956099721
120.53 0.06904896745055313 0.07075535234707744 0.1706976293568309 0.004183137440750821 -0.17984725491210274 -0.02273197087523161 -0.9834229627997613
120.63 0.07013303354386419 0.07710811002149165 0.16519880995651307 0.012548986385972943 -0.18229466851866263 -0.020419440446834938 -0.98295179089424
120.73 0.06839459202505875 0.08188165697862507 0.16291665299615077 0.020025965900909572 -0.17889740538873292 -0.017182133259995243 -0.983513829761204
120.83 0.0645343288565388 0.08226458610043672 0.16375693383889572 0.020797465574891635 -0.1737806616560664 -0.01731190887475484 -0.9844125379489805
120.93 0.059094721592195164 0.0773640355274744 0.16620883492764546 0.01939249588512983 -0.16875047431055698 -0.017679290988769938 -0.9853094190118359
121.03 0.058406288359692686 0.07836536964672633 0.1681209781311866 0.02001248159999785 -0.1702974342365639 -0.017618046354234404 -0.9850319227899739
121.13 0.0639647203470229 0.07751319480580207 0.16428855241848261 0.017823832852593875 -0.17470416297095234 -0.017892467834788043 -0.9842970212379203
121.23 0.06431831113659058 0.07534044749592236 0.16635917911875042 0.016660931856392017 -0.17887305600491885 -0.01806561484928541 -0.9835651868306722
121.33 0.06344213171269823 0.07686399223861926 0.16707238907506905 0.01685587070846865 -0.17909800825305075 -0.018099137462340736 -0.9835203120859116
121.43 0.0643456361584806 0.07904263357889535 0.1694355043791441 0.016966965607103094 -0.17881032906436617 -0.018239763418159576 -0.9835681467638274
121.53 0.06371734220164336 0.07963162993308932 0.16726399858475555 0.017143125991248533 -0.17768742440799515 -0.01818773480640601 -0.9837695353796605
121.63 0.0631627374646123 0.07951148275711807 0.16766026597885308 0.017256386675512957 -0.17718142305901385 -0.018477081423110043 -0.9838534229771077
121.73 0.06242550435680574 0.08023962096839492 0.16838255541885527 0.01810047788202592 -0.1790015427132456 -0.018174379843593803 -0.9835143681329832
121.83 0.0676736385319763 0.08178961896748972 0.16684073712288533 0.018482000926744357 -0.18094546652999538 -0.017830933493924544 -0.9831577755348941
121.93 0.06968656033029925 0.08183445226088781 0.1677931267558076 0.018021424739570566 -0.18452058253807088 -0.016121549374274752 -0.9825311590560066
122.03 0.06499255461644124 0.08616065017346673 0.16766775133874232 0.018545149486573657 -0.18334520382525019 -0.01594876432640312 -0.9827442447459355
122.13 0.06640746128075398 0.08542706799524269 0.16781142691337886 0.0156657753252158 -0.18266196552177155 -0.016473655583161308 -0.9829129201037652
122.23 0.06908202051250271 0.08566153935398405 0.16964187874371586 0.016793511989505936 -0.18252997181955316 -0.016283424527349485 -0.9829219894926929
122.33 0.06807098867027886 0.08487218518525838 0.16900917389846307 0.017523789134831505 -0.17912559484059318 -0.016650367403760104 -0.9835292081848314
122.43 0.06567191173586696 0.08532670408569482 0.16579869232731445 0.01829999351119756 -0.1768306824146893 -0.016497903736158618 -0.9839328428132471
122.53 0.06474363005695588 0.08757547289225741 0.1675874861676616 0.017621324505539212 -0.17714108775881324 -0.01668706759396236 -0.983886205678995
122.63 0.06287045375053373 0.08006649918681528 0.16933443979513624 0.017649420739105404 -0.1787127068200249 -0.01665449210352648 -0.9836019999275152
122.73 0.06609700043771455 0.08237188303375514 0.16847793020608323 0.017416393606224788 -0.17872254073204893 -0.01688279260555636 -0.9836004747771688
122.83 0.06561602523669934 0.08190637670835092 0.16759178857540857 0.017892918964487085 -0.1779096348929197 -0.016805992645835113 -0.9837405978581887
122.93 0.06783487555131536 0.08294686627501283 0.16653252385444522 0.017996678516958884 -0.17765750045699408 -0.016707454614879932 -0.983785948798834
123.03 0.07022355967643729 0.08385892149690288 0.1653799598141897 0.01753963786080163 -0.17789836068711412 -0.016601936547260686 -0.9837524638197508
123.13 0.06641159701492821 0.08442036078314816 0.16859780860161222 0.0174241347529319 -0.1782225859596792 -0.016897826839630984 -0.9836907912703333
123.23 0.06856535401003097 0.0807227638163927 0.16561299680202132 0.01779657099538114 -0.1778652945101615 -0.017052271643326625 -0.983746125329814
123.33 0.06892971192951955 0.083205058449949 0.16567042154190975 0.017804092880058426 -0.17769800735255317 -0.016915004006648002 -0.9837785904862462
123.43 0.06713528539833838 0.08086634021295495 0.16715584176822174 0.017904264059633218 -0.17811616267061292 -0.016919279367414993 -0.9837010765012236
123.53 0.0694456430246188 0.0842442842635619 0.1660380164281799 0.01773920709415474 -0.1779121979040522 -0.01688156345476619 -0.9837416242001468
123.63 0.07103072809118205 0.08297189858196505 0.1675867349958375 0.01781209274906456 -0.17774734360599448 -0.016883685908326843 -0.9837700708717766
123.73 0.06868300115535098 0.08515232644491405 0.1667167268403281 0.017837033826714643 -0.17769689532778365 -0.016719209649286075 -0.9837815416259011
123.83 0.06780260814071876 0.0816368213104588 0.1699433026708561 0.017653284448374926 -0.17798022030654403 -0.016579034149463868 -0.9837360105000172
123.93 0.06494936687885033 0.0834694539732215 0.1691695942157552 0.01765850735297537 -0.1778998074485429 -0.016539904235711923 -0.9837511205562663
124.03 0.06371852291438171 0.08352059330715797 0.16923943930873098 0.017520415423789727 -0.17815376838150848 -0.01653869166157135 -0.9837076504393819
124.13 0.06370654435125575 0.08664906395401681 0.16982047844214843 0.017489960671943087 -0.17811428706478766 -0.01672526749984043 -0.9837121873018323
124.23 0.06170948990537987 0.08556804130920703 0.17284424052378297 0.017657094288801543 -0.1782761106974611 -0.01672386257014239 -0.9836799112498933
124.33 0.061111533249612666 0.08721252329030672 0.17361346047503728 0.017619058370743422 -0.17807707407684661 -0.0167839352787482 -0.983715621501924
124.43 0.062372125362670325 0.0902558597975949 0.1715689360709862 0.017595799626010718 -0.1781083970590042 -0.016685300230111378 -0.9837120450054602
124.53 0.05756827121790917 0.08922463315459321 0.17122483665014254 0.0177182449523955 -0.17813826866968288 -0.016579820514314853 -0.9837062216855641
124.63 0.062375220780014395 0.08858208637082508 0.17227188725572695 0.017778146499407992 -0.17791191739728293 -0.016506698141954438 -0.983747333450779
124.73 0.059687930934182294 0.09297250629638784 0.17506993761622872 0.01783635466344052 -0.17806078264040873 -0.01656256084255032 -0.9837184067181735
124.83 0.0597037023401749 0.09039885638735701 0.17437905519520558 0.017766365328279365 -0.1780967343474024 -0.016478588888708838 -0.9837145752636025
124.93 0.058570332354631195 0.09257656119770022 0.17656884545382884 0.01767097358944697 -0.17809868186133976 -0.016652402808778857 -0.9837130138878659
125.03 0.06104024552023289 0.09132384734427622 0.17465212518807774 0.017684465431768697 -0.17785506210403637 -0.0167940166955683 -0.9837544396695707
125.13 0.05909999157285042 0.09542421171879444 0.17540638032948522 0.017841970361356076 -0.17782288329830917 -0.01673247705476266 -0.9837584614531721
125.23 0.059184050903659004 0.08961004012903932 0.17092138345922137 0.017742607732031575 -0.17792539449191563 -0.016644115219909158 -0.983743222235513
125.33 0.0592118834863304 0.08949905784683819 0.16975619725757335 0.017661862399701096 -0.17775107475463497 -0.016582167044415747 -0.9837772338168114
125.43 0.05889510712519695 0.0913049948542568 0.1713229648822474 0.017645510574112778 -0.17781409259079206 -0.016513202176381636 -0.9837672990024492
125.53 0.05999227248641982 0.088954952967763 0.17039875373611157 0.017654934825721943 -0.17792688694172185 -0.016611734857645725 -0.9837450769607676
125.63 0.05705144069565824 0.08821144155117903 0.17021714609337416 0.017819714465752458 -0.17795608655880701 -0.01666231182191502 -0.9837359688441727
125.73 0.05567287447135295 0.08890606129905011 0.1701838919341088 0.017607044288995847 -0.17789914251285086 -0.016653082795986422 -0.9837502538337604
