0.0 0.011125908478327489 -0.0233540444635805 0.04405452607536467 0.0007042272576938358 0.24347526047964213 -0.00017678183992058977 0.9699068359108112
0.13 0.014561405916013863 -0.023666262931810005 0.040652209703056094 0.0008989395173375426 0.2433883991771404 6.572969398976959e-05 0.9699284894946332
0.23 0.016394073916899614 -0.024593482751435466 0.03957209069033234 0.0010380347246319566 0.24329807775149728 7.856672832216781e-06 0.9699510130849958
0.33 0.018105556915430393 -0.03042752242035795 0.044317956791755694 0.0006980400440813642 0.24324233674913381 -7.591806252120308e-06 0.9699652974695963
0.43 0.023280753279757357 -0.03290980061648973 0.03699441712899694 0.0008919318599132594 0.24326018751245085 0.00037332748091752446 0.96996059005279
0.53 0.02474381860928373 -0.02624517950878127 0.0401095551480389 0.0006367515114536927 0.24347662303343534 0.00025211653665158687 0.9699065238573247
0.63 0.020491344595449025 -0.023147167767578653 0.04640892046864156 0.0005760046114547858 0.2434943873266822 0.00030495932661897 0.9699020870989505
0.73 0.021304714070841606 -0.02109008205063164 0.04284907353824832 0.0006906231842636492 0.24312367609639546 0.00019424276689556036 0.9699950326835389
0.83 0.023595182894960865 -0.013119722490787824 0.04408896442828153 0.000514866088969113 0.242967756368895 0.0002979327750653123 0.9700341826523627
0.93 0.022417875876412707 -0.01915766420413583 0.04673146166663859 0.0007490643406764517 0.24328081902488913 0.0007729384872767678 0.9699553002913524
1.03 0.022237438763463006 -0.01518128773517727 0.04831879357293931 0.0006921282584341032 0.24346302225496774 0.00037675432591283104 0.9699098596308469
1.13 0.02141337840708187 -0.012985561717578436 0.04816155089335307 0.0008761631390192306 0.24378827047093315 0.0005831263064493726 0.9698279081788973
1.23 0.017291158279783128 -0.01959753470435557 0.053744677599383395 0.0007594410290819356 0.2440017704267039 0.00038362292662070353 0.9697744130009863
1.33 0.020201291922997633 -0.019292005902106203 0.054969020844142666 0.0006651829320398447 0.24352755577943896 0.0004899075339729232 0.9698936266923127
1.43 0.014691204465674429 -0.021405448216401578 0.0573879325944946 0.00082249858454862 0.24366561505958695 0.0008016155247397275 0.9698586231746678
1.53 0.01699380086206874 -0.019182883918710085 0.05256913781922357 0.0006176211297964516 0.2439064380652947 0.0002952522282475159 0.9697985259014175
1.63 0.016499686095074472 -0.02476380283087961 0.05463137352875453 0.0005228551085475305 0.2436903791693065 0.0003742795704835319 0.9698528680360018
1.73 0.020867111274862273 -0.018555306851485237 0.05259640604070731 0.0007436600849133244 0.24357605017060446 0.0006348455669394598 0.9698813080599459
1.83 0.022412166256619275 -0.026483689064626278 0.05791140269133684 0.0003134213327416722 0.24354443270106296 0.0004713414788272651 0.9698895756242544
1.9300000000000002 0.015812019081193954 -0.023175206214976592 0.060665941577244545 0.0004058697416032908 0.243762973607535 0.00045048350863467805 0.9698346482944263
2.03 0.016798540367689394 -0.02350241497887524 0.0553350054056407 0.0006423807888309179 0.24341338613266536 0.0006728106230511396 0.9699221917887112
2.13 0.01847554354013851 -0.024515042273970264 0.06201680464919994 0.0005497837754611592 0.24384262667800158 0.0006517745401613294 0.9698144391287035
2.23 0.020205337769786086 -0.023138371979073112 0.059648711573859134 0.00046527110596741834 0.2434970423705761 0.000775547871618843 0.9699012178593647
2.33 0.017617781527892583 -0.018725533591756927 0.061526872040732455 0.0008351135032213725 0.24375179338418523 0.0005941055229460856 0.9698371063462451
2.43 0.022819889270138404 -0.02416490327954465 0.059499889085120626 0.0007182922528521031 0.2434561270860255 0.0006432121130893747 0.9699114312753976
2.5300000000000002 0.022782470807530004 -0.018170679106834568 0.0601394257394223 0.0007378632468062681 0.24338879582182757 0.0007708245213567435 0.9699282218060196
2.63 0.020735407074807092 -0.018586064653039108 0.06240308177646199 0.0009077290871888717 0.2433341677741933 0.00048219843654800687 0.9699419705870103
2.73 0.021006579508966654 -0.01815350447338124 0.0571620734663687 0.0008828029961687867 0.2434188236093893 0.0008198970521154271 0.9699205249608417
2.83 0.019952249767435107 -0.021151755804627765 0.05936304738252772 0.000855289457245532 0.24359258351359225 0.000654406534983201 0.9698770507075651
2.93 0.018099550630199315 -0.020227252416272566 0.062040351695191606 0.0005559259238301345 0.24357330063544905 0.0005202952944926895 0.9698821925660491
3.03 0.01862223590369156 -0.015949274289729337 0.05826186919183702 0.0007451787809033076 0.2435962092285397 0.0007326917439009707 0.9698761749423885
3.13 0.015622842056264248 -0.01831519554096655 0.06060467568311581 0.0006640331010406551 0.24334405014543484 0.0005634671124398979 0.9699396449386272
3.23 0.015608965661207003 -0.021036104219586727 0.06093110847254024 0.0007131458116613887 0.24317536114560911 0.0002496891001936891 0.9699820476741345
3.33 0.017968461978445496 -0.02050800758421008 0.06416934219593862 0.0007020704673541048 0.2434608356901398 0.00036033291880169325 0.9699104075853116
3.43 0.01927655536218268 -0.023642440176480962 0.0660333200228919 0.0008505846218567373 0.24365320386289627 0.00055702825718115 0.969861888349402
3.5300000000000002 0.016979839965156406 -0.021071616648741805 0.06575900437201006 0.00088058026191656 0.24365805420599151 0.0004058356905998113 0.9698607180911828
3.63 0.01955516943309763 -0.02127223110444396 0.06054796509124412 0.0006850945355657696 0.24324762797609029 0.0005740456655009746 0.969963809943988
3.73 0.020747747219591467 -0.02368864283369256 0.0650397988492491 0.0008080496619429483 0.2438435044464232 0.0006749736445943259 0.9698140217617037
3.83 0.020616758676614368 -0.022399243650660233 0.06593461420793303 0.001090135386930927 0.24364843511527715 0.00044061718859424376 0.9698629065631947
3.93 0.018012534379853222 -0.01932397367570006 0.06789926034978741 0.0009927560012382487 0.24384955992478527 0.0006218931875792895 0.9698123631965485
4.03 0.020433340840113192 -0.017403229264026026 0.06848303655060539 0.0009384874628730864 0.244240396883457 0.0006476886625048643 0.9697140445878311
4.13 0.02061960889885002 -0.02118305410723528 0.06725549178147285 0.0009576774997849482 0.2441490275946272 0.00018406507867138274 0.9697372331195968
4.23 0.022972615525857783 -0.023610790896066523 0.07029136399233765 0.000740931043875089 0.24384690670978196 0.0004467253418034724 0.9698133519114531
4.33 0.023266634657061906 -0.01491482815712561 0.07019385709569827 0.0007897544306060504 0.2435865050255271 0.0007439023840662209 0.9698785684128871
4.43 0.021784831178687843 -0.019844380771001313 0.06673787197597483 0.0010295016171409427 0.24327719153863203 0.0005979832301509527 0.9699560766444801
4.53 0.021539677498921956 -0.02176684958642595 0.06269187732078435 0.0007975959695963241 0.24362074472294928 0.0004306144613769004 0.9698701516968602
4.63 0.021562847340436807 -0.01904650517127287 0.06647657983682069 0.0007256356389934196 0.24342977330582108 0.0005936192200984474 0.9699180720748621
4.73 0.02243297530680273 -0.021223287996535473 0.06678006203502472 0.0009208904151140907 0.2430445423778007 0.0005983960558917244 0.9700145072643857
4.83 0.02580298285584936 -0.022406178703270687 0.06898639848721351 0.0005934880776236415 0.24346424160960609 0.0005114604421269168 0.9699095572462297
4.93 0.021211830216280755 -0.014982217416348241 0.06939687171771786 0.0007297076467428385 0.2433485503974917 0.0005672216840746958 0.969938466504835
5.03 0.023251525683140782 -0.017512417604561677 0.06814444983294188 0.0007529058998616436 0.24307169875513598 0.00039462322084529846 0.9700079518589071
5.13 0.02369912576412922 -0.016757584096269543 0.06837625244540387 0.0006374389489732423 0.2435573016068937 0.0003735802833037018 0.9698862278346502
5.23 0.02231676289851276 -0.016279338901638928 0.06953827278881283 0.0009182424428645263 0.24340847884497885 0.0003493558768691069 0.9699233718225688
5.33 0.02285972567198633 -0.017055114034828178 0.06867762930108123 0.0005292979727385778 0.24324331011331102 0.0003605398843655724 0.9699650931552988
5.43 0.022594513573520193 -0.017134412923251477 0.06898155389681632 0.0007216042167903867 0.24337491756460128 0.00043650756326466103 0.9699319245436377
5.53 0.022813033245826043 -0.016955067480617717 0.06926586747816693 0.0007361267581857946 0.2433115109124249 0.0004549322154487091 0.9699478129320095
5.63 0.02321671880971049 -0.01713468413999044 0.06830536270820925 0.0008198108591524288 0.24321688731511032 0.0005100553795965493 0.9699714498264441
5.73 0.023249311387595666 -0.017485724495034143 0.06931324572831944 0.0007430845526267897 0.24348123170030456 0.0005810571345026272 0.96990515000574
5.83 0.022656537137964484 -0.017275276664149963 0.06890952456326171 0.0008067400158095428 0.24321933189702336 0.0005091768504426581 0.969970848273827
5.93 0.023232536557889358 -0.01760916614979542 0.06870972461462971 0.0008844801755363635 0.24331828005279446 0.00067264727084856 0.9699458643824501
6.03 0.022659949808256936 -0.017521691892393852 0.06948582661194684 0.0008877962970978604 0.24344334360321154 0.0006373679420266094 0.9699145034667387
6.13 0.022163308489785125 -0.017483962284939876 0.06904045760838967 0.0008272141859978503 0.24328349507374178 0.0004851413821254034 0.9699547522329247
6.23 0.0218741382476385 -0.016553677978918505 0.06926430270371982 0.0006219639096838997 0.24323016145247014 0.0003594453547948194 0.969968335833566
6.33 0.022770609258817007 -0.016676082697027646 0.06852586573591524 0.0006828422073223406 0.24330001863771947 0.0002265704556680064 0.9699508148989998
6.43 0.022075821715539554 -0.0170305679942327 0.06927764578499537 0.0006050576262688274 0.24323055303819652 0.0004425344214358738 0.9699682139829572
6.53 0.022642010588819927 -0.017214594039776387 0.06969660002418082 0.000716362295863816 0.24342295216459095 0.0004886849145275051 0.9699198494574646
6.63 0.022161603846930014 -0.016680704471180998 0.07009461327026968 0.0006582616415005084 0.2434951160827811 0.0003810119603622092 0.9699018249108156
6.73 0.022230276418345886 -0.01780931444765591 0.06893499872955006 0.0007939359842173315 0.24324403315732837 0.0004922757403628789 0.9699646734101222
6.83 0.022771261068449275 -0.0177034144096979 0.06894719198257977 0.0005564633106861498 0.24322558122069465 0.0005895196326002278 0.969969411607934
6.93 0.022339060214748838 -0.0174889903034249 0.0699437149901285 0.0007979756630633785 0.2435198323048548 0.0003940962863477461 0.9698955094221097
7.03 0.02195356314541269 -0.017584683109371592 0.0696305905800014 0.0008071399082030377 0.2433022918193254 0.0005827224765353276 0.9699500006470168
7.13 0.021839109858790645 -0.017730208447626877 0.06940027166640989 0.0008458240114217535 0.24327000161951898 0.0006066530239305021 0.9699580521166313
7.23 0.02176839396915585 -0.01810365509637167 0.0702671098970167 0.0006721884424660119 0.2434739838910464 0.0005934888870372557 0.969907013636803
7.33 0.022209771132865812 -0.01796922142050038 0.0696956668340542 0.0007111443640601513 0.24338970081249608 0.0005807923319310274 0.969928147077073
7.43 0.02225698311102151 -0.01791213684997947 0.06990057958216216 0.000842722224024302 0.24331806662149102 0.0006293204707455249 0.9699459841818915
7.53 0.02395301468918911 -0.018902156283329925 0.06875257472872916 0.0005730280750036184 0.24330264127750317 0.000774247633937906 0.9699499455780269
7.63 0.02285094518357001 -0.017827721656715537 0.0692695791848785 0.0007810617036616022 0.24334272759989564 0.0005867667206940266 0.9699398757509012
7.73 0.02209017879532509 -0.018254344282825564 0.06993820217895647 0.0007888558568915557 0.24342513482958456 0.0007099534445071639 0.9699191086919272
7.83 0.022307485191184168 -0.018084763351214343 0.06941682655033954 0.0007144135487656914 0.2432307796591641 0.0005546860564586794 0.9699680251240529
7.93 0.022535018799610777 -0.018390026366596205 0.06962050636219103 0.0006728522936810357 0.24342839972577676 0.0006714681863923303 0.9699184040975884
8.03 0.021462397237027857 -0.017539563890884093 0.07040892541112033 0.0005955384278876013 0.24344014412934084 0.0006540478840149444 0.9699155188889558
8.13 0.021560757943332398 -0.017479624945745634 0.06926301667863831 0.0007589357272078363 0.2432954243228134 0.0005375439528547866 0.9699517882692122
8.23 0.023591562474493497 -0.017781254259335903 0.06871605296259892 0.0007868482841616219 0.24349217687729702 0.00047750551784559716 0.9699024242973173
8.33 0.02227368524084937 -0.018304052686001042 0.06913414141260425 0.000625962239003076 0.24328285668325011 0.0006993352436952041 0.969954932327028
8.43 0.0213029054621875 -0.019142632391721585 0.07033485581693552 0.0005290339057928868 0.24353136092513383 0.0007439013610064256 0.9698925935276772
8.53 0.020898334780071186 -0.01757162039198573 0.07040923802741933 0.0009408992987267029 0.2434448761214279 0.0005239494609189622 0.9699141366511237
8.63 0.02146238527952618 -0.017224547778841644 0.07040107050698767 0.000956488024503772 0.24311369200172675 0.000567475461443528 0.9699971628121131
8.73 0.021203645428975737 -0.017951184804058183 0.0708253990991658 0.0004409509837777165 0.24400930588822425 0.0005100314130520773 0.9697726558684436
8.83 0.02053008262663765 -0.018290946871365156 0.07226494916403639 0.0012303079650825169 0.2435115556114353 0.0006770665198486109 0.9698969791719829
8.93 0.023636839576731312 -0.017892014645455888 0.0702275619229513 0.0026148582278399017 0.24202355854135393 0.0008697801217637296 0.97026645985006
9.03 0.021381698148095717 -0.02026003887817905 0.07197479624227118 0.005187643174657409 0.24341083060010837 0.0011337459095713976 0.9699087434006719
9.13 0.021230807121946207 -0.020171336424699073 0.0737045793529046 0.009407227111026886 0.24840809445756487 8.001477159951247e-06 0.9686097886259561
9.23 0.015183171194501889 -0.022583195893424585 0.08217296777952324 0.015650567738596674 0.24248905511784705 -0.0016333674749850436 0.9700265202499389
9.33 0.015602720810989356 -0.025324290351895252 0.09668079035747379 0.011437813368182507 0.23070797123689715 -0.00410966281849516 0.9729471306831774
9.43 0.014223099078549658 -0.025724249037464616 0.11127519562403046 0.0071135440866332104 0.2325242319899577 -0.00793893687730229 0.9725321857446498
9.53 0.014019277213953019 -0.02872617054865645 0.13133465138174633 0.007601772365239405 0.2340226791548716 -0.01258542298182691 0.9721199544430983
9.63 0.007461599646567217 -0.03249261504620589 0.16566773623923067 0.010554220594046655 0.22532231442450537 -0.017178608668366725 0.974075643086437
9.73 0.0058547452438166125 -0.03914254482819803 0.2021533568317873 0.018872847555388796 0.2254224351537367 -0.023884212846380586 0.9737854413222757
9.83 0.0006465263862662583 -0.051475877755185084 0.2558321200126319 0.026937650194285147 0.23300646917788057 -0.03556043686593149 0.9714513902677642
9.93 -0.007865157749579361 -0.07183589200110596 0.3288012411242009 0.03419603802643814 0.2253733598526035 -0.05405420367153075 0.9721705728510199
10.03 -0.02160026443534866 -0.1050746162592017 0.42241120133363336 0.04442973429712229 0.22348013260773675 -0.08045788910955307 0.9703654760552595
10.13 -0.048424576730621206 -0.15512843398900214 0.5348623609128592 0.051711164375313194 0.20947970049926484 -0.11773122799376123 0.9693211895511047
10.23 -0.09133421578597531 -0.21776978259058935 0.653392580026819 0.06028484897863527 0.19349042558413668 -0.16730724698771615 0.964849976574744
10.33 -0.14254211467078645 -0.2854077287767371 0.7644211658858413 0.07690853718603263 0.19113690516588572 -0.2248113828019753 0.9523715674851784
10.43 -0.20627313791142576 -0.36796239055622104 0.8645421249501424 0.09139223591840262 0.18379508201831463 -0.29291681399547903 0.9338450444899592
10.53 -0.28485844137502825 -0.4523807008804861 0.9456325831765583 0.10286851926123511 0.18021355754450802 -0.36216845967064304 0.9087217111095933
10.63 -0.3702390457335387 -0.5438734137591374 1.0001839283183285 0.11788658783535645 0.18463666095492146 -0.43049791356847394 0.8756047066188859
10.73 -0.4774006043074387 -0.634725736107294 1.037603631530917 0.12012202020760808 0.16603599864086896 -0.4986479227110155 0.8422309639241257
10.83 -0.5944131630612738 -0.715560680686762 1.0637262599873425 0.11995409119052283 0.1418531787101988 -0.5689630992027899 0.801105288611943
10.93 -0.7294711078628723 -0.7934747999650497 1.074936903276829 0.13137296929236603 0.13264381945103354 -0.6349559436454479 0.7496517256233507
11.03 -0.8760961959907813 -0.8508289976879523 1.082317072260671 0.1400751499108075 0.11400633468266366 -0.6975293164162358 0.6934222096021933
11.13 -1.0251105708135404 -0.9040859719872221 1.0911885956244203 0.1399331165296125 0.09796072103424087 -0.7568333410335538 0.6308927911561123
11.23 -1.17902155365011 -0.9380480577289224 1.108035382442623 0.13367880402082064 0.08249193979587614 -0.816513918030535 0.5555448486726356
11.33 -1.3324731052536896 -0.9594395995814722 1.130877508961999 0.12994034586690112 0.06912474438579201 -0.862703492255842 0.4838181070187052
11.43 -1.4665528126457865 -0.9781743940601426 1.1618868381280083 0.14181412813863695 0.05920196355481675 -0.8921011201629019 0.42489936688070995
11.53 -1.5937862362300335 -0.9912266892550213 1.2074812289031316 0.14856909580882344 0.04967195295494839 -0.9067667159805294 0.391451202131346
11.63 -1.7024151439215485 -1.0143610776467653 1.2655720519470042 0.13821916919138885 0.04332812620790129 -0.9135732308709186 0.3800027454945899
11.73 -1.7925724988590266 -1.035076917230147 1.3362329088845606 0.12750047542423937 0.05382009004528773 -0.9164951209278507 0.37534480146866883
11.83 -1.8720140934843992 -1.0762151696754836 1.4090000756142327 0.13235482650524974 0.07153734569420636 -0.9132859847383622 0.3785146207906282
11.93 -1.9183246366235611 -1.1103040375401274 1.476946559711011 0.12088746158834629 0.07368796007796885 -0.9107168690288033 0.3880091373107689
12.03 -1.9603919422743643 -1.1460316967979676 1.516792422211654 0.13029610563783928 0.0703273566771115 -0.9014235921395066 0.40683226923725224
12.13 -1.9892035115701656 -1.1858252242730483 1.5391437102128065 0.13965078370080639 0.07961918137844923 -0.892155202575861 0.4221581920147951
12.23 -2.014908457262063 -1.2338847958237267 1.5493105553729922 0.13081588210359588 0.08111086288533606 -0.8859032097994858 0.4375885462148462
12.33 -2.0301937562827828 -1.2872369643735193 1.5551945004156762 0.1346845358343122 0.07086344160498619 -0.8804696497421254 0.4490118532221304
12.43 -2.0495304912269283 -1.3385040916051483 1.556834621000228 0.13382068751665982 0.05599690772832801 -0.8808827645209918 0.45055734938772085
12.53 -2.0656566563345202 -1.3752429907347217 1.5664760652087626 0.12865938245706754 0.04248624702071383 -0.8752215387368747 0.46435863322535365
12.63 -2.0811222452124856 -1.4088850706064986 1.5693749349941766 0.14922894348797197 0.0629424555620537 -0.8673973949390927 0.4705217624788019
12.73 -2.078630056310881 -1.4281463717535214 1.5599303057018858 0.1631611643184203 0.08418579741717622 -0.8537099178325439 0.48730951372391934
12.83 -2.067963720839488 -1.4415034982471675 1.5548166475292744 0.14023379777398917 0.09177267314800346 -0.8346236491311447 0.5247052722587846
12.93 -2.052326091314832 -1.452540265520945 1.5455297503377676 0.11316432533757628 0.1045517061787796 -0.8021579808746927 0.5768928409375815
13.03 -2.0490938325759678 -1.4566109886964822 1.5114036801873374 0.09406966654233341 0.12660042133465066 -0.7599707082479196 0.6305297405829946
13.13 -2.0432479722733974 -1.4586945857664535 1.4911027126527414 0.0895070747763216 0.12974259091647972 -0.7234217607195627 0.6721728198794362
13.23 -2.0390125318145307 -1.4700351407142807 1.4572774992957864 0.104509131283057 0.15213575398903278 -0.7103977484471754 0.679166837263005
13.33 -2.0372310006454817 -1.4668709529226274 1.4257588692272354 0.10477867178693641 0.15758136408779974 -0.7148323883389994 0.6732044267622992
13.43 -2.041699361809653 -1.4633946145861463 1.3845142182932615 0.12630988103060742 0.17187722008265122 -0.7217451733986704 0.6584739477355327
13.53 -2.045974361024494 -1.4484639350922806 1.3594562719218157 0.133237375970787 0.17109034158907432 -0.7309926299192164 0.6470128836917705
13.63 -2.0525699974994094 -1.4266661821577846 1.3480155638456208 0.11797554443199587 0.15032326650439054 -0.7405862967214928 0.6442178386010194
13.73 -2.059163154120731 -1.400462719570707 1.3388895602313144 0.09831269631620056 0.13408051962154238 -0.7491577455462025 0.6411861666389779
13.83 -2.0631068777840196 -1.3817206554752768 1.3223787143243912 0.10122646742349727 0.13368355415283664 -0.7474487746710123 0.6428080886896393
13.93 -2.065859316489587 -1.3736198963850046 1.2990073813105012 0.13619651321040008 0.1440433897895964 -0.7380412936437718 0.644978341127731
14.03 -2.0642066494456475 -1.3665557877965226 1.2890065919512788 0.15752096624618606 0.12328319767681002 -0.7321391860215964 0.6511225772887027
14.13 -2.0546333796195033 -1.3604587571384201 1.2923400963862757 0.13740406952309153 0.12293404839292507 -0.7305705112419061 0.6574755277027118
14.23 -2.047743510925059 -1.342162623197216 1.3027002263055123 0.10061296953302183 0.1071829872109354 -0.7319664465217945 0.6652923859330907
14.33 -2.0399143288139285 -1.3183875088814456 1.3013487511236062 0.09113546416875258 0.1069587998025614 -0.7274369681513683 0.6716320418817784
14.43 -2.034904880431249 -1.3208552458699605 1.2571455423299098 0.14505017489723931 0.17592763147613913 -0.7060273341662453 0.6704739507658601
14.53 -2.0305838557270097 -1.3104619989034034 1.2525870248183155 0.15365501183384017 0.17834028629051296 -0.6919071627239629 0.6825315800718937
14.63 -2.0368521874606835 -1.3034767642645337 1.2580933429919323 0.1443855493169879 0.1584253021235122 -0.6996523727856122 0.6815722955424232
14.73 -2.0469884513811527 -1.294487095225361 1.2610649086243213 0.14286840723673025 0.16148957755236423 -0.699381574115643 0.6814507673655701
14.83 -2.052908614890389 -1.2850080674733633 1.261170097513009 0.14227263868640705 0.15727664598086188 -0.6949935522816755 0.6870273030943645
14.93 -2.063023003237921 -1.2892280048713254 1.2674279598991083 0.14140520599398101 0.13988292260192192 -0.702594077605575 0.6832268274853642
15.03 -2.0685780871207506 -1.2864626545623166 1.2696044476821902 0.1302921068177666 0.13645309419438542 -0.7112953699868836 0.677099266445466
15.13 -2.0673280728368963 -1.2959000461954975 1.265636689674344 0.12393923132587767 0.1395408250464795 -0.7154441980877068 0.6732807917253667
15.23 -2.0700566243662846 -1.3246182521098135 1.2577485160582027 0.13323221455416054 0.1423378567302764 -0.7169044823653141 0.669355716126296
15.33 -2.0676206792873457 -1.3646034146756656 1.2615518918095676 0.13302969911559048 0.13154122423263495 -0.7175463608943944 0.6709152147982684
15.43 -2.0737625197825102 -1.4221535993287504 1.2631551548013444 0.14186197192653469 0.1335101174150019 -0.7161723550654318 0.6701845919662588
15.53 -2.0777307754544148 -1.4857215938611796 1.266437174754324 0.15187647816914077 0.13704873416627988 -0.7182336403481795 0.665050086620971
15.63 -2.0806816489345157 -1.560932983883917 1.2975608147059552 0.14321794119940537 0.1274347082895238 -0.7274842045679615 0.6587987162600487
15.73 -2.0919460846884483 -1.6521038667464603 1.3150567146330505 0.17895212969527222 0.15716698463654075 -0.7267919540055398 0.6442422912310193
15.83 -2.1147933918146635 -1.7559862301215508 1.3441994206047438 0.19463837551524177 0.16602991669271586 -0.7274571249364569 0.6366758209002301
15.93 -2.134627125512994 -1.8594604357044746 1.3566503750301342 0.20927547422641238 0.17286549866826262 -0.7320415504695101 0.6248491527110195
16.03 -2.156642333838543 -1.970573760450548 1.3700207042127122 0.21355672907365097 0.16845659009158045 -0.7382582971601449 0.6172443498293717
16.13 -2.1736660624391875 -2.0858670117195772 1.3804829217408812 0.22243275359181397 0.17054599015667626 -0.7375496246161543 0.6143763395506147
16.23 -2.189624865213005 -2.2019204670736774 1.3854722554620609 0.22289376975434108 0.1749788469254172 -0.7347717200221955 0.616288317258225
16.33 -2.209481596445503 -2.3211695012337676 1.3846374579360734 0.22933163028191972 0.18028416231055133 -0.728257615341994 0.6201173033133427
16.43 -2.2388942007518877 -2.452682180290443 1.389340264969936 0.2434613575562742 0.19090949935574747 -0.7234035880482833 0.6172255497234893
16.53 -2.277074019071548 -2.5788050217793064 1.3941687311596171 0.24836079244136205 0.19148312942067086 -0.7266352913413676 0.6112710375131569
16.63 -2.309111739766027 -2.709648363022842 1.4031238981266103 0.24592199679162716 0.1819342961973753 -0.7375370375941923 0.6020476738082854
16.73 -2.34971412096196 -2.8451728337518016 1.4067818117138378 0.2461384058043485 0.17303681049596956 -0.7481957596941181 0.5913351440403464
16.83 -2.395131667689447 -2.994700150456072 1.4066617316341523 0.2614776299550496 0.17487222339418476 -0.7500388846218361 0.581799644270686
16.93 -2.4455278343560143 -3.1469192494722944 1.3994989439062415 0.27833590558519256 0.1816296805342628 -0.750458610254541 0.5712719642218719
17.03 -2.4991735993480853 -3.3027456785119065 1.4004807079434618 0.2870861616900261 0.1878589487589835 -0.7506206640989963 0.5646761636237533
17.13 -2.546853082433737 -3.456434042891494 1.4055590990892526 0.2858764716100964 0.18245735795190574 -0.7521265278527925 0.5650572020681399
17.23 -2.5968783802505806 -3.6220774427009346 1.4098526533124325 0.28440208370573056 0.18408016998923252 -0.7524347110510379 0.5648645425286626
17.33 -2.642290703849538 -3.779765997493722 1.4116123470547886 0.27793344665120207 0.1849915228187752 -0.7535998438075336 0.5662317645019882
17.43 -2.6853978061539094 -3.951876232158554 1.4177361674641205 0.27720724622244447 0.18745405893389788 -0.7503320900344651 0.5701042651090125
17.53 -2.7367339995157898 -4.12720632783949 1.4366273041907023 0.25455177951012886 0.1684501763928714 -0.7541174746744749 0.5814935631733424
17.63 -2.7863340855175647 -4.3127751209803336 1.4529983710198553 0.2532414306697199 0.17292542003530184 -0.7524171761155267 0.5829528025357663
17.73 -2.840252986581369 -4.492213780844104 1.463974552686727 0.24710920327696656 0.17286382720085033 -0.7561916449006493 0.5807145039378194
17.83 -2.8982850339504975 -4.686090238506553 1.4743154801995995 0.23868801053672084 0.170907528000666 -0.7663167936340811 0.5714693537654535
17.93 -2.954804309761006 -4.8833382634498035 1.4848971100107833 0.24368910541384645 0.17453411682902484 -0.7684485094000995 0.5653674472111715
18.03 -3.0109749653807047 -5.083995958239057 1.4983529014055113 0.23178714328747071 0.1593569547669136 -0.7717896528233757 0.5702813454504913
18.13 -3.0672706151127045 -5.292545051221119 1.5082296108045803 0.23778325049629856 0.1613073903283834 -0.7672963887177511 0.5733195474336794
18.23 -3.1200219320528424 -5.504008347357885 1.5131545728806037 0.2327576027970352 0.16496519132103427 -0.7622605285365495 0.5810071175362419
18.33 -3.170244756417642 -5.712882364829456 1.519748717699656 0.23087271711572316 0.16264682798058056 -0.757111044547431 0.589089691018063
18.43 -3.22532787448648 -5.933096777321901 1.5198901849298163 0.23665428406529643 0.16105162576760762 -0.7518888881991961 0.5939025370157375
18.53 -3.2863936664177533 -6.151217197228757 1.5317238225132144 0.23570342270942882 0.1482334525833595 -0.7584148391119238 0.589302699699494
18.63 -3.346329469650733 -6.384575195728621 1.5308359193004946 0.239741226885964 0.1478821887352347 -0.764396463022189 0.57995952419566
18.73 -3.4046084242094423 -6.615869145691025 1.5265775722443053 0.25183643595530025 0.14986969586274967 -0.76537219997178 0.572994659048142
18.83 -3.4550586857524643 -6.849781103668207 1.5323870254341474 0.24403636478031537 0.1383014486206784 -0.7708816268794086 0.5718920171798053
18.93 -3.5102908912497077 -7.094451195052093 1.5292404510546624 0.24995411536551193 0.14453454986171982 -0.7692338044294561 0.570010577297562
19.03 -3.5598583515819997 -7.336418746645325 1.5383681070204323 0.2359565920232156 0.12902822716842752 -0.7733041868956798 0.5741749191702594
19.13 -3.620713172279066 -7.596024713723799 1.547846346997675 0.23368393570120882 0.12733341391231454 -0.7731416758096245 0.5756995475271056
19.23 -3.6802918412908205 -7.858362508816991 1.5565196742107725 0.25160195595184986 0.14191138293331837 -0.7644003062409266 0.5764111266916471
19.33 -3.7324123221880305 -8.12876575057167 1.5643447304798839 0.25700029077463776 0.15072789202629064 -0.7577445970081164 0.5805644484569047
19.43 -3.7904370973848835 -8.396020747164888 1.576999945500527 0.2461379940226246 0.14483646306523357 -0.7566569537472134 0.5881400693808057
19.53 -3.8510133270735936 -8.674567640097056 1.59572739328253 0.25270341783364236 0.15215849253789016 -0.7517449413345152 0.5898036274403191
19.63 -3.913071854892693 -8.951661198777286 1.601588101099246 0.25259707163977957 0.15552495375756234 -0.7524659323790135 0.5880490870384018
19.73 -3.975617715792554 -9.240103530216597 1.6104798902540347 0.24352677740361717 0.1501752737541316 -0.7589634626650497 0.5849073073400253
19.83 -4.043963440870416 -9.525203937203594 1.6146051561996717 0.25148059454192556 0.15806369483525545 -0.7618415755351698 0.5756481501142489
19.93 -4.113538518422063 -9.802233566221737 1.607267649479803 0.24999483287866164 0.159718881330522 -0.7667370340454289 0.5693037704984181
20.03 -4.188591733649362 -10.0871776183053 1.6206715095174133 0.24002800205353342 0.1540034287681351 -0.7767213626819414 0.5615811846130132
20.13 -4.2661062658173226 -10.379041438559993 1.6173415129396476 0.2575256821846208 0.166548597360098 -0.7722132137390649 0.5564430251692575
20.23 -4.339665464299546 -10.67560419180553 1.5912742469995989 0.269262491226626 0.1791647626565721 -0.7658290039844566 0.555790999654385
20.33 -4.4175664784381174 -10.972421339792083 1.5939575633104823 0.26084046031057645 0.17849924883381948 -0.7645821631944311 0.5617066744802427
20.43 -4.485606184488897 -11.28739594274411 1.5924253973236833 0.27307851535086075 0.19414471760038254 -0.7508493199972966 0.5691759409367502
20.53 -4.555520403434667 -11.592482726150264 1.589844041307119 0.2819712741514391 0.20313588896559423 -0.7385921266914137 0.5776761043673405
20.63 -4.62336151933033 -11.901549898454835 1.5868369430523894 0.27029838362730213 0.19332869754068352 -0.7378439920699434 0.587493865399444
20.73 -4.698944256748668 -12.214620793851052 1.6079250349478034 0.25859333355642755 0.18628948981931495 -0.7421848371638207 0.5895654173263104
20.83 -4.762947954917787 -12.53627362227257 1.6045350535178964 0.2800878839602581 0.20213355154879423 -0.7332060583951078 0.5857488203399522
20.93 -4.829295918230547 -12.85653900228068 1.5896859788275715 0.2846369837183223 0.20785701644148646 -0.7307706123477391 0.5845952106754634
21.03 -4.89888516211114 -13.176736403204972 1.5992866281022184 0.26640845812496744 0.19530656044720474 -0.7417792609391057 0.5836483606816641
21.13 -4.965627078393119 -13.500937078587587 1.6092226874802746 0.2656106968445143 0.19614865170560467 -0.7405088476705955 0.5853403374767636
21.23 -5.037321802658625 -13.828638507708419 1.6184210748143113 0.2585850223056773 0.19103221756979374 -0.7455394109277368 0.5837906001667571
21.33 -5.105670150885389 -14.158382010729479 1.6083442463185043 0.2675446002808215 0.19926233479422945 -0.7428202326564554 0.5804588794644607
21.43 -5.172928399678218 -14.488309688381944 1.5917356483614151 0.2732572512943496 0.21260535589202778 -0.7351269100383772 0.5828532091346059
21.53 -5.236173327045986 -14.817551698870139 1.617053838054942 0.24513194868769522 0.19233707084494042 -0.7441962820728454 0.5908372641094294
21.63 -5.299060715946958 -15.151844190034938 1.638162679024956 0.24336091929924938 0.19560601096929578 -0.7408567910264852 0.5946805584685302
21.73 -5.3525452224054435 -15.477512434886101 1.6457722538599358 0.25148035000919117 0.21055017950855057 -0.7323192557834363 0.596770276636635
21.83 -5.413965295022158 -15.819024260891966 1.6457166849075615 0.24253917569794664 0.2060387521607449 -0.7294320911591053 0.6055176341338528
21.93 -5.474513961945777 -16.174937739473528 1.6437571855179294 0.2411435553379036 0.20881373523926228 -0.7247088939109642 0.6107729764656994
22.03 -5.534285303200604 -16.52206201271519 1.6458117450777856 0.2525854387984351 0.21846485560773152 -0.7153337036624352 0.6138170699613025
22.13 -5.588342646704606 -16.868300319179397 1.6588645064410503 0.2364497874892248 0.20558130842581832 -0.7241906478002107 0.6143091479547903
22.23 -5.6401717170245425 -17.22973791171776 1.6746221702019866 0.23398538547827177 0.2073836775784228 -0.7256722321696746 0.6128969416749568
22.33 -5.694229294296582 -17.590026466913503 1.6716916203401833 0.24236986862848342 0.21668500649550548 -0.7185927655912778 0.6147592146368637
22.43 -5.745261460288815 -17.954527344730316 1.669070894998253 0.23238937459109194 0.2088226765978149 -0.7160994658849067 0.6241713092373253
22.53 -5.793441179339846 -18.31118055638303 1.6709854979390777 0.2251325268554057 0.20895537852528884 -0.7149151573691714 0.6281316047619848
22.63 -5.8387243459949225 -18.693333258586627 1.6736408050790628 0.22879585107443437 0.21645266707830754 -0.7076811022356202 0.6324461708196125
22.73 -5.8798687929893765 -19.069421259299567 1.6520859401169632 0.2444058460662533 0.23210295072901524 -0.698679194821169 0.6310636936122741
22.83 -5.93911634596477 -19.440729137526578 1.661183830556246 0.2324683443014118 0.21812314956198414 -0.7032713053403111 0.6354449083971447
22.93 -5.995655578953782 -19.821141164339604 1.6821132125951626 0.23510004102942866 0.2092305458141942 -0.7101920377759728 0.6297442487914175
23.03 -6.051779401162813 -20.2048771080159 1.677165595834814 0.2616219561518986 0.22597593467663304 -0.7070461740525796 0.6169072351366007
23.13 -6.106422576269695 -20.594254395022944 1.6647268248871039 0.260835539720761 0.22108303187791642 -0.7096678273617959 0.6160021826599608
23.23 -6.159459408335456 -20.983498759039374 1.6695765789021741 0.2531271258446823 0.20652761280683368 -0.7154685958212046 0.6175578448239117
23.33 -6.20875892791346 -21.374953913690984 1.685895271708441 0.2597114663603575 0.2103664556809732 -0.7152873960665627 0.6137262008367366
23.43 -6.259269593902336 -21.772362010388367 1.691007982505215 0.2578143881970596 0.20943666059533833 -0.7183515203679539 0.6112602715883785
23.53 -6.317227447866538 -22.17377920785528 1.6979148557886672 0.2500969828155865 0.20244611370854823 -0.7209385883835274 0.6137708220585374
23.63 -6.36127641022335 -22.573058901650533 1.6989230817510954 0.26348329846523844 0.21405420054563515 -0.7148591428642986 0.6113376779832629
23.73 -6.406513572930772 -22.975979343489026 1.6908760339826705 0.27097278829423155 0.22088559596007462 -0.7093550834411168 0.6120446610319041
23.83 -6.461090603959556 -23.378579137284877 1.708420772883199 0.25983305728506967 0.2072682032617072 -0.7165328398330112 0.613275927865588
23.93 -6.5097547933359365 -23.793044951295364 1.7207174848809066 0.2545864391084457 0.20258856441631437 -0.7188430915218386 0.6143355991322205
24.03 -6.555401083213809 -24.19326446201747 1.7116513078332443 0.26813361708062977 0.21350770451338366 -0.711819793117564 0.6130508997063393
24.13 -6.606515395191447 -24.603696953587285 1.7210644338444798 0.24907783797841457 0.19570159750665359 -0.7190910957162603 0.6185217145928917
24.23 -6.655992769165321 -25.010564361110752 1.7275986942663817 0.24681113104688004 0.19085149258201245 -0.721416918987846 0.6182374967345977
24.33 -6.715932952016538 -25.426494980052954 1.7249283419648211 0.2662380251739116 0.20483303138977108 -0.7145257157029957 0.6136886383193799
24.43 -6.765073189339354 -25.838701924910833 1.7192558755146434 0.2542149239235495 0.1942595545400914 -0.7156659571982236 0.620854439971222
24.53 -6.826029861153886 -26.25651956573828 1.7059876403620096 0.2592372011444459 0.194675937665563 -0.7098367569361431 0.6253232214936584
24.63 -6.885012523489684 -26.68136950706971 1.7167875516045494 0.2543619543438911 0.18017066038547427 -0.7122843264069846 0.6288796130210986
24.73 -6.957563502294704 -27.101418591310424 1.7199104655078163 0.25246321752843626 0.17641199588678827 -0.715868483184991 0.6266366142229879
24.83 -7.020545816813281 -27.526256384563204 1.7293205384092707 0.27332120566815304 0.19013485046734174 -0.7140839846230187 0.6158151671360339
24.93 -7.104229732097605 -27.941023181538373 1.7383721480078502 0.2856244372647175 0.1959030154684827 -0.7176432343528497 0.6041761974417312
25.03 -7.166005590987201 -28.334698940023866 1.7494073037971785 0.29352517738692957 0.20574605563084325 -0.7223327821004304 0.5913940164859411
25.13 -7.234923587639804 -28.714556538141586 1.7599645373095678 0.28330779954650337 0.19044774819804625 -0.7312491885433858 0.5905429452436559
25.23 -7.288644914399363 -29.07530433989394 1.7841320274207422 0.265703072586263 0.18434153412489998 -0.7419998106490278 0.5872447164611225
25.33 -7.347311881737599 -29.427366791627687 1.8002559837996868 0.2674330690744291 0.18605873725470834 -0.7373938045592663 0.5917026929584026
25.43 -7.408456753499791 -29.76762589689486 1.8278116647420508 0.2635496839575353 0.1846887271706109 -0.7340180159732089 0.598037783395612
25.53 -7.477468209133747 -30.118601104240636 1.8360644888640982 0.26259703578313703 0.18600710793482175 -0.7308775827667835 0.6018821409583582
25.63 -7.544461038846803 -30.46010489271782 1.8430922354255506 0.26380821317191966 0.18459183837239707 -0.72674283197283 0.6067750291874648
25.73 -7.619525482041476 -30.795231773515145 1.8642978324940758 0.255527242141701 0.17227415888950415 -0.7339726223451035 0.6052368398818949
25.83 -7.691544072022402 -31.1431069873001 1.873334546927625 0.24909470202991962 0.16864611743240343 -0.7427577121392934 0.5981816593253291
25.93 -7.770101891800141 -31.49929166859573 1.8770595671797166 0.26614293464055744 0.182417628883073 -0.7364212195420772 0.5946221778757912
26.03 -7.843198576187185 -31.861010638740307 1.8750213415880228 0.2629531644518716 0.1706559640326661 -0.7373828197333498 0.5983299695042216
26.13 -7.918723858603495 -32.22814065011245 1.886461810775759 0.24388379246444167 0.1529912038955034 -0.7509872736937379 0.5942495284422301
26.23 -8.00321661127601 -32.60438602439879 1.8829806943592227 0.2506246403901866 0.16138954099871927 -0.7527847962696746 0.5869035322697732
26.33 -8.086869498046214 -32.98013674210131 1.873741569735847 0.2551666575676325 0.162508236674491 -0.7488841312168926 0.5896215802446771
26.43 -8.177276153312352 -33.36947813157899 1.8549924233225021 0.2533060767630485 0.15686209725166136 -0.7483516824133144 0.5926213574871267
26.53 -8.272789233219667 -33.76663343703467 1.8339437777207872 0.2536205829146603 0.15912001509416338 -0.7485308983227011 0.5916577684562851
26.63 -8.367904418745084 -34.16876748597803 1.805628671172221 0.26091219888400413 0.16309444251824856 -0.7480715402865414 0.5879744874622513
26.73 -8.461867704532596 -34.57378091330475 1.7586590550727565 0.26712913093280743 0.177053387761571 -0.7460063802820279 0.5837538915225663
26.83 -8.55234381049845 -34.97517648218924 1.7431428017145947 0.25649393175520896 0.17199662936022023 -0.750329669744829 0.5844941480991006
26.93 -8.652566359030207 -35.36195318312519 1.7759183212697023 0.2352551634506244 0.15784716495830958 -0.7598565611333387 0.5851130549620825
27.03 -8.763334455471066 -35.76976289920987 1.788855667699794 0.25165929661849185 0.16821153470698458 -0.7533276727036652 0.5838406422611281
27.13 -8.857544150132314 -36.1703228889444 1.7648552750597604 0.2798415275578371 0.1923309129790545 -0.7404550203208714 0.5800206050205094
27.23 -8.962428561741088 -36.56264755654654 1.7526010686414815 0.26405986818786475 0.1894220076230205 -0.7438080082289056 0.5840730570187436
27.33 -9.050345706566867 -36.94883893801923 1.7586453357904233 0.25578457531487164 0.18451632564440032 -0.7459771022873698 0.5865544641928996
27.43 -9.13146213285056 -37.325990149080326 1.7568777419729094 0.2607717383277193 0.19889608257541483 -0.7403062345402978 0.5868433589352946
27.53 -9.211087371833614 -37.70308926163272 1.7540436053575887 0.2479489028726236 0.1944144747905858 -0.7429429479769311 0.5905591668982119
27.63 -9.281154329036859 -38.075244278050626 1.7468738676386102 0.24457157479944597 0.19628019561463964 -0.7407389515431935 0.5941082689849454
27.73 -9.347508457063952 -38.43865238794709 1.7357157341550902 0.24665204086063428 0.20438553725561553 -0.7340502424222348 0.5987984339490842
27.83 -9.409914621147761 -38.80128949648629 1.7327609780358584 0.24146957291530388 0.2055468170407401 -0.7305221951774414 0.6047977130525989
27.93 -9.472693818740876 -39.16378546205159 1.7371557291086612 0.2236659245878285 0.1953193789490681 -0.7297845260750101 0.6158233836796838
28.03 -9.530136797147554 -39.52759728802507 1.7306315219247437 0.23973772365757443 0.21625074112646042 -0.7189792572351759 0.6154918914846045
28.13 -9.572357063211735 -39.89294851520937 1.72372072024728 0.2325315744726069 0.2138220114645263 -0.7133136722510833 0.6256139538615078
28.23 -9.609306805013743 -40.2469547474049 1.7184616339687946 0.22147390902887149 0.2144583718143848 -0.71077561543139 0.6322617645297897
28.33 -9.635587636061272 -40.60968107643526 1.70403118654867 0.21109656178474281 0.21476508213352513 -0.7016411185917715 0.6457661665031147
28.43 -9.654795218811941 -40.96895105298792 1.7011432546488199 0.20135643624133268 0.2188360220826533 -0.692350412628298 0.6574323441668017
28.53 -9.659303118492907 -41.330156473308996 1.6746569585813105 0.21150839565983953 0.24170997375372008 -0.6730103866623625 0.666256337003975
28.63 -9.656282278220234 -41.69460758101426 1.6623712139264673 0.19311367643399627 0.23580666194282474 -0.6652773085195501 0.6815485521417469
28.73 -9.647419449724604 -42.05588445326746 1.6565927485482748 0.1943602425701099 0.2514444435200135 -0.6521533629880495 0.6882556059156919
28.83 -9.633020001885045 -42.41554749059609 1.649837123368711 0.19370755847838175 0.25896569680477 -0.6393486375903484 0.6976012251122625
28.93 -9.609672493257808 -42.768369055584195 1.6355816435744153 0.18896682089599773 0.262126208203264 -0.630952632363806 0.7053227398054189
29.03 -9.587628681643475 -43.11898711517942 1.630943800683803 0.17694310747958777 0.2552417948612014 -0.6260510021661141 0.715264220801169
29.13 -9.558744336361443 -43.46714844399734 1.6167905488080803 0.18925312712172074 0.2734340952529702 -0.6150898929468823 0.7148996244385868
29.23 -9.515250892894908 -43.80900437261433 1.6073507428660145 0.1774651111434227 0.26527710793768605 -0.6139247300487919 0.7219630296390447
29.33 -9.465999866090353 -44.153335663000306 1.6080676877727988 0.17014677180889756 0.261358664213177 -0.6117947847344484 0.7269448851566706
29.43 -9.410133543134283 -44.490256019517275 1.5906620502293072 0.18308181441767507 0.275837645153442 -0.5956977465998234 0.7318051909091848
29.53 -9.35327872598721 -44.815234329976995 1.5900394316338955 0.17648344366936364 0.2690125156366091 -0.5839257019272486 0.7453298834544579
29.63 -9.29121022372655 -45.13642343807686 1.60165225198687 0.16146065216475808 0.258322876559535 -0.57553827362324 0.7589172845859548
29.73 -9.221792355271782 -45.45418624342697 1.6051725134275394 0.15681651483771744 0.2564929070733937 -0.5647154023908539 0.7685808243755027
29.83 -9.142433198618148 -45.78645484789865 1.5936859497053983 0.1558751868911811 0.2500345873321699 -0.557463341206044 0.7761573644955414
29.93 -9.06141690980985 -46.13376788536838 1.578846167388118 0.16088043435890395 0.2547126132026848 -0.5511893186279987 0.7780933784234076
30.03 -8.96021732133888 -46.48043823957693 1.5588714146365288 0.17326046801483852 0.27041025704727917 -0.5430125932009793 0.7758842869475134
30.13 -8.856706776101397 -46.821402964128865 1.543142198055797 0.17828851818593547 0.2785064483587707 -0.5367957643936389 0.7762072338201285
30.23 -8.746435161034071 -47.15323655299104 1.5328177532125464 0.17342239285467614 0.28143745883443266 -0.5357587239254442 0.7769686095069447
30.33 -8.61532920186651 -47.47239809863617 1.5061266130181554 0.1793185835197496 0.29628075446879415 -0.5219836222071687 0.7794842258079099
30.43 -8.475121514758364 -47.776722470046295 1.5035187188090486 0.16120718183133181 0.28770763493143875 -0.5156895547589068 0.7907596628816611
30.53 -8.323988077796983 -48.07930716721109 1.4894113880302233 0.15656585653725355 0.297696232017735 -0.4973212107339829 0.7997097594523181
30.63 -8.168817500506634 -48.366998488199016 1.4710653886703642 0.1507338139461136 0.31220911601830803 -0.47452386837377547 0.809093247748313
30.73 -8.002351301616962 -48.64227299734699 1.4412325223117277 0.14923064521355153 0.322644563358999 -0.44911187776242206 0.8197128896856137
30.83 -7.825683543168984 -48.92324806875261 1.4382611174050786 0.1354545266046216 0.3110020595749169 -0.43291049812067256 0.8351756047559034
30.93 -7.646465054077919 -49.19421039696867 1.4363589881529988 0.1310647620647077 0.3226356746743923 -0.4162085265672954 0.8399397073510708
31.03 -7.4527988033409205 -49.44858504055142 1.4324319489164912 0.12927798044225577 0.33097501914651617 -0.4018244681323537 0.8439667275929106
31.13 -7.250519553965901 -49.708370115971285 1.4306708899007023 0.11467012171054668 0.3057586820869696 -0.3990183799847011 0.8568236247616615
31.23 -7.0334917066983325 -49.95962259350029 1.4477892470034195 0.10494936235508485 0.3031349755280151 -0.3929612064865158 0.8617866952729967
31.33 -6.798149415075079 -50.20743911355358 1.4353771081287274 0.11117689481748601 0.32992406904830773 -0.37244498021729744 0.8602758531031115
31.43 -6.569579348398021 -50.44357830764453 1.4307381687306584 0.10609851367504908 0.32354946700061693 -0.3596984895688905 0.8687208092370188
31.53 -6.319375149242798 -50.67763381428823 1.4331327457941905 0.09370762583479549 0.3102358545068318 -0.3481922744342547 0.8796219275706596
31.63 -6.064371241245516 -50.89338601079466 1.4314069142607728 0.08862388801058649 0.31952679119497107 -0.3264900727987522 0.8851286169514564
31.73 -5.810613917398247 -51.09882118102226 1.4327115377400885 0.08902553816138163 0.33416807241732965 -0.30222913862934414 0.8882925760667639
31.83 -5.539054743890355 -51.2975611020553 1.44337127378083 0.0802348463162667 0.30923153670795045 -0.28380100900535055 0.9040991170382756
31.93 -5.268919800325309 -51.49156704930436 1.4706664057524024 0.07548867200633369 0.3005103640080108 -0.2672437184736681 0.9124559038435008
32.03 -4.97867490641879 -51.6819577485154 1.471683059974301 0.07953088916489917 0.31265944709336846 -0.25258180046874384 0.912206852574501
32.13 -4.682885203857829 -51.867023122987305 1.4739020838269141 0.07673973290982769 0.3113611176668294 -0.24259819294741353 0.9155934603178645
32.23 -4.381982781293904 -52.039732184028715 1.4759129280306524 0.07121640375726881 0.2975081021068622 -0.23641514086137572 0.9222391415398451
32.33 -4.07369792592425 -52.207382507060146 1.4832588904619124 0.06801407606564888 0.29632272078639144 -0.22835984307694365 0.9248884866147704
32.43 -3.7571653049545923 -52.37097239035102 1.4681383436140445 0.06583758102458896 0.3062425151870257 -0.22138049545569055 0.923510482370692
32.53 -3.432995751275047 -52.52529548174018 1.452444005792043 0.05735816335703321 0.30411012246673375 -0.2176313447775533 0.9256693104342878
32.63 -3.0978126960967383 -52.67836312434205 1.4464431419438213 0.050658348689896125 0.2970093951675787 -0.20787549923383344 0.930594932131315
32.73 -2.7580734669362577 -52.820763233649934 1.4446109993419725 0.04696418724728216 0.30593889859402923 -0.18991255723157263 0.9317343913632463
32.83 -2.4134561153902387 -52.95634626486507 1.4402712639308006 0.042887380347906665 0.2995764901957274 -0.17615905167791107 0.936687027582235
32.93 -2.0627614473197062 -53.09212710506475 1.4319714298672532 0.04097547980359729 0.2911538276667388 -0.16517504678959025 0.9414179000889714
33.03 -1.694060542797137 -53.23183316788146 1.4289590625069457 0.03939446214179724 0.2922080627261411 -0.1585777510981891 0.9422927471264092
33.13 -1.3313940191862887 -53.36951561154272 1.4220865488993861 0.040332207756810706 0.2931326996772172 -0.1555366520725561 0.9424727493458199
33.23 -0.950554753945256 -53.50565203764736 1.4153534112892507 0.04603166313992378 0.2994113408416258 -0.15341363435204572 0.9405839631627202
33.33 -0.56226002495304 -53.64200471055777 1.4078421302405482 0.051279439406031885 0.29648285940491276 -0.1557346186953433 0.9408586831788853
33.43 -0.17063906646489116 -53.78186419637751 1.3970696366222146 0.057396107805907634 0.30011722295731963 -0.15587373556922146 0.9393288656550567
33.53 0.22569878617058353 -53.922788708999036 1.3828178417235744 0.06446922951622615 0.3099119851975704 -0.15630004617896703 0.9356113378112397
33.63 0.6239191208346867 -54.065034206709925 1.369409725772576 0.06557284762887271 0.3093175220843525 -0.15752640523274294 0.935525683153534
33.73 1.0345647871301231 -54.201371430252124 1.353340091137617 0.06813456111865257 0.3152198860140162 -0.15946838239496217 0.933040159938903
33.83 1.4458954635184906 -54.34441757569141 1.34217850146277 0.07078448967815931 0.32212801869104496 -0.16233914802319405 0.9299833851280829
33.93 1.8622319969599592 -54.4876629489159 1.3278665116039385 0.07395019663419003 0.3301198408128877 -0.1646305400743926 0.9265252529716889
34.03 2.270011339143975 -54.62763110113479 1.3145492661322524 0.07649284085105128 0.3333705220323088 -0.16941239379567302 0.9242902039764684
34.13 2.6709040929270476 -54.77087000965978 1.3072261687154278 0.07578238085713723 0.3312733164146999 -0.1745399119511974 0.9241487108248858
34.23 3.0647263491562704 -54.9121459905024 1.2983802135269373 0.07981410528610465 0.3450911351145644 -0.1740119589488124 0.91883712115125
34.33 3.451379482555176 -55.046238065241894 1.2971247325446544 0.08174185400888301 0.34060119862888666 -0.17801892511794093 0.9195750948648018
34.43 3.830780213402233 -55.187709452263256 1.2846116397317364 0.07994830424471601 0.32759457043170687 -0.17933743258602103 0.924190538441892
34.53 4.204070729173745 -55.318900102397265 1.2767184179962732 0.08001108547921887 0.31935194275203044 -0.17898141080569613 0.9271344117478025
34.63 4.587201874633016 -55.46394581806589 1.2710779463817163 0.082027567983 0.30679311968598694 -0.18335707502046106 0.9303384560707331
34.73 4.981556348589695 -55.60090437966999 1.2462238566018402 0.08112545508978955 0.3328075971026506 -0.18081843123578883 0.9219340859153993
34.83 5.380800755489213 -55.74316654427667 1.2361899413515711 0.07939264621958766 0.3304792025149733 -0.1761825371019169 0.9238181736963451
34.93 5.779074439333133 -55.88411024104373 1.2295247767464954 0.0751596979498665 0.3110727382760428 -0.175491329357652 0.9310142666070235
35.03 6.183823948650051 -56.025084180899825 1.2199116754291706 0.07548278370841807 0.32387769991881066 -0.17117609496130148 0.9274180984716272
35.13 6.5800036194650415 -56.16495455404932 1.2058209067731394 0.07799393322910533 0.33321211054264144 -0.16463766798686627 0.925084360502878
35.23 6.972970024215466 -56.30749116785277 1.2036283840490447 0.07716201599531525 0.3033403475103125 -0.1689160008942608 0.9346111712909021
35.33 7.377113714790698 -56.4486510988625 1.1969245616149737 0.07884271074500045 0.3116840205402142 -0.16870913429378864 0.9317586201952242
35.43 7.7748249224334565 -56.59493550230538 1.181452921712857 0.08090921058887457 0.31270003186516093 -0.16796614135386717 0.9313752010184216
35.53 8.176149901021127 -56.73738097005356 1.1752281828575446 0.08140925505118983 0.2948231408627013 -0.17336980202126842 0.9361595807077812
35.63 8.579361716818052 -56.885826922364885 1.1692301561382465 0.08125657478539632 0.29387086062856427 -0.17785955119892474 0.9356298768075384
35.73 8.986101999045276 -57.04348389906064 1.1556045939312503 0.08408793979450022 0.30087476328253376 -0.1801317640731382 0.932714395071018
35.83 9.40081030279681 -57.19930807133706 1.137121473687821 0.08658776678240493 0.29836375422871864 -0.18254053936862868 0.9328239814097784
35.93 9.803678927306937 -57.36011603371398 1.1243714418922557 0.08732659773825376 0.2838301270826492 -0.18846134675365064 0.9361072828834891
36.03 10.220094458857442 -57.51921396175162 1.1179526103605284 0.08940767001428188 0.28966547432989753 -0.18919280772549069 0.9339733738328938
36.13 10.624006034127952 -57.67578789257105 1.113498185707646 0.08737146789770052 0.2808066408727308 -0.1908126614937798 0.9365385124237202
36.23 11.045407841296244 -57.8349251230476 1.1044529949006894 0.0892135845087414 0.2849825595304162 -0.19127225477327456 0.9350084500455288
36.33 11.467156554645603 -58.00008340827963 1.0853241978274584 0.0887399690279618 0.28694102132654037 -0.19169391470233632 0.9343679742173806
36.43 11.880734309810238 -58.16407646686706 1.0766187717406783 0.08468364299131241 0.2844197297190921 -0.19496947558514854 0.9348374198470506
36.53 12.294646420567664 -58.322367336742936 1.0791447852389648 0.08140264673378378 0.2880823444082661 -0.19613755460245844 0.9337624064072937
36.63 12.712425289716418 -58.47780908882801 1.0692631746131287 0.08066903599549306 0.29001697512557534 -0.1938184550400141 0.9337114475342322
36.73 13.130388585291893 -58.6455685838312 1.0644329042689933 0.07568897061398232 0.2760263654710837 -0.19788961377143874 0.9375075071985346
36.83 13.54189210299314 -58.812319170506896 1.0525745678907126 0.0722031108771542 0.2781179884165847 -0.20084700564948182 0.9365348768841504
36.93 13.964979851220155 -58.97423219758818 1.0450583692484325 0.06779134238814362 0.2696283186829336 -0.19940708375266633 0.9396497850852119
37.03 14.37637433658014 -59.13627789209901 1.0303683285612848 0.0669172922529593 0.28330488439386103 -0.19573361249307772 0.9364554294874491
37.13 14.80177565608388 -59.30212050414801 1.0361472324547758 0.062303770841434326 0.27006329834061804 -0.19354588908772077 0.9411291323965951
37.23 15.211463060732928 -59.4662852623582 1.0431589161098447 0.060783502119402574 0.2683488028016761 -0.19054148166122858 0.9423312738476589
37.33 15.634431010402917 -59.63965463735548 1.0214793390312726 0.06569829275878837 0.29734811798777466 -0.18636263052167448 0.9340967835308881
37.43 16.05484407184063 -59.80796326499771 0.9994056944620554 0.06325895616691948 0.2905586370282213 -0.1896485569039298 0.9357389634813927
37.53 16.475622605923263 -59.977956304004515 0.9843671690219792 0.05916663906259047 0.27355926124838187 -0.19499379103574546 0.9400223725341779
37.63 16.89466564148466 -60.146896105129436 0.9774180249923551 0.061903391732560216 0.28865161625608143 -0.19199064058530796 0.9359422035854565
37.73 17.322106194561133 -60.32505966996808 0.9660157902890985 0.06192132862805483 0.2794272304898963 -0.19234966485243654 0.9386627607148578
37.83 17.739649602180364 -60.497060783097126 0.9502347670162062 0.06000170826909619 0.27000138207214797 -0.1969639235135028 0.940587189748025
37.93 18.165032787763895 -60.67712672478691 0.9373675849775985 0.06124665136813724 0.2738074228749892 -0.19770880578437747 0.9392494721798156
38.03 18.58411944978635 -60.85411735482234 0.9297002245463315 0.06368326902513742 0.27737689599427784 -0.19771267344815058 0.9380384840574701
38.13 18.991021792584842 -61.0294103851751 0.9265577656856946 0.06445703265529645 0.26772578422321436 -0.20031620369394376 0.9402348716895079
38.23 19.408967397960325 -61.215131207615386 0.9058720530287506 0.065923134488296 0.27045872901100315 -0.20331141092322785 0.9387069225425991
38.33 19.830518790969485 -61.39416800344866 0.8972145598079156 0.0663950252922834 0.2633168850631935 -0.20794370558343536 0.9396889559664323
38.43 20.24399527165292 -61.579360695104846 0.8915623804056223 0.06816157943613034 0.2535768337155005 -0.21255041404819935 0.9412093868951439
38.53 20.669963721947866 -61.77154528353432 0.8735644876971652 0.07061937643145579 0.2627543763774358 -0.21426215134581525 0.9381176748508686
38.63 21.098819131548282 -61.96649327243815 0.8657933706938507 0.06982395948596602 0.2569491408746557 -0.22046309326369273 0.9383484311246452
38.73 21.517653835779424 -62.151583056795666 0.8523425736160682 0.07079619403522945 0.2760551313471793 -0.22342704748370878 0.9321275759356819
38.83 21.93783473773348 -62.342967202375206 0.834343788581711 0.07235814109169852 0.2755837389252975 -0.22335848107897482 0.9321635538830086
38.93 22.355400473599875 -62.53160169238204 0.8294313686373416 0.07236562711660667 0.27595873400956944 -0.2271273064222525 0.9311407948389052
39.03 22.755858312325678 -62.72228069119916 0.8211166060676528 0.06859835527007817 0.26773221760301985 -0.23212349678740102 0.9325944496675921
39.13 23.155559254301462 -62.90616391227998 0.8097139843175301 0.06887717022853322 0.27109069886463577 -0.23435949292779562 0.9310431764880829
39.23 23.55635080901903 -63.0960963597109 0.7963813125174373 0.07027025837003288 0.2743019908867615 -0.23713891921677355 0.9292930870166142
39.33 23.951931436505077 -63.282654792948904 0.789803343392754 0.06716519837712553 0.2620605983063799 -0.24079807193095173 0.9321101691842011
39.43 24.35034738781178 -63.47037072415458 0.7719397009409892 0.06619362831619989 0.2673763306106521 -0.24195296754952622 0.9303693153224144
39.53 24.753543953008492 -63.65866713554632 0.7529864287998493 0.06718024940993099 0.27704428046970303 -0.23653839165223123 0.9288610606666746
39.63 25.14843109994356 -63.84806753098929 0.7442964859186583 0.06414645419136074 0.25889002673637607 -0.23446081316507367 0.93482047129975
39.73 25.544855223294217 -64.03546875307177 0.7294402832795072 0.06504860738520463 0.268638926806352 -0.23134382281771898 0.9327817758327298
39.83 25.9468634231347 -64.2237568842717 0.7116780162370253 0.06884417459533401 0.2901185554995251 -0.22762787717710187 0.9269720885285612
39.93 26.345723883661773 -64.41146652931786 0.6969477978860549 0.0674043210785742 0.28333299074823737 -0.22649688586168096 0.9294505013977649
40.03 26.741822072589454 -64.59725142030528 0.6872494539768934 0.06999720438238796 0.2907755087910388 -0.22240002726913521 0.927948394436162
40.13 27.12069117651271 -64.77873786869284 0.6736631982652049 0.06968497786462147 0.2854976729123259 -0.21912182521677553 0.9303873969134161
40.23 27.505009570111167 -64.96183406966604 0.6580407773785546 0.06902884731327362 0.28035528107513846 -0.22307498556490885 0.9310604091180641
40.33 27.881716560218795 -65.14383937899433 0.6473347645621774 0.07097814353230215 0.2838661538231623 -0.2257650579602624 0.9291997893125847
40.43 28.27393538926642 -65.33514124613303 0.6320804525763837 0.07134062305917661 0.2853622072887577 -0.2313536954422896 0.9273372599858225
40.53 28.652805608806123 -65.52154852459755 0.613222229624827 0.07300527022912812 0.29059626036438746 -0.2356765330876826 0.9244893810816734
40.63 29.029176822854126 -65.70835606753282 0.6003282337113712 0.0728393371945914 0.29374400367557585 -0.23552967102589847 0.9235446201067538
40.73 29.409349103638867 -65.89317014163821 0.5938969974709983 0.07056483545756011 0.2889854774766776 -0.23368482759427284 0.9256886080948923
40.83 29.785777501324226 -66.07841902235816 0.5790847679918545 0.07251790810069447 0.29746988867175544 -0.23018266154633424 0.9237254790584476
40.93 30.150027324357655 -66.272364019295 0.5641718865897722 0.07449739718447713 0.29220776293341044 -0.231075058071156 0.9250238259804997
41.03 30.51958154616165 -66.4695271846508 0.5546888804431173 0.07623586815573882 0.28122469808323447 -0.23761312307643878 0.9266287095360233
41.13 30.886444907062337 -66.66779356615223 0.5495270492460078 0.0781269324851596 0.2788003513088355 -0.2459309784725864 0.9250321617965752
41.23 31.26077741808176 -66.86762578116662 0.5289571205054561 0.08539567635298376 0.3068968130572559 -0.24897527709283548 0.9146219087645245
41.33 31.61946374106794 -67.0637078768593 0.5022405059309324 0.08333727240564137 0.29622571493635774 -0.25546625506486487 0.9165381701607224
41.43 31.98042857309645 -67.25639096875524 0.5012213287460401 0.07804563827378809 0.2686373417391406 -0.2629918745800196 0.9233515749023512
41.53 32.342454932035366 -67.45152382673774 0.4940430718824961 0.07693177916326098 0.27096166704699093 -0.2632062162297874 0.9227045919924153
41.63 32.707431764255716 -67.64756922842984 0.4867267102665628 0.07666465210494627 0.2661564674316173 -0.2619738271142597 0.9244744344053316
41.73 33.085873329784995 -67.8517201396557 0.47727825683190306 0.07445034088433908 0.24961909065535115 -0.26542737534663163 0.9282756943598166
41.83 33.47253877341646 -68.06700686044313 0.4496382765098784 0.07751492900299568 0.2640496558443502 -0.2639597471352482 0.9244427872629201
41.93 33.845071188208976 -68.28379383467706 0.4312586992477458 0.08352649147070708 0.28182221332212753 -0.26347187646745696 0.9187938482660452
42.03 34.22133462497514 -68.50035963822529 0.41345081668168826 0.08336064872912884 0.28594713519777376 -0.26706738293870574 0.9164934539242032
42.13 34.59686682766332 -68.71447368326969 0.39857949161405126 0.08302739175815839 0.29195961018629574 -0.2715811408226677 0.9132960758632229
42.23 34.955821983608175 -68.92870621072349 0.37874380607081837 0.08505799457974027 0.30031023503325693 -0.27203395144452863 0.9102617368393658
42.33 35.308633219519685 -69.14449245277731 0.36940454809222334 0.08596319302500237 0.2918371442236493 -0.27316310599119614 0.9125915451183918
42.43 35.658169250353126 -69.36541348475814 0.35892449642919544 0.08707969401551728 0.2827214235104585 -0.2790427626791039 0.913575864487891
42.53 36.006874808008575 -69.5827353289405 0.3415145184369874 0.09082098764985204 0.29020745396792863 -0.28395988681628753 0.9093393011098989
42.63 36.3603849309315 -69.80638497662801 0.3210187075020461 0.09320673943816601 0.2894423731820334 -0.288238766041909 0.9079945099397331
42.73 36.7026269780206 -70.03319356276967 0.2966753169038356 0.09364644756069707 0.28775523135107084 -0.2946674265239741 0.906420640450719
42.83 37.05522950911986 -70.25686604898425 0.2784664831085005 0.09499152747425488 0.28900053917644136 -0.2968976508375047 0.9051558335397311
42.93 37.40646120059679 -70.49074868025721 0.26358896689553674 0.09822331036362711 0.2889836258373309 -0.2999363038540961 0.9038135089328238
43.03 37.74810653166198 -70.73063505165408 0.23408038410285337 0.10919919585832726 0.32392384148273223 -0.29574359093457736 0.8920115520351101
43.13 38.077613071991735 -70.96489699281213 0.20522389812413477 0.11367147139095488 0.3225810800312548 -0.30217671848178396 0.8897805764373963
43.23 38.386375219459424 -71.19313913861428 0.19067183332959162 0.11472403014153275 0.30130080713806157 -0.31662214929396687 0.8920799488288628
43.33 38.68814080405067 -71.4256212633218 0.18024474060239348 0.11938788623839384 0.30359947577794355 -0.3263186247189211 0.8871809545343262
43.43 38.97940845920412 -71.65272226177913 0.16459925071895987 0.12169960863091278 0.292694258532791 -0.3378053831387344 0.8862317977840307
43.53 39.27392342839141 -71.89259090392834 0.14559276606560584 0.1196597661798525 0.27650937544946685 -0.3515092356019027 0.8863776638278377
43.63 39.56642290530715 -72.13558529656075 0.12150378830577474 0.12309678539352824 0.2810616110016212 -0.35863931209182254 0.8816061456621417
43.73 39.86828879564317 -72.39292512746412 0.10268667201959594 0.1287627928988774 0.28434405536897894 -0.361756046786233 0.8784652320694317
43.83 40.15912324346197 -72.65977388763051 0.07700722491689577 0.12823000464139092 0.26633553365011925 -0.37062886439870124 0.8804866235778396
43.93 40.44040194253679 -72.92334508599052 0.05527739845649325 0.13623800833944938 0.27690549075254983 -0.37544560833334634 0.8739583224948393
44.03 40.72591996819188 -73.19986549850074 0.04090987615050695 0.13622219442005645 0.26418808266574073 -0.3858275449620721 0.8733757932719022
44.13 41.00366781217915 -73.48113019922891 0.022918632401869112 0.1421267140035123 0.26383123858034746 -0.3957599528101722 0.8680824468144798
44.23 41.2773545298567 -73.77024254966074 -0.0009134192628852053 0.15433771178641104 0.2707626713565644 -0.40108161641680085 0.861394789566827
44.33 41.54405053691002 -74.07396356569393 -0.034446619325114475 0.15732111979486288 0.2614213392589236 -0.41659543778911573 0.8563627676749243
44.43 41.788581069639946 -74.37569794261812 -0.05978382470538108 0.16018050743415527 0.2545152812135086 -0.4309965126877664 0.8507679958237316
44.53 42.04534447290262 -74.68969971645738 -0.07023962591665724 0.16815686751905565 0.2508716954699405 -0.44403229087387763 0.8435768992685327
44.63 42.28423073939364 -75.01271381340672 -0.08665900644425065 0.17791969560693327 0.2546087825765919 -0.4535467281652223 0.8353528087704165
44.73 42.52083414989852 -75.3428248021331 -0.1145333752835813 0.1843795367206225 0.2527587880274202 -0.46174754261917955 0.8300038484240585
44.83 42.75379557043176 -75.67648261669781 -0.14476711732209058 0.19072003312751293 0.2585325312652214 -0.4679704691900773 0.8232802920071978
44.93 42.968653437861306 -76.01766275903361 -0.17334175382266526 0.19627490979727732 0.26162734351511546 -0.4721787255223093 0.8185808109609107
45.03 43.16781712609729 -76.35434754699193 -0.18845562499362134 0.20552612864182618 0.2689487562078011 -0.47638868643192944 0.8114674339857646
45.13 43.34988508794755 -76.69298193016806 -0.20232740490769807 0.20500636482553436 0.24622088794539426 -0.49308757005490134 0.808833921752639
45.23 43.5350927617836 -77.05263784326293 -0.23206226964063884 0.21574142822144893 0.25358324963542406 -0.5042439182268728 0.7967993741115252
45.33 43.710703856864576 -77.40996800291447 -0.26449315914856064 0.22968824845659835 0.26202597597192523 -0.5080453352321564 0.7877027572541216
45.43 43.87142002132942 -77.76814455275466 -0.2843201204540483 0.22151579809982816 0.22781157637799307 -0.5243386582066788 0.7900010179552872
45.53 44.01286467963821 -78.13753267269742 -0.30564900614035506 0.22868289075044715 0.2233421568062477 -0.536414266407781 0.7810775577785823
45.63 44.15890601513375 -78.51313402293741 -0.333948161899436 0.24392898656485654 0.23550821370116926 -0.5423027288284675 0.768727702829763
45.73 44.29153909188067 -78.88214769948789 -0.3621432112334854 0.24206280268110944 0.2180448277428799 -0.5602100413682151 0.7615948806307504
45.83 44.40389728885565 -79.26817939614573 -0.38339159996976535 0.2376073715529393 0.2003206318642278 -0.5796393238662224 0.7532812460569617
45.93 44.51416936971072 -79.65998152586565 -0.41605593229334115 0.2540555804314096 0.20857409231158805 -0.5870921326665538 0.7397806687316818
46.03 44.617776377917885 -80.0530177830396 -0.4541100721568394 0.2679089137012913 0.21691868572117 -0.5953653238183331 0.7257487367809096
46.13 44.69863184511265 -80.45412913255646 -0.47819441304145777 0.260154077671921 0.19871163015429474 -0.6125319411645099 0.7194707533773227
46.23 44.775993147754654 -80.85861320425158 -0.491048705359949 0.2745851392241335 0.2110260798069699 -0.6188688830996067 0.70503354564844
46.33 44.82746008051512 -81.25169272257641 -0.5133049054017261 0.29398932154153834 0.21743330696568217 -0.6254238367674049 0.6893025897562347
46.43 44.87048245699936 -81.6253420519748 -0.5184959552655573 0.2870241097422527 0.19800629443094855 -0.651934697994069 0.6733437586729187
46.53 44.90238077482038 -82.00011687370026 -0.5389769014803107 0.29418602605706795 0.20472245896776442 -0.6655295152496327 0.6546860019876178
46.63 44.94114742036783 -82.37039865172618 -0.5627344071003388 0.2980805302763124 0.20988229211327586 -0.6745874728804154 0.6418949776718031
46.73 44.962654168366235 -82.7373985294859 -0.5710422006646951 0.2827323126770491 0.19718365810632557 -0.6893808087352513 0.6371303986560568
46.83 44.98446020691156 -83.10687801508016 -0.5975086055438447 0.2806556739037074 0.198721464044854 -0.6922210960906711 0.6344857181690975
46.93 44.99324958217554 -83.48180293678227 -0.615338507815384 0.27260659809114923 0.19342956644245468 -0.6961832328436044 0.6352948542295006
47.03 45.000570504450074 -83.86037406022234 -0.635400845017809 0.26666450264204633 0.1874085049111946 -0.6984383112945309 0.6371436420727
47.13 44.99167776581421 -84.23339978086901 -0.6553252171168705 0.26153274356700007 0.17893103894769496 -0.702129902231827 0.6376503020742179
47.23 44.97127654749034 -84.61276419933381 -0.6880887955826942 0.26312671194426046 0.17197080730817033 -0.7076789555227792 0.6327565652013155
47.33 44.92904498756249 -85.00322042397703 -0.7153990687520829 0.26098747669994093 0.16257543851469503 -0.7201616057403254 0.6219501792065572
47.43 44.88053578032579 -85.3774441654857 -0.7453982170842735 0.2712655130302043 0.1644151854967816 -0.726836631316706 0.6091725368027534
47.53 44.81474576118722 -85.75292817452619 -0.7739016829995432 0.2822992222013445 0.16373285010353553 -0.7342284179877958 0.5953212016723642
47.63 44.738681462731705 -86.11679494954927 -0.7943117235639682 0.2798451631431302 0.15133885166005465 -0.7479049684539932 0.5825988283591398
47.73 44.652750972030326 -86.4761266048682 -0.818382562489837 0.2783972839231261 0.1420224646508556 -0.7586279823194673 0.5716713708771999
47.83 44.54756021791703 -86.83869523619609 -0.8383385528250282 0.27898211141676194 0.1335573752609125 -0.7687447735086277 0.559788247666946
47.93 44.42878617709465 -87.19897243908552 -0.8714948224729437 0.2861308984335557 0.1344678826247956 -0.7766992235087282 0.5447805188375857
48.03 44.31114574973364 -87.55782582677756 -0.8927968030609537 0.2778164513471969 0.11948586384801149 -0.7897144109407256 0.5337530298311081
48.13 44.16121180206935 -87.91199246621566 -0.9102388107221909 0.2734886876802335 0.1091930392697174 -0.8017651057397336 0.5200514715911683
48.23 44.007910719373264 -88.27423447950703 -0.9453324726184177 0.29399446423987013 0.11705870184648418 -0.8043395929132297 0.5028939595884083
48.33 43.851519012214474 -88.62505970173184 -0.977156681615221 0.293435318886393 0.10914552622242252 -0.8154349898256138 0.48687651935965515
48.43 43.67435245021578 -88.9652234607616 -0.9954000903814983 0.28278711054049926 0.09735331013322754 -0.8321109900833159 0.46706004250077177
48.53 43.48648831565344 -89.30102090556902 -1.0263380094948298 0.30578508782378566 0.11070394895971662 -0.833042405758027 0.44752705611862476
48.63 43.29580504640285 -89.62923757095847 -1.0614296369358542 0.3144340224498 0.11128480214841437 -0.8390173969159704 0.4298799204535793
48.73 43.10476821686082 -89.93299346864644 -1.0874890551375016 0.31248418124201904 0.10947234326134671 -0.8473729285957436 0.41512475524527254
48.83 42.89723379714368 -90.23084164444995 -1.106897104374943 0.3019469344044946 0.09818398182254794 -0.8579762151450012 0.40381278925097946
48.93 42.67539855696371 -90.53009117016805 -1.12163802599001 0.29332612056897583 0.0854442401277672 -0.8669087212307827 0.39386334924051064
49.03 42.43263224688448 -90.83260623676378 -1.153465467400272 0.33563548756810097 0.10593448453974308 -0.8544305940578394 0.3821976771360464
49.13 42.19857922500123 -91.13119885092259 -1.19101844508103 0.34472282309043745 0.10210543838082269 -0.8529984571482453 0.37833092233695625
49.23 41.95176488217933 -91.41363382398254 -1.1940168431730314 0.2987111807380435 0.078103736258773 -0.8755032746298725 0.37170613795964447
49.33 41.70427396733216 -91.7024832038372 -1.2190784239586963 0.3174728754584721 0.08782332025871711 -0.8724375384431067 0.3610412431872533
49.43 41.45924013665926 -91.98988752627915 -1.2538700098588305 0.3207070416204463 0.08649726249491645 -0.8762626350902325 0.34904012861083594
49.53 41.19570935838142 -92.27824299502045 -1.2798731005519557 0.2922196964892586 0.0805953671001431 -0.8912714194500436 0.3372644254249521
49.63 40.92948948633622 -92.56474768784533 -1.3011050160722566 0.30220703518539455 0.09272074162757099 -0.8887558769746109 0.3319439155935491
49.73 40.66672876242451 -92.84040160796367 -1.3224434715274247 0.30502835527703603 0.09132741568742125 -0.886820805821329 0.3349117256580486
49.83 40.38603956274145 -93.12325974949546 -1.353803804099293 0.2866134760665161 0.08500539112403895 -0.8949656774645713 0.3311543974905037
49.93 40.10379060958762 -93.38826587009022 -1.3777338623517819 0.28540457149354587 0.08868003116379418 -0.8974139979404027 0.32454306177146514
50.03 39.82098949008663 -93.65707504238522 -1.3906606785888356 0.29231914943348136 0.09193751687468919 -0.8962947839872163 0.3205505702111785
50.13 39.52281115606322 -93.92224982250102 -1.4096788784839547 0.2889816280724557 0.09190904848389878 -0.8995339108813503 0.3144536350845386
50.23 39.22427115618705 -94.1908100886171 -1.431161411277481 0.28083917711820394 0.09038131547755511 -0.9041081350032082 0.3091101011438115
50.33 38.92140439520738 -94.46099781476822 -1.4588049425966685 0.2780821708233331 0.08773281059191529 -0.9051127479257974 0.3094255544683364
50.43 38.61195340762529 -94.72345646824891 -1.486272968110227 0.2838954412904778 0.08756759142204285 -0.9035811355827343 0.30866879784980467
50.53 38.28582108598447 -94.99222225146471 -1.517018788602902 0.2856375247299147 0.08661810964504274 -0.9033018384639977 0.30814654983505557
50.63 37.95097229464985 -95.26446775202591 -1.5374006517730097 0.2846046011271377 0.0854550665886099 -0.9049709249007466 0.304508255546359
50.73 37.606205449977985 -95.53235863428174 -1.5638898599618567 0.3053699725409679 0.08989828969868702 -0.8995846576140895 0.29902327863382316
50.83 37.26307531114458 -95.79719374857204 -1.5935210561523883 0.3008410841768097 0.08555502323916263 -0.9044000659470786 0.2902335280162993
50.93 36.903014294661084 -96.06115550110484 -1.6127138212081766 0.30241717171542226 0.08462024038140467 -0.9068103085078886 0.2812087010625137
51.03 36.54457995407787 -96.31630730934143 -1.639360308553092 0.32047843401777815 0.0859170000131727 -0.9025389383645007 0.2744727803883825
51.13 36.170323651976965 -96.57478410808751 -1.6660498203167908 0.30721034987042356 0.07706595956661694 -0.9102641958432118 0.26664908133064996
51.23 35.79494129935723 -96.82264616172498 -1.7025890790979719 0.32051884056559654 0.07636633186939536 -0.9071436171259727 0.261775312256343
51.33 35.42111658585251 -97.0700992217945 -1.7305815911966516 0.32115299983362805 0.07251764325828909 -0.9093814007461025 0.25421921660484614
51.43 35.03840795698055 -97.31089756217705 -1.7625161623970218 0.3367755523084708 0.07493998536615601 -0.9057989355533864 0.24595632602353804
51.53 34.665756384787976 -97.54398135734994 -1.7928538718867217 0.3388725579088891 0.07357575225636562 -0.9070220218790727 0.2388787349317547
51.63 34.284259005224726 -97.78219685651399 -1.8121272244645 0.3321298819048555 0.07100676682120718 -0.9113944294070374 0.23239615886947465
51.73 33.90090969584125 -98.02205464275295 -1.8422303008582122 0.35661070783186855 0.07838371871313554 -0.9031709871664374 0.22575864023588726
51.83 33.51456673522184 -98.24992556597851 -1.8846738139665324 0.37014808477335664 0.08177547061890691 -0.8988785132404734 0.219819439946217
51.93 33.13382903525535 -98.48309658905761 -1.908042282235997 0.33807179168480433 0.07661293042880941 -0.9128231795943909 0.215851257474501
52.03 32.75958828537354 -98.71508024145086 -1.9291697415510967 0.34319618505338545 0.08090227920196288 -0.910717848873045 0.21509114237639787
52.13 32.38457695723168 -98.94853839028482 -1.9558351027913552 0.3524882479098131 0.08558240476967487 -0.907188764702676 0.21315776381952994
52.23 32.0036129019483 -99.17844995779703 -1.993174469494463 0.3428659846837302 0.0838162758030966 -0.9120694504933485 0.20867933758308851
52.33 31.62164600392121 -99.41417407521816 -2.026271589511748 0.33532342432852624 0.08993349223492605 -0.9153695672634276 0.20388409305040753
52.43 31.244706000914857 -99.64813756522217 -2.050558375224572 0.3378449240168462 0.0942100842420438 -0.9124291066916199 0.2108515890504293
52.53 30.858861303578703 -99.88532798486345 -2.077765354713664 0.3302413808537016 0.09220009805630891 -0.9135091402341177 0.21895392894161658
52.63 30.464423996504046 -100.12187639983435 -2.1122655270324975 0.33909878447684916 0.09672663899601147 -0.908036243718204 0.22611092801762903
52.73 30.082131031993455 -100.35822848917944 -2.1565347930114713 0.34335492079778 0.09517073327164985 -0.9037827933782927 0.2371214715832735
52.83 29.6862062645636 -100.60329636838343 -2.1794562882450497 0.3454163892414002 0.09482440151139937 -0.9020888270295175 0.2406898399807262
52.93 29.296659100185494 -100.84272430586114 -2.2030587811248674 0.3427280581631702 0.09005943329994062 -0.902836301370135 0.24354340383120854
53.03 28.903631012494607 -101.09092411238797 -2.2318401061869038 0.33662073441410134 0.08683246692738174 -0.90648620073612 0.23964426078003812
53.13 28.51236275379172 -101.34183365459157 -2.2685418929891075 0.34288530202623096 0.09045769269867336 -0.9050475783427259 0.23481046914901493
53.23 28.121024060548375 -101.58980349385266 -2.295857451216945 0.3203459288620481 0.08904641853737108 -0.9128041692992626 0.23714503941061507
53.33 27.737194669512164 -101.84570970090701 -2.320856844657575 0.3320699923574155 0.09684505172030856 -0.9062859573829944 0.24289157989404608
53.43 27.348449571746578 -102.10510226535328 -2.3510269412372793 0.3330025275349167 0.0946874495963724 -0.9039358705651191 0.2510847375886714
53.53 26.953555002867503 -102.35889796312418 -2.380020760555594 0.31340701058517234 0.08684333555719913 -0.9116679043911071 0.2511889983428666
53.63 26.55406489340829 -102.62149436679354 -2.427157137172522 0.33370096938360744 0.09223605327109678 -0.9043647351147096 0.2495207393991795
53.73 26.162149021645494 -102.887654247456 -2.4507927264041056 0.32003473591257 0.08787954889448697 -0.9096794244448883 0.24967638542138856
53.83 25.7690372804612 -103.15457253861727 -2.4858101974369955 0.3362008434191567 0.0959197342634462 -0.9028038077513907 0.250426999687868
53.93 25.37487829003189 -103.4324444596283 -2.5165023717588926 0.33373859655004645 0.09959969796839538 -0.90266036521784 0.2527898621428587
54.03 24.98252003947208 -103.70580647823756 -2.5578358675136608 0.32242753317806466 0.09903405725287268 -0.9054249480365797 0.2577564835764559
54.13 24.59102885201847 -103.97997547113992 -2.589118257093414 0.32016552175207996 0.10003592123266455 -0.9036098722546982 0.2664133103059956
54.23 24.193531681412267 -104.2614714532951 -2.625386124865261 0.32283049434966604 0.10065214345316963 -0.9007460498584554 0.27259158387709204
54.33 23.79624804848933 -104.53949328754383 -2.661047325460571 0.31522548298038483 0.0994367891595742 -0.9036906064306373 0.2721920419307747
54.43 23.400064423679225 -104.82416008978932 -2.6992929103575065 0.30932077114159523 0.09908860460043989 -0.9065580223918168 0.26954528564926666
54.53 23.00413633420148 -105.1135195008078 -2.732911487725082 0.31981072928889054 0.10478383198909402 -0.9023835046171033 0.2691569367122904
54.63 22.607712651147367 -105.40028241040885 -2.767871985055309 0.30985114682665515 0.10174242372778347 -0.904363203207091 0.275259773140233
54.73 22.20486479384806 -105.6891268750053 -2.801325282880669 0.31033768643419624 0.10133248818066849 -0.9020466341685132 0.28237230211733216
54.83 21.797881111107596 -105.9821834899114 -2.845099549777053 0.3320126721716123 0.10790647077508794 -0.8928737923019083 0.2844295520910921
54.93 21.39817617680245 -106.27346638510139 -2.892621312231674 0.34493184884653094 0.11556850653816846 -0.8875330069204331 0.28275625824130846
55.03 21.006887292201643 -106.55514117699524 -2.9312964779287807 0.3331295524521268 0.11288841494108201 -0.8927051244748342 0.28170635028608537
55.13 20.624374120251517 -106.84095857631905 -2.9686700033136137 0.3284722183120025 0.1128016218778439 -0.8930401421678498 0.2861137892093751
55.23 20.242389716439476 -107.1300201171343 -3.0132631859798202 0.3282370325311961 0.1139035865447802 -0.8916346569705219 0.29029995166449857
55.33 19.853470727971423 -107.41587519580601 -3.0411917612791384 0.31218337887030495 0.1081862462804325 -0.8973049782450558 0.29271325574614654
55.43 19.459378364358713 -107.71218028799544 -3.0849715975362457 0.3285222989490448 0.11322414463722087 -0.8907180092068935 0.29304405852859844
55.53 19.064705559808445 -108.0020505488013 -3.115926121007529 0.3189383984018546 0.10729483795690833 -0.8951013830341633 0.2925057774865116
55.63 18.66826941993458 -108.30291895484858 -3.148136466461344 0.3122307101306719 0.10114745091362778 -0.8982794079637416 0.2921904893272225
55.73 18.274296825084622 -108.60393735708092 -3.179704586879792 0.3168842969251773 0.10196085772350803 -0.8966025671910446 0.29204821923947943
55.83 17.882308276291436 -108.91280629351809 -3.2200036949314477 0.32606033228081005 0.10038957054360607 -0.8926040096515532 0.29472813878720194
55.93 17.482020080156268 -109.23341869530383 -3.2603003391251297 0.3200481447629544 0.09950435000385321 -0.895488748100538 0.29286169327761663
56.03 17.088730328194213 -109.55758757941227 -3.2972790452151717 0.3233992553947892 0.10656078188099934 -0.8943923209599212 0.29003464893514314
56.13 16.700650875347186 -109.8883043556995 -3.338402709385915 0.32806044231681136 0.11354395619963786 -0.8910246492042777 0.2925050268077917
56.23 16.305557258422336 -110.2164927297359 -3.3693513308886596 0.3121546302705578 0.11119853016673321 -0.8940551189457785 0.3014296235877611
56.33 15.913303697435083 -110.54455512720875 -3.3971572422840532 0.31794874338413814 0.11913742804830367 -0.8891592664708465 0.3067746219417589
56.43 15.528381042054749 -110.8767769338235 -3.434709026254286 0.3208810681730249 0.12184774830815653 -0.8858047161359796 0.31231149705322625
56.53 15.131495769099836 -111.21037905323826 -3.476354220902343 0.3127961638275021 0.12169283024982899 -0.8882688167116661 0.31357283718179596
56.63 14.739473016872155 -111.54632834880955 -3.5136798947537424 0.30440455908988506 0.11953359668350115 -0.8907828442116031 0.3155241799410717
56.73 14.340444916794223 -111.89017626156145 -3.56607401064615 0.32070949025481327 0.12886195695343663 -0.8843585092895042 0.3137675030303085
56.83 13.943874638299256 -112.22676607951065 -3.5890506925961057 0.31577946423041714 0.12688184591651597 -0.8857206867177211 0.31572645164359747
56.93 13.546854589465612 -112.5572216135446 -3.6197344742431037 0.3085336767759565 0.12052728411366972 -0.8879317445723236 0.3191510004058301
57.03 13.152819926720888 -112.89383318371561 -3.654284736685931 0.316880037409735 0.1255935177454202 -0.8844128273139896 0.31879030893992233
57.13 12.756411574377656 -113.23618001295603 -3.6591170123214023 0.3032409595193982 0.12049478774085597 -0.8884773308526764 0.3226979379511819
57.23 12.37316955079549 -113.57282258507192 -3.6784653730529415 0.3181032885402871 0.1263539037938333 -0.8817291532736777 0.32465164266209556
57.33 11.985960009910265 -113.91207639125393 -3.69766622545159 0.30407247320498776 0.11419270834298507 -0.8859244307380355 0.3311160814907419
57.43 11.595737064712779 -114.24464155475941 -3.7195837049175635 0.2886404629601944 0.10497483458797291 -0.8908567037282027 0.33472570960097153
57.53 11.20429699926753 -114.58931234126761 -3.740275135074935 0.30620845635246413 0.11139763506302977 -0.8831335074930597 0.33749393491381624
57.63 10.810027694322981 -114.92968279496526 -3.765576062074097 0.3116767200790106 0.1077025356801433 -0.8806402544543885 0.34019189908545355
57.73 10.433193353776923 -115.26368631698152 -3.794893479378696 0.3008934130492294 0.10139810618100906 -0.8857069690562178 0.3386808866938596
57.83 10.042526895283833 -115.6004149950296 -3.8103125153962836 0.2990404835201639 0.10336466523631982 -0.887956703490677 0.333801479808853
57.93 9.663300991439746 -115.94132737003004 -3.8333306458857703 0.3161612046089833 0.10909636167629584 -0.8820499106464519 0.3318554379511926
58.03 9.277397699992775 -116.28220047996511 -3.861408389608414 0.31495483395896706 0.10588217915221797 -0.8834547546708565 0.3303030625854291
58.13 8.890886620250074 -116.61789909059614 -3.8926773097846175 0.30553438118654863 0.10183095282414946 -0.8875144559248334 0.3295410285295684
58.23 8.507618567019291 -116.95456342148711 -3.90482251689709 0.3116776801549269 0.10493254697022555 -0.8841940588950326 0.33173340274128577
58.33 8.128827693790898 -117.29234466435675 -3.9167030105711396 0.3186606470010292 0.10427916669507789 -0.8815978511980637 0.33221450330956714
58.43 7.754283698693227 -117.62006226608038 -3.9388662986824032 0.3110801502585957 0.09696855896957887 -0.8861604530470946 0.32946303304289076
58.53 7.371285246885135 -117.9569128918485 -3.9646176616184334 0.2991873378994098 0.09369436290819098 -0.8928516686681602 0.32330202745478476
58.63 7.003670709595283 -118.29115748224176 -3.982165596992512 0.3032840620929563 0.09801935229014204 -0.8921469260650401 0.32013254531477564
58.73 6.623894774702758 -118.6333188967996 -4.0118835447847525 0.3105423749905799 0.10207745166540767 -0.8886261783047998 0.32169417530958255
58.83 6.257265637550962 -118.96207702722945 -4.030272266430935 0.29915993500250687 0.09627249611311034 -0.8917826211061495 0.32551297435661897
58.93 5.877902506099716 -119.29943563051201 -4.048130455943286 0.30505135309140674 0.09753505870807261 -0.887822623456359 0.33045661376190205
59.03 5.502855054291901 -119.63158146338047 -4.070169200317665 0.31693658279832493 0.09852429292741882 -0.8819295428499895 0.3347304103837611
59.13 5.125770035151875 -119.96228788901536 -4.087124209319052 0.30839786849709205 0.09349508487228812 -0.8855344621581924 0.3346313496093501
59.23 4.757961305625195 -120.28882611888079 -4.108455435735287 0.30923327340502593 0.09470497013347126 -0.8868198786836551 0.3300852223634649
59.33 4.38657729777551 -120.6187943499938 -4.123597464755552 0.29905086992927954 0.08900524022789819 -0.8909690179465912 0.32988005921213576
59.43 4.02343399336254 -120.94379341802941 -4.143670073574497 0.3080032357173222 0.09374743763992234 -0.8884594934049148 0.3270858500490211
59.53 3.6505468932693854 -121.27668130540556 -4.174800503978649 0.3084278850669696 0.09705513735965289 -0.8887517017315946 0.3249199173556614
59.63 3.2916899347903725 -121.60467907037977 -4.1905751663168305 0.29141531314980634 0.09288403864021924 -0.8937021694239552 0.32824701521049426
59.73 2.925270934455292 -121.9371829002921 -4.2182209767303975 0.3145897330797935 0.10689834342512936 -0.8838182458189674 0.32934989353456706
59.83 2.554596062552562 -122.27407631300382 -4.234029911650853 0.3188250934507909 0.1081481231554576 -0.8813455265929973 0.33148847038556073
59.93 2.2053093380650632 -122.60170210356607 -4.242333054142361 0.30279518306191333 0.11102035693232237 -0.8866313564754703 0.33147306855246905
60.03 1.851697976309141 -122.93488322936582 -4.2566528720516095 0.3027296192825283 0.113647645061431 -0.8848183690548692 0.335463029504188
60.13 1.5000391259254218 -123.27453746098895 -4.267626609141119 0.30439120031511624 0.11679986516101426 -0.8814970673098005 0.34156508749184655
60.23 1.1537170541997948 -123.60490946600937 -4.283892582176963 0.2930813056898404 0.1151298661899015 -0.8830465207098965 0.3479616421796808
60.33 0.8042697643190977 -123.9391260126231 -4.290024180014408 0.30528097938045556 0.12203990869748345 -0.8761477914174388 0.3525263563309332
60.43 0.4577418385400899 -124.27536431046138 -4.313581489988557 0.32851760906394895 0.13462103457397256 -0.8651687503579799 0.3541700029493626
60.53 0.1344900770442125 -124.59539878535067 -4.318370164385294 0.324622536598894 0.13727257789125427 -0.8654685212799914 0.35600658247371564
60.63 -0.17589495455124196 -124.90631676474801 -4.323218536214739 0.3188631107054369 0.13738363976140616 -0.8678804859665941 0.3552963752074441
60.73 -0.47926878034339876 -125.21405132413999 -4.325497356133213 0.3079690932234326 0.13223598739631715 -0.8709413655406237 0.35934637753383764
60.83 -0.7825247511688556 -125.51228007683984 -4.331414779071086 0.31289662888231057 0.13299995641575735 -0.8681413774284532 0.36157607778186923
60.93 -1.0810374668516842 -125.80425586448258 -4.3372021221303445 0.3008775709097755 0.12783952173710295 -0.871526791708087 0.3654733852696672
61.03 -1.3789382759461906 -126.09946753777172 -4.344316981469394 0.28652491023864113 0.11698020242022472 -0.8747022896887865 0.3729812494853545
61.13 -1.6839618749053415 -126.40136161780518 -4.355386235790945 0.29921301850411447 0.12507045105390047 -0.86948908715151 0.3725824461179893
61.23 -1.987357281121293 -126.7040053916787 -4.37173805385367 0.3116486240648521 0.12958434653363576 -0.8624774238300214 0.37711500319592817
61.33 -2.290395579574099 -126.9991111977687 -4.380418889118297 0.2990951110958966 0.11988404686012623 -0.8677944212218167 0.3782892706954093
61.43 -2.597576477684678 -127.28409520181187 -4.388838498130998 0.2889603089795912 0.10840108835677144 -0.8753400009766443 0.37219756389274633
61.53 -2.918342497681391 -127.55685359003701 -4.3953271557250595 0.29595577960886044 0.09849500571507952 -0.8796046465916225 0.3591720702667807
61.63 -3.2440819747391916 -127.82494657394146 -4.404950082237485 0.30408646223469876 0.08862794683458448 -0.8851683086658118 0.34081310986987795
61.73 -3.5706762986101293 -128.07644233518715 -4.411734876156571 0.30473690346656257 0.07746729143777631 -0.8952615567910166 0.3156596004480631
61.83 -3.902042184960578 -128.31607824704034 -4.41385608826751 0.2894277508578385 0.06111209054101497 -0.9086111085921221 0.29482663171103585
61.93 -4.246797724035898 -128.55069052873625 -4.41742765745048 0.3235386656638041 0.06351418590801293 -0.9030242188534296 0.2753832605171945
62.03 -4.586598910517385 -128.77066695961386 -4.4368063195913585 0.3263576094563699 0.048270035141803246 -0.9057106584534517 0.26617459987975517
62.13 -4.927075721171937 -128.97603289385714 -4.4449360550490065 0.30351945081958104 0.027629797846955267 -0.9186744207806598 0.2512963307500443
62.23 -5.2832764456487205 -129.18459915131075 -4.45658288270688 0.3115846523658055 0.022490799456972528 -0.9211275384252003 0.2322352822130984
62.33 -5.646113405030529 -129.39232217748662 -4.467251120192909 0.32681815101583295 0.021977534846838523 -0.9196644380633444 0.216619956352782
62.43 -6.0215851998909935 -129.5852311426094 -4.479296985964602 0.3135835218718544 0.010230784226320842 -0.9269580165899164 0.20569283250577147
62.53 -6.405609218969903 -129.77220294037605 -4.487473823579728 0.323262084539868 0.00795202166334189 -0.9267774782425743 0.19110702727199755
62.63 -6.7892486607944935 -129.93996045768344 -4.497181643253277 0.3309041793716288 0.0026727432002684377 -0.9272196708163947 0.17538233254610117
62.73 -7.176609331056132 -130.09433780083856 -4.501938521844737 0.3255638364617952 -0.004940190381135252 -0.9322967762326401 0.15750080613604012
62.83 -7.560079083995145 -130.24563589081293 -4.5092741606579265 0.33753047421768223 -0.004589072831810768 -0.9306676191509937 0.14110245231303367
62.93 -7.9544883707615375 -130.37908275751374 -4.518427241308026 0.3373602004765223 -0.009819641540719473 -0.9322445633406793 0.13042907611494806
63.03 -8.341540003630133 -130.49560957558276 -4.518325604284419 0.32140601160508026 -0.016311944915757257 -0.9390990676913528 0.12051986233983313
63.13 -8.735214041017944 -130.61215046414983 -4.516633019543757 0.32415006015931613 -0.016859739389540662 -0.9390446157295752 0.11330356285537961
63.23 -9.138926182745957 -130.71901301904109 -4.523180117696168 0.3429563347975428 -0.013026320419455544 -0.9330957614581039 0.10744099472495006
63.33 -9.539077685588012 -130.81037482090375 -4.540431535959148 0.32593859878906206 -0.02146424915636342 -0.9397220074494096 0.10112301687958189
63.43 -9.941606014655376 -130.88272373758647 -4.539474665108255 0.31849328888178247 -0.025990442930724215 -0.9435874800320478 0.08677090146068582
63.53 -10.349459955392673 -130.9388098909807 -4.5449279704699945 0.32761716411680103 -0.03427264785836683 -0.9414676437677559 0.07163138364733318
63.63 -10.757768325308533 -130.98344294405163 -4.554516027578997 0.3379585388926376 -0.0386593124530712 -0.9389083888250527 0.05234998513995029
63.73 -11.16230774646868 -131.02717979245955 -4.562709104642928 0.32679013188654227 -0.045030564886261795 -0.943366549876117 0.035213782847520046
63.83 -11.581929495250163 -131.05837883229077 -4.5709505139443625 0.32942069466143836 -0.04647062612179773 -0.9428709794288725 0.017798960291604465
63.93 -11.98261988616068 -131.0844853530678 -4.580041071391956 0.3493777863099388 -0.04648092392554093 -0.9357683969512679 0.010592139134708849
64.03 -12.392985758817643 -131.09920417730876 -4.584985030466435 0.336550742487987 -0.04901076992566098 -0.940383914798626 0.00310402159931142
64.13 -12.798412248788855 -131.10609318979195 -4.589947836723653 0.34013496171658714 -0.047913043930255854 -0.9391470124447518 -0.003929001844011293
64.23 -13.200545681232734 -131.1041613353397 -4.5921785517991 0.34174528251970665 -0.04973274591463867 -0.938411215841947 -0.011009352449385367
64.33 -13.60029932626315 -131.09851558695982 -4.595037586944533 0.33417613812579255 -0.052143002560755075 -0.9408114039132665 -0.02193896665818163
64.43 -13.997973627050962 -131.0776475819489 -4.596916731335637 0.3199586062727879 -0.052018977150334066 -0.9452727101516921 -0.037148616807136034
64.53 -14.4025119772018 -131.05207289913082 -4.606232642898103 0.3265116726884133 -0.05368436652260708 -0.9425243789824992 -0.04643179312642428
64.63 -14.801561452694667 -131.01471408224975 -4.614742498830917 0.3130665453081429 -0.05955737892659327 -0.9461258096347607 -0.057342908604179545
64.73 -15.212523611381657 -130.96865611673667 -4.621406518805693 0.31676546921793836 -0.06151328789185943 -0.9440885073317885 -0.06762132243536781
64.83 -15.618078408355426 -130.91872005456727 -4.63619075716571 0.32766592456832955 -0.06521481457626882 -0.9395648970899406 -0.07483230581061766
64.93 -16.0287952987939 -130.86473700208728 -4.636286142647524 0.30336435084796826 -0.06523320715585522 -0.9466646326569013 -0.08683762200409667
65.03 -16.436887941165267 -130.810741702478 -4.63999853365839 0.31830899499153315 -0.06247890036664241 -0.9412810488638831 -0.09362562558489737
65.13 -16.847213139229016 -130.7527376001369 -4.642109430987443 0.3068834934892657 -0.06311266861098372 -0.9447379318213996 -0.09648602314557593
65.23 -17.271310601900247 -130.6754007870776 -4.644738871851186 0.30215170039616274 -0.059772737247977346 -0.9459294607223029 -0.1017301585922528
65.33 -17.683297963181133 -130.59708652723006 -4.65144452967847 0.30951714170872513 -0.062440679827266796 -0.9433535196486483 -0.10190406006473539
65.43 -18.09982485181987 -130.51423062678637 -4.6654430324125 0.3014514576716916 -0.06374782121427451 -0.9455487707214427 -0.1048844895359356
65.53 -18.52415816610224 -130.4292868380955 -4.677696118296432 0.3079134814584415 -0.06323836191633467 -0.9427618450299808 -0.11131172927390431
65.63 -18.94677647229066 -130.33364178316478 -4.6902106477713295 0.3134453849949056 -0.06280975822959704 -0.94034449276014 -0.11644380546946317
65.73 -19.362684980287117 -130.24128680750286 -4.69331419254123 0.312528067066267 -0.06251344166034128 -0.9399440471091465 -0.12216163559678056
65.83 -19.790588358319624 -130.13793805834823 -4.705223324789706 0.32216772560793056 -0.06517770919692006 -0.9361399941051834 -0.12490690228006725
65.93 -20.215243696167818 -130.03064883547796 -4.72425134788484 0.3076280535669815 -0.06442777176967492 -0.9398721752073707 -0.1336201225652435
66.03 -20.644588643881338 -129.92798620101308 -4.735568738608165 0.31078266013254846 -0.06312578927968283 -0.9379350511592378 -0.14038202411873132
66.13 -21.06450824904147 -129.8241416562205 -4.746301265895094 0.3219636050532791 -0.0622067575382066 -0.9337586452485771 -0.14340344752209122
66.23 -21.497435756559536 -129.71634019611147 -4.759123477309392 0.3086821792544909 -0.056291591065522964 -0.9376181651356842 -0.14972890633943514
66.33 -21.931606598275703 -129.6069400150395 -4.780981803975326 0.3132171426855984 -0.05195313753879887 -0.9362092270251282 -0.1506923231646394
66.43 -22.368351714931134 -129.49874540070314 -4.786989876415326 0.3167612076221897 -0.04812629251253756 -0.9358196752654514 -0.1469276444403663
66.53 -22.8116555407694 -129.39007007825253 -4.796212427804928 0.3173954695404862 -0.04484591109337627 -0.936280748585836 -0.14362214314278265
66.63 -23.25364150192834 -129.27967581555376 -4.807402541663127 0.31623951739684325 -0.0409412119193607 -0.9371670342211165 -0.14154269593441604
66.73 -23.695977934833458 -129.1706206233533 -4.81879372312302 0.31409777382163057 -0.03721220144526168 -0.9383853526961159 -0.139250746458608
66.83 -24.15401782062283 -129.0684074595621 -4.836645434578774 0.32696775596547695 -0.036132586569659404 -0.9345620240048161 -0.13557413482927985
66.93 -24.598861241877483 -128.9609968954252 -4.8413918729976295 0.3203555782768027 -0.03383939442164802 -0.9374076941278005 -0.13226493806792333
67.03 -25.05131408973819 -128.86005887689973 -4.851702941434598 0.3385941985440405 -0.030159564204418045 -0.9316300813271413 -0.12849031467664326
67.13 -25.501587719213184 -128.76199444669825 -4.860569899358153 0.3374669968976452 -0.022433422925042926 -0.9326492213636264 -0.12561129499600154
67.23 -25.953875486153464 -128.66907102329853 -4.864649781354769 0.3287133177647628 -0.016051028440664458 -0.9366016435436744 -0.12028000881845194
67.33 -26.40331615945055 -128.57680229642637 -4.872440914787465 0.33224028791722415 -0.015206850392971288 -0.9363983725492954 -0.11199656545107571
67.43 -26.859363837037236 -128.4776863299011 -4.889166418447271 0.33220041970177333 -0.016845599097764567 -0.9372603206354314 -0.10441359252210151
67.53 -27.317706427168723 -128.3808304327733 -4.910466870781874 0.34178247751672663 -0.02011128468446227 -0.9341712176872317 -0.10052069605620272
67.63 -27.78339211165773 -128.28745864625316 -4.909561363032868 0.3287408526048633 -0.019574788617227935 -0.9388420120942963 -0.1006079311284743
67.73 -28.254736633371856 -128.19347942564815 -4.925422124664336 0.3472179702197686 -0.020801753622277746 -0.9323754085634609 -0.09840256962509378
67.83 -28.715910589309566 -128.10494118633562 -4.939839877865994 0.3467556305426653 -0.02034965057816545 -0.9325189493325571 -0.09876656085947731
67.93 -29.182194040575492 -128.01950323790248 -4.949425268130134 0.3346059972321337 -0.01863296930115281 -0.9368389772031478 -0.10012177517539216
68.03 -29.647528106646917 -127.92878989075868 -4.947688690758807 0.33868846425418075 -0.02118215303631457 -0.9353764889735481 -0.09956035581198394
68.13 -30.10641060660972 -127.83829134922665 -4.960873575225938 0.34956653330746273 -0.02757135113516614 -0.9313796849217985 -0.09785163209142436
68.23 -30.576664051589926 -127.74243471714084 -4.963455497197829 0.32494708254284704 -0.032173281004719084 -0.9397544505135506 -0.10117235925023356
68.33 -31.048136600300506 -127.64883226554566 -4.9682632580043515 0.3268457088415659 -0.033687623711178415 -0.938431018576525 -0.10669700086681923
68.43 -31.515999396444318 -127.56165335092074 -4.969786763247602 0.3363084576478382 -0.03822690574935326 -0.9348296201950166 -0.10737274420169814
68.53 -31.98573308338655 -127.4721542053352 -4.978680576107542 0.3366755402605281 -0.038383437880134444 -0.9345180519003955 -0.10886828261285833
68.63 -32.45401917136697 -127.38481990634685 -4.978686773148365 0.3211375063147579 -0.036463681388597353 -0.9398300395310146 -0.11072758812807786
68.73 -32.926658112693794 -127.30692929217088 -4.980322526538113 0.3318507633138578 -0.03489328267393516 -0.936340050140193 -0.1092009167347403
68.83 -33.39495816530473 -127.2280800295598 -4.9867498741043335 0.3395201658931432 -0.034775284318903844 -0.934257311307765 -0.1033441474899174
68.93 -33.85303880672489 -127.1524402806288 -4.987498257917568 0.317191479314343 -0.03189021739837047 -0.94236371756435 -0.1016031658117086
69.03 -34.32451244291268 -127.07283167294479 -4.995968060739937 0.32599758146490027 -0.029046815396904808 -0.9399750382063516 -0.09658564563796074
69.13 -34.78734270600695 -127.01155922655335 -4.99888612573691 0.32309779826222207 -0.025963442466965296 -0.9416227254088247 -0.09099645821143743
69.23 -35.25332467185961 -126.93765779031389 -5.010959236876946 0.3078996698682276 -0.024299224974855285 -0.9470780892582801 -0.08746675830018528
69.33 -35.719944779021795 -126.86942592364126 -5.011425220074954 0.3137375462948641 -0.026399088265257623 -0.9452984454995249 -0.08533867306106245
69.43 -36.174841489706175 -126.80030813346104 -5.01057079421683 0.31959399887278456 -0.02529410231182546 -0.9433048967391133 -0.08599858173686654
69.53 -36.64479979929515 -126.73170270079389 -5.0106194161337525 0.3120971103827775 -0.024844030092815595 -0.9456254718599918 -0.08815120435385737
69.63 -37.10421165195759 -126.67546500900897 -5.0177425113793985 0.30697180761022946 -0.020986174720578475 -0.9473020554398673 -0.08914429629823777
69.73 -37.56850950062923 -126.61911882894427 -5.028659620251137 0.31390855052862143 -0.020890814560557042 -0.9455599764790762 -0.0833146244839713
69.83 -38.02530157163196 -126.55940218019926 -5.033419813852081 0.30689710323976954 -0.01758237497998886 -0.9483162414213614 -0.07874855153946357
69.93 -38.48562626217413 -126.5098430499962 -5.036081970427023 0.30944365079855624 -0.016920307277288053 -0.9479847341193867 -0.07268613388191124
70.03 -38.93921720191175 -126.46296372007514 -5.037193950287465 0.316258758199333 -0.018134250637146503 -0.9460349884349082 -0.0683326237825535
70.13 -39.39728999908043 -126.41423439066156 -5.038651636011467 0.2889669923743853 -0.015914794554302458 -0.9546569711703833 -0.06982022649767304
70.23 -39.85464146382255 -126.3745869534466 -5.052566973839638 0.3105111108679092 -0.01212089629867543 -0.9480744205028266 -0.06775564248624105
70.33 -40.31520672942196 -126.33798444181197 -5.062611649266734 0.3064566476397357 -0.012444945604117567 -0.9496065158636674 -0.06462902966618082
70.43 -40.77197185134168 -126.29572249336475 -5.071152603242697 0.2938169460732998 -0.009904521860569003 -0.9536695322245331 -0.0639368903960258
70.53 -41.22903460265832 -126.26557775499828 -5.07864922691553 0.308713455328375 -0.00768754879136987 -0.9491850127968688 -0.060701858081972024
70.63 -41.69988417921036 -126.2404101067332 -5.086554878154157 0.3038426026493222 -0.006255244185045451 -0.9510254998562783 -0.056489320748151585
70.73 -42.167787583594965 -126.22044746652504 -5.105187123070288 0.31188330557614613 -0.002522647691659444 -0.9485620637112093 -0.0543364632585847
70.83 -42.6347614376783 -126.20097654842823 -5.113327432251529 0.3069867116709776 0.0021288480926458797 -0.950403331525941 -0.049881201746058444
70.93 -43.099806913372305 -126.19460834852862 -5.122385965586562 0.32227569985886856 0.008374908278238703 -0.9456643549706085 -0.04227483802252298
71.03 -43.56439370931077 -126.18627862250077 -5.128003608805083 0.32224465226640703 0.011210916264789034 -0.9460340413697871 -0.03243905072215539
71.13 -44.02753608139151 -126.17693977250397 -5.136067112813098 0.3146859542737805 0.012382126185464873 -0.9487970236018394 -0.024569109430710816
71.23 -44.489723905015516 -126.17276278639478 -5.141530048402513 0.3214999328772128 0.013236652185292738 -0.9466695502444902 -0.016713672210742284
71.33 -44.95311453996772 -126.17662531149259 -5.152667368192217 0.33223026151341223 0.015913625161138326 -0.9430136681475039 -0.009748412996480422
71.43 -45.40925547660509 -126.18262379485101 -5.15975478920283 0.31420932001456886 0.015213278181028966 -0.9492181207193203 -0.005100851012392415
71.53 -45.86749324319242 -126.19179564784191 -5.164739335758613 0.31982118987363917 0.018290614415111567 -0.9473009303473078 -0.0008984961060925601
71.63 -46.327783753562954 -126.20282442914376 -5.179203164507208 0.32961093534398334 0.016104651103664533 -0.9439536709830585 0.006981300172695254
71.73 -46.79199621263872 -126.21278345409429 -5.178376661789729 0.3207740069969331 0.016225623063271317 -0.946972158960347 0.00919215672840813
71.83 -47.26026334548778 -126.2217909931292 -5.180767673288244 0.32721565783551754 0.01680247992319987 -0.9447247414513582 0.011947921382585987
71.93 -47.721337654341035 -126.23815105436404 -5.196752098676825 0.33995366872369986 0.01572986535523979 -0.9401989561823255 0.014491281891830044
72.03 -48.176525746983785 -126.25330296323352 -5.198567403255695 0.32680315516676933 0.011524681615613699 -0.9449228379975142 0.013700719595219011
72.13 -48.632363660884174 -126.26898815164957 -5.1974555753080285 0.3222650403533992 0.008587332882476038 -0.9465222870393636 0.012925231826172315
72.23 -49.08540017957099 -126.28009372305195 -5.201061159606022 0.3360433171411267 0.006385128087744826 -0.941737411134611 0.012836183762010326
72.33 -49.53791426966467 -126.28778504923034 -5.199564716221497 0.3176153031347396 -0.0011155484417413363 -0.9481629519739566 0.010309765774931826
72.43 -49.989335735037656 -126.29524420157271 -5.200946434655512 0.3093432230346622 -0.00565034089222394 -0.9509300449307652 0.002625577708204597
72.53 -50.44772499964154 -126.30274072272691 -5.2033359703613336 0.3173964790255211 -0.007985801944910182 -0.9482588883907006 -0.0008846793382678546
72.63 -50.90889618328639 -126.31079057181925 -5.210300443481325 0.312798652069439 -0.007558059324115019 -0.9497745629575838 -0.00530646412654068
72.73 -51.36766485571524 -126.32857006729607 -5.211056300423794 0.3110484485828345 -0.007527053875950223 -0.9503438210260836 -0.006231206279954359
72.83 -51.81642083619408 -126.33910873755894 -5.210750286610614 0.3138615986185116 -0.007324832488676786 -0.9494272914355365 -0.0050061980610282
72.93 -52.27603604499975 -126.34464958936714 -5.208483810314535 0.30717410982846016 -0.007049977504419611 -0.9516224162822331 -0.0030233917120752237
73.03 -52.73229046768873 -126.35032083008988 -5.211918362769298 0.31067585223059907 -0.009611064854070506 -0.9504643782003901 0.002368131184669021
73.13 -53.1852000218519 -126.3504855179097 -5.208934727944851 0.2998543132346273 -0.013123410027600263 -0.9538910985228112 0.002634217679321037
73.23 -53.63436806583635 -126.3539145784443 -5.212626592469358 0.3047004754071257 -0.013205717621322027 -0.952351779608493 -0.0030524064791750366
73.33 -54.08153995022888 -126.35525814627144 -5.2131793055204145 0.29724520686425726 -0.0152690870597668 -0.9546532185976194 -0.007026677578506161
73.43 -54.53694708050937 -126.35058461832692 -5.214506440072019 0.30222209699686026 -0.014795191793756428 -0.9530694010401145 -0.010080832686026336
73.53 -54.995099166997136 -126.34566405283658 -5.218434943571358 0.29880085125648337 -0.016092430016276662 -0.9540994172446189 -0.012384950466217268
73.63 -55.452243307249034 -126.34055352380268 -5.22550929328112 0.2963735445613803 -0.0154278741655463 -0.9548208950930236 -0.015548668001245184
73.73 -55.918960585779196 -126.32715764470585 -5.236342950002178 0.3048468663075848 -0.015940112476540886 -0.9521243738938873 -0.016537156764505862
73.83 -56.38166158951137 -126.3186124495175 -5.241476037399594 0.3028286231082944 -0.017380395656838087 -0.9527280031457679 -0.017380992348662007
73.93 -56.84528812193316 -126.30760106475279 -5.249207422592439 0.3113775350050499 -0.017832755369668843 -0.9499091152492916 -0.019967380810026705
74.03 -57.312332576608284 -126.29146991816349 -5.260407513827932 0.31475159722702417 -0.01944744139785641 -0.9486247846631536 -0.025772989521969075
74.13 -57.76864089670163 -126.27673085442652 -5.264065724456607 0.3150254879129397 -0.021345718475458287 -0.9483266211039528 -0.0313037054282831
74.23 -58.24147731742299 -126.25603532838709 -5.274992776256515 0.3194829581815316 -0.02269161620051943 -0.9466317884603395 -0.03611076102999513
74.33 -58.70220328506009 -126.23524827874407 -5.272586806747837 0.3181635972054295 -0.02267707910939724 -0.9469826859475361 -0.03848984297132757
74.43 -59.15853897581134 -126.21484398397843 -5.269676578562166 0.31391796275910094 -0.02250264785781037 -0.9484408166206072 -0.03753879146428599
74.53 -59.62314300840623 -126.19319513677104 -5.277134756317093 0.32113392262944523 -0.02043117649889183 -0.9461389541145171 -0.03573024308040227
74.63 -60.085472263804384 -126.16865382665833 -5.291920917621305 0.32249076208433336 -0.018113946020748735 -0.9457208559557041 -0.03582814452680799
74.73 -60.53520182568114 -126.14587259244072 -5.295170255893023 0.31240596790618236 -0.01729227892109158 -0.9491015513596182 -0.03619024057784808
74.83 -60.996970509031165 -126.11657276607451 -5.2991488947642775 0.3271777448205823 -0.015892062111890114 -0.9440930650676406 -0.037288740219233174
74.93 -61.45617692669925 -126.08490472082968 -5.305217512067346 0.3274016652709927 -0.01356157721868525 -0.9439530704062011 -0.0397093700759396
75.03 -61.910094102826335 -126.05232995355831 -5.306850404764624 0.3113471528852125 -0.010725326787065332 -0.9493209911174566 -0.04168421259125218
75.13 -62.37214223881351 -126.02188872065065 -5.308183357870748 0.31645261814375064 -0.010547482223986302 -0.9477672423038076 -0.03851941724034787
75.23 -62.83266484234144 -125.9817838260125 -5.313421207418718 0.3205954803652676 -0.00956047559737046 -0.9463691208728439 -0.03889244571990983
75.33 -63.29873587497636 -125.93440371671706 -5.323884027827095 0.3155687398579167 -0.01029357976106898 -0.9479932545395482 -0.040239308986418004
75.43 -63.75608269321131 -125.88428516267935 -5.333219173067719 0.3146256229876417 -0.01084179640273479 -0.948074992451575 -0.04524357963673981
75.53 -64.22833410365473 -125.83124319002496 -5.339531891762023 0.31591079837315356 -0.01271918755621929 -0.9474896576849906 -0.04797851935111934
75.63 -64.69019701789549 -125.77187122973118 -5.3455339351101285 0.3194307474373543 -0.018263745648452484 -0.9461819975877718 -0.048683268453502654
75.73 -65.15160186620173 -125.71295859077239 -5.358682686202586 0.32216027034887007 -0.023175054635480787 -0.9449739796333284 -0.05196012766858252
75.83 -65.62014063821843 -125.64177221956689 -5.366439605884572 0.3122451467801933 -0.027077127004051963 -0.9479526144024873 -0.05617506878421545
75.93 -66.08864740121017 -125.57563106418029 -5.381241699855445 0.33185904356228985 -0.03129962492955792 -0.941098058324316 -0.05678338932640102
76.03 -66.55467427065169 -125.5056166251035 -5.38678193875044 0.32787056577078005 -0.035110241444728935 -0.9423373090801699 -0.05717131240741323
76.13 -67.02476587572579 -125.43469225067079 -5.3950313321357894 0.33465151472749677 -0.03599906676015838 -0.939666506529339 -0.061149712917867506
76.23 -67.49345787857972 -125.36101586858274 -5.396376351456825 0.3396593455635676 -0.03575882158772086 -0.9376660497935441 -0.06430563516953566
76.33 -67.95439524783906 -125.29564058697403 -5.399051568832383 0.33389716491686106 -0.034719511794473204 -0.9396103306961393 -0.06663081276952713
76.43 -68.42387767432508 -125.2240960413468 -5.4036863086713165 0.33587529407236366 -0.03336087846126707 -0.9390388167119058 -0.06542888756810292
76.53 -68.89289946745706 -125.14862964951517 -5.401223102152134 0.33227391313724863 -0.03379148275006079 -0.9404272095949191 -0.06363054137382987
76.63 -69.3577144701249 -125.071467360612 -5.40868085324172 0.33748322252811774 -0.03355509903447659 -0.9385285952042544 -0.06436773900606044
76.73 -69.83311964935298 -124.99388407659093 -5.416675454311139 0.33278525460759006 -0.03299513801228445 -0.9400149944448666 -0.06735803888274429
76.83 -70.31169446958873 -124.92335820715456 -5.418909730469021 0.33036983676118525 -0.031286660753509866 -0.9406954546074894 -0.07049097458605184
76.93 -70.78245186932904 -124.85177786361699 -5.426389535264693 0.3368885923694725 -0.025945255863979392 -0.9384796247300546 -0.07133662450665917
77.03 -71.25258170288024 -124.78963806933344 -5.429897409106497 0.32411474079568736 -0.019503215645975604 -0.9431062509745718 -0.07155318826648414
77.13 -71.7180160081475 -124.7244967724172 -5.4383105015830076 0.314934976073235 -0.012065958152183138 -0.946472977046725 -0.06970851612199412
77.23 -72.18538272888779 -124.66128721137589 -5.435871555965208 0.322530127034175 -0.006764523849060051 -0.9441849147825787 -0.06665887089824618
77.33 -72.66579292352088 -124.60234753033342 -5.43607901246215 0.3162261066785931 -0.0018001634217148883 -0.9465767717177564 -0.06316822073594165
77.43 -73.1282695001335 -124.54836032098704 -5.438034091672818 0.3231717064199429 0.0004845152404767449 -0.9445670490318303 -0.057904259756118175
77.53 -73.5963923912264 -124.4836806051008 -5.44942162596593 0.3127216179518364 0.0003647992929892474 -0.9482917995260459 -0.05429290504950868
77.63 -74.07522228038957 -124.42971156054175 -5.452909754498657 0.3115579709544907 0.002590172883267167 -0.9486445437156715 -0.054758117367575125
77.73 -74.54684694313877 -124.379543717371 -5.450594263164469 0.3238124172166362 0.0043659866034648385 -0.9445665637702233 -0.05404131035245295
77.83 -75.01983928562905 -124.32503495705153 -5.459399738018444 0.3144800059243552 0.0037043381296814563 -0.9477132093353104 -0.0541135528699095
77.93 -75.48756283778523 -124.26698143810533 -5.466073035918206 0.3027774840210815 0.003737271488479391 -0.9513254657998651 -0.05737321755274692
78.03 -75.96179732530796 -124.2112887412565 -5.469848157696598 0.30381594103525156 0.005212020616853899 -0.9509354114663623 -0.058228446941803486
78.13 -76.43569237444986 -124.1652949935698 -5.463414768079857 0.3079647234307855 0.005680662962557981 -0.9497516938030652 -0.05565230730809432
78.23 -76.89994495833271 -124.1164198862983 -5.465507325120859 0.2908312384929847 0.004357497718589483 -0.9551944709228153 -0.0547880064316285
78.33 -77.37046327156074 -124.06741415205036 -5.4730775759299854 0.30377078278063213 0.0036731628609797872 -0.9510838806600763 -0.05611836911394242
78.43 -77.84826736242253 -124.01311893657066 -5.481755582856517 0.30375067556687124 0.004256109940504988 -0.9509753587761812 -0.05799378950678416
78.53 -78.31112981951375 -123.96774416549775 -5.486047663305085 0.3072510880126008 0.0010234728741808593 -0.9497982240447685 -0.058983514813483184
78.63 -78.79294341063975 -123.92204976665485 -5.48831550037427 0.313300056233873 -0.0003803470895631552 -0.9477271427616833 -0.06046646155282657
78.73 -79.25819264752681 -123.87742777816483 -5.488045311729293 0.31050882484469533 -0.002192082295326638 -0.9487208681323313 -0.059229881301694175
78.83 -79.73094570756054 -123.83149186709737 -5.492054163452545 0.3159073884643952 -0.0038511608397281422 -0.9469980566293179 -0.05815815690071022
78.93 -80.19515826122334 -123.79482383328043 -5.495172302500439 0.30885586848384944 -0.005184509206181439 -0.9495144752732965 -0.054803600373103965
79.03 -80.6678054872622 -123.75385130366541 -5.495668365212577 0.30315013186205264 -0.0053422066065240284 -0.9513777784228509 -0.054330296371307346
79.13 -81.13485684941936 -123.72080248441495 -5.502955331972244 0.31852190381058115 -0.005493015640861538 -0.9464425030076723 -0.05253772047419152
79.23 -81.60264630262981 -123.68029439755102 -5.50067622536897 0.30656375210368436 -0.00689995248483681 -0.9502787560683918 -0.05423414346081045
79.33 -82.065509886059 -123.63741848985471 -5.49901007712062 0.3071098820527213 -0.006527965335264615 -0.9498670563323551 -0.058253594813125545
79.43 -82.52864083743103 -123.5966859968572 -5.499742267898 0.30468999717686135 -0.007521117238876217 -0.9504942002623525 -0.06056577980571356
79.53 -82.99094006302529 -123.55066496891122 -5.499817156479169 0.3015466186514253 -0.007490846973887598 -0.9513024891997296 -0.06353816202806103
79.63 -83.45108652392422 -123.50767156527426 -5.5022657596828655 0.30252456485538776 -0.008904563956329723 -0.9509626048172212 -0.06379436212590778
79.73 -83.91463482693666 -123.46379186521513 -5.505834829712591 0.30709872571258984 -0.010735350153805112 -0.9493867923910204 -0.0651140795547948
79.83 -84.37440143674928 -123.41864906448252 -5.501631551350772 0.3016401139956387 -0.011621453515155231 -0.9510493689750563 -0.06620635331325994
79.93 -84.83245442519306 -123.36701304512 -5.501953025670375 0.30234383446228097 -0.01239943194660558 -0.9508001916666516 -0.06643384210404225
80.03 -85.29006807274027 -123.31835467874042 -5.505769286837895 0.3000566486120901 -0.013478344479873304 -0.9514975547391582 -0.06660889714719428
80.13 -85.75120891268932 -123.26914150307071 -5.515785400672395 0.3010949464564745 -0.01585404705867685 -0.9510267139760558 -0.06810779481189762
80.23 -86.2102503964274 -123.20783247617469 -5.5244651233723 0.3010573502446699 -0.01744247044176218 -0.9508490438555411 -0.07033013498884755
80.33 -86.67021862398984 -123.15219965040211 -5.52593217856979 0.3060175825029012 -0.021716626326882364 -0.9490291790372323 -0.07228585391330612
80.43 -87.11202163746742 -123.09218426911407 -5.525308335627101 0.29123759110838476 -0.02290386658166845 -0.9530920125569181 -0.07919402768642325
80.53 -87.57544820538506 -123.03124934493539 -5.524762932812354 0.2966708038663177 -0.022165119718781857 -0.9507431432205679 -0.08707822471915667
80.63 -88.02486388471054 -122.96736200779728 -5.525652158527324 0.28992237561713835 -0.023744286764064735 -0.9524252691744084 -0.09092486788902417
80.73 -88.47613421779002 -122.90245134703598 -5.528417680450082 0.28947994357237405 -0.02360499484910916 -0.95232734690545 -0.09336375540612886
80.83 -88.93386552334425 -122.83428542889503 -5.529981587282347 0.292067867214037 -0.026008692461494128 -0.9516582373850108 -0.09146861797765257
80.93 -89.39304222812554 -122.76340525944912 -5.538120081844052 0.29171467395174666 -0.02750816502332507 -0.951622525509817 -0.09252253131315435
81.03 -89.8593296652356 -122.68995669362947 -5.539962301957499 0.2935161813975665 -0.028829882261152483 -0.950816194175941 -0.09468713766599034
81.13 -90.31427968560284 -122.61385263079158 -5.548528685754368 0.30107097480545886 -0.03199689178873765 -0.948246550090927 -0.09571283762487501
81.23 -90.77032639265052 -122.53868804061308 -5.556246167398939 0.2958222047315589 -0.033846596016936556 -0.9495294157268076 -0.09867887208178425
81.33 -91.24295368753351 -122.46172331661326 -5.564397443098209 0.2994235293405504 -0.03428209932768664 -0.9481985944680855 -0.10044756438900034
81.43 -91.7000735550807 -122.39090487084505 -5.56936962953244 0.3133020311606185 -0.03367607511134814 -0.9437102720242002 -0.1005916582611887
81.53 -92.15786637295899 -122.31296488040307 -5.572870790956165 0.30399114420074136 -0.03009838905362149 -0.9465744347955256 -0.10334558827270769
81.63 -92.61236001997678 -122.24486809787804 -5.565379113037181 0.30210461517464754 -0.025440413459493032 -0.9471823266527969 -0.10455250800331299
81.73 -93.05979564567149 -122.17411072137263 -5.567078045822946 0.2898438751464943 -0.02168627773082853 -0.9515807370618364 -0.10007164559003116
81.83 -93.50947719671942 -122.10153386653523 -5.568067858287151 0.29438328782502016 -0.018374606375023122 -0.9509569008065849 -0.09317631940696836
81.93 -93.96398892271144 -122.02803187314052 -5.577280715771499 0.2926667852418121 -0.01629836331224272 -0.9520875652277632 -0.08723407767744783
82.03 -94.42242941860195 -121.95514251729317 -5.584186865716273 0.2967805118343626 -0.01852061625097397 -0.9511207122699902 -0.08335289593076325
82.13 -94.88255731439166 -121.87611221530477 -5.588984292508366 0.29191488461595183 -0.016909346217473246 -0.9524997966756469 -0.08511117131731215
82.23 -95.34809786477305 -121.80799699516818 -5.5947877920128795 0.30399141965674104 -0.015679748019998 -0.9487486041671659 -0.08496733706526781
82.33 -95.8018502048389 -121.73171709479244 -5.597377339564799 0.29556318141360843 -0.01194438083824148 -0.9515948463993192 -0.08346847228333278
82.43 -96.26263157950993 -121.66373287715888 -5.600494176301226 0.29442922143806444 -0.010643859339332573 -0.9523575487066709 -0.07882411587300402
82.53 -96.71529141130328 -121.58968555207078 -5.607520770936448 0.2919688196626712 -0.01330930428586352 -0.9534160731254065 -0.07466500030363993
82.63 -97.1682907337832 -121.5097865796098 -5.604197658402393 0.2905127866691437 -0.014947029104837556 -0.9538935625980646 -0.07393225504906485
82.73 -97.62647975581098 -121.42995212337782 -5.609729264810171 0.29503236748639394 -0.02056589753252001 -0.952329231308375 -0.07484638394508299
82.83 -98.0890858695883 -121.34746004959776 -5.605856249341334 0.2969863130227011 -0.020029906554742613 -0.9512963297593358 -0.08020739184768186
82.93 -98.5498177230905 -121.2738276481448 -5.6103781114995535 0.3052169344907299 -0.020343634486499652 -0.9482849669666534 -0.08476072711470915
83.03 -99.01068570980847 -121.18971098252655 -5.621926563700908 0.3040199569529154 -0.019013144066051334 -0.9485700537266396 -0.08616971219698588
83.13 -99.46441063179799 -121.10888522740414 -5.625500657154147 0.29305904760785795 -0.019511389569037103 -0.9521963436951945 -0.084010852547536
83.23 -99.92678610654235 -121.02356916096112 -5.633372883631003 0.3124682911688203 -0.022738997086645143 -0.9460267339334753 -0.08294530552534445
83.33 -100.38793753264403 -120.92486469324686 -5.640845169370241 0.3018349889973497 -0.02551860438986567 -0.9492364009766066 -0.08482154978507732
83.43 -100.83890122497768 -120.8290759693756 -5.644630144637454 0.30290747429550186 -0.029177458723845227 -0.9482305539180815 -0.0908545790510674
83.53 -101.3023641490244 -120.7332462263612 -5.651013758545206 0.31326325139505357 -0.03247529508857844 -0.9442734744714261 -0.09570316579910068
83.63 -101.75199775703261 -120.63846218623029 -5.65294210386107 0.3055851181032947 -0.032017689217849254 -0.9461836397411885 -0.10163229337696653
83.73 -102.17041154133672 -120.55424869241187 -5.642777092489594 0.3149351092338667 -0.03295561088286867 -0.9427203800047492 -0.10491944436991027
83.83 -102.6417334760564 -120.44574581097551 -5.650410290862337 0.308469452557393 -0.03294627458937212 -0.9446902140594696 -0.10640272219213867
83.93 -103.10618050559742 -120.33816167730495 -5.647374230604056 0.31704134361246067 -0.03190461477840576 -0.9416975144514153 -0.1080401465765101
84.03 -103.56120835754825 -120.2409744832478 -5.649299068843454 0.3156096755676491 -0.033945406047017825 -0.9419744163133391 -0.10918993134685329
84.13 -104.0093195413932 -120.13532890864042 -5.651844641820237 0.3042289540448146 -0.032565878480216415 -0.9452790585265667 -0.11327713180839977
84.23 -104.46286792395092 -120.03118611223162 -5.653400032279568 0.3200707969827663 -0.030317183169287425 -0.9399051962730854 -0.11495118678095134
84.33 -104.91276535876149 -119.93291600113528 -5.651436231427361 0.30841403185792987 -0.028723431074356195 -0.9439567880326188 -0.11402338263529103
84.43 -105.3645694716339 -119.83555664345973 -5.651750659657032 0.3098219765745505 -0.025931663481049597 -0.9439051128542939 -0.11127007498904146
84.53 -105.80076570961006 -119.73740909291173 -5.658665752885147 0.30329301383834534 -0.025936834255704616 -0.9466869106579026 -0.10547284757055671
84.63 -106.25402308095518 -119.63342191027468 -5.659261767533952 0.2975119799946592 -0.024843205685323555 -0.9488936933707616 -0.10232397359431253
84.73 -106.70061900729225 -119.52909990690685 -5.658173639402741 0.30930655442647415 -0.025402392719934226 -0.9454092097021826 -0.09942635487243626
84.83 -107.14708580661315 -119.42618612940511 -5.655521631656163 0.30023266470448673 -0.02551952402026945 -0.9481835970329654 -0.10078178037646034
84.93 -107.59777676242722 -119.32278021377728 -5.654373698964393 0.2962111162276081 -0.024738316652475955 -0.9491211501291088 -0.10400015716331319
85.03 -108.03991352722086 -119.21845846511141 -5.659352412315992 0.30360778219160256 -0.026889663080257965 -0.94657409770263 -0.10534105643374995
85.13 -108.48757055088419 -119.11431319209989 -5.664221105717019 0.3002676849497944 -0.02796584699444877 -0.9475508941903312 -0.10585146052784453
85.23 -108.9343697216701 -119.01086562941732 -5.656539845128702 0.2943026588069065 -0.029160755629421206 -0.9492194222174813 -0.10732233614405527
85.33 -109.38407057653241 -118.90368173691108 -5.6614799643298275 0.30633449350562075 -0.030993625934920766 -0.9451669547448729 -0.10889444842766051
85.43 -109.82846157929605 -118.79989857399299 -5.662617213856122 0.30120515862409986 -0.033282906682095596 -0.9466139171204332 -0.10995359227843057
85.53 -110.27410000833763 -118.69681786309248 -5.6675459246804225 0.303226907948866 -0.033881752683987076 -0.9459496001836486 -0.10993099218703804
85.63 -110.71368606715372 -118.59454017302859 -5.664325225040678 0.29512995199744024 -0.03315666767494058 -0.9484607752692787 -0.11054910491849759
85.73 -111.16194279168177 -118.48762587295403 -5.661989229961169 0.29553200011256275 -0.03258776772542886 -0.9479862095719591 -0.11367066800864432
85.83 -111.6036591220205 -118.38719860092121 -5.668340893576821 0.3023979962790676 -0.03273392068307704 -0.9452997886067218 -0.11786539756521569
85.93 -112.0475926699865 -118.27992150404116 -5.666535462634469 0.29625984324801585 -0.030317165321020537 -0.9467256709440534 -0.12256214236496886
86.03 -112.48999386150182 -118.17880117940189 -5.669117423846526 0.30363210989870065 -0.028960242579914496 -0.9443002074063985 -0.12355551173625812
86.13 -112.92839036875527 -118.07818984551038 -5.67207465775534 0.30166856713513457 -0.028376125700711814 -0.9451518192425825 -0.12197913622947575
86.23 -113.37074236658782 -117.97732526198814 -5.667568451351391 0.2851427508373545 -0.027129541651208965 -0.9504201466470067 -0.12107495390122676
86.33 -113.81305789811408 -117.87402888088678 -5.663139243564605 0.3051855338213938 -0.028783437084916763 -0.9446046873131021 -0.1172829416490152
86.43 -114.24806523188079 -117.76983345803754 -5.665200858430895 0.29520439766829504 -0.030594706217857773 -0.9478618496701294 -0.11608721500950575
86.53 -114.69558136365598 -117.6649655141771 -5.674355663654696 0.29393535124885317 -0.029799541291852253 -0.9478418967961963 -0.11962330585131586
86.63 -115.13564662664616 -117.55992191537382 -5.678146188367901 0.29282992355331167 -0.03168327239326843 -0.9480450341615371 -0.12023900916036342
86.73 -115.57743163921958 -117.45989922464811 -5.6848069424918615 0.306397568457812 -0.03115675062083724 -0.9435363966522338 -0.12201989643664675
86.83 -116.03289949579589 -117.35366298980432 -5.691291824935883 0.3070687459238969 -0.029944787255479506 -0.9429626860203997 -0.12503386647681727
86.93 -116.47919460506176 -117.25030709662197 -5.7012586051404375 0.3042871665878221 -0.029241801803030154 -0.9436638951377571 -0.12669921187877814
87.03 -116.93851758281338 -117.14654719173943 -5.70260274431377 0.3137465628033244 -0.026778618614537678 -0.9407828598532716 -0.12559303531842897
87.13 -117.38370149928005 -117.04684340765145 -5.7069177158384345 0.3182459435754636 -0.02812532889222583 -0.9397081178909719 -0.12197187562005572
87.23 -117.83070491006765 -116.9442899423534 -5.708544167517707 0.31482383431200844 -0.025692269667038903 -0.9408760284215043 -0.12238529229534875
87.33 -118.27964041397414 -116.84355892271857 -5.7174909731722074 0.317589836489126 -0.026266951097795223 -0.9399430402590594 -0.12228582954452535
87.43 -118.72919965506658 -116.73584208752494 -5.714356956228835 0.3023382223394363 -0.026013853026452708 -0.9446967910947176 -0.12434971515323683
87.53 -119.17626851665445 -116.63164362002831 -5.724625120859464 0.3203593244249339 -0.028998520941010814 -0.9387949810729035 -0.12325977668956052
87.63 -119.62453444903781 -116.52743116436162 -5.7345150841810195 0.3136475639496843 -0.029400034963667828 -0.9409551437624756 -0.1239526562825625
87.73 -120.07505156486319 -116.42276196997659 -5.739635380916122 0.3090587846582789 -0.028548561542735065 -0.942357549969548 -0.12501957956567897
87.83 -120.52527023628383 -116.32126687151624 -5.746746684370437 0.3251927113402522 -0.03228261096252046 -0.9374040027296023 -0.12033814518737528
87.93 -120.98130397301902 -116.21487548533823 -5.7461458610856875 0.3217578495991384 -0.03626179338602117 -0.9390593410363851 -0.11543189582640531
88.03 -121.4279490078329 -116.1085739728 -5.7432701007805935 0.30787081077482464 -0.03901989090558561 -0.9437242973312658 -0.11435673400887755
88.13 -121.87728374487489 -115.99949856634058 -5.753688578410361 0.31319631317008173 -0.04371996683326685 -0.9419038477743318 -0.11319794814692762
88.23 -122.32600117433232 -115.89201864266043 -5.7546931612516845 0.3076902703387125 -0.0462218013456065 -0.9432597173331874 -0.11597994773137588
88.33 -122.77708180263254 -115.77678767532595 -5.761134077381099 0.3031940667084249 -0.049722828153240625 -0.944173774627759 -0.11889861890880198
88.43 -123.23099184863955 -115.67164009025413 -5.776779419167596 0.3288574984553557 -0.05519325750793657 -0.9349829610738016 -0.12088553485431715
88.53 -123.679463869501 -115.5637647887246 -5.774384272927965 0.2968064046161723 -0.05481142928805225 -0.9448041963014338 -0.12746252802068375
88.63 -124.13425953507173 -115.45329892548814 -5.774423029565719 0.31350688897031254 -0.05443763455934324 -0.9389735035439783 -0.13068563101613703
88.73 -124.59176397193819 -115.3472556362807 -5.7826491378196225 0.3212069265131943 -0.056741825252513714 -0.9361854109438467 -0.13100897664992958
88.83 -125.03542741064072 -115.2356384177362 -5.775922116533824 0.29179336981736076 -0.05294029783342394 -0.9449209428481192 -0.13848597749577
88.93 -125.49191350442021 -115.12786955923448 -5.7821395542285305 0.3124194234037459 -0.05276845664863983 -0.9380082533755115 -0.14053508623263292
89.03 -125.94332987611803 -115.01766513483743 -5.780761779317402 0.3155276098430784 -0.05266039636940108 -0.9369250005608326 -0.14085720927597428
89.13 -126.39620853615003 -114.91032846701928 -5.7858348814820575 0.3052979845154647 -0.04887616696231247 -0.9404809433136584 -0.14106685017295306
89.23 -126.85665217193477 -114.79822417571633 -5.783586278922849 0.31217897388130084 -0.04505532382772988 -0.9387122250868692 -0.1390455484136594
89.33 -127.30266480625768 -114.68910094059456 -5.785260778785569 0.3206081029601632 -0.04338347469981506 -0.9366568322817731 -0.13417263871270688
89.43 -127.74662045762508 -114.58183126540213 -5.768828582060145 0.3074054045314189 -0.04068150406323847 -0.94124786685107 -0.1337885856130401
89.53 -128.1988139059214 -114.46397998033028 -5.769147903640608 0.3064855123226195 -0.03791535341532412 -0.9415690492719643 -0.13444992437640874
89.63 -128.64323561131866 -114.35340454688422 -5.7766781341344915 0.30389905756914076 -0.03786175584022824 -0.9422883969006358 -0.135293855439606
89.73 -129.09358043525424 -114.2365799309747 -5.775642848461199 0.3070752184332739 -0.03603253919839318 -0.940851092960205 -0.1385845850686912
89.83 -129.54021596912716 -114.11111736115681 -5.77968189008243 0.31089192038010843 -0.03759614317203448 -0.9395653954381983 -0.13838212151870752
89.93 -129.98855209671058 -113.9803966711472 -5.7700524601336625 0.31115764149889036 -0.04036759111501213 -0.939125930569408 -0.13997809205930437
90.03 -130.43523797270575 -113.85374449002425 -5.772102179491876 0.3107314689432942 -0.045581514499134335 -0.9385483165037255 -0.1431619269649948
90.13 -130.88480126470225 -113.71523274638385 -5.773780703779724 0.3074294511857137 -0.04800493650892546 -0.9384299155338659 -0.15010646969909772
90.23 -131.3245639274012 -113.57971499898544 -5.769966222100812 0.31378584718290764 -0.05021933410730682 -0.9351421487695054 -0.15660658410257197
90.33 -131.76377261165683 -113.44196625083961 -5.765399338224246 0.30871734381451144 -0.05307425937107515 -0.9357872293546831 -0.1617992150692035
90.43 -132.19914783342998 -113.30190150055422 -5.758430394093954 0.30741837752151596 -0.05309045954392285 -0.9350334604369568 -0.16848671203018906
90.53 -132.64075105476763 -113.15732794272651 -5.75767625041362 0.3191045089645542 -0.05565366901380155 -0.9306225365708952 -0.1703428187806746
90.63 -133.07116833236378 -113.01063919358312 -5.748393307937458 0.30249963007885916 -0.05337984893676552 -0.9355754429188478 -0.17419287051094662
90.73 -133.51165459974288 -112.85585016670751 -5.752061246711166 0.3088636262771027 -0.053900386420585256 -0.93322795052635 -0.1754525607195816
90.83 -133.94580318158208 -112.71344632436256 -5.7515750416049665 0.31100959856757726 -0.05709074870676352 -0.9324624123251982 -0.17472127979043608
90.93 -134.38182800283738 -112.5581118081853 -5.746239178172935 0.3051283280710525 -0.056053576521725997 -0.9338649652508936 -0.17790707305960157
91.03 -134.81478246464923 -112.40566671504017 -5.737924803623071 0.3059538333953002 -0.05608170014165253 -0.93301522460071 -0.18091347490783966
91.13 -135.25261173796082 -112.25430875238303 -5.742711312768474 0.31143518535657244 -0.05534551743066112 -0.9307431676246786 -0.18347249096861737
91.23 -135.68870458208764 -112.10118125549594 -5.743543903799132 0.3016553201746254 -0.052800702365642715 -0.9335660471026002 -0.1862004010126315
91.33 -136.12158694312433 -111.93967036855362 -5.745504464664786 0.30552549523375955 -0.05287648299819543 -0.9323286807127852 -0.18606848316752958
91.43 -136.5643467337532 -111.7777153644413 -5.742837690947362 0.3144027698210565 -0.05414489763731461 -0.9299649964166341 -0.18271380305959972
91.53 -137.0004643712115 -111.61413345739497 -5.73458743319364 0.3016020253724472 -0.052498806268790256 -0.9339683851728802 -0.18434519014379647
91.63 -137.4245390962778 -111.45724723207765 -5.727183463934843 0.30123054197969656 -0.05271369980970421 -0.9333952344636788 -0.18776251679045194
91.73 -137.8553012942846 -111.28564874622886 -5.729988233166894 0.30735489802884886 -0.05672857259154896 -0.9307864568899532 -0.18960856357150285
91.83 -138.2809595857152 -111.11678628065147 -5.7266363940601295 0.2972511293202192 -0.05871118891446109 -0.9330327844818375 -0.19402212630567128
91.93 -138.7102921650934 -110.93313896578043 -5.728544996841872 0.3044905449488481 -0.062430569770524504 -0.9296805261031081 -0.1976918090855797
92.03 -139.13811574075822 -110.75383305018701 -5.722555604851957 0.2982182304872458 -0.06422458182724883 -0.9304801055715867 -0.20284936092987807
92.13 -139.56249674503934 -110.57674225824663 -5.717047182881688 0.29375098260062554 -0.06442461333592324 -0.9308876015988756 -0.20738394973376498
92.23 -139.98984159603697 -110.39234865941738 -5.718807436664142 0.3042336705727409 -0.06784696447377535 -0.9268785689170748 -0.20912862449642472
92.33 -140.41529962491043 -110.21431158937946 -5.715807248118132 0.29979395961922856 -0.0695971753151253 -0.927795855150141 -0.21089017551844078
92.43 -140.85072423330115 -110.01648504161828 -5.7133358729384724 0.30746962218647955 -0.07138107676143104 -0.9246979372446297 -0.2128400765091231
92.53 -141.28056800466172 -109.830716463763 -5.716413118986986 0.3125291650981794 -0.07371183258803153 -0.922418876502053 -0.21455885666231345
92.63 -141.71179114746357 -109.63746637210218 -5.713216043423298 0.30658923151638817 -0.07443395717910745 -0.9239716619059296 -0.21619203762313727
92.73 -142.14844006665427 -109.44899362722116 -5.709161839674595 0.31808699053760225 -0.07662337603648649 -0.9203079275879981 -0.21443610496879154
92.83 -142.57794540795416 -109.25807603903837 -5.716353494465629 0.32944445732221805 -0.08039234635288392 -0.9171653292528338 -0.2093112013344919
92.93 -143.00908703281928 -109.0636826742094 -5.710862109541731 0.3124745579462806 -0.07866758972482596 -0.9230079781266469 -0.2103029559414764
93.03 -143.43265222623629 -108.87283539549452 -5.712076232806547 0.32202706924108027 -0.08213026478718495 -0.9196155626066013 -0.209428754696512
93.13 -143.86789922598865 -108.67754485995461 -5.709609566945967 0.3262116621015057 -0.08447410534019036 -0.9174329581653137 -0.21158176742807802
93.23 -144.28822727202635 -108.48665282596991 -5.7012467266315054 0.31862348331258006 -0.08329049919943202 -0.9193975715204601 -0.21505783898093037
93.33 -144.71298479227025 -108.2934798910113 -5.6897987647020445 0.3179919289827073 -0.08167246365760397 -0.9191079933422163 -0.21783305157023078
93.43 -145.137870363701 -108.10282305294139 -5.692044861823584 0.3203254813678657 -0.08236498451117082 -0.9181939044866683 -0.21800813993162427
93.53 -145.56102913253474 -107.91014092757636 -5.685712140878867 0.3004194481009233 -0.07582699973443831 -0.9253325424330825 -0.21853628355112567
93.63 -145.9828045663696 -107.71924502876416 -5.689435820995914 0.3185481417808601 -0.0796845523604341 -0.9200636888336462 -0.2136826197258495
93.73 -146.41253523554633 -107.51982137261517 -5.686612633763676 0.3094418538497226 -0.07752804593532509 -0.923739077671567 -0.2119935318871307
93.83 -146.83235769068787 -107.32827553757004 -5.680462639199414 0.29397049507820266 -0.07321879446177407 -0.9287875828087012 -0.21348063654910435
93.93 -147.26537223905802 -107.13063353685403 -5.6895022785317915 0.32029035383411614 -0.07679263038979202 -0.9200438663555045 -0.21221749489674016
94.03 -147.6876759485955 -106.93219974041264 -5.698267629210712 0.31474318078630403 -0.0782941251889123 -0.9217238086798346 -0.21267811505221323
94.13 -148.1203035873822 -106.72365962815877 -5.687639340428674 0.2971073734856841 -0.07178700754561303 -0.9268205456291018 -0.21812269567346404
94.23 -148.5436682382289 -106.52526834307685 -5.68650739070318 0.3158961834661018 -0.07672720042892256 -0.9205943661073882 -0.2163990551671309
94.33 -148.97222961320543 -106.32407488326335 -5.695379617757103 0.3197615599164735 -0.08188717540112621 -0.9190169591166483 -0.21553390489804103
94.43 -149.4007399069275 -106.11827287070517 -5.69798889178693 0.29150999801071553 -0.07201321319705288 -0.9270502918491437 -0.22453011951015892
94.53 -149.82617748808076 -105.91138608906493 -5.696065530891232 0.3160597317980424 -0.07523070069855986 -0.918150168716779 -0.2268189923562474
94.63 -150.25984029166855 -105.70221297588068 -5.6913438624227615 0.32744727309981 -0.07954736120034633 -0.9140379486825004 -0.22579886853978404
94.73 -150.67801351365145 -105.49158069268162 -5.69708109090657 0.30885892382909375 -0.07824648191864006 -0.9194379425123692 -0.23047239120361304
94.83 -151.1073129014037 -105.27601668535648 -5.70046026960519 0.3051767564912078 -0.07472246713250344 -0.9199091615779191 -0.23462914279378871
94.93 -151.54214260477048 -105.05834896712405 -5.696228456759552 0.3363134253043694 -0.08092522495761643 -0.9090763448035727 -0.2322166816664503
95.03 -151.968711557432 -104.84238428251298 -5.692765972579196 0.3196738456434677 -0.07839384903082015 -0.9144970788432217 -0.23528308403466577
95.13 -152.39308678579087 -104.63285363025288 -5.695201578051631 0.3126704914664121 -0.07613285063946854 -0.9163681302167276 -0.23813946070057232
95.23 -152.82204697022092 -104.41168335705964 -5.690876308108057 0.3225475413419698 -0.07727665379525347 -0.9129142677648582 -0.23786328439633456
95.33 -153.24132879852561 -104.19287743566734 -5.689324424041598 0.322726926490182 -0.07854016953946845 -0.9131142142824663 -0.2364343552917524
95.43 -153.6594223801686 -103.97625424618609 -5.689961523184216 0.31100268166307093 -0.0775504429683786 -0.9170579369445012 -0.23720877108758492
95.53 -154.08361503313103 -103.75128794714666 -5.687757588117328 0.3136582791467675 -0.079109990918465 -0.9156942013849969 -0.2384622041529046
95.63 -154.50064720414068 -103.53907534541825 -5.68269270057778 0.32258238873257167 -0.08069592020654602 -0.9123712517938908 -0.23876237107562787
95.73 -154.92225438135412 -103.32026994752935 -5.675650170758273 0.3167195859556216 -0.07867953915846966 -0.9139372245438809 -0.2412819586768528
95.83 -155.33816876954276 -103.11380515326515 -5.664639166206023 0.3016746794526638 -0.07432823755395596 -0.9182577681111587 -0.245500248844617
95.93 -155.76676169397885 -102.89603582830689 -5.664799808905188 0.3103897139039599 -0.07300566997380395 -0.9151207028539535 -0.2467437878901518
96.03 -156.18891365876297 -102.68072191393978 -5.672190074617261 0.3096050779144026 -0.07441360047643729 -0.9166944373155704 -0.24140965264139666
96.13 -156.6108122997692 -102.45930568351166 -5.669723909884577 0.29164379712494953 -0.07207379677398804 -0.9230500493551439 -0.240266247739023
96.23 -157.04346701172474 -102.23701236814499 -5.669372645237028 0.3099995453137368 -0.07456590803293091 -0.9170340786323816 -0.2395593995053415
96.33 -157.47073449401552 -102.01402090337524 -5.664492383645098 0.3119394339686176 -0.07704398631707461 -0.9156793631962173 -0.2414318071925958
96.43 -157.89841018475903 -101.79035535048669 -5.666598861511091 0.30370312151074225 -0.07175835334228607 -0.9171980564651444 -0.24771531629432395
96.53 -158.32061779085058 -101.57189408073714 -5.668926793300463 0.30575832146237375 -0.07202076695617325 -0.9161376698502227 -0.24903137927771374
96.63 -158.7595308705723 -101.3498542075785 -5.66909000853754 0.3145027129721357 -0.07169581434015349 -0.9144289468930771 -0.24447383259417924
96.73 -159.18750516441236 -101.12852102155335 -5.664866186527053 0.3121890024940081 -0.07013521488417031 -0.9169932548988738 -0.23820673547344676
96.83 -159.61595480374854 -100.91469882360498 -5.666618577695391 0.3096895422041441 -0.0665938650869788 -0.9193342830088949 -0.2334140541327491
96.93 -160.0424204539654 -100.70137143514613 -5.664403894859282 0.3052836084966323 -0.0632646298502382 -0.9219637883538717 -0.229743939979632
97.03 -160.47120867729825 -100.48930202177921 -5.671728794529039 0.3216162944934862 -0.06611073939535714 -0.9172683581691708 -0.2254131503584297
97.13 -160.90476913489346 -100.26178610850279 -5.6775070162985575 0.31401142084405176 -0.06448484640921592 -0.9201618580142205 -0.2248125601893655
97.23 -161.3311513292782 -100.04420633137234 -5.6778159690445165 0.31013104967712707 -0.06258012940519532 -0.9209186141927782 -0.2276211006542346
97.33 -161.76771234968263 -99.81665105090251 -5.677775187961765 0.3308663293072428 -0.06706336160288075 -0.9137137269220696 -0.22617958107542344
97.43 -162.1988438925951 -99.59175667711621 -5.676125305352678 0.30861391149092776 -0.06553625631260195 -0.9206375581147966 -0.2299759538108784
97.53 -162.62278849038154 -99.36917585881122 -5.671578368146167 0.30840802277913065 -0.06727389768179616 -0.9195578641610174 -0.23403428944450505
97.63 -163.0533341595081 -99.13187793117983 -5.668767818463322 0.30729165239442624 -0.07243321631136218 -0.9190105975362691 -0.23610334847164796
97.73 -163.4847983801391 -98.89032802130221 -5.673173804809371 0.31273087588220205 -0.07881380035153641 -0.9164152917982745 -0.23700379132491198
97.83 -163.9096793713851 -98.65910099060878 -5.671958343968594 0.3088805158629044 -0.08318715447739497 -0.9167703249823252 -0.23917544916237146
97.93 -164.34181794197383 -98.42009984498758 -5.671340725943668 0.3124226951780624 -0.08526726283701795 -0.9145494956995028 -0.24232369537819323
98.03 -164.76288052218834 -98.1948702493778 -5.671682681348216 0.3118857495891408 -0.08752801150647732 -0.913905825381244 -0.24462679481031763
98.13 -165.1893073032614 -97.95583851427132 -5.669103076044568 0.3073600395598627 -0.08907692143237432 -0.9144221198012319 -0.24784530451092268
98.23 -165.6177491503126 -97.72330496989824 -5.667341719924112 0.30643349250891705 -0.08716471119292216 -0.9146083462810219 -0.2489827317396457
98.33 -166.0514524413066 -97.4826821926363 -5.674190601414225 0.3124344850110441 -0.08936410292750699 -0.9127217139543138 -0.24766473822517734
98.43 -166.4849269837659 -97.25284552641789 -5.683065029549697 0.32000198643225114 -0.09215400255079464 -0.9100774850920894 -0.24670901812001003
98.53 -166.91510159646265 -97.00168658200245 -5.680719471779032 0.3130288781842166 -0.09015062775199238 -0.9117339327560192 -0.25025391425489263
98.63 -167.34473860377918 -96.76574769520094 -5.679297637212572 0.3207415750883979 -0.09167092629211998 -0.908134302089316 -0.2530086414558
98.73 -167.77697661750267 -96.52606888075275 -5.678485735730661 0.31612232770908966 -0.09221115073783186 -0.908305291707044 -0.25796370802958574
98.83 -168.2021997387388 -96.27770884129029 -5.680598915016421 0.31067965540249703 -0.0892371163480621 -0.9092594156474397 -0.2622254828222168
98.93 -168.6357647334687 -96.03465963124138 -5.680855109436593 0.33088732903495344 -0.09368138682251238 -0.9023320188100816 -0.2598736252051137
99.03 -169.05570417090803 -95.80089126630813 -5.670788241813124 0.3173119976905917 -0.08935870766842126 -0.9072104243649269 -0.261337642541301
99.13 -169.48047302372132 -95.5633695753373 -5.667162913110277 0.3161805834623578 -0.0872731865033503 -0.9078432994431633 -0.2612159513029505
99.23 -169.90642158659978 -95.32492683529436 -5.664736179515705 0.3112820501858967 -0.0843776139765445 -0.9100889154748725 -0.26023464300792165
99.33 -170.33176922069353 -95.09247256753595 -5.666943568350472 0.3086988613138427 -0.08294990720579241 -0.9123425477218704 -0.2558425326923852
99.43 -170.75658976216937 -94.8551029684105 -5.662853031688668 0.3134541671793893 -0.08333370058133799 -0.9121495241184542 -0.25056980080563024
99.53 -171.1831612926784 -94.61607647098934 -5.656303618608547 0.3082662929298957 -0.08296446203340695 -0.9149258498105185 -0.24698072805639668
99.63 -171.60377582387272 -94.3694639035628 -5.649873660864935 0.30517857022618944 -0.08322472553077315 -0.9160468265028091 -0.24657229566429106
99.73 -172.03263837171144 -94.13326417970082 -5.646277194352765 0.30188179273415916 -0.08516006450639758 -0.9168256529695324 -0.24707462169528283
99.83 -172.44535917921854 -93.89531721501069 -5.634716276405875 0.2949755266182165 -0.08781645879956454 -0.9179861101845694 -0.25015836937510977
99.93 -172.86636365662105 -93.64899972170343 -5.630803090864581 0.29056988391530636 -0.0877666472062033 -0.9184176950942267 -0.2537224773989005
100.03 -173.2816300432919 -93.40312059737492 -5.620785049087328 0.28934678262610397 -0.08809841507131227 -0.9176120426043365 -0.25788611423134516
100.13 -173.6986111275243 -93.16186262318291 -5.613145403446937 0.27961744665630867 -0.08514368083589376 -0.9187744415495462 -0.26536420763630003
100.23 -174.11928631123448 -92.92034531631198 -5.603396651226044 0.2722220856648309 -0.08280364975049866 -0.9203223412070276 -0.2684128907848911
100.33 -174.53409558547554 -92.68257836562886 -5.5962581105596865 0.28004333415685834 -0.08357845940542122 -0.9182582278532937 -0.26719318684699883
100.43 -174.93905958507278 -92.43657700026519 -5.590080421558871 0.2623886678534365 -0.07695434990608678 -0.9238980667421092 -0.26766131076945693
100.53 -175.36158038469284 -92.19351217001842 -5.592863205141565 0.27835504417701135 -0.07715656812329684 -0.9193366118176213 -0.2671807020507763
100.63 -175.77561502887556 -91.94403215006115 -5.586600330569791 0.2771720549578934 -0.0759729209485951 -0.9196869728564319 -0.2675437145423708
100.73 -176.18528805791098 -91.70251714390353 -5.577231055151285 0.25839033226530805 -0.06961274593805161 -0.9243517992409375 -0.27196002102299793
100.83 -176.59549746721788 -91.45505708865544 -5.573452070579948 0.2779051199291688 -0.07384333172439564 -0.918466485761294 -0.27154230095934256
100.93 -177.0084373455254 -91.19978025830234 -5.570350907560605 0.26284476666556944 -0.07118004893267313 -0.9224286129952235 -0.273809209483854
101.03 -177.42253572530637 -90.95389571908582 -5.566928287689573 0.2608162695004779 -0.06873471884806283 -0.9221145467666332 -0.277407957041788
101.13 -177.84297320512206 -90.70629979658217 -5.572108417883535 0.2762081858359708 -0.07238256138702921 -0.9174508978522872 -0.2770444962714241
101.23 -178.26481768184453 -90.44985377589508 -5.5712490392312635 0.26722385227025897 -0.0663314270099316 -0.9198445594779182 -0.2794235869921211
101.33 -178.6853560457747 -90.20113925218375 -5.569248290569014 0.27715270353919963 -0.06784864043891119 -0.91747593556995 -0.2771657420417414
101.43 -179.10360018171565 -89.95310604232242 -5.564453312914337 0.2779322617422366 -0.0671819773855588 -0.9180646063537936 -0.27458626760613
101.53 -179.5225494662563 -89.7070183498565 -5.555846923187346 0.2788359907564709 -0.067885134975424 -0.9183757233824545 -0.27244839770125123
101.63 -179.94218949516306 -89.45372998901867 -5.554562739474915 0.2766311568637926 -0.06901206393937141 -0.9187366819246806 -0.2731948889877998
101.73 -180.36124584220448 -89.20558190707601 -5.556322735103556 0.2842978375853597 -0.07054237147060928 -0.9161972721350742 -0.27346128044723217
101.83 -180.7862131568094 -88.95919987000225 -5.544110015872832 0.2846656316836595 -0.07110519565253506 -0.9161770186223296 -0.2730003660027904
101.93 -181.2038907057767 -88.7244751402843 -5.540378922371488 0.2833967227680177 -0.06979582755567332 -0.9172747683807173 -0.27096464579768936
102.03 -181.62339485924923 -88.48190189047392 -5.528016572112522 0.2722965787846636 -0.06607782358712837 -0.9213738273329223 -0.26936697035464124
102.13 -182.0386955321056 -88.25986426229295 -5.521956821668707 0.2719391303116429 -0.06296617818651568 -0.9226221928819744 -0.2661816278626083
102.23 -182.46717604002768 -88.01589801038244 -5.5216405135933275 0.2759940699149428 -0.06248671659728009 -0.9221865279710886 -0.263618457717409
102.33 -182.89184966849177 -87.79341059327716 -5.524129539360476 0.2707671801530384 -0.05873396817810291 -0.9233438134708106 -0.2658414137398581
102.43 -183.32094355346615 -87.5609762609206 -5.522432783559375 0.281296293818791 -0.05733383824069905 -0.9203683977282171 -0.26553199155581253
102.53 -183.7439345561795 -87.34007698959573 -5.513083784940812 0.28357071284159274 -0.05426837822877739 -0.9200751351884381 -0.2647722408994318
102.63 -184.1638085260047 -87.11764730832948 -5.518588421272439 0.2785376651650482 -0.04870502549430965 -0.9223857505055301 -0.26315226930496394
102.73 -184.59239513606317 -86.89837590253538 -5.509180715929787 0.2741851977835692 -0.04356296032258666 -0.9244465965459362 -0.2613871380518806
102.83 -185.00865515492092 -86.68210061510352 -5.506140884640173 0.2838672932616534 -0.044099352386347435 -0.9232428617169137 -0.25514157878356697
102.93 -185.43502533287872 -86.45664279308423 -5.505384750622414 0.2745246035027171 -0.04326798864478 -0.9267864369422392 -0.25264802300873107
103.03 -185.851967629924 -86.23267049231966 -5.502013637014141 0.27656405118202115 -0.04472854818570688 -0.9264670835921047 -0.25133727457607136
103.13 -186.278125986636 -86.00987753133754 -5.4923304048368236 0.28342703436296823 -0.04989982511682136 -0.9244055095171181 -0.25030696678263054
103.23 -186.70033389287607 -85.79783576387838 -5.5008159160810575 0.2869543970479097 -0.04998863069617336 -0.9230199503499676 -0.25138114899875774
103.33 -187.1336716565006 -85.57571348305294 -5.497926671897318 0.27734653906618345 -0.049020160509207863 -0.9260375934455245 -0.2512574310488807
103.43 -187.570749128789 -85.35775115856322 -5.500552365924916 0.28698444636491466 -0.05211249350976672 -0.9238441013836858 -0.24786345415044173
103.53 -188.00134649861914 -85.13540163985469 -5.488485668296671 0.28891582885616396 -0.05494174910669257 -0.9247730106242049 -0.2414620609174397
103.63 -188.43144288298407 -84.91944324556042 -5.483877544129529 0.2799457818788342 -0.05658201983578264 -0.9280841804153919 -0.23893218347941714
103.73 -188.8647275939506 -84.69752702779797 -5.4903719470341485 0.29265484725388174 -0.06210663039412013 -0.9242613321927268 -0.23714319862315508
103.83 -189.3025079613459 -84.4733497350133 -5.489669096530416 0.28731697056896754 -0.06367059039674998 -0.9251504016799562 -0.23977437021711928
103.93 -189.73992811641776 -84.25439806702572 -5.4884712917864045 0.29059544062245535 -0.06444885007392173 -0.9235234627237109 -0.24187817059916106
104.03 -190.170283735475 -84.03962688102382 -5.479595120172836 0.30905694859773575 -0.07227268158482883 -0.9175615508065185 -0.23946035684749867
104.13 -190.5994229373037 -83.81600860643697 -5.4695353370791775 0.29043153559395385 -0.07076034051875041 -0.9235978304829718 -0.240019884320771
104.23 -191.0288093206927 -83.58984075818022 -5.464676484684331 0.28995146865781407 -0.07453839724612406 -0.9231086467766997 -0.2413350355941834
104.33 -191.4533891745453 -83.36264302530321 -5.460948515957575 0.2950527052234668 -0.07692056562043208 -0.9200140636629374 -0.2461732121644339
104.43 -191.8756681495589 -83.13271686911793 -5.44824309647255 0.28355370602275837 -0.07763936480034385 -0.9216040073431151 -0.2534077316959168
104.53 -192.3058943665476 -82.90191513975606 -5.446620632725177 0.2911246069102598 -0.08040779863287639 -0.9179987658450537 -0.25702006746034406
104.63 -192.72930591932337 -82.67000315318812 -5.447968194228547 0.293252674531874 -0.08257243110288005 -0.9168300525831465 -0.25808393437416366
104.73 -193.14050343722238 -82.4398688137068 -5.431285533837242 0.27561251065812614 -0.08047881178515658 -0.9213401293010026 -0.262094011686619
104.83 -193.56780476142788 -82.20881880105557 -5.432356300785155 0.29952419353234067 -0.08484155988524485 -0.9134812433654572 -0.26199081133608043
104.93 -193.98306641407854 -81.9666846526777 -5.4305062908410155 0.29730972718213844 -0.08871864622564228 -0.913597103318056 -0.26282363048940116
105.03 -194.39918336160235 -81.7319335762204 -5.421504498327915 0.2927265794292421 -0.08759662988725858 -0.9141497786298088 -0.2663985029220729
105.13 -194.80669041989685 -81.50041381034868 -5.414905399922638 0.2956709087407041 -0.08792475107779611 -0.912765868408245 -0.2677805469807246
105.23 -195.22107468356754 -81.264034742705 -5.404774184836519 0.30210635384249485 -0.0865004489438909 -0.9109067285810334 -0.2673917633852961
105.33 -195.63052253651284 -81.02701789349591 -5.401341094192339 0.3028312639271127 -0.08678199928298022 -0.9115984512392407 -0.2641029607690415
105.43 -196.03838382642155 -80.79854599659001 -5.383124474782206 0.28097581220734136 -0.08079709806406583 -0.9186606186628199 -0.26568230956707606
105.53 -196.44586626198506 -80.55458679934708 -5.382513455574272 0.306209789573286 -0.08567537726270566 -0.911193220036282 -0.2619584132267733
105.63 -196.84553911154288 -80.3163044263956 -5.372905776812461 0.2943398478297991 -0.08556930376541 -0.9152526121670836 -0.2614471345300303
105.73 -197.2495071011922 -80.06676349878578 -5.369200583094257 0.28617082310803776 -0.08451997595174603 -0.917084948507118 -0.2644198004849137
105.83 -197.65640179122994 -79.82379519231898 -5.368119709139956 0.2972104039739438 -0.09172859032104706 -0.9124180541030504 -0.26597957822765544
105.93 -198.05031394160633 -79.57392769525188 -5.358514781991327 0.29195222815074834 -0.08999554900480199 -0.9125534433746956 -0.27186561132685383
106.03 -198.44428816420228 -79.32675468797116 -5.352164514178746 0.301561566182515 -0.09436114134988062 -0.9077365455683425 -0.27599087058152694
106.13 -198.83394778668017 -79.07704939510539 -5.3413551377320285 0.28903894729116886 -0.0938827855560763 -0.9100547989669107 -0.2818559426415216
106.23 -199.22698755621562 -78.82891174998201 -5.3261792075292265 0.2810650613340901 -0.09309125608695829 -0.9109153939840334 -0.2873492549848179
106.33 -199.61611395085117 -78.57087716930259 -5.321909038991428 0.30672861763361114 -0.10318435195834783 -0.9018180962363626 -0.2863471074345479
106.43 -200.00350374657702 -78.31072776841249 -5.316679241048227 0.283345093077957 -0.10078806282693954 -0.9081769452093386 -0.2911562481048121
106.53 -200.3826905640167 -78.05597046309194 -5.309407583900559 0.27697617400866764 -0.09938080389906373 -0.907955883247089 -0.29836851195274394
106.63 -200.7650456946074 -77.79965004887816 -5.297962098517105 0.2976196677961633 -0.10405206709632882 -0.9002350778855892 -0.3002873710601389
106.73 -201.1398791571212 -77.53636559728005 -5.286544168904668 0.28274096939685966 -0.1018068663706817 -0.9035982987496801 -0.3052916976941726
106.83 -201.5161534792122 -77.26938423000844 -5.284916028086129 0.2837085127221995 -0.10214002043214356 -0.9025007370708753 -0.307521244179334
106.93 -201.88742418078078 -77.00050780851831 -5.27327914831887 0.2833462391279098 -0.10398274474322346 -0.9016237144602899 -0.3098018319677347
107.03 -202.25239827000667 -76.72239271319802 -5.261576781385332 0.2833516158667477 -0.10478900098462633 -0.8990589591025265 -0.3168976413857144
107.13 -202.6144199029929 -76.44729216823387 -5.249544631580753 0.27854618426760774 -0.10873237756498474 -0.8981436057963734 -0.322377661549479
107.23 -202.96499437139857 -76.16459024841572 -5.2442517740234225 0.27909257210922744 -0.11302912737804649 -0.8955924190608937 -0.3274843072244378
107.33 -203.31893305742662 -75.87705029122489 -5.237051969445061 0.2757227807779332 -0.11599640697381897 -0.894520442447658 -0.3321971700248127
107.43 -203.6693439351174 -75.57508616913529 -5.232435749473664 0.2765986354576667 -0.12158823828384485 -0.8916756381943483 -0.3370816687758169
107.53 -204.01640527531248 -75.28350914970311 -5.228911399507108 0.281605762448194 -0.1275087644573385 -0.887214136383912 -0.3424774236983857
107.63 -204.35542930279198 -74.97210399969067 -5.224689091934908 0.278369477722082 -0.13172762740594604 -0.8853404612090141 -0.3483253275272209
107.73 -204.68984240020816 -74.66058452035283 -5.2158099188891365 0.28224649674691177 -0.13723955311462194 -0.8796802879720046 -0.35730212858096105
107.83 -205.02164472221858 -74.34569562678507 -5.206116088496835 0.28063423212693317 -0.1387847769927319 -0.875149938744526 -0.36891164002923094
107.93 -205.34071747310284 -74.03255314488179 -5.188047106621572 0.27728420923639235 -0.1419624789361753 -0.8723623320865315 -0.3767546727500438
108.03 -205.65765045162317 -73.71414629059325 -5.171964271978897 0.27368499992632483 -0.13996523475239755 -0.8718789558840836 -0.38122610110341887
108.13 -205.9710735741097 -73.40353928968293 -5.1613540307870585 0.2741725772484691 -0.1392007469185776 -0.8707231910506807 -0.38378858048248665
108.23 -206.2821510080744 -73.08229006763847 -5.150956817612911 0.27664854883275536 -0.13697481167992853 -0.8699518453876884 -0.38456113701274386
108.33 -206.58455861831328 -72.76125481569407 -5.140776824324049 0.2671723125466709 -0.13006847436298002 -0.8724345339324788 -0.3880194987205786
108.43 -206.88786729656582 -72.4254502460958 -5.133375591787308 0.2726257559611169 -0.13027236367405712 -0.8691613890499823 -0.39148791582130515
108.53 -207.18482678466503 -72.0798565924216 -5.132971774985133 0.2742019908486446 -0.13492172000718744 -0.8669719616186864 -0.39366104131852975
108.63 -207.47469215465887 -71.73925700253939 -5.132652692711177 0.26634048800319826 -0.13696257397379863 -0.8656074114681596 -0.40128270208430666
108.73 -207.7590959583427 -71.39504522528522 -5.125857409240572 0.2629971228275138 -0.13907189299155623 -0.8615189766273486 -0.41143234544109547
108.83 -208.04705503243972 -71.03913314047794 -5.120929595320131 0.26543467120546993 -0.1435156750563755 -0.8572474078017014 -0.4172224444495055
108.93 -208.3222536958882 -70.69063785952041 -5.116090136398858 0.26518725105427343 -0.14609702637812264 -0.8546143284267932 -0.4218598468797063
109.03 -208.6000927764692 -70.33353345535811 -5.107832410104765 0.2592897628509186 -0.14488864040173585 -0.8541378583195259 -0.4268777573832868
109.13 -208.87946719096266 -69.972746240671 -5.11319217066085 0.2650961444665202 -0.1508997300200242 -0.8497213570658835 -0.4300313023664478
109.23 -209.1525489983466 -69.59941254909938 -5.1081944799872145 0.2628681327015296 -0.15123325725999706 -0.8469771740592114 -0.43664460758288864
109.33 -209.41844438036102 -69.23997105151341 -5.106392844776481 0.25931760127428966 -0.15183857438446396 -0.8438404640738092 -0.4445589951738021
109.43 -209.68036543985514 -68.86373643866553 -5.097527721527624 0.26097011352699456 -0.1521025602159182 -0.8385718654506388 -0.453383543477381
109.53 -209.94137691134137 -68.49484565158586 -5.104396821100371 0.26435646298254123 -0.16102217990317638 -0.8360103835535411 -0.45307191112366557
109.63 -210.194415680032 -68.12348981988342 -5.087371304242415 0.24042881891757728 -0.1493317735077812 -0.838749936970623 -0.46518012391620456
109.73 -210.4487984440901 -67.74403401503447 -5.06815427611423 0.254607633652756 -0.15460656827994326 -0.8321652312978828 -0.46773153597911776
109.83 -210.70579125609459 -67.3622269136213 -5.0625334877999295 0.27591015626997 -0.16644997485863747 -0.8244789572268385 -0.4651907572456537
109.93 -210.9509964317892 -66.98620719944948 -5.060944805165391 0.24824406332266677 -0.1544298524928472 -0.8304352371668772 -0.47424004739760395
110.03 -211.19588716763954 -66.60469321859622 -5.056631021290811 0.24765772370812963 -0.1531947644323855 -0.828290818238536 -0.47867665125839415
110.13 -211.44464914717153 -66.21181817792171 -5.0438204309765 0.2614083543681929 -0.15876557638237596 -0.8224635779903958 -0.47959652511431045
110.23 -211.6877237577471 -65.82873276358032 -5.035757233372632 0.2568338076487095 -0.15999128028273302 -0.8224834182927194 -0.4816224788313783
110.33 -211.91957055722384 -65.44722612252902 -5.0335038395047595 0.23938747243394015 -0.15401084127206166 -0.8251847663770719 -0.4878979403026607
110.43 -212.1533051758406 -65.05560939378937 -5.027591254048825 0.24380045022223126 -0.1575650119116473 -0.8219035193963036 -0.49011142844937805
110.53 -212.3911299608815 -64.66296485510715 -5.018926640544931 0.24941486616067943 -0.16156769044782401 -0.8177672797989425 -0.49289429093026094
110.63 -212.61965657959433 -64.2726519991693 -5.009606967686077 0.24037327072930564 -0.15693896717241063 -0.8177970095667303 -0.49879745633419803
110.73 -212.84640012746777 -63.88386655831436 -5.001272297317355 0.2396582819355345 -0.15478771032018704 -0.8151759166430551 -0.5040762814879276
110.83 -213.0798045110716 -63.49251445141649 -4.997161701097602 0.24601837029304338 -0.1574492480115788 -0.8130107713247966 -0.5036846051735179
110.93 -213.3051210978313 -63.10665995332286 -4.987530734461882 0.23343910058836193 -0.15064717078476483 -0.8166155785783329 -0.5059156185316056
111.03 -213.5407672212725 -62.70794924613432 -4.978901213273544 0.24568774556259676 -0.1541607830043261 -0.8131575755637673 -0.5046253481218694
111.13 -213.76747814935584 -62.32031657985085 -4.968901531030368 0.24830880054977061 -0.15390602835272438 -0.8146053345506157 -0.5010726723020366
111.23 -214.003081031571 -61.92623792330938 -4.959152836754786 0.2499884693451621 -0.1509888176080484 -0.8160923431442666 -0.4986997389342479
111.33 -214.23323105124612 -61.54002522540955 -4.954929333335776 0.2564158932451277 -0.15017287572327342 -0.8164965877160834 -0.4950073932137757
111.43 -214.4639908638463 -61.14825242248077 -4.955958073326314 0.2617695884666638 -0.1526258409168902 -0.8175104897839567 -0.4897536465730507
111.53 -214.6968585335077 -60.753263927393334 -4.9483605232887955 0.2565421925419529 -0.14931493209811028 -0.8202292290116748 -0.4889940351100595
111.63 -214.9266622657936 -60.36227803260018 -4.942663790370537 0.2645565878739056 -0.15377439951066715 -0.8187779132800883 -0.4857632907006811
111.73 -215.1625843725144 -59.96694367742221 -4.934074128776663 0.2622505945361131 -0.15179933069005672 -0.819705857836561 -0.48606984631422434
111.83 -215.39267864781226 -59.580020672119865 -4.9280851245227675 0.26206387242877976 -0.14936876498421928 -0.8200216610826061 -0.4863907628337991
111.93 -215.6248448748843 -59.198567653023474 -4.920182365612776 0.2592661119208538 -0.1461644340970229 -0.8210231470344512 -0.4871735147236419
112.03 -215.86399154342766 -58.80054390306163 -4.917672338179669 0.2634403188471707 -0.14659235844434576 -0.8215181723046058 -0.4839605060588372
112.13 -216.10299212157798 -58.416536718630745 -4.909462247493678 0.26235722618069085 -0.14757283588731265 -0.8242295430892234 -0.4796213134107787
112.23 -216.33729794592276 -58.024604371586356 -4.902929840585233 0.2569289887950233 -0.1445865459766211 -0.8272897860353291 -0.4781985313245292
112.33 -216.578781978997 -57.64009968481217 -4.893276075439852 0.2626715394116122 -0.14698589699711945 -0.8263784918637239 -0.4759174262959101
112.43 -216.8145324366139 -57.254380131715465 -4.888034069708506 0.2623364388498333 -0.14644467662437724 -0.8263018535706159 -0.4764019272901125
112.53 -217.05578466909938 -56.868577111616005 -4.885798233990028 0.25182709512879387 -0.14046460231780983 -0.8293967377355418 -0.47849123407679484
112.63 -217.29883923296285 -56.482729127674915 -4.887291697241922 0.26026238482196873 -0.1461658905269431 -0.8285090718335162 -0.4737844883307311
112.73 -217.53676849848853 -56.09416256081733 -4.876426883573103 0.25749025589863717 -0.14657527864831155 -0.8319436167592449 -0.4691314041289186
112.83 -217.77727465644188 -55.70599589835702 -4.872155478805885 0.25277245394294645 -0.14663108036845848 -0.8313907732591282 -0.4726465856612405
112.93 -218.01296263096737 -55.31968867593784 -4.868826963261699 0.24837600959235537 -0.14867075837945812 -0.8311888917077151 -0.4746908359801729
113.03 -218.24899927009236 -54.93201227434442 -4.8601908144749295 0.25294810310944693 -0.1534864677717466 -0.8278592938131172 -0.4765586543034681
113.13 -218.4822317883759 -54.54057903225809 -4.847462288215466 0.23881748903025002 -0.150345052140175 -0.8288136285096742 -0.48314650099828144
113.23 -218.71829677021927 -54.15205128985863 -4.850068937518671 0.24681898438608535 -0.15695805477884123 -0.8229424263664425 -0.4870424220463509
113.33 -218.949195316643 -53.759778516872124 -4.84251296396582 0.2432942126327489 -0.1572731205201304 -0.820129574964223 -0.4934172391903981
113.43 -219.18460317498182 -53.365578689471675 -4.828661083559751 0.24316685305028168 -0.15534859359985984 -0.817395224969877 -0.49859978162912655
113.53 -219.4199959076279 -52.98273423134591 -4.822571296732006 0.25817804978172665 -0.1626905131605732 -0.8119129098868881 -0.4976678795114867
113.63 -219.65637764729448 -52.59335496537105 -4.807491549236435 0.24660003751557225 -0.15641622933854585 -0.814266798249745 -0.5016891128626759
113.73 -219.88364118876245 -52.20110475018018 -4.799631151902591 0.24383333360956785 -0.1514926386974967 -0.8137745649817176 -0.5053377516375868
113.83 -220.11523497020565 -51.80898345903212 -4.792446728531995 0.25103233585958346 -0.15809268617419986 -0.8123460214497866 -0.5020790877598966
113.93 -220.34461249247892 -51.416355118043164 -4.783953820769917 0.2520995458537934 -0.154476718695881 -0.812173533318558 -0.5029482221244193
114.03 -220.57779233002375 -51.021362320697975 -4.783631432882562 0.2522382019766302 -0.15295030895715248 -0.8136473615101092 -0.5009591436046918
114.13 -220.8077416695364 -50.63316523291139 -4.776573636277691 0.2564544475763292 -0.14918283494818824 -0.8149991868165384 -0.4977468468644704
114.23 -221.044825560226 -50.23818425484683 -4.7715047060638875 0.2577131899388131 -0.1448755184082749 -0.8177160421890896 -0.4938982387538001
114.33 -221.2861937602598 -49.8416290746381 -4.764044876499778 0.2703486389609177 -0.15098746639331084 -0.8174945594635301 -0.4856099707086308
114.43 -221.52021697173706 -49.45402078685086 -4.754577400839736 0.26860834442788484 -0.1496278046485709 -0.8214370667147743 -0.4803147122531093
114.53 -221.75241138971398 -49.06537947965646 -4.741374634929723 0.26361087940450384 -0.14474442084345185 -0.8245965198591653 -0.4791648321094018
114.63 -221.97809576035684 -48.68973540025002 -4.727328314245472 0.274649154877037 -0.14961190467176705 -0.8221479898719705 -0.4756645902895169
114.73 -222.20398980874978 -48.31651926104072 -4.7117638298834095 0.26961259863745074 -0.15044293728630556 -0.8236438687215251 -0.4756960655650509
114.83 -222.4386702910688 -47.906358970043144 -4.711508399782548 0.2621260846763346 -0.1502305796286068 -0.8242296327879547 -0.47892191546320073
114.93 -222.66840769664813 -47.51663181083669 -4.701530612322747 0.26166406715094326 -0.15447551068138432 -0.8211979439339466 -0.4830146679350546
115.03 -222.89680628569187 -47.129399126229664 -4.696582357260856 0.28245659920614596 -0.16693964218072413 -0.8112366347314527 -0.48398816917674564
115.13 -223.12936082400535 -46.73923642091582 -4.683733423461135 0.26506324834419287 -0.1606001146561617 -0.8136935965093265 -0.49178431100368575
115.23 -223.35454058965388 -46.35634001554178 -4.669266067127368 0.24808265891618705 -0.15321392416144014 -0.816523078420755 -0.49826754880728596
115.33 -223.58568398566052 -45.967101611600455 -4.658381092451613 0.2711449266957287 -0.16394948341075422 -0.8086496197996933 -0.4956680219807672
115.43 -223.8123512957065 -45.58237302130901 -4.654861965360253 0.27073216224245455 -0.16604512930312687 -0.8091547289050973 -0.49437003959863074
115.53 -224.03355309513424 -45.19210851867849 -4.643229290850227 0.2553517979136322 -0.1556947016352412 -0.8128415533619909 -0.49984320372798374
115.63 -224.25970771434328 -44.80841997000507 -4.6299895193363465 0.261342605559252 -0.1577078723388214 -0.8097258166635549 -0.5011710001091468
115.73 -224.48383356303958 -44.421068385139115 -4.619854678759376 0.2689661070540934 -0.16174079522726387 -0.8063658270047209 -0.5012696893433819
115.83 -224.70006851343126 -44.03104409490164 -4.61584741193255 0.2632982283012322 -0.15932202966021 -0.8073763895087547 -0.50342218813059
115.93 -224.91145156831772 -43.648399414654556 -4.6060710781006495 0.25066712617310444 -0.15479586981507618 -0.8106296102357315 -0.50604729576728
116.03 -225.12590275990624 -43.255027962254445 -4.593549341499671 0.26427033968165764 -0.16370954057280723 -0.8067660193093927 -0.5024827996833903
116.13 -225.33617725870923 -42.8688399951271 -4.581491276449204 0.2557349502599396 -0.16116655381943162 -0.8097193863556225 -0.5029706676391665
116.23 -225.54127524828624 -42.47455354268527 -4.574059070965602 0.240814688037243 -0.1528406926823852 -0.8128374419838584 -0.5078811884634357
116.33 -225.74849624359817 -42.0759450837775 -4.568396442287675 0.25690995893803875 -0.16360515900717357 -0.8061204247043082 -0.5073465145433036
116.43 -225.94896881185068 -41.678849926690205 -4.564228864970666 0.2560355620212707 -0.1678276363906455 -0.8023315682761492 -0.5123902126226815
116.53 -226.14307371843884 -41.282322455643865 -4.551775737586914 0.24577713517898145 -0.16344798512621844 -0.8004085504024847 -0.5217513856464452
116.63 -226.34185284296802 -40.884531728949945 -4.535202104243652 0.25243527358781154 -0.16974682045161407 -0.7943640687819413 -0.5257833924948689
116.73 -226.53679336539113 -40.49230245870486 -4.51461261981838 0.24532892565985728 -0.16596236789467364 -0.7946775269687378 -0.5298658686952992
116.83 -226.73155821439656 -40.097819687052606 -4.504605080651912 0.24213525069420572 -0.16431220277620245 -0.7941477900665553 -0.5326361872070774
116.93 -226.92140816239714 -39.69768147400587 -4.504602161643511 0.23685971446818951 -0.16089612638899808 -0.7958991212742279 -0.5334365013101141
117.03 -227.11349674647695 -39.29814103975585 -4.500288434389581 0.24152053868794846 -0.1645059698353422 -0.7949859648683593 -0.5316041111040628
117.13 -227.30435383408886 -38.88366021986862 -4.494281831539011 0.24037268470561454 -0.1659781092031049 -0.7948695048134989 -0.5318408690861587
117.23 -227.4905155401522 -38.471829711488496 -4.493363281268916 0.24664439591549397 -0.17031179900290483 -0.7907277606346304 -0.5337696522336374
117.33 -227.67842689112408 -38.04917653219011 -4.4883507841875225 0.24903576219671134 -0.17538681177559526 -0.78701255814217 -0.5364996633072685
117.43 -227.86301257333994 -37.62898919543571 -4.474214539693544 0.252307323520261 -0.17908912958328366 -0.7834770503968425 -0.5389172567886535
117.53 -228.04033149188675 -37.215803880288725 -4.462603605222848 0.25831316631691026 -0.18384641113096192 -0.7815995246791024 -0.5371936226752869
117.63 -228.21144074261014 -36.8093888266035 -4.441881888983614 0.24731815035279517 -0.17610016931090472 -0.7838447561771367 -0.541673205067731
117.73 -228.38109748126678 -36.387511814399375 -4.428911882610085 0.25154720641916484 -0.17510812830874542 -0.7819035774809229 -0.5428516757508043
117.83 -228.54949559687293 -35.97570092777901 -4.418749087168029 0.25825717005197085 -0.1789828006289088 -0.778818404796681 -0.5428722534314432
117.93 -228.71203299771545 -35.55997469956894 -4.407908294172892 0.26111277772584934 -0.18175520046170227 -0.7773173599346386 -0.542736479663622
118.03 -228.8666257587917 -35.150639050028985 -4.396072732866809 0.25169945759131007 -0.17909490105865605 -0.7805857395281313 -0.5433767594481301
118.13 -229.01737403195253 -34.73499356918238 -4.373072554323706 0.2566053755282077 -0.1822736752287717 -0.7785479964075388 -0.5429484375688275
118.23 -229.17266633948572 -34.3269750552408 -4.356068803595081 0.27062961269741087 -0.19420933101204496 -0.771925495558285 -0.5414548714216167
118.33 -229.32090214491015 -33.91926089158731 -4.343022299006645 0.2543826478706016 -0.18334915714594274 -0.7736748322217485 -0.5505450108963511
118.43 -229.4683213516527 -33.50445637872811 -4.321365162816563 0.2513447086415817 -0.1786038376337955 -0.7740015530266329 -0.5530353537819436
118.53 -229.6150088103948 -33.10925929851965 -4.299853332993495 0.25666079925453084 -0.18244815668124223 -0.7739487231743264 -0.5494008355895285
118.63 -229.7593550224763 -32.705032220518795 -4.273244372252943 0.2513388264312618 -0.17815180010066503 -0.7777605460663024 -0.5478861774417162
118.73 -229.90054566890228 -32.30825648678732 -4.256717338380478 0.25760552906170625 -0.18168803850361623 -0.7769571786372279 -0.5449462272790091
118.83 -230.0427832048918 -31.898202447861735 -4.240500390509263 0.24342191482249176 -0.17300191231440437 -0.7790351909853134 -0.551289652475164
118.93 -230.17875164580255 -31.49958598901585 -4.218181585229559 0.24489821909473172 -0.17287257881274726 -0.7753061058216802 -0.5559140005922506
119.03 -230.31363812669346 -31.089129272903538 -4.197156833107921 0.25750234178169457 -0.18416494910684858 -0.7704793614968148 -0.5532968181770755
119.13 -230.44243977398435 -30.688742920401918 -4.183241105849079 0.2449293262136318 -0.18117143202559294 -0.7748669307421979 -0.5538662085923804
119.23 -230.56495467726063 -30.283516573868113 -4.159662081211169 0.2357825953638598 -0.17579118782440128 -0.7748153514965938 -0.5596116484598745
119.33 -230.68907890219072 -29.86872435333383 -4.143807622962571 0.23956335407728374 -0.18141172374821954 -0.7715034193429634 -0.5607866437532701
119.43 -230.80566015072267 -29.464238704608317 -4.140087097782047 0.2476933862804674 -0.18928563925012554 -0.7647087698728375 -0.5639498474564545
119.53 -230.91224341623632 -29.05718416433976 -4.123262161907737 0.22389764849458163 -0.17964776611063307 -0.7668484091751038 -0.5740557816760223
119.63 -231.01844456170508 -28.646868562842165 -4.103217614996583 0.23845080806859864 -0.19273314981919806 -0.7562490567057286 -0.5779987104863631
119.73 -231.11615775773143 -28.238542545446116 -4.088847281487928 0.244998091759251 -0.20879104794873093 -0.7514477124148518 -0.5759414630301267
119.83 -231.20579710983057 -27.836277782743487 -4.0578879155896015 0.22107349086584244 -0.201822148113727 -0.7558451054471138 -0.5823165022037352
119.93 -231.29257988250467 -27.421106900955383 -4.0476704439216675 0.23523254401722124 -0.21562583582927303 -0.7483754756114777 -0.5814682249800138
120.03 -231.37640670517672 -27.012989535058722 -4.037728843908348 0.23373640650595454 -0.22045276242254588 -0.7440641067387015 -0.5857785220346423
120.13 -231.45573864033253 -26.607085654860377 -4.0226620700164535 0.22217816954424566 -0.2138375399016779 -0.7399664862081271 -0.5977959240372624
120.23 -231.53225992485355 -26.19792199986421 -3.9996112048793906 0.2301065058239065 -0.21982851830741357 -0.7305870236794065 -0.6041266583652355
120.33 -231.60655079101338 -25.785260688178486 -3.9921799041906176 0.24062601033626058 -0.2286851428578682 -0.7232268144436879 -0.6055949169662554
120.43 -231.67077782634797 -25.3889132706041 -3.9570347014323195 0.21935041523805304 -0.20974437423079692 -0.7254816660447252 -0.6177127528604173
120.53 -231.73580787615617 -24.986426439589906 -3.9406104678399347 0.23918133922956092 -0.2259324009990798 -0.7171119692033989 -0.6144080572130937
120.63 -231.80146413255395 -24.60024474047949 -3.926936865907527 0.22085314863520444 -0.21259195173778886 -0.7188945441896 -0.6238743328016159
120.73 -231.85426963162678 -24.19423833995028 -3.9055900925929325 0.21491777298522607 -0.20336217331602127 -0.7139552327203962 -0.6346038945597641
120.83 -231.9151030459856 -23.79712432666389 -3.8839501064675908 0.23136884550743234 -0.21972286611270095 -0.7043150439865598 -0.6341377123701036
120.93 -231.96355753155385 -23.39523582100612 -3.863002064975996 0.22108380450656165 -0.21095132690777516 -0.7024696791703706 -0.6427735518104568
121.03 -232.01261101726874 -23.01345761911265 -3.836127220193929 0.20702521483214092 -0.1947570790535679 -0.7022365252619173 -0.6527435202055222
121.13 -232.0610226126802 -22.625019305773787 -3.820783936617353 0.22180043465751298 -0.20546965624047145 -0.6964947189772316 -0.6507548647432365
121.23 -232.10497823668118 -22.22092256795298 -3.805068261226775 0.20796632225994405 -0.19468343630976007 -0.700159107068907 -0.6546950383352294
121.33 -232.15152432797342 -21.828503645250667 -3.7867477282225024 0.2040505576603716 -0.19124330246160673 -0.6993618742894577 -0.6577859362835348
121.43 -232.19405718817345 -21.419122868734874 -3.77096977082132 0.21946089086162213 -0.20296327766186945 -0.695126162121133 -0.6537908259051349
121.53 -232.23423258856542 -21.022123943157894 -3.7559633861651407 0.21677932663296456 -0.20291794636824292 -0.6968137389885026 -0.6529024764412495
121.63 -232.2786715999448 -20.609595076135804 -3.7398470713475365 0.2170623012212849 -0.20410062969122486 -0.6944076405103411 -0.6549999382816969
121.73 -232.32386197322703 -20.200494341944072 -3.715929926944177 0.20808777945549783 -0.19435124690259334 -0.6946227300026202 -0.6606257123609361
121.83 -232.36893758653883 -19.799937107348423 -3.7000119605130903 0.22841426423977965 -0.21420702565352948 -0.6857973875866322 -0.6569811391751054
121.93 -232.41195287382791 -19.387999815681074 -3.6877937256659914 0.2166874497489736 -0.20859692686324519 -0.6859103576845154 -0.6626166708177483
122.03 -232.44907843488275 -18.98430953245464 -3.663046649863759 0.20931789136930784 -0.19979638331879762 -0.6816354116740291 -0.6720421051670883
122.13 -232.49736567342322 -18.572169893793074 -3.6486631908303613 0.22977394809381266 -0.21673323617029017 -0.6731597888263172 -0.6686452989618961
122.23 -232.54972145460115 -18.167900103928222 -3.635926738479242 0.24185265960553923 -0.22344172247485794 -0.6698796741409432 -0.6654639808975537
122.33 -232.60324665263002 -17.758324569204834 -3.62516075290784 0.23668003865829693 -0.209388917844502 -0.6737409879110926 -0.667990959215168
122.43 -232.6581887572979 -17.348409280619066 -3.6057208010289132 0.24439045424395495 -0.20617197725333072 -0.6760945194229055 -0.6638242406512405
122.53 -232.72236010991904 -16.94814896801506 -3.5883983837309814 0.2516775848954923 -0.20767997288775825 -0.679330276500022 -0.6572958219499924
122.63 -232.78298119700952 -16.542951756816212 -3.572021866604456 0.2475391905324528 -0.19627642385478855 -0.6875995816188766 -0.6537635122480143
122.73 -232.83995270243057 -16.145373711567196 -3.558846767735637 0.2439768140478433 -0.18798890397117327 -0.6919820295642942 -0.6529137438826521
122.83 -232.90850859785243 -15.742806628238997 -3.546792438545058 0.2532967124772425 -0.18791242098927388 -0.6919776625739004 -0.6493817151606076
122.93 -232.97670338568102 -15.340411244096636 -3.5336517339133224 0.27611810060838476 -0.205022223348068 -0.690252357681475 -0.6366131990188375
123.03 -233.04725138410006 -14.941767626333487 -3.512219837366592 0.27045515214692933 -0.20022290525929715 -0.7010025567371486 -0.6287767603328613
123.13 -233.1163214408683 -14.540904935215096 -3.494554973900654 0.258207208782835 -0.19342934628940056 -0.709815055102189 -0.6261602932771362
123.23 -233.18462946659932 -14.14094375287628 -3.4681442713295763 0.2564730584729421 -0.19666500960984604 -0.7119358337491036 -0.6234515321150977
123.33 -233.250009928623 -13.728608411375253 -3.448011626309277 0.2540537419097619 -0.19896957712446567 -0.7117691743583482 -0.6239009905696535
123.43 -233.32254215597987 -13.33792927782915 -3.4394347950722772 0.26368076610038843 -0.20949862626181764 -0.7074320856738823 -0.6213876594704988
123.53 -233.39282248180766 -12.931374438716105 -3.429197726432369 0.2563058262836779 -0.20465713425374601 -0.7074683724762958 -0.6260281804821782
123.63 -233.47214199750286 -12.527131408470916 -3.418331597934973 0.2561577227975286 -0.2003525690529288 -0.7059698960224817 -0.6291649823655814
123.73 -233.5566991123227 -12.124790157766558 -3.411555822797308 0.2813850840187066 -0.2213502300310727 -0.6996686587465383 -0.6182962705085618
123.83 -233.638492702672 -11.73106315928964 -3.389682843285913 0.2707121646615044 -0.20883665116331313 -0.7060711596797874 -0.6201336102031685
123.93 -233.72938250181062 -11.33128358685977 -3.3701904749501534 0.2561013820972034 -0.19554263894419602 -0.7126660178165294 -0.6231230259685261
124.03 -233.81932835393496 -10.92650540039152 -3.353658868196324 0.2712171912645051 -0.21031880272576708 -0.7092482597398826 -0.6157711770118351
124.13 -233.90630741357802 -10.523730854960222 -3.3364559831405174 0.26987882358197285 -0.2099213648516626 -0.7126010801836615 -0.6126158189941754
124.23 -233.99369729748702 -10.12502157874415 -3.324568431842736 0.2593623743346706 -0.20239361439945 -0.7175239111349069 -0.6139441510263578
124.33 -234.08430027909608 -9.73249813151868 -3.310648953765461 0.26388370071481787 -0.20447967777807075 -0.7190750721584731 -0.6094952784666305
124.43 -234.1778796731545 -9.332546941163434 -3.2915091772032827 0.2630078828500382 -0.20529251272215904 -0.720561535498913 -0.6078428344057464
124.53 -234.26352024833298 -8.936899191315705 -3.26886452041905 0.24776484349441946 -0.19609615655721455 -0.7247085114603858 -0.6123368787918512
124.63 -234.35334751013764 -8.545932155212274 -3.2491048834035654 0.25162660295339484 -0.19813280065932953 -0.7246230105964433 -0.6102040138373165
124.73 -234.43500528807448 -8.154593073915345 -3.235954377177488 0.24536354882298347 -0.19325021153401906 -0.7295395541396369 -0.6084596318547255
124.83 -234.52835780844316 -7.757433135232199 -3.215200601182239 0.2331873550656342 -0.18341409006841805 -0.7353449794107108 -0.6093034467794594
124.93 -234.61687816070406 -7.3626157584892935 -3.197042021822874 0.23977617965095663 -0.18561382188330233 -0.7362430995218255 -0.6049801576947472
125.03 -234.7115906722827 -6.965790684632166 -3.182025683210731 0.23826485407771292 -0.19030868364601966 -0.7396130644239934 -0.5999874825140898
125.13 -234.79506051157063 -6.572059239614721 -3.165629999995156 0.22501150703759004 -0.18562633504437553 -0.742845789506858 -0.6025718367552525
125.23 -234.87906205962878 -6.158007591346494 -3.155468679729767 0.22888886369126166 -0.1961031026698176 -0.7378506691942638 -0.6039286805335304
125.33 -234.96718294569467 -5.754649245830485 -3.1456644266776115 0.22348978052518192 -0.19839346580712972 -0.7326166926229598 -0.6115268860941742
125.43 -235.0530294500419 -5.347894358666905 -3.1284211795899246 0.21762360111722412 -0.19392080891135655 -0.7260364548640703 -0.6228208043380931
125.53 -235.14171996146368 -4.937365775997372 -3.1200717918670713 0.22411842169178273 -0.20422139554996474 -0.7196099468993176 -0.6246807816649801
125.63 -235.21954818093826 -4.528045061080429 -3.0961279326378723 0.2172189753206822 -0.19934809046966673 -0.7192859620731704 -0.6290500459829919
125.73 -235.31210091750177 -4.113427430636234 -3.0858257875729143 0.2250166914829801 -0.20969264528086995 -0.7192713525818153 -0.622932744703865
125.83 -235.3939849843898 -3.702983468728566 -3.072370104200538 0.22117421147554964 -0.204093854158601 -0.7218290308987901 -0.6232098499097797
125.93 -235.4872209311932 -3.295763224890855 -3.0553502725637074 0.21863639082440162 -0.20076935989263525 -0.7241305154075307 -0.6225148908991696
126.03 -235.58049837799965 -2.8856996821030183 -3.0323135348910535 0.22236359769144623 -0.20078497926737565 -0.7239972051055256 -0.6213436002098225
126.13 -235.68545803682093 -2.4775776988851725 -3.023100194875568 0.23398265174081606 -0.20424854085185276 -0.7242235363181215 -0.6156581207838483
126.23 -235.7954367781751 -2.0734030218037134 -3.01750342787579 0.23478830130805614 -0.1978788658550084 -0.7308351505234548 -0.6095887062406686
126.33 -235.90596688574283 -1.6707006081369087 -3.0031877509220686 0.2317289621392354 -0.18669626018470603 -0.7393689048217971 -0.6039700465433149
126.43 -236.03569551581325 -1.2685278117087215 -2.9913411647019386 0.2492824678614503 -0.1856760728986316 -0.7445325136642054 -0.590807907247954
126.53 -236.17526523631494 -0.8750808122102316 -2.985798203374801 0.26740084336722836 -0.18352217550255276 -0.7479849285585578 -0.5790811227406352
126.63 -236.31800364403819 -0.4913973811865967 -2.967263095004216 0.2531628018706222 -0.1576866432034329 -0.7586549132303739 -0.5792117410202103
126.73 -236.47847522095984 -0.10807857096788925 -2.9521806440007414 0.2587954172778562 -0.1459224703710001 -0.7641993398261467 -0.572477889220262
126.83 -236.65394777886334 0.28011747475733967 -2.945845947752191 0.277655758898271 -0.1444995036065685 -0.7703021300412868 -0.5555733988069778
126.93 -236.8360482335117 0.6557911009091651 -2.9414873823271077 0.28690527474409083 -0.13356286112696114 -0.7836684045651147 -0.5345186218813763
127.03 -237.03370725825192 1.0055738765949869 -2.9198648687005413 0.282530073826722 -0.11600117902629065 -0.8033438253820475 -0.5112330017404159
127.13 -237.24467170056735 1.3494950628609788 -2.9146406618472893 0.32737929138054217 -0.12300122132435433 -0.805520211532545 -0.4783625068297632
127.23 -237.45403157403788 1.6623728835348095 -2.910965201761412 0.32268836424378244 -0.10819868843836677 -0.8229254088477908 -0.4549275050759029
127.33 -237.66699609259842 1.9636057551777009 -2.9031256886592307 0.30128666277822447 -0.08831736468474377 -0.839778535545228 -0.4429428870233891
127.43 -237.89054890114141 2.2606471126678307 -2.8965372057718146 0.31762713339562954 -0.09003030202741955 -0.8385898324963389 -0.43332971474558357
127.53 -238.12139817329748 2.5442286257182944 -2.895405219992726 0.3280041274469793 -0.08890543393760396 -0.8402806771349792 -0.4224186310139419
127.63 -238.36473587388977 2.8166923294631663 -2.896830938329741 0.33091553881336255 -0.08418398063834356 -0.8468794977615731 -0.40768011951387934
127.73 -238.61637531040392 3.0739660057137197 -2.9042829789066236 0.33805760405011587 -0.07471933113328617 -0.8529928942927829 -0.3905601108471151
127.83 -238.87607610258698 3.292735590956695 -2.8912116747677032 0.33577081361623173 -0.058199360113947614 -0.8630288673135528 -0.37289672751219843
127.93 -239.14589615762276 3.497743192223273 -2.8806710514637173 0.32508405932790563 -0.0421603269147524 -0.8768857667224059 -0.35158813023904845
128.03 -239.42024683024204 3.689117501290271 -2.868359047408911 0.3083825734921508 -0.021108809712462706 -0.8926816304474732 -0.3279849282825692
128.13 -239.72147044487534 3.8746882138444043 -2.8721239511896646 0.3255391633673249 -0.01116580751979873 -0.8976142701585648 -0.29696498087188694
128.23 -240.02507194219254 4.042816671331825 -2.873032465420723 0.32035893719018915 0.0025126034793541965 -0.9094076379308245 -0.2652198828504506
128.33 -240.33905684250163 4.200161398109879 -2.8804259893236948 0.3162063179242113 0.011632343416966824 -0.9193788897641666 -0.23371074033396722
128.43 -240.66964367741622 4.34559917612542 -2.87799755731055 0.31792953399337465 0.019944052191490726 -0.9248211537508785 -0.2079155592345916
128.53 -241.0000793204082 4.476572416244398 -2.8822994763457963 0.3212712744806408 0.023064096744269808 -0.928484874280655 -0.18484765042323978
128.63 -241.3375965695601 4.592802322508166 -2.8827775778393843 0.3080756814141878 0.02946928812606439 -0.935612445273786 -0.16985372479676078
128.73 -241.68583591135933 4.699201925922872 -2.894961249260843 0.3041541301075889 0.03454465412098718 -0.9389096772019407 -0.15730718377335712
128.83 -242.04041911465563 4.782453669220152 -2.8977980830854917 0.3037688460509759 0.040813990269978916 -0.9410479387737729 -0.143134493734857
128.93 -242.40303289484802 4.846665764194959 -2.904297798709433 0.3013636409319994 0.04890007924210293 -0.944342436756087 -0.12249938904297064
129.03 -242.77024096891952 4.89301708799703 -2.9304016168936458 0.3039095503321423 0.05589168994645657 -0.9459983523037482 -0.09799092636789344
129.13 -243.13488519249228 4.922864564769422 -2.9374136330901988 0.27965233450590005 0.06226135001834995 -0.9555430090587979 -0.06968252247264815
129.23 -243.51954594046862 4.932485760416138 -2.950785272693745 0.29272469727306855 0.0704368966400062 -0.9524933516066812 -0.04590545003794807
129.33 -243.89786635245363 4.928929932974012 -2.974179182983154 0.30225804265378675 0.07669751511587455 -0.9498802582134106 -0.022024120472250715
129.43 -244.26610501159757 4.900681735358233 -2.985098436967969 0.27281299429974115 0.08546058073611562 -0.9582628203569268 -0.0013879492222856442
129.53 -244.65687968114798 4.857794592344894 -3.009045577745518 0.2951533970204653 0.09405769316746006 -0.9506001882840893 0.019922465147397945
129.63 -245.0382044888213 4.788561406654679 -3.0240948997829697 0.29570982502079907 0.09944002739373274 -0.9489524143337987 0.04644023759797764
129.73 -245.41286047912104 4.715227935979086 -3.030530935479799 0.28177077259247785 0.10262406918205902 -0.9508222922612048 0.07752741886779156
129.83 -245.7942043509746 4.626007630685891 -3.0510797593788594 0.2888342317248906 0.1062910078362683 -0.9456971796966984 0.10456506371993014
129.93 -246.17108063153825 4.519642035830227 -3.0643038897582846 0.2882270804876526 0.10738337869893147 -0.9428373104604477 0.1282644380039743
130.03 -246.54471684594293 4.401437667978309 -3.0823615719801816 0.28109864134852947 0.1065281163628654 -0.9422979057544477 0.1473430387462285
130.13 -246.92065201358625 4.2727204263868135 -3.098488178029526 0.29551804509198926 0.11256162276184843 -0.9350206747264143 0.16042226759521136
130.23 -247.28833296179872 4.129725751555696 -3.1119500083718763 0.2833766881520882 0.11310500502067126 -0.9358695373291283 0.17621895343745383
130.33 -247.6532170932265 3.9690683120190946 -3.125524763799361 0.27191008161794405 0.10982082815876672 -0.9364029196433493 0.1927533794786931
130.43 -248.03192785779135 3.8062867402392344 -3.141302623222566 0.29195897671532683 0.1108077552935903 -0.9277348035105443 0.20442536935856784
130.53 -248.40732178240546 3.6418434628027225 -3.149014182796729 0.28350958777814433 0.10380609357257686 -0.9289659533991435 0.21417017999779642
130.63 -248.77803323325764 3.464721342100755 -3.1589697459959925 0.28462471557719254 0.10008384701967435 -0.928084721873152 0.2182446880773478
130.73 -249.14829410374765 3.261348165412302 -3.173240470622316 0.28631497864127864 0.10056710914628567 -0.9272247480871346 0.21946356439817716
130.83 -249.51886184244378 3.056778310127824 -3.189422615461738 0.2896806398118049 0.10239421244015225 -0.9248758259116349 0.22406530035071393
130.93 -249.878413353015 2.83734345650014 -3.205592865726717 0.28615684587862417 0.10362999028831879 -0.9235340548207462 0.2333665234261147
131.03 -250.23596316778128 2.604443045941697 -3.2128760961957172 0.2947076284478144 0.11349761897373255 -0.9163779728302125 0.24600226652116147
131.13 -250.57165794538844 2.366043184385221 -3.225590988487924 0.288264054739621 0.11837862439064321 -0.9134786168547172 0.2616240672828947
131.23 -250.90976015322505 2.117461390741928 -3.2337222159553476 0.2736175204384965 0.11957680237831043 -0.9137766533326633 0.2754034652400461
131.33 -251.24025449589382 1.8684654315248799 -3.242167725198185 0.2805118175659287 0.12708701864086247 -0.9075238267076032 0.28559151572976427
131.43 -251.56723674748096 1.6041027182363536 -3.2434404075265926 0.2714298230605518 0.12557990370499292 -0.9065624272225503 0.2978256276533646
131.53 -251.897254340275 1.3355407738408513 -3.26497019200096 0.2832953933730694 0.13227280369784444 -0.8993793502977595 0.30555590282874523
131.63 -252.22146519971662 1.055699421105378 -3.2718022814276178 0.2736291702755475 0.13074943033000327 -0.8991328704784701 0.3155815977965794
131.73 -252.53851836112833 0.7692404285245202 -3.2791500905406115 0.2661124040678338 0.1298760922323619 -0.8985298973895008 0.32397594442319655
131.83 -252.8553398383515 0.47167125909769114 -3.2896583771772705 0.27713021722335873 0.1356280353434531 -0.8915689904369459 0.33152468086381476
131.93 -253.1665890450801 0.17216668493402393 -3.28958111862487 0.2686925751959452 0.131103856785044 -0.8909204961088175 0.341872415359702
132.03 -253.47557151756084 -0.13490320416348828 -3.3069214376680596 0.2624910672426685 0.12827039010688016 -0.8896498943581456 0.3509532904934419
132.13 -253.7836440207706 -0.4466978030938594 -3.320206382480509 0.2840610882112017 0.1363307086457614 -0.8799456221749157 0.35555440942226135
132.23 -254.09208436388346 -0.7622931227253757 -3.331013781064925 0.2710123674897192 0.12605613852778683 -0.8834599987454418 0.36077773936841645
132.33 -254.39330443723225 -1.0819557509105153 -3.3417165217745874 0.26245360438769094 0.12312102640789258 -0.8872558966505437 0.3587984005803483
132.43 -254.6967526355207 -1.4111269420387849 -3.3527954972681404 0.2765161558462623 0.1271251515425906 -0.8823602506267169 0.3589128021055206
132.53 -254.99552520131968 -1.7459635516645324 -3.368485921000941 0.27114211926866816 0.12400717041187069 -0.882490028019036 0.36375200795582946
132.63 -255.29057425947383 -2.084848836125402 -3.380045317518687 0.27242618384584444 0.12483537320379104 -0.8806046198539277 0.36706349238814245
132.73 -255.5935085439264 -2.428413633338425 -3.4009286085685555 0.2745079144031132 0.12627478557892302 -0.8776502537430864 0.3720619781188965
132.83 -255.8907905839401 -2.7771496748275095 -3.4160266316284686 0.28466996433679115 0.13162900331039445 -0.8717244294253957 0.37647488101461735
132.93 -256.18093338242926 -3.1279457343746415 -3.4285556961155277 0.2833678073078291 0.13102593186727382 -0.870940141232573 0.37947089657792143
133.03 -256.4749220681354 -3.481612937843669 -3.444712894856546 0.28710485905157773 0.13328361738480418 -0.8681051949125025 0.38236062534173304
133.13 -256.76970008341254 -3.8356797082396685 -3.45623873471903 0.2884762137037446 0.13462396696074877 -0.8652937571519994 0.38720094974144786
133.23 -257.05119172650865 -4.1914615391190715 -3.4659192744247274 0.281933461001642 0.13289336642359664 -0.8646460734555899 0.3940051324362031
133.33 -257.339636851239 -4.546162356359409 -3.4739987706397435 0.28054535521115487 0.13030437844201323 -0.862621227062243 0.40024953622698645
133.43 -257.62653920909287 -4.909189920955489 -3.4883533345160864 0.28495603997985997 0.13163304395334866 -0.8594214299627797 0.40356858492616005
133.53 -257.91282589847015 -5.274352850690976 -3.508839308458028 0.2794836843904741 0.13049841011932525 -0.8618893971114139 0.40249931958051516
133.63 -258.2012119975105 -5.64263933215642 -3.521461688904335 0.27250241769461847 0.12787403590318905 -0.8647207979553115 0.402055474873738
133.73 -258.4824349658447 -6.018912210608447 -3.535607957304646 0.285589713106362 0.13733192199472005 -0.8570782163091024 0.406196245794406
133.83 -258.76683649299105 -6.389547477292758 -3.544371134492829 0.28456272377588027 0.13877068969477718 -0.8544591734898808 0.41190566002165785
133.93 -259.0545650306437 -6.7641654358027825 -3.5540124275618834 0.27656864675388426 0.13609635251369848 -0.8558209423450591 0.4154011086995402
134.03 -259.34470104358917 -7.134108445628405 -3.574420505806717 0.28755172188011624 0.1397859569548063 -0.8533366421306007 0.4118136334305613
134.13 -259.6391030634953 -7.506088293902014 -3.5744970685247957 0.28702312252574247 0.13768820291085246 -0.856432209365165 0.40642780007850704
134.23 -259.922482573946 -7.874237891316909 -3.5902040739583483 0.2927829954609167 0.14019562940673747 -0.8564824964977719 0.4013241037579551
134.33 -260.20413512618 -8.25241204610603 -3.597060591381714 0.29096464073363754 0.1395811054398981 -0.8579227700152213 0.3997814572192301
134.43 -260.48494256054414 -8.62644092074553 -3.59834440381819 0.2847570056378915 0.13739310680931716 -0.8590857017752817 0.4025025949564765
134.53 -260.7606414349307 -8.995904762018599 -3.607322864618398 0.28653060113945794 0.13721803978585884 -0.8571919088535969 0.4053312911235873
134.63 -261.0316347611014 -9.377724385568115 -3.610126986504497 0.2828131361243807 0.1352279028903209 -0.8566383683877294 0.40975706232033077
134.73 -261.2983816763084 -9.746909564016615 -3.631261189465776 0.2657015779033444 0.1250882028498511 -0.8587500917161426 0.4198855712988769
134.83 -261.5719182975066 -10.129203235840905 -3.630621576213352 0.2572218322773333 0.13000414128287022 -0.8603782162767767 0.42033935957222396
134.93 -261.8419564765503 -10.52459045170912 -3.649135031835222 0.2788806095671497 0.1486464626642883 -0.8535400801055772 0.4142452973761009
135.03 -262.10582730748496 -10.917559474082433 -3.664045333737938 0.2714201771652336 0.1465266271998789 -0.855332525826215 0.4162538951322478
135.13 -262.3720093390502 -11.30672504658008 -3.6730485413241016 0.25434841976689765 0.14161988406644743 -0.8598001041192829 0.41951694930665023
135.23 -262.63348768837614 -11.703728487431352 -3.686630371910739 0.27153568306495107 0.15563306186215095 -0.853123864249433 0.41740435446456164
135.33 -262.88652567108915 -12.10621293243183 -3.6950851088539056 0.27760654554687425 0.16489095703446582 -0.849010829859726 0.41824178287049285
135.43 -263.132032875619 -12.503359685125554 -3.6921689392063763 0.24949287936363482 0.15412576116167523 -0.8561379648188212 0.42547190046942446
135.53 -263.37265387124785 -12.91093794422644 -3.7138777114113233 0.2631637519036998 0.16720238819188793 -0.8479150807004004 0.4287519294274144
135.63 -263.5965178044766 -13.315873450428676 -3.7274111093452222 0.2557020935268769 0.1672662511047685 -0.8458223922955849 0.43729043129103884
135.73 -263.8180036260762 -13.735549837782253 -3.73538211659663 0.2395699467007505 0.1656920131285992 -0.844983959474614 0.4485025146571597
135.83 -264.03140626500493 -14.155643125870998 -3.7514566217252034 0.2486741386483217 0.17705859633758989 -0.8359863028488842 0.45600255227304515
135.93 -264.24946433722374 -14.579587859136517 -3.764299850126326 0.2424064634222235 0.17933483539616418 -0.8320254764162103 0.4656304649600788
136.03 -264.45287982135994 -15.011406376924414 -3.7736610309823275 0.2411482540471815 0.1818261489127984 -0.8263651678219606 0.475297149741212
136.13 -264.64542721161 -15.451263798771134 -3.7867127857073397 0.2479026884229558 0.1882354304209284 -0.8186900651967772 0.4825538902081461
136.23 -264.8387885002684 -15.88825869991864 -3.790382809355983 0.23882429244465703 0.18454175872970643 -0.8172216002380741 0.4909746966265952
136.33 -265.0230044445048 -16.33304848012414 -3.8040477722091905 0.23960101860730584 0.18743518990804758 -0.812928894283907 0.49659441630451306
136.43 -265.20158433166165 -16.790392748539027 -3.8290092417168204 0.2521832424902435 0.20025144040239193 -0.8040502580138095 0.49980611782150164
136.53 -265.3757304847015 -17.236174911162884 -3.8366424189111155 0.24611931693892866 0.1964274535185839 -0.7990213089960368 0.5122562689747973
136.63 -265.5346574134785 -17.687311227425266 -3.845486263880927 0.251385502934867 0.20299057280737523 -0.7913762285955155 0.5189641809214351
136.73 -265.6807359030255 -18.137196105498134 -3.8609320199142565 0.2784104303194915 0.2285746635604332 -0.7745460022283611 0.5199228268691556
136.83 -265.8240474116574 -18.568877015146715 -3.871007120478835 0.2592192519796604 0.22023490612578103 -0.7771169302311679 0.5295198223626383
136.93 -265.947006896819 -18.992152607563657 -3.8668468510392344 0.23342102334092246 0.20669138184073185 -0.7811251959620807 0.5409590804935678
137.03 -266.0735336962498 -19.421349237742344 -3.867805331500279 0.24310008971581265 0.2188356541606626 -0.7728970169574898 0.5437310953278767
137.13 -266.1895178965218 -19.835006154011424 -3.871122965048938 0.23815989420006498 0.21914963203739268 -0.7713410724042801 0.5479838077851431
137.23 -266.29965316761326 -20.25677221878606 -3.867910486084155 0.2236172010301158 0.20522271372915762 -0.7748623330847314 0.5544973849709157
137.33 -266.4145129077236 -20.679031019203563 -3.866243380461261 0.22026724251754107 0.20624521266690252 -0.7743766943864278 0.556134866122285
137.43 -266.5179775406211 -21.09630723818468 -3.8765251592926835 0.22980659182712873 0.21346288944088312 -0.7690314862114837 0.5569677714192316
137.53 -266.6179782721315 -21.509567922432016 -3.8778247416829434 0.21073531791711003 0.19714357567034144 -0.7726036051640013 0.5655163177503149
137.63 -266.71836874148937 -21.92739662740769 -3.8810710383222484 0.20252182004170685 0.1893428312373084 -0.7739275026008695 0.569359662589488
137.73 -266.81414810711743 -22.347737405417202 -3.8816955690680097 0.22001896972775395 0.19378862166528055 -0.7673920489466828 0.5702166836268653
137.83 -266.9206388655927 -22.783374378634363 -3.886963295105138 0.21628718965622043 0.18400050133339793 -0.7694352162741551 0.5721303304814527
137.93 -267.0187962274272 -23.21584224732427 -3.8844916092560258 0.2232368368804001 0.18558010053136556 -0.7690187528096187 0.5695046082109789
138.03 -267.1184639640841 -23.64965713097449 -3.9018821600767266 0.23166015862196546 0.185955417975997 -0.7681985749735364 0.5671200074422047
138.13 -267.2193502285774 -24.088186995855164 -3.901170448143104 0.2272777057913235 0.1821846794088954 -0.7700286481767713 0.5676349778034868
138.23 -267.30644270449176 -24.529501993652318 -3.924843768732221 0.24236119461231434 0.19553714684070836 -0.765986952550364 0.5623968919491765
138.33 -267.38337863002783 -24.96353196911945 -3.9277079392214658 0.22773946664091152 0.18673740842773195 -0.7671246200920417 0.5698979670752022
138.43 -267.454623498433 -25.395077014194392 -3.9399903234206617 0.23320425160121785 0.19800427560769343 -0.7575848328711793 0.5766067159509467
138.53 -267.5279058945457 -25.812198254963835 -3.9553437379506615 0.2429714886792921 0.21072617022006987 -0.7465281100284021 0.5824561080551675
138.63 -267.59669476933584 -26.234090085125647 -3.9658300102788897 0.2384581552869847 0.20769380451331654 -0.7435120319040565 0.5892290303080916
138.73 -267.6540459619428 -26.652200661703382 -3.9625667695882916 0.22581388521549775 0.20012358247762482 -0.7465007346024288 0.5930390326262155
138.83 -267.69812781776835 -27.073896692798332 -3.9793787012043653 0.22866642025653672 0.20669493461071575 -0.7425679577161439 0.5946273626622038
138.93 -267.7327739066772 -27.503444196998473 -3.977350796847097 0.22088994719964522 0.20840259745319434 -0.7384435053039238 0.6020607760644716
139.03 -267.75009394729125 -27.92964114597877 -3.98495770173452 0.21095136238178483 0.21307000867068834 -0.7302703806184264 0.6138451476600271
139.13 -267.7598065762952 -28.36758140420779 -3.9884538296649334 0.20000681469590317 0.21987630170270003 -0.7168091653960003 0.6307426626041968
139.23 -267.7620279385479 -28.812301121613668 -4.0009920828825445 0.2090372927864063 0.24137804036732521 -0.6966374486351679 0.64244557513617
139.33 -267.75525669900475 -29.263971821614817 -4.015277476212536 0.20777686585520838 0.24767428769306715 -0.6825439345778502 0.655454040037977
139.43 -267.7464019411984 -29.71299600079844 -4.0289405533868194 0.20154562197189765 0.2472447566575001 -0.6752645034375186 0.6650317608705737
139.53 -267.7271083968888 -30.160798379505977 -4.037756922376701 0.20510426427463652 0.2517993716222974 -0.6678160904353801 0.6697394915805551
139.63 -267.70505901988986 -30.612181044610356 -4.0489867865559095 0.20377956125261046 0.2548022195348779 -0.6657400000866328 0.6710737452921576
139.73 -267.67320775550087 -31.05816643392673 -4.047621521023056 0.19628047628197373 0.2493157116353642 -0.6658638343157804 0.6752340369920345
139.83 -267.6388138788684 -31.51027537981656 -4.062196938134081 0.20651460339337918 0.25976721102829425 -0.6571146986394858 0.6768108949269321
139.93 -267.6002141134287 -31.954103677890075 -4.056722692402531 0.20487546736197768 0.2539280011407819 -0.650473384657177 0.6858797190196652
140.03 -267.54876616660914 -32.40034442220128 -4.058236871048594 0.20554630230214527 0.24996020921669124 -0.6424713904509145 0.6946230084515858
140.13 -267.4996321305753 -32.845352222936896 -4.056056137386874 0.20738105755316222 0.25260175975687055 -0.6367050654365652 0.6984211534477486
140.23 -267.4493874208565 -33.29388580068219 -4.056018632796321 0.2043509323230903 0.25118651745782805 -0.6392419750805589 0.69750679365953
140.33 -267.3891001032947 -33.74194730330459 -4.0584434744382 0.2042335373410537 0.2538591862193104 -0.6400284071023319 0.6958504249472596
140.43 -267.3265361398091 -34.18979010058375 -4.055068527348811 0.19668156486760685 0.24429688780457864 -0.6391888033124764 0.7021916165621682
140.53 -267.26243701593404 -34.644545735470864 -4.069613488833811 0.19587896095328786 0.24420088367227596 -0.6381254507258884 0.703415432163257
140.63 -267.1966901204808 -35.09074246933857 -4.087097890581886 0.1986320895277956 0.24373924472233666 -0.6328828695753206 0.7075279125166118
140.73 -267.1324719883479 -35.538961712271906 -4.090462307578676 0.18517673765809162 0.22818499400134382 -0.6384426470817972 0.7113593822605427
140.83 -267.0566420972849 -36.003064223378395 -4.099094968195156 0.1931348019229462 0.2391315159306315 -0.6388549987318431 0.7052512722216383
140.93 -266.9841798486421 -36.45565918859758 -4.109422389898184 0.19965223240339514 0.24644525855785715 -0.6377680637586162 0.7018943064880049
141.03 -266.9044457381648 -36.91805849431841 -4.124630390906252 0.18396792953556493 0.2332793323171622 -0.642617493226753 0.7062430965432657
141.13 -266.8255781863085 -37.38302794175334 -4.137275644346661 0.1939791452872183 0.24830486410088184 -0.635734102441887 0.7046693810929286
141.23 -266.7423154953475 -37.83911589049705 -4.1478901932471235 0.19736596122010497 0.25335891216489304 -0.6303223822873352 0.7067882521419725
141.33 -266.6607472683471 -38.29822935783307 -4.152425732747207 0.19534555080611102 0.2490338207383767 -0.6272361516928449 0.7116158246682361
141.43 -266.5770085517087 -38.750375649662736 -4.166230597315381 0.20018564646695375 0.2535717136827059 -0.6244818531113423 0.7110903656380445
141.53 -266.49585942762405 -39.213579502159774 -4.166324160851944 0.1967839627462038 0.24957298559868568 -0.6267946718583988 0.7114195922204992
141.63 -266.40700412493794 -39.66247969152313 -4.1756812491791155 0.19365770122889564 0.2472441958452642 -0.6289948161467344 0.7111487352418652
141.73 -266.3190397061224 -40.11758567217907 -4.195540552943588 0.19439964942181398 0.2471008784453492 -0.6281075241694218 0.7117800715515797
141.83 -266.231405145337 -40.57141739017243 -4.203524707417374 0.18944778663078557 0.24058917034693908 -0.6287627439519697 0.7147613581262334
141.93 -266.1314559725705 -41.032009958457856 -4.214376608496268 0.197214005524886 0.24811458306939482 -0.6237571701436214 0.7144737800560297
142.03 -266.0341755134269 -41.48752530783063 -4.220120793026755 0.20064489634132857 0.24854285549521193 -0.6213600304846967 0.7154577465305135
142.13 -265.9368658397128 -41.940329122852134 -4.2289850636510415 0.19272560041556872 0.23941822751100264 -0.623782253546909 0.7186316549108368
142.23 -265.83222925208474 -42.39881600044223 -4.2341491599186245 0.1972486600799928 0.24354833299659392 -0.6228440871852706 0.7168280258538827
142.33 -265.7339662745246 -42.85113437613089 -4.235704891617477 0.19679142583185363 0.24474895672563912 -0.623507287233237 0.7159676987600956
142.43 -265.62343374632144 -43.304170847853946 -4.240164025014057 0.19458301671249978 0.24071375319361832 -0.6235002171655498 0.7179427677921251
142.53 -265.51600732622705 -43.759375286253714 -4.2446414841211055 0.18903083007798652 0.23366269920781277 -0.6241370596482918 0.721194855120675
142.63 -265.40229049169477 -44.22405341071177 -4.256355049704257 0.20119614416386333 0.24637525503876495 -0.6182956626974531 0.7187000895837531
142.73 -265.284631056552 -44.67644450672285 -4.2701286291364084 0.1926997291421471 0.23663128500170896 -0.6207702135568516 0.7221611948225716
142.83 -265.1627109357593 -45.13637302988118 -4.283010395930538 0.19588568209365287 0.2438664712777157 -0.6180810603798462 0.7212029856683793
142.93 -265.0374644650229 -45.59088116240794 -4.284611806385729 0.1962512720343026 0.24837728561919817 -0.6132799027240035 0.7236587062477686
143.03 -264.90874949037766 -46.040701857566084 -4.293320239144352 0.19015959638788502 0.24627311349236178 -0.6097240136213709 0.7289893748785516
143.13 -264.7801282075989 -46.49226296801301 -4.300564369915826 0.1852875907917582 0.2403898534477993 -0.6057494261557385 0.735492256770882
143.23 -264.6459730249338 -46.95699289510348 -4.307669011089201 0.18910018618824326 0.24559554389318755 -0.6020295493332001 0.7358562156651564
143.33 -264.52273282458657 -47.40231500290861 -4.318909964658272 0.19307454417274225 0.24905216609676173 -0.6015539301900543 0.734049118266549
143.43 -264.3903933984442 -47.85172560219503 -4.319818102427068 0.18031669993719976 0.23273338610603284 -0.6090297495651908 0.7364807009419454
143.53 -264.2499283614795 -48.30766525236678 -4.329192789775305 0.18636782561806317 0.23935866054275265 -0.6073681218754468 0.7342196059266377
143.63 -264.12044690786126 -48.754590101542746 -4.341176335075625 0.1850469821432053 0.23370019518429727 -0.6045458599324758 0.7386921797399896
143.73 -263.98331298886364 -49.20585568555982 -4.355454548637145 0.17292819183533908 0.21953712600488912 -0.6064171294908793 0.7444175950594636
143.83 -263.84103400199336 -49.669724640862526 -4.36536840524 0.18538144397604647 0.2393686875473893 -0.6021568563101415 0.7387445242097459
143.93 -263.69807651235504 -50.129198389116965 -4.374185122454501 0.18917383146681868 0.24816073793794538 -0.5999307122699561 0.7366903352898838
144.03 -263.54653010846937 -50.58654929959619 -4.380754588869234 0.18125676870939741 0.23640712675873174 -0.6016011772598302 0.7411704781858864
144.13 -263.3931738021818 -51.049439436998526 -4.392592986764436 0.17662750338555713 0.23350048732550507 -0.6037733942727156 0.7414431440339445
144.23 -263.2472138055911 -51.50785955066936 -4.404624133026032 0.18934296699284284 0.2500637190218519 -0.5977310455903869 0.7377906033670599
144.33 -263.10044283048967 -51.95807104545905 -4.4010763197192855 0.18167384943245302 0.23929517659986949 -0.5990071515510462 0.7422417822240497
144.43 -262.9506993436198 -52.41345317901871 -4.417686255523749 0.18433384725401877 0.24196915153801998 -0.5980500673027428 0.7414904446179248
144.53 -262.80530973655607 -52.8703758962177 -4.426638545394969 0.17874548784060945 0.23024926390634665 -0.6014800519751299 0.7438125261940695
144.63 -262.65763787035314 -53.329625837903414 -4.430838328319927 0.17728810199051942 0.22880928089354557 -0.6047268139641366 0.7419708365848096
144.73 -262.51108126530676 -53.78472712512376 -4.436067525454755 0.19284399225909335 0.2477334006720319 -0.6016350859489495 0.7344893329356428
144.83 -262.35453287782167 -54.241558748299994 -4.448957359159236 0.1935661235845307 0.2448845513453461 -0.6006518653749224 0.7360577755410732
144.93 -262.2052617874688 -54.69095338774964 -4.453620560925121 0.177098990253454 0.22443282872942105 -0.6052509507971738 0.742924720007912
145.03 -262.0460394764054 -55.15157044437839 -4.463969766834465 0.19125979388747458 0.24563309021672844 -0.599785208040095 0.7371172094375502
145.13 -261.8895939435398 -55.6031868727984 -4.468067770547322 0.18777212290372386 0.24690398265865557 -0.6001277859201701 0.7373104459954962
145.23 -261.72939905093557 -56.05409826794716 -4.479303149546535 0.1865834784337814 0.24775035313750723 -0.5977208377895095 0.7392808452597688
145.33 -261.57331798639393 -56.50639712435916 -4.4945588565814845 0.18339419117366887 0.24506928979278952 -0.5959693685456977 0.7423800412184153
145.43 -261.41218314237517 -56.96289258116961 -4.5053341651116074 0.18560045725726515 0.2502534544234901 -0.5932204490768634 0.7423039657795509
145.53 -261.2522215649337 -57.41289842252831 -4.514991359223219 0.18809858859049888 0.25553903265302097 -0.5925075445549965 0.7404414449545821
145.63 -261.1112926824235 -57.8321236529642 -4.514208418539829 0.17781861444487132 0.2414772351154176 -0.5961570097699819 0.7447590919082716
145.73 -260.95046244796697 -58.26002001217393 -4.521712735059258 0.17876461059138646 0.24399804461626465 -0.5970963909269328 0.7429563029987571
145.83 -260.78883746029777 -58.72698828653584 -4.534108297167203 0.18058529519766034 0.24475388888320573 -0.5967820559192899 0.7425198063133851
145.93 -260.63797762300806 -59.18629933500804 -4.54123826945066 0.17806950676331693 0.24176923280275633 -0.5977854759587412 0.7432976614814667
146.03 -260.48046832419715 -59.63361435118912 -4.552240548188335 0.18120426771014417 0.24634776937740524 -0.5948339344940655 0.7434045871937549
146.13 -260.3253705483789 -60.084259219399414 -4.556298522298831 0.1702034944846608 0.23394267357972798 -0.5963062153833697 0.7488127225406506
146.23 -260.1589929993043 -60.54376102812294 -4.581604983264019 0.18488901538398528 0.25418314504606526 -0.5881968829333769 0.7451385157621977
146.33 -259.99796396673634 -61.003460194528614 -4.583689891703042 0.17910685048852387 0.24306076163487958 -0.5883643827100828 0.7501130284295409
146.43 -259.83009259480167 -61.45594765904978 -4.590700297974546 0.17647221717380285 0.24040652537181548 -0.5887904649843567 0.7512576438665486
146.53 -259.66912851665506 -61.908755800762755 -4.604925456889638 0.18532680589852127 0.25298436022613385 -0.5871445632296162 0.7462668091013621
146.63 -259.5080752446044 -62.35713080599068 -4.610124062024515 0.17896552883069805 0.24516701232883711 -0.5893899396995135 0.748654776607419
146.73 -259.3376125797434 -62.81438395496434 -4.622282216723497 0.17741006664509934 0.23969369041448219 -0.5883234519944143 0.7516303073066201
146.83 -259.17753335157073 -63.26558805227149 -4.640803156592317 0.18493015595692874 0.24690836530887963 -0.5850183833709091 0.7500603893529713
146.93 -259.0212567192833 -63.7203912617758 -4.651498328869653 0.18729937588681683 0.24339867987852157 -0.5833765285604213 0.7518961712567724
147.03 -258.8675475190974 -64.17684863195167 -4.653546030117656 0.17956330663955142 0.2299482203177419 -0.5866180465431384 0.7554866658990652
147.13 -258.7047562289797 -64.6303445328681 -4.6624097466790735 0.1867382840749028 0.2389565162976283 -0.5858084130507439 0.7515697570941976
147.23 -258.53208417120425 -65.09227521620197 -4.684884275731339 0.18615173422542713 0.2391096859505671 -0.5866693522082674 0.7509947810131699
147.33 -258.37736700235234 -65.54047868357657 -4.690577367364575 0.1734943650978112 0.2289560566874882 -0.5855183367443372 0.7580548177550013
147.43 -258.212051717733 -66.002325110256 -4.702031661686941 0.17785640707944111 0.23134159935041756 -0.582252289277746 0.7588349191369668
147.53 -258.0576778991308 -66.46762272134072 -4.70651357019883 0.18824245884762297 0.24158954804802174 -0.5803535678151042 0.7545786925730363
147.63 -257.90139450204987 -66.92846468271115 -4.7204431887528315 0.1860527757969401 0.23436312886146904 -0.5845749162429813 0.7541421986257151
147.73 -257.7415535623157 -67.40520185713203 -4.740155948543554 0.18948355081451956 0.2344865232705338 -0.5862184295451568 0.7519707489236724
147.83 -257.58396273090506 -67.88173768876042 -4.762186888907846 0.20549208480010778 0.24991904059845357 -0.5825608751457982 0.7456113618905063
147.93 -257.42619272016464 -68.35452701698439 -4.769525158901655 0.20130026129389897 0.24301395775818013 -0.5881111435857388 0.7446795981682243
148.03 -257.27708270796415 -68.82369827651591 -4.778451640136217 0.2071897703935604 0.25197935676989935 -0.588212428600801 0.7399898253662945
148.13 -257.121088546573 -69.28726617923431 -4.781527985821105 0.20001260624441744 0.2417556129781721 -0.592296353400804 0.7421146883635802
148.23 -256.9727415865678 -69.75922432942724 -4.799987902817902 0.20506241563933408 0.25009025598047546 -0.5912808163613382 0.7387768714292907
148.33 -256.81072816639534 -70.23737402352029 -4.823121099385241 0.20399371914545877 0.2509201287917982 -0.5930931217978156 0.7373372365427049
148.43 -256.6633196545237 -70.70544718657283 -4.830108527176666 0.2002962067687966 0.24732732827839565 -0.5961538804979591 0.737096447561598
148.53 -256.51003526800366 -71.1788346482541 -4.838668987806523 0.21218443135396034 0.2603386748961315 -0.5935041227404049 0.73140576818512
148.63 -256.3676849827029 -71.64546909568116 -4.838357725969911 0.19830964560699715 0.23895394994441416 -0.5993296672993429 0.7378199266488055
148.73 -256.2225077390476 -72.12262267329639 -4.852515606496617 0.19749756233782126 0.2367097854668371 -0.6009043673753904 0.7374802584503833
148.83 -256.0707191325472 -72.60393714542624 -4.873349143776811 0.21109425108507893 0.24854633565026824 -0.5961788636526955 0.733644804198486
148.93 -255.9297456087873 -73.08136132671711 -4.894106086956496 0.20263240276539926 0.23507881968026562 -0.6011827414120731 0.7363812662714327
149.03 -255.77281677123653 -73.56434816698138 -4.897793938339782 0.19857797926799534 0.23868847731062828 -0.6054259535796152 0.7328396903014921
149.13 -255.62204340742215 -74.04550959998508 -4.910123929575753 0.20648860451328 0.2532720787115658 -0.6020389599116832 0.7285360671234742
149.23 -255.46951110797087 -74.5296842276053 -4.93163715514431 0.20266239055125496 0.2514088066868964 -0.5994247988490644 0.7324011727878923
149.33 -255.3180906168082 -75.0107198870419 -4.94811091006999 0.19692738263995396 0.24639086355399903 -0.5956860221108714 0.738694328789262
149.43 -255.16795943271293 -75.49950814438658 -4.9528777763043506 0.1844283302384797 0.2299417079505994 -0.6011045350517088 0.7428232225034949
149.53 -255.02150733895365 -75.9905381541007 -4.973220311218754 0.2073662251612654 0.25852480768411734 -0.5947384545325236 0.7324277050839372
149.63 -254.87847752306052 -76.47856859145251 -4.998334481790912 0.20869882397123857 0.25739326461318446 -0.5950419599918427 0.7322011841385232
149.73 -254.73675239262053 -76.97850048970187 -5.024224304963382 0.19839925604696457 0.24279823526979225 -0.5981502311408862 0.7374978326313848
149.83 -254.59491852021284 -77.47987680758528 -5.0422371943464155 0.21369645862603978 0.2626484840691577 -0.5945907697627291 0.7292540119189117
149.93 -254.45159340949277 -77.98035369911784 -5.051694001080672 0.22284102780144083 0.2706543306717027 -0.5924970147259035 0.7252829772977871
150.03 -254.31947767361876 -78.4699109024047 -5.062922140455716 0.21043074078485152 0.248724708052249 -0.599594503364267 0.7309865624431274
150.13 -254.18478053250922 -78.97346157079389 -5.07808702581326 0.21536159175355432 0.24810436782116052 -0.600467104409579 0.7290424294836438
150.23 -254.05374036106713 -79.47148098304116 -5.100929456018921 0.23093797786072823 0.26397907560151584 -0.5973551535796757 0.7212139200805605
150.33 -253.92316050297154 -79.9746464968223 -5.122554494217603 0.22610901055671212 0.256812383389292 -0.6023120662121587 0.7212089086930472
150.43 -253.78622060301367 -80.48059594744883 -5.134152443344842 0.22726772276273197 0.25784258738993787 -0.6024783747981165 0.7203376917938729
150.53 -253.66094597827092 -80.97849093930448 -5.1414062741801905 0.23676942577389512 0.2660800535391975 -0.5960206736078111 0.7196533893197259
150.63 -253.54166993880713 -81.48243713943536 -5.150561544255242 0.2343885063659508 0.2533491027982474 -0.5961869123966698 0.7248706268581914
150.73 -253.42883663251428 -81.98033891066602 -5.163989802197658 0.23493521485201455 0.24621422267441428 -0.6004658416795042 0.7236192191694444
150.83 -253.31062261384628 -82.48331054861062 -5.180602672687762 0.23739796100322008 0.2427007946926946 -0.6065516109738335 0.7189114518437548
150.93 -253.1999257879087 -82.98537697485803 -5.189484151485851 0.2422752594282734 0.24766748240902473 -0.6119997873709884 0.71092881295106
151.03 -253.08624962188156 -83.48680044769785 -5.2033371629309615 0.24661611136920636 0.2545880077847015 -0.616908735590887 0.7027012536327235
151.13 -252.97654478881321 -83.97852493597605 -5.214218903229705 0.23034778804001174 0.24258956785113753 -0.6256368672139596 0.7047472656900304
151.23 -252.86115648903453 -84.46469484226158 -5.225616411934081 0.23156176988569968 0.2473809954804337 -0.6251347974877921 0.7031274953892852
151.33 -252.75056989948584 -84.95779848076162 -5.2390026975665265 0.22899375746087475 0.24562515999971613 -0.625348111960872 0.7043932699039909
151.43 -252.65677110026164 -85.44954894212842 -5.255608965676368 0.22135740298005344 0.23423502010991074 -0.6283865461027159 0.7080008504070706
151.53 -252.55046166448057 -85.94066611416298 -5.272575906188937 0.2208311927565663 0.2333217916198872 -0.6317690195719062 0.7054519344152023
151.63 -252.44966151895431 -86.4428235591305 -5.287562059317324 0.22751864971423713 0.2401293126767255 -0.6325589996353934 0.7003158496035087
151.73 -252.35462840307025 -86.93525621847708 -5.3025067806972705 0.2288218861291018 0.23900964102765043 -0.6338170269073705 0.699135832529313
151.83 -252.2594352740548 -87.42573205322418 -5.311801543632966 0.21815060021714167 0.22848856290247593 -0.6390142654674259 0.7013302080880222
151.93 -252.16396846058353 -87.92037212452928 -5.325963578634811 0.22027358931893634 0.2293666016302486 -0.6390839788280053 0.7003157687147343
152.03 -252.0676129196582 -88.40842600810618 -5.34883057069792 0.22454921510131265 0.22772427529502715 -0.6368741704767765 0.7015059482415362
152.13 -251.9840189140474 -88.90163596328064 -5.368408466683313 0.20820569705686912 0.20901122406700098 -0.641983226441182 0.7076879488130678
152.23 -251.88914867738302 -89.40705995228053 -5.392027690916545 0.21774990983095704 0.22005375521589338 -0.6393368960520552 0.703853432847008
152.33 -251.79468235428607 -89.91571894179728 -5.41927041795718 0.22788388898602308 0.23322607100257767 -0.6356710113208867 0.6997120109813665
152.43 -251.71056487666357 -90.41234741705743 -5.4300651091133725 0.21610049352351438 0.2219037694696166 -0.6383008007915426 0.70472078265292
152.53 -251.62520703058138 -90.91349671498 -5.4481432721486724 0.22313921363307027 0.2300542319762916 -0.6365991551527143 0.7014452632585554
152.63 -251.5379913455875 -91.42226675128936 -5.468846254485112 0.22332844194522972 0.2287469607401225 -0.6396263243769991 0.6990546474592978
152.73 -251.45380771156417 -91.92563068148586 -5.480880119182971 0.21401514567404775 0.21632609840788725 -0.6482735997218555 0.697955497487773
152.83 -251.37307060520703 -92.42242659283849 -5.492459110668297 0.22223303322632315 0.22718825652198232 -0.6495891862942411 0.6906749337359188
152.93 -251.29427892662227 -92.93563873799552 -5.515108843366137 0.22595531691765586 0.229599591670644 -0.6500096547546141 0.6882700567270834
153.03 -251.22113040171632 -93.44336844519374 -5.524476750143815 0.21637962737914976 0.2190539679177756 -0.6542884017720844 0.6907256353294483
153.13 -251.136386065336 -93.9554773125683 -5.5465824848864145 0.22140968126136276 0.22561464762515704 -0.6522056910668871 0.6889873150941765
153.23 -251.05845199599298 -94.45809060529969 -5.552631046300757 0.21863567342908644 0.2259191768375131 -0.651899524753308 0.6900622997003109
153.33 -250.98589891918908 -94.9728588261165 -5.5797266420702085 0.21874812155676948 0.226671863127101 -0.6511735917668452 0.690465117994631
153.43 -250.91560048582454 -95.48757884221912 -5.598900184746342 0.21437916396631307 0.21911481491694673 -0.6533253748305309 0.6922400064598717
153.53 -250.84364903890796 -96.00587071108356 -5.621628449803597 0.23046926703686316 0.23142325933114177 -0.6503339018747913 0.6858520307357494
153.63 -250.78168782330852 -96.51918196606015 -5.632364862648143 0.2281874565474531 0.22139649421496946 -0.6553074253354522 0.6851906707799996
153.73 -250.72048925307828 -97.02883273208195 -5.651098288474413 0.22883204189913964 0.21876899025127705 -0.6591482960030679 0.6821286897506652
153.83 -250.64113260119854 -97.55373704276884 -5.669920251057625 0.23696232925065752 0.22678373717669031 -0.659225498371191 0.676638554448039
153.93 -250.57598603244728 -98.05992824703604 -5.686456268470714 0.23864396410330987 0.22984761277727053 -0.6594331634003435 0.6748088887273671
154.03 -250.508568976301 -98.56912515189917 -5.7036856234507285 0.22926783861237815 0.22614356243118772 -0.6631630468871098 0.6756553267697555
154.13 -250.4354082430965 -99.0790948908977 -5.717195013804281 0.23696152104002272 0.23637023725596168 -0.6611415406733099 0.6714686974700171
154.23 -250.36260417521524 -99.58695932426218 -5.737613447657518 0.22976924427272757 0.23133343817230534 -0.6642436834350789 0.6726598425551497
154.33 -250.2971309944053 -100.0970951351321 -5.754385348728611 0.22732762221404867 0.23072305353916042 -0.6649153317589072 0.6730353826776234
154.43 -250.22417102034774 -100.6090754160097 -5.769816349990229 0.22680804913160113 0.23241611930304848 -0.6640429039422988 0.6734893303246215
154.53 -250.1496419015689 -101.12005142745384 -5.787417472905809 0.22903653789975803 0.24001600004382337 -0.6611303875857417 0.6729347625443219
154.63 -250.073129698075 -101.62635928039906 -5.795409664913596 0.2267803299152271 0.24006748766332944 -0.6590705729318359 0.6756953923373014
154.73 -249.98807375488684 -102.13966899741331 -5.806762551875933 0.2177594190979641 0.23322810921764786 -0.6592542683158874 0.6808592322735751
154.83 -249.90935533691405 -102.64388804822525 -5.839155872431308 0.2256736206242612 0.24351959491128036 -0.6529409416411326 0.6807626242511953
154.93 -249.82541077466232 -103.15227361581583 -5.854430905935188 0.21842956407721598 0.24220002961768095 -0.6506867694732484 0.6857363919340285
155.03 -249.73284097817358 -103.66307376064174 -5.84003548521796 0.20498406247197742 0.2334572434339863 -0.6512295348258468 0.6923722572368134
155.13 -249.63643597969178 -104.17087201112344 -5.843075071736202 0.2351812366028273 0.2738221015522078 -0.6343238845073997 0.6836259592752021
155.23 -249.54363580277973 -104.67534153127306 -5.869491357053653 0.24418483268879812 0.2838151000900122 -0.626821100023823 0.6833140310359246
155.33 -249.45187384517922 -105.17504005661311 -5.871277577735439 0.21489560829566304 0.24755909597910533 -0.6371426735366269 0.6975554351389176
155.43 -249.3593204725872 -105.6761772577488 -5.8686535820146055 0.2072923324373885 0.2428436793883921 -0.6428891746996435 0.6962401491926379
155.53 -249.28243211679072 -106.16842070285989 -5.875526275879591 0.2344242631996813 0.26666877524024474 -0.6373015090133044 0.6839443074874735
155.63 -249.18774981670833 -106.67076715598408 -5.892699637249269 0.23978205980290393 0.2663622697765986 -0.6418092510028113 0.6779650362395877
155.73 -249.09843937699358 -107.15927655680284 -5.889185505999043 0.22520479876857422 0.24965015429028897 -0.6534265165357425 0.6782266483723609
155.83 -249.00782377299657 -107.64785831335527 -5.892025824627417 0.22748218110172702 0.24899928722536782 -0.6554124840471969 0.6757852380731196
155.93 -248.91637664502971 -108.12204353085286 -5.881788679777494 0.2268057877087472 0.24531328530542273 -0.6564413157507489 0.6763618304501672
156.03 -248.8161987501644 -108.59397683382947 -5.882756819224305 0.21517105145173798 0.22750843484112296 -0.6571961487379361 0.685590659779814
156.13 -248.71257344452073 -109.06681422153218 -5.893994789905707 0.2076814212114507 0.21884908040412768 -0.6565787278418611 0.69128711939065
156.23 -248.5997763775426 -109.54805429349692 -5.8903592907003794 0.19458203385697032 0.21170800297109885 -0.6536049059619154 0.7000844095397282
156.33 -248.48450064503058 -110.02651322761271 -5.893219968019798 0.19971780510959294 0.22294131850107046 -0.6443111304715342 0.7037564450700998
156.43 -248.36228338328684 -110.5124709735669 -5.901281148614381 0.19496238398642757 0.22455595146003346 -0.6401646916931566 0.708345580210404
156.53 -248.24797986862552 -110.99887104158229 -5.911903959730297 0.18826027617393906 0.22375255231415478 -0.6376037842190027 0.712709111838358
156.63 -248.1241806698394 -111.4858944203954 -5.919670548738709 0.18992126892384556 0.23104337627604263 -0.6274814737047932 0.7188990680523826
156.73 -247.99764290468642 -111.96774991759987 -5.928739632909592 0.19377485401471398 0.24138816168768298 -0.6143108364084288 0.7258135143546129
156.83 -247.87072780865682 -112.4522836906801 -5.934918559135548 0.19898101414456043 0.25449091744855484 -0.6015644640310185 0.730589573263449
156.93 -247.73534707811365 -112.92619827329351 -5.928788731679588 0.19472990639834606 0.25316242904254527 -0.5966144611290346 0.7362338166962187
157.03 -247.6118217121865 -113.39800243763669 -5.9225863339897735 0.1816741725633164 0.24176890308403653 -0.5985860422842626 0.7417796455197723
157.13 -247.48012106524806 -113.88365364341931 -5.938497406447926 0.19564469956184946 0.25601169508794824 -0.5941560998728965 0.7369936855193386
157.23 -247.35249416309858 -114.3716101784246 -5.946307479954683 0.19702967909014385 0.2541111239973714 -0.5950489186255804 0.7365620317807285
157.33 -247.21563278271017 -114.85291044623605 -5.966187950058099 0.20177892555930366 0.2615989971212248 -0.5930472552524491 0.7342657440891812
157.43 -247.08130966544368 -115.33315273519585 -5.96984084125825 0.20219729240889325 0.25764054694133287 -0.593250865058803 0.7353849431564842
157.53 -246.94206323529613 -115.80365302990856 -5.9808231784256725 0.20149175349736567 0.25674815050929783 -0.5960662075423411 0.7336119796654788
157.63 -246.8087562742679 -116.27859185105449 -5.990484053378672 0.2009206679310712 0.26000167761981874 -0.5986164616027422 0.7305397625942238
157.73 -246.6667489159512 -116.75685532908393 -6.006178072993711 0.203268343204162 0.2688697236059075 -0.5968059386268652 0.7281577603780822
157.83 -246.51385832122244 -117.24258531669379 -6.017636300566127 0.20167219561934752 0.27033762534477035 -0.5950469941944282 0.7294963800713464
157.93 -246.36921782121996 -117.72046418986808 -6.035433874677558 0.21013652290345214 0.2865744129584655 -0.5886451900799128 0.7260954398530135
158.03 -246.22036184170477 -118.19660555260442 -6.048615347226092 0.20328136536583305 0.27580470202539525 -0.589406683123404 0.7315792607265141
158.13 -246.06918880232107 -118.67349070186869 -6.067240089370652 0.20457153369867173 0.2778716889942629 -0.5878766370228959 0.7316685531702857
158.23 -245.9182652341083 -119.15672442748141 -6.080755476699213 0.20787697652654935 0.2801705408584742 -0.5869977342915225 0.7305650488504565
158.33 -245.75648129522332 -119.64142056085163 -6.101426479897299 0.203548903039599 0.2761819074851456 -0.5909136864738082 0.7301454739893801
158.43 -245.5893576426213 -120.12228089064672 -6.123034527733013 0.2102203354907073 0.2918797572002408 -0.5891494047198024 0.7235444677427957
158.53 -245.41209766811755 -120.60050672289256 -6.1393398803411845 0.20256540113461008 0.29410627375759407 -0.5892397323488462 0.7247518856967935
158.63 -245.23592810221174 -121.06120492875694 -6.148850185736809 0.18728570572597977 0.2872771819289319 -0.5835360953131705 0.7361260154622656
158.73 -245.0534597604166 -121.5284065756836 -6.160721188740783 0.18618394167036162 0.29390499675344073 -0.5708155305189708 0.7437237544046804
158.83 -244.8727905197122 -121.98974965020224 -6.181886772385875 0.183547594566006 0.2920131551557004 -0.5599204421390674 0.7533443410684366
158.93 -244.68997540061875 -122.4475036036887 -6.1999303598641164 0.18116675852235345 0.28688723704246627 -0.5537189311529758 0.7604404408705846
159.03 -244.50858084602288 -122.91490205972224 -6.216347330197873 0.1790110383776232 0.2871074922204977 -0.548306525077755 0.7647772817016594
159.13 -244.3165760539922 -123.37292400179948 -6.251604234393349 0.18612889618943673 0.3032449524406855 -0.5416663744267041 0.7615747314860033
159.23 -244.11381918083498 -123.84047028345394 -6.278967465227172 0.1807109561860845 0.3004123658963403 -0.5403479633918464 0.7649313950866171
159.33 -243.91372771296804 -124.30510732283203 -6.299673387774106 0.16459457728552612 0.28427731807589035 -0.545260924535896 0.7712234149259459
159.43 -243.70891540442474 -124.77130804929374 -6.32408038841426 0.17615552419205355 0.3032814996469895 -0.542482537303452 0.7633493695479839
159.53 -243.5164238491068 -125.24346095535137 -6.348040832839615 0.1825804235642726 0.3059335137914953 -0.5425611078327569 0.7607210515935335
159.63 -243.31359972406923 -125.70233132941387 -6.370627444464631 0.17530581977397752 0.29047206199642805 -0.5472274043475835 0.7651379082779283
159.73 -243.10516854113803 -126.16824728469564 -6.389310349764711 0.1784566678429391 0.29311458274577457 -0.5472589955175267 0.7633771354378601
159.83 -242.89277672524608 -126.63718181167943 -6.417582565152664 0.19817922425984333 0.3206556805620331 -0.5383221988797097 0.7537334673400009
159.93 -242.66882924815792 -127.1028971743373 -6.440423898667259 0.18169977644377566 0.30159955106760844 -0.5378166525523073 0.7660131528071367
160.03 -242.44692558642453 -127.5611078794759 -6.464578113567047 0.17197956392420166 0.29425268480802924 -0.5343146237414421 0.7735284545068458
160.13 -242.2129611774258 -128.0205762086741 -6.4890768526171865 0.18429672003932146 0.3146898223866516 -0.5225434593802478 0.7706837014806586
160.23 -241.98428693329942 -128.47213746366126 -6.508153886723763 0.17666725742911282 0.30659591697398675 -0.5193473295470109 0.7778598685751464
160.33 -241.75505939893063 -128.9216207768829 -6.532928087296277 0.17912795580761326 0.30768839451169433 -0.5118094292085783 0.7818517349882846
160.43 -241.51051210821944 -129.37777511887376 -6.544886569622813 0.17692323840477273 0.30504943580950017 -0.5070090419658473 0.7865016470354955
160.53 -241.27061635619765 -129.8117172647153 -6.568835346622335 0.18085987710926504 0.3097021853605274 -0.5010155493100709 0.7876278820512025
160.63 -241.02439054114902 -130.24338167493895 -6.577863017541186 0.16424368326827413 0.29210969619765026 -0.50377726323218 0.7961811395304979
160.73 -240.75409253219158 -130.68344580149792 -6.592498517748543 0.16697053188041625 0.30999307603699633 -0.49481192762042403 0.794472334683375
160.83 -240.49537229369267 -131.113893996678 -6.626895988916075 0.16884576570954674 0.31684689745606914 -0.48682049041463615 0.7963070771297173
160.93 -240.23122821266514 -131.53571896339932 -6.643061403598227 0.15080687849399657 0.2883906040759948 -0.4872231054401752 0.8103713904160311
161.03 -239.96824748779704 -131.96224769016627 -6.66312321821309 0.149493744884356 0.2925493306461342 -0.4813224887530412 0.8126470151298956
161.13 -239.68524937495258 -132.38807221733558 -6.681633253906394 0.14910501955968633 0.29676068518837867 -0.47649103025431866 0.8140375218353314
161.23 -239.39691307069916 -132.82921931394634 -6.716421858471942 0.1435865416746741 0.29171537265752623 -0.4741735927782115 0.818195850830955
161.33 -239.09601861305222 -133.27051120216515 -6.74702651550639 0.14583100965196863 0.3020871199949709 -0.4659365647512761 0.8187672478701205
161.43 -238.79140118932125 -133.70763863033295 -6.788851038371063 0.14616750880662205 0.3069334034916656 -0.4564098084258069 0.8222633592487306
161.53 -238.47783352716306 -134.1400003009979 -6.805591987177363 0.14375219426839408 0.3117096794421792 -0.45111623433758796 0.8238121906734266
161.63 -238.14957849527326 -134.5753445299825 -6.827160226591874 0.136268909349304 0.3065463855125306 -0.4455117499818487 0.8300478169973491
161.73 -237.81728803667022 -134.99908907515197 -6.850787761916734 0.13400076091948493 0.3113518994987905 -0.4374852275394491 0.8328928301025591
161.83 -237.48654522122274 -135.4076990071001 -6.86370053039964 0.1253660317523854 0.30305405351095216 -0.4318083903894142 0.8402280123410216
161.93 -237.14588775541077 -135.82879627382835 -6.884949185380644 0.12354220227458679 0.30664333841134145 -0.4223291937780676 0.8440054735295618
162.03 -236.79962532132654 -136.23284680256452 -6.907872175310264 0.12133652930573592 0.30770653924755215 -0.4142738939248977 0.8479217376460139
162.13 -236.44665698460557 -136.64171425510122 -6.935422390623449 0.11657508781083979 0.30797194955477913 -0.4075913071382623 0.8517234607163563
162.23 -236.08850510623802 -137.039256808275 -6.960207262096694 0.11476634376946926 0.30965448119315697 -0.40252617143865105 0.8537654654070558
162.33 -235.72536364419065 -137.42828657907086 -6.967147008941196 0.11466493084922305 0.3154775878642617 -0.39627010276459024 0.8545734906043079
162.43 -235.3588908008086 -137.81502472114198 -6.988641192599927 0.11072422486077423 0.3125374213686158 -0.3925465244409486 0.8578856173305207
162.53 -234.98756963827228 -138.1952001764293 -6.998996830817215 0.11226340472373374 0.31913556429014456 -0.3858549779475706 0.8582921155166964
162.63 -234.6115730392998 -138.57159683082017 -7.016636918489652 0.10781422480318065 0.31276684424802875 -0.38319037966669367 0.862390936292882
162.73 -234.22524808113687 -138.93458299936003 -7.030068893788414 0.10528915835014786 0.31204410967234186 -0.378587363333581 0.8649938006002357
162.83 -233.8422281349466 -139.28906225732797 -7.0439647805510415 0.09847099171350852 0.30245701746715153 -0.3730358984557982 0.8715890286362655
162.93 -233.4487553700841 -139.64013587537312 -7.056376730432221 0.09281507962106901 0.2996818132804758 -0.36813801872055213 0.8752431496197882
163.03 -233.0425707175198 -139.98049823609438 -7.059220321426502 0.09244708649445223 0.30468348726810235 -0.3617103091256389 0.8762346495414743
163.13 -232.64546461435506 -140.30409691308668 -7.05010873068846 0.08667295535515139 0.29485786074073056 -0.35643531040745063 0.8823267593494762
163.23 -232.23993854340162 -140.63855615004707 -7.04522943801217 0.08454705341505969 0.28885245195009074 -0.350294702389751 0.886966559820001
163.33 -231.83695055331032 -140.95283891416753 -7.039142597931455 0.08099478919583443 0.2794245987573436 -0.34638769698004673 0.8918392798667703
163.43 -231.40648915826443 -141.27366180422283 -7.052435363837507 0.07762023276435129 0.2764309911517993 -0.34431490160030553 0.8938726168377762
163.53 -230.98412331187038 -141.59942432238316 -7.048705395877192 0.08218435538434724 0.29456718638272 -0.3381838108504166 0.8900042778073131
163.63 -230.5597678275962 -141.90889857503302 -7.041557360157283 0.07512321364709593 0.2760644229007767 -0.33203319854787733 0.8988319599579555
163.73 -230.13197633890366 -142.21604184007785 -7.056011212488326 0.07724860053875404 0.2911407343879945 -0.32928917648641537 0.8948957284196419
163.83 -229.70086039162092 -142.516694223303 -7.068585494490214 0.06919272159172861 0.27873448195444694 -0.33055561875603834 0.8990286084197366
163.93 -229.2610872739704 -142.81535250910628 -7.0618795504464495 0.06596351837139235 0.28464077505640994 -0.32695083277072695 0.8987388922094567
164.03 -228.82480724427325 -143.09898448705673 -7.0678813764405835 0.06800493612880033 0.29739456419980786 -0.31495878243149716 0.898739543591909
164.13 -228.3888893717539 -143.38375754739914 -7.067752891429419 0.06410390446814125 0.28711442793330477 -0.30315310541373025 0.9063962650973814
164.23 -227.94891422502525 -143.67023822390695 -7.070946750915078 0.06542664366897137 0.2854484786769262 -0.2926323727511201 0.9102773284759385
164.33 -227.52076342348732 -143.94644256575685 -7.063105643543086 0.06486929668972329 0.28395679064953827 -0.28517398357646334 0.9131463817385064
164.43 -227.08518912804493 -144.21418352881338 -7.0695939231799505 0.07105188035706042 0.2963584518536568 -0.2770024211621721 0.9112589955566553
164.53 -226.6471252147391 -144.49114350672346 -7.074205270399027 0.07427340259833841 0.2872802912805354 -0.2722309760141897 0.9153380750338083
164.63 -226.20175443217482 -144.7636866941604 -7.084253061743261 0.08734152580309106 0.3106785016289239 -0.26218198959492617 0.9094563930326955
164.73 -225.7543316276633 -145.04059661179312 -7.100121772054552 0.1013488470719907 0.3316901418452181 -0.2540642869417243 0.9028628905324831
164.83 -225.31978327684072 -145.30692371043602 -7.095718211338751 0.09855289164906515 0.3029924771674747 -0.25541466633947707 0.9128232219582381
164.93 -224.8639227140848 -145.56932662947213 -7.099554701833719 0.10187198949884657 0.3180811260700298 -0.2549882502459501 0.9074290535518893
165.03 -224.4094339218357 -145.8262745769814 -7.098997701435508 0.10085375759767055 0.325721541052426 -0.2562834503037388 0.904462708116412
165.13 -223.96022286176887 -146.07435188655236 -7.105752922556145 0.09340817496729428 0.31552565635821966 -0.25755704887121966 0.9085058280527111
165.23 -223.5075527662428 -146.31847327453235 -7.106952037209532 0.09056193622737393 0.3140464048538364 -0.25242256398211554 0.9107448822243384
165.33 -223.05356898785232 -146.55558596310323 -7.102252580872435 0.08819095090701758 0.31657047565033103 -0.2439011245476885 0.9124240963329564
165.43 -222.59544034604662 -146.79255689151714 -7.097471623016913 0.0848599304319486 0.308005178617187 -0.2350813680876316 0.9179696904201834
165.53 -222.1425575442492 -147.0285989043472 -7.097255090770091 0.08160650437261709 0.3010343878936382 -0.23057225690198355 0.9217131387241424
165.63 -221.68563841796885 -147.2594102265982 -7.107924461598203 0.08415739465219872 0.30811390613787604 -0.22757693173845114 0.9198870006203624
165.73 -221.2353941810375 -147.48222580222807 -7.10483424306583 0.08020575928269953 0.28882579891924764 -0.2274387785415521 0.9265086594695544
165.83 -220.7691911558563 -147.70716238630126 -7.1039520562661265 0.07932330347413928 0.293351646383701 -0.2248529368606297 0.9257935957194083
165.93 -220.3118598437228 -147.91866473169222 -7.097872653443659 0.07633819610845778 0.29336541503858066 -0.22410032817886394 0.9262225736745318
166.03 -219.8387899047016 -148.1343982016921 -7.10229492258395 0.07376487717607265 0.2924234776910986 -0.2201656687703006 0.9276714563277069
166.13 -219.3725100233766 -148.3416903954338 -7.1024135754184305 0.07296566254030144 0.2909175991583597 -0.21544283801263994 0.9293155256096017
166.23 -218.89995305492127 -148.5523930988451 -7.10330589184631 0.07312466118203752 0.2981554644123737 -0.21094329060575243 0.9280404253675975
166.33 -218.4326356537055 -148.75805474247835 -7.09807149212219 0.07294882902268066 0.28984021474699045 -0.2110011641807588 0.9306715999610188
166.43 -217.9614832348274 -148.96098536240154 -7.09208350697591 0.07037823944220853 0.2802939387448243 -0.2148610310765711 0.9329077921427393
166.53 -217.49706516278786 -149.15457756436305 -7.097159210032952 0.07207033263219063 0.2903662561206749 -0.21660237292774218 0.9292882849271368
166.63 -217.0171231995113 -149.34698660792742 -7.097528652587912 0.06946923546287152 0.28613337653145177 -0.21682259176919078 0.9307468398320811
166.73 -216.5344905215085 -149.54035910241046 -7.103414321108929 0.06776440590694373 0.2849815569739113 -0.21414431235014464 0.9318453256656323
166.83 -216.06476913444698 -149.7164771984602 -7.1063627369530975 0.06401927427523847 0.29537265596753653 -0.2089244948337206 0.9300575692323727
166.93 -215.5802214681486 -149.8987577576906 -7.093613318168411 0.06026229913693339 0.2951414951682616 -0.20196671624313836 0.9319170556774554
167.03 -215.10258972958138 -150.0686328767773 -7.090260225999936 0.05763395388455945 0.3002270402942635 -0.19239938182032307 0.9324829915397581
167.13 -214.62710496539785 -150.23628234825404 -7.084349652460249 0.052187574065818476 0.2917625901463226 -0.18640292999996272 0.9366989888921962
167.23 -214.15267287448725 -150.41056467585358 -7.080527448722378 0.04968824370227415 0.2922848045221815 -0.18079382766154972 0.9377709013200929
167.33 -213.68224929558102 -150.5716925402451 -7.074379006962199 0.05347796208580111 0.29933952302815303 -0.17385160155796875 0.9366491222224876
167.43 -213.2191742132107 -150.73970299133128 -7.064034667021341 0.05532622833328514 0.2881213975976797 -0.17001183248167973 0.9407555716130488
167.53 -212.74281757902372 -150.9169378590287 -7.072224996814543 0.06053077431837336 0.30318482706274713 -0.16742456973353687 0.9361538332180724
167.63 -212.26874874613074 -151.07726738583693 -7.067959782258485 0.06390708647690245 0.3111751658478556 -0.16433226276479662 0.9338526692536652
167.73 -211.79218992617552 -151.2462136520498 -7.068002100883648 0.06835894579713542 0.31877677520248926 -0.15888392402701404 0.9319143312594693
167.83 -211.3159059441932 -151.4106274523817 -7.0722202488572865 0.07120664381901466 0.3284468850578633 -0.1586275294760713 0.9283800754346987
167.93 -210.8330978464816 -151.58221405712538 -7.0823138851249565 0.07030718107283317 0.340683397378526 -0.16289007920972742 0.923286816290185
168.03 -210.36037256468737 -151.7446224290015 -7.073588757636955 0.07223737384913177 0.34871541549893303 -0.16348631124933824 0.920028014164173
168.13 -209.88789944209134 -151.91864067792275 -7.06914019740296 0.07556439475175299 0.35305515186371206 -0.16282190006226377 0.9182217111615293
168.23 -209.42191383185968 -152.08623791047177 -7.059633716881368 0.0784746246763825 0.33280539581427104 -0.1655319657566367 0.9250305238809965
168.33 -208.95837965035042 -152.25057836534918 -7.058551286953063 0.07778109934797639 0.3289725374022641 -0.17255293764887217 0.9251770932789467
168.43 -208.4857850785269 -152.4178482246887 -7.06673384450953 0.07793110893049844 0.32250455608338213 -0.17633848997413967 0.9267266536147343
168.53 -208.0187240535421 -152.5678172179963 -7.059421926078659 0.07101790437069909 0.31754190626377726 -0.17787022497052596 0.9287011242020197
168.63 -207.55266325250162 -152.71751033367846 -7.061177611595327 0.06741857643232688 0.3350681395062702 -0.17032318343684222 0.9242153918993046
168.73 -207.07973283783227 -152.86843994870895 -7.057117171666977 0.06103062529124608 0.32831422597269777 -0.1669352003542192 0.9276948154879409
168.83 -206.61050795277006 -153.00606905046206 -7.059012080740496 0.05353824445185714 0.31759025096404153 -0.16511340464580454 0.9322057994240762
168.93 -206.12879886685073 -153.15759214357274 -7.065316897451453 0.048887935254426695 0.3398085953777858 -0.1630586146026021 0.9249605269944311
169.03 -205.64357824608004 -153.29591724525386 -7.072872950554444 0.04811926468023781 0.3581214273222565 -0.163770590910281 0.917939416961817
169.13 -205.16701227288328 -153.4294858255453 -7.07582664724503 0.047833491723940566 0.3574945667901936 -0.1680459527364385 0.9174258278214594
169.23 -204.69564993466176 -153.55186519642453 -7.070645594878533 0.04156595650219497 0.32514672403821765 -0.17082602377949596 0.9291772428912366
169.33 -204.21393975470474 -153.66488897370354 -7.061554222508335 0.03440518107118566 0.30644876960096556 -0.1668558164313975 0.9365172564606191
169.43 -203.73228110040765 -153.77281070670568 -7.051890915948423 0.025170585249607094 0.30727010631467205 -0.1514009261465353 0.9391641405875406
169.53 -203.24276428214046 -153.87947404801054 -7.05983242967964 0.02543009350280556 0.34539446400447965 -0.13596437236456516 0.9282077698592093
169.63 -202.7479552205434 -153.97909609317577 -7.074002329395972 0.018770110691039687 0.36622328782116853 -0.1296740795171168 0.921256109615284
169.73 -202.2623079627277 -154.07241316948048 -7.0653705386002725 0.019195804271273046 0.3616706326400482 -0.13142238803567605 0.9227968522416656
169.83 -201.7737644738731 -154.17170379204325 -7.06037639132615 0.018450385862349778 0.3410663217735296 -0.13233115292438027 0.9304954666085752
169.93 -201.29413784879554 -154.25164338107652 -7.047852423396398 0.022561702009894467 0.3308974441562326 -0.12888870063287483 0.9345509905309924
170.03 -200.8095797389058 -154.3323357686146 -7.041742186442878 0.020714954601886 0.3252916052729895 -0.12426163413217185 0.9371847781934819
170.13 -200.3337303364252 -154.39977232181093 -7.030275267880674 0.018353531583841395 0.30351736265966417 -0.1158998622036969 0.9455726203648701
170.23 -199.85141902929 -154.46266401106732 -7.031196255179281 0.01868163280088284 0.31617603857720616 -0.10560924951655648 0.942618902654762
170.33 -199.3736266249997 -154.53627234959535 -7.021924467609899 0.015937409390968785 0.3093585678963932 -0.09516939379273144 0.946037029896886
170.43 -198.88421736932202 -154.60053220255477 -7.026340877528265 0.016548850513560448 0.3192303283454507 -0.09002334727070412 0.9432464842008763
170.53 -198.4002746985265 -154.66145027467758 -7.029837836368362 0.01656544118148393 0.31124824746362045 -0.08844999388209536 0.9460585146763096
170.63 -197.91355078834604 -154.71614983704353 -7.032359759264879 0.017163800722987302 0.31083363720348023 -0.0881803367976235 0.9462093225760644
170.73 -197.42324754501118 -154.78153903478884 -7.023768188035941 0.01809257137905814 0.3201395580894667 -0.08711832933474677 0.943182760074153
170.83 -196.93475487778932 -154.84497982874782 -7.010985364540176 0.020150060184838506 0.31052427192495485 -0.08489120285264452 0.9465527641385107
170.93 -196.44060596903614 -154.90293859237303 -7.0134446854096595 0.02367931634569567 0.3120775606574201 -0.08477466041237408 0.9459704768455944
171.03 -195.95656452407357 -154.9720710319013 -6.991457981058455 0.029649975861606417 0.30433257678552694 -0.08690292878240631 0.9481299713686554
171.13 -195.4614236386666 -155.0349795680163 -6.97952790786074 0.03537113324090628 0.3148176938632741 -0.08901334963240967 0.9443067966244245
171.23 -194.96917549599735 -155.10596639163032 -6.9766129171801525 0.03840592586448432 0.31159853790260195 -0.09160956282059 0.9450074200953519
171.33 -194.4842106516335 -155.16651160450934 -6.9757648938350965 0.03925855116824696 0.31714689388506223 -0.09508774629928313 0.9427804274394704
171.43 -193.99980241563813 -155.23004044981343 -6.958470573583108 0.03919060793915572 0.31259994817035747 -0.09636176051829759 0.9441714779440563
171.53 -193.5186534346036 -155.28874490340337 -6.9465218333761864 0.03713587032856891 0.30799869876345887 -0.0979056394299762 0.9456067969630735
171.63 -193.03323263462707 -155.3477550586639 -6.949575545526066 0.03664782621678569 0.29933653865401355 -0.09678692248165727 0.9485182471079553
171.73 -192.54260701402688 -155.40546775962594 -6.946890716450422 0.034722840593103474 0.2846288712682698 -0.09946768176649029 0.952830997746031
171.83 -192.05310908248418 -155.4638349744241 -6.939455356548628 0.03408155687672982 0.29724983573394276 -0.1008544646080373 0.948846330870088
171.93 -191.56625589880196 -155.52090896422501 -6.934095341104922 0.031440290785133426 0.2870068705362506 -0.1031396534970906 0.9518407305094871
172.03 -191.07735993759587 -155.57926393525946 -6.930562583644624 0.029558628856239205 0.29600844929516035 -0.10327160693403359 0.9491260509580781
172.13 -190.58347403319323 -155.64215399681845 -6.9385605005906195 0.02870103399622816 0.2994971875552492 -0.10055146158186176 0.9483496659290783
172.23 -190.091845124173 -155.6984957446258 -6.936562178054812 0.026926273437011938 0.30439854666527805 -0.09673244943805173 0.9472377388029768
172.33 -189.6020252275164 -155.76272384709412 -6.93325949565171 0.02659917388568516 0.31070885028934936 -0.0898231038574886 0.9458775313505848
172.43 -189.1115834587037 -155.82148058402163 -6.925096038799155 0.022119881955304344 0.3052065609380213 -0.08394293018972035 0.9483212801861156
172.53 -188.6303889507474 -155.87306315336343 -6.904429871786934 0.019878601691127387 0.3083876256736696 -0.0802829179435914 0.9476584651722502
172.63 -188.13678734032075 -155.9316933987704 -6.9068941091975775 0.017428405959496802 0.32964955233529913 -0.07890800982802285 0.9406385859063132
172.73 -187.65629458988516 -155.99395877183176 -6.9041622368138755 0.01793732165824284 0.31188880044317513 -0.07714751427648577 0.946811433016525
172.83 -187.17158776977718 -156.05191679230708 -6.901276694806544 0.017956282474076952 0.3146207585905991 -0.07778305442677518 0.9458547175056159
172.93 -186.6894680206181 -156.10579146237825 -6.8939499372524455 0.017535093319325047 0.3234117924027627 -0.07873495723529109 0.942813947471224
173.03 -186.20919746168218 -156.1646768925212 -6.890165834392671 0.0173002766670388 0.30828002713847863 -0.079560062410597 0.9478050019724337
173.13 -185.72555466519182 -156.2235792915355 -6.884837504040358 0.017343875546587693 0.3124799358093766 -0.07892292927793157 0.9464811941775615
173.23 -185.2464332805347 -156.28346572215352 -6.87466372330671 0.018406813047910357 0.3125135881800087 -0.07884136985359315 0.9464568055837963
173.33 -184.77077936431803 -156.3371577070296 -6.862643859856905 0.022383325240739448 0.3026150228176593 -0.07990143498974445 0.9494940207304174
173.43 -184.29575664588873 -156.40551211155986 -6.8539013494881535 0.026295773288639922 0.307108915579589 -0.0848997676390637 0.947515000268341
173.53 -183.81727891132627 -156.47644548006144 -6.846098113309881 0.02996006657434144 0.29301558564691016 -0.09299680813949388 0.9511024417247207
173.63 -183.33778765540987 -156.54850451192408 -6.844521541917512 0.03447913086250076 0.2924979123579878 -0.09988225778077288 0.950410277396978
173.73 -182.857943756945 -156.61794385856976 -6.845827976834349 0.03918389993227333 0.2904505881530826 -0.10445442806591046 0.9503643250275389
173.83 -182.39154328655252 -156.70655288926537 -6.846512677893465 0.044483452965677246 0.27721650803273024 -0.10555955737539095 0.9539546162858594
173.93 -181.9143568701002 -156.78661443200508 -6.83824586486106 0.04653155111221638 0.28113629989251315 -0.1077338365302158 0.9524655458862116
174.03 -181.42830694836348 -156.87407556842817 -6.8342886487475 0.051219958753924474 0.28186619626997267 -0.11060109967943245 0.9516802824348332
174.13 -180.94563824888738 -156.9633504017209 -6.84788048237493 0.05429611082862274 0.28213753451823387 -0.11721771005889219 0.9506368141479731
174.23 -180.462422415753 -157.05292399031228 -6.852014768840789 0.056548402546958094 0.29112602442681845 -0.12308970105489364 0.947046377726582
174.33 -179.98186797435469 -157.14360263417302 -6.83923703387599 0.05422493795882791 0.2849928572743985 -0.12931933041265894 0.9482168729713457
174.43 -179.4982773965528 -157.23920333246798 -6.835375322096963 0.049811263852320584 0.2883812667329811 -0.13165028280854457 0.9471131326443247
174.53 -179.01842293495574 -157.3326281056622 -6.842937854445516 0.04706295169783198 0.2842209000716546 -0.1300517719775687 0.9487307811731633
174.63 -178.53773268401898 -157.4345734860994 -6.834723579715328 0.045313902921304286 0.2827440326088592 -0.12665979265624702 0.9497156201465761
174.73 -178.05081811910202 -157.53640026396042 -6.830333654536169 0.04690083541411963 0.2978768301483209 -0.12573390462348175 0.9451246959668229
174.83 -177.56910620331686 -157.6465365694824 -6.824520956044157 0.047792120353126404 0.2855711666464747 -0.12897534652383538 0.9484357553368494
174.93 -177.08899855785202 -157.75542016533353 -6.817149669133158 0.04688000766565533 0.2819445233848187 -0.13405465931990823 0.9488618966578851
175.03 -176.606823500975 -157.86193383712856 -6.815184907652189 0.04442124869002405 0.28498046221471873 -0.14260422941157946 0.9468246524962444
175.13 -176.11767700768294 -157.9723017833155 -6.818045764603867 0.04400192816496844 0.29429141977554396 -0.14329555707594796 0.943887055683334
175.23 -175.63537931354114 -158.0821193210272 -6.812872223980191 0.04162488848612682 0.2983658271423739 -0.13960981646702783 0.943267884006557
175.33 -175.15416450343986 -158.19385061004323 -6.815142976248765 0.04289621613135588 0.29925389087346715 -0.13404189661643015 0.9437371421058797
175.43 -174.6760431890687 -158.3105297610273 -6.801201357614333 0.04591139216847551 0.2901412651695185 -0.1321126703089692 0.94670820882615
175.53 -174.19584175589785 -158.4293884111884 -6.800861122479355 0.04708475532702096 0.2931867324967825 -0.13274846569782528 0.9456227633462131
175.63 -173.71567392607037 -158.55363762112057 -6.79852930302 0.049774442030151175 0.2997134308470348 -0.1348377401121051 0.9431400469346785
175.73 -173.2378644449229 -158.67006883533162 -6.800550578266928 0.05117470940857046 0.2897306594338012 -0.13727402502500985 0.9458293377530834
175.83 -172.75813365865724 -158.7928907859936 -6.8003008943003245 0.05321436351288501 0.294741524221142 -0.14043147728039135 0.9437026362178732
175.93 -172.27817487960382 -158.9145082383195 -6.804687293759942 0.0556326512008888 0.29662544359305937 -0.1439246421275079 0.9424457818474492
176.03 -171.79992807930284 -159.03468864711118 -6.8029855365684835 0.06154082276902981 0.28997983170774927 -0.14975633203564867 0.9432377565337834
176.13 -171.3214952884934 -159.16228017353646 -6.803668107472819 0.06583319852699218 0.303033421685153 -0.15504204207877667 0.9379758528349953
176.23 -170.8395935774889 -159.29639360830666 -6.803367799666636 0.06846962129149244 0.30059000980147815 -0.16231880577373956 0.9373420732368382
176.33 -170.36343782461003 -159.4192623875371 -6.79784037161609 0.07096345863795443 0.29960600723282715 -0.17166058968577105 0.9358061070098207
176.43 -169.87384642085883 -159.55045009062692 -6.801881772071008 0.07089333841116553 0.3070569053209331 -0.17958898504778267 0.9319002027648448
176.53 -169.3957824124105 -159.67568441727883 -6.792786283834591 0.06777613895958409 0.30502286527271494 -0.18326580581139706 0.9320842725144833
176.63 -168.9284317317656 -159.79421203237996 -6.785431571184018 0.0632655380842285 0.3153981700390269 -0.18451839324586491 0.9286950137590438
176.73 -168.45569591002746 -159.912956465266 -6.771015506469036 0.05710816321701648 0.309139816313214 -0.18454969557306866 0.9311888323684402
176.83 -167.97629778144474 -160.03771846135567 -6.75592162111506 0.05029361218821821 0.2929293077393883 -0.1812036536495297 0.9374583772863974
176.93 -167.49426401565984 -160.1469886140025 -6.759388905885299 0.050320186888326374 0.30675109819951263 -0.17585860165640915 0.9340478546457721
177.03 -167.0121112453658 -160.2685043094432 -6.753489187449386 0.0458707515863651 0.28947940105306463 -0.16908984552632472 0.9410133764483609
177.13 -166.5294596626884 -160.38357591732654 -6.756439968671885 0.04611754644881097 0.2900530700156246 -0.16389118803170985 0.9417441621638054
177.23 -166.04663740538038 -160.49372880588882 -6.7581315122863055 0.04622915353424081 0.29984588808279966 -0.16060802262230398 0.9392339281737528
177.33 -165.56798234694872 -160.60497486774054 -6.746809869508121 0.04576118845031095 0.2952959345248399 -0.15899044049621575 0.9409719786027297
177.43 -165.07830650821307 -160.72002561218196 -6.751896006360122 0.04389918672702508 0.30058128223217023 -0.15868855632901718 0.9394369038240848
177.53 -164.5985335163445 -160.82901555704166 -6.7497590994252725 0.042458535031926474 0.29977540336946434 -0.15910449270196714 0.9396902365884554
177.63 -164.11044710634286 -160.93923041423224 -6.743385174173579 0.04093479121539344 0.3021701489697055 -0.16212464638910581 0.9384738371275917
177.73 -163.62700887738438 -161.0540749511962 -6.7350929236188986 0.04145301284513925 0.3003060269616411 -0.16323685505822422 0.9388565742685488
177.83 -163.1415193669905 -161.16603656584286 -6.732275768222819 0.0430315862128658 0.2981186937025556 -0.16178754799945286 0.9397331091141843
177.93 -162.66045422673983 -161.27934911464322 -6.734076816948808 0.04549597578737575 0.308553639460725 -0.1605192024137431 0.9364605455752801
178.03 -162.1741148508923 -161.39111502005497 -6.73077696329346 0.04752603679315832 0.29713618570590944 -0.1627139757045872 0.9396677737803323
178.13 -161.6823821247968 -161.51072647466845 -6.73026367667906 0.04896831148943167 0.3009064591721926 -0.1651937335199198 0.9379597207258301
178.23 -161.19345041591873 -161.62390448773922 -6.736400490668742 0.050487940353151475 0.307835862247606 -0.16600801942937446 0.935483504546342
178.33 -160.71164061713966 -161.73643356450518 -6.728009045268517 0.04598686798719489 0.3070294239352992 -0.17158591960043457 0.9349740172890152
178.43 -160.22175453786008 -161.84706122465684 -6.7208071004844 0.04374325027500399 0.29572227649614924 -0.17444225487889664 0.9381922846368327
178.53 -159.73628256609092 -161.95125811493367 -6.70939442244212 0.038015905923424256 0.2965259918052636 -0.1747689293348936 0.9381273625792296
178.63 -159.254617548823 -162.0494365685178 -6.705973841633888 0.031247627116279923 0.30080727469727603 -0.17289958661375837 0.9373602841157668
178.73 -158.76485676260307 -162.15179148842196 -6.700483431164621 0.025909037394952456 0.2910907730113046 -0.17139140228250674 0.9408612389043266
178.83 -158.28239610674896 -162.25121643166588 -6.698826064993102 0.02431220590604954 0.28690847265397257 -0.16612238383732264 0.9431308491145605
178.93 -157.79881843280253 -162.34670653855588 -6.698066746267407 0.0240086930902816 0.3023795101155379 -0.16117869422095374 0.9391547492546755
179.03 -157.30700798550924 -162.4446562859917 -6.70580814360048 0.019418580315294833 0.2891150045713618 -0.15983578897090475 0.9436566925711323
179.13 -156.81593748227883 -162.53649491631796 -6.708719105759317 0.01586896850448034 0.29172707174111373 -0.16066621037358342 0.942777736423676
179.23 -156.32889911408134 -162.6263281020929 -6.707510576162223 0.01316598361952079 0.3097366504160779 -0.15995323735071607 0.9371791857085733
179.33 -155.8400864432514 -162.70330695711885 -6.697473824955375 0.011851229177643375 0.29835799064322166 -0.15590643117028527 0.9415600047294188
179.43 -155.34884798365493 -162.78290127467778 -6.696654841497307 0.008943234405921607 0.29351499818123566 -0.14817463633031142 0.9443586403212552
179.53 -154.84741401005766 -162.8511553579055 -6.702472308105827 0.007870129905630935 0.3127973789288109 -0.14212833375566605 0.9390928588453714
179.63 -154.35028858484807 -162.92318556807112 -6.691818542617826 0.006668625228017012 0.3056410531054478 -0.13622336253995632 0.9423281124918587
179.73 -153.85541272485386 -162.98799309017767 -6.686085737333159 0.010571904269033329 0.3013782004813762 -0.12871389150295692 0.9447180263173233
179.83 -153.36286516718903 -163.04596835614373 -6.673308930079985 0.009984950343627116 0.29077429050462694 -0.11927828094029527 0.949275146858957
179.93 -152.8646120229012 -163.10025882039915 -6.669346542198227 0.011879900701831982 0.3111191307085678 -0.11603412413181666 0.9431860031316315
180.03 -152.354981384639 -163.15992156715106 -6.666006515018399 0.012687589878031947 0.3008561433399796 -0.11441045764212708 0.9466968116877756
180.13 -151.85960921435358 -163.20322466121473 -6.655764681006409 0.011449100092050786 0.29317566296624914 -0.11500683847875934 0.9490470883230733
180.23 -151.3558889858992 -163.24484836704147 -6.655191665829735 0.012983906417465284 0.3110945227334374 -0.1137557559687065 0.943457070609673
180.33 -150.86079691596117 -163.29100172344613 -6.647343237035703 0.013554803405469383 0.3136167129020682 -0.11215984343394261 0.9428048547891628
180.43 -150.3509589548199 -163.33272122665 -6.638467404809401 0.01237773704638003 0.30659205593414096 -0.11049007465518362 0.9453253652930187
180.53 -149.85660842036336 -163.36245523315122 -6.635964434638064 0.009998910309260577 0.3044831741145043 -0.1105169811236726 0.9460317200586319
180.63 -149.34932039670386 -163.40074312587265 -6.641700174015797 0.006439022324764899 0.31139193843969126 -0.1078662452373647 0.9441178278184695
180.73 -148.8482318315927 -163.42895835198135 -6.63923953559844 0.0032622615651244904 0.30539027670506 -0.1035585035788657 0.9465737017686439
180.83 -148.34165857308815 -163.45934721289595 -6.636556894032133 0.0019848583015818107 0.3046527731305867 -0.0988507406764831 0.9473179398855891
180.93 -147.83916300796676 -163.48189099436658 -6.628837820881782 0.004504487329816711 0.30340811272487983 -0.09192284656811585 0.9484057238362898
181.03 -147.33541608288792 -163.51631885732996 -6.623234138538744 0.0066186586225283565 0.2986634420195397 -0.08316497953134737 0.9507049636657158
181.13 -146.8273986324465 -163.54422673560003 -6.6152424043739115 0.008796480352078298 0.30041312217500177 -0.0785037462471324 0.9505323454694474
181.23 -146.320726588875 -163.57469062128004 -6.605730557015603 0.010289296389074982 0.29994430873779715 -0.07605489672519039 0.9508644460277939
181.33 -145.80659028396707 -163.60097735422647 -6.5986496306367455 0.012935645458551014 0.2948812922937721 -0.07607532741964453 0.952412850128409
181.43 -145.29903014599006 -163.6267880709826 -6.590548129896259 0.016926954871789655 0.2765663663187317 -0.07818098602350064 0.9576597812607642
181.53 -144.79429446682425 -163.66552650593044 -6.5831258105838755 0.019378735839312718 0.29191426753312394 -0.08326587630237736 0.9526160395728529
181.63 -144.27449095150857 -163.70784872459006 -6.57963396931177 0.024617738237613436 0.28542825163313384 -0.09025537084141916 0.9538231744762731
181.73 -143.7682321053176 -163.7533067837181 -6.575041860004458 0.029315858160890707 0.2815204621046646 -0.09915822956330486 0.9539677433679494
181.83 -143.24890286324833 -163.80075495995018 -6.569230693367626 0.03363536980649465 0.29231110372512537 -0.11210904210698734 0.9491335223322549
181.93 -142.73081649297478 -163.8483370938664 -6.56673838050846 0.030249401000146555 0.29201688068490916 -0.12084759698760142 0.9482652442415624
182.03 -142.21735494663093 -163.89741932247532 -6.5639364538661304 0.032834508749968495 0.28138475370698285 -0.12598273561270368 0.950722286340206
182.13 -141.6859523420242 -163.93946357605563 -6.5666167045489425 0.0290871897310944 0.2830670685969846 -0.12847153431246003 0.950011597266507
182.23 -141.1651108729993 -163.98076962427592 -6.571002826579251 0.024102218384984206 0.29851364848916057 -0.1306442185037609 0.9451141586634676
182.33 -140.63738888682417 -164.02555531288786 -6.567471101415568 0.02433128448388298 0.3057660967544456 -0.12919832065167278 0.9429861486849649
182.43 -140.1172829020569 -164.07140135992478 -6.561254135985346 0.024270757270473023 0.30365988104410224 -0.12494785450251054 0.9442402451924081
182.53 -139.6090901875628 -164.1171910570164 -6.55066113600907 0.02284660265655781 0.29348798823189914 -0.12221770628534115 0.9478426376677703
182.63 -139.09688018884333 -164.16413920272848 -6.535280980621061 0.023628486518010472 0.29441540823792156 -0.11893419309412653 0.9479535430230825
182.73 -138.58368142538063 -164.20401548048866 -6.5308417321882475 0.019415188906870988 0.2780180292133256 -0.11917809413400243 0.952956246503813
182.83 -138.0665596615054 -164.2457810213453 -6.525445229375349 0.01770268480796197 0.2729905131654838 -0.11292936512317517 0.9552014202068129
182.93 -137.54177549919405 -164.27990001461575 -6.511958599459461 0.01768262806089564 0.26267185420508227 -0.102464770318551 0.9592662782131408
183.03 -137.0172721015684 -164.31821289185058 -6.506999136211474 0.01819225875261508 0.2605647056755237 -0.09170230614600926 0.9609192280963105
183.13 -136.47623948984045 -164.36388294634864 -6.500917883725701 0.013911757889285602 0.2641994460593357 -0.0929756541085018 0.9598753270281857
183.23 -135.93351049239172 -164.40757406015288 -6.496261286160209 0.014456239637116246 0.2504217899330125 -0.09178568404262458 0.9636676462697749
183.33 -135.3798620579103 -164.45265277739713 -6.490098956482755 0.01474713495395363 0.2554147970196854 -0.09685414259027286 0.9618550194998964
183.43 -134.83338387663724 -164.49782190268795 -6.482695508872071 0.020716883683703516 0.2493272198133464 -0.09516757022846538 0.9635091498098985
183.53 -134.28970137133606 -164.53664625027542 -6.4794949896465175 0.026909118200869917 0.2521377292056836 -0.09256492613803158 0.9628780812323614
183.63 -133.737545954289 -164.58236936288472 -6.474805445273931 0.030153482074192994 0.27247957851951554 -0.08767763784902634 0.9576838093180042
183.73 -133.18199793208237 -164.63871740672334 -6.489149794441611 0.03001352137998821 0.2988399708439996 -0.0820690837069413 0.9502939155123712
183.83 -132.64427294051194 -164.68319682407088 -6.5011169978299925 0.028078174854490746 0.29750242831013973 -0.07385325487903506 0.9514460667795014
183.93 -132.10389283748322 -164.7344962518133 -6.501661371354781 0.025686409627857686 0.29237535063302084 -0.0760852186116675 0.9529259689039138
184.03 -131.55861339605002 -164.77015689336358 -6.4930959649213245 0.02147774118531422 0.3026203188747532 -0.07729135258252495 0.9497292751377538
184.13 -131.0126524934107 -164.81811647902092 -6.490166931503719 0.02567198931443172 0.30866573015406124 -0.08468496140224341 0.9470453385690679
184.23 -130.4827592793569 -164.8505444040096 -6.495971938505597 0.016782085488097433 0.29297774856561676 -0.08052043419702473 0.952574858018421
184.33 -129.94036175068945 -164.88707474409114 -6.4800215568597 0.01616445328599394 0.2696427517895076 -0.07536614566909933 0.9598705334285094
184.43 -129.40732706293034 -164.94338508765838 -6.483314449309105 0.023398415305122232 0.2698466171504701 -0.06746499962834625 0.9602519415230588
184.53 -128.87014084272286 -164.99985175746954 -6.485805056298378 0.023938563841149098 0.28264356332296303 -0.06731026322897213 0.9565609702143235
184.63 -128.33692204793962 -165.0545078916452 -6.469741017665046 0.016560201205545844 0.2560446367597882 -0.07310611731526191 0.9637543251958288
184.73 -127.8112476553821 -165.10581495435483 -6.466948519488265 0.011083408714324755 0.23945112409480762 -0.07281970650459348 0.968110328199007
184.83 -127.27402872839492 -165.15500669416787 -6.478414936923099 0.009343583976310441 0.2580869003510112 -0.07202677141492302 0.9633877690240972
184.93 -126.75145745585701 -165.2089140233639 -6.483678623565287 0.006510973273751868 0.2597612964000034 -0.06546209439553212 0.9634294942116773
185.03 -126.22254158082903 -165.25944467126797 -6.476572915357101 0.010024923336175114 0.24984314165428395 -0.06120797262526333 0.9662978265356528
185.13 -125.69223282705985 -165.31519088058832 -6.475906867484815 0.009227057836250344 0.24817157552241276 -0.06403716303125612 0.9665531399035019
185.23 -125.16158417035307 -165.3806760164966 -6.483350906335014 0.00657623406903034 0.26809880857849294 -0.06933761899016672 0.960870478564638
185.33 -124.62463972350051 -165.44472036727453 -6.480531743368384 0.00653479267787542 0.25722983593202814 -0.07228153278955159 0.9636210292478221
185.43 -124.0903997967457 -165.52138368570243 -6.4801428149019245 0.016682342944851082 0.2564912667249971 -0.08248291649519435 0.9628761592303154
185.53 -123.54552343470024 -165.59807271446562 -6.479914912444299 0.019199922187796526 0.2755493120709834 -0.08150911164460842 0.957632604041914
185.63 -123.00461776287962 -165.67694372189126 -6.485766086032626 0.030834567111767557 0.2837667414201067 -0.0782976755497823 0.9551937708854393
185.73 -122.47648974705452 -165.75486360078997 -6.480021483423468 0.03561106649906746 0.2701402094301847 -0.0722494141872303 0.9594457469505074
185.83 -121.9433015973269 -165.83232003162294 -6.480060829068717 0.03324507590044118 0.2725037269874043 -0.06766427917508187 0.9591965539085641
185.93 -121.41602421496975 -165.8996725826181 -6.4900011101319235 0.02829601119801916 0.2902454136322137 -0.0643490767545313 0.954366874915819
186.03 -120.87419558022114 -165.97847082992737 -6.482329494875249 0.02573766585537958 0.2689393342019915 -0.06392488710700074 0.9606887195567896
186.13 -120.33301211132685 -166.06883282311966 -6.4884245352036904 0.03159120641873661 0.2670501014369859 -0.06926806994862919 0.960670689406675
186.23 -119.80003387372886 -166.15193463787685 -6.486612154631268 0.025130618524308184 0.25381169513141805 -0.07437721164479498 0.9640622935345242
186.33 -119.2602590214561 -166.24220752069428 -6.463618577856022 0.026185773669028335 0.21784542639789878 -0.0906414875660802 0.9714122689088709
186.43 -118.7222118816337 -166.32782913712416 -6.474487773473566 0.029598862014072743 0.25903750360276734 -0.10529667413899098 0.9596541509887743
186.53 -118.17438706962322 -166.4246088484259 -6.483972149742301 0.02487915920097078 0.2648528965565194 -0.11583608373324515 0.9569827440076542
186.63 -117.63736532862053 -166.52638387570508 -6.466997598710967 0.024253585132568433 0.23533541966389818 -0.1271245813982159 0.9632592302512146
186.73 -117.10726801206432 -166.63314428782715 -6.451685632580754 0.02698372312730864 0.22778480389801117 -0.1412712088586618 0.9630308444421424
186.83 -116.56720111049084 -166.74649904572627 -6.444619077388052 0.02630469515050913 0.23230228723550286 -0.1472728471648979 0.9610694141663949
186.93 -116.04073845128119 -166.858282592288 -6.446477481815877 0.024842522692804604 0.22767666863671765 -0.15142158852944154 0.9615704270369199
187.03 -115.50512233858814 -166.9696941802648 -6.434946129920239 0.028482956143434088 0.21390258444873644 -0.15298831958348919 0.9643801012290241
187.13 -114.97506372590477 -167.08388247020773 -6.419753261933632 0.027789410449504053 0.2200635541532965 -0.15724835832518513 0.9623267296528359
187.23 -114.44774639983179 -167.20017517000207 -6.410161037744373 0.023860387052361473 0.2184698390250052 -0.1620884755136255 0.9619921712112675
187.33 -113.9094469383626 -167.32957707882406 -6.40424735863688 0.027084445103848793 0.2214089527705795 -0.16537028475464682 0.9606753756533052
187.43 -113.38173955407474 -167.45251092625145 -6.401000200726038 0.026182583028061555 0.21770508975868588 -0.16576769647972162 0.9614780481336784
187.53 -112.85643416924654 -167.57929665599664 -6.387947091653346 0.029501552256016438 0.21826321690969613 -0.16850997080370347 0.960778442877676
187.63 -112.3207211486785 -167.72355730929453 -6.388079177639177 0.0381119253145046 0.23230211151270716 -0.1717551002838813 0.9565999141030869
187.73 -111.79853786571192 -167.87297253260147 -6.383546895617271 0.04338635149766994 0.23525432964426551 -0.1698278946645377 0.9559976522362169
187.83 -111.27282134680087 -168.02613620497436 -6.388031205219098 0.05017944357493105 0.22455835661044196 -0.16665257907798714 0.9587922015773716
187.93 -110.75593606433432 -168.17391137285003 -6.372245630355063 0.05576994762842082 0.2102975938252832 -0.16848898845841626 0.9613927895200167
188.03 -110.22502404272925 -168.3284401653776 -6.369547855725798 0.05817043312427183 0.22281388837974161 -0.17350582481888566 0.9575311486365092
188.13 -109.69785615855497 -168.48890177810148 -6.3729589520685535 0.05321600415587936 0.2285302696341677 -0.17733824889487973 0.9557683392127582
188.23 -109.17879028402952 -168.6492709146584 -6.372063540755031 0.04947766918636695 0.2137439300812394 -0.1782996920222986 0.9592052504183158
188.33 -108.65589795224145 -168.8144950703905 -6.364176591460147 0.04626204404052998 0.21342810105141555 -0.17989399118476213 0.9591383742184418
188.43 -108.12884677420065 -168.98290489953087 -6.37061177765466 0.046187533110610635 0.222326234841506 -0.1829101859600071 0.9565467165582826
188.53 -107.60474594548387 -169.16527859292435 -6.360832820507918 0.04435389685024558 0.22362417603403373 -0.18794764512629253 0.9553536739965879
188.63 -107.07353042218267 -169.34841451382658 -6.372766451219158 0.04799598682175658 0.2198054916675929 -0.19495253018901904 0.9546598567315342
188.73 -106.5515436958237 -169.53764258758787 -6.370654899619892 0.05255038327834187 0.21692508322973858 -0.2016942898054965 0.9536778171599289
188.83 -106.03656562036991 -169.7410385139207 -6.366346228897987 0.05917591446157135 0.21345630225624937 -0.21119701823129855 0.9520138852269615
188.93 -105.52729709321291 -169.94503314873023 -6.368143597558851 0.06429235536665617 0.2183602706889246 -0.21729147809935892 0.9491942365877823
189.03 -105.0062935461904 -170.1499914168954 -6.365044657680004 0.06605849363894772 0.21797140091190248 -0.22365486904225337 0.9476830922604605
189.13 -104.48450174864715 -170.36153211675725 -6.359641413350079 0.06547833987517837 0.2076272172234506 -0.2284941194753913 0.9488909120865276
189.23 -103.97232105745776 -170.5625243941752 -6.350385935607368 0.06251268574387163 0.2009573508437185 -0.23296605502815704 0.94943937377148
189.33 -103.46638415748497 -170.77967985734998 -6.3453160852039465 0.0631008982048112 0.2124423508529009 -0.23503638576878746 0.9463849225207388
189.43 -102.94592327954467 -170.99410636363822 -6.3468492794943145 0.062134210026357405 0.21818242242884223 -0.2362089058620583 0.9448497887383646
189.53 -102.43192995831903 -171.21751806829036 -6.345078722112533 0.06148916076436532 0.21686386045413877 -0.2364276203739914 0.9451407987499608
189.63 -101.9229646298507 -171.43924997192434 -6.342643134748048 0.061809087688666 0.2167021193954629 -0.23788468211811767 0.9447913558782021
189.73 -101.40507573105093 -171.67388152817378 -6.346771568694263 0.06628371124207935 0.2311025111838659 -0.24291957269124345 0.9397809213598622
189.83 -100.89304589899345 -171.9054743337468 -6.341580926398113 0.062171456171096685 0.23774780304452778 -0.24967981965809488 0.9366272897159079
189.93 -100.37353840721036 -172.1400540168623 -6.34636191832226 0.058949873800589844 0.23287886042492745 -0.2575562159333541 0.9359258220501095
190.03 -99.87637647167628 -172.37746302395422 -6.337773269876085 0.05602319481209739 0.2349856790582705 -0.26152819182356385 0.9344763973274374
190.13 -99.37593876185309 -172.61416685300702 -6.334367743543444 0.05413243494735739 0.23565189681728588 -0.2621159944647976 0.934255355060283
190.23 -98.854603496242 -172.85491982205798 -6.336350688553122 0.054939904608089486 0.23569221190031667 -0.2596511783194042 0.9348861180531751
190.33 -98.34699257637932 -173.1010461716955 -6.336999436748233 0.055252819185386194 0.23695110278953968 -0.25527564659839547 0.9357540516143434
190.43 -97.84109270716762 -173.33773752326033 -6.335525720613505 0.05270007068590837 0.23041798862078497 -0.25310309113784885 0.9381199701136939
190.53 -97.3351279585937 -173.58073048494066 -6.34081093033223 0.055277401243091134 0.22689428168605605 -0.2539138815593365 0.9386112798179288
190.63 -96.83632603308081 -173.82726153214392 -6.336895222073264 0.04915417666615247 0.2175671603650514 -0.25312806197793436 0.9413684623388738
190.73 -96.33252234411981 -174.07601422840438 -6.3305152248506324 0.050562232435894236 0.21499044408424073 -0.25508637018328384 0.941357271895361
190.83 -95.82087472895037 -174.32613028528863 -6.328005132158719 0.05451734558458904 0.23952224829050614 -0.2558527706920516 0.934984658341233
190.93 -95.31219561786195 -174.5688463435839 -6.331186441490143 0.04925158595398868 0.2237476929750247 -0.25720440112323056 0.9388062351796622
191.03 -94.80273660498077 -174.8105795272021 -6.319063247352422 0.04629550555788491 0.21280155977630913 -0.2596088522676335 0.9408376406937553
191.13 -94.29740535107591 -175.05443357952475 -6.3173139566219785 0.04448780222091086 0.2189569531658464 -0.26253214635012184 0.9386988655829305
191.23 -93.78466109870148 -175.3015967173751 -6.313502448033863 0.04183820956839123 0.22517993285666604 -0.2647131338402966 0.9367339637438307
191.33 -93.27787244266064 -175.54703621316517 -6.309273582017212 0.042298108405729 0.2260016205692238 -0.2644341494092228 0.9365942121066105
191.43 -92.76144834409297 -175.7987106670691 -6.307659557906258 0.04682328237971274 0.2302041975850114 -0.2630305863135369 0.9357502435505897
191.53 -92.24420074292648 -176.05546089419073 -6.305382794272089 0.05070715191222676 0.24187524357278856 -0.2617586426144178 0.9329563571294276
191.63 -91.73853668679678 -176.30744530869015 -6.298646943001258 0.05302199211700529 0.2400534920101751 -0.2623632060479229 0.9331283606438722
191.73 -91.22547790478242 -176.56320083274576 -6.291010456859647 0.061136390359833266 0.235976249372416 -0.2625672319025409 0.9336144815912695
191.83 -90.71830447811645 -176.81754838084777 -6.2800067898733625 0.06226443759292597 0.22977789061314088 -0.2620993174839793 0.9352161293364463
191.93 -90.21105434831921 -177.07446462728188 -6.28221394424806 0.06422481688329941 0.2338129509083649 -0.2606559619506915 0.9344865683269016
192.03 -89.703050303695 -177.3254149638228 -6.27588927251859 0.06485379714933956 0.24657245137769704 -0.2564850111401472 0.932315102461257
192.13 -89.19066648339418 -177.57218257514276 -6.266741376100984 0.06006362128896398 0.24441905854609344 -0.25384237746826355 0.9339249073765818
192.23 -88.68966513908248 -177.81887386215104 -6.261885096793825 0.05989962687721106 0.24617899109988847 -0.2513428553887051 0.9341491894157296
192.33 -88.1750951547977 -178.07212971532888 -6.261491803739831 0.056301972424243445 0.24750523946498104 -0.2500741644421138 0.9343629683464028
192.43 -87.66674467067837 -178.3181236240991 -6.259354054479461 0.05615093229080634 0.25314765215630103 -0.2479944564484681 0.9334142106168378
192.53 -87.15845590521982 -178.5582542433421 -6.248459267101316 0.054210488092185066 0.2506624381341117 -0.24572609761900896 0.9347985077215318
192.63 -86.64862533982019 -178.8084152250608 -6.250760999508766 0.054944137591468975 0.25993664127587707 -0.24275531527829647 0.9329972889406917
192.73 -86.12814416251193 -179.04931183474332 -6.2488447283110204 0.055612494369816384 0.26764093133960154 -0.23971151969561905 0.9315653330104414
192.83 -85.61225353114082 -179.29280922198143 -6.246597433651231 0.055401026393969766 0.2607305099955003 -0.23905013908524855 0.9337051774705463
192.93 -85.09987886554738 -179.5435613138978 -6.246486905975781 0.057423578210430655 0.26077024306739505 -0.23957102082830056 0.9334383423533493
193.03 -84.58549619061479 -179.78575976157734 -6.236179810220616 0.06023922965853637 0.2615260733059562 -0.24048346939855222 0.9328145845436538
193.13 -84.07205818745089 -180.0279049278627 -6.237094479661811 0.06528541882545263 0.272494873642202 -0.23869649136053075 0.9297894078444203
193.23 -83.56266974689898 -180.2721344539134 -6.2390763092243535 0.06397583262657246 0.2597167715841468 -0.23647692697768954 0.9340947245353832
193.33 -83.04586232337849 -180.5060128788165 -6.231279363826121 0.0669909105396015 0.2625313400297096 -0.23520575923799553 0.9334172508736692
193.43 -82.5256399551365 -180.74349627934816 -6.233949652263926 0.06070061465699096 0.27061599394273544 -0.2345730459347428 0.931696251641889
193.53 -82.00991921181175 -180.96541609208504 -6.234071941734193 0.055724397811943924 0.26951179864194 -0.23328826199611377 0.9326493278269786
193.63 -81.48213181373373 -181.19137224560987 -6.2304601364371015 0.05428749705925404 0.2732734513185995 -0.2294577300147495 0.9325897482837461
193.73 -80.95818395943868 -181.41698856417955 -6.2323154461350745 0.05493464586518593 0.27558966770831334 -0.22572751753930076 0.9327805784650712
193.83 -80.42897359944558 -181.6496903600502 -6.236041372510398 0.05140201975102738 0.2700902996917611 -0.22184330792924145 0.9355183638523306
193.93 -79.89550524980136 -181.86599730279335 -6.230516801762999 0.053293077324124395 0.27794181938718104 -0.2189211809141796 0.933799608852033
194.03 -79.37092788030748 -182.06873876146685 -6.225075811855923 0.051731701135473554 0.28176816902938595 -0.2149580379949485 0.9336613796879571
194.13 -78.84225076404297 -182.28244654553225 -6.229133407221526 0.0528966660827198 0.29031816322975296 -0.21236284896028465 0.931568208558937
194.23 -78.30756713718561 -182.48075927124142 -6.228525980595583 0.04893576909164742 0.28154356125971247 -0.21094362146700538 0.9347947914804577
194.33 -77.77883705141002 -182.68216990656407 -6.2222037951230895 0.043113458693719575 0.26625514365926894 -0.21070013443228092 0.9396035767836699
194.43 -77.2427934825465 -182.8710268282861 -6.219024383144814 0.0415985071921652 0.28073311144883895 -0.20724692658187527 0.9362196300858062
194.53 -76.70013389195563 -183.06302976763993 -6.228792316148155 0.04307739916243157 0.29078778489424034 -0.2038438366936287 0.9338278706912334
194.63 -76.16253920221294 -183.24782867447715 -6.222756282832096 0.04237256839408391 0.2873260139122916 -0.19910568598562478 0.935951522775168
194.73 -75.62530816959197 -183.44344590945468 -6.214764756827144 0.04440594135500775 0.2864900015840009 -0.19566361189602913 0.936839016237355
194.83 -75.08927628037986 -183.62547740211545 -6.225914767675405 0.05088071096867705 0.2921440919323658 -0.19137508754151986 0.9356487367964599
194.93 -74.54941454068077 -183.81029473954948 -6.220082899367991 0.052769495676882924 0.28914495584211164 -0.1871684528399255 0.9373252077580008
195.03 -74.01239456615276 -183.99395197538522 -6.221697758570464 0.05432229697015098 0.2843802076124519 -0.18350539143297187 0.9394161787435946
195.13 -73.4720959606461 -184.17110212013915 -6.222342092747622 0.05910880308605057 0.292337280821689 -0.18277347187305665 0.9368238476997608
195.23 -72.93490619121611 -184.34671542876978 -6.222968762707671 0.05703230239277669 0.2919238237154627 -0.1834260224340698 0.9369539433318687
195.33 -72.4074975982942 -184.51311492979377 -6.213643416403092 0.05341823061364715 0.2740726479259624 -0.18391359310764718 0.9424470630052351
195.43 -71.87432923622889 -184.6837053964532 -6.214273417181306 0.05636613884389984 0.28177903461679416 -0.1825817003786398 0.94025919656715
195.53 -71.33705514741 -184.84934617727464 -6.213073876782134 0.05005341168463798 0.278505993178481 -0.18014460814413377 0.9420599704365921
195.63 -70.80876506037734 -185.00761530091472 -6.202984174350564 0.051363898140020424 0.28520351649502396 -0.17780816346750622 0.9404280733533251
195.73 -70.26023896594478 -185.17686002624328 -6.214413633510682 0.04720659107896386 0.2838361402807894 -0.17616803602329992 0.9413678379426934
195.83 -69.72336384971676 -185.3377723162995 -6.215903372799435 0.04293909697486759 0.279696065790431 -0.17616151823046997 0.9428114680184334
195.93 -69.18350950228742 -185.4968210073522 -6.211139227870807 0.0397401794188246 0.28202904093346776 -0.1755256019281062 0.9423752444104653
196.03 -68.6258973645149 -185.66610977023862 -6.212017725902875 0.042835509528448557 0.29587179710282124 -0.1759987178758597 0.9378962896336881
196.13 -68.08885689956294 -185.82371703918668 -6.213525735851903 0.0402978057045162 0.2824636883634223 -0.17806370314042927 0.9417450128540366
196.23 -67.55887434945818 -185.98440502169348 -6.212306291670408 0.04476121677998452 0.2785422496723131 -0.18010301274390986 0.9423234866119113
196.33 -67.02492319280584 -186.13695406055285 -6.213114426703806 0.04088709001399727 0.28105510628516533 -0.18094850231205425 0.9415911600117358
196.43 -66.50965283975319 -186.27996246566224 -6.206638720957602 0.04202552475401409 0.28163883460752537 -0.17677427234544327 0.9421593701422303
196.53 -65.99237568746902 -186.42818957031446 -6.196253227779077 0.04158289992511582 0.2819757035611425 -0.16722171008944348 0.9438206740211716
196.63 -65.48412097195539 -186.57169849833411 -6.1877914992763055 0.0445732336940361 0.28385837261329294 -0.1591466636125015 0.944515743964281
196.73 -64.98306296890365 -186.70736180137817 -6.185977121459089 0.04920650794956649 0.2919739919668577 -0.15266862966759706 0.9428797362897161
196.83 -64.47705617458078 -186.85666278381902 -6.1855107981828645 0.04868468439754889 0.2820419398892259 -0.14871144636931266 0.9465553609627808
196.93 -63.96667463933324 -186.99334778528774 -6.180578193649934 0.05408063180703312 0.2865134455468838 -0.14384602386965595 0.9456710063236028
197.03 -63.47015938616855 -187.13525830787765 -6.18041497387204 0.05574892019820057 0.2853995202036887 -0.1424596785435807 0.946120717326018
197.13 -62.97606777733578 -187.26522840146035 -6.177129531401795 0.05422886068150473 0.27362837211885893 -0.14059542572756376 0.9499577205882662
197.23 -62.488392860168005 -187.40005180941046 -6.178305494415143 0.055873901770745305 0.2806930711801522 -0.13899284259924047 0.9480350713969131
197.33 -61.98386816533443 -187.53633046610133 -6.166008045109474 0.05230547659743425 0.2736693305859225 -0.13547029596834392 0.9507981034503686
197.43 -61.4791052960789 -187.66519427844176 -6.163666094142279 0.05250037459926557 0.2728366793355562 -0.1322026162962871 0.9514863768444088
197.53 -60.96961480921757 -187.79635408270067 -6.166357462096785 0.05397972742977718 0.28406812639952583 -0.12933169744359435 0.9485066160163717
197.63 -60.455810780210626 -187.93098880436685 -6.167904285880566 0.05140040268508777 0.28061736924693476 -0.13169583016017788 0.9493514096472191
197.73 -59.94753546735773 -188.05008419163113 -6.168515456951346 0.04358756176004978 0.2764779945538919 -0.1348426946796704 0.9505143295494274
197.83 -59.43024598775615 -188.1658989726997 -6.173140434101039 0.04259506276380081 0.28692297301309894 -0.13621319655844244 0.947262811087189
197.93 -58.91453831258742 -188.27466248036487 -6.176319835148154 0.03811101604251146 0.2909682964537821 -0.1344587195504252 0.9464702074824393
198.03 -58.41878360423235 -188.3737244799505 -6.1816412239506064 0.031154908294256205 0.2786668921972814 -0.1346465832399091 0.950391725818414
198.13 -57.92026729587425 -188.45611086226796 -6.181010749241722 0.02399607874317254 0.2728400055734985 -0.13358525327779242 0.9524376618290108
198.23 -57.42499721777996 -188.5334593994761 -6.178232261094886 0.01566560177019653 0.280215981654687 -0.12743061750187543 0.9513122674861124
198.33 -56.9408916159002 -188.59951083381324 -6.174647013811198 0.006210419525000514 0.2778406256603156 -0.11922293668601928 0.9531798931943379
198.43 -56.45261349045903 -188.65529569138363 -6.1815222416321705 -3.517925114938025e-05 0.27900968010934357 -0.10911707061670481 0.9540686883383875
198.53 -55.9649997122741 -188.7100677605136 -6.1828382088688905 -0.004305831269787953 0.26982542475752747 -0.09770133049984792 0.9579301383660792
198.63 -55.49261620487995 -188.75519519405674 -6.173313610660519 -0.0017980684031237574 0.2973206868622567 -0.08524616316895231 0.9509628109336064
198.73 -55.00660073991265 -188.7961511709878 -6.176440047765683 -0.00665632531642399 0.2981435150196912 -0.06800530375625398 0.95207216976761
198.83 -54.5203418655185 -188.8214403633336 -6.159571875983315 -0.011051110036562131 0.2842038245106977 -0.051043205679556614 0.9573404045867941
198.93 -54.02703621718779 -188.8398874167029 -6.163324571063256 -0.012423492276856817 0.3034246643202618 -0.037510057970199226 0.9520357795129633
199.03 -53.53205253413558 -188.84449776371193 -6.162653516378733 -0.014053744314110994 0.3066088563230456 -0.025887771310605903 0.9513796953853899
199.13 -53.04321075856573 -188.84406470466377 -6.1551889155988535 -0.023860335477187935 0.3042703911915185 -0.01704052591580332 0.9521343570692054
199.23 -52.54346174906918 -188.81502026384976 -6.15934233502156 -0.03699578828246149 0.2969262629639889 -0.006853517593609192 0.9541588627205606
199.33 -52.04731204363742 -188.77257714603212 -6.167739625493317 -0.04721150052049944 0.2967340491851576 0.0050944014725013195 0.9537788136388963
199.43 -51.55897563852139 -188.7189247403743 -6.172932508748811 -0.057323392477244994 0.2992582457377248 0.02546821054283126 0.9521081352895927
199.53 -51.065517712780796 -188.64403274004613 -6.173455017444171 -0.06424072228055827 0.2900530253044283 0.05103225430190092 0.9534873261525227
199.63 -50.5833545334101 -188.55266906800088 -6.176935966522555 -0.07121544808615839 0.29355715306819025 0.07382389968185128 0.9504223217455232
199.73 -50.094872471366976 -188.43791721621338 -6.178851756323789 -0.07916957785830717 0.29117724526598804 0.09335544351938699 0.9488059606401862
199.83 -49.624923209049854 -188.30417206503878 -6.17615661986268 -0.08740189883196223 0.2816535990346094 0.10649004643437998 0.9495746564866937
199.93 -49.13825038664878 -188.16770705837973 -6.1765846292797795 -0.09280995976389363 0.2886939428639867 0.12127825449932829 0.945163321182041
200.03 -48.665773235808615 -188.0158099071922 -6.187585126369466 -0.09170155585052261 0.28772745135120714 0.13852153364047262 0.9431943188502695
200.13 -48.19151730821864 -187.8560239883739 -6.174263191055155 -0.0882126542632417 0.26803856997582803 0.15773156223788992 0.9463057681886663
200.23 -47.7206195276073 -187.67779842852698 -6.16481139028176 -0.0827475025001119 0.27598650150953397 0.1711756009227955 0.9421694197240971
200.33 -47.25955549313587 -187.48260423785848 -6.160108790768655 -0.08444209027309665 0.2967300956048697 0.18645820725809917 0.9327669165974589
200.43 -46.80116140296362 -187.27824275435992 -6.159257750731711 -0.08545605978141635 0.28603287911004505 0.20250542232616292 0.9326703639781612
200.53 -46.35214758565924 -187.0619924118346 -6.158904150577242 -0.08708979798980836 0.2863763701472578 0.21833675407932052 0.9288342174605119
200.63 -45.90251835978891 -186.81579048216656 -6.164321034265264 -0.09091815617868748 0.2968378572859789 0.23121640885988817 0.9220412938870328
200.73 -45.48051756737345 -186.55682451856973 -6.154821955098756 -0.09178933974534041 0.26969675665346377 0.2472266770533994 0.9261303076310866
200.83 -45.059595450336396 -186.28834791205506 -6.154617183266246 -0.09789070062339944 0.2753900902839805 0.25756358948750085 0.9209987547630861
200.93 -44.65972926271948 -185.99994266301255 -6.148565817594248 -0.10568172444480464 0.27318691281867485 0.2684936543121561 0.9176663017552069
201.03 -44.26189422879139 -185.7019105115656 -6.127431273350603 -0.11541866207995556 0.26425989140318673 0.2809519556158019 0.9153749182028671
201.13 -43.88301123163221 -185.38875088944252 -6.127638500578018 -0.1220676053320611 0.27387226938522596 0.29866515438331315 0.9060312386156861
201.23 -43.49565097096274 -185.07233037211614 -6.115334035973681 -0.11817339569249997 0.25760108006772375 0.31700924790991997 0.9050866637168139
201.33 -43.13481992343517 -184.74688040235895 -6.107605558816739 -0.11750459493186573 0.25032022460506065 0.33280002326367286 0.9015412357952735
201.43 -42.7618218369899 -184.41529845430944 -6.097231650119324 -0.11552401732954222 0.26456525234495776 0.3415759833146652 0.8944189601603446
201.53 -42.39624393405634 -184.07244353650495 -6.095302384424743 -0.11227652559466111 0.2643921559502872 0.34980643955333585 0.8916985053925843
201.63 -42.04135676072604 -183.72619821089347 -6.089693217779055 -0.109471370132751 0.26104730157052725 0.3545783850296846 0.8911478521175628
201.73 -41.69097211058757 -183.37275137209963 -6.084739484926277 -0.10969766729559825 0.25818855435280397 0.35500639981651194 0.8917822314222416
201.83 -41.34969390357044 -183.00708931903637 -6.0798778760081404 -0.11264115313480749 0.25632795665033686 0.3564290153369125 0.8913844884705381
201.93 -41.020187710525256 -182.63942387833313 -6.070748196817698 -0.11648747081526165 0.2463967936697894 0.36012194376960177 0.8922059598702053
202.03 -40.700854334659915 -182.2542974852829 -6.064527415876873 -0.12310224976662795 0.2423140015398519 0.36966455368787277 0.888525676897908
202.13 -40.38457772657488 -181.87091663544155 -6.049502463869438 -0.12441945174563893 0.23469667133102753 0.3824780595358182 0.8849563867599158
202.23 -40.074486029490785 -181.47708509648473 -6.038024586216175 -0.12844245976148158 0.230442306225045 0.39486318971308354 0.8800465552694994
202.33 -39.761177317411864 -181.07212527063217 -6.031111103753391 -0.1296914957620094 0.2377854566195261 0.40424997713132316 0.8736247183640014
202.43 -39.456567634346854 -180.65956833926052 -6.018069199503479 -0.12011093776027074 0.23316671752980733 0.4142049766419108 0.8715737959529287
202.53 -39.14182649242409 -180.25633289150738 -6.009416387202937 -0.11842210155580028 0.23716343981175586 0.4170527407674908 0.8693656998628873
202.63 -38.837033665925986 -179.83936595322749 -5.997399126342962 -0.11534588236276401 0.2420404452131574 0.41766103430636 0.8681422756237099
202.73 -38.53812572800524 -179.42165791816439 -5.991443704692131 -0.111246175533628 0.25346483764078703 0.4194685940033802 0.8645380056155416
202.83 -38.23751818744311 -179.00027367963688 -5.979953344353284 -0.10678927947014878 0.2476354741537857 0.4206679203889864 0.8662050695340461
202.93 -37.94317085811009 -178.57922702780462 -5.975534860246488 -0.11001483817151297 0.24860537276078096 0.4205785451112852 0.8655667457848897
203.03 -37.65844568545685 -178.15069617668115 -5.963582966262011 -0.11398237198677302 0.24858042643987852 0.4202434460736544 0.8652232292878969
203.13 -37.377439704015124 -177.71973575986124 -5.948796061174927 -0.11382732412573707 0.23426510890709806 0.4212514517082318 0.8687407055415483
203.23 -37.09890497463063 -177.28446063209466 -5.940353993190507 -0.1210722112854291 0.23784512077312556 0.42441948989739003 0.8652394551649347
203.33 -36.83178270618323 -176.84638545341667 -5.934799942294086 -0.12662181837987171 0.24235544827868824 0.43109977335119054 0.8598742566307954
203.43 -36.554900786581875 -176.41035168936037 -5.920440935447076 -0.12198882733217352 0.2329205005671367 0.4364694242411202 0.8604424490483376
203.53 -36.28030843308116 -175.97100484575955 -5.917727974118282 -0.12364901166082723 0.24073353957416405 0.4394144031493266 0.8565472941667122
203.63 -36.00141872668845 -175.53039258197882 -5.910382278784273 -0.11895393479763129 0.24006585635451758 0.4400528608196026 0.8570716572687587
203.73 -35.722391769714605 -175.08953190963004 -5.900799585896004 -0.11750480876858624 0.24728392708263422 0.4375570317576596 0.8564970071648091
203.83 -35.445892493038045 -174.65338102436473 -5.896554441734304 -0.11587928883909418 0.25289073196305506 0.43345347840756554 0.857167632474371
203.93 -35.1701659524623 -174.23268725808447 -5.8848926103113754 -0.1059889314000961 0.24289230457832264 0.43397521922767845 0.8610663063281397
204.03 -34.89440622580053 -173.80291881149537 -5.864828123002401 -0.10480032259775918 0.25094076861496306 0.43271506252002023 0.8595366761800408
204.13 -34.60685868971444 -173.3652722473103 -5.8569797674754955 -0.10858786662124885 0.2656180169033362 0.43226281564032426 0.8548711028767344
204.23 -34.32394485314455 -172.92984392383872 -5.856693503273476 -0.11237477512325006 0.2654168038710393 0.4331403917829063 0.8539995498506027
204.33 -34.052349106225336 -172.50392982175023 -5.848280579169219 -0.10709297880250354 0.24353807154559637 0.4336185128378205 0.8609269927951937
204.43 -33.7711048621004 -172.0759971166901 -5.839058175543782 -0.11433490216137325 0.25008536988023783 0.4281006889157727 0.8608801531394801
204.53 -33.50130967322891 -171.63796066235605 -5.830495273565718 -0.1207559829922884 0.2550888662893109 0.4247214678240403 0.860208891860688
204.63 -33.21677382972884 -171.21366468885597 -5.827285849847361 -0.11973635614922806 0.2445063835523902 0.4256644281333935 0.8629540127029413
204.73 -32.9332164478887 -170.7790661746261 -5.832000658905939 -0.12465536039899536 0.2515976423813069 0.42694248106195387 0.8595811685563078
204.83 -32.65213082658369 -170.3564713633793 -5.825781640985271 -0.11743197619634733 0.24095694676642446 0.4314232873566476 0.8614078174117102
204.93 -32.37130362135179 -169.9287049876151 -5.821329122888639 -0.11841686731508164 0.23441109724948136 0.43450125546825735 0.8615320899525942
205.03 -32.0933622618195 -169.50239812234247 -5.805886044580896 -0.123793197030608 0.24377322832167142 0.43343810537551025 0.858709069668569
205.13 -31.814711617762562 -169.06565985849602 -5.799019222400432 -0.12223652794095446 0.24142618031757027 0.4331517587991279 0.8597390211822602
205.23 -31.527519536327976 -168.64080402974463 -5.795740277389848 -0.12111072034098126 0.23009026369612348 0.43165517649104623 0.8637502373830184
205.33 -31.242797236633642 -168.21523688173684 -5.796031881877778 -0.12561034817810346 0.23324257058874012 0.42517161016642174 0.865476195862269
205.43 -30.958317808652765 -167.78684058713097 -5.787445817224291 -0.12250129825353355 0.2289172497822428 0.4226893678810572 0.8682879838847509
205.53 -30.661613835938855 -167.36005537054905 -5.780771933040159 -0.12211829863557513 0.23214783275674247 0.42231372783095616 0.8676667679300741
205.63 -30.371773207670802 -166.9375484846579 -5.7853262805898344 -0.11830925277206132 0.2394063301511498 0.42137624975466126 0.8666773251532388
205.73 -30.07521082610613 -166.5073068130142 -5.780650786598201 -0.11662451881376891 0.24158593579814086 0.42176957883166755 0.8661093346732566
205.83 -29.788228803270503 -166.08852713059505 -5.771250862650607 -0.11431469949287466 0.23763708316629667 0.4182766055437953 0.8691981635040588
205.93 -29.489133361577625 -165.6700909463079 -5.758047034778025 -0.11356011018289727 0.2376756009014205 0.4132457648411739 0.8716893643679667
206.03 -29.19616527102393 -165.24314957374474 -5.757973626414045 -0.11405818169456827 0.23700399008391324 0.40970156233773286 0.8734783739113718
206.13 -28.901739267257007 -164.8236039067788 -5.75000897774057 -0.11350774058774583 0.23443813570134456 0.41065865817660324 0.8737930074223156
206.23 -28.60527365903827 -164.39853022914983 -5.744997617369219 -0.1126625626008096 0.23798362161088496 0.4155969742756789 0.8706032953108358
206.33 -28.30926213478832 -163.9737691865322 -5.732180064817252 -0.11050661605904635 0.2373290982365253 0.4220120729196877 0.8679683158085002
206.43 -28.013362877509252 -163.55493639753738 -5.7217645565509025 -0.11597287534903898 0.2525566730126817 0.423922947012457 0.8620062378523227
206.53 -27.727576426448863 -163.1257019738373 -5.721006834274351 -0.11401671289571333 0.2502904277032492 0.42352942956569195 0.8631209146303551
206.63 -27.430874443507086 -162.71648399390438 -5.716018307826438 -0.11427483039656026 0.24434671299218885 0.41909454173538013 0.8669461990662178
206.73 -27.14859980264078 -162.3026516864914 -5.712014867954335 -0.11597977740101302 0.24162069482101406 0.4128660563918192 0.8704652494773637
206.83 -26.864767696956495 -161.88655031199974 -5.706080370708841 -0.11203555297341468 0.23499062606437313 0.4114062368440137 0.8734828841011496
206.93 -26.582130460882446 -161.48214028011463 -5.693490624622788 -0.1122714843308839 0.24132048320685928 0.4117521006290199 0.8715616706914878
207.03 -26.293915770500245 -161.06370963742327 -5.703356470322563 -0.10836286581386044 0.22866746714989722 0.4149364717380026 0.8739544628877844
207.13 -26.012549692735707 -160.65104761339697 -5.7018124532584595 -0.11180849909243995 0.23053213852635182 0.41309570224956454 0.8739025880612222
207.23 -25.7294786318731 -160.2351129496017 -5.705327209189417 -0.11404053749599359 0.23900883351348878 0.4138023865564359 0.8709977716333975
207.33 -25.459118150798876 -159.82576305655093 -5.6894588872811465 -0.10751363084801012 0.21873740066257394 0.4195541558074545 0.8743964084315262
207.43 -25.177715828526633 -159.40848659002344 -5.6890126260257174 -0.1119789869541192 0.22411820553397518 0.4208506412991864 0.8718465886536598
207.53 -24.906339956621736 -159.0044149038248 -5.691484624102697 -0.11572276160216254 0.22589321584327474 0.4214317519511515 0.8706180425022996
207.63 -24.637223663925813 -158.58858058021104 -5.693281717967279 -0.11458197537025963 0.2181957221449131 0.42424085669738687 0.8713674846277986
207.73 -24.363282197409752 -158.17483866973666 -5.687512074117112 -0.1137042504084966 0.21775113388498743 0.427685697381354 0.8699084614982596
207.83 -24.074101641564013 -157.7525318498066 -5.685334035318357 -0.11555703543892122 0.2238699769442095 0.42855573953071424 0.8676801156525658
207.93 -23.80040662480476 -157.34065212353343 -5.68607698125538 -0.11130554878327054 0.21851532293445877 0.42852351201710576 0.8696147009460165
208.03 -23.530363579068965 -156.9207185352933 -5.679989848345945 -0.11155977456291025 0.21870133517722146 0.4260220043809576 0.8707636846322914
208.13 -23.246143628794023 -156.50924010739632 -5.673322017891707 -0.11197201139322245 0.22876947329783387 0.42268762131251314 0.8697482230742165
208.23 -22.970280544706775 -156.10663202704467 -5.664103002655891 -0.10881941742622395 0.22411880242832138 0.4198103148593203 0.8727476131888477
208.33 -22.695155613985275 -155.70597584530927 -5.650112887042139 -0.09816500578250666 0.20994396709575985 0.41677049914948844 0.8789707124577595
208.43 -22.416263523495065 -155.3008566124698 -5.6449298375473695 -0.10152799570511829 0.22279017078766253 0.4108550028287626 0.87821112071021
208.53 -22.140809637621956 -154.90201722835636 -5.640360508087408 -0.10468653520523677 0.22951820028571734 0.4087510697008452 0.877088757254785
208.63 -21.872786810559386 -154.50360958917898 -5.631349322616836 -0.10488858956600858 0.22046039932850955 0.4102752123786586 0.8786750515488726
208.73 -21.60618434724495 -154.10416227548424 -5.621577039476272 -0.10600882653930505 0.22119582899724347 0.4098347033035647 0.8785613523813012
208.83 -21.334201220512213 -153.7066970271354 -5.609390318977031 -0.11797512731838403 0.23402749251987043 0.4065203328738358 0.8752452347994926
208.93 -21.076900634425492 -153.31056071765076 -5.607824928627173 -0.12083749441306757 0.2317562132194292 0.40741032953487377 0.8750452450967595
209.03 -20.821540088485694 -152.91385112238603 -5.608726789644446 -0.11623386537911379 0.20884312527445248 0.4092021102885557 0.8805838236647447
209.13 -20.57073586947328 -152.51464266246563 -5.59270696902736 -0.12508838644456496 0.20986369791108153 0.4097406755495142 0.8788758175510402
209.23 -20.31975773954537 -152.11881833668681 -5.589594550669408 -0.12609376963342842 0.20893599150378098 0.413128113308865 0.8773661007286647
209.33 -20.07214178024041 -151.7225952010798 -5.588023234751093 -0.1238792253650896 0.2000761539701537 0.42003611372055305 0.8764662761943505
209.43 -19.82171654356941 -151.32085842930505 -5.573687129130843 -0.11956518450534868 0.19490049662459177 0.4280787177609452 0.8743377919716352
209.53 -19.572724765353612 -150.9101506241125 -5.563581859788393 -0.12305033288807678 0.2099878560725294 0.434595904691835 0.8671159758090503
209.63 -19.32450148686928 -150.50705508657572 -5.5533740255626585 -0.12241203046060775 0.2260537493921943 0.4400405547946708 0.8603948554705801
209.73 -19.081336269399262 -150.11233373215134 -5.552457897864931 -0.11888503194654984 0.2226588489036575 0.44283899723777426 0.860338891780099
209.83 -18.851318334776806 -149.72163494397734 -5.545423727743378 -0.11694764485749336 0.2182670976326385 0.4393660061944298 0.8635046236437106
209.93 -18.618746393207434 -149.3412585844538 -5.536884269171112 -0.11419367133903202 0.22203247207219698 0.4347732022979496 0.8652361812448719
210.03 -18.394552770050254 -148.96246455182683 -5.528031946847479 -0.11410572891093586 0.22412343837487686 0.4337383627524833 0.8652280622341846
210.13 -18.18208902551078 -148.6023846088828 -5.513287977732272 -0.10301781354593267 0.20576591554364768 0.4396792951451525 0.8681761546560478
210.23 -17.966179889238564 -148.23097768178837 -5.489572462815695 -0.10843398608055796 0.20931807942909952 0.44218946715135005 0.8653880559767392
210.33 -17.75301002890824 -147.8546474258237 -5.469512372510299 -0.10914487005985983 0.20754191394826732 0.44496413236935667 0.8643035764122997
210.43 -17.547892368638074 -147.49124841421707 -5.460399156779762 -0.11048438973503112 0.20918244647799403 0.4472996511925472 0.862530536128075
210.53 -17.351263327039185 -147.13242210977094 -5.451310301279207 -0.10954618365227244 0.19762702295710277 0.4497800387611528 0.8640839717159156
210.63 -17.145617255575598 -146.77263129066 -5.429305100748443 -0.10556624484344734 0.18886811350895055 0.45062975383394693 0.8660931985697496
210.73 -16.938037462498986 -146.39842377439695 -5.41067380635681 -0.11260296634135786 0.2075374643657512 0.45169497980010487 0.8603606325716819
210.83 -16.729984248137804 -146.0409804059895 -5.41057495545228 -0.10760639285719699 0.20502848601814244 0.45669930066074615 0.8589586328301012
210.93 -16.52184965442856 -145.6826514321953 -5.39001618897612 -0.095435314908483 0.19278969509489874 0.45668467051307177 0.8632284436068484
211.03 -16.305922022039493 -145.321168671232 -5.376007016720797 -0.09483532932545942 0.20688079882808247 0.4515713375798085 0.8627223901489801
211.13 -16.091211062179852 -144.96483261414485 -5.368707654503027 -0.09340954694772753 0.21000958356421606 0.4447960001014691 0.8656368462836703
211.23 -15.873321420528637 -144.61371330717165 -5.34440780143898 -0.08414089326975294 0.2027887108797378 0.43971192561974687 0.8708906195885201
211.33 -15.649329193269635 -144.2652758837722 -5.3316170023673 -0.09073319607256314 0.22347926655894682 0.43348553088669994 0.868282672325441
211.43 -15.440683863811314 -143.91309290830804 -5.325617960138125 -0.08470781862315162 0.2200968090968514 0.4306935415006402 0.8711400882746285
211.53 -15.222836171037201 -143.5727677477998 -5.308268913712587 -0.08247042469901 0.21168273190901055 0.4298830179422605 0.8738361636750662
211.63 -15.010316985980943 -143.21848052619566 -5.297386356134081 -0.09459794096989599 0.21316116743492658 0.42622222405525445 0.874041281624288
211.73 -14.800027172758645 -142.85701811979277 -5.290606285126857 -0.10235859213397992 0.20923649203545372 0.42527494206691513 0.8745764876024447
211.83 -14.593442116102745 -142.49799443962004 -5.2794860558449965 -0.10743911681385918 0.20788345899342897 0.4305087132792213 0.8717244699134324
211.93 -14.3877403173525 -142.14586712218332 -5.268845285423695 -0.11213118972737912 0.20760138027248162 0.43777682654272776 0.8675711575089743
212.03 -14.193438393963866 -141.7880702198521 -5.252478360045442 -0.11499293476808341 0.20054578795006753 0.4436807129060607 0.8658553209884892
212.13 -13.998952762707626 -141.4239451687113 -5.2418386868084585 -0.12587566036415654 0.2025871193672733 0.44755034686798384 0.8618656880353837
212.23 -13.80574299724299 -141.06432796556615 -5.233569215617085 -0.12704709045799675 0.20353565026474346 0.4508509228023993 0.8597474753005621
212.33 -13.62665351453183 -140.70669549803446 -5.220923334892921 -0.12473422266340102 0.1979112641645699 0.4575205298974764 0.8578738076988198
212.43 -13.439598052381845 -140.35168755135754 -5.205737930354324 -0.12244522227612777 0.20126023508211324 0.4632939896515632 0.8543185380577784
212.53 -13.237263691322102 -139.99108401861784 -5.192657546888202 -0.11763098279379328 0.20336540619776183 0.46688635477606105 0.8525389112368464
212.63 -13.05114110596304 -139.6313248958278 -5.174912193559756 -0.11439968790448163 0.20540141246810145 0.46830626484041293 0.851711343986146
212.73 -12.859741692877018 -139.27624981372898 -5.164703413914065 -0.11169065681414925 0.20804399660569683 0.4667894087077423 0.8522620140397136
212.83 -12.677674346375829 -138.91188987776763 -5.153808485027635 -0.1128319822200235 0.20326032258092064 0.46387875047738003 0.854851267711609
212.93 -12.498948322204631 -138.55730978856045 -5.136928785915618 -0.11368288848692731 0.201745447366136 0.46323850209389456 0.8554443672794343
213.03 -12.324709865526419 -138.19343896123104 -5.117692680292381 -0.10918028439795077 0.19643866664773244 0.46757387059708944 0.8549071243587223
213.13 -12.15118009567793 -137.8361279219405 -5.104865257431014 -0.10496301379747318 0.19010748590365897 0.4748818627268632 0.8528359314610321
213.23 -11.976503990245527 -137.46686229329984 -5.088362285135447 -0.10009245219792494 0.19090153114415143 0.47959007796469544 0.8506065268604763
213.33 -11.810238754109609 -137.10254575153354 -5.071304495656814 -0.09955280089803778 0.1856048071794841 0.48120150170646286 0.8509319656357183
213.43 -11.634804326323547 -136.73079797085785 -5.04802135872028 -0.09931773874336249 0.17426048955358617 0.48243924334619825 0.8526556427016698
213.53 -11.458961246617534 -136.35788956117617 -5.0301173739893965 -0.10333004200054435 0.18443203311313164 0.4819804961292102 0.8502955538711012
213.63 -11.280602799246493 -135.98692638650357 -5.011673945190209 -0.09687798824237587 0.17759160100034152 0.4837328940136326 0.8515153350923526
213.73 -11.103440357749722 -135.6165366111823 -4.989884424109892 -0.09135077144034233 0.17517215980628406 0.4840378187443141 0.8524536005034541
213.83 -10.922307378362394 -135.24508145353266 -4.975603982328723 -0.09374753926921849 0.19157735771181822 0.48368361879263316 0.8488578631342157
213.93 -10.739848117242389 -134.87199988979233 -4.953530595205567 -0.08644068642832399 0.18765690052222153 0.48393196534859706 0.8503662436444884
214.03 -10.55470071596695 -134.50322339890226 -4.933488213948868 -0.08353908428496258 0.1905476171602262 0.4792395210488172 0.8526677597143509
214.13 -10.368230934957687 -134.13558299166417 -4.909924088720415 -0.08720984587267086 0.20140486474008787 0.47223216980772303 0.8537138285400923
214.23 -10.182561785540903 -133.76854257638746 -4.900584622003231 -0.09226462287057026 0.21820314715718425 0.46524690764257964 0.8528891726750134
214.33 -9.987266209798895 -133.41113549940454 -4.881585928767622 -0.08202074505801826 0.209718808436516 0.46554347257832795 0.8558971281105033
214.43 -9.786860591558382 -133.05211757272332 -4.8613092800900475 -0.0839078476807889 0.20281233667495158 0.4606769495811365 0.8600019635527831
214.53 -9.593853891000524 -132.7021507075995 -4.854883696344431 -0.08122052004395863 0.21385901398245585 0.45165319943477455 0.8623670545090253
214.63 -9.38499189694348 -132.35327038724736 -4.84778768559744 -0.0808141871116141 0.21793866417243604 0.44414499648124944 0.8652785839952901
214.73 -9.182728532082011 -132.0135968905035 -4.829867525150201 -0.07769211979288129 0.2027940395860622 0.4439871155194958 0.8693180967189934
214.83 -8.965903376645677 -131.6707695804269 -4.807095087028018 -0.0787463194423987 0.20644531822560433 0.4370487310947956 0.8718759971494994
214.93 -8.745101347226685 -131.32766751630453 -4.801146305916371 -0.07539018484595829 0.21361411797373137 0.4306534981099031 0.8736262892088933
215.03 -8.517185501952842 -130.98422182867907 -4.793012755936694 -0.07262041682117226 0.20634675051465395 0.42412183500341566 0.8787877802325759
215.13 -8.286670975181806 -130.65169905753822 -4.778632204272488 -0.0684558135381702 0.21157081069973446 0.41593747536253695 0.8817866013053972
215.23 -8.039473516257 -130.32119695864333 -4.761767139903781 -0.07523005353869379 0.23136740443697842 0.411510534585994 0.878332877178926
215.33 -7.797891564177586 -129.9955054776173 -4.757170665846927 -0.06841659860312797 0.22710696448248366 0.41041941010889976 0.8805097975178887
215.43 -7.54484120481446 -129.67295740925186 -4.744762225091914 -0.06335531324923377 0.2153109747903066 0.4031063738478535 0.8872049029289536
215.53 -7.283648776176305 -129.35537610715303 -4.733359461976589 -0.06846049061293887 0.22650517443935875 0.38831704470036543 0.8906281154176563
215.63 -7.016345595418885 -129.04519228908296 -4.727443543498126 -0.06598318620763888 0.2273156968495629 0.37481171745389386 0.8963760201851387
215.73 -6.746255340543136 -128.73870067315804 -4.721377593783177 -0.0589983364109202 0.2149666168140293 0.3637917628130442 0.9044136792782671
215.83 -6.469204085450461 -128.43848652151132 -4.715926998512344 -0.05714861139453888 0.2189120170378767 0.35428708427409644 0.9073545210823848
215.93 -6.187012871082318 -128.1435969062055 -4.709352614613287 -0.05174542153643646 0.2159283571109732 0.34581087494931895 0.911653549717303
216.03 -5.897421264752836 -127.85091564574425 -4.697739760639248 -0.05033996623927606 0.2138508218478266 0.33773451440771773 0.9152426517442359
216.13 -5.603687932342507 -127.5609726659533 -4.691899524702997 -0.04991174045038272 0.21347667145419322 0.3292573601128457 0.9184367804708019
216.23 -5.309336261543914 -127.27450296214641 -4.6883020026717634 -0.05401616206483708 0.20423331297953629 0.3199466349077876 0.9235827840082182
216.33 -5.004531648599808 -126.98782230642274 -4.686483013629159 -0.05564202407822379 0.20356935568270715 0.31203586079082135 0.9263353087105863
216.43 -4.700440681042973 -126.7116175090747 -4.679812247153059 -0.050909874215802876 0.20819539888931013 0.3080348936533736 0.9269182083013621
216.53 -4.389425280361191 -126.43535514192098 -4.6683880698244 -0.04288019947935801 0.2187157819176361 0.30673917776494175 0.9253300881614384
216.63 -4.078828662341204 -126.15322518902931 -4.648166538242303 -0.050861553914971325 0.2365083289801835 0.3045869233638475 0.9212511702961911
216.73 -3.763330306206446 -125.8823214668594 -4.62445744470726 -0.0647378880113274 0.23673902295234694 0.2935250727179932 0.9239083680502618
216.83 -3.468031921717102 -125.61666472706771 -4.602975823172805 -0.054209169016260356 0.2078871702324561 0.2874051512173234 0.9334037548140974
216.93 -3.1722940734640663 -125.35299803389742 -4.565395042169762 -0.045395398282819625 0.16132238354391593 0.2763828891549243 0.9463228016722576
217.03 -2.869897815924196 -125.08615006209871 -4.537565827898686 -0.04777533883003728 0.15556095684614088 0.27031565387724177 0.9489192552444637
217.13 -2.562449948111889 -124.81922396038385 -4.520771400307156 -0.04670515177603282 0.12911914626837545 0.269185740932075 0.9532501831855861
217.23 -2.2654592195465892 -124.55071009947038 -4.510787319046363 -0.046960474157804924 0.09881537101996382 0.2737021582584134 0.9555717476368519
217.33 -1.9523738147193819 -124.27497599048047 -4.497685859009116 -0.050930561152117006 0.09568458134775557 0.28197775656748736 0.953278072565504
217.43 -1.6220435327256437 -123.99687792075677 -4.491798253995082 -0.05289045464118662 0.09975044573089853 0.2874892748694301 0.9511058643596858
217.53 -1.294650707411051 -123.71210192666753 -4.487641603751882 -0.05510600906236557 0.11024311616830525 0.2919481348225391 0.9484598408347928
217.63 -0.9562800805045186 -123.42807497953662 -4.475659894842416 -0.05232682914718495 0.11011984255701096 0.29625878113906523 0.9472941770245481
217.73 -0.6138768940578817 -123.12967072410234 -4.46567613693408 -0.05372168547852296 0.11553650219748232 0.3019811874014126 0.9447606361533862
217.83 -0.27636260267673185 -122.83240361916108 -4.458565012752716 -0.05773959186372226 0.1264612397763207 0.3060362754981603 0.9418149990549423
217.93 0.06863483918520535 -122.53215273576575 -4.450417466568183 -0.059441794436870386 0.12965639720591893 0.3056478073401167 0.9414007168076116
218.03 0.42014904951254584 -122.23407567170553 -4.440455512978318 -0.06418570626886243 0.13323613728697056 0.3006713261914255 0.9421916367904697
218.13 0.7769185223219809 -121.92739986376097 -4.449669609052615 -0.06664432195642614 0.16097302782129108 0.2967286925421995 0.9389346631620387
218.23 1.1198197869973134 -121.63217998504797 -4.454868274785754 -0.06723460400836424 0.1695585294911209 0.29228245501824013 0.9387760007526597
218.33 1.4703541002021099 -121.33322535524806 -4.456076961086018 -0.06856061312870808 0.16379213380416235 0.2865816502584299 0.9414576660511347
218.43 1.8117218880770276 -121.0250819716486 -4.442293269120752 -0.07491763038559521 0.1683796744091492 0.2803935820067015 0.9420271084595854
218.53 2.1621541670480315 -120.71732410451571 -4.446407199186051 -0.07810492090449733 0.19307873046100632 0.28026245342325906 0.9370555919342479
218.63 2.5039638281877608 -120.40257436027758 -4.4473499053564165 -0.0758691505873597 0.1830163886923573 0.28654538415420955 0.9373583179761499
218.73 2.850035110946634 -120.08843181497093 -4.4374658561360985 -0.08326826399762688 0.19169082394955056 0.28688464826014165 0.9348894174270125
218.83 3.2010796829234076 -119.77158362063538 -4.420118512109501 -0.08884192894422864 0.20068314837689416 0.2869670421418112 0.9324608851546462
218.93 3.5384926789562994 -119.46889161540433 -4.404246331393899 -0.07822400799485363 0.18749684937951905 0.2905489511044686 0.9350439792106403
219.03 3.879052528589121 -119.1711774582842 -4.3925778482898865 -0.07426525002355705 0.17295289993136573 0.29467651688443725 0.936876575350844
219.13 4.212659123238315 -118.87155085306644 -4.35592960123739 -0.0742072929310986 0.15369344665744394 0.29499126833838235 0.9401339020238054
219.23 4.5578858077284075 -118.5722148044645 -4.335833191220352 -0.07995335993830177 0.1741897973509897 0.2865374166493366 0.9387021271912204
219.33 4.892599047005778 -118.268191358565 -4.32550230639162 -0.07665085681284312 0.15694497858929643 0.29176123720455804 0.9404085815805425
219.43 5.231882376709367 -117.9551906080902 -4.301624257537999 -0.07365205904195739 0.14429810806344065 0.29845177638164117 0.940574275314201
219.53 5.562624628321689 -117.64056824029369 -4.2866395072178864 -0.06963234651477532 0.13755579408292773 0.30250512392077794 0.9405957632451554
219.63 5.903959004765118 -117.33387799325517 -4.272298507431792 -0.07315016943606678 0.1449734373111655 0.3044202162188813 0.9385947406324574
219.73 6.2427398668521334 -117.01684611065069 -4.255312019048445 -0.06827905693026348 0.13050800148458971 0.3066127235276794 0.9403692198834196
219.83 6.587736018181063 -116.7074432128933 -4.230396491120531 -0.06536405171340248 0.14625359452162084 0.30662689855674446 0.938252296514421
219.93 6.929051773621634 -116.40348088698086 -4.215733733121105 -0.059375734907013374 0.14574640888221005 0.30598811519412034 0.9389375803332944
220.03 7.272302542111595 -116.10736615688766 -4.190407572639886 -0.05356845146609627 0.13089478346372238 0.30155322744895574 0.942901175990691
220.13 7.6200488685381975 -115.8017980854322 -4.1749146085880415 -0.05582005505387217 0.13433538468874762 0.2942700753590685 0.9445862843713522
220.23 7.973529339506189 -115.49771088954124 -4.151147757052197 -0.055698985392449774 0.141786621328268 0.2909544752100972 0.9445314554813847
220.33 8.318603081255617 -115.19582496411417 -4.13071289751008 -0.05626644072414851 0.16156150945673947 0.2918475778102779 0.9410403591964426
220.43 8.666625765627378 -114.89395333698636 -4.116765925741911 -0.05398517788609152 0.14947289695227578 0.3007266365042732 0.9403759587218976
220.53 9.011380116736117 -114.58810709587942 -4.08310705958833 -0.04987580983986642 0.13834469110281308 0.3089233008768145 0.9396486280583067
220.63 9.362556700768891 -114.28911303300175 -4.06398278492332 -0.05548824390886496 0.15340595221761952 0.31115630634517194 0.9362528620163174
220.73 9.706812811040209 -113.99429898118228 -4.0367925779174545 -0.047164389621371 0.1567137742937745 0.3169907309888897 0.9342018998939003
220.83 10.051710867138794 -113.70169331605268 -3.9984564574261308 -0.037550396213521235 0.14988409925849022 0.3198086211303259 0.9347979302418241
220.93 10.380704272680898 -113.41594813348489 -3.9532241889161637 -0.032092424222963455 0.112016986219252 0.3175206874684504 0.9410647608615531
221.03 10.706407278180698 -113.12966466340573 -3.9076608312695353 -0.028190878239022606 0.08426659395700441 0.3167032512401022 0.944353464641787
221.13 11.035791932462692 -112.84779877263985 -3.8793585198860843 -0.02992537974118514 0.09836676538412645 0.31250229164936033 0.9443361524526679
221.23 11.35792005209637 -112.58345076280516 -3.8677980292387706 -0.024557967043362022 0.09048525187392406 0.30063532492340284 0.9491194481498153
221.33 11.689398944562551 -112.32026551546524 -3.84893013302214 -0.01338928878911744 0.06421519031794043 0.29782009394452497 0.9523656482260512
221.43 12.02932138646351 -112.05525993464558 -3.820076244046535 -0.00853672159921923 0.07730938258981258 0.2965273606211494 0.951851830985776
221.53 12.379488038090594 -111.78067170285111 -3.806147292198954 -0.017085317964743107 0.0946127694011275 0.30486553217034607 0.9475302227743368
221.63 12.73907776644447 -111.49480511283478 -3.7957381085666713 -0.0241867855005253 0.09879728395026813 0.3154072137034255 0.943489472985811
221.73 13.093510094216128 -111.21086953653973 -3.777898684958799 -0.029123296095694712 0.09406182695585859 0.3170799572676068 0.94327329392569
221.83 13.458227443778759 -110.92788952679693 -3.759350601901546 -0.027105174269206177 0.11488015867037196 0.3136202842260637 0.94218372730252
221.93 13.826199919564237 -110.64027826889553 -3.7525275452103224 -0.0436549815252677 0.13910779625467942 0.31356210305548654 0.9383080896681087
222.03 14.207005194214787 -110.34366436905724 -3.7294036648412523 -0.04826686852183182 0.1576970124115317 0.3048828451369701 0.9380023520337035
222.13 14.57298032860753 -110.06805536335263 -3.696719259920793 -0.04787527887913441 0.1444031402259074 0.28476698893504565 0.9464478077411399
222.23 14.932488577282962 -109.7972710299406 -3.64150964165339 -0.03246860461486138 0.10146076749405404 0.26943911549040184 0.9571071337199568
222.33 15.284158044738518 -109.52351543439322 -3.5988354124577495 -0.038611515242263285 0.1344678896941934 0.2691359855729196 0.952886855194036
222.43 15.63704630892479 -109.24476469278581 -3.5682267656430526 -0.05365542022290591 0.1607687040272457 0.2818198012249611 0.9443792243180843
222.53 15.983894001704673 -108.97654301699045 -3.5382181815813345 -0.06711994726098333 0.16857771276570224 0.28990867760214695 0.9396964542283545
222.63 16.33499128877454 -108.72057815904391 -3.4838520004024027 -0.05975776826699422 0.13865879118498028 0.2841463870985729 0.9468176062250302
222.73 16.684945233496336 -108.45309482712888 -3.4525629846538597 -0.06321131660906311 0.15408488582797697 0.2772951748143522 0.9462396966078976
222.83 17.03654017750254 -108.18281676483785 -3.4337817007820877 -0.07022365779271904 0.16823888927654296 0.2750250848511451 0.943994447400951
222.93 17.3867688695902 -107.91593207755541 -3.4025342705544968 -0.07640802643629922 0.16369262778325575 0.27293670112460794 0.9449190940417803
223.03 17.737290493742822 -107.63887806106867 -3.372582247175549 -0.08789391060020026 0.19598570404863214 0.27608711315892615 0.9368245141089854
223.13 18.078664321908636 -107.36736156146502 -3.3448308091546393 -0.09371401196270952 0.20725908929993564 0.27624397073295476 0.9337829632725717
223.23 18.40689939547512 -107.1111299000319 -3.299247031162555 -0.08659899731269803 0.18369001830579687 0.2742993370492789 0.9399566290705
223.33 18.745107366406003 -106.84460785659665 -3.2640891075023717 -0.08373967793786019 0.18020103530934978 0.2807794834877969 0.938977174836869
223.43 19.077777088825936 -106.5853936702559 -3.239008570897324 -0.08541680215341721 0.19864705103260338 0.28168224777389406 0.9348253474927715
223.53 19.409757906152166 -106.32875174495119 -3.2341828562034958 -0.09344991295865834 0.2148045543034456 0.28542724415608023 0.9293316983251904
223.63 19.734716912530793 -106.0797994424903 -3.1871381838883512 -0.08898079072626863 0.19608997549210896 0.2798872058560545 0.9355716393688528
223.73 20.05028383351663 -105.83643235192557 -3.1324853377516404 -0.08983057978510604 0.2036859256908503 0.2776681067425454 0.9345281874341425
223.83 20.371422679580352 -105.60221886231406 -3.090203297145328 -0.08676990534702159 0.19336869013457209 0.27134733776704417 0.9388557692683399
223.93 20.70081006578568 -105.37507766362165 -3.062176223515575 -0.08762091794885271 0.1855792649893584 0.2655771719490728 0.9419934590448824
224.03 21.02336897982642 -105.14282440326846 -3.0294536535523724 -0.08303587967199519 0.17329162575915255 0.26394199955456754 0.9452035103616494
224.13 21.35515207919322 -104.91642969129607 -2.9863140865165603 -0.07959330459205749 0.17646544385991483 0.2642365532667891 0.9448300889075911
224.23 21.671825898180185 -104.69136231697844 -2.9513898062076622 -0.07654186307660604 0.1748922077548145 0.26519241386532927 0.9451068947434935
224.33 21.99912594056438 -104.46479075212861 -2.916331822792865 -0.07754016488521617 0.16815009072335857 0.26300783074630113 0.94685793590455
224.43 22.322691974737193 -104.24560732073222 -2.8843983740250514 -0.0824496000459579 0.1895363563360086 0.25521866401915283 0.9445324063341659
224.53 22.64829861006032 -104.0340405681595 -2.86061845771129 -0.08471728889904243 0.19790969713867967 0.2518520398070445 0.9435175052881125
224.63 22.966387087094848 -103.82382572700861 -2.816844203419037 -0.0724888967732804 0.18982980742053487 0.2509067717368733 0.946443762701121
224.73 23.28840337451861 -103.61183772401911 -2.797362256249665 -0.07324900802506158 0.19843099292181623 0.24893208002382297 0.9451415467571085
224.83 23.604409268246823 -103.40597819338667 -2.7742901960696313 -0.07705284207603509 0.20455139441647624 0.24333149725130762 0.9449927878114827
224.93 23.922889622833395 -103.20384238720949 -2.7443205115938394 -0.07588432619302073 0.2004141426390894 0.2405848498676876 0.9466755888278795
225.03 24.235667014060937 -102.99993008477423 -2.713432887019253 -0.07868608749136582 0.20400421395082718 0.2407746030792217 0.9456312023392892
225.13 24.551984079695544 -102.79709833026646 -2.683476759428301 -0.07878783525710663 0.21320450918548695 0.2433086383366459 0.9429407302631709
225.23 24.86883661667565 -102.6068588144633 -2.6581624106277166 -0.07884151612083991 0.21630895407307904 0.24480417584127295 0.9418414766903468
225.33 25.18323538635615 -102.40942984371152 -2.6247745102411986 -0.07431100565022261 0.22278625660128037 0.24191253014208278 0.9414470171332515
225.43 25.49704339232682 -102.22520631156326 -2.599245702342722 -0.0735445510953429 0.2294153804719961 0.23095511700827065 0.942666174281633
225.53 25.804345686059865 -102.037387820079 -2.5679568302387636 -0.07331131972910854 0.22487469219744205 0.21699467791297866 0.9470850716625856
225.63 26.107236798041658 -101.85367261368256 -2.540087318072924 -0.07549910090642542 0.21921946621904176 0.2086475050806002 0.9501099568032118
225.73 26.410853702609327 -101.66343006695618 -2.5069593362357576 -0.07983662210917604 0.21391786028032997 0.2056026444344405 0.9516264053844067
225.83 26.718405370601623 -101.47442624454904 -2.4793911666725914 -0.08605432938612681 0.226501070855126 0.2098023684977157 0.9472459466622878
225.93 27.025444772383167 -101.29316834162903 -2.4634231848448427 -0.08997011492360135 0.23429992210942419 0.21885852508059714 0.9429262277186363
226.03 27.33277892772675 -101.10847803392632 -2.441191935039765 -0.09210537473838347 0.22242368584301514 0.2215122776533338 0.9449743990019741
226.13 27.642885368881956 -100.92682553534237 -2.4167878749953813 -0.09510981182755714 0.23180694891169307 0.21616018289174802 0.9436601281513299
226.23 27.939678644157322 -100.74954354784283 -2.399967129131413 -0.10169826658252916 0.24374300991968495 0.2074227932444947 0.9419249399671148
226.33 28.239473430104216 -100.57197020681751 -2.378133071738214 -0.10491926149892261 0.2343069672258037 0.20093291690849865 0.9453666783733227
226.43 28.544670082678472 -100.38490509960226 -2.3537897548574453 -0.11122814044412782 0.23484185613853242 0.1991893906020168 0.9448815746168127
226.53 28.841404972488192 -100.20066471350782 -2.3278189607381967 -0.12031105581428465 0.24677259380152344 0.20366052965806894 0.9397611002040439
226.63 29.132132085403164 -100.0222516554749 -2.3010216779496875 -0.1177315009381054 0.23428542638722616 0.21367525466360135 0.9410592532959131
226.73 29.427940451091988 -99.84297400264833 -2.2718862717539414 -0.1150611456368332 0.22614399905010002 0.21753641600548412 0.9424954812463862
226.83 29.717971728567317 -99.67836051538963 -2.2403452830470925 -0.11321007300771065 0.23015837776873532 0.21252956602826456 0.942890123013435
226.93 30.020438840999415 -99.50849808362807 -2.212450349346198 -0.10561471390814231 0.22711492721013288 0.20267026653913617 0.9466726493912205
227.03 30.318173374143235 -99.34496226484362 -2.1854164697315444 -0.09741803946230763 0.2163829712644795 0.19265718462929385 0.9521404016975594
227.13 30.611361146630063 -99.1755778132897 -2.1584353539401717 -0.09541958726481709 0.22191254654255504 0.18681371204586528 0.9522345094801254
227.23 30.91205631111691 -99.00112277923033 -2.1394971251153847 -0.09752723459439527 0.2329292953428234 0.18356653889006427 0.9500187933316836
227.33 31.20924205595055 -98.82858646643017 -2.122617977461652 -0.1010822266507947 0.23632496840939013 0.1870726985551868 0.9481227231835013
227.43 31.501246795375376 -98.66100096343766 -2.101745758762179 -0.09971754872520093 0.23562283475380247 0.19323178390572698 0.9472062963829104
227.53 31.79001413812435 -98.49652355453372 -2.0656264840924443 -0.09597494662978034 0.2372645730795104 0.19338657710313645 0.9471514999075603
227.63 32.08409994425287 -98.32722590095082 -2.0400208436826297 -0.09010635780128083 0.2312000721695276 0.1883238651781466 0.9502428598610758
227.73 32.38732853552635 -98.1624376759933 -2.02082197343448 -0.0906428411067577 0.2430039120042337 0.18358267639532855 0.9481721231054316
227.83 32.68356290599754 -97.98794963237471 -2.007851026330573 -0.09490721875282745 0.24886471117435577 0.18026629016852058 0.946870128364807
227.93 32.97634015637151 -97.81728601168577 -1.976198766682967 -0.09424363052490127 0.24368996906875798 0.17801009600937595 0.948707406316345
228.03 33.258880953486724 -97.64577671735927 -1.9512094704448197 -0.09620844071902224 0.24740596671365814 0.17833789129579228 0.9474860527190176
228.13 33.54704062466136 -97.48149455180311 -1.9322811308135979 -0.1009869044543325 0.2349242185977221 0.17727379516397393 0.9503611198871419
228.23 33.83033128039485 -97.3056486611959 -1.907148059050164 -0.10807305728083116 0.2341900135366673 0.17564413869718457 0.9500654653185716
228.33 34.10410817704234 -97.13780642031907 -1.8857547048832135 -0.11566361998203313 0.23120387275041657 0.17711895543882972 0.9496291759745584
228.43 34.38447307154529 -96.97257093750224 -1.8571191262582973 -0.11698479853773909 0.22337093070867928 0.18030803453145425 0.9507412881056693
228.53 34.66478403007647 -96.80784122482127 -1.8398223250328873 -0.1181761400745462 0.22483944830001304 0.18320704251311268 0.9496930040696443
228.63 34.942264159263075 -96.64514931382249 -1.8141449744677494 -0.11417407086103919 0.2088949854412939 0.18614456627553919 0.9532457012998231
228.73 35.21635588105072 -96.48365222490001 -1.7920015087733008 -0.1137006085644742 0.2164437728584754 0.1841832872750095 0.9519983096053418
228.83 35.49725749858711 -96.32207804857973 -1.7747615377829378 -0.10947313024698338 0.23008102211538434 0.18367639937380012 0.9493899816878959
228.93 35.77617836312622 -96.15685944955341 -1.7550071529281068 -0.10505694036543568 0.205453574442576 0.18323562654064376 0.955602727704395
229.03 36.053131464579664 -95.98445301301543 -1.7295468237781217 -0.105389316304239 0.2000330003035538 0.18562573189814682 0.9562546619262889
229.13 36.32737852222948 -95.8123464778154 -1.7096008845522102 -0.11339130975193662 0.21598673109421043 0.1884180512196854 0.9513100340260023
229.23 36.59794233180791 -95.6327227156783 -1.693926321912407 -0.11758506004255921 0.20781418308003674 0.19185251345720494 0.9519346784552591
229.33 36.86997456567103 -95.45981977325647 -1.6636036983139724 -0.11543755307433927 0.2094965596220423 0.19999040436240662 0.9501521988658966
229.43 37.14327654187988 -95.28601129417956 -1.639393309045419 -0.11008774722015294 0.21240894812106617 0.20617462097516273 0.9488177656093091
229.53 37.41155685480922 -95.1167212837194 -1.6103200677839522 -0.09980666509321331 0.20239980164200716 0.21340839056593003 0.9505418500698993
229.63 37.686022113240654 -94.94129140049144 -1.5832298162005989 -0.09382979824196783 0.20115424849163305 0.21755254135650431 0.9504755804464228
229.73 37.95299226866584 -94.76530811149307 -1.5656536336112732 -0.0923559356802887 0.20327819845450196 0.21874694449226104 0.9498937464016753
229.83 38.22797433948982 -94.5849373157416 -1.554583031093852 -0.09729886415730997 0.20752055853425566 0.2186213612379782 0.9485108587832728
229.93 38.49873974406797 -94.40519326047223 -1.5379550814077978 -0.10258068462087602 0.21103297718765984 0.21818547774486696 0.947278936207952
230.03 38.77051265671025 -94.22054991325317 -1.5192511511034466 -0.10765994873532649 0.22178731960799172 0.21982632338068606 0.943872929926661
230.13 39.025866486976625 -94.0476149437894 -1.4984197503142256 -0.10960249553543089 0.22355795463634975 0.225805977389605 0.9418178138399926
230.23 39.285079062726716 -93.86470828611242 -1.4779003828883068 -0.10954384199029325 0.20909281844932265 0.23394173300765386 0.9431604346622583
230.33 39.54173993771518 -93.67899119386792 -1.4553248695049403 -0.11361221403375939 0.21557048019873823 0.23821613209334028 0.9401461095487876
230.43 39.79522787994577 -93.49448690786657 -1.4389230920928069 -0.11819916746507643 0.2156075812049959 0.24186378750567636 0.9386395666233674
230.53 40.06041864672461 -93.30264603398206 -1.4195906319673008 -0.11908343421459229 0.19798852187214935 0.24298117258758406 0.942114552838721
230.63 40.323827212937815 -93.11511738672469 -1.3996356467498905 -0.12484231787774186 0.21569537029884497 0.2432958477396947 0.9373884111568589
230.73 40.584575054485555 -92.92466201745677 -1.3845958444135267 -0.12723060114320134 0.22834854569859206 0.24419103475030132 0.9338308489001929
230.83 40.83533948875611 -92.7400020158709 -1.3590237548283959 -0.1210848552488576 0.20286873087390167 0.2452818223822568 0.9402231455733341
230.93 41.095214228196475 -92.54858305792347 -1.3417575850641381 -0.12056163290901076 0.20544012395580588 0.24349862925559304 0.9401955465167784
231.03 41.354741911441934 -92.35340561016211 -1.3350230082100578 -0.12700743878698786 0.22292370598543387 0.24049870444436736 0.9361273978273844
231.13 41.60783374963653 -92.15873494911376 -1.3234362363452927 -0.12497602465263732 0.21531200173405587 0.24209386121907595 0.9377698531789856
231.23 41.85829752074673 -91.96037826811845 -1.305416514739044 -0.1174562550502533 0.21344878865259134 0.2470232437024319 0.9378822739784778
231.33 42.10628529169166 -91.76382755009557 -1.2792098276429278 -0.11376435317116793 0.21845554248988383 0.24897726816237767 0.9366670528215433
231.43 42.34490253884721 -91.56480960517068 -1.264929029634344 -0.11384410022276498 0.2027253142118559 0.2492911097079554 0.9401042019067619
231.53 42.58761731835414 -91.34442930816805 -1.246761462102706 -0.12082838947329244 0.20043187539744825 0.24978276211617045 0.9395936011763644
231.63 42.826201742975954 -91.1216959984996 -1.2293788733678392 -0.1284597455626124 0.2121493320982195 0.2567125336186524 0.9341249540309693
231.73 43.05596110830443 -90.89834661081076 -1.210752590495413 -0.13165853254980775 0.2051281073954814 0.2691239287154559 0.9317514697363978
231.83 43.287709711994445 -90.66469265196334 -1.1965927059898782 -0.13671519432498208 0.2029833144377134 0.28424884527681643 0.9269893870262804
231.93 43.5136100563332 -90.42766306377457 -1.1725564461582692 -0.14423233430262977 0.20790534888217152 0.29788632213678934 0.9204543110505887
232.03 43.73469746509896 -90.19298292752127 -1.1500693583170143 -0.14870274217391913 0.19729330549027208 0.3087172753746555 0.9185077517168423
232.13 43.95946470638608 -89.94590544145929 -1.1318942136436854 -0.15595314059971585 0.2055058550936813 0.31415865969356793 0.9136467030525756
232.23 44.17195346539052 -89.70016939917143 -1.1183250823053796 -0.16003967018356752 0.20800681606766472 0.32391612728506497 0.9089547903617503
232.33 44.382070525682856 -89.45592993690873 -1.0957077071281593 -0.15623958177713118 0.19155965434630562 0.33337628015483106 0.9098100613550933
232.43 44.5889563689397 -89.20958148752611 -1.0756384430110584 -0.1580832929983774 0.1993807767369003 0.33959358223058017 0.9055016163709382
232.53 44.791020267230806 -88.96444643601713 -1.0637194883015715 -0.16096871379495636 0.20081892108394733 0.34359305271218665 0.9031636885093407
232.63 44.99212080032763 -88.7099491626871 -1.0469428079026657 -0.1574806838805944 0.19326298436392383 0.3519108557108902 0.9022239204942857
232.73 45.185609382544136 -88.45792182479303 -1.0196938389554708 -0.15909243468614315 0.19647208490480247 0.3596420172991182 0.8981903676124656
232.83 45.3727176256294 -88.19896725795826 -1.0040879250849633 -0.16123996749975214 0.1929462406365523 0.36797639376604335 0.8951909264150517
232.93 45.555205137409956 -87.93529589489839 -0.9821481718962878 -0.1584974233105606 0.18489687534356175 0.37947853491686645 0.8925736685727677
233.03 45.738649776573666 -87.66889453694411 -0.9607663846863923 -0.15945850052772956 0.18174124800881308 0.3913770009456004 0.8879004158758317
233.13 45.91886854736376 -87.3958826366091 -0.9426307265491819 -0.1593900270083772 0.19092160927208807 0.3996388407645202 0.8822882495849164
233.23 46.10753220465504 -87.12062767457957 -0.9228903975239146 -0.15348954893272015 0.18355918465648863 0.40670926449114037 0.8816657860401248
233.33 46.284852590504535 -86.84565297066865 -0.8995156416973238 -0.1432061478023263 0.17643074543330087 0.40805267900677966 0.884226895345792
233.43 46.45701558313626 -86.57258463311518 -0.8779079948364966 -0.14743333441608536 0.18721262195132227 0.40406803184942686 0.8831443096812642
233.53 46.63169011683951 -86.29215321260361 -0.8661964471088655 -0.1444650174786244 0.18093800118235162 0.4038206161536937 0.885053788434515
233.63 46.80122659951049 -85.99816284769479 -0.863934871655499 -0.1536473795909672 0.18723779755816664 0.4056464018147824 0.8813543479243273
233.73 46.95997595625244 -85.71091092418578 -0.8618043212172581 -0.16035738724135448 0.2078123044934486 0.4118340547004352 0.8726352421528983
233.83 47.11550083351035 -85.42601286225454 -0.8460521655285183 -0.15970204754580525 0.18779295742710767 0.4263171492634333 0.8703348490060347
233.93 47.25916412239243 -85.12664895474231 -0.8118112295291622 -0.16310692837321705 0.19261364791990213 0.4399150998682528 0.8618415268827254
234.03 47.401605310762505 -84.8167196706041 -0.8067654848714763 -0.17187996888577162 0.2092670489724083 0.4637604344352111 0.8435584377876084
234.13 47.531746791665356 -84.50282089074926 -0.8075729809427895 -0.1784144149683134 0.19932806308087048 0.48275077808215494 0.8338994580049907
234.23 47.64203495492541 -84.18424683741567 -0.7774586573316369 -0.1820478329478008 0.17523580453298712 0.498629272415237 0.8291681663084621
234.33 47.7435452530974 -83.86096902237355 -0.7565931151684312 -0.1947319056758652 0.1879671233679785 0.5184937007877191 0.8111178260204052
234.43 47.82803034145816 -83.53966460670337 -0.7344583268600203 -0.1962307690107569 0.1840978006784956 0.5405014081110571 0.7971572698713553
234.53 47.91035533599918 -83.21540029745776 -0.7111088329418463 -0.18521694322533716 0.16541887247205744 0.5669524524921846 0.7854273977812543
234.63 47.972212927380546 -82.88652654643917 -0.6905245102304359 -0.18930798501739338 0.16351539233241602 0.5856402910812791 0.7710062598586767
234.73 48.03960755099315 -82.55602793250179 -0.6816202865775585 -0.19226841909011635 0.16092042397073086 0.5936428626622838 0.7646735406562704
234.83 48.1048094269542 -82.2199599476969 -0.6630587440662435 -0.18265734773405254 0.14673544293186844 0.5982833923122617 0.7662649578244343
234.93 48.15782909720504 -81.88066047363132 -0.6447983873978206 -0.18432220654382894 0.1481636638322245 0.5986643382609682 0.7652933182703103
235.03 48.20420295315951 -81.53935196563994 -0.6313379550419804 -0.18121933361580425 0.14743952044865172 0.6014256316604678 0.764008082755361
235.13 48.23285328593857 -81.19889449581228 -0.6161517534075525 -0.1837552423793545 0.1425472522931783 0.6079705797576598 0.7591350775131556
235.23 48.2602554765852 -80.85507665070786 -0.5980329791537434 -0.18351348993619582 0.13454365479311445 0.6219128394435215 0.7492964861132378
235.33 48.2642800278845 -80.51792562976043 -0.5756757350007033 -0.17466787531472952 0.1278939013783882 0.6394377689231556 0.7377354695267337
235.43 48.26463188740221 -80.1684289941839 -0.5543751688711657 -0.16891644265616088 0.12429500615640006 0.6532609393914935 0.7275081662155497
235.53 48.255682932237576 -79.82306511019038 -0.5469680847742461 -0.17428999390471395 0.12214841480179864 0.6638295096923109 0.7169610483476551
235.63 48.2340217814927 -79.47305173368072 -0.5323379101286907 -0.1868079477064291 0.1265026303502975 0.669654913199371 0.7075748528714901
235.73 48.200529565110244 -79.12215818458864 -0.5263693465765706 -0.18912131671575286 0.11714500783295877 0.6786740650103162 0.6999369172903293
235.83 48.15209651833754 -78.78426695579415 -0.5123632894751614 -0.17378407091415343 0.10149849276676175 0.6964691165107776 0.6887872838614815
235.93 48.10883081086612 -78.44999584588426 -0.49627162060439683 -0.1694648027320434 0.0950332084482649 0.7123740002075127 0.6743690782912315
236.03 48.05615943536033 -78.11861042808215 -0.47981675999547513 -0.15401852184228326 0.07970088261101442 0.729228095376878 0.6619308492233569
236.13 47.99745924996463 -77.79230136865867 -0.45415131852331947 -0.14499298978159036 0.0775252785273318 0.7390914630080073 0.6532309495210241
236.23 47.92787570624533 -77.46829201534241 -0.43952236440306697 -0.14461197879405105 0.0668387319781973 0.745407112218869 0.6472929758234228
236.33 47.84575363118998 -77.14790346371663 -0.41616693081072403 -0.13428706055793324 0.04838757930550424 0.7492505076360235 0.6467219683471598
236.43 47.75119745685313 -76.8178153580404 -0.4081983665654245 -0.14774361135092332 0.047946507941809144 0.7540241559351198 0.6382166794651357
236.53 47.65115132412414 -76.4883349703735 -0.39282398997384865 -0.1517857329229903 0.04598447338879807 0.7628039778097346 0.6268784658335551
236.63 47.53664203019405 -76.162759985978 -0.3767624589421421 -0.1592061344208367 0.05282369570617851 0.77300127888546 0.6118268437851994
236.73 47.41750848993875 -75.83277315602488 -0.3623193762793809 -0.15234657574893629 0.04777727340103905 0.7848580746708685 0.5987534180510985
236.83 47.29560130173174 -75.50751164449609 -0.3475359571337217 -0.16072834532892305 0.05330237359398111 0.7894169589462711 0.5900390842182368
236.93 47.17466683563269 -75.19217566873307 -0.3299845367303077 -0.15772780509165799 0.05303501494105508 0.7937110449401888 0.5850914491181045
237.03 47.05231505563354 -74.88005062401064 -0.31129758910445887 -0.12977382152647315 0.03405585030872397 0.8013778995653309 0.5829171608337014
237.13 46.92044232548164 -74.55474199933616 -0.2970789772195136 -0.14775663924051452 0.04837534685645313 0.8024623995847793 0.5760919185594469
237.23 46.77984769490699 -74.23526804306276 -0.2892407660302673 -0.15570308786067094 0.05845638413702733 0.8058576428882845 0.5682718178678359
237.33 46.639851109161214 -73.93030128259778 -0.2785464509111438 -0.12119122912364527 0.037080760108384264 0.8157498719340865 0.5643490494833905
237.43 46.48722197649156 -73.62151039109536 -0.261196433140478 -0.12420306291282698 0.03134612518208197 0.8171176057213019 0.562058571698207
237.53 46.32742655074596 -73.32331926167507 -0.24344451541687034 -0.11774882311033782 0.014553177102094 0.8230275560092328 0.5554719270510752
237.63 46.163731436856025 -73.02304283217293 -0.22126105744564872 -0.1147964076802786 0.002460959135114035 0.8254995129608086 0.5525995680104235
237.73 45.98471980597247 -72.71578818373708 -0.20834127328974833 -0.1393875173222724 0.01385341871749885 0.8256086330806051 0.5465799006433971
237.83 45.810184103330215 -72.41617986121057 -0.20047252078693795 -0.13850205568327134 0.0058587120950520455 0.8299204032428585 0.5403841044528478
237.93 45.63637414805745 -72.13231049817905 -0.18312842577427274 -0.10493560854541568 -0.021032951478929373 0.838704515770125 0.5339671040786018
238.03 45.4434044728193 -71.83011732135537 -0.16490268981848816 -0.11540362573843477 -0.014572093873594006 0.8434233389070216 0.5245061759726893
238.13 45.24226741693061 -71.53124145071796 -0.15065810127079343 -0.13156478275325081 0.004747824291614868 0.8503372662761591 0.5095043666992208
238.23 45.04495787659267 -71.2412854566358 -0.1366243278240078 -0.12460660592034777 0.0076728426762745616 0.8608399730654861 0.4933242970084581
238.33 44.84286954633252 -70.9538169026606 -0.11951315319954217 -0.12664109916066216 0.012496702017878924 0.8692485123991818 0.47771632600724995
238.43 44.62813003571487 -70.67026921328012 -0.10541237041002391 -0.1307525631586731 0.016424597417911982 0.8760608875210135 0.4638440699017192
238.53 44.42127785685834 -70.38879057678731 -0.08591814304278335 -0.12856516538227675 0.017950179522796483 0.8826077718966785 0.45183217049354485
238.63 44.20141872460893 -70.10394598709871 -0.07773880229435377 -0.14753554868018806 0.030038166577498564 0.8839877791041099 0.44260205243410444
238.73 43.97670771224473 -69.83142186291721 -0.07623626265651873 -0.1399472780962434 0.027147703439862947 0.8899761200224118 0.4331515523939026
238.83 43.746854273511275 -69.55357187904923 -0.05392042784780743 -0.12004300022939261 0.020297209161834362 0.8967557795077276 0.4254489079967827
238.93 43.50405802505187 -69.28139189242539 -0.04357577626800816 -0.14122428899153905 0.02501446978871055 0.8984429270496033 0.4150063654145143
239.03 43.26312965993495 -69.02237960681971 -0.027042154639714426 -0.13939062415346742 0.01844421719765459 0.9021186910949711 0.40793618609675786
239.13 43.01499935815083 -68.76470094219819 -0.011045720612579225 -0.1358873923985865 0.011072220826660302 0.905390743022455 0.40209404989669434
239.23 42.76792451665136 -68.5196384743301 0.0058830223167703755 -0.14195316362764235 0.010748497236033857 0.9101853175016059 0.38896845238113
239.33 42.51307802567408 -68.27743866242258 0.02472572706426284 -0.13890303098609263 0.010709366507956198 0.9158527752464652 0.3765699822413127
239.43 42.25357456926185 -68.03308618902342 0.04933867284531318 -0.1448170670891366 0.011656944649001442 0.9212021725518187 0.360941394144479
239.53 41.98000232860608 -67.78809324951044 0.07014574633914429 -0.15334378758951397 0.01668334407778372 0.9260110137624629 0.3445445562314112
239.63 41.70625292331087 -67.54390354591156 0.07226211880388163 -0.1717333292172404 0.02991720897400704 0.9281052065600147 0.3289883733498208
239.73 41.439184586833676 -67.31345173964777 0.08416388642610079 -0.1536545456462119 0.030587873110426503 0.9350516753621734 0.31801419311601387
239.83 41.15729230509655 -67.0769896104443 0.1003881612905851 -0.14833563470839242 0.03302220728544835 0.9382902336970705 0.31067267445070235
239.93 40.870069875220494 -66.85267837696104 0.09847730548616142 -0.1755016673416894 0.04472509250228884 0.9374952274908617 0.2971557323909577
240.03 40.58485050792864 -66.63765930018373 0.11915813017399333 -0.14452296832299807 0.03246639796306239 0.9450575496856877 0.29141940980740727
240.13 40.288078006152425 -66.4230732547839 0.14075169899085663 -0.1522732022068651 0.030025188267079138 0.946150317695223 0.2840967023469693
240.23 39.97941539204311 -66.20556689030673 0.1421115544535119 -0.1863196059748993 0.04129165021034062 0.9416291703669021 0.2773346526606529
240.33 39.68664167441863 -65.9978885159549 0.15551385743263255 -0.17304814389977793 0.03778847443033995 0.9456634296449011 0.272666552634005
240.43 39.38827602671257 -65.78728315333002 0.168227736962469 -0.16354410469230912 0.03468187996847911 0.9475097456734987 0.27253582310585367
240.53 39.07779429727954 -65.57840885953667 0.17975002417871516 -0.17024332775250062 0.03599788429954433 0.94536752141723 0.27568389711978886
240.63 38.77279643385852 -65.37554369427379 0.1927772139893068 -0.17258077401064187 0.03181633537646724 0.9444327333668951 0.27793957866816177
240.73 38.46865015313887 -65.18263266538891 0.20503607561672565 -0.1718801350816158 0.02755555339768335 0.9458333584395766 0.2740386262996232
240.83 38.149886180961914 -64.98723712626071 0.2165460128461367 -0.1740788940635246 0.025586223367382234 0.9469053011297468 0.26909521457617597
240.93 37.83681882160003 -64.80037920506258 0.23484446025176905 -0.17511249982557942 0.02551628460307269 0.9484317351577303 0.2629862646044252
241.03 37.514137550717706 -64.60890722369942 0.24664669575682158 -0.17667936568423903 0.02002203400927388 0.9492643708939071 0.2593851847098082
241.13 37.18856468562131 -64.42959813284071 0.2567346273163901 -0.16945161248068752 0.013157016963024432 0.9509210079229281 0.2585774170788551
241.23 36.86861719408794 -64.24516765461613 0.26945629442063446 -0.18504629137501352 0.017160908661309413 0.9492604105141033 0.25370858537477153
241.33 36.53689872863038 -64.06702763039283 0.27911735023648804 -0.18752243502883906 0.02129896945786313 0.9518396469406882 0.24162569559695776
241.43 36.219838335904875 -63.88845789257795 0.29692800143711456 -0.18103449344791142 0.02317847512400709 0.9546439922485123 0.23525330717506762
241.53 35.89462857416248 -63.71394114930734 0.3041509370461109 -0.1737005929597958 0.02650348763061013 0.9561307296067507 0.23439218641092077
241.63 35.57371634416299 -63.52599734551444 0.32195573169520353 -0.1728933365603715 0.029844687752878938 0.9551333486256685 0.2386157478647891
241.73 35.240104531699885 -63.34334945858495 0.3352051719506579 -0.16756309027957808 0.028967634722872546 0.9550158014726114 0.24295741571754034
241.83 34.91022017231801 -63.16111392086748 0.34609696307190435 -0.17435513334312075 0.03139188174564246 0.9531576957806145 0.24516370900188317
241.93 34.58287621947317 -62.98442218042602 0.35207438911339745 -0.1834334994631884 0.03414437195585447 0.9509052212177899 0.24691207625220501
242.03 34.250108548550045 -62.806277647491655 0.3719590639906121 -0.170499098427193 0.024621813692292188 0.9522013117742811 0.25226273125722465
242.13 33.92504907880587 -62.62843738356246 0.38626168258830634 -0.17512936709505988 0.025248078502082594 0.9501056015811442 0.25688827368521244
242.23 33.581930487671954 -62.44889719911125 0.3912310056268826 -0.19775849242336016 0.03273804522021279 0.9454725129147499 0.2567129260326938
242.33 33.24574065784617 -62.268960590763704 0.402227805373598 -0.1978262236719421 0.026934367915643215 0.9455938290389762 0.25688837174167906
242.43 32.907368897808716 -62.0914079552693 0.4211505352886311 -0.19084814680969056 0.019463372097221838 0.9473276084415462 0.256453824869766
242.53 32.56837575134675 -61.9185758677965 0.43378058057761276 -0.20473125875985726 0.023098140915266394 0.9451989356950481 0.25327960741799
242.63 32.22724304362682 -61.740480186935876 0.4327330775167785 -0.22289761821959395 0.025742995963832692 0.9421341978247171 0.24907248591527542
242.73 31.884700627171235 -61.56405400680252 0.4462784437229585 -0.22318202590436717 0.019810378923386406 0.9441893922745854 0.2414616402584127
242.83 31.5473398220917 -61.392442910697014 0.4632371357103712 -0.21122751775589177 0.017087384055265966 0.9485411518398136 0.23528841942439901
242.93 31.20086333144355 -61.2115273675267 0.47428616791240025 -0.23779927591250874 0.027514797239834042 0.9429844522057159 0.2312461096032178
243.03 30.85651667944325 -61.02717942460292 0.47399294191120617 -0.24078522991821955 0.03952058816045532 0.9438954920225217 0.22253515745662197
243.13 30.52424175929731 -60.85022818413598 0.4952153593462874 -0.21453394575023552 0.0361574936500387 0.9518307614118994 0.2160694874428741
243.23 30.185597668127947 -60.67636811838613 0.5170258487590519 -0.20876905878722293 0.032660007604355126 0.9535517139047336 0.21468100266610832
243.33 29.835514054875336 -60.494660751414195 0.5268009002830811 -0.2296559326044788 0.0345126339689347 0.9477505756336233 0.21871414472372183
243.43 29.48691717473106 -60.312325479479654 0.5413539292316837 -0.21770504307668528 0.03197881939628804 0.9492306197698522 0.22481792593194266
243.53 29.1359613701187 -60.13077528688337 0.554993886649208 -0.2160687409729524 0.029159679443801243 0.9478808366215193 0.2323487289287089
243.63 28.781558949228913 -59.946931034427635 0.5633223214763914 -0.20886570576951144 0.02616825987461752 0.9471445126096366 0.24209008935103532
243.73 28.434696835464038 -59.76204536446784 0.5815404999341611 -0.1917239202021582 0.020264099500564806 0.9486740071424878 0.25069689440829324
243.83 28.084926393699316 -59.57142685753763 0.5888385066210142 -0.2033241384989868 0.028725281414191128 0.9447477643788916 0.2555108894204058
243.93 27.730987853836332 -59.38450038775192 0.5976486777465905 -0.18610487172524065 0.023135053913223447 0.947909562517493 0.2574824407381195
244.03 27.385206262728165 -59.19782563894337 0.6115694369414336 -0.1805000169367038 0.020684514449399605 0.9489539775517881 0.2578337511585378
244.13 27.03425091207415 -59.00340488475473 0.6150918483309835 -0.19523900614511763 0.027378080080151107 0.9450748765691185 0.2607022226381224
244.23 26.676320471253852 -58.807798804296105 0.6215563617544281 -0.19227659783922824 0.025704761840233348 0.9449593416141402 0.2634783062004904
244.33 26.329762541861257 -58.61805721854124 0.6327180670789786 -0.17270959167484 0.020147133303857184 0.9486561620321167 0.26422902225463674
244.43 25.96923990887305 -58.42640641196896 0.6530037718269922 -0.16124895079532703 0.012873125442166386 0.9500309504750398 0.2669723799351707
244.53 25.60623584961436 -58.23732941590082 0.6583650271442066 -0.18480706593745796 0.01405282747489539 0.9451867732708542 0.2688323456234011
244.63 25.249655211058286 -58.052583362113744 0.6744220656908132 -0.17806757399288195 0.003857482116957412 0.9467249520880615 0.2683075176320347
244.73 24.891565195398282 -57.86748912376853 0.6850722342773933 -0.17280753837985172 0.0010808816570702015 0.9487888208838211 0.26445445683487323
244.83 24.5234160435848 -57.67632039296209 0.693073788048236 -0.1870116088645382 0.004987349466602151 0.9475989479980367 0.25895562988320825
244.93 24.156684429692703 -57.49463889448257 0.7040394366494613 -0.18154295406168763 0.004522439692005979 0.9511221615862111 0.2497765743807087
245.03 23.79325858493805 -57.31794633435558 0.7188776708555126 -0.17675335220379162 0.0026667990636077827 0.9541562919297063 0.24153035262349495
245.13 23.423344185834548 -57.139844178987 0.7336070170861825 -0.18027484649125397 0.0011604222092094045 0.9541434198019432 0.2389769185329498
245.23 23.042046451074757 -56.962210340413826 0.7429598657493659 -0.20444171256449178 0.0029827372868917734 0.9484548342388387 0.24213243659400985
245.33 22.658241098680644 -56.792392184982994 0.7490089653200004 -0.21283336335033268 -0.0019586758730038025 0.9467932067657623 0.2414140564590524
245.43 22.280697891154688 -56.62562983747534 0.7581338759047475 -0.2070582662422069 -0.0074475473483857175 0.9489955946377715 0.2376526241752182
245.53 21.900778479600334 -56.46089996986941 0.764028145863812 -0.21085835879745282 -0.005271290578725417 0.9489188980693027 0.23465696432839958
245.63 21.51135880631658 -56.295789838086556 0.7722683063923957 -0.21648128234282293 -0.005675188452203508 0.9483565413570213 0.2317833408521572
245.73 21.124598205465933 -56.13500803139958 0.7806461621560961 -0.198089656289382 -0.009851481212335781 0.9530533032906674 0.22880742443335353
245.83 20.735705886288507 -55.97297304174108 0.7994806623318923 -0.19273470670881693 -0.011418130500652528 0.9547778202693247 0.22610235082257227
245.93 20.348141763198935 -55.81942339079174 0.8013223540310199 -0.20543290271169934 -0.007738573834511146 0.953425049367737 0.2207217981908032
246.03 19.95226583217368 -55.666448393517946 0.8079180008286009 -0.20682960301336245 -0.003503920102512332 0.9545191419333774 0.21471480047732888
246.13 19.554888203470863 -55.5139099602982 0.8148287152019063 -0.20312489600829384 -0.0026779819195051915 0.9559595589751378 0.2118358483319545
246.23 19.152493417901603 -55.35272101893521 0.8246620185160679 -0.20001453025706162 -0.000270119334316056 0.956972789184953 0.21023129044260672
246.33 18.746900743062117 -55.18948975252432 0.8324479055107773 -0.19946149063800664 0.002555357945208167 0.9566862738206373 0.2120376319935234
246.43 18.34788024576394 -55.03177762334252 0.8439690738717627 -0.2042646200194939 0.0072443813185963084 0.9549576610958055 0.21512635696732088
246.53 17.938173621881713 -54.86896836089942 0.8594680684035432 -0.1901187695603008 0.003694337680417318 0.9571462991863166 0.21843114998534108
246.63 17.530718182099527 -54.70964018531348 0.8612488316673639 -0.20301637096612926 0.00783108754276266 0.9544524283181408 0.21850306465870212
246.73 17.12918189138021 -54.54936511337326 0.8666688717455332 -0.20488546120491904 0.00900110989265994 0.9538544251125117 0.21932319416976348
246.83 16.71900031366547 -54.39639737550528 0.8833435149322121 -0.18164586514605102 -0.003156311319139886 0.9587928949140602 0.2184284826585481
246.93 16.310208220293312 -54.244699894085024 0.8920057579380951 -0.19280697018573098 -0.004003397458282262 0.9559780294896956 0.2211683797236586
247.03 15.897615081698017 -54.09268793026124 0.8996759268773129 -0.20877667499957 -0.004069550750935395 0.9519861844515591 0.2238705950904932
247.13 15.474769409555435 -53.94911053291241 0.9064262329544027 -0.20530948051915796 -0.010955724279318164 0.9531175700600926 0.2220245188199122
247.23 15.055926755870559 -53.807217251666614 0.9220177887184363 -0.18680907359735346 -0.021864338886954243 0.957657846763498 0.21798112129043584
247.33 14.635224385907735 -53.66245688782218 0.9299384268749462 -0.20319148314172297 -0.020455550997809175 0.955060358712692 0.21483599053144461
247.43 14.209499984965822 -53.52136577789148 0.9249082058192046 -0.22520924628653663 -0.012887699967444387 0.952009174569879 0.2068652559309485
247.53 13.78712173623516 -53.389578353138454 0.9472054314077163 -0.1805702267559706 -0.027667208118271596 0.9653467460512419 0.1863721510647896
247.63 13.366638886751938 -53.254379589041996 0.9465673308037534 -0.19513521113446375 -0.00990703594997589 0.9656292906786756 0.17141812330553607
247.73 12.938076137176143 -53.1199833927444 0.9533829658162156 -0.2122374948491767 -0.00728042433471208 0.9654870335694479 0.15078802741239086
247.83 12.506755925048425 -53.00082881177134 0.9850316827308183 -0.1748554219834354 -0.020337924936986 0.9749530312660573 0.13593578277031726
247.93 12.062506374992855 -52.86939991538913 0.9971326572575746 -0.2294496863622685 -0.004495975604931392 0.9641849053887591 0.13296652154616218
248.03 11.614669916933787 -52.74277345561356 0.9886324081177755 -0.26061886150575847 0.005481118079418251 0.9562508133309086 0.13278610008588096
248.13 11.186774878820023 -52.62848898668661 1.0066009423611004 -0.20689906574660144 -0.005332186432691561 0.9693211953602685 0.13259247567781113
248.23 10.746815011095775 -52.50896738217581 1.0238485346997843 -0.19684158810519903 -0.017141601465158366 0.9700515177918133 0.14127847508106883
248.33 10.30099906243235 -52.39928748319853 1.0240264095515854 -0.22787004806549013 -0.015883081664928994 0.9615197851959539 0.152652126051959
248.43 9.854652990940368 -52.28931981247819 1.0366450033714574 -0.2170877314741901 -0.02321221140696983 0.9634528266248893 0.15521842981263237
248.53 9.41658455293098 -52.182222754112786 1.0501481564883515 -0.2024203920926177 -0.027664226297465705 0.9673171746360794 0.15019373855959017
248.63 8.974834626801275 -52.077074312007454 1.0603399444098969 -0.20021644081172857 -0.030524660257660884 0.9683790009469057 0.1456836726263824
248.73 8.535070178239275 -51.97814082508241 1.0725605648251872 -0.19691380446162032 -0.03380220146246459 0.9695267338841316 0.14177544594431835
248.83 8.080946242014749 -51.879037263599244 1.0837652149510566 -0.20265555790559875 -0.02958446214496905 0.9692367296584133 0.13651244020464615
248.93 7.639659919234373 -51.784916204050496 1.096187662743125 -0.19059181465345693 -0.029071647238334972 0.9723590027322835 0.13171017166275067
249.03 7.199478841564672 -51.69306033783928 1.116745334478952 -0.18370707937871536 -0.032093618868075144 0.97398356197573 0.1287545324062901
249.13 6.744248480638327 -51.59789800314151 1.134452395846138 -0.18686778173603819 -0.02494816363202659 0.9740394635657041 0.12532016875617946
249.23 6.302167889082119 -51.51148380872949 1.1520359903009396 -0.19266843744039225 -0.01627868475802997 0.9737524677922772 0.12008334233055222
249.33 5.865323806855983 -51.42884674944541 1.177413896202259 -0.15927184485402052 -0.023567604043422886 0.9803754510173617 0.11375861514168537
249.43 5.440228157985211 -51.35047075085668 1.2159177751124526 -0.10796253054703756 -0.028371403313234296 0.9873774907606135 0.1123603409179246
249.53 5.006994401807971 -51.26730828553294 1.2360612868851153 -0.09690200846931722 -0.023916528707150133 0.9882677147084707 0.11560676655848963
249.63 4.583452687382047 -51.180742059651564 1.249485448414957 -0.06432855197486469 -0.03541464911865161 0.989906298539925 0.1212153461390312
249.73 4.146971632538891 -51.09677731168377 1.2692903555228425 -0.05190301881070675 -0.04288744914739511 0.9906359951334307 0.11877318085309628
249.83 3.704813201965711 -51.00647787673706 1.285444002610381 -0.058899863485606024 -0.03433372603739062 0.9899859885501885 0.12361126086272545
249.93 3.2631808392139594 -50.90901391320896 1.3038584659075785 -0.05462013508641377 -0.029084112874774685 0.9901521974982793 0.12557619603554634
250.03 2.805125596782401 -50.79602291958573 1.313824863966287 -0.059469059761020085 -0.02259438610045706 0.9893485520196003 0.13092886337474982
250.13 2.339875158420795 -50.69647480577845 1.3194338190470862 -0.06237482767936076 -0.021222219691583572 0.9879237593441138 0.1402342468397991
250.23 1.8930956068563107 -50.60058340750843 1.3251185205033693 -0.04751348894256231 -0.03283663663031702 0.9871343269127538 0.149097432217387
250.33 1.4283130411750433 -50.5046857899869 1.3273502750806967 -0.05752481057865339 -0.035307525301245556 0.9846035211938681 0.16124571584271047
250.43 0.9585797906149233 -50.39695398518244 1.334862499289336 -0.07354777871294003 -0.03869695076616068 0.9808160035692536 0.1763327462221123
250.53 0.4948317277157252 -50.292721325336494 1.338401158223579 -0.09398281655935281 -0.041118574671954566 0.9773063074527029 0.18533449334023322
250.63 0.0224420252804219 -50.1903139410717 1.339368829694109 -0.09734857909669353 -0.04477891965353372 0.9763844199057972 0.18759415520675746
250.73 -0.4486044126881743 -50.08592614061382 1.3383560278905529 -0.10443644894406906 -0.04483636217696937 0.9759152815186687 0.18620443619051175
250.83 -0.9137945169260755 -49.97392531919427 1.3369130745020448 -0.13993547875149911 -0.036761483381009805 0.971457420429878 0.18798174224627218
250.93 -1.3675230940785117 -49.86716263155784 1.3393766772874538 -0.15698467442384112 -0.030285079780119677 0.9694675801786528 0.18593342066799104
251.03 -1.8023923269745445 -49.77331696065233 1.3611662429033804 -0.14229837647969287 -0.03270849059972294 0.9719717739204585 0.1842612205425993
251.13 -2.2090109493483605 -49.685257518762846 1.3802273678982881 -0.11192131829365216 -0.03902908784545387 0.9768051278901434 0.17833140761201707
251.23 -2.6255669866686078 -49.600621665046155 1.3894542655661946 -0.11201708005655535 -0.039854583108738656 0.9787187271233874 0.1672526207830794
251.33 -3.0432982116914697 -49.517043335502876 1.3992908635406098 -0.11497969174902138 -0.042778811961747015 0.9801825953811643 0.1555368877285594
251.43 -3.4582335177124097 -49.43659542382378 1.4052224464573062 -0.12212939118399571 -0.041197481565194365 0.9813208895410244 0.14281628433804286
251.53 -3.8706146030782285 -49.35305252919888 1.4091885758106832 -0.11870392854667369 -0.037997080462928 0.9840813551912343 0.12668656435811937
251.63 -4.287729623448954 -49.26836174661383 1.4043275526494536 -0.1426072665909626 -0.03100091558667663 0.9827989425345905 0.11317397802115318
251.73 -4.698437716149154 -49.18101166676979 1.4004268058852156 -0.15487763237329566 -0.02773329514972063 0.9815406297232246 0.10872798872928956
251.83 -5.097464051502334 -49.09339501849111 1.403689068630109 -0.16404969716913 -0.021534436919131136 0.9798260313230434 0.11209332373976276
251.93 -5.498529927004847 -48.99471886499981 1.4079260882134943 -0.17546289074086757 -0.009754472819065442 0.9769637026174558 0.12107662037268845
252.03 -5.869387774648214 -48.89818585581406 1.4210484798716478 -0.15827001332757942 -0.006872884813308616 0.9779424886996873 0.13613175651365472
252.13 -6.209173627952746 -48.79699351534676 1.435316059116912 -0.14027868119466702 -0.00274084015812949 0.9780797895366302 0.1538645660881469
252.23 -6.541878346862545 -48.69068672836209 1.4608863650580877 -0.11623901513488462 0.004389817246913381 0.979181413180401 0.16635197908965127
252.33 -6.854855332793791 -48.58450297365268 1.4781885816757039 -0.0683972548395734 -0.0014955196877274308 0.9826251569827794 0.17253225731973268
252.43 -7.1734116002095405 -48.45113023451316 1.4937026557778479 -0.06188185807670469 0.006210179846978432 0.9809815478325463 0.18386753960203078
252.53 -7.475423995560747 -48.30083204803819 1.5015589217275003 -0.06118980331292579 0.020152888819908805 0.9766848029337712 0.20478394654112472
252.63 -7.804560575770556 -48.13678501483499 1.5009036914389768 -0.06425749574960715 0.0305347537326479 0.9715564028214844 0.22586889823756984
252.73 -8.120631666357262 -47.96409761159916 1.4911858791529133 -0.07426615276212774 0.05544170446869892 0.9626607212895019 0.2543522982909607
252.83 -8.433223212219676 -47.77934143485728 1.4912339088914108 -0.08770272303695618 0.06807541661670685 0.9517897685914553 0.2859549027888646
252.93 -8.735549505204208 -47.58823743330648 1.51334593743724 -0.0632806628997386 0.06349479683989324 0.9390690911786841 0.33183310635027163
253.03 -9.035616650285645 -47.371772338807276 1.515257804561275 -0.07317393793953945 0.08053346931474259 0.923198291161431 0.36859849473806244
253.13 -9.322280416229779 -47.14300224390823 1.4987551181766647 -0.08092576447283159 0.0869140049245958 0.9062469732147472 0.40572576937084526
253.23 -9.592550166517222 -46.90317932550613 1.491869016316417 -0.0718408113034279 0.07862311678538986 0.8897193865252551 0.4439107078899315
253.33 -9.838239319588997 -46.64437858670035 1.4942040449877418 -0.05793399239463855 0.08810358343391606 0.8671420443426218 0.48677108176700423
253.43 -10.072865261555158 -46.369216873702705 1.4823505061573985 -0.07961005050209752 0.10780182233315062 0.8359984158908126 0.5321162049672586
253.53 -10.27540333345724 -46.09171755936574 1.4818758866837796 -0.07123933617589938 0.10206502117243683 0.8028321565717162 0.5830679349858766
253.63 -10.47625413181964 -45.815635846420534 1.4863458072524973 -0.04777955112520285 0.10125433362121701 0.7706672206701485 0.627325042861949
253.73 -10.650246863077793 -45.52352784510421 1.4860014757664664 -0.04193743935010574 0.1018402414666659 0.7416679339921348 0.6616634281011804
253.83 -10.816040872452213 -45.22306144389493 1.483475133137152 -0.050375093915126595 0.10285235107962291 0.721365836175219 0.6830190877198553
253.93 -10.972008951077445 -44.9167949516947 1.478646410301187 -0.03987316086798858 0.09624062715510595 0.7080698610021662 0.6984160254945189
254.03 -11.118344471256082 -44.598061308951614 1.477524879967799 -0.028818246364119664 0.09131412134290177 0.6922842920550442 0.7152438038135787
254.13 -11.234488370244334 -44.26302470624818 1.468118205600185 -0.029603592579427157 0.10077840113621693 0.6690320460070717 0.7357740567500397
254.23 -11.350843421729392 -43.90342335601807 1.451936120467563 -0.08247783789906787 0.1565165310005761 0.6379992301449817 0.7494377653370902
254.33 -11.451399779661939 -43.54375208378159 1.4512158399382888 -0.09315624088533972 0.17663196095282377 0.6041353819129885 0.7714554462021255
254.43 -11.540334065989601 -43.1836602274571 1.466594974628385 -0.09013082887143387 0.19344820100447532 0.5738786077811788 0.7906437698143306
254.53 -11.609757007531803 -42.81837003231713 1.4664639865689122 -0.10436812317991896 0.2113224544273262 0.5407728721727656 0.8074743437662459
254.63 -11.668578089260762 -42.456578131199464 1.4825397454031783 -0.08827657033787424 0.20732704945969369 0.5145606380103249 0.8273149892889211
254.73 -11.71567782459122 -42.095643250936675 1.4728907132920481 -0.09150384486455714 0.23661518175772076 0.485053543129377 0.8368771489498334
254.83 -11.744784498716838 -41.729744003862855 1.4750301256335432 -0.09943471442436394 0.2541202569097523 0.45168898200694163 0.8494190344753285
254.93 -11.761039074058024 -41.371106305902984 1.4936568049355328 -0.072956526407297 0.24299663329902496 0.416855540402556 0.8728467447929296
255.03 -11.755591764508564 -41.01487253996019 1.5149562616559236 -0.04543125366062663 0.21354501253759872 0.3738521516597911 0.9014261464537654
255.13 -11.75072343353195 -40.64448778504718 1.5178336119250404 -0.03831393142961941 0.2289387426433036 0.3321438536483332 0.9142207366161327
255.23 -11.734505086261825 -40.27767114563776 1.53352367267834 -0.049038816360374486 0.22523595195595886 0.31286174874217143 0.921401913721942
255.33 -11.713202850930958 -39.89615115352506 1.5544841648519756 -0.031175205068373832 0.21088763904736238 0.29937875491898486 0.930014446871194
255.43 -11.686939873879444 -39.50977373448726 1.550025292519415 -0.049220633554907064 0.2365174588796741 0.28315489533474797 0.9281487629284022
255.53 -11.648269580677715 -39.11864457382357 1.561690984772351 -0.059665698094742085 0.24086801201296906 0.27554296276340623 0.928708070887376
255.63 -11.603303518839258 -38.734915754575376 1.5655827720405342 -0.05293705676413691 0.23937524253895917 0.26406875405993263 0.9328262723625443
255.73 -11.538311014893956 -38.350712785753544 1.5673867738421683 -0.05208643462658362 0.26702025562129666 0.2401785411730394 0.9318269446500348
255.83 -11.473605559608783 -37.96236083026509 1.5843251680323405 -0.05649357053304572 0.2543519239142156 0.21946572997000238 0.9401852842170522
255.93 -11.404745350813911 -37.57073493238941 1.589512129802402 -0.062257293778529836 0.28320152509737156 0.20184754581467282 0.9355097507789484
256.03 -11.330979658071548 -37.190297983503854 1.6136041637093115 -0.06390852792122978 0.2578231627061923 0.19340062549253195 0.9444782236188483
256.13 -11.259249244155724 -36.80539551823441 1.6333555669736657 -0.056575476548536695 0.24718413075009935 0.18482736536012548 0.9494935839554992
256.23 -11.181619681716315 -36.4116873194197 1.6382970108496904 -0.05698138919138839 0.2395687939753523 0.18108890489680304 0.9521379746456347
256.33 -11.103068226005911 -36.018339430765344 1.64871259276021 -0.05652245644536409 0.2316318039251501 0.17853004011616042 0.9546093149052575
256.43 -11.010568380209662 -35.61358427149271 1.6519985420935914 -0.06581913625370288 0.22772529905008937 0.17952001262304015 0.9547678223228867
256.53 -10.923697193023 -35.21467587743447 1.6468115946571862 -0.07432621140595748 0.2336016123564901 0.186090494092677 0.9514600511901846
256.63 -10.82874209037772 -34.814638781743106 1.644854160609612 -0.08095406239166164 0.23795340098527606 0.1931580488639703 0.9484274283786249
256.73 -10.72737573584998 -34.41509398697236 1.6497361830478456 -0.0830271829533756 0.23912367519563033 0.19516045689909353 0.9475435351025822
256.83 -10.634186473671704 -34.0214534080419 1.6564102067557713 -0.0816745497871591 0.2359497052805512 0.19098929162677852 0.9493050589662879
256.93 -10.53241014852042 -33.62631869167291 1.6599195933097326 -0.07075555357940409 0.23207835708843041 0.18662591585499388 0.9520000290651739
257.03 -10.430208456839399 -33.22526400983961 1.6755989374412883 -0.06630455423317023 0.22955526921169733 0.1826454653932168 0.9537026362742117
257.13 -10.323104725082384 -32.82458893079568 1.6887470832648435 -0.061592263552688785 0.2116643419552613 0.18287565142013507 0.9581028627098259
257.23 -10.224632646875303 -32.414706413176376 1.6786082067283417 -0.053543449628466716 0.19929205382794046 0.18508343684961748 0.9608121032162631
257.33 -10.109334827747448 -31.984033589473267 1.6613742037349466 -0.06469418424525425 0.22555913374129216 0.18332235717062328 0.9546363983591477
257.43 -10.001483328762415 -31.569961068068242 1.6479348459399081 -0.0778927779481285 0.2320738598537641 0.18510104640993183 0.9517415832746027
257.53 -9.886533512800815 -31.152179876125167 1.6548529769042148 -0.09734541489543116 0.30440182556283246 0.17597792138796972 0.9310720541272951
257.63 -9.775982607418465 -30.748068640087553 1.707817777958325 -0.11080404189239074 0.2868759948164822 0.17533694080399695 0.935244131276887
257.73 -9.671287612565838 -30.350910221552848 1.745334511240816 -0.08764864118588123 0.23148443121858583 0.17857771040880904 0.9522828755925542
257.83 -9.561526539083415 -29.948277245554586 1.7388859666617016 -0.07736633249163326 0.25079904682406357 0.17588354914630722 0.948777774744241
257.93 -9.44887079862737 -29.53975766780559 1.7392638039296324 -0.08880949321398333 0.2623498941339267 0.1715803907715185 0.9454340677517845
258.03 -9.337004482804604 -29.13342691191982 1.7593260264898443 -0.07524918627547969 0.23218503661086848 0.16832538449261378 0.9550362473091278
258.13 -9.22299007275481 -28.717288885848017 1.745841164525917 -0.08150303042223449 0.24038155802276376 0.161513210620506 0.9536705119639577
258.23 -9.11386039415749 -28.295942215836792 1.7278626295447383 -0.09457137299984099 0.24978277824623588 0.16351029287240826 0.949699533128924
258.33 -9.001386883741155 -27.874545433916545 1.7223152366815537 -0.09790570277265347 0.2407882944188818 0.1755691291124738 0.9495319644636122
258.43 -8.891218954226478 -27.4477191358405 1.7131959657231923 -0.0939123095207181 0.22183160389683854 0.18470080735505118 0.9528152126175533
258.53 -8.77121654515363 -27.023154125422597 1.6873782181114994 -0.09448919324649391 0.22601603596042127 0.18911617738103345 0.9509067332294738
258.63 -8.650537888420871 -26.587431480783646 1.6654426988680056 -0.0994175819701185 0.23366314216574416 0.19236591965452413 0.9478992738386897
258.73 -8.529814827019512 -26.148157822575687 1.6431913883641478 -0.08740330499733992 0.20767749276584702 0.20041683465281573 0.9534483801768082
258.83 -8.400427585852748 -25.708015465046042 1.604507536711089 -0.0998122828801626 0.23763028518554163 0.19841617075759177 0.9456216891182132
258.93 -8.268661657188812 -25.26919807780457 1.5770980402018278 -0.11106380409527605 0.27040646486728415 0.19235739073997235 0.936773083198687
259.03 -8.143224872487686 -24.82847987818392 1.5902441220605568 -0.11015404558677143 0.26196566968666174 0.19521693717731467 0.9386854753247196
259.13 -8.02476030095519 -24.3812163547038 1.603300508877885 -0.08923739905169575 0.2289570069871108 0.19995497498468742 0.9484900545292321
259.23 -7.89660873902104 -23.926650424322197 1.5733957805552 -0.09379887049008709 0.25077975197510205 0.19843166430635747 0.9428341118641705
259.33 -7.765970122836926 -23.467353890964134 1.5591164247763627 -0.1062373599548005 0.27669073128615496 0.19876208935502215 0.9341571037065409
259.43 -7.645631574015502 -23.0117686916212 1.5788665201300494 -0.09291734035065273 0.23596354744983056 0.20842299670136907 0.9445884958981204
259.53 -7.510495034224775 -22.555112582693695 1.5655291424759792 -0.08764432032075219 0.24153757260776437 0.20758785688395354 0.9438672342064797
259.63 -7.3843427787707245 -22.092506823518267 1.5381388601107566 -0.10757314483922477 0.27072378082575893 0.20126066222600053 0.9352169795534924
259.73 -7.2588256371393625 -21.637255368649463 1.5454538231002073 -0.09897355359372467 0.2455151243347868 0.2004979967712255 0.9432534721391859
259.83 -7.127048051614382 -21.183431086841168 1.5297540448974152 -0.09515650407886504 0.2577137439452409 0.19503504896565207 0.9415360829985124
259.93 -6.993168148683747 -20.725907816912542 1.5106919883016203 -0.10700486334453853 0.2741615497680319 0.1891537673923745 0.9368064133697417
260.03 -6.8617951724414565 -20.27671027056709 1.5075757103154936 -0.11041939559816372 0.28487455304669757 0.18585570813699534 0.933869210251134
260.13 -6.741613332299998 -19.828995585509915 1.524900680971184 -0.10186034640269487 0.2627377047622862 0.18644382135394916 0.9411865223248288
260.23 -6.612582576927666 -19.38304442414375 1.5234384927024234 -0.09025858267342504 0.260498312299455 0.18862617397218165 0.9425572576960703
260.33 -6.490185406310801 -18.937514889236382 1.5242770425524903 -0.08733464744338414 0.2610523706569662 0.19545592575568224 0.9412870445391814
260.43 -6.355423275200313 -18.487311703535482 1.5166674439260537 -0.09401372648595414 0.27632402048904425 0.19606605929848128 0.9361434480485129
260.53 -6.231360941029537 -18.03477243859232 1.5223330142780984 -0.08871668084952412 0.26182884562488024 0.19644105478645732 0.9407369016532574
260.63 -6.103445550181039 -17.576213370782305 1.5119269107409181 -0.09970816752185645 0.268203542186849 0.18696184508787525 0.9397714667775342
260.73 -5.977382577463689 -17.120642413158496 1.5086641652298938 -0.10543885950041967 0.2686569921526398 0.18317616758690713 0.939761969385291
260.83 -5.869597998192956 -16.673354052720835 1.5116985753958687 -0.1108544770331431 0.26945560065480406 0.19025110556056568 0.9375017232146562
260.93 -5.770314339514554 -16.243239565337163 1.528986847620564 -0.11194646540964835 0.23100441856829565 0.20479910777776278 0.9445434203559107
261.03 -5.665827073415298 -15.805502174603886 1.5110979581093245 -0.1160846653010138 0.2514367252420219 0.20993148870109696 0.9376740871610247
261.13 -5.563526135177206 -15.374010051230627 1.5057632367317235 -0.11881204438386593 0.24981285464907999 0.2220964749762962 0.9349601015896387
261.23 -5.475196566885253 -14.942280306397178 1.5097323729932934 -0.11980812086487873 0.23013131582540342 0.23125165743144574 0.937661059544708
261.33 -5.391078149095364 -14.515641812394703 1.4962524245705398 -0.10803503425958315 0.22247460326233476 0.2416137138912055 0.938326326783756
261.43 -5.311586341615033 -14.088854982196144 1.4869970500459369 -0.12159818750533917 0.24020786160523602 0.25462698008347645 0.9288052352522703
261.53 -5.241593957093494 -13.663791653001551 1.4977850941261766 -0.11758021871960693 0.19213565729679777 0.27628513303982183 0.9343047182917066
261.63 -5.178496875470398 -13.24910609088921 1.4816026448634958 -0.10151154947557892 0.1966495106043693 0.28395258157041753 0.9329497878887291
261.73 -5.111750755987845 -12.817338680236372 1.4674268732058253 -0.12811538864696922 0.21941523871047483 0.28982323284240374 0.9227382586184661
261.83 -5.052502597836686 -12.39615484548444 1.467803269086949 -0.1268622725773838 0.19410271569629997 0.30104777711043884 0.9249866677161821
261.93 -4.9883895963270355 -11.971064143305997 1.446620529757611 -0.11763605331431876 0.19963392563756177 0.29557829620459586 0.9267909826427724
262.03 -4.9255964178205005 -11.548725324787345 1.4212351205386209 -0.14040317397709576 0.24288416219113984 0.2786205649054543 0.9185122826101081
262.13 -4.879450980462696 -11.134266294154882 1.4313182347977063 -0.13411568344212804 0.21957246337507466 0.2803325031752729 0.9247781379583635
262.23 -4.835339984429041 -10.713859734191875 1.4299471002304764 -0.12255926585436519 0.19846658536922832 0.2796124301090784 0.9313469438257762
262.33 -4.801746034077639 -10.294664089503842 1.4083466703831138 -0.12513887760151088 0.19632179242056094 0.2782646894547326 0.9318619950057376
262.43 -4.76140832315945 -9.86883596129646 1.378061811118829 -0.15133257602876468 0.22311812166123002 0.27505410825832205 0.9228553476840681
262.53 -4.722314732113415 -9.455258763203418 1.3856060972010908 -0.142002130143646 0.21023614932126855 0.28639993842718076 0.9239108354284734
262.63 -4.696146609484988 -9.044427595223318 1.3912795765965367 -0.14620784157088104 0.20472885028589302 0.28931346618383064 0.923583825761635
262.73 -4.675955157661382 -8.644444920653278 1.4051190605886494 -0.12121229707286385 0.15823726059587728 0.3084270682948119 0.9301297178031136
262.83 -4.638670650020972 -8.238957109217168 1.3714112751512533 -0.154766321662352 0.22064215568103893 0.3001093674776601 0.9150403228097046
262.93 -4.618313268547177 -7.828908938000271 1.3906282314743674 -0.14239780038001587 0.18686661547839437 0.3118640129725176 0.9206218397796461
263.03 -4.5943592055479465 -7.432657737323743 1.374241878688185 -0.15933975055536803 0.209644776463215 0.30965265331200176 0.9136603011467003
263.13 -4.5663723975210715 -7.036148590010075 1.352371648651332 -0.17349920796753265 0.22411243825638816 0.31013655982151134 0.9074618196461455
263.23 -4.5349960001774825 -6.644919284254648 1.3416989508175652 -0.17114632936555466 0.23468014407324814 0.3053596407030854 0.9068570194645568
263.33 -4.5095926746371955 -6.251942986216114 1.3327760638830224 -0.17432062733855583 0.23849211204263507 0.30041928356047054 0.9069079806919493
263.43 -4.485283638248544 -5.861535809239436 1.3213616229870366 -0.1782128189430322 0.24493703863533858 0.2943575406111105 0.9064213570709304
263.53 -4.4587964227379935 -5.475839693228799 1.303041665689126 -0.1842782503765119 0.25230986253908316 0.2861256769615046 0.9058219232757624
263.63 -4.438332157254584 -5.1085167705386265 1.3054953744110718 -0.18170775854204202 0.25582864503322444 0.2748537443772943 0.9088395975461634
263.73 -4.409613735722404 -4.764672262510084 1.2898289971401642 -0.17936637330065489 0.254174595448928 0.2641759104613321 0.9129261018775126
263.83 -4.390628962628139 -4.434601666608498 1.2891567104981747 -0.16498912493905493 0.24385232217170744 0.25566154995379625 0.9208429863437814
263.93 -4.364543634868585 -4.11973112492944 1.308392711244277 -0.14569962635456002 0.22554717459254303 0.24990595113901137 0.9302940967773411
264.03 -4.339400036371689 -3.8206602940756635 1.319141503489606 -0.13229039147841526 0.21867827846821797 0.24090389576230567 0.9362928899950104
264.13 -4.311974029204608 -3.518829547570971 1.3141455389945313 -0.11905153429153369 0.21407329129640873 0.23362667888333688 0.9409664888030269
264.23 -4.285208932484203 -3.2219187407343477 1.289422187253261 -0.12722564467630215 0.2253076183046193 0.2229374685485487 0.9398664785956375
264.33 -4.252245882695574 -2.938808176263222 1.2849908441812097 -0.12021719744257299 0.23772415092151786 0.21365657693532772 0.9398861211019
264.43 -4.227566252588452 -2.6577338970675144 1.2799719457769678 -0.1122128374538531 0.21745839902463077 0.21347119182078553 0.9458066261487139
264.53 -4.208036449240708 -2.3878437797291086 1.2653993790331701 -0.10534333124246169 0.22479664135352656 0.2061688401658237 0.9465007458758783
264.63 -4.182757965827349 -2.114867587698127 1.2643226417731523 -0.09918098259353765 0.21762421319658687 0.2055045494837536 0.9489840434189748
264.73 -4.161982537014851 -1.8536598116408187 1.2605770655388848 -0.09487200077882413 0.2175435639320965 0.20271440495117374 0.9500426155100813
264.83 -4.137330686113163 -1.5844303334857903 1.2488238929134257 -0.09695910118901888 0.21533007373274565 0.19833521314946478 0.9512597096838614
264.93 -4.11178186807849 -1.3178959570210163 1.2331101803001199 -0.10172062943118813 0.2249256987299782 0.18684754439778112 0.9508676767834068
265.03 -4.085865065194329 -1.0611807112210274 1.2267929856045288 -0.10428673503087148 0.23046721707373174 0.17524441069315225 0.9514717732395953
265.13 -4.052179436790228 -0.8067791773668548 1.2244150005373808 -0.10694746896515596 0.22881158269675517 0.16856541373460757 0.95278182171903
265.23 -4.0188425295433605 -0.5675601532798347 1.2077844930920967 -0.10983362346057442 0.23687710450781221 0.165547051291643 0.9510099822431718
265.33 -3.9877016201820012 -0.34329391868422665 1.194315230758468 -0.10843524048421982 0.24401992186036625 0.15928964140895527 0.9504329994777101
265.43 -3.9552629743256897 -0.1438592821517935 1.2031660776274817 -0.10297619325426148 0.24222820436518658 0.15373272305105215 0.9524114922113167
265.53 -3.918251015744657 0.048860408649913895 1.2046458964227158 -0.0945400165010117 0.23431889647571005 0.14446352691731 0.9567063966677581
265.63 -3.8800583328628213 0.2319793534017688 1.1936927858765467 -0.09589656095256413 0.2436287335608078 0.13032129051713756 0.9562767648641141
265.73 -3.848961405352546 0.4023341175343607 1.1878148479714978 -0.09946793982278931 0.24406877691953827 0.1310423290808488 0.9557010354025348
265.83 -3.8215726603148914 0.5627650977325221 1.1913945893427909 -0.10190517375962294 0.23843621199589374 0.13519449788197385 0.9562875906925236
265.93 -3.7978151333972843 0.6920725183629977 1.1876981635979331 -0.09300159026408487 0.2261517253551472 0.1367178470364628 0.9599553800197986
266.03 -3.7741950745911272 0.8053488614860231 1.1848351094380125 -0.0774498275048813 0.2088278115835257 0.13804426900308595 0.9650576403117604
266.13 -3.7440683620529276 0.9130543947666953 1.180286963421042 -0.07070139536085202 0.2062967268584652 0.1362228726536152 0.9663779292531
266.23 -3.7159964207925014 1.0133394418537693 1.1770938020313475 -0.061490304987532794 0.20496088884629643 0.13551493402763692 0.9673911717042707
266.33 -3.6984395120733153 1.0906133766385013 1.1827793739838046 -0.047939662934741445 0.19335675146875803 0.14085418617289908 0.9697809307347319
266.43 -3.685090682231023 1.1518796163678517 1.2013716832668129 -0.04657578861402183 0.18549280401484008 0.1354429885041594 0.9721513834988644
266.53 -3.6699972108818475 1.1950715558141298 1.2135017763668707 -0.05231428596020302 0.18529795592640452 0.1247086499123186 0.9733322329251287
266.63 -3.6690270605684496 1.2302042751888391 1.2099926286703127 -0.05834558707797837 0.1785230718966736 0.12392711733392904 0.9743548505849415
266.73 -3.6716680695397517 1.2501061916937752 1.2098325947205748 -0.06225560348219867 0.16305475545213965 0.1301594082806856 0.9760102023009452
266.83 -3.6693639362128896 1.2532678564949946 1.2220293908187916 -0.06500207751424726 0.14825927822122723 0.13325212474873122 0.9777718484340306
266.93 -3.6765300902177938 1.240233301450882 1.2397773725301733 -0.06331480172244594 0.14340765426701207 0.12039009054719316 0.9802712413809349
267.03 -3.6753469943963393 1.2149279589855098 1.2558245063590718 -0.04672719275666606 0.13365285675684235 0.09207455880713893 0.9856346985360687
267.13 -3.667336147279609 1.1908619895961698 1.267297320643802 -0.03502922820516851 0.15307913375868046 0.06665347514239922 0.9853410811645296
267.23 -3.6518688087279365 1.1715166343275778 1.287356791923766 -0.024372068979697785 0.1643812459767878 0.05261588989940801 0.9846910055214585
267.33 -3.6361265875551325 1.172584599711666 1.3079873234247532 -0.01862182862835449 0.14552362040656072 0.05367723071434777 0.98772205518817
267.43 -3.6210500109219224 1.1945403861149626 1.324909004194883 -0.03271361440242951 0.12778137502467596 0.05623415350243493 0.9896663375145165
267.53 -3.622706353111194 1.2224954214600323 1.3252710637713028 -0.048230536377391296 0.10535579555693603 0.065735327066813 0.9910866957429775
267.63 -3.632075751263992 1.2206092658974457 1.3084655485651195 -0.02738273597666585 0.10814950129245433 0.05997499986810827 0.9919460018224008
267.73 -3.6323745516960604 1.2064574401489123 1.2803006060539242 -0.02336654691762099 0.15455104098249017 0.059748588079723434 0.9858996330452988
267.83 -3.627285310752797 1.1880351351691343 1.2531452162934955 -0.02846560677438056 0.194980320859763 0.039108041215886465 0.9796136712095471
267.93 -3.613468885730521 1.1698945769689924 1.2380524833803872 -0.025593642463721304 0.19212337933654391 0.005943219192715247 0.9810189859138165
268.03 -3.58236303316304 1.1576681262819029 1.2243647288682855 -0.0395122379642319 0.20176330527053954 -0.034021606686656665 0.9780454396273331
268.13 -3.5393754858623248 1.1513375051082062 1.1975336868398538 -0.06408221121603286 0.2263958727452392 -0.06337388647036009 0.9698567572189345
268.23 -3.5002128483922816 1.1556995109220496 1.1712086626155012 -0.09056945784129779 0.2150585811157553 -0.056992769324191055 0.9707207653283055
268.33 -3.462371931190271 1.1603533085122497 1.1356399207269678 -0.10325705629651097 0.17990764183609206 -0.013863954848322518 0.9781508122421201
268.43 -3.4166166233183684 1.1591087208907895 1.0867426272757261 -0.09223923868977131 0.1463972861297416 0.05322151701710665 0.9834771108603269
268.53 -3.376936518251346 1.1472633747697125 1.0217706453522724 -0.0760069443903024 0.12152326556948494 0.1214762807776284 0.9821906910260414
268.63 -3.34799729903012 1.1367654697494793 0.9583490683779746 -0.07385658807735362 0.09860142949730903 0.18156683764007892 0.975631306369389
268.73 -3.310295437969773 1.1223233038641554 0.9004244262457621 -0.09786924214798622 0.1368134504722987 0.2008915402831091 0.9650628374639254
268.83 -3.2728217488569658 1.1182714558425355 0.8560728147848291 -0.1123806690096481 0.18676230657008439 0.2037333114168274 0.9544543802071944
268.93 -3.2409732677861305 1.1385346606366618 0.8368549435788951 -0.1210166953729112 0.18554896261019885 0.2057843604526039 0.9531942818273785
269.03 -3.2162231502135032 1.1817014072453436 0.8345655145939709 -0.11247494425381464 0.16064812937643788 0.24054761486165452 0.950620013689656
269.13 -3.1872626933140618 1.2354383657595533 0.8420564015234799 -0.06763597631890143 0.12641009672758888 0.28333832009722776 0.9482432486009018
269.23 -3.1400425024401426 1.3071845262544868 0.8502384675171728 -0.029988479728295624 0.10377524313928838 0.30731976429357966 0.9454554206674718
269.33 -3.0649878539319944 1.410936213936609 0.8393008748275151 -0.02223873450609507 0.11227983084999979 0.3084591624551357 0.9443260154042878
269.43 -2.9741354649002067 1.5201137274326368 0.8236139194196641 -0.010683665573609832 0.11986478695177245 0.2942772586486269 0.9481134885556511
269.53 -2.8864587362843297 1.6395994566831416 0.8023773164943888 -0.015134867883611933 0.14347226158041765 0.28124821517080584 0.9487286690062561
269.63 -2.811615763238821 1.763514374160662 0.7818633397411057 -0.01902657854423928 0.12937134238417738 0.2658048275879883 0.9551171858518387
269.73 -2.722060659553253 1.894325908293648 0.735249703622472 -0.003424076871345778 0.14930799175160972 0.251244440704005 0.9563323848495419
269.83 -2.645576655237319 2.025745591654447 0.6852819948004631 0.020347973843244695 0.13815091992051695 0.2470362763622799 0.95889173604044
269.93 -2.5785366159819367 2.150000331976009 0.6450877481467414 0.022902316239345355 0.12986178948485436 0.23138709369163465 0.9638835056248256
270.03 -2.5196963455778802 2.26185913515694 0.5942239213254903 0.03307341453033998 0.12423895071514064 0.2029096836565344 0.9707206048368965
270.13 -2.4619769754986858 2.35385582009038 0.5320887774583817 0.02635114672574886 0.107690125556226 0.15638581901320942 0.9814539874775027
270.23 -2.4207257757611376 2.425163668361071 0.46730077033446515 0.03987086996988371 0.08237097395432234 0.11048134331535751 0.989656106512204
270.33 -2.380359003512014 2.479413163632836 0.38540205976869724 0.04142276003674324 0.12073896482159406 0.07748311524436373 0.988788462805254
270.43 -2.3537033233660396 2.511686748235776 0.3193695906165094 0.03955672307042918 0.12840615000155756 0.05732965523812284 0.9892726807771378
270.53 -2.339520163938137 2.5240164047072104 0.2672935906142042 0.01942532150388547 0.11539878529899358 0.03182934433723613 0.9926190961668272
270.63 -2.320268799533816 2.5328478531716963 0.21944717721722962 0.0034065972222231083 0.13322715508840952 0.009107922727937992 0.9910378226818574
270.73 -2.3146297638092466 2.536598127385016 0.17716835373820727 -0.0067356964268971324 0.15844145084086902 -0.004162460439691574 0.9873366249522872
270.83 -2.329547589187679 2.5315600101372353 0.16202166965639475 -0.012424908661760345 0.15826198759685645 -0.00573686115154688 0.9873023110227016
270.93 -2.3314922989059794 2.5200322643911828 0.1571653298352519 -0.007829256253373409 0.15690670718903377 -0.013952446070002475 0.9874838313786598
271.03 -2.3297136892045454 2.5141448264538124 0.16013130267266223 0.0011574975778537457 0.1563858931436915 -0.018670666001598953 0.9875188701265734
271.13 -2.326880643451602 2.518803645966261 0.15649322858059336 -0.0008782691115309721 0.16450568345682184 -0.015551999689808535 0.9862531338654494
271.23 -2.3230597466447405 2.524921957816995 0.15842190940655393 -0.0074316172652984375 0.1653214904564325 -0.010340664999927278 0.9861575160720751
271.33 -2.317376283998854 2.529878544698333 0.1511736665779393 -0.0048071979143426355 0.17044865098400422 -0.0068088901863892146 0.9853313083630173
271.43 -2.311345632274152 2.533841745166867 0.14009298278165483 -0.0003774810020699161 0.17923532728475344 -0.0028241610740509814 0.9838021036140593
271.53 -2.304074449660797 2.5386082670911607 0.12778998836212144 0.000358898215574031 0.1875455757056901 -0.0010930732929765993 0.9822552282457286
271.63 -2.29760969297308 2.539349816602966 0.1085465434413716 0.006902335021148845 0.20795806692334942 -0.0001722193165587492 0.9781133730367184
271.73 -2.2941270913862906 2.541297020540551 0.08238972214883016 0.0027037730717618972 0.24232707982634208 -0.00027041709282225754 0.9701908074541885
271.83 -2.2969276821477242 2.5392984549899302 0.0804467254031824 0.002967881571153615 0.24071803797462674 -0.0015075384191442617 0.9705893803254497
271.93 -2.3010814583970753 2.5349679981806674 0.08663805596866068 0.010537337802967247 0.22973503889827424 -0.00552355350544255 0.9731804903362516
272.03 -2.3044157302064683 2.5314654545668582 0.09074483472270237 0.013831004599888013 0.2158519581831297 -0.01290622860132547 0.9762428308180074
272.13 -2.3004237323560575 2.5304140579966825 0.08545292383051735 0.014302180857971147 0.2201012132670029 -0.017788735558354783 0.9752099591515327
272.23 -2.2949973112126036 2.534552821077745 0.07885482858054746 0.007969241839720809 0.240215572967778 -0.02149854313469183 0.9704487530680577
272.33 -2.2934123931148624 2.5371517368225045 0.07409906079460474 -0.001071522308296064 0.24713918322877246 -0.021385259560921695 0.968743385333015
272.43 -2.2941290956576834 2.5372078753406666 0.08137099782044109 0.0013453882079236563 0.236403770315325 -0.023806659755782392 0.9713622857937926
272.53 -2.29170782037775 2.531084851477197 0.08702717553123879 0.015746654066235828 0.22776800776010814 -0.030508637082662084 0.9731099632570146
272.63 -2.2842468086356043 2.5318640854068737 0.07282952240866784 0.01164124423071559 0.25162789758674275 -0.045221113884513546 0.9666969191260931
272.73 -2.2893365537836368 2.539404620572679 0.0755439521400276 0.009948236642079566 0.24266667783019483 -0.04230658919946217 0.9691357327892094
272.83 -2.28802998257687 2.537111283415387 0.08057241697641028 0.007115768951415331 0.2419581501479004 -0.04259315029870296 0.9693252513768885
272.93 -2.288104175109218 2.5350221621785725 0.08350826609117996 0.00763094968349655 0.24064286827337708 -0.042621064067088855 0.9696474738036908
273.03 -2.2893661191285437 2.5351374011230723 0.07930304516174577 0.007513899657943444 0.23977795582858558 -0.0422442673922077 0.9698791136441133
273.13 -2.2924248693044516 2.5348809438894286 0.0770676156081664 0.007949812205061997 0.2402876708563331 -0.042153833565667743 0.9697534171303862
273.23 -2.2939164420489897 2.5347462543408414 0.07654668648540887 0.008189677065046537 0.23979736037214028 -0.0419384203950944 0.9698821186324083
273.33 -2.2939520523183936 2.5354528483509315 0.07510944630299607 0.008316804385191733 0.23958735115620947 -0.04156238379785976 0.9699491224717971
273.43 -2.2948694810564594 2.5363965078230635 0.07473927794188234 0.008348457313555106 0.2385017291379813 -0.03938382555963836 0.9703072414152977
273.53 -2.29330799383607 2.536911202640814 0.07352618360892257 0.007156524451687086 0.2397480206777152 -0.03967160580399469 0.9699978527975323
273.63 -2.2943863720347846 2.5369671260269597 0.07471093180825034 0.007582120797581246 0.2388974193800647 -0.039527823197425566 0.970210330624772
273.73 -2.2938702782734524 2.538016677468236 0.07303220002716168 0.0071145856585397935 0.23948480401485212 -0.0396999668231537 0.9700620206724495
273.83 -2.29303837528235 2.537431712649296 0.07283698487457203 0.007688544365165314 0.23906387259609896 -0.03955885216403259 0.9701672269873712
273.93 -2.2920060170571244 2.537086989739931 0.07250780619506689 0.007465325119879372 0.2392506410808741 -0.039639264091136946 0.9701196464382931
274.03 -2.2903159823528196 2.5369268967121013 0.07274883011148198 0.007419967171821827 0.2392452929281806 -0.0394321209516086 0.9701297551029634
274.13 -2.2899282764895452 2.5378049060166803 0.07343826247718258 0.007429291074981818 0.23988409117127965 -0.0396344821611615 0.9699636778049315
274.23 -2.2889699204951333 2.5362189560749835 0.07675986142044433 0.007864847294983778 0.24017932026223335 -0.03952972254477973 0.9698914574997198
274.33 -2.285790633251358 2.5367466779919403 0.07727328470679715 0.007877768661178359 0.2399574112653621 -0.03964056770320663 0.9699417544017345
274.43 -2.285376044538644 2.5353938168263412 0.0807456166352307 0.007982196457009661 0.24004412191238028 -0.03935616541720283 0.969931026578019
274.53 -2.287442881261647 2.5362768185170315 0.07753365792109818 0.008129800319238762 0.24000783855851757 -0.039502150656327104 0.9699328450314293
274.63 -2.2868536979230067 2.536643528868027 0.07712637193454688 0.007900169709116596 0.2401929491291433 -0.039593151730146596 0.9698852080753091
274.73 -2.2908891550495163 2.537262876406018 0.07664507238780265 0.007845745486069922 0.2401896943516187 -0.03956272747225877 0.9698876974165617
274.83 -2.2887459095253946 2.536734675740367 0.07557536505273926 0.008034367982249472 0.24017880946587838 -0.03954889019612442 0.969889413128597
274.93 -2.289129130047458 2.537393792312822 0.07592633445045242 0.00797253993080678 0.24016464128502354 -0.039605574911439206 0.9698911186929293
275.03 -2.2895545559844144 2.5368527209336404 0.07434223746093095 0.007770945673489873 0.24004746986586598 -0.03956723620737989 0.9699233260589444
275.13 -2.2888892581642133 2.5378832005895506 0.0753861280118942 0.008045398207725008 0.24012170350876813 -0.039677443607087616 0.9698982109172761
275.23 -2.2895714376073206 2.538065168594495 0.07501455793058989 0.007931395372930741 0.23999197542342673 -0.039669295600587504 0.9699315912405128
275.33 -2.288982950820372 2.5369133210510517 0.07471753653552227 0.00794405437272649 0.24029404841680613 -0.039512832995405915 0.9698630822565947
275.43 -2.2876610015029692 2.538126293566165 0.07466662264744893 0.007817853386587817 0.24022287466748735 -0.03965364278510296 0.9698759922117808
275.53 -2.288344178745125 2.537733806123456 0.07399590270446577 0.008063370402837576 0.24005445990069876 -0.03960294908121973 0.9699177515457694
275.63 -2.286646519413396 2.5381941848388268 0.07556555468004394 0.007860140165962072 0.24031309211041318 -0.0397227653791331 0.9698504719117984
275.73 -2.2877432684886836 2.538705274739522 0.07685800254353195 0.008175634254432566 0.24007360746541184 -0.03969696476859397 0.9699082291594613
275.83 -2.2852575269643194 2.5385139418089087 0.07716239611077345 0.007812489834679225 0.24028934639862756 -0.0397518108205818 0.9698555503508697
275.93 -2.28817617326014 2.538191585250292 0.07634379125006291 0.007775019550551534 0.24045278475721962 -0.03968738096898407 0.9698179824922353
276.03 -2.287338899505025 2.53803770056257 0.07768969632944484 0.007760531510918071 0.24054587881093023 -0.03972033372671463 0.9697936633255466
276.13 -2.287741940458182 2.5364456207786144 0.07737735445394367 0.007693344193748849 0.24038563031073487 -0.03967221939519464 0.9698359016882634
276.23 -2.28799649379959 2.5384773299814682 0.07715680306613312 0.007644873363939224 0.24065005671155848 -0.0399607538277684 0.9697588588249604
276.33 -2.28944999881443 2.537205088102326 0.07684115081227823 0.007562740080678096 0.24046740754601978 -0.03970245194571513 0.9698154186132879
276.43 -2.2894117526657776 2.5390601811251274 0.07719688693229675 0.007712617228741052 0.24042194548060086 -0.03982948365406112 0.9698203008282807
276.53 -2.28926079313072 2.540138244051667 0.07782542295890138 0.0077841024691345725 0.24038386954140292 -0.03997188364277802 0.969823309438941
276.63 -2.288410521531289 2.541302646421291 0.07700841863499851 0.007922304319855963 0.2404034039464119 -0.039816596329864534 0.9698237361097874
276.73 -2.2888111708551597 2.5391124066476665 0.07626068853730424 0.0077738252964742825 0.24010653777099872 -0.039742017692493144 0.9699015363373819
276.83 -2.2873030787522945 2.5422407070279447 0.07658965736214086 0.007800339531556345 0.24001862200596452 -0.039697691396450005 0.9699248986861523
276.93 -2.287173119176879 2.5373370515455735 0.07755513186434261 0.00793676799944408 0.24003185823951784 -0.03963665657428673 0.9699230125115184
277.03 -2.2870290039566554 2.537951836408667 0.07765990138017942 0.007726702140994737 0.2400731737848239 -0.039652642434644246 0.9699138298069868
277.13 -2.288268786576352 2.538090003315635 0.07681879028269223 0.00792052697692272 0.24015490227222783 -0.039730549331020514 0.9698888449801246
277.23 -2.2895079713500897 2.5371730170980613 0.07614170887346877 0.007836639796125653 0.24026507771752909 -0.03957686751684037 0.9698685225656363
277.33 -2.2874065384009516 2.5395790576447674 0.07569981983965174 0.007774975553524711 0.24015998262243382 -0.0397116754711331 0.969889537696541
277.43 -2.287482764652069 2.53839631591787 0.07637887298532357 0.007820617250339949 0.24019047226048046 -0.03959184850496591 0.9698865193996002
277.53 -2.287639693534955 2.539186602695127 0.07690359139104401 0.0077543230078636225 0.24036731294665495 -0.039719519086871734 0.9698380200554122
277.63 -2.288682387383172 2.5378922144229668 0.07765536807063325 0.007781303486287013 0.24018433996819671 -0.03994732563502252 0.9698737780374854
277.73 -2.2858706052910116 2.537577464523887 0.07938431813208595 0.007702459641414769 0.24006964998017083 -0.03989040884457224 0.9699051451333186
277.83 -2.285773105729141 2.5395952100597974 0.08208500663953644 0.007871156129392959 0.23992584303751385 -0.039838408644604494 0.969941511608092
277.93 -2.287066168770923 2.541250269361182 0.0811483603537527 0.007989308392825994 0.2400584173385452 -0.04001199989019305 0.9699005964948699
278.03 -2.286162044409605 2.541409836443558 0.08189368369064476 0.007856788614431379 0.24003668690159796 -0.03971313360822306 0.9699193403747488
278.13 -2.2840990418206757 2.54374813896772 0.08147636166105364 0.00787861733271384 0.24000637280138865 -0.03955508064318244 0.969933123467261
278.23 -2.2869376552687317 2.5411866706604624 0.0800036197488388 0.00784974069345744 0.24025764474249145 -0.039606192329900536 0.9698690608752106
278.33 -2.285321828426092 2.53919916536663 0.07937328180492736 0.007800864774309891 0.24041500462426765 -0.039661105198751975 0.969828216126289
278.43 -2.28524915349015 2.5384218597814256 0.07716207239432289 0.007718887135458331 0.2401772085080492 -0.03966904174349411 0.969887464823535
278.53 -2.286932579083881 2.5390629484549265 0.07744005151958364 0.00789978263680073 0.24034418606384414 -0.03977088546735296 0.9698404726184313
278.63 -2.2865849859856215 2.5374261300789325 0.07719770619119593 0.007921940410278376 0.2403331776122647 -0.03958205105166919 0.9698507451321934
278.73 -2.286404982069584 2.537436470385646 0.0783133356027465 0.007748141937138564 0.2402781781446194 -0.03957717959441464 0.9698659754107143
278.83 -2.286719631630487 2.538062626646091 0.07728941073444816 0.007717220059596636 0.24031187331440645 -0.039748805046558054 0.9698508547998723
278.93 -2.28705907943104 2.5379829207843816 0.07667654252495137 0.0078089862612228285 0.24024631407933394 -0.03971579751650326 0.969867714553121
279.03 -2.2881204575494705 2.537235172013982 0.07752825301968455 0.007734504458594662 0.24007260022204488 -0.03964622662365431 0.9699141718615684
279.13 -2.287645634455909 2.5399736943525903 0.0770606624457574 0.0077368727042081645 0.24003653442482709 -0.03959060234395409 0.9699253513276787
279.23 -2.2872435260031407 2.538686520237793 0.07754510128649265 0.007841199778689863 0.23936434366900683 -0.03934243703393326 0.9701007160156966
279.33 -2.286422448400167 2.5419213921981756 0.0799194555766037 0.007777241167742468 0.2397996927608665 -0.039581278207068624 0.9699839917684764
279.43 -2.2873614947338483 2.5450067434100307 0.08042500862502766 0.00768314291317869 0.2401587600245091 -0.0394760610043119 0.9699001906928619
279.53 -2.2857780085086086 2.543580808369108 0.08189484475454681 0.007904062504840973 0.2398636544988667 -0.03952424011192056 0.9699694776073849
279.63 -2.286116467923394 2.541093342461523 0.0789120978962019 0.007839858656068628 0.24003630950034216 -0.0395112527486871 0.9699278156873007
279.73 -2.28653506430006 2.539034837345021 0.07537717438633494 0.007803732602134614 0.2400164082289002 -0.039677970795589323 0.9699262261491421
279.83 -2.2895269270923726 2.538419616604856 0.07705330862842863 0.007787095909485649 0.2401986847723838 -0.03964662678843366 0.9698825176046901
279.93 -2.288399611507291 2.53850997272345 0.07639410030450694 0.007734036385447212 0.2400537035735028 -0.03967718193379913 0.9699175868678873
280.03 -2.2876628464384017 2.5369263126220196 0.07779353193407437 0.007725481581110144 0.24027832050423867 -0.03955580229723212 0.9698669930122504
280.13 -2.289045347315906 2.536770965936749 0.07782154368787239 0.007802206117781391 0.24021907546411841 -0.03961172140065011 0.969878772265141
280.23 -2.28704160134645 2.537190543711635 0.07721221534549343 0.007923124337269988 0.2401528974348886 -0.03967506831043658 0.9698915913177751
280.33 -2.2873172196323837 2.5367273168038706 0.07845294350724576 0.007915830497583482 0.2402139926996947 -0.039612197257725315 0.9698790910042444
280.43 -2.2859574036199 2.5364388531637867 0.07871199304954132 0.007533892198236304 0.2405332080154366 -0.03959680978585828 0.969803644540961
280.53 -2.284941161398682 2.5387696128568984 0.08076361440557106 0.00799759901904359 0.24008817641159347 -0.03951422345523994 0.9699135693978178
280.63 -2.284164857453944 2.5427045165211313 0.08234963587206909 0.0077317796557853655 0.24007361768372454 -0.03946602590419726 0.9699212908658789
280.73 -2.2855656285287114 2.5420354484693894 0.08551145670316712 0.007750868522512909 0.24000380125905918 -0.03950709739614905 0.9699367446765175
280.83 -2.285174908286776 2.5420546611212993 0.08696132629521913 0.007865792532750247 0.2401211377787686 -0.03953696318406619 0.9699055608881946
280.93 -2.284428421302299 2.5418540555296607 0.08458098490677318 0.007782340962891496 0.2400814699372925 -0.03956428716487679 0.9699149396431739
281.03 -2.2834123225296348 2.5442069347868546 0.08692003608929158 0.007795848832188579 0.23976705003869084 -0.03957519749557537 0.9699921598651795
281.13 -2.283291219374134 2.5451899000327463 0.08544314111942675 0.007757846575919015 0.23998737271578302 -0.039623679413020765 0.9699359982922865
281.23 -2.2816706760446497 2.5397706993079567 0.08247460947294165 0.007548899917121032 0.23989872613943083 -0.03955212070430893 0.9699624967257814
281.33 -2.285182426046672 2.5393772983420932 0.07980438361327623 0.007421713168335532 0.2402657599877997 -0.039467880801446656 0.9698760586467609
281.43 -2.2840690633606267 2.539314134467418 0.0785418136968691 0.007372385768623457 0.24045434858804168 -0.03970552869724119 0.9698199962694376
281.53 -2.284920844637288 2.540290113656033 0.07798362300222489 0.0075217125059393345 0.24053151027976294 -0.03985539897764155 0.9697935675059138
281.63 -2.284006300751814 2.537492804230233 0.07729421519098481 0.007524594914870239 0.24049231748571764 -0.039857076269899185 0.9698031961036896
281.73 -2.287198816355896 2.540184251607759 0.07873745178478639 0.0073579195856669395 0.24061508646925062 -0.039870304751534094 0.9697734786958168
281.83 -2.2852189328784482 2.5387189267770975 0.0791156088924152 0.007458274352347353 0.24053671135591992 -0.03977879946087212 0.9697959124203482
281.93 -2.2877283034044673 2.539538875975727 0.0792141535164114 0.007349398749031689 0.24072035036175482 -0.04000568446205811 0.9697418442402411
282.03 -2.2847082530136302 2.5409365238201005 0.07912597043001948 0.007602137379787105 0.2405789294261201 -0.03989825771173966 0.9697794157719624
282.13 -2.284741347764045 2.539927858986927 0.07876571411113151 0.007803698340841535 0.2403992546420483 -0.03980241822744211 0.96982630824442