0.0 0.02224570639756579 -0.030552509773445747 0.03437544462864157 0.07894901676863311 0.40911603302367505 -0.03555763636581551 0.9083648929644484
0.13 0.02484096316936603 -0.029364859280699953 0.034996899294328886 0.0774238699799589 0.4079159201760881 -0.03715476776096988 0.9089717650493057
0.23 0.05721651799098827 -0.01709486320756617 0.045862865838395744 0.07275664255385979 0.40940467764435456 -0.04266718611930943 0.9084458113260648
0.33 0.06925248144583357 -0.021299054714242392 0.051684170337240404 0.06766379796835315 0.40455447683436385 -0.0450023396753518 0.9108963031769951
0.43 0.0998759893904142 -0.04796184178901972 0.05141331132502634 0.06513607349763723 0.4018283999583467 -0.044085413868000134 0.9123309186914103
0.53 0.1268871923283478 -0.06181914468469769 0.0394467450618331 0.06275361572018764 0.40417973632742293 -0.04027502277089218 0.9116351501544586
0.63 0.16603387619702806 -0.09211940178755043 0.0377965598901875 0.05983426831324344 0.4066633021646393 -0.03382429808743695 0.9109888780149087
0.73 0.1949906146051847 -0.12684749189727268 0.03787445874246419 0.05916790970907963 0.4024486295114539 -0.025604925027718058 0.9131695608589544
0.83 0.22224503561715236 -0.13619938038360008 0.039792352680324654 0.05662513387007686 0.38922221566073295 -0.018046632579490837 0.9192246624753314
0.93 0.23956642396165273 -0.16205218176886632 0.03591828536380192 0.0533627412960813 0.38526087879841137 -0.0036396085277903634 0.9212563304306829
1.03 0.2810323738075479 -0.16249834426220186 0.04527225530286726 0.053866627365466754 0.39068932265919487 0.0029582781964737634 0.9189404160262417
1.13 0.3090918438850729 -0.18421318088892902 0.06126223694637873 0.05624266736115074 0.39302413100477324 0.0015557982708848178 0.9178051940950138
1.23 0.35088931100590753 -0.208448346245377 0.05573697542041135 0.06088394277539966 0.40123200056154984 -0.003041949556758065 0.9139457170863009
1.33 0.3842688674497307 -0.23643665034194128 0.05630671101806052 0.061880118707408484 0.4121011971017095 -0.004407370132526973 0.9090236681982544
1.43 0.41595692871726775 -0.24338780131183405 0.06139245363350022 0.06531360217213449 0.4179224263970111 -0.0051015891297593015 0.9061175159294108
1.53 0.4570107010180785 -0.2571309537738466 0.054540779635935066 0.06475849263972408 0.41609710408645184 0.0009024696697121416 0.9070108726748509
1.63 0.5037664059972395 -0.28153451940235913 0.05388825434677539 0.05761074419396693 0.4096078968285783 0.014686265925426283 0.9103222982011666
1.73 0.5430662532196174 -0.31436043761178756 0.06705993341879071 0.05190944489630039 0.40836504750094743 0.020895785666445184 0.9111019501962933
1.83 0.5870964842087409 -0.3315194366377927 0.06866786753947898 0.04810846996894186 0.40616208638058976 0.02578263219617054 0.9121694966294647
1.9300000000000002 0.6261120282748053 -0.33900892928204457 0.0681754479352651 0.04119595499579494 0.40829451539589195 0.02890754325494755 0.911461922371188
2.03 0.6701345132599134 -0.34822873130217796 0.073056784814678 0.04173601474580583 0.41223969672685973 0.0333319524555787 0.9095083938376729
2.13 0.7197229927579157 -0.35615196787193193 0.07742937033658834 0.0399906026897712 0.4092460169678434 0.03728612199535327 0.9107843841431473
2.23 0.7622372334320101 -0.3560457620196338 0.06265237511145522 0.03973294073422842 0.4048440523471626 0.03780885270272187 0.9127393260712732
2.33 0.8304505491398523 -0.3623295271730685 0.07312070196598436 0.03985662518372953 0.3922699055574681 0.0325885801579305 0.918408272537976
2.43 0.8791020046688405 -0.3654959615961253 0.07204967102100653 0.04219996091721879 0.39689970963352983 0.02448588302570281 0.9165643596190378
2.5300000000000002 0.9369975885002824 -0.36722916935875055 0.06313262352055546 0.04551394682260466 0.3981207634759985 0.012309734254090366 0.9161205208794915
2.63 0.9851022517073204 -0.38039952742917726 0.059697897762095505 0.04373845052229294 0.4048172972137913 -0.003598464909990998 0.9133438316826373
2.73 1.0224964101102167 -0.3871548242753995 0.04466471364419895 0.04579388546633523 0.41130895817721397 -0.015326149382984397 0.9102158920399938
2.83 1.0670664459355592 -0.3973776980632179 0.01818650008750472 0.04777910002997961 0.4370298577181413 -0.021124255796013174 0.8979286312843862
2.93 1.118429900751143 -0.40583921230161746 -0.009880035434881945 0.04727551563827783 0.46771819314156277 -0.021818730344778794 0.8823427114402139
3.03 1.193247828396778 -0.4122705981171184 -0.03659005119289867 0.04356530909697108 0.4940654086578195 -0.018383063829135973 0.868137949162068
3.13 1.2536840599325134 -0.4244264817143721 -0.05480026154536984 0.039703066956830076 0.5045471280720278 -0.018340986011080213 0.8622757507089202
3.23 1.3151747923063735 -0.43136814810922697 -0.061627672856678105 0.03422850619711465 0.5031542033731828 -0.012220473017052584 0.8634320569857545
3.33 1.3520345666627784 -0.4380365627612758 -0.06877417565900798 0.027299836226218142 0.49645221393746125 -0.0060255899677777785 0.8676137449834203
3.43 1.402641380003833 -0.44170147786351127 -0.06238120144713674 0.01795628333580399 0.49426741682127606 0.0026331194323957283 0.869120451513852
3.5300000000000002 1.4634624533464708 -0.43209117315348367 -0.05819225453457021 0.008430009875626053 0.48098811078461384 0.019892084242367054 0.8764608817293784
3.63 1.5239679915104494 -0.420339224334384 -0.040996087627456934 -0.006387542450738626 0.46043010279295943 0.04060672457626189 0.8867437136302081
3.73 1.6004482137798357 -0.41071483531393893 -0.035661377713360684 -0.020125120922661333 0.44683400399864875 0.05808227691380395 0.892502549848958
3.83 1.6704435849860158 -0.3924337921754322 -0.03101331187199377 -0.03124343395992955 0.463296692058134 0.0710358449491777 0.882798919173975
3.93 1.7212173679900702 -0.38691584491413655 -0.034059591194195896 -0.029263831129633284 0.4754097796009088 0.08311242502221965 0.8753407876103785
4.03 1.762773966211152 -0.38520657173303713 -0.023794868636984372 -0.028017646487834967 0.47855104785547 0.09781593706780484 0.8721444539394044
4.13 1.8057184451523816 -0.358796075125364 -0.019660757428378 -0.03151460972494721 0.4731667208283446 0.11974270127922657 0.8722280488294272
4.23 1.8560912043677398 -0.3380235465294924 -0.026018355160953632 -0.04705383966995972 0.4701559727798566 0.14579694094340043 0.8691849914967971
4.33 1.9101093141563494 -0.3157696755547377 -0.030688965002924035 -0.06534132789723389 0.46239182033038234 0.17964878008801144 0.8658236721025078
4.43 1.9436555723482758 -0.2962096196967726 -0.024026937972499253 -0.0877851210342549 0.4491738929960862 0.21775329538874977 0.8620441338603737
4.53 2.0027501772250966 -0.2813439683661608 -0.015817501934181306 -0.11039410249740313 0.4472766911809372 0.24593600780017028 0.8528025467406508
4.63 2.0245139156985665 -0.26212810353408755 -0.0172665853862043 -0.12244302587258822 0.4399596604628853 0.28039558646124246 0.8442875799593426
4.73 2.0518865355676046 -0.23035051888752875 -0.030778879738939988 -0.13772392634140962 0.4442796649879767 0.30321867107051936 0.8316887259699421
4.83 2.0736656880836652 -0.21775545906651503 -0.027387167202878766 -0.14364684007791026 0.4461921298981901 0.32515517285247614 0.8213113186361336
4.93 2.107034808348291 -0.19227878827771167 -0.02138838888802992 -0.13867195706543203 0.4395152269032016 0.33686607736258206 0.8210467097347246
5.03 2.146697242701581 -0.1802289126274922 -0.010881540838122289 -0.11655995786605029 0.4344686706134227 0.3304432230161547 0.8297337083910512
5.13 2.194641811186252 -0.19241624808539412 -0.004024306129829569 -0.08559318858114803 0.43775339604925667 0.3082539126211111 0.8402531140493508
5.23 2.2502268869472317 -0.22635912561361585 -0.00912075517044187 -0.05660645901886516 0.4493311986615698 0.2645095824206819 0.8514293062341342
5.33 2.3095316420973244 -0.2686915708816114 -0.004881069582735688 -0.028203595326107275 0.44566978962013515 0.2143416576116204 0.8687005523440908
5.43 2.360491376099831 -0.32433792485119495 -0.004453224717844574 -0.006134192301198352 0.43166605981409534 0.1687395172983106 0.8860890247550294
5.53 2.4141129108389605 -0.3903653258959919 -0.0084545783031914 0.008912867815523225 0.426660009599202 0.13107973799366004 0.8948183610563798
5.63 2.4618211073145333 -0.4441605467492811 -0.01236851362391806 0.01805903373774422 0.43405061258968686 0.09480750907484355 0.8957038981906912
5.73 2.517809402280826 -0.5041620851263265 -0.019922763553837368 0.02227269358740972 0.44599259811008024 0.0634431885683886 0.8925074181067951
5.83 2.5705674800676066 -0.551046147344913 -0.029925228607300465 0.026488272936361083 0.46041816705400557 0.03838675771700736 0.8864761359875711
5.93 2.619382979716757 -0.5767003916508853 -0.035141097943142664 0.028000343470675582 0.4694414893236315 0.0274851556637795 0.8820913983739288
6.03 2.668283096830043 -0.6074864475636373 -0.047311953472546624 0.031632181251519995 0.47916320288669545 0.024518236508422196 0.876812914017096
6.13 2.734807449999832 -0.6309584979470401 -0.0483431076924605 0.0415661524599514 0.46692520951364075 0.025831189248790385 0.8829415911329085
6.23 2.8003385155481677 -0.6645475172956756 -0.03849269290043696 0.04902914616263761 0.45388433691857205 0.021643074309455605 0.8894474289473134
6.33 2.865384029380223 -0.682263363526898 -0.025755038262534342 0.048646560720972384 0.45745786899608387 0.007158911032315607 0.8878708015338796
6.43 2.9410973524302593 -0.7148003890634871 -0.026216383626860428 0.051660787257042054 0.4663872407178236 -0.004821237346807131 0.8830576767267487
6.53 2.9958916292262034 -0.739746062153705 -0.02736970061946014 0.05383020971038095 0.46872354652028736 -0.012397330448424837 0.8816160454856372
6.63 3.069613841794131 -0.7711732235597145 -0.023799618752357928 0.0556803153135879 0.4624118734017574 -0.012333933328579702 0.8848292693578254
6.73 3.1305970492415214 -0.7865042630324298 -0.014591799421241392 0.05383698230806663 0.45427498911906233 -0.010339179536791894 0.8891731636544947
6.83 3.1975886858228173 -0.8115468385613754 -0.009329902034415992 0.045834459266503966 0.4498714290141367 -0.013167085147953927 0.8918192235925576
6.93 3.260120057899001 -0.830974296317212 -0.0021820334648471607 0.04099300882387377 0.4548759364065786 -0.01304032785076615 0.889515264374563
7.03 3.318839419273609 -0.8499714826797332 -0.0176916183932928 0.03756624443425694 0.469379753979018 -0.012693988059402223 0.8821055982708931
7.13 3.3825987560152533 -0.8660168758872162 -0.03312809098682566 0.0366644304258017 0.4711331805086884 -0.013032802965107143 0.8812033770998565
7.23 3.4471694255046272 -0.8754568239611636 -0.04546998333579548 0.0367494872105027 0.46786482884827496 -0.016531156714754237 0.8828809081491181
7.33 3.5155615523862584 -0.8933250874751073 -0.045589205272286826 0.0379479992633019 0.4583783760644361 -0.026940316939915155 0.8875378487882191
7.43 3.5762675718493293 -0.9071634740116754 -0.044493067631073205 0.03564334230313321 0.4644778453452576 -0.035493473253802935 0.884155018472027
7.53 3.631337532770486 -0.9172963691691121 -0.04420550106254049 0.034588707562545666 0.47976196686674877 -0.037502595618126404 0.875914169185089
7.63 3.6912905550242887 -0.9318338974185677 -0.056952374076180486 0.03668181837434557 0.4798497082775971 -0.03093791796760352 0.8760374118144079
7.73 3.754473242097807 -0.9340275021550918 -0.06720874972868682 0.029704615432071462 0.48350957653588456 -0.010314857958234636 0.8747741016544923
7.83 3.8235117203729927 -0.9330532859007873 -0.07742512792936058 0.022344929131048834 0.48354922980339454 0.01310561594034384 0.874933762824076
7.93 3.882318666038047 -0.9372123147467234 -0.0860787137467535 0.007618811641798838 0.483903046631067 0.021486600784498034 0.8748246230857164
8.03 3.946991232542665 -0.9446428584111497 -0.08255520482848488 -0.00501759452409558 0.4798754485715091 0.028958799570901604 0.8768442082439144
8.13 4.000464470779107 -0.9450696124863138 -0.07660399855122811 -0.016677947172966678 0.477591464318872 0.037518435674417455 0.8776221318269021
8.23 4.043019360762819 -0.9437734675356579 -0.08858108004403788 -0.027221594413594376 0.4862531598776764 0.049141420204997434 0.8720103039109073
8.33 4.08752107407255 -0.9330759116741061 -0.08700777392184031 -0.03272372994728067 0.4890522164929787 0.06764934473426201 0.8690113078658224
8.43 4.136072646192847 -0.9140762686936909 -0.09216545627075531 -0.03964509384805417 0.48819092341639514 0.09117281246549505 0.867055596311308
8.53 4.191030964837535 -0.8876406382909586 -0.08591120586005518 -0.05047411543214805 0.4722265807743324 0.12252766345005041 0.8714593460230926
8.63 4.250962089203689 -0.8297099872906352 -0.08821957308687353 -0.07217147513960326 0.4483335255214843 0.16107339117217007 0.8762669060999321
8.73 4.308956434900842 -0.7950606545985921 -0.07976710725570006 -0.09499535947828101 0.4374966829189336 0.19778514580208395 0.8720398902645284
8.83 4.3530268113108646 -0.7460837141031008 -0.07597265182968548 -0.10950905277734183 0.4320620963046615 0.23739834972620416 0.8631176836584369
8.93 4.393926343503891 -0.6946330396838464 -0.08344983068678175 -0.12774105002259498 0.4349691542920144 0.2728454757955674 0.8485513568968618
9.03 4.4190403761701615 -0.6476346856751577 -0.07990796050000776 -0.14491717359117354 0.43047214022673536 0.3140789514908879 0.8336948851452456
9.13 4.452103743075131 -0.5940007373672128 -0.08554092937990637 -0.1632506104370117 0.4209207113613983 0.3580116385282124 0.8173142967165703
9.23 4.469387849015374 -0.5372839133225706 -0.08360342574220592 -0.17878113937187265 0.4047927730707973 0.4071094308249535 0.7990256731844926
9.33 4.495887748503124 -0.492879163522844 -0.09297144086334341 -0.19766960838648537 0.39364115454170306 0.448365383066095 0.7777800785822446
9.43 4.519195906061611 -0.45269890641733146 -0.09634455510370349 -0.21041475254231548 0.3896989374649211 0.4782155982211929 0.7583997703515042
9.53 4.5332708031164195 -0.42131184265709454 -0.09661166764084403 -0.227939448452155 0.398178116356241 0.4917907426229114 0.7400267974639354
9.63 4.548485121847565 -0.3855068874739791 -0.10004929960351575 -0.23126159194894536 0.3965802045614698 0.5071723108986932 0.729395958651336
9.73 4.563481641450818 -0.3584888651157259 -0.09976422910858272 -0.23315082724437658 0.3961411847252267 0.5178292291311791 0.7215024206315358
9.83 4.581228802742768 -0.30588830656368016 -0.09411923596895663 -0.23019439945483336 0.38565859900375005 0.5283346161755511 0.7205140642796131
9.93 4.588250489554235 -0.2553954888546165 -0.09272122504747128 -0.23358821588310907 0.38290320899829766 0.5331281507018555 0.7173535062077635
10.03 4.606845777558856 -0.20220818260304912 -0.08834205338609138 -0.23764911905459896 0.38453249379052695 0.5370388181753156 0.7122127246860109
10.13 4.611997909305915 -0.1554642693775115 -0.08457261971058658 -0.23889895504417072 0.3873401300095044 0.5362968813092535 0.7108308997651919
10.23 4.619566766446978 -0.1159154243746841 -0.08166707610405584 -0.24031121401692684 0.389786289407324 0.539180796375377 0.7068247575090978
10.33 4.624852442281716 -0.08808967263342635 -0.08397172437222067 -0.24348130257729417 0.3925020300085657 0.5419687659980735 0.702088931985788
10.43 4.630294036165776 -0.06692240439083326 -0.08738713399520939 -0.2494968215711769 0.3955277960592108 0.5438727606374106 0.6967865661786724
10.53 4.636302649136379 -0.044744975062359416 -0.09273886807708406 -0.2558922068877167 0.3985771477780976 0.544169399435956 0.6924847293917186
10.63 4.644804295253537 -0.016994140932572285 -0.09435400239727507 -0.2600417168638512 0.3940767623947662 0.5501036250544435 0.6888162400327971
10.73 4.654396400600199 0.015640553111580774 -0.09984426593690554 -0.2653215276333882 0.3928905621716273 0.5541231537841027 0.6842433949780644
10.83 4.671125647431062 0.05133270150743842 -0.0984707261257804 -0.26399706228471176 0.3859949433530655 0.5609444184256754 0.6831213759266993
10.93 4.69091847659291 0.09871252754399407 -0.0920195415519718 -0.2621594378954921 0.3738181838825672 0.5712183391720833 0.6820865073541227
11.03 4.714124105921486 0.134604220885843 -0.08253851905916812 -0.2596864653837111 0.36985011132581613 0.5729026630435499 0.6837809397214906
11.13 4.746221665638824 0.1736516412361735 -0.07995574416193044 -0.2633720158989484 0.3657840790853177 0.5714302930080043 0.6857875829743614
11.23 4.764795800200845 0.19492563472942862 -0.08175845006584719 -0.26513348338029313 0.3715110209984946 0.5707093491560267 0.6826233485994986
11.33 4.782642056341245 0.20297713313063448 -0.08806685145106931 -0.2563022700095861 0.3846906346747041 0.5685403272694803 0.6805028715955715
11.43 4.790638361748196 0.21065441127443343 -0.08591414776951886 -0.24263806002578156 0.3921264285735824 0.5705558344596514 0.6795805144389465
11.53 4.790928865529764 0.2152544721192413 -0.08788162675968225 -0.24202125568752306 0.3955413174021536 0.569822424562648 0.6784358352038523
11.63 4.788505670154869 0.21399029681240764 -0.09660059802469304 -0.25158911015512603 0.3972076411567716 0.5637944857341534 0.6790175162054266
11.73 4.785470098210625 0.22044704965084067 -0.09638428604365176 -0.2551811748846553 0.39081207964837616 0.5632525346360628 0.6818321410812554
11.83 4.773660093790161 0.22793557141782475 -0.09644376813459395 -0.2574175073398498 0.3842111384907341 0.5643493747516636 0.68383317497179
11.93 4.763678701345932 0.23910534968399583 -0.09819212531524141 -0.25601592877901763 0.3782849962686636 0.5668474350953263 0.6855948447408892
12.03 4.754942343955411 0.24927010923707188 -0.09689706867976555 -0.25412237808270755 0.36800156672658524 0.57051075217839 0.6888498715200692
12.13 4.745072819128883 0.2595013980148118 -0.0990202403791201 -0.26292780232177626 0.3647419062797574 0.5689497451994048 0.6885698947871466
12.23 4.739617095504651 0.26582921700834933 -0.1059385188748105 -0.2691538918794055 0.36480982940061074 0.5623580866178802 0.6915369500426881
12.33 4.736919769801171 0.2724741410900794 -0.109324314113214 -0.2718016211515974 0.3631319495685968 0.5605413104942383 0.6928582143348491
12.43 4.7329257097727835 0.2782472174330202 -0.11003852927647484 -0.27310552289878853 0.3591392990227368 0.5603200603333874 0.6946033164674825
12.53 4.730191593188707 0.2816826266239732 -0.10568579050560312 -0.27379587423550666 0.35701118628926054 0.5628099591760962 0.6934145815946983
12.63 4.72337182482422 0.28375114725816836 -0.10995831400158601 -0.27818760895273376 0.3551695203646433 0.5645156229176898 0.6912223792029326
12.73 4.716028946495102 0.28502721297137507 -0.10897344825754937 -0.2797137449870782 0.35350555644137494 0.5677170733733062 0.6888333376302469
12.83 4.708099085954429 0.28381402096132624 -0.11163892358804584 -0.28060277504535647 0.3532086179933981 0.5688343987337955 0.6877013753288563
12.93 4.704444239866911 0.28211314996622655 -0.11327081840294813 -0.2827360049916509 0.3537336686152696 0.5681489087256273 0.6871241959669466
13.03 4.703216220670981 0.2808769383916383 -0.10933909331051234 -0.28062343457119193 0.3516046288446124 0.569411809937283 0.6880369638678274
13.13 4.698391106946222 0.278854675820593 -0.11185266681980846 -0.2832413604807851 0.3471711937589511 0.568962464028257 0.6895855338272934
13.23 4.695861897669472 0.2773259220575113 -0.10882385177590201 -0.2830838750050598 0.3440843694609795 0.5706365461814246 0.6898140318715581
13.33 4.693584076913004 0.27593573498323404 -0.10942497493382326 -0.2842485273755748 0.3427004528552865 0.5720728138922955 0.6888337026474167
13.43 4.6891930628587755 0.27488916239899586 -0.10959068820272203 -0.2844806938710291 0.3432878974144086 0.5733310049395078 0.6873977837311569
13.53 4.687010987870981 0.27557178801767596 -0.11022877833115832 -0.2814167843586422 0.34548232801821205 0.5761545294533149 0.6851952369206804
13.63 4.685730685035139 0.2733134646080983 -0.11751410622984229 -0.2853782411646356 0.34180789006479834 0.5777654947101365 0.684042147006733
13.73 4.685605929919265 0.26736921396175517 -0.1211133839565233 -0.28824801428990476 0.3327421805412599 0.5819312792072521 0.683777529483666
13.83 4.684694714842798 0.25909850687788727 -0.12226058261057834 -0.29267284802771426 0.324568284055884 0.5873979968439142 0.6811472868008229
13.93 4.683643452633138 0.24907956844356727 -0.11800099287722436 -0.2957032451178465 0.31638119611197085 0.5941706809444375 0.6778080343869916
14.03 4.681349230065099 0.23743303220669193 -0.1195676188605639 -0.30076469435826897 0.3155309470451333 0.6003113174073932 0.6705275104549988
14.13 4.6797788814119645 0.2265807355686527 -0.11795888371138435 -0.29960246152207903 0.3130689210053181 0.6095513909467118 0.6638322962506463
14.23 4.674661842552181 0.21651182237462807 -0.12124387906314511 -0.3025037029871963 0.31535229043308555 0.6171666207426806 0.6543315710239737
14.33 4.673515403359045 0.21015473268678483 -0.12229974772045567 -0.3060248130848818 0.31749900543844417 0.621457973641403 0.6475594044714996
14.43 4.676366768302554 0.2048012870287946 -0.12705567883128188 -0.30633621921927195 0.32257534076323363 0.6257422331831611 0.6407417014186577
14.53 4.67627264492087 0.20369626372119956 -0.12370599663023288 -0.30580763611792616 0.3239952376500592 0.6299891620700043 0.6360993879468693
14.63 4.677588698226628 0.2036372137915181 -0.12412107366212141 -0.30741151187977855 0.32387515572610176 0.6340982392859059 0.6312863603798963
14.73 4.676779713213351 0.20462623025506327 -0.12395305982326471 -0.30628457485618227 0.32473456264811074 0.6371596304724366 0.6283031341025891
14.83 4.679483158831152 0.2051568392031142 -0.1233525818264152 -0.30497992024587217 0.3250284244484447 0.6420717975199541 0.6237688501174761
14.93 4.676394291853356 0.20514251525427868 -0.11826458212542645 -0.30166514548547785 0.32314344852803084 0.6479548213621311 0.6202668789692113
15.03 4.669863338465507 0.20558485354678663 -0.11920827464084036 -0.3027616817344657 0.32381368084825146 0.6490067124653783 0.6182801560326084
15.13 4.665899511011935 0.20379591391853774 -0.11999948362072246 -0.3018302037725117 0.32421661070346136 0.648891421953514 0.6186453264591523
15.23 4.6634532871716114 0.2002594004813377 -0.11809633636133257 -0.3026621245411611 0.32199440924612527 0.649082862809051 0.619198414072643
15.33 4.658858872651199 0.19710194896624725 -0.11732448639200321 -0.3040579560086716 0.3174587996446851 0.6481662972783004 0.6218111618397681
15.43 4.656928523547506 0.18957959566608726 -0.11468945791755225 -0.3036743591157994 0.3097074292376302 0.6478146350747485 0.6262582458328171
15.53 4.656201630433313 0.17374718691312696 -0.11361326590376156 -0.3064209246330058 0.2999823965650111 0.6449990863287602 0.6325290169891266
15.63 4.659022035826422 0.16251828924281253 -0.11621938831068948 -0.3111662630386582 0.2963666626837455 0.6305469958018692 0.6463380261763136
15.73 4.666460872537445 0.1548350000941363 -0.11825616429935948 -0.30133422471669774 0.29679748690416413 0.6121052299083818 0.6681587568090136
15.83 4.68361643212352 0.1568077765129096 -0.12235169265184104 -0.2814304251847869 0.28448132048423785 0.5944107537559207 0.6975264510362117
15.93 4.697693556752635 0.15912229756201335 -0.13794816171055357 -0.2689055413319791 0.2585212007524407 0.5805625884665809 0.7237428268905017
16.03 4.708497033080598 0.1511591005155481 -0.16070506892726133 -0.2799418926610837 0.2676230915006998 0.5626366428204786 0.7303769066616493
16.13 4.719035847033404 0.1347153090725679 -0.16053074714460858 -0.27863524858221683 0.28839909600723257 0.5566669121207426 0.7275371527418342
16.23 4.719888943269962 0.11474081889560533 -0.17175951400428568 -0.27451113340948247 0.3208120550717602 0.5582089312433802 0.7142310914788004
16.33 4.720559562565239 0.0964910874831365 -0.15759000802654805 -0.2635723477457006 0.3280098097597232 0.5685823668072341 0.7068615666176041
16.43 4.7273720386597375 0.07577924574242764 -0.14857484201224844 -0.2504444336674039 0.3214194264385526 0.5829670669852883 0.702934233597636
16.53 4.738836440073332 0.05830230160152931 -0.1441378939162138 -0.24957683207506282 0.3216205873080024 0.5937136245781416 0.694100666115022
16.63 4.750132716086042 0.02936518944539343 -0.15402479427601978 -0.2548268270195995 0.3280296193429701 0.5986019895209782 0.6849346795179493
16.73 4.767837333510628 0.003051475016600552 -0.15695002593558804 -0.2560545369697519 0.33018256231903154 0.6033135200399279 0.6792851729389333
16.83 4.784558224327788 -0.0202555378712359 -0.1587604928035399 -0.2552317093873554 0.336175945763165 0.606416793769954 0.6738702992766628
16.93 4.799209349369855 -0.04111539425169895 -0.1526657144457713 -0.25647259935317646 0.33497054117581665 0.6073891235222904 0.6731233133328763
17.03 4.80982514938332 -0.0578973459336502 -0.1463365125413713 -0.2621043974189561 0.33197970324328646 0.6083963763582638 0.6715240954145125
17.13 4.8229212777236965 -0.07372195933175812 -0.1400216006920814 -0.26561395455569825 0.3260070462833441 0.6119333426581431 0.6698553702569866
17.23 4.828865165478508 -0.08825903290535037 -0.1382419317710848 -0.26132919852866787 0.3319517194486053 0.6222640313832466 0.6590163739985134
17.33 4.826638835090764 -0.09882229221402011 -0.13663969843291737 -0.25292302720668447 0.34113982523453923 0.6386519301084884 0.6416987409339817
17.43 4.81330563760443 -0.11676184978153463 -0.13544567491544765 -0.24709528490442162 0.35146841764468545 0.6551173832895602 0.6214781457848566
17.53 4.804308628654517 -0.13032213355743918 -0.12533934299238683 -0.24158522258264234 0.3516730616369096 0.6670632438168567 0.610728472152028
17.63 4.804936650759277 -0.1503637953242633 -0.10848512758583143 -0.23205957830987795 0.338822356302683 0.6777759762212309 0.6098913747885741
17.73 4.808432038050843 -0.16753319930501787 -0.08867099720940615 -0.22559653800307522 0.3301490539563204 0.6848996184301955 0.6091143709410788
17.83 4.810734648908337 -0.19879862461890344 -0.08001100767390652 -0.2324074693918635 0.3275410636797712 0.686316915386391 0.6063602159021514
17.93 4.812322240813242 -0.22936204910065416 -0.08034686967493222 -0.2475176459792087 0.3231920404383038 0.688116423952982 0.6006477395382398
18.03 4.8106643496509545 -0.25364836535379615 -0.0889826100662752 -0.2627324527858786 0.32129159180512534 0.6883317648441748 0.5949308806869489
18.13 4.810280773645579 -0.27001962041183974 -0.09562462301381919 -0.27823385054305244 0.31577109894640637 0.6876828680982263 0.5915799273186699
18.23 4.803214436707707 -0.2809761510259806 -0.09954706301173509 -0.28893575975745195 0.30623154012959336 0.6926070732696502 0.585690884870245
18.33 4.790132176723687 -0.2849908055135782 -0.09335399951897339 -0.29229704538815493 0.28953343308052837 0.7055535550014947 0.5769982750500308
18.43 4.766679716203226 -0.2894481048670875 -0.08955654368762624 -0.307493496955126 0.27629934270981005 0.7192631182885144 0.5583609846849236
18.53 4.731006663441148 -0.30359200257568675 -0.07292880548025289 -0.3191938377152788 0.26106982376551824 0.7391478919677009 0.5325581985880394
18.63 4.686254399252513 -0.31545645444872406 -0.05308511770176219 -0.32000594216547024 0.238000773510016 0.7684339760822808 0.5004608408155432
18.73 4.648882229788362 -0.3358792409409916 -0.034596593909830595 -0.3162461342434825 0.2151950529380447 0.7993375064164863 0.46339942015816005
18.83 4.610176813575705 -0.36773523783934897 -0.023807089131214702 -0.31748018203094747 0.19826412576760016 0.822976749598393 0.42732533282227697
18.93 4.5871228318618025 -0.39636828464176277 -0.020307842821207643 -0.32307030208297366 0.18575727850577667 0.8397923390477101 0.3948020271869425
19.03 4.562693557177308 -0.43494797793602513 -0.019472464546090126 -0.32343763702448153 0.16849124102836163 0.8553139866369288 0.36801736496527687
19.13 4.530033983794799 -0.4831997824386315 -0.013830831078520095 -0.3257353525868518 0.15304803993357477 0.8693522909568764 0.33867295692989813
19.23 4.51928203349803 -0.5237159846339192 -0.0229580976768625 -0.3350406562875324 0.14282739237025507 0.8781290859237147 0.31022153870728264
19.33 4.5074757791713544 -0.5776165813629844 -0.02394314290582599 -0.3345191113197124 0.1347694048309088 0.8897355583413702 0.2798299624885848
19.43 4.484296091039465 -0.6094406928793026 -0.03505161333683815 -0.341980810162907 0.13057449053413606 0.8960985097975356 0.25101173008588423
19.53 4.471028360567424 -0.6302404183207908 -0.04278566213286501 -0.357543708732224 0.12914554272978476 0.8969838930859905 0.2256187507352536
19.63 4.462508319611655 -0.6404607541485368 -0.04402166406597674 -0.35994689181198947 0.12704782845370488 0.9028417417639558 0.19792390883547223
19.73 4.433009270225129 -0.6539043211503379 -0.049507007887086285 -0.3610536117933846 0.11936584381605791 0.9090398854811805 0.17040707539710506
19.83 4.427985657154271 -0.6615206679199739 -0.044784235227791125 -0.36265548066161846 0.10906571564099767 0.9148653341952736 0.1400253273717929
19.93 4.422508656800326 -0.6809047426511501 -0.04566120996366069 -0.36042314300106626 0.09353256039593405 0.9219688977344913 0.10639628633209415
20.03 4.4060875833108994 -0.7061332152329338 -0.03936574256680378 -0.359713085593428 0.07860882757415177 0.9266230792155109 0.07613683304050424
20.13 4.4118308482634525 -0.735503922458842 -0.04632947940216521 -0.3633435203761534 0.06842011216234802 0.9276563819076945 0.052476771606887594
20.23 4.412589446467425 -0.765587594110081 -0.05179489619963904 -0.36149261345119793 0.06324061363269058 0.9295175898797938 0.03634233497785963
20.33 4.429826335265708 -0.7782199572294967 -0.05326379742398896 -0.3641405306549931 0.05947600023792792 0.9291045780451334 0.02507912250404759
20.43 4.4342043371299695 -0.7939818984578797 -0.05804063877042012 -0.36706590907638126 0.05566010937296367 0.9282834683223664 0.021316028192837747
20.53 4.444746159427798 -0.8067450339874147 -0.06518540324744578 -0.36712703632864885 0.053728672090845656 0.9284520533109907 0.017542910092196773
20.63 4.458149453555037 -0.8228116045226807 -0.06870830502277984 -0.36865560732833097 0.05225893520350696 0.9279435701999238 0.016815986482937577
20.73 4.4732669960533045 -0.8324993727731179 -0.07371743858538884 -0.36816295927661363 0.05296663157143513 0.9281055777524118 0.01645016417925411
20.83 4.486174778608818 -0.8357408608702309 -0.07646263325087191 -0.3679232667507662 0.05396578045523005 0.9281371096274467 0.016783028800296706
20.93 4.5026542861126915 -0.8382707177668964 -0.07845193056961888 -0.36862673411713043 0.05613124582326957 0.9277105098055859 0.01779955428448329
21.03 4.511404827446707 -0.8388572857452298 -0.0834250946246714 -0.36489672705325077 0.057549040518521805 0.9289888122773051 0.02276561408846824
21.13 4.5206874546125615 -0.8379905222762736 -0.08501861870852555 -0.3642410379622648 0.062316166609673186 0.9286558065652369 0.032304095342798086
21.23 4.528193766118644 -0.8279627860060015 -0.0880553327385376 -0.3676108477327095 0.06697346197124861 0.9265630416182912 0.043101623262764725
21.33 4.536872118418578 -0.8166269329094141 -0.09671702453775999 -0.37059340732096474 0.07184876826369765 0.9243511111538594 0.05543739043148322
21.43 4.545519122188306 -0.803667744127496 -0.09546310264460578 -0.3648224758718854 0.08077366819407265 0.9248956069732567 0.07034409589121698
21.53 4.561241101732619 -0.7871217055844176 -0.08722622309087259 -0.3477725731413314 0.09255559375922165 0.9287972502981676 0.08844980086522554
21.63 4.562084475588523 -0.7566648759652481 -0.0793815300007622 -0.3287833199580044 0.10262774894431141 0.9318950492044483 0.11375715771877763
21.73 4.554883245643756 -0.7240444408723934 -0.08452243876358276 -0.33688288585914195 0.1023310249319068 0.9248151044354386 0.14406701621006293
21.83 4.560964376035451 -0.7052675818757065 -0.09279247909755549 -0.3554742211180256 0.10257781839106567 0.91481205297901 0.1619715315078285
21.93 4.572196813417118 -0.7028135934259481 -0.08761324995988118 -0.3454573342333578 0.10410985044304921 0.9159366718935679 0.17572814898485367
22.03 4.580601314070456 -0.6990594283007203 -0.08713920699533571 -0.2927088476539437 0.06937302280664898 0.9321892013877935 0.20132612107661668
22.13 4.573237888837368 -0.67409750767221 -0.0992527344805615 -0.30114901879177375 0.058223804420447285 0.9277690773880765 0.21251775483954044
22.23 4.578470348235179 -0.6588268762711778 -0.11040129690808483 -0.3474632626007598 0.08071634805632376 0.9083629060624712 0.21824523634899337
22.33 4.570837411803684 -0.6318727425746669 -0.12556594016004913 -0.39459044536104365 0.13191154372529257 0.875441702885247 0.24596656258760555
22.43 4.5750932397034845 -0.6127965503691917 -0.133986427554705 -0.44806840784743673 0.20513691353303226 0.8264827305667881 0.2721761280312263
22.53 4.580356614877229 -0.5773039134997799 -0.11193880856489775 -0.4584790991560159 0.23961049345555002 0.8073649437650802 0.28380552257185754
22.63 4.582075017506967 -0.5597978065859608 -0.08053561112039981 -0.3958328401038425 0.20682910300899734 0.8371036451245862 0.3159043718642564
22.73 4.594675197875378 -0.5528920178352213 -0.053794758172833586 -0.34971543671097655 0.16883060714422238 0.8571151036732512 0.3384509395356382
22.83 4.589728988117714 -0.5575594058749818 -0.04612601138366655 -0.34125848921235313 0.16108751005897595 0.8547336497403725 0.35640404830052624
22.93 4.5910290353874785 -0.5439418965017507 -0.03580638259382726 -0.3288795445461464 0.15515996650680247 0.852564523303974 0.375362975766384
23.03 4.6010588781616475 -0.5375368284684562 -0.031144626092967045 -0.3266849126664375 0.1531306235748457 0.8454550737091033 0.39374318825756943
23.13 4.62041666558156 -0.5489885841796321 -0.010025346572347167 -0.3102643482180408 0.14282428104984596 0.8383947169080199 0.424772359774209
23.23 4.649830948749775 -0.559200431969345 0.011763002727082621 -0.2599242313507789 0.14323047132097758 0.8441565192391655 0.44645738550044584
23.33 4.657018783681578 -0.5594119718993127 0.011690517933182362 -0.23080425311639266 0.1613193475040484 0.8431535129604811 0.45803669989057905
23.43 4.667846104176943 -0.5630470853134643 0.004818887985808318 -0.24927102234794946 0.17788448714257993 0.8313451806331864 0.4637739290749363
23.53 4.682508176425128 -0.5584405577193182 -0.0011055188468453228 -0.2629558104893169 0.1797602227305032 0.8115230047997057 0.48986826467392586
23.63 4.704017053742897 -0.570257396458645 0.014456100073501604 -0.25138684397475564 0.1651998816157494 0.811010894100231 0.5017718440101022
23.73 4.715766225144217 -0.5615225485334007 0.017441080914592337 -0.21765931853371762 0.14997910698483854 0.8162150468074 0.5137350347101721
23.83 4.717184430037779 -0.5654629818821604 0.03400401624104859 -0.20965705307850502 0.15701503795516808 0.8057953322711721 0.5311158823085275
23.93 4.729783074844829 -0.5768995002354033 0.03323385084351221 -0.22932521833591507 0.1641055601240128 0.7950531619056107 0.537000725432899
24.03 4.731015783139208 -0.5824390025019105 0.030110887684019393 -0.24707045251804788 0.15560369046273076 0.7865529121031369 0.5441306823447659
24.13 4.731222159916177 -0.5984972535503695 0.033065314812381515 -0.270881805384575 0.15412928022445052 0.7704459102029855 0.5561297617827868
24.23 4.7427599016484505 -0.601342594613899 0.015948593486894792 -0.2624423762803332 0.18395306326541352 0.7613045291094184 0.5636494332518125
24.33 4.735141922526906 -0.5926685689899889 -0.0006802533835997687 -0.23597529261314867 0.20806554506613997 0.7600185870444387 0.5686792923779133
24.43 4.724918256427628 -0.5904346560367794 -0.01227326350699113 -0.23843478280553324 0.20786216802676927 0.7481145662170248 0.5833238973894368
24.53 4.720335599043952 -0.570082035565813 -0.027549412021960644 -0.2689678420133362 0.2122901964208092 0.7296243195521128 0.5918086893451462
24.63 4.72085129731781 -0.5663642652938907 -0.03842483806358763 -0.28261421273119963 0.2136164074914693 0.7198031555601142 0.59697625954343
24.73 4.71657671888799 -0.5581165832518347 -0.035255601617413715 -0.27935010464242677 0.20708792485906594 0.7181705608703032 0.6027513217845859
24.83 4.715239111763292 -0.5521475771415212 -0.04600837727092861 -0.2849993339245114 0.2145764576836658 0.7098388467402651 0.6073393903979599
24.93 4.715375891886665 -0.5449362770465447 -0.05285543057551717 -0.2753491346297801 0.21272350545110122 0.7104956590613513 0.6116596134634055
25.03 4.717773286562314 -0.5436435656323285 -0.04791195163833881 -0.2622010278091066 0.20732120708218157 0.7162789844675289 0.6125462876550644
25.13 4.716655648895087 -0.536355672776972 -0.040542849450571065 -0.250977591361708 0.20163680341144802 0.7182026604252537 0.6168774486900753
25.23 4.719038801586759 -0.5273566336851865 -0.04602556342178995 -0.25867846909536185 0.21329271042568818 0.7139765046387144 0.6146781435268601
25.33 4.7280419531534035 -0.5247979514866885 -0.04914428459256956 -0.25961632156839126 0.2210683343085045 0.7092499459405395 0.6170029751344014
25.43 4.7385035914571425 -0.5177274481435173 -0.05388930028626823 -0.25854500609643977 0.22701301868702484 0.7057028033486826 0.6193570234646629
25.53 4.751625472457026 -0.5157995471707018 -0.05178868412184087 -0.25809269908448884 0.22944053575723025 0.7027916765111141 0.6219558333655344
25.63 4.764041950509034 -0.5076718118422383 -0.053339310588337546 -0.2573587959603988 0.23581134067895718 0.6997747877133658 0.6232773926830016
25.73 4.77843611476298 -0.5008150536795984 -0.057097746553028086 -0.25703790910469704 0.24462290547839455 0.6950636048178231 0.6252821224503761
25.83 4.792749454501413 -0.49821000561934475 -0.06087548566651295 -0.2528294847354259 0.24860196631430923 0.6919421255331974 0.6288802818547256
25.93 4.8030683066925794 -0.4936620945910626 -0.060572755466720064 -0.24803967079948913 0.246985478267849 0.689565516719547 0.634014111345944
26.03 4.8111693182028015 -0.4889126378883701 -0.05928742792672003 -0.2455389159512714 0.24442123654160908 0.6878024504616835 0.6378845420762669
26.13 4.816345522835251 -0.4847166296645024 -0.05910564551064749 -0.24179368320532083 0.24199215285196443 0.6855718794473208 0.6426249379156904
26.23 4.820466689228739 -0.4821583628620885 -0.05647939949507138 -0.23767339371949264 0.23921929481767557 0.6839146770835624 0.6469514675572503
26.33 4.823494669828292 -0.47988025124417044 -0.05292290213607288 -0.23421098431828796 0.23859117241805433 0.6825337402612363 0.6498978078697023
26.43 4.82256247711775 -0.4782144539477889 -0.0544675657725953 -0.23329427719229376 0.23796352403089235 0.6803417149067209 0.6527497931197728
26.53 4.825642329283408 -0.4795631682274188 -0.050533443998793226 -0.2308869001945573 0.23823997930811402 0.6801217191936005 0.6537334308867485
26.63 4.825443633918591 -0.48128162036220334 -0.051104651247694144 -0.22680861627504692 0.23842140652532484 0.680430636923546 0.6547726573626163
26.73 4.82562522312704 -0.48391793023985874 -0.04948482506745996 -0.225607249305584 0.2393978979876612 0.6807957966852268 0.6544517543070574
26.83 4.822835613711786 -0.4882679145793689 -0.0486241602962468 -0.22449764100103417 0.23733779438467142 0.6818233207862179 0.6545139721760295
26.93 4.818730863831816 -0.49056269456513435 -0.04883396600445012 -0.2277335651690803 0.2379954927533728 0.6823815588246885 0.6525725836261034
27.03 4.814811962851855 -0.4927699962939938 -0.04970464289708035 -0.23123852282227642 0.23920440007763313 0.6829130589125573 0.6503381847263509
27.13 4.811332584207695 -0.4966659961221899 -0.05363898125147486 -0.23452139229124086 0.24046993458013236 0.6830171959327258 0.6485841789474991
27.23 4.807019267889076 -0.4995458963494276 -0.05431166419051814 -0.23406580513755285 0.2378371598588722 0.6835752963622905 0.6491313414547021
27.33 4.805653018483763 -0.5009548768639515 -0.052652587862352954 -0.234364386300931 0.2374027730318228 0.6836836983001249 0.6490684543784676
27.43 4.803699204581258 -0.5013440460482684 -0.05126986114190843 -0.2335915560668913 0.23728057645653094 0.6834275485089842 0.6496612185668041
27.53 4.804491677180879 -0.5013513675903621 -0.051623048293597915 -0.23392166186377872 0.2382140279502746 0.6827573037502914 0.6499055294227201
27.63 4.806113417622006 -0.5014482781876477 -0.05126243663078388 -0.23401087287884287 0.2390638605596764 0.6818528149738866 0.6505106614506578
27.73 4.80770899795947 -0.5012391237937271 -0.051203071649630574 -0.23371902774700484 0.2397805312360214 0.6808690390600465 0.6513816581380037
27.83 4.8094141741931065 -0.5006640649384635 -0.05215542743023896 -0.2332265505628778 0.24020278733132625 0.679946528648878 0.6523654767453162
27.93 4.811575073552716 -0.5005346044005252 -0.05174307325188594 -0.23348665538422061 0.23958244414645882 0.6794610701032158 0.653006040116393
28.03 4.813757268527814 -0.5013355246579613 -0.05151747447617027 -0.23350878157417404 0.23991640087850089 0.6793083461618068 0.6530344097765156
28.13 4.814351812823333 -0.5013486067754584 -0.05228896168279871 -0.23383831474369132 0.2401340616256023 0.6791820320365025 0.6529678723825462
28.23 4.816032087446751 -0.5019061083708428 -0.053268285559350585 -0.23432642937950135 0.24087996915142462 0.6793865498748245 0.6523050519542563
28.33 4.814398335550597 -0.5017897740149152 -0.05329296622055733 -0.2349880683692979 0.24029836939247598 0.6794149364707118 0.6522519800597634
28.43 4.813794316375981 -0.501055904500871 -0.053084584270385024 -0.23501411623924498 0.2401523446631239 0.6793237970379608 0.652391290023877
28.53 4.81564283616913 -0.5009467829212706 -0.05254374343615491 -0.234660485435479 0.2394663379833345 0.6796166369112108 0.6524657511176601
28.63 4.816330686649996 -0.500487151402408 -0.05176915036270841 -0.2340466050846317 0.2388981951592287 0.679689668797 0.6528183461949013
28.73 4.816084757932323 -0.5005184450866096 -0.05198905724580162 -0.23410400207655946 0.23830086798493608 0.6794572035943499 0.6532579283966713
28.83 4.819364592539541 -0.49981021565936135 -0.050677385093517976 -0.23573940173556487 0.2379373375786454 0.6803472335127447 0.6518745275794251
28.93 4.819888555039597 -0.49579098857172094 -0.051573439092886114 -0.24180800524798862 0.2333845174917705 0.685681188796426 0.6456793809034342
29.03 4.8158246345729205 -0.488815741257749 -0.04393139130365713 -0.25174005353939016 0.22130504976793014 0.6979036457199627 0.6329150983204493
29.13 4.811958878689043 -0.4752548261206187 -0.026385557238871447 -0.2589394737603181 0.2063311612105909 0.7109444654411275 0.6204319204399851
29.23 4.804758684916017 -0.464644848894943 -0.00033662010684399474 -0.25864613609238674 0.1879051158764005 0.7208571255768599 0.6149462157107909
29.33 4.800953819885689 -0.45093702320903345 0.024688423703261287 -0.25017793893992873 0.17282194486283242 0.7288200696879324 0.6134858435707176
29.43 4.8017243380054415 -0.44858859965400116 0.03171472075545589 -0.24474656722171298 0.17988244719970548 0.7309873103444516 0.611063806110309
29.53 4.8052109160554 -0.45023706323923013 0.022011159687833484 -0.24602958039090256 0.19645434727271524 0.724868875113516 0.612731791979161
29.63 4.812500250023879 -0.44967448559738393 0.0038029760490131334 -0.24806178707496923 0.2156531991600282 0.7135935928914016 0.6186624537415848
29.73 4.824735667939394 -0.45243211043067005 -0.011422047354431378 -0.24727176131894432 0.2351692902623784 0.6995642027534498 0.6278232292593564
29.83 4.846022282432326 -0.45265984035783907 -0.02763981921578458 -0.2469121770516638 0.2469855118707435 0.6863465652956411 0.6379348917063801
29.93 4.8695610972137295 -0.45295511208003275 -0.04372426433041145 -0.25193604157274996 0.2502291549152101 0.6784809416759521 0.6430996911596107
30.03 4.883631833871621 -0.4527828050086495 -0.05549635385101982 -0.25125046195298284 0.2440468297224872 0.6764742009759036 0.6478402624758891
30.13 4.897895383556461 -0.44368547558519855 -0.06096754542848892 -0.24711570918343448 0.23642820216958182 0.6732210367243392 0.6555981751083764
30.23 4.908447933039734 -0.42062168265774463 -0.06725727321119043 -0.2483526647504749 0.2585412903479998 0.6633531861784093 0.6568408524775863
30.33 4.915641466393062 -0.3874030778684658 -0.07080991312832788 -0.2342017578150699 0.2614474059726546 0.6587448459103159 0.6654697728169893
30.43 4.912543078016045 -0.34786325928700235 -0.05829072181736279 -0.21331235265468648 0.2287487221985009 0.6590853853579344 0.6839432119007095
30.53 4.9116953573440405 -0.3234026748273968 -0.06444584521347388 -0.22957847424359573 0.23590025220989813 0.6484707200477283 0.6863894815715562
30.63 4.91680291547625 -0.29310014589420746 -0.06138839281832236 -0.22690624721826314 0.23906320322392466 0.6416351215944055 0.6925797503350596
30.73 4.934567769830778 -0.2609961773232484 -0.0718974908220506 -0.2324385989540049 0.2553534842103745 0.6387817326289713 0.6875498482855268
30.83 4.957884522347678 -0.23708296759399883 -0.08504602472266694 -0.2407994821862725 0.2634285210641483 0.6387247343576379 0.6816536784823681
30.93 4.974760461393156 -0.21635939078050487 -0.0914725459998997 -0.2372676722840044 0.25608607162199265 0.6449727223440574 0.6798045035466015
31.03 4.99142694505771 -0.1896902798047692 -0.08393171013764754 -0.22302429299437648 0.23714528039290364 0.655376396272565 0.6815453469362955
31.13 5.012318715133519 -0.16851861625526812 -0.07561715399780615 -0.21703733356035093 0.23237173608833195 0.6617128738018074 0.6789950255732812
31.23 5.018990455382629 -0.14565031269349624 -0.0693599971022924 -0.21273378982418703 0.2323001760855881 0.6695685542166113 0.6726506627231703
31.33 5.020739820151643 -0.11963909470210293 -0.06987526177122949 -0.21138753648439346 0.23516870267290824 0.6717482696297961 0.6698994349539156
31.43 5.02241075969749 -0.08519881370375748 -0.07260445774385225 -0.2072853426888666 0.2414201461853669 0.6686405297187115 0.6720631977274729
31.53 5.027608505926557 -0.04618126528559685 -0.07959750155970241 -0.21018848147931135 0.2473598041141532 0.6613120933560994 0.6762397834666358
31.63 5.031636195386872 0.004621944738510738 -0.09095883126478964 -0.2144282973458399 0.24647239365136203 0.6545137363269499 0.6818237553975867
31.73 5.034749591430015 0.06287300095666765 -0.10126992409035085 -0.21904807250315614 0.24561048176124617 0.6474963992432463 0.6873440522392635
31.83 5.028055114990756 0.12375613063127602 -0.10262313908753352 -0.2241752750343646 0.25217677044421744 0.638982131668893 0.6912699602322302
31.93 5.020769563739023 0.17436863110226863 -0.09495290193671586 -0.22756344821904245 0.2547557306504239 0.6224321966051779 0.7041963897697013
32.03 5.030812626146131 0.21442140031218088 -0.08024099488231343 -0.22885085590937482 0.25439053212630036 0.6105818180304674 0.7142146640924238
32.13 5.038502504846707 0.2445094787497698 -0.07537455100425619 -0.2327705398294606 0.25689942189113674 0.6075664729169573 0.7146212589944057
32.23 5.041528238019309 0.2688550223034407 -0.059755333033605786 -0.2240463282524651 0.250574975069537 0.612785921648451 0.7151984611944772
32.33 5.044170027362884 0.2981884130634162 -0.052944039311706347 -0.21660999618717514 0.2574743508836323 0.6173295057957648 0.7111197855936798
32.43 5.047669928367765 0.32555512927006097 -0.05879498351707044 -0.21269780391115756 0.27435170970242106 0.6172983043885658 0.7059982910699791
32.53 5.055494318198031 0.3509020828172292 -0.0646459015536521 -0.2106929397542894 0.2866364517431382 0.6144853839080922 0.7041702511702149
32.63 5.071941157647401 0.382533672740653 -0.0743278123564908 -0.21303397597629167 0.2962845001020203 0.6081576259125598 0.7049654758379502
32.73 5.0951085270700025 0.41565499965485125 -0.0850675133277265 -0.21495313808958147 0.30185100072412996 0.6040803961595049 0.7055267512738679
32.83 5.1227592881109265 0.457555204238558 -0.08611548646808714 -0.20807477822228684 0.29324762311945796 0.6024171387445035 0.7126038935828377
32.93 5.157053189477864 0.496410402468625 -0.09075354323737217 -0.21616145558855485 0.2944253825133254 0.5893485917141053 0.7205943079807946
33.03 5.1867764790942275 0.5289773204367623 -0.09889282480050231 -0.23051629982318728 0.3064891300671855 0.5723847052581621 0.7247774816128141
33.13 5.212936556152646 0.560200601827547 -0.10334806129807067 -0.24000887356046202 0.30608527188165663 0.5621764574352845 0.7298391450551855
33.23 5.208145069170018 0.5960805276603428 -0.10842926980368126 -0.24704444039866352 0.3133708176364721 0.5765845929775641 0.712964222288087
33.33 5.170013802355212 0.6167723480600401 -0.10930119897999643 -0.2516958120164284 0.29921277887157094 0.6111774678659662 0.6881736946049951
33.43 5.127987355556342 0.6380045202976503 -0.10584435042962365 -0.2569069365902087 0.2958792600017233 0.6412059384525675 0.6597796858996413
33.53 5.087117833958544 0.6690423270707254 -0.10323675929635262 -0.24777574190777263 0.2960510640405055 0.6578599033021524 0.6466693875774702
33.63 5.084467005313025 0.7147104795857916 -0.09107159762388448 -0.2400931869580373 0.28980372320846526 0.6574271707059384 0.6528082251384624
33.73 5.08382718663057 0.7719998054944308 -0.08462174324352884 -0.23640315062940037 0.2774426322179863 0.6416072667876808 0.6748920294429992
33.83 5.09556351466973 0.825292473953565 -0.07542828740071525 -0.23834410953592688 0.28036119183264224 0.6153591888857683 0.6970815993967677
33.93 5.1076315892609765 0.8701038221787774 -0.057127699897546 -0.23243965545673728 0.2876497194966963 0.5898286581213593 0.7178660038638004
34.03 5.123806878204181 0.9086308663456423 -0.03571647610076682 -0.21577206003444502 0.28498143477435783 0.5816887985412391 0.7306614411573188
34.13 5.135593539363956 0.9387090776158856 -0.028342040322708338 -0.20895744959461882 0.2871029204555591 0.5734785394043865 0.7382621906663058
34.23 5.147643399217515 0.9678232568198641 -0.021601710820161747 -0.2017162986177274 0.2881468928422325 0.5733421254720844 0.739973452345747
34.33 5.15691746282783 1.0025066073837163 -0.01997844845315158 -0.2015978844597239 0.28659286059673805 0.5826376999195411 0.7333185773378509
34.43 5.1644092966282455 1.0479944531118608 -0.02883866644502675 -0.20782520959078735 0.28449832882615095 0.5948011989461589 0.7225516707377299
34.53 5.19286950517079 1.1030996554974646 -0.03131335470936183 -0.19839283816629893 0.27343309495245527 0.6042139162004423 0.7216648583787125
34.63 5.240338008976124 1.1672878337563384 -0.03999960089379086 -0.18059926391981704 0.26864965492400095 0.6080298778737966 0.7249213311757431
34.73 5.29551976633796 1.2256327869255874 -0.045193006607973624 -0.1755133295567199 0.27388375522099345 0.5997117527481401 0.7311146102969867
34.83 5.347919005048793 1.2701265382892106 -0.057075043470286926 -0.19138887258500362 0.2985681056674422 0.5812061678578961 0.7324116166287475
34.93 5.375598049992661 1.3103734905274205 -0.05825040808943688 -0.19829877214890262 0.30994377589675703 0.570891404041419 0.7339587573826719
35.03 5.393234919018954 1.3392252719608 -0.05070293510273177 -0.19406522559372502 0.3001257519718994 0.5788817236275202 0.7329114348054544
35.13 5.394514903757155 1.3709677063595107 -0.05246649909236885 -0.19909893157133476 0.30212140911259094 0.5873842702614649 0.7239212585995676
35.23 5.393345354669426 1.4065873329410092 -0.04601565780393577 -0.19614008476619738 0.29263289563627976 0.5954738715958035 0.7220151825177499
35.33 5.393127976868874 1.4528217951471407 -0.05072672981338591 -0.20001382087643235 0.2918741015747844 0.5998803887319331 0.7175984249586589
35.43 5.3803664808092115 1.5048371184302474 -0.05952901231480021 -0.2050363238266817 0.2906186501559987 0.6051248175835341 0.7122674085184862
35.53 5.363845080249691 1.560558332238655 -0.0617809251356527 -0.20517233723216974 0.28887284765420196 0.6081841640339518 0.7103300729528241
35.63 5.346488707261788 1.6104924580072508 -0.05466622480562136 -0.20654141151628602 0.2932786568840357 0.606620653634725 0.7094643453542507
35.73 5.340830771008023 1.660729782551889 -0.03665597419420383 -0.20081296050458528 0.2860276968244176 0.6059099060460442 0.7146576084377587
35.83 5.339223653184624 1.7059583427930245 -0.02643419300736325 -0.1974851969519751 0.28581736324255697 0.6035509147429731 0.7176589197988361
35.93 5.3474881833579095 1.747304016972996 -0.025421667896273786 -0.1952678632357582 0.2886759650545918 0.5976266713567319 0.7220657937267311
36.03 5.3582274523691575 1.7864420142149429 -0.03022236291714378 -0.1966965302953623 0.29354283366423745 0.5942780521607984 0.7224795336160762
36.13 5.373830478998135 1.8332762280766506 -0.038654533863299353 -0.1972379848407497 0.29175824137259243 0.597281539006733 0.7205755124127388
36.23 5.39497166607148 1.885438775458008 -0.04488067177744037 -0.1912898928480516 0.2877026980704026 0.6059664137821318 0.7165473046388591
36.33 5.41565117497005 1.9308516972442014 -0.03860016449131273 -0.18867212244952186 0.28363873834012415 0.6110623920572421 0.7145310695389645
36.43 5.440420183228999 1.97961807426166 -0.02412081714225546 -0.17962385174647955 0.268189658992359 0.6139597961084691 0.7203214195453084
36.53 5.461862925170498 2.0150315124286897 -0.018912096443232627 -0.18036821584507293 0.27038471735892006 0.6135931448536228 0.7196268921602662
36.63 5.470816846403612 2.0453101984414794 -0.017920465719510184 -0.18535931874287104 0.2754704430468018 0.6130931175390832 0.7168506031168457
36.73 5.477176619447454 2.076272640256465 -0.02151576373457976 -0.1835291833913405 0.2704072668153734 0.6148594709417561 0.7177358705612888
36.83 5.482251754387165 2.1150800554297415 -0.029141725910357033 -0.18570059873948327 0.2748088685909219 0.6132323169969203 0.7168971326223614
36.93 5.483857293888605 2.165719071950292 -0.035419393991663 -0.18615356484648882 0.2729436702961429 0.6128453478138212 0.7178225287654122
37.03 5.480913898234968 2.2154552054723684 -0.033538445201446984 -0.184753957594657 0.27523142732338013 0.6125685964911781 0.7175467588662602
37.13 5.4745894112888465 2.2633969974122765 -0.02351836425096398 -0.18000056374922868 0.27456733872226835 0.611685266244963 0.7197594796984337
37.23 5.470389953734321 2.3052055717650632 -0.007833414647300078 -0.17148492199916607 0.26877745789482027 0.610361409605341 0.725127953756521
37.33 5.4705207198567605 2.341410924362877 -0.0008614637549774484 -0.16702837300619988 0.26520819487453656 0.611175587852242 0.7267947005831551
37.43 5.474007162231749 2.3733394971998063 0.0017537257532261666 -0.16866433784736826 0.26228627476158517 0.609273309281937 0.729070837303781
37.53 5.484605447611995 2.4011137389726582 -0.002440370990509505 -0.1700193862270184 0.2661788109889147 0.6051801566557894 0.7307525072673987
37.63 5.501918109814025 2.432543581363593 -0.01003071668092207 -0.16927579802234835 0.2709789659879205 0.6038545512853174 0.7302573416871772
37.73 5.520750590593346 2.465615319967054 -0.020551498693101133 -0.17205368038657964 0.2738865924796352 0.6029705102373215 0.7292531997252197
37.83 5.548504962387883 2.5096057963522664 -0.030022121554267908 -0.1724576410979404 0.27530915171757375 0.6024873590506691 0.7290214092820829
37.93 5.576966485487765 2.5510235209822776 -0.0324675871964589 -0.17720163630524824 0.28321834275100266 0.6005425969450003 0.7264540864188685
38.03 5.598284625141402 2.5851606011014963 -0.026732601028699052 -0.1801937021292828 0.2778751771261982 0.6052321177028077 0.7238851423748122
38.13 5.616252264210893 2.618455640888633 -0.013742765121103576 -0.17974082023118607 0.26435893980428304 0.6142444698017757 0.7214647044770184
38.23 5.628022715196137 2.655921733976415 -0.01239004913250813 -0.18052453901164447 0.2621763907750672 0.6202080678546166 0.7169493590922833
38.33 5.634270353504609 2.692152849092488 -0.015254308921898635 -0.18372200532214017 0.26564402116881636 0.6252562694845042 0.7104463922408178
38.43 5.638505133801589 2.737336871662054 -0.019755060519449287 -0.1817103307648445 0.2630403631266946 0.6272473060096935 0.7101774004874343
38.53 5.6462460132284455 2.7853760179098135 -0.024206608502178158 -0.18254261864547314 0.26324182195818263 0.6238886815999749 0.7128427936941182
38.63 5.648709878299037 2.838896392928078 -0.023238047112511873 -0.18534510697453183 0.27050712935615323 0.6203593137614429 0.7124797583914396
38.73 5.645434891105107 2.8820337202576884 -0.005392703871000597 -0.18029716010878563 0.26783727152946907 0.6212968108178099 0.713965267295248
38.83 5.647832906045599 2.9302600655350957 0.012428392228409513 -0.1686365735607786 0.2541822170925937 0.618642189022367 0.7240407091684746
38.93 5.653985322687351 2.9676109789523872 0.022589057869172098 -0.15836049111841588 0.2519500846806037 0.6137003787909268 0.7313104366505676
39.03 5.665451529997515 2.9898215636143566 0.02718533729445055 -0.16165805992980925 0.25157809773291184 0.6085344056868922 0.7350244958476694
39.13 5.680250994079375 3.0283842068827838 0.023628079555908503 -0.16209131826477835 0.2477899756612654 0.6070790868781202 0.7374154289002934
39.23 5.702020058838488 3.0644280709062426 0.018106868027596264 -0.16163693144002775 0.250885928323242 0.6036526895188857 0.7392788268310223
39.33 5.723110033922998 3.105984748527737 0.015838342729738587 -0.16321743811541808 0.2504713511353248 0.6072596728567095 0.7361113094345493
39.43 5.747063439125808 3.149610980128433 0.024443657503345102 -0.16555467921646042 0.24879709359142063 0.6190833850282036 0.7262419822566153
39.53 5.767959351284859 3.2031250283407116 0.032994761942307035 -0.17049102690654844 0.24781445711041214 0.6321001285826673 0.7141220008074235
39.63 5.785932994967856 3.2409545052565916 0.042434131409730215 -0.16984567058126476 0.2420754964933225 0.642864450541311 0.7065954998530136
39.73 5.795804995865384 3.2772400516383593 0.03916706505665296 -0.17441370674827372 0.24815063681058033 0.6443548476780644 0.702002813828128
39.83 5.799191258695624 3.317240674075356 0.0337044326217968 -0.17988247488640466 0.25522548925389954 0.6451012138980705 0.6973855954141049
39.93 5.80333210432625 3.3501713366425494 0.025640342603917617 -0.18155303132077022 0.25525105392878306 0.6424069347764509 0.6994274275703016
40.03 5.807723601493088 3.392554364682153 0.032086656317126726 -0.17677012530444572 0.2523787493888 0.6321963216258948 0.710904424363419
40.13 5.804752241137626 3.4553965494876078 0.03680188190764317 -0.16843992981130743 0.2447239050009926 0.6226241440976291 0.7239318859899195
40.23 5.799190024405768 3.5129216873446825 0.031988047162673186 -0.16786344886600393 0.24402870338439842 0.6161193344735756 0.7298416404585163
40.33 5.790841096410929 3.556135211453993 0.03450196576450924 -0.17293483845171817 0.25998733599747115 0.6106224453841569 0.7277639424728932
40.43 5.782073878437167 3.5931573919000463 0.042555293519568785 -0.1635744481389882 0.258358589794291 0.6103257879315118 0.730750758864683
40.53 5.7782792542693695 3.6265637602133167 0.04206641196274768 -0.16804597099361873 0.26566215953475775 0.6080002413401698 0.7290540961783535
40.63 5.772997834850891 3.658863820032767 0.03829960341713489 -0.17335388361055692 0.2640239902485106 0.6080187496147579 0.7283906669688309
40.73 5.778700715789883 3.6944772818310967 0.037056647574869116 -0.17583571815277976 0.26202348248007507 0.6069280082853644 0.7294270954725159
40.83 5.787564240424063 3.7248458061258987 0.041394779362222314 -0.17249954593825254 0.2569772603348613 0.6056127874923443 0.7331028208564188
40.93 5.8051325166083645 3.7617402636147914 0.0430312534260532 -0.16687030462495997 0.25257019199878195 0.6063886652993744 0.7352927214004737
41.03 5.82346675302073 3.805062579928359 0.04251437514560437 -0.16517780954623806 0.25640771719269584 0.6088143678209768 0.7323362884169279
41.13 5.8474923379865915 3.8480850460931104 0.046480415239592 -0.166205979089093 0.2612816085036814 0.6126824056848594 0.72713668820723
41.23 5.862922579840182 3.8902872076808293 0.052526011062785725 -0.17469968394372679 0.2616887166139112 0.6198156958086872 0.7189071840342945
41.33 5.87065950743771 3.9171182231694224 0.06777635153263491 -0.1687422120536869 0.24516595114628248 0.6320895654130799 0.7154596449595679
41.43 5.880081823276809 3.9479404242904135 0.07361471786016188 -0.16483009452744873 0.24384972956481157 0.6351967725206225 0.7140682106834229
41.53 5.891784856769157 3.9787440497972932 0.08136955975309794 -0.1636417943040416 0.24689573220537617 0.6336902519110985 0.714633140295476
41.63 5.902449762236546 4.012191923514233 0.0851825584650326 -0.16558701627761588 0.25009714237454683 0.6298228513528054 0.7164883357949272
41.73 5.911238008315187 4.049742978164082 0.09681237518948455 -0.16204636985847917 0.2487113689889734 0.6277038544951353 0.7196328925245633
41.83 5.920400729640238 4.098304276853264 0.09995186406432871 -0.1548622483377933 0.23524045671871074 0.6232884477257504 0.7295143058872531
41.93 5.917713643985756 4.13546693963518 0.10303360913251908 -0.15690859167069082 0.23781699680026197 0.6173369469817508 0.733292481745228
42.03 5.9150939310026915 4.169959139630829 0.11180986779042543 -0.14944135482686655 0.22861663662882292 0.6118745571609695 0.7423013143078105
42.13 5.915219902660369 4.1992392920399055 0.11431697297575572 -0.14753436030209216 0.23021693758719705 0.6093644109011228 0.744250488011498
42.23 5.916665815558355 4.224366911657006 0.11164545852191468 -0.15271885449977404 0.23597612222570838 0.6088228492423103 0.7418402519815634
42.33 5.923001557842041 4.254936456660933 0.1029904938640753 -0.15505207201391188 0.24543480408553506 0.6064615582777927 0.7402195554286304
42.43 5.930167345410889 4.2848052142077515 0.09559085509894397 -0.15547865140700437 0.2506872009619379 0.6061439186033912 0.7386283681058111
42.53 5.941009288516004 4.319507599072998 0.08441897852787289 -0.1575336822671848 0.25006077102737184 0.606202897994428 0.7383568217384433
42.63 5.958568312318771 4.3620990671094235 0.07824004782774979 -0.15725513245169523 0.24792832192486453 0.6080973268542329 0.7375771224610054
42.73 5.976112544907891 4.406483919417431 0.07400588071995792 -0.15807365896450115 0.2456780530613482 0.6109261930798833 0.7358153295457232
42.83 5.990330758278347 4.44815191124136 0.07373565212742089 -0.16162514503593167 0.24369832583436205 0.615093591112186 0.7322214915244964
42.93 6.000881678410944 4.486756762688121 0.07113483556734043 -0.16833811688206726 0.24299275052130012 0.6207705915656316 0.7261271749810418
43.03 6.00686708392412 4.531207881031651 0.06436501340601807 -0.17210884967653853 0.2456738884402868 0.6237516555673923 0.7217733415543869
43.13 6.013157386951162 4.573032665486037 0.060562537728965776 -0.17011090513898325 0.24919775710368994 0.6246556856874856 0.7202555325338246
43.23 6.012060016061437 4.6183628477007685 0.06059725906086743 -0.1618849611653019 0.2423119885952782 0.6242559641736819 0.7248328432991272
43.33 6.013602423122569 4.66769050984834 0.061527768330720475 -0.15016034662033548 0.2316128850395259 0.6223056664559121 0.7324909550864033
43.43 6.013942947417201 4.719721911111412 0.06939255666232494 -0.14872297269735682 0.2369998166241714 0.6188359229728853 0.7339990904289103
43.53 5.997940913542382 4.769186943759203 0.07366352590502317 -0.1506592459099657 0.24074407647016688 0.6175440625862352 0.7334735251056135
43.63 5.992847407821629 4.800682389624409 0.07914780435533211 -0.14603550556567424 0.23848920456821204 0.6152470702654 0.737066871422425
43.73 5.986865201309421 4.829030469404977 0.07291898658663332 -0.14604192445610562 0.24591426726099044 0.6101513867014513 0.7388594012157818
43.83 5.9918659345676915 4.862881997409393 0.07481460771830778 -0.1476786187726959 0.2470849857601657 0.6048002322353144 0.742533982021966
43.93 5.998538544497642 4.892353002685412 0.07142646112711531 -0.15380886922246156 0.24963587086863556 0.5997627683626382 0.7445195668416983
44.03 5.9984172396280835 4.9169789294932835 0.0770584613977751 -0.1565313671897584 0.24548230579773178 0.602284558667137 0.7432964946890749
44.13 6.008450764636606 4.954718110810393 0.08524605822230358 -0.15619783025814465 0.24187303655262715 0.6072417601468332 0.7405113886668019
44.23 6.022704718193265 5.002111712327222 0.08475822730769893 -0.15067354426442872 0.2354451776726842 0.6137359659236619 0.7383706491330917
44.33 6.032958216425171 5.0410300123450495 0.09978188025772666 -0.14410167559045994 0.23098348821379291 0.6223699047991801 0.7338508273926452
44.43 6.05236652845288 5.077955891017658 0.09772435827357477 -0.14191754880713112 0.22920774148478731 0.6263367194162821 0.7314543967294667
44.53 6.060796652390441 5.112062084208004 0.10094979951051138 -0.14549515643578761 0.23292271241061746 0.6286021514078027 0.7276245630422935
44.63 6.076480929470828 5.13186592268303 0.10862562345323622 -0.15492912515768426 0.2425037396873722 0.6291550612757251 0.7220476516731098
44.73 6.087135740422667 5.144643594030817 0.1216705127484917 -0.15657247132945384 0.24115916826445805 0.6318759734242896 0.7197638994787726
44.83 6.10033576453246 5.175530600823602 0.13045750454705307 -0.15562062559797324 0.23642269248479406 0.633576999857628 0.7200463294942507
44.93 6.110929577269452 5.194527395965715 0.13489295369627002 -0.15147047245102324 0.23175278641646654 0.6323121849033617 0.7235527919830069
45.03 6.116265999544455 5.2204002117497375 0.13564640588592602 -0.15144494434978129 0.23316779043081792 0.6283164687361398 0.7265780243383702
45.13 6.115228154153935 5.255497695497248 0.12867545474568154 -0.15163528759669676 0.23560992912361442 0.6264703123849912 0.7273442435010289
45.23 6.116863036533183 5.295292157589248 0.12998565364571285 -0.15184358824496189 0.23931694411497204 0.6270990488493497 0.7255464891380887
45.33 6.111483110442374 5.32077475432137 0.13485083964755543 -0.15089706342785655 0.23872838494835508 0.6245735157655092 0.7281117756726028
45.43 6.104718140150023 5.353370958539813 0.13543418623028225 -0.1476472068220011 0.24153526076272294 0.6209229382946132 0.7309690313724164
45.53 6.110185083176586 5.380622134597967 0.13448594874291342 -0.14426838196793834 0.2394244111046938 0.6188103282463481 0.7341228527890754
45.63 6.111920872582789 5.402767966945386 0.12933691912046097 -0.14696924543873344 0.24241443321575248 0.614028136153637 0.7366170860600135
45.73 6.1163661843796 5.431052514817736 0.12774797689076411 -0.14934601938729022 0.2448810374361178 0.6104751085337712 0.7382744651266641
45.83 6.136727880139897 5.4503206850500465 0.12223870015802966 -0.14919422918141026 0.2430725331702396 0.6094686464034751 0.7397329211602547
45.93 6.141862974299742 5.4785762950351335 0.12747639355959692 -0.14843218065317365 0.2401776828914423 0.6091541897932873 0.7410895637132702
46.03 6.160337950637255 5.504926778903951 0.1216975099076213 -0.1488748490455977 0.23811403821754498 0.6108778080301928 0.7402474503715707
46.13 6.172349526364793 5.535837487185469 0.11509788885262226 -0.15149133595946296 0.23805380778189394 0.6170529076172259 0.7345927231676649
46.23 6.188355794396177 5.582861097734066 0.12080368691849898 -0.15241507653204278 0.24060359241553206 0.6249998318250479 0.7268113689129622
46.33 6.207327548771636 5.6048844986528294 0.1193736546364588 -0.15394879677646126 0.24512318765298907 0.6308079560165305 0.7199275751575045
46.43 6.204810143584938 5.638063781267434 0.11902024669223538 -0.15444966532584412 0.24422611386143636 0.6344892097356498 0.7168837764365338
46.53 6.206674654290045 5.665503161536588 0.12133358842852787 -0.1551346120067172 0.24590817696338113 0.63517235719884 0.7155546780718725
46.63 6.216560963195577 5.702257012311783 0.12314478036230433 -0.15450390262785743 0.24408923647287206 0.634109577821184 0.7172545099379242
46.73 6.210505803631037 5.740959510212106 0.11663032047482141 -0.1520858751116958 0.24071301521627023 0.6296397436628645 0.7228284195417083
46.83 6.213153152148632 5.791355121488395 0.10825152503147432 -0.15248267238238275 0.23792403061241113 0.62204178763225 0.7302090144058386
46.93 6.204367678926062 5.852213517168597 0.10312702709363593 -0.14852701304754728 0.23869100337138233 0.614000698373998 0.7375428622805453
47.03 6.190632563897632 5.904820363109799 0.10723126053194693 -0.15220231079254787 0.25811530532171006 0.6057550343836594 0.7370697280901859
47.13 6.179910290885237 5.956288646596803 0.10476857255489624 -0.13985800751891497 0.2508835173478796 0.603907055522646 0.743500818255073
47.23 6.1697337830938155 5.990528628532001 0.11161339156863467 -0.13450918234639855 0.24786443519384546 0.603555192802017 0.7457825627300892
47.33 6.165023313552485 6.025376424784314 0.11484262699686584 -0.14357206225036578 0.2486815417244839 0.6030430585851364 0.744233581101387
47.43 6.168022006362653 6.056942423740644 0.10483849528227124 -0.15374132661736334 0.2502137467568327 0.600993550288459 0.7433461091143978
47.53 6.169357497695531 6.085039656130057 0.1000177330247479 -0.16089483862889647 0.2521895969903831 0.6005505664412193 0.7415202459943627
47.63 6.1750377144522375 6.11313002516841 0.08824207935512896 -0.16396911039581605 0.2568006314960505 0.6002251926594373 0.739525039870981
47.73 6.1803702056381145 6.145620826859728 0.08532962788992218 -0.16315390342592243 0.25513370903963223 0.6043742903892542 0.7368984403736043
47.83 6.185162195689486 6.179502798961296 0.07457292926488489 -0.16436371755839263 0.2504008551325095 0.6072060404167204 0.7359244557566633
47.93 6.200193386607312 6.217884369708996 0.07002303513679228 -0.1617357394382726 0.24228654285781864 0.6115520405293774 0.7356241455136695
48.03 6.21528066351366 6.255766616218918 0.07010791133696394 -0.16145330765017937 0.23763749488091918 0.6155579250985821 0.7338594492979333
48.13 6.225120468702887 6.2942084128910025 0.07396236748822374 -0.16418111274714545 0.23833150462846894 0.6193387053536598 0.7298371216713301
48.23 6.230623158176678 6.3251841177681865 0.059059629239889104 -0.17509829154148235 0.25017443461503464 0.6150929610938122 0.7269208965060422
48.33 6.234876143661 6.355522424117675 0.053142798051889345 -0.1776053133782566 0.253225879520145 0.6109498435903911 0.7287477582935931
48.43 6.239107094651154 6.38621980998245 0.04625292329566608 -0.17560649696955502 0.255346415771091 0.6061299221663263 0.7325073949316704
48.53 6.240320158361151 6.416966222964798 0.04369016447136211 -0.172095774304273 0.25303711909273885 0.6031397728489928 0.7365987206312032
48.63 6.232130002723889 6.444763483791572 0.04376047653189859 -0.1717668667038366 0.2514939715285106 0.6034765724232902 0.7369280509817769
48.73 6.223238064362296 6.473711619380349 0.04914049703519732 -0.16634894954679813 0.24978200446116172 0.6033601732120216 0.7388460452716794
48.83 6.214289779498257 6.495708590818645 0.054324416534495844 -0.15797289004838108 0.2550105649280601 0.6035991536252389 0.738703079408587
48.93 6.209769296854054 6.514233857688515 0.061589396247682525 -0.15447363938350675 0.25805066786024916 0.6041188982526241 0.7379621293308547
49.03 6.211871832800172 6.536099235367543 0.05513211850754295 -0.15818566118212118 0.26105347605210893 0.6051690479102967 0.7352542435707742
49.13 6.209510377314228 6.546505782095758 0.05228959592541306 -0.16420227353334196 0.26131104786739684 0.6062992106038837 0.7329088734965841
49.23 6.215791341529737 6.552222238423397 0.044035588948662316 -0.1649691648358244 0.2599340052378195 0.6075250759410767 0.732210877874117
49.33 6.222222638256626 6.552532870443448 0.0444604100736569 -0.16432911709697423 0.2519670460259398 0.6124189038940016 0.7310619913142528
49.43 6.228918406807782 6.555776034415823 0.03887067946852293 -0.17430564907078772 0.24822637686411228 0.6194769063780919 0.7240508055344982
49.53 6.227167230030392 6.569226924112806 0.029614980819596987 -0.1846100979749596 0.24983026622526258 0.6276791112227535 0.7138087160704222
49.63 6.221417742376721 6.597347380809989 0.021034124749080615 -0.18605352539674183 0.2550511685312428 0.6322709618796994 0.7075071857458489
49.73 6.208625226689135 6.616910123156049 0.018807494974830603 -0.18519337902742544 0.26435220260783904 0.6297023757453954 0.7066089748378471
49.83 6.197561819231541 6.632586409760294 0.02191680128467262 -0.17449036964465944 0.26345295510391253 0.6238650243111428 0.7147993304344538
49.93 6.198160591863887 6.653756734977041 0.0303883881182416 -0.16270351890924686 0.2708265278696215 0.6145712335176051 0.7228296864886519
50.03 6.206137788365254 6.675234344809111 0.029812294215158335 -0.1546945840321794 0.2786842334462815 0.6050513292177945 0.7296009681403595
50.13 6.226505693206234 6.696793812914176 0.029932872726229638 -0.14871657572441516 0.2877701533309833 0.5886917951352726 0.7406171003272048
50.23 6.251664299347183 6.711625957281017 0.02509820069478514 -0.14419780968825216 0.2893833030486771 0.5750471170913656 0.7515218617729343
50.33 6.271883383334532 6.721586306426642 0.024150454475592296 -0.15171945748524848 0.2930087370968052 0.5642754190614279 0.7567828867306445
50.43 6.28084998553841 6.721483645253017 0.019060539205428308 -0.16132213302006784 0.28998702257479514 0.560655632528232 0.7586487710729051
50.53 6.292654678184892 6.738468327500273 0.01690985678643525 -0.16772560574256504 0.28395574598928747 0.5638693463263986 0.7571582501507838
50.63 6.306587437332258 6.763403650411528 0.011976623871081754 -0.17000225939753294 0.2860257021950461 0.5680384801103586 0.7527421966367227
50.73 6.326179364795841 6.801642899104452 0.0047070181834297994 -0.1659076502346337 0.2777783764975293 0.5741896153953553 0.7520771973116545
50.83 6.343940455069821 6.83401842324682 0.012130010821265216 -0.1669264285898838 0.26688877462448896 0.5784056547265507 0.7525641819791955
50.93 6.360591944827033 6.870180972160611 0.01581236500853263 -0.17408037981868726 0.2603360730206333 0.5815859382220776 0.7507855532099184
51.03 6.374152100522307 6.900431435433979 0.017375575059181525 -0.18262014142024463 0.26244107036897757 0.577860914409138 0.7509003476690299
51.13 6.381984248347126 6.924095905145797 0.020995082555448432 -0.18292405268753958 0.2616966692506044 0.5781781261681866 0.7508419931464613
51.23 6.379488438967874 6.960140982912576 0.02058500549917717 -0.18227848531104923 0.269006879070913 0.5856581078831964 0.7425728472519793
51.33 6.370949989578427 6.9911813210920215 0.019331879313459862 -0.17798893705511756 0.27445198028969503 0.5909663142580908 0.7373973584257417
51.43 6.3687288214190625 7.029967965241532 0.015496317805918945 -0.17394577835013517 0.2687761042312261 0.5898003192530014 0.7413756506640263
51.53 6.369767678508046 7.06957268855609 0.014765738892152585 -0.16486588655992032 0.26388458359326966 0.5874773663961562 0.7470304612014526
51.63 6.360546964096061 7.12397233419448 0.020323753281611377 -0.1564265920258198 0.2708090140098807 0.5917064016868097 0.7430186629156982
51.73 6.347231161902181 7.156234351581323 0.03623351617434631 -0.14357086207741787 0.2607567648806009 0.5974994612169485 0.7445721663994743
51.83 6.350679726568209 7.1836526634707 0.05685853682126887 -0.13524740665523582 0.2501360583310774 0.6022580943423193 0.7459391926389063
51.93 6.3566152870827235 7.198674895536752 0.07218307583488828 -0.138250034581234 0.24592632790689378 0.6049652421051626 0.7445966861497307
52.03 6.3636046319696575 7.227999733223945 0.08127784484169268 -0.1491998323988022 0.24669356121841726 0.6064248031195564 0.7410335046588324
52.13 6.380443477822679 7.260631409674105 0.08310623994496154 -0.15954836296543964 0.2538203936545113 0.6047136582163479 0.7378623985586469
52.23 6.4050000682696595 7.290135213808075 0.09239330753331475 -0.16280531762757955 0.25581449973303366 0.607837641274929 0.7338847131040758
52.33 6.431686044031755 7.323626709062714 0.09999049151576016 -0.17086169010285127 0.257003789777081 0.6119146699238215 0.7282278294788218
52.43 6.468196116726993 7.360417401600168 0.12200552980507046 -0.17011567183459053 0.25483222382437626 0.6121495801243657 0.7289678233300506
52.53 6.494541013409147 7.381824829565111 0.12705150408019408 -0.17494927297466675 0.26206578322550894 0.608523981333974 0.7282944742955869
52.63 6.508321085576078 7.394710428057807 0.14518430102849586 -0.17750539623313374 0.25854061524461097 0.6066794080747616 0.7304715466019969
52.73 6.518582518818279 7.410275923246399 0.14834565786620396 -0.18523797611363874 0.26775891354276504 0.6021447917544115 0.7289812797231199
52.83 6.517261581382973 7.425107951573934 0.15448072004077112 -0.18944779323336652 0.27762882681481116 0.6012218616622443 0.7249579582429759
52.93 6.511825133729194 7.443785432595043 0.16949295165611017 -0.1890643188040636 0.2740748014046718 0.6025946800244895 0.725270527593896
53.03 6.503407540001873 7.47481659543118 0.1819149584137221 -0.18992041909010562 0.2724163731430645 0.603047326083043 0.7252954408793076
53.13 6.491354776196682 7.50918342658321 0.20046580869400996 -0.1814914755962512 0.2743456628129184 0.6036179401550431 0.7262511162845939
53.23 6.478132596207107 7.548514708620074 0.2201154966120521 -0.17450969952389525 0.2789802920137681 0.6030595244252334 0.7266605613627342
53.33 6.469781976436797 7.594910809711337 0.2281957816578365 -0.18224354766558779 0.2884289070177584 0.5954360918164624 0.7273595503553515
53.43 6.463706990942412 7.634863073585173 0.22477778576556084 -0.19421110229560365 0.2982075030149246 0.5889828099481358 0.7255712111683652
53.53 6.461844030239475 7.676534793257417 0.21991832916395343 -0.1997897266953752 0.2967866772209659 0.5896019684515974 0.7241348300759515
53.63 6.459745423564934 7.714525073565931 0.2169416607261233 -0.2021922289388512 0.2998146495443932 0.5979968126218201 0.7152826648042406
53.73 6.463332192211097 7.75477688619926 0.2073141840434321 -0.19429779175523787 0.29973095307045006 0.6056316554195197 0.7110696322051238
53.83 6.477340061361447 7.793911604941993 0.20192740767378045 -0.1897067783229728 0.29241781486813984 0.6076657664161119 0.7136143749476885
53.93 6.497351649928945 7.830891923512399 0.18668753717239125 -0.185771856034096 0.28980114415175007 0.6106241760539729 0.7131915801328496
54.03 6.519448112215409 7.868803138237862 0.17143203426030723 -0.17620566765491497 0.2779892974385144 0.6166419390124569 0.7151407080056933
54.13 6.540506674136546 7.911983829899887 0.15998010536409088 -0.1760659046691664 0.2706227444540067 0.620253767559115 0.7148771861137637
54.23 6.5568503390924935 7.953457984141629 0.16213803740086868 -0.17559913387513568 0.2706102914637076 0.6249101028997197 0.7109306419265462
54.33 6.56353332364032 7.994459689502036 0.16183850391878235 -0.18449716906932703 0.28238488735051054 0.6240692958955869 0.7048099629842289
54.43 6.5719501058574235 8.034716753188086 0.1713441650553699 -0.18054831082055814 0.2783367099584697 0.6256770959688095 0.7060163984847483
54.53 6.58087433172294 8.08194670602927 0.164365335707269 -0.1841916454769743 0.28133375653459813 0.622891952832192 0.7063500338129209
54.63 6.587348806795196 8.123626889323058 0.15897144399705884 -0.18711281294828422 0.28368093591616295 0.6198202161961636 0.7073449098020367
54.73 6.588883212529061 8.170382117577248 0.15564513232013605 -0.18418190421736377 0.27945407033774416 0.6210701988010686 0.708698988916828
54.83 6.58367470357127 8.21511887449852 0.15752701798131258 -0.17723761609242525 0.2835146582298765 0.623087140022026 0.7070846356341245
54.93 6.581914064921258 8.26186373601775 0.15819781397935828 -0.17835964818744945 0.28640039650038585 0.6236028815861706 0.7051823132072269
55.03 6.5732432826423945 8.292167817728972 0.16231016225178754 -0.1794401547550966 0.276965406110357 0.6311932748885034 0.7019162659570714
55.13 6.568025932326546 8.322984832079452 0.15862885722821968 -0.1858319874024117 0.27287638038971757 0.6309845663549105 0.702042328143668
55.23 6.5828268664399525 8.36036971209729 0.15145630580802857 -0.18610843446303563 0.27722863670361736 0.624412606058741 0.7061280556726969
55.33 6.602088527139685 8.400951567759838 0.1411979403039116 -0.18848301340625692 0.2904384442047226 0.6133960584686009 0.709834444952076
55.43 6.632194507395763 8.443800997948122 0.13622879599265986 -0.18659184928751124 0.2893082901597023 0.6076033922634337 0.715752969071246
55.53 6.6615894647294045 8.491407090004579 0.12921951309870702 -0.17848370980733697 0.2852283366023148 0.611111237639265 0.7164715043625203
55.63 6.695317324293734 8.534593796039083 0.1293693883470769 -0.173919071192365 0.2730436210213244 0.6070967722158117 0.7256947339345183
55.73 6.730718895926799 8.5668263256301 0.1355887715716034 -0.1835581165883146 0.26957449888937257 0.5997345866568229 0.7307218574469113
55.83 6.746769284767313 8.59408705155075 0.13148153414574196 -0.19529974758895188 0.26993537922247907 0.5997037110067509 0.7275633021534549
55.93 6.742252491010847 8.620783582232713 0.12426686386836638 -0.20588300313874283 0.27363448155902714 0.6136961390546676 0.7114164802911788
56.03 6.734344500809035 8.649077566513693 0.11296891453107592 -0.2065045484078595 0.2729567964901837 0.6334879640664464 0.6939333239725782
56.13 6.726407298470249 8.673839998399847 0.10624209534584786 -0.20430741133476787 0.27656511707171283 0.640165272242046 0.6869924613182178
56.23 6.731796069024567 8.703952369878825 0.09793520645826724 -0.2073988873187318 0.28086190241784664 0.637390655384377 0.6869027920585666
56.33 6.741603091517431 8.741595937576987 0.09449807220983988 -0.2028559312769816 0.27302072014712586 0.6334057259520134 0.6950585182898605
56.43 6.754378243449416 8.786188122387896 0.10098381959540528 -0.1934327307364118 0.25646028818665767 0.6276661092920965 0.7091171655722298
56.53 6.7618080696034975 8.838590583818778 0.11836930029539963 -0.18286849061843488 0.2544919630591381 0.6247318508821452 0.7151944283693845
56.63 6.767578909253195 8.887455184506592 0.13801175135656005 -0.17232147768359315 0.26361183046747294 0.615985225690087 0.7220639257697783
56.73 6.7788759891185855 8.931887994059693 0.15716134720216865 -0.15636880069917616 0.2583561058363719 0.60919497631558 0.7332683012218835
56.83 6.792047831795001 8.969899793467635 0.16769260971587321 -0.14483654578367158 0.2536031296043089 0.604406950988998 0.7412152624282218
56.93 6.802363307251157 9.000509211425031 0.17000815173878048 -0.149211025525509 0.2625796722836444 0.5975971440001353 0.7427419733985159
57.03 6.8087707913693745 9.042810533624799 0.16253963395469267 -0.1554125323545564 0.2699647214523235 0.593219134044959 0.7423321715790461
57.13 6.817756088870986 9.082562771079852 0.15089667677228358 -0.15967704330552213 0.2726397289469228 0.5907881584134288 0.7423881544848518
57.23 6.830277488835589 9.131119511185767 0.13553182069275538 -0.16049839952932815 0.2726056925760653 0.5927017730686167 0.7406962996565907
57.33 6.849336904732648 9.186724193249473 0.13158496258635605 -0.15523334813556652 0.2645576039774837 0.5956226527231061 0.7423917681166765
57.43 6.871814036473943 9.246273600506116 0.13971608503125166 -0.15459082024720777 0.26405051786460704 0.5955022507567541 0.7428028484425515
57.53 6.881163798587988 9.307446038836062 0.1463943765618652 -0.16075293294676488 0.26867509599467515 0.6043193018322117 0.7326461415815231
57.63 6.874052668961184 9.360512207780479 0.1500133966444803 -0.1679941385616026 0.26661875575919525 0.6133527482444502 0.7242173808376485
57.73 6.862609667164435 9.404447218740316 0.14879023944308062 -0.16938427372780188 0.27091768814190714 0.6196647755287371 0.7168878155154189
57.83 6.854533685793267 9.454496766698133 0.13838906881182023 -0.17906469314876725 0.27383459181772996 0.6214097059410041 0.711899170777625
57.93 6.843308771928722 9.493561436022805 0.12093334786125054 -0.18573089898373468 0.2783333571432584 0.6237330655077857 0.7063934020475541
58.03 6.835760262340412 9.540347127971714 0.1145447231138883 -0.17485055435841296 0.27058220260657206 0.6214343028402843 0.7141652207483513
58.13 6.823337545316484 9.584927441378436 0.11574093145400621 -0.16841642922327768 0.2778529478759227 0.6189392868724546 0.7150858723888747
58.23 6.820626851542209 9.624777636051327 0.12038817337135235 -0.16389356715257616 0.2878215923310506 0.6100185019793567 0.7198437725485193
58.33 6.825477274939992 9.659203257497698 0.12379406069969295 -0.16204599084749466 0.288553815588277 0.6038965022390771 0.7251115824086034
58.43 6.831774079280711 9.693558287328102 0.12006099013463689 -0.17147332692132722 0.29157692005652236 0.5978382410208045 0.7267525269429991
58.53 6.843772783463031 9.731236633660174 0.11437020441747128 -0.1753028225189392 0.2972731808224062 0.5953587365735322 0.7255656766731663
58.63 6.85667098486569 9.766893873708504 0.10264778820948604 -0.17625432201544555 0.30821108146535997 0.592013261718364 0.7235057989970866
58.73 6.873093975431992 9.815902584248658 0.09353600139014523 -0.16912887215464037 0.30288296540566806 0.5950628039494704 0.7249535110795468
58.83 6.895878864791783 9.863019597736018 0.09901453726969558 -0.16371123775380092 0.2871793530642419 0.5999917116806395 0.7285167092944804
58.93 6.921422376008062 9.910514789931433 0.10888754416602697 -0.16305678323771575 0.2802828099144287 0.5983187380301339 0.7327132588050177
59.03 6.935970178866242 9.952885859054474 0.1240673728833975 -0.16413106494096685 0.27592673519993915 0.6045784350223281 0.7289789751626581
59.13 6.938923791921281 9.997046024175393 0.14057089913883658 -0.16614203237366498 0.26743926272422613 0.6152519428024975 0.7227296262849771
59.23 6.937481464151422 10.028991344841948 0.1485474820834753 -0.17352672512125852 0.27191641313865017 0.6248591593630012 0.7109859146949857
59.33 6.932878131555262 10.065797390694955 0.15049742462285515 -0.1729195807722184 0.26935391623241944 0.6309090706021858 0.7067538687744873
59.43 6.933144546103929 10.105799987802172 0.14266410502644694 -0.17409901526256785 0.26509085821639733 0.6321741313607245 0.7069457103717454
59.53 6.933382120802581 10.148721262736707 0.13280120437087084 -0.1748206627328949 0.2553061368178714 0.6282991773530173 0.7137903446547084
59.63 6.938099832575471 10.199820052575683 0.13476100357951437 -0.17159029874796508 0.25020311359223646 0.6247948791345415 0.7194348687209902
59.73 6.9389236879475 10.252620330532203 0.14155470140396784 -0.1733625700622768 0.26251840511890656 0.6234614566041837 0.7157690398475038
59.83 6.943779423537072 10.29866773228249 0.1572928730361165 -0.17167902862983753 0.2648819140698328 0.6211647242472865 0.7172992876604645
59.93 6.952671663439846 10.337688056655802 0.16718877873398152 -0.16488735760608733 0.2632351220128979 0.6232205072017606 0.7177155629103479
60.03 6.959100139020303 10.372422664572705 0.17626043733355126 -0.1613422215169664 0.26351612480760683 0.6250407923971286 0.7168346722654545
60.13 6.967547257248798 10.406425290914463 0.17589449782524744 -0.16138119521577263 0.2679334093628605 0.6237059136239675 0.7163509833094489
60.23 6.973454627322549 10.441229525285884 0.17220703959816344 -0.16611436550732295 0.27110638728929604 0.6211943332477435 0.7162575965977166
60.33 6.983336905911173 10.480140446376653 0.16230447553215924 -0.1714312821766919 0.27317636774422416 0.6206029024421396 0.7147293369365219
60.43 6.997442490092492 10.524394479212692 0.15014231141433737 -0.17926985834207576 0.27435338248676616 0.6210519325138572 0.7119599964386243
60.53 7.020038012707835 10.577354405022136 0.14775121077029943 -0.17708652560867424 0.2659445349060034 0.6231821064160926 0.7138332641760817
60.63 7.042142888869979 10.623184337755028 0.15086026134261377 -0.17676010128846462 0.2665470148611267 0.6244735217316717 0.712559735122016
60.73 7.059420662126682 10.66397561709308 0.15499554759155254 -0.1803870479695707 0.2674956997776033 0.6277423622166183 0.7084109613804787
60.83 7.07287418884262 10.69941803256324 0.15625860059002142 -0.18326259945398082 0.26532446395149445 0.6334138355377169 0.70342352919107
60.93 7.080179177094085 10.731438576782502 0.15627359215960918 -0.1823460908880634 0.2670717693231556 0.6425011776632228 0.6947048365095879
61.03 7.086903022314002 10.760846933359094 0.15237792964505176 -0.17783643225787923 0.2665564119804637 0.6448320907672579 0.6939117071433634
61.13 7.103893037955234 10.794903305086128 0.14516931285886076 -0.17561669860629162 0.27081593101076995 0.6377917620824585 0.6993133595900695
61.23 7.122447529358963 10.826206647695358 0.1385213639712854 -0.17805544459036993 0.2774701037029087 0.6275017960537633 0.7053708926175819
61.33 7.146182991019768 10.87494216480578 0.13405931050552228 -0.1688167839132444 0.26512678072610346 0.620992809996641 0.718036638023073
61.43 7.163707962015712 10.922247121344775 0.1345199634538934 -0.16544147075687177 0.2644222295560151 0.6147585339831337 0.724418352311244
61.53 7.171876273116949 10.967073478017968 0.13571952487487143 -0.16608719343268186 0.272434130516277 0.6091542002799862 0.7260343304477727
61.63 7.178912337868179 11.009983001222114 0.1381836681947091 -0.16900148726173114 0.2812537660077302 0.5998743704868491 0.729716079062808
61.73 7.184875787875629 11.045682113457346 0.14626163518124533 -0.16974258841207382 0.2793439239108038 0.5921146717130829 0.7365830851950054
61.83 7.189694003614293 11.077490841088087 0.15325384531289296 -0.17124001347553292 0.27436511332528646 0.5919715726718187 0.7382210370365747
61.93 7.192222969558996 11.108589157629265 0.15757454642091706 -0.17280361442860137 0.27474586238049553 0.5952685354853787 0.7350571356066831
62.03 7.192752865630892 11.148013327100331 0.15567513867924543 -0.16907824644620673 0.27356472072584626 0.5997593501265 0.7327097734360474
62.13 7.196517553622793 11.18716544495002 0.14780861847081203 -0.16813647667494125 0.2770762072399013 0.6003963504631413 0.7310835266530281
62.23 7.203015509463871 11.244078630633297 0.13325202570481415 -0.1719305414417008 0.28329905789384224 0.6017623681513775 0.7266798366494499
62.33 7.212992267408842 11.297298436913717 0.12957932981321496 -0.17247181377786472 0.278577168381857 0.6013036823098704 0.72875381052116
62.43 7.231393467698099 11.356814255936273 0.13456050340098089 -0.16158092489433917 0.2650142447701188 0.6014781147703279 0.73612711689731
62.53 7.243858084838388 11.416034872236114 0.14835090772864834 -0.15830911491348287 0.26893414209845756 0.6039103906876366 0.7334199965698935
62.63 7.252363142360974 11.468418931956474 0.15535877524629815 -0.15386460616932948 0.2618160667934403 0.6138841037097892 0.7286455498729124
62.73 7.254771274812309 11.513042188756042 0.16069250830874224 -0.1588726132404774 0.26257407450413184 0.6172836500963539 0.7244137239755762
62.83 7.25251524924018 11.54774325325576 0.16376939825895934 -0.16406037634883314 0.26402436125368617 0.6225279850396235 0.7182160102778054
62.93 7.2499483594133185 11.584301312246605 0.16526804306350917 -0.16650812398820947 0.25852992585287926 0.6243986943232325 0.7180275709273806
63.03 7.253738004947075 11.630088667403871 0.15783212380084624 -0.16836385238016374 0.2621196025448054 0.6221698790470408 0.7182280757392142
63.13 7.259018228383632 11.675808469408558 0.15081216083930646 -0.1705247769274042 0.26414148514611735 0.6160307486626869 0.7222580515167358
63.23 7.267290830408263 11.734350340042502 0.1421753228105869 -0.16935595857641206 0.26191654024721694 0.6101832667405696 0.7282819963650068
63.33 7.270657721706149 11.792227692180102 0.15203739730019908 -0.16387452950069398 0.25902591747255005 0.6118853387865577 0.7291413064944883
63.43 7.273029897951065 11.84737762053373 0.16366678736032764 -0.16178229511022574 0.2662687827995273 0.6104246965264051 0.7282232584626589
63.53 7.278164203061683 11.89035111620548 0.18482106497904077 -0.1539440331671307 0.26100116428532505 0.6062430967801525 0.7352883342610249
63.63 7.284802245743164 11.933239373360754 0.1902059614075608 -0.15354522306299057 0.2636375839310762 0.60273613630023 0.7373114937469725
63.73 7.292807285216131 11.967601064746978 0.18902522310668074 -0.15858978101483734 0.26829483441853746 0.6000746082766905 0.7367344349788274
63.83 7.3031806329763 11.998273108900753 0.18911909454295217 -0.1596191663856384 0.27192453349638895 0.5977292901922869 0.7370878275018181
63.93 7.318529155190781 12.047646499145152 0.18073852813999947 -0.16614618096486242 0.2796413471250133 0.5949365794813412 0.7350147140866915
64.03 7.332301489293439 12.091483649968703 0.17983462804092895 -0.1665727690998544 0.2752178241873267 0.5990216827940945 0.7332678128668485
64.13 7.3558269724477405 12.143200629302715 0.1807022908221389 -0.16099453272371622 0.2635554108908651 0.6102564674172143 0.729524742417063
64.23 7.38123568418956 12.203766493416218 0.18653766313366826 -0.14424614366844682 0.23838248516047378 0.6233830033851651 0.7305891265930459
64.33 7.408760644360626 12.261795765003708 0.19057125264055993 -0.14869951788624386 0.24393701648692728 0.623028391079707 0.7281612522487633
64.43 7.427625012762118 12.306245330776429 0.19809456140971324 -0.1532639133638947 0.24149154848451937 0.6275792792659594 0.7241106635777108
64.53 7.44087971617179 12.350309675092282 0.20038950437782316 -0.15243671813597195 0.23758920668551228 0.6320548963174661 0.7216793081913879
64.63 7.4467749172623225 12.380649010404753 0.2005645003645363 -0.1547833286763649 0.23930018562642294 0.6323111576222505 0.7203888826664621
64.73 7.449771304219693 12.416863312727015 0.20007132727237215 -0.15445142833743522 0.2398406353748951 0.6334124102356837 0.7193121328511807
64.83 7.456881507168346 12.455880579958777 0.19365634771523005 -0.161443904425852 0.24982078762846646 0.6280921072469149 0.7190450226561332
64.93 7.464104673581611 12.499988116206222 0.18434932440168642 -0.16333304302835816 0.2541703604007702 0.6204083743464816 0.7237493999925632
65.03 7.471449238678769 12.547118641984385 0.179236281222172 -0.1618773657607031 0.25167837311301333 0.6099062051588792 0.7338038810678625
65.13 7.47875889195951 12.610282962383977 0.17647263487786496 -0.16082752688355423 0.25962654466346236 0.6007197716357163 0.7388263123823919
65.23 7.4772248716353396 12.671189677317933 0.1758567232622682 -0.16932552186891783 0.2823287508940961 0.5961110953415515 0.7323052000860665
65.33 7.471932437846096 12.724007202017436 0.19218978839389902 -0.16373098872965502 0.28509529774999615 0.5942681190709863 0.7340015239672754
65.43 7.471553138964953 12.769632442292634 0.2061541499677638 -0.1536509357214495 0.2788137935484501 0.5942415298681019 0.7386008818428687
65.53 7.476479409996643 12.804398809667747 0.21592379032209708 -0.15307716718646705 0.27568125807238203 0.5925487921640044 0.741251073347469
65.63 7.485287592779945 12.848664531273986 0.2144381642886446 -0.15529841602845484 0.2738896231272357 0.5907327304292207 0.742900880011534
65.73 7.493676617643312 12.88478181857848 0.21072027370029797 -0.1590441487625979 0.27147588409287515 0.5941881022073369 0.7402339510557564
65.83 7.505457043281317 12.930908007793876 0.20381586520672026 -0.16215629461591627 0.2669801469502443 0.6012910450825448 0.7354427349252989
65.93 7.520260988429634 12.988290919555416 0.19008085284966283 -0.1650707708073858 0.2691576228998226 0.6056740315397081 0.7303867346676068
66.03 7.543534225273664 13.047973347821843 0.18447531210628065 -0.16622265714171094 0.26642442607097355 0.6042638136122199 0.7322931769478108
66.13 7.561976774968752 13.098691799212187 0.18520413774437852 -0.1720649282257953 0.2729390284216909 0.6015904152149808 0.7307440862301537
66.23 7.570175518679248 13.144870153829629 0.18664628149913737 -0.18291926656969965 0.2694468954841934 0.6041183390880264 0.7273100747336432
66.33 7.562536020939572 13.186628637592904 0.18521115474032174 -0.19581108518425805 0.27758922654038887 0.6061009203873895 0.7191967147681024
66.43 7.557181589203452 13.235015110904078 0.1773879797191871 -0.20030168740757875 0.28455867248502587 0.6054195745024182 0.7158021617350337
66.53 7.557996884250801 13.27966695249898 0.16824353179314105 -0.20022213483796758 0.287760555486007 0.6073530917058997 0.7129005410452405
66.63 7.558411339112464 13.33589113736107 0.16961365146472238 -0.18953303719058412 0.2713811541870743 0.607025924608582 0.7224603960207785
66.73 7.560349991681865 13.398284237006212 0.18316927554146206 -0.16527507836077573 0.2525496244334725 0.607880727426828 0.734427570897486
66.83 7.565360862335738 13.449264504201143 0.21682957862015162 -0.1597618244635497 0.26262299829049657 0.6052270805913793 0.7343061358396946
66.93 7.572201549221915 13.485794479152508 0.23897038706813692 -0.15317299672771884 0.26084500550832423 0.6104553854505974 0.7320123896145304
67.03 7.589482849378196 13.52769150528709 0.2622169317726643 -0.14928916521869445 0.26502794316830863 0.6118442157636745 0.730150388704146
67.13 7.613597668467228 13.561949944721249 0.27228672665587694 -0.14484876509355962 0.2651634366663078 0.6090115383352253 0.7333567571658055
67.23 7.639096722317121 13.596471201693756 0.2701392711998509 -0.15421033224192954 0.2737196479771335 0.5973698040488972 0.7378658719250337
67.33 7.67666144238367 13.639065732551945 0.26715598544488106 -0.16157983661689632 0.2742553040470657 0.5872276874378508 0.7442040229045409
67.43 7.7171094426198685 13.675835011994067 0.2605987950385154 -0.15943485767300192 0.2662355285422089 0.5891901897581008 0.7460255289153672
67.53 7.751417751653202 13.720967829629329 0.2511996492762135 -0.1442854526335788 0.24665156223659768 0.5950070124003898 0.751206609528252
67.63 7.772238740105297 13.765761016880186 0.23829584752563468 -0.1392462951485356 0.2498124587683895 0.5990324377241342 0.7479066407552349
67.73 7.776789551746994 13.799618434961637 0.22517541809580932 -0.14955789940309616 0.2628860900429309 0.607198658075653 0.7347333720603684
67.83 7.777959388399107 13.838322606886521 0.22952011278641982 -0.16442367931732893 0.2816638414228993 0.6153928898843318 0.7175806053639261
67.93 7.773833512629765 13.869457449573243 0.2522544918918394 -0.1607069294405312 0.2724491738284912 0.623975521320849 0.7145622991050841
68.03 7.7776445390063955 13.895453694588658 0.28575351791127757 -0.15587986960207298 0.24486885543979273 0.631512816535051 0.718980022281853
68.13 7.7811092869892695 13.926052221933428 0.30088122486651164 -0.160754091078884 0.22952006668162994 0.6333202683371346 0.7213765306032918
68.23 7.78987778111594 13.975712128220794 0.299660868426843 -0.1649083640233675 0.22727680559634922 0.6266519411644877 0.7269510504482646
68.33 7.800431128239586 14.026605527528533 0.284161282975126 -0.16671960317814255 0.2294450283595523 0.6162688272371334 0.7346919663729657
68.43 7.808946667340799 14.081842226535125 0.2763094762406277 -0.15744276521405048 0.2414969131489207 0.616747729086721 0.7324706514855519
68.53 7.806658198771122 14.120131121144803 0.2565973430730274 -0.15688099057221133 0.2627675726355864 0.6106648823810679 0.7303628954121372
68.63 7.813402172777317 14.153998049470154 0.24477250951989943 -0.15880330967448253 0.2722090787788372 0.596690425928047 0.7380001774204483
68.73 7.819924998446477 14.177921468685021 0.2283875008810728 -0.17209312753534858 0.2841981832815764 0.5854286056250835 0.7395192328739155
68.83 7.825275635188668 14.200445675284604 0.21289633927626955 -0.18185174764863102 0.2886295087910456 0.5799132145851296 0.7398132278364046
68.93 7.8220324313404115 14.220156485226514 0.20100682776768322 -0.18994531361960437 0.2832876368803168 0.5791380821375705 0.7404511965300162
69.03 7.819455075050493 14.254087840207925 0.19252080157627333 -0.19613876336678712 0.27829249942814627 0.5816267737505737 0.7387781577195429
69.13 7.826778530371526 14.306027351397795 0.1767261087513624 -0.19832812585473056 0.283523239238597 0.57922954556813 0.7380878408750148
69.23 7.842278079834797 14.351833694277136 0.17042342071860808 -0.19444183496863926 0.2906683428465411 0.572483997475228 0.7415971682225178
69.33 7.8627039581216405 14.397582708066373 0.1596005256594582 -0.19077096511194983 0.2869838043628988 0.5662773108066649 0.7487167302586637
69.43 7.876466699040547 14.43435005514176 0.1546967533132321 -0.1970026227666953 0.2749630920951333 0.5671623799803587 0.7509408094807085
69.53 7.87817661754368 14.464553706756153 0.13943353335162345 -0.21029680105282608 0.28443674753605186 0.5668874573132228 0.7439822597743911
69.63 7.88104697062094 14.492664441482743 0.13054178713023556 -0.21219292709397533 0.2947429384915545 0.5705922677016793 0.7365631174174485
69.73 7.8748976036234195 14.517651167225885 0.13493874290949107 -0.21302301023583556 0.2928906158595751 0.5792304716341697 0.7302933280414927
69.83 7.862666828816212 14.563665142999241 0.1469627466649675 -0.20465412405686825 0.26831885949687484 0.6036247359570449 0.7223287736796868
69.93 7.847440144240882 14.606558932601587 0.15220970008797108 -0.2012584909396683 0.25641556844255453 0.6253626898250305 0.7089905374966381
70.03 7.835449714893134 14.664415223772203 0.15051290708549953 -0.20006157491083168 0.2460418484933721 0.6409301976012018 0.6990330870831843
70.13 7.821713837716971 14.725254632039428 0.14788593734760258 -0.20295108800485345 0.23470115564508165 0.657283530307336 0.6868075306832584
70.23 7.80376561553032 14.785158501333276 0.15720616628215242 -0.2095679594308693 0.24339308989335035 0.668460299583988 0.6708218109544697
70.33 7.791885072676324 14.83532506264084 0.15646288799383318 -0.21066815816196527 0.24231348160332386 0.6723405599990375 0.6669792164303935
70.43 7.784873574116624 14.873110204788983 0.16079983093539318 -0.20126377656431363 0.23298800542881884 0.6802378027372964 0.6651962216493009
70.53 7.7709785124144215 14.904179275897205 0.16265880565270602 -0.21204146976938462 0.23966458126514556 0.6897105630390874 0.64953725283262
70.63 7.753625582782507 14.926884913619867 0.15314494967990439 -0.230346275422489 0.2404425870720916 0.7022781750098462 0.6292323264311096
70.73 7.723613258513758 14.946903716893367 0.14538283500899343 -0.24092073399452318 0.23282365132749425 0.718611212268641 0.6093835187432194
70.83 7.694291235206689 14.97269341398152 0.14852038886140473 -0.24969043345435016 0.22776958581956164 0.735006230440844 0.5878278186936249
70.93 7.65892220750722 14.99982012596782 0.14421933247099022 -0.2501636290009487 0.21528179247612222 0.7564138786518904 0.5647211282891291
71.03 7.627014093493415 15.025799965049858 0.1475323176419943 -0.24589752847038426 0.20579929815044556 0.7778517250502024 0.5404884348525556
71.13 7.581895583104002 15.06925461682943 0.145026216088285 -0.23363028911132666 0.19257907468142366 0.7969944792184553 0.5226183962509433
71.23 7.548170762415857 15.095928864114104 0.1474771827969202 -0.23464010230793875 0.19316231592316 0.8055601243859136 0.5086307384492927
71.33 7.51636478675827 15.125066081089647 0.15638395651081244 -0.23305464290620986 0.1852995746084339 0.8103427543331918 0.5046723903380181
71.43 7.487212129333551 15.1375960370559 0.1584617969449898 -0.24302841712273537 0.18671123784693006 0.8071366589400377 0.5045854892162458
71.53 7.457753213221028 15.16533345985386 0.1556987089964284 -0.25120439280207685 0.18997929396071095 0.7995606952377782 0.5113774687391014
71.63 7.42981213005789 15.191006382128366 0.14502454922270366 -0.25642689106347094 0.19642068893085662 0.7908847868548822 0.5197743899240882
71.73 7.398515540138253 15.214530472602432 0.13745307450074462 -0.2514868993208901 0.19765360997065767 0.7850902347534799 0.5303967507727189
71.83 7.360821931142152 15.24369010312936 0.1318384570850349 -0.24260064067412998 0.1979913373058419 0.7778665769302043 0.5448558965370869
71.93 7.311622451136432 15.270264879679878 0.132739610618985 -0.23887810994593064 0.2028601187975049 0.7745914783249619 0.5493569536253018
72.03 7.266704721648456 15.294539637142949 0.14154727243066226 -0.24116679509110797 0.21116754136216354 0.7626180191967674 0.5618368119097765
72.13 7.237090852075574 15.324008968428885 0.1607761063841444 -0.23209814321579453 0.21396261627879526 0.7534869482861379 0.5767216568790848
72.23 7.207861625005862 15.349566439076577 0.18032073490149927 -0.22735235510540544 0.20452874194301585 0.7525372614818634 0.5832380049590479
72.33 7.18030336643743 15.379430067278943 0.1833786642019337 -0.2375555300492368 0.20485573247450992 0.7479296576648067 0.584980962254981
72.43 7.153032834896259 15.408270084363618 0.18096852356886406 -0.24194335626767957 0.20659034335100623 0.7478688469256195 0.5826457158429885
72.53 7.11992468618948 15.441521173968786 0.17502336129910573 -0.2414706014721299 0.20629832757379477 0.755130600984807 0.5735073880267519
72.63 7.081911482879063 15.480360752314276 0.16734607614941266 -0.2358350996248105 0.20136491408440144 0.762350942706187 0.5680273033188858
72.73 7.051922841538842 15.53773965842917 0.15784661444509768 -0.22874424039684232 0.20436775643495966 0.7635278335274237 0.5682738248801643
72.83 7.0366002294051375 15.599252669567663 0.14668421356185996 -0.22981554956616573 0.22353328106527187 0.7494473062460655 0.5792636883098331
72.93 7.025587793477424 15.655634891746537 0.13671270564067822 -0.2344268052757709 0.2406423848928886 0.7309765967516656 0.5939768771278993
73.03 7.016807913313111 15.70538662506946 0.1406600266473499 -0.2303382585490316 0.24540399299091417 0.7233643113033235 0.6028807842396235
73.13 7.003348249677108 15.746397343763366 0.15174591990744768 -0.2246953379952585 0.23894790318829992 0.7213803791148046 0.6099395488679943
73.23 6.991200149946431 15.79417622382924 0.15938614532413353 -0.22622620910737806 0.23571767544140587 0.7188100889980069 0.6136537588510987
73.33 6.977176812060895 15.829256333552118 0.16994116423211017 -0.22389673966628992 0.22976511951541917 0.7176213672795307 0.6181406094447507
73.43 6.964540701541481 15.870085482008935 0.17582623099355016 -0.2202779702169769 0.22465183739166428 0.717328935006755 0.6216497139030248
73.53 6.9482242207177585 15.917764743257544 0.17451328111554765 -0.21762064721084395 0.21820293871866359 0.7159817658213261 0.6264174665935237
73.63 6.921743692649464 15.964228179520601 0.17582317839401207 -0.21106963956842476 0.2131786511076701 0.715039896236032 0.6314447060156053
73.73 6.894052325924549 16.008703756459166 0.18240100420062821 -0.20921736463239546 0.21739304318514802 0.710134142114112 0.6361429550932951
73.83 6.868832245126455 16.05306846567435 0.1889254747677698 -0.2113485144664537 0.22715270084311445 0.7001460481539679 0.6430621798760081
73.93 6.85519496203634 16.099607197540845 0.20414423750731867 -0.20389333017744302 0.22478186146273182 0.6958586373773398 0.6509081205929556
74.03 6.844787957134597 16.136873389264995 0.2099635352768708 -0.20222744478629143 0.22544541756800723 0.6927392783564419 0.6545156350271479
74.13 6.8359538295232065 16.176611914972117 0.21335340080691412 -0.2007734369970175 0.2242583361316562 0.6870235699975554 0.6613598414930255
74.23 6.833193550582157 16.22079346433298 0.21291599506752892 -0.19599108925806674 0.22621322450681314 0.6810617507787138 0.6682589031325358
74.33 6.8313473936255535 16.27232846186591 0.20687983884858663 -0.1897087217754498 0.22764598069820333 0.6773077310911475 0.6733811296423743
74.43 6.828734753427769 16.331297388020587 0.19396721288759605 -0.1874716119819401 0.22832944148479326 0.6732684838650397 0.6778123704139709
74.53 6.832986008284417 16.394582195266576 0.18868758332171942 -0.17499686279998553 0.2262877848553976 0.6661208178342157 0.6888054823266696
74.63 6.843390583764812 16.467481237743648 0.1866980191928263 -0.17557210420977795 0.2435994226493529 0.6469320492866817 0.7009370022434166
74.73 6.855182936948154 16.522604326492196 0.19660973179233876 -0.18178436698138128 0.25054995954945775 0.62986159459676 0.7123577284924831
74.83 6.868213815711812 16.584263073060864 0.20361791876470092 -0.18107687027934347 0.2514837532766073 0.6236505095303964 0.7176539074304727
74.93 6.871362983942254 16.62358452427042 0.21502993779607177 -0.18131849904405675 0.25515253966662893 0.6209132266971742 0.7186706814101875
75.03 6.8688034929801605 16.66734386229327 0.22033628099456698 -0.1777645372926159 0.25113715834911143 0.6227339109283749 0.719397229044793
75.13 6.867639316443041 16.71012247268624 0.22703162958958462 -0.17725857471967077 0.25191792806398355 0.6216462829166786 0.7201893182658136
75.23 6.863463266888537 16.757891695568002 0.21733563561946667 -0.18217647372034296 0.2599971487274276 0.6162772154846357 0.7207049387585276
75.33 6.858619878722215 16.8113830433218 0.21061611811275943 -0.1824499483680826 0.2606050754193676 0.6100932371114615 0.7256605632367022
75.43 6.852943983586472 16.867986498660187 0.21498810505483984 -0.1781408358114058 0.26465000397184174 0.6049071151016502 0.7295982456897199
75.53 6.841878282173195 16.91952139356401 0.23360185418342674 -0.18120850745465958 0.2824780185561161 0.5931184715769985 0.7318333994378984
75.63 6.842038540095455 16.96037168436922 0.26179064653773587 -0.17760965502280038 0.28132131024303525 0.5790075080726629 0.7443543755774591
75.73 6.853176778554325 17.006789620032137 0.2872736655909851 -0.17163508294122906 0.27376453633791087 0.5681128221182329 0.7568633947366612
75.83 6.87104278637693 17.05879087479623 0.2906861813831562 -0.16941455092339067 0.27301122333621725 0.5559618323201462 0.766596388506438
75.93 6.884216514026611 17.104294604303895 0.28605665055324736 -0.16692971941737536 0.2788709578132328 0.5455905480979332 0.7724612686017102
76.03 6.911812329246598 17.167549348782845 0.2722779604824486 -0.15596851971511475 0.2813132739421232 0.5407978330027254 0.7772222118425312
76.13 6.9389966668490475 17.224820910458487 0.2669487121414845 -0.15040226400183931 0.28542971554924007 0.5307295878691249 0.7837315490809784
76.23 6.96073856493551 17.281632219235632 0.27488514331767405 -0.1586017125402679 0.3029501789005648 0.518911966298932 0.7834520132817235
76.33 6.97424426715228 17.333799468448348 0.2905736459450211 -0.15651914586040805 0.2903062302076721 0.5216660593979487 0.7868218172839099
76.43 6.98289649466628 17.381220983208912 0.3113829489852102 -0.15183930622948294 0.27731564247544693 0.522115834806493 0.7921085244879634
76.53 6.9896813943059986 17.429407592925926 0.32158487483745646 -0.14722005100624175 0.27665552071899885 0.516824520777148 0.796668308746426
76.63 6.996383711729822 17.48282865526296 0.3278829238475971 -0.13978213582215473 0.27307061449045333 0.5081118469017677 0.8048078932545812
76.73 7.008597866660483 17.540181503778964 0.3247495551644727 -0.13533532064868206 0.26986138269422877 0.49370126784406076 0.8155478178773116
76.83 7.019620989327083 17.60417249728417 0.32207819402446275 -0.12911901241238222 0.28205838776393777 0.475303089815645 0.823321516381881
76.93 7.027353351044797 17.661779890645423 0.33130597074682855 -0.12851013546023612 0.3014651320193056 0.45378168626739557 0.8286652523600188
77.03 7.047830958835354 17.71378112784148 0.34039147729142644 -0.11917626846072282 0.30026059272058236 0.4361273837522738 0.8399008861980438
77.13 7.069273072821519 17.75785787194179 0.35507799791636024 -0.11188136719765794 0.2947084760721007 0.42412387546263075 0.8489690289214336
77.23 7.098163955451323 17.799736044096882 0.36006088213615356 -0.11409828414343054 0.28405935640208235 0.4139794849642927 0.8572705813362889
77.33 7.141077434351827 17.854070012981524 0.3508627551219605 -0.11330978552189021 0.2831521041435646 0.40551499688503684 0.8617095599593775
77.43 7.1897952940340035 17.9059236859747 0.3358351777271464 -0.10653925275897261 0.2830884981126226 0.4005449411174621 0.8649127354844004
77.53 7.243459869570146 17.96695952810515 0.3249226423484403 -0.09670022442547165 0.2810774426036049 0.3945328680548377 0.8694759075902591
77.63 7.293901096810541 18.015022179903198 0.32618594348331936 -0.09580671080773755 0.2957204848816076 0.3802544067851286 0.871078099314912
77.73 7.338203979417846 18.055855087215743 0.3415540565658833 -0.09196983176896799 0.2821941592752262 0.3727510437410685 0.8791840910214881
77.83 7.375095728396669 18.08756548630652 0.3545110313106671 -0.09857820394986899 0.27938836684197194 0.3560656153157223 0.8862515194735803
77.93 7.423790884415177 18.12494402045177 0.3511477549641747 -0.10261746119071273 0.27950463764338784 0.33102618677323925 0.8954152544294629
78.03 7.455453601082586 18.161632842835292 0.34416704140214216 -0.10282575520053629 0.28927304229367584 0.30362740639961083 0.9019747053840512
78.13 7.49074984436822 18.200021184329103 0.3306570074194019 -0.09980283256258372 0.296086476610971 0.2795558989253859 0.9078660101339875
78.23 7.525988320305904 18.245370456611997 0.32539793419100993 -0.0899773299261289 0.2993000376249618 0.26439547088511167 0.9123697729278964
78.33 7.550320794122922 18.29883269340332 0.3305709670221667 -0.07786192280640569 0.30821381889320426 0.25349662950818164 0.913608899720306
78.43 7.578463032830245 18.345050409955714 0.33612684595994585 -0.06687610690937708 0.31629371131157136 0.23785565570085773 0.9159206087650353
78.53 7.60133116368257 18.38124059386743 0.34866390428862803 -0.05815276100702357 0.3168473252725786 0.22481229134252712 0.919611582417379
78.63 7.628414161822549 18.413531519749593 0.3545394400943556 -0.0548178129815851 0.31643772736471387 0.21550561775390845 0.9221819239155998
78.73 7.655206054053127 18.43970179693458 0.3596063689756734 -0.05384182381985817 0.30925440180615893 0.2097361707460477 0.9259986563986208
78.83 7.689715101524121 18.470584676649956 0.3507270253119518 -0.05278610526512242 0.30599567005089173 0.2052978589296766 0.9281341854063646
78.93 7.733030186257936 18.502105583032932 0.3425725911170791 -0.04828201061402068 0.3032622349040153 0.19962395514043804 0.9305112255454944
79.03 7.779193028426898 18.532760171197854 0.32962311427037144 -0.039534351222875234 0.3140195175868072 0.1802557641015047 0.9313090986112603
79.13 7.826210881388177 18.554257492226473 0.33297815720615304 -0.02881415149213624 0.3150245100655112 0.156324404900614 0.9356772858011686
79.23 7.8630150447316245 18.574534351752423 0.34491529448716013 -0.028017226850179256 0.30791173961286994 0.1390264580914117 0.9407853312837945
79.33 7.890869283469854 18.596750515368598 0.35609097044701793 -0.032235393642523445 0.30578879833667605 0.12567098119508455 0.9432183706300402
79.43 7.915820602991116 18.6214522947737 0.3588387698909206 -0.034321069761169144 0.30917317504952413 0.11413552692989254 0.9435078661530496
79.53 7.943551914041849 18.651145616162562 0.35406651066022937 -0.0341724216249285 0.3140925008796213 0.10481045692593652 0.9429702617847763
79.63 7.9750093601034555 18.688431064203517 0.3469065256469519 -0.032414752846880446 0.31567762924089005 0.09493107375986705 0.9435491558098738
79.73 8.004807783275588 18.734254178187268 0.3431502739263713 -0.025292652346767523 0.32107863424101324 0.08901769841841356 0.9425203667504909
79.83 8.030466718989372 18.781231875763154 0.34481005027730566 -0.021736964041996147 0.32550502260457714 0.09009476721383758 0.9409872037249578
79.93 8.05416363031942 18.831265614939284 0.35403944346161 -0.020103210608834066 0.3327771708602975 0.0950406856713475 0.937988530603948
80.03 8.080964217736398 18.875081231297866 0.36155797580361726 -0.025448721569703747 0.3265093526265715 0.10824459560195271 0.9386304452449935
80.13 8.111348980047998 18.925893984251385 0.36316934202481577 -0.035706358095078 0.3198149426181816 0.12658842505533877 0.9383063620756944
80.23 8.155068316680167 18.984834775661763 0.35676561320572164 -0.042671994484065466 0.3203829861493577 0.14552101972272213 0.9350708400392087
80.33 8.193508187273645 19.042173586300994 0.34727238965594553 -0.04673093177581081 0.31531446537054686 0.16502560182815182 0.9333592870297627
80.43 8.245362249036864 19.098809789946635 0.3489506805113637 -0.04791720176333773 0.30643801665827647 0.1785434338667995 0.9337675973949648
80.53 8.29697558019569 19.141211637251324 0.3373443349610578 -0.046945346581982385 0.3255351308877973 0.17616657202552644 0.9277868030387892
80.63 8.347785216936298 19.18424087101925 0.3461612897902758 -0.04623924918879243 0.3363315254934375 0.17636923809225627 0.92392474187483
80.73 8.38767773244325 19.216278968629275 0.36034972147571437 -0.04436163496210769 0.3271684206709968 0.18123251206672958 0.9263625890703474
80.83 8.422339564647888 19.25006359600794 0.36554846049679446 -0.045434295062289166 0.33090024255924333 0.18570401500734418 0.9240967336359214
80.93 8.457992358578608 19.288506043171658 0.370705832361781 -0.04826052030888292 0.32789665839209126 0.18826446615854744 0.9245059190599341
81.03 8.494375112437288 19.325901176118098 0.36981898771821675 -0.04881156616620426 0.32823627651620885 0.19072168753051025 0.9238525941364736
81.13 8.534929467461657 19.369421421397117 0.35639522627967335 -0.04652065662184723 0.3371691253679002 0.1902568886856434 0.9208447891549238
81.23 8.577608063162627 19.413918374803224 0.3469599303596706 -0.045090519592314394 0.33384497059225227 0.18445289375217092 0.9233046683731236
81.33 8.628519769581365 19.46249459641943 0.34435804738542924 -0.03579748655260136 0.3263792821805597 0.1723734798897175 0.9286993526166195
81.43 8.664588227543705 19.512369489916114 0.3541081672514844 -0.02544224508084613 0.3365335761278447 0.16643922578656803 0.9264965344907762
81.53 8.712570966730022 19.550924516553373 0.36432058116888877 -0.01760143253552107 0.32995091196407783 0.15791523947919575 0.9305296139333769
81.63 8.759498302469487 19.583723768472865 0.3706887256162529 -0.005496750548608789 0.3279100498777756 0.14873988047529646 0.9329100883143862
81.73 8.80615318136282 19.60850128651263 0.3750130880815425 -0.005003624324547547 0.3313182496068116 0.14248150300707035 0.9326854788844648
81.83 8.85227117248961 19.635036026240616 0.3779048247326086 -0.008532479217648178 0.32719492854500143 0.13448985540488695 0.9352984306230844
81.93 8.906637145236758 19.656825076579853 0.37276368112915786 -0.004437052023207864 0.32571656145885214 0.12483893839303696 0.9371788909390056
82.03 8.972636979304136 19.676627744008854 0.36358592017051405 -0.002733095050016505 0.3185414361788453 0.10994571421370157 0.9415072084453763
82.13 9.038731415717418 19.692977163534888 0.35900815997031105 0.0014884809628506884 0.31237022196603587 0.09133795218975228 0.9455580401768553
82.23 9.099734145499816 19.709462745686242 0.3596023618048328 0.0054991820690427975 0.3287899275836455 0.07163379736589041 0.9416663642665885
82.33 9.14780927471231 19.72605452120328 0.3736303406931699 0.0010530690070686853 0.31915651445311866 0.0659539119281692 0.9454036660755943
82.43 9.1984532075417 19.747002313245392 0.3728137947763338 -0.006977530150274029 0.3243743123716568 0.06002068328225251 0.9439968946584245
82.53 9.241825902616739 19.77946930886739 0.3733856913116252 -0.012181377147121026 0.3244753237140779 0.060606642097814606 0.9438719263147258
82.63 9.281543932272637 19.81784544669846 0.36882264635421613 -0.016684109709525108 0.3287107473859751 0.06782903423262485 0.941843993000552
82.73 9.32704425141061 19.865488328896863 0.35646307523783866 -0.022882873928414083 0.3282510243570327 0.07780068450742694 0.9411029128525269
82.83 9.382316819589848 19.920706468861844 0.3453232179793125 -0.028613783621653788 0.32801572137316176 0.08661805187589107 0.9402575450418481
82.93 9.439721319773716 19.98833105917733 0.34337192408808287 -0.027011548373934893 0.32349563482303334 0.09677341084446758 0.9408803629890536
83.03 9.49535908353365 20.067108204416684 0.3431929839668593 -0.02744077216129098 0.3346452086848688 0.11570855881743251 0.9348107389968546
83.13 9.543347216779827 20.13979273696222 0.3527159536226693 -0.03029089960284305 0.32990457012750496 0.12630861153080783 0.935035598607559
83.23 9.600748068936696 20.205398580002388 0.3682979458223226 -0.028185563949603476 0.3283704762699175 0.13712271381891764 0.9341176401578366
83.33 9.644351398569778 20.260561056778094 0.3774914444528548 -0.036310874347679094 0.3218002641852877 0.14492813566181775 0.9349448892143193
83.43 9.700832974560978 20.31461344863708 0.3688704374645262 -0.044253108539945525 0.32279408671813575 0.15539924953448703 0.9325753123520238
83.53 9.750500275705528 20.374735765495785 0.35958214998696 -0.045301391610351974 0.3189269064309824 0.16782977954017206 0.9317009055335441
83.63 9.80678681215496 20.421623994766676 0.3515835305865641 -0.03713811581399346 0.3171884240703572 0.17945133781444866 0.9304888399901176
83.73 9.85770827984462 20.476585420050746 0.3571087808725581 -0.03233819972617747 0.3310757338240425 0.17493506189028946 0.9266826983562294
83.83 9.901534640857419 20.52588117002153 0.37748352937344726 -0.03530434421453095 0.3133915963196178 0.1820941960122112 0.931332923510433
83.93 9.952297002498712 20.572430194526174 0.389680105234205 -0.04398535402873895 0.31041627321846466 0.18856439620386434 0.9306720660019824
84.03 9.997980434403283 20.623813559863184 0.39199255570429714 -0.04830024135082689 0.31265769894595746 0.188198762152724 0.9297814129672916
84.13 10.04545892111682 20.66815180658676 0.38142146457285325 -0.04510606644037964 0.31444904222718967 0.18151365162524766 0.9306664477063452
84.23 10.100788643928004 20.712513816975132 0.37491258155124196 -0.033194390407353544 0.317549784304233 0.16839945208292437 0.9325780886724662
84.33 10.153959086326582 20.759663417536274 0.37704742441644495 -0.023738197923796382 0.32068621519468654 0.15616837823479457 0.9339209211613969
84.43 10.201111108884364 20.793788869871257 0.39079520737940143 -0.0164566971427582 0.3220668840571169 0.1426874813544895 0.935757651305937
84.53 10.252498642163504 20.825664760969484 0.39416342611796756 -0.011413486150817572 0.3222110617276814 0.13791550529045335 0.9364983061568687
84.63 10.306861145066982 20.85235158721209 0.39313070323740057 -0.013809334103102889 0.3172395040484674 0.13234161678834339 0.9389643740997625
84.73 10.362206993246971 20.878055697529593 0.3847876224008664 -0.012919971373313976 0.31325580731826524 0.1335120516376821 0.9401480764159397
84.83 10.426929644905284 20.901253876957433 0.38452234993644474 -0.01194439229398572 0.2887273881586403 0.14164401918850614 0.9468002950189355
84.93 10.486781363463145 20.9204943179127 0.3937474883395797 -0.004205278333876281 0.28887142312655584 0.14574762225780938 0.9461993696579849
85.03 10.547652722533977 20.946049274949647 0.404267558041562 -0.0018947136355373729 0.28160666729070827 0.1658184120128022 0.9450917147214932
85.13 10.595851245205141 20.993241156469562 0.4124405325406072 -0.019726523451693012 0.26969881877290736 0.1951049746518451 0.9427658565577729
85.23 10.651875997116342 21.047491915993792 0.40830219174588533 -0.03382004110816721 0.2756992942523005 0.22571688686777108 0.9337547809521229
85.33 10.70607010739862 21.109088213081364 0.40081403170399993 -0.03932817598523996 0.274332674533673 0.255921314285842 0.9261204884630742
85.43 10.761631219708958 21.166986953832737 0.39667920950793534 -0.04118505467720271 0.262002918403459 0.28372344991769993 0.9214983808917434
85.53 10.818582379739942 21.233368946386186 0.38690668838694403 -0.04235459127859702 0.2476105672481452 0.3028489063969649 0.919335431427962
85.63 10.884203138787466 21.30293258050416 0.3853497965759149 -0.04583402653064889 0.2586386466353119 0.32447670082108365 0.9086914564927455
85.73 10.931033932662613 21.367358466905745 0.379185057128679 -0.05314923571460113 0.2700914080228017 0.3474277102591166 0.8963926462211308
85.83 10.977416105422842 21.414843265065667 0.3736000108765524 -0.05993394625187405 0.27987423169611175 0.36462653474887025 0.8860732625896233
85.93 11.035127949742115 21.453936640747177 0.3537435236133522 -0.06445907209854954 0.29559655851685973 0.37033784329792235 0.8782468812575575
86.03 11.101960569772494 21.478620836695473 0.33755933974444324 -0.06550363240114652 0.3023312175254085 0.3645061769029622 0.8783167743197475
86.13 11.191989969009853 21.480369718279416 0.33036234178392554 -0.05753371683229316 0.29020657528650806 0.34240723921422195 0.8917551780739109
86.23 11.280324473042825 21.4773878716326 0.317739346149877 -0.04655287843313212 0.2627510494664186 0.3026701717703299 0.9149784055563304
86.33 11.391659869202629 21.46641185046064 0.3112136239898303 -0.039964362597481644 0.2664920178013235 0.25462871297163214 0.9287352005285288
86.43 11.485137364407333 21.443721016392587 0.3050328615042741 -0.03352513833656124 0.27778473718121344 0.20074506761632246 0.938836046770892
86.53 11.572103472738062 21.428320945623035 0.2986244594136166 -0.024153405559681016 0.28897912334913267 0.14501354016961737 0.9459803129218448
86.63 11.648869935609868 21.402676963069474 0.28534100609125346 -0.003562799810575522 0.3018796454040906 0.08342592943228194 0.949682104941738
86.73 11.717263696456692 21.378410239276608 0.2691332942227864 0.020850149596189697 0.31080095010328573 0.018764617892631143 0.9500610137207269
86.83 11.789479068256444 21.366466606890565 0.2524389452397598 0.03524700172056183 0.3097455477967614 -0.03836060629217827 0.949391283072839
86.93 11.856728781415585 21.382349987919646 0.2481880074862607 0.04116624506672243 0.29960562345531566 -0.07958061002433839 0.9498466914029929
87.03 11.93889251740063 21.40510609100029 0.2622970813859689 0.0525270409438365 0.2930294558028072 -0.11553920872652114 0.9476419889644215
87.13 12.021480330973741 21.434969651654683 0.2594533200378625 0.06078666209288615 0.2982314250924986 -0.127320437846717 0.9440087419645133
87.23 12.090121199681155 21.4804240437147 0.2551950922553262 0.059559532778933236 0.31275895806816384 -0.1219606132803166 0.9400851583827717
87.33 12.16544369970029 21.524759909408306 0.2487627962636616 0.05056237429848212 0.31361145017932923 -0.1007019888344328 0.9428416696702094
87.43 12.233604910869417 21.579391064483865 0.24417788663418954 0.04149327433056799 0.3162755427232617 -0.0668275357706654 0.9454005340189178
87.53 12.304641048659532 21.63932528016286 0.22925314319401208 0.03244327619608812 0.3062864535023467 -0.029464382339199027 0.9509300144616262
87.63 12.37142516920439 21.69956528643952 0.22825419813379083 0.029119086827746107 0.31883855653498033 0.00498259312199955 0.9473485247863054
87.73 12.449364033286468 21.762939543357287 0.24000750726328407 0.022333511852091186 0.32458527525389624 0.04873761605041569 0.9443358820453808
87.83 12.499263676808374 21.83349914303877 0.25015670161384085 0.003694553175317186 0.31993107323598174 0.09238879183463357 0.9429182201008975
87.93 12.555113520108375 21.9004718459064 0.25427902296184235 -0.014815435676174552 0.31245555480680065 0.13282724971190712 0.9404833602302968
88.03 12.612533185003489 21.962828273556084 0.25939548168381577 -0.024188528858830105 0.30282035306423216 0.15955914968143997 0.9392846355576329
88.13 12.671446083633326 22.023100002280337 0.24749854507449665 -0.027006782534898428 0.2868863980818857 0.1753793687734073 0.9413866927577402
88.23 12.730815600337396 22.075679714848025 0.24373278378647756 -0.027490355352716208 0.2967824659053696 0.1846208713376441 0.936525270433339
88.33 12.784632163344462 22.122275899118698 0.25543765982902805 -0.02693596096464781 0.309967068876401 0.1857319474346359 0.9320399744223533
88.43 12.843520270262276 22.141177226887507 0.27143537322258426 -0.027542852238586588 0.31280699431689596 0.1852840814249628 0.9311621688876223
88.53 12.907376638751712 22.165100672895665 0.270300587121135 -0.03236611588072367 0.31391133243699587 0.18678671547249817 0.9303347960994587
88.63 12.976021796751867 22.177739236820422 0.25747060383263 -0.03743585657073616 0.31220242356999395 0.18888651426556607 0.9302956992743983
88.73 13.045952063213251 22.189648592772897 0.2542166137244766 -0.039432319048204705 0.29628746363992414 0.1940043513375481 0.9343560042972905
88.83 13.125012184179973 22.194847891966873 0.2564817878676501 -0.044672878423499485 0.26145593097239417 0.19973074296032634 0.9432670673829519
88.93 13.189690942924443 22.203054847836643 0.27352566760016833 -0.05440645353382452 0.25160997628249004 0.20149313009850348 0.945057075616126
89.03 13.260486829990164 22.21184525235587 0.2985318025042774 -0.06361539413227617 0.23781755972070284 0.20090740516413977 0.9481730350880567
89.13 13.327707326071614 22.228185316693843 0.30512482519580164 -0.0692854968196048 0.2403116938849032 0.19215705777748954 0.9489602072051956
89.23 13.394635016995666 22.23810763553983 0.2967761152614722 -0.0699234272519058 0.25621748321914345 0.1793788357547602 0.9472521041926812
89.33 13.464596061864812 22.262987899932007 0.2834547718028661 -0.06739857759106072 0.2721898512075447 0.16225934734024472 0.9460666048640732
89.43 13.531268316834062 22.290919959830514 0.2634056748557374 -0.06412257286922658 0.2859942718618928 0.14409822211660245 0.9451620361047363
89.53 13.59107239931927 22.329890416763867 0.25452517674796915 -0.05576331412952084 0.2937929689252292 0.13553390924216202 0.9445669397416624
89.63 13.64194630103622 22.376884450413765 0.2567652893593555 -0.04465906896089316 0.3050662526746361 0.1402972795806544 0.9408808757652953
89.73 13.69302666924755 22.418761800954112 0.2594843906003226 -0.03613771516991038 0.29799699170073857 0.14654591310315862 0.942558302617069
89.83 13.750288616191487 22.45824319152828 0.26299305934546985 -0.03158284745425817 0.30256722373619377 0.1578483118485414 0.939435739853354
89.93 13.794794636815913 22.497313547668988 0.25850065138229705 -0.03845991867060364 0.29825745438534385 0.17197390707619237 0.9380769162730603
90.03 13.849301671479635 22.534518223146833 0.2553168298514052 -0.04478884688861858 0.3007239995154812 0.19225136384043168 0.933058652181788
90.13 13.905864437864405 22.578284325161334 0.24537018422047494 -0.050214255844607675 0.29884676861103815 0.215791754655014 0.9282257570352287
90.23 13.969676175731431 22.615273214927214 0.23794662878758013 -0.049413438789501385 0.310113395557848 0.23056812022799703 0.9209920389976811
90.33 14.025111555634407 22.63718291327435 0.23806111786347126 -0.04934858918106393 0.3125370196612345 0.2326631206567017 0.9196484112819403
90.43 14.080264911722402 22.659832260611413 0.23908137343180494 -0.05428464900230625 0.3108050554772921 0.2357160922877627 0.9191796985405196
90.53 14.133419285437197 22.677733579428917 0.25120640703411395 -0.05846815312419467 0.2997356478140281 0.23499091833586153 0.9227780257458558
90.63 14.182826575956682 22.69463764588077 0.2595813373067496 -0.05581988265988498 0.3003742814670476 0.23304617914396938 0.9232274422477857
90.73 14.235784366583236 22.718116887115062 0.26785017454778826 -0.05259122747202577 0.2873840701120749 0.22826027782010483 0.9287312876221475
90.83 14.304472984336424 22.73981450881889 0.26517513396012493 -0.04816883618868695 0.2786598021478865 0.21729419450853554 0.9342439247434338
90.93 14.379275375784623 22.75457416917404 0.25356368563910175 -0.04065406711366607 0.27809040673048563 0.1955058520513111 0.9395692812801415
91.03 14.45470661944088 22.777131686573323 0.24967602522234658 -0.0324369776634919 0.2906738890162794 0.1748292178771446 0.9401549219680103
91.13 14.525224861535438 22.7984410286919 0.24646232640578306 -0.026798977490423835 0.3020670038490554 0.15257061266616442 0.9406165787087711
91.23 14.589672793263619 22.813819726090326 0.26096961226560633 -0.01868539498120682 0.30025204104066977 0.13516411176336318 0.9440499090389921
91.33 14.657160928437396 22.830142895579442 0.2753814296187979 -0.012400981352980879 0.28669949701881287 0.11811446351880149 0.9506306262572801
91.43 14.729961004173555 22.83235309628427 0.2740885589749585 -0.01072427954430622 0.2851756144991797 0.10832970529006582 0.9522733502913113
91.53 14.791341336759821 22.841508445186022 0.2646659030338656 -0.01735018097752721 0.27855912622300505 0.10894019044777949 0.9540627963206221
91.63 14.861035905670139 22.864679427510676 0.2594733723719771 -0.028320246782793487 0.2629672557693853 0.11970296968227613 0.9569312331952201
91.73 14.918560689810157 22.896030929270115 0.2610385657361254 -0.032588951018329516 0.2706520313441861 0.13672756415792608 0.9523607569614735
91.83 14.97321877220735 22.929743287891238 0.261589786642364 -0.03788410665199764 0.27365458854107205 0.15293691280246993 0.9488352129511459
91.93 15.028249649262332 22.968463460228044 0.262659851186035 -0.0454787438480144 0.27714947486097635 0.16845137484759454 0.9448513040443174
92.03 15.083609378368207 23.010873008353833 0.2464846261277828 -0.053974489734163966 0.28431404845280606 0.18339983693362905 0.9394768630056999
92.13 15.141674761667224 23.07013746622629 0.23123493352520497 -0.05947928612738835 0.2787225157111633 0.19639957504846278 0.9381914413797431
92.23 15.207908225084372 23.119907100923754 0.21817697584452345 -0.0511711868248335 0.2756648244203478 0.19809025303657268 0.939228761201521
92.33 15.268424626697719 23.170214311082905 0.21579629593569372 -0.03584662935334329 0.30156501600659724 0.19842164669529688 0.9318811138807738
92.43 15.324880359709786 23.21361938386548 0.2330217124468859 -0.03214238152372428 0.29919149702452846 0.19430022610997855 0.9336480801414505
92.53 15.378839753994265 23.23611252512046 0.22395029311127185 -0.02486128720074642 0.30122260382656285 0.18854778315171936 0.9343963788517377
92.63 15.42698838743757 23.255441324541795 0.24076900249638547 -0.02247732115123454 0.29475462277493253 0.18353516477279103 0.9375123069477521
92.73 15.477441744670971 23.26857777287137 0.23527429605229366 -0.020386979898550785 0.29122382805701563 0.17776315987667612 0.9397730108984261
92.83 15.541129931758169 23.283058554210907 0.21979651065478756 -0.019811392271556313 0.2810045122375979 0.1748903161580271 0.94342850823606
92.93 15.613116966030837 23.28171196240591 0.2006069135316675 -0.019634706924199167 0.2754423435223748 0.16335513958252154 0.9471330909913759
93.03 15.683879195013189 23.287185045368748 0.19169424774528027 -0.01991418345714391 0.26758979030285895 0.13808644619028038 0.953378866349284
93.13 15.757228596690897 23.27895305338273 0.1764299754135207 -0.019875915103658198 0.2791768274949222 0.10749648723502125 0.9539967254769766
93.23 15.820067829855516 23.275006230199832 0.17364089666072835 -0.014926900883275113 0.2983370294355162 0.08227179034291125 0.9507910164759578
93.33 15.881498485078534 23.277959496500163 0.15692220507957544 -0.013722592105288867 0.3028318840860329 0.05871997415508093 0.9511343254672509
93.43 15.93146150007703 23.282149248857227 0.15375162747159313 -0.00975074401415949 0.30712578030700355 0.03707122167172283 0.9508966308625509
93.53 16.000934309576802 23.29840499292614 0.12736793058115212 -0.008568576265551313 0.30086158571117755 0.01722472228609334 0.9534737514406488
93.63 16.060195317319533 23.323589925985313 0.11136536831134025 -0.007966788333369269 0.29456241279223594 -0.0006381686534486192 0.9555988216790755
93.73 16.132049127012866 23.355837349749727 0.10335609740599698 0.0017505353126855382 0.2827501332464975 -0.017400937245448958 0.9590341522376495
93.83 16.202518951510907 23.390377285037598 0.1097874048511148 0.024502184687407284 0.2907015409387863 -0.024977837100751885 0.9561738151063999
93.93 16.25742175683768 23.415846384347265 0.11758036919585887 0.03737690870671625 0.29339945427857567 -0.04031580048183868 0.954407859961386
94.03 16.30060364488016 23.43667389460228 0.10813770151582648 0.04233095666331723 0.29497927489102344 -0.05228954160652664 0.9531322685395317
94.13 16.336937289522286 23.450855525832516 0.10630733443848052 0.03616512671036726 0.29536690650049585 -0.06149924580214473 0.9527162835388707
94.23 16.3745298395233 23.458430433065004 0.0986818458313706 0.04045583608834767 0.30544187888891894 -0.07643168271514965 0.9482756887237649
94.33 16.40952291343416 23.455768617148095 0.08105130665690637 0.0496091140697914 0.3111379048741918 -0.09586617982706157 0.9442149201940596
94.43 16.44634475739292 23.44614068554257 0.06815717991037576 0.05297548530388165 0.30884893317825607 -0.11768460009075297 0.9423143155725434
94.53 16.484541792159398 23.422792949357266 0.05229633249752248 0.056834339471695416 0.29941584657634246 -0.1475388970443419 0.9409316035370091
94.63 16.522243171991462 23.386130830361047 0.03602548454826473 0.06784185748639025 0.2938556704652981 -0.18872584639550272 0.9345741715939339
94.73 16.559844094095485 23.34686543497174 0.03119514259045226 0.08003265387340873 0.286019679699503 -0.2296904374332413 0.9268386159900219
94.83 16.588776892877426 23.333633344013542 0.04060026806475746 0.08899020264896712 0.2874311571742689 -0.25844368611340207 0.9179710969448188
94.93 16.625409404599996 23.30761057863179 0.048519525154637706 0.09790691429626504 0.2842785075893207 -0.2760211595641412 0.9129141721589381
95.03 16.64567218249496 23.29805099169835 0.05059535257426921 0.11202349494597905 0.28269964205577847 -0.3062749062472854 0.90206836257838
95.13 16.666981521888733 23.279875946917997 0.048570708845959314 0.12240459355800253 0.27161574061845284 -0.34257688371657763 0.8910011692849948
95.23 16.6918048107925 23.268746835663855 0.039885340364275164 0.1255802265961941 0.2638458337630132 -0.3731428141379824 0.8805563144689476
95.33 16.721057929180372 23.264469674171785 0.036678790262871776 0.12913225712656304 0.25686313220667745 -0.4044787798676469 0.8681837985813567
95.43 16.753327329261825 23.25307907073013 0.02173350428026129 0.14307422033178915 0.2525888659492102 -0.43555015743862285 0.8520708260644377
95.53 16.78764030772933 23.253748076939697 0.0190799381679969 0.1540442908670121 0.24670706349725013 -0.4637306868518221 0.8368750392643938
95.63 16.808224809583646 23.245631952503487 0.007124832208103615 0.16835644469852024 0.26108730882225384 -0.48129686900683294 0.8196602031236156
95.73 16.82931062955077 23.24363231203111 0.00112558427709019 0.17305984273837757 0.26407321937135203 -0.49259341708726617 0.8109669235452878
95.83 16.84204746322669 23.23654050148104 -0.0034601062809284794 0.1755067442179742 0.26745090553802886 -0.5009033669287916 0.8042158994077993
95.93 16.862814857033726 23.217679077236713 -0.017207275806025858 0.18372226316439635 0.2695237960057332 -0.5074854112776208 0.7975347081756358
96.03 16.878033692403704 23.197730615260458 -0.038563151104812204 0.19911582952854165 0.27456625239797494 -0.5136760379903428 0.788101000804996
96.13 16.88795634830893 23.173211586701125 -0.048894083141568484 0.20327174298469175 0.2659286475865521 -0.5274684762039297 0.7808582198503498
96.23 16.891600709125687 23.138965560706353 -0.05458122800535935 0.18750439127623816 0.23517585149103196 -0.5518662400851083 0.7778033653706579
96.33 16.885140255959026 23.096601868891103 -0.05142332750139406 0.1997225112064481 0.23993448705559084 -0.5651638191507147 0.7636309435596091
96.43 16.885435082457423 23.07656885712212 -0.046559714323859754 0.19581039383327742 0.23651533833355137 -0.5798368587885715 0.7546575392785952
96.53 16.89076894815751 23.05063874159028 -0.041283682283789175 0.19577898407480213 0.2370621574587449 -0.5883340363496385 0.7478871469467743
96.63 16.89787214637215 23.030282156365825 -0.036704123940134954 0.19717133806784137 0.23128370191660733 -0.599608984055107 0.7403380166604235
96.73 16.9013269841623 22.993491254094195 -0.03484210426353476 0.20948023434722576 0.22831680397496068 -0.6160186959856885 0.7242309263187972
96.83 16.908747195187832 22.965070519838253 -0.03494373494521046 0.21550826925375008 0.22260317184173134 -0.6282013071224288 0.713699608728298
96.93 16.921962306052674 22.93118234416964 -0.03620547288031181 0.20879104420951602 0.2122381768912319 -0.6426683708793555 0.7059310314747902
97.03 16.93819827225808 22.905331400801618 -0.04285477383291646 0.2135931321509098 0.20926341513604932 -0.6546104087095098 0.6943140570323563
97.13 16.961359458191566 22.861100736703197 -0.031910588974877245 0.2193504878274693 0.21073833058340322 -0.6638875401569727 0.6831749801749882
97.23 16.977734742611155 22.84697237877109 -0.00632949134595262 0.22568961771590815 0.21011409828871944 -0.674917930105124 0.6703745593160442
97.33 16.98679248680423 22.825421554051772 0.019150896539618607 0.21276401623995136 0.19588673471179807 -0.6857988149895855 0.6678621458926054
97.43 16.99181194924953 22.810173233768484 0.027599482866552956 0.2162538012992877 0.19734914500077674 -0.6914959146152622 0.6603945854271315
97.53 16.9911079413936 22.791197683747612 0.033864420421004474 0.2239544881805457 0.20169901434222404 -0.6955129113839132 0.6522451110858848
97.63 16.982615078242873 22.766819867733986 0.02626389775850458 0.22937371478645563 0.20255743621843367 -0.6975234618786954 0.6479345677816835
97.73 16.97174184503981 22.73588592150237 0.014160512314284942 0.2279514802922902 0.19825730229528118 -0.7019888008813199 0.6449371195367483
97.83 16.96528589815038 22.70343051050874 0.005276103486116901 0.21767357238606028 0.19076182393944727 -0.7029487502987828 0.6496854599460923
97.93 16.9559139204452 22.658885069689454 0.0035613734111002923 0.19768962420037575 0.17782609700937757 -0.7011380708486222 0.6615905813360693
98.03 16.948708636325115 22.624212645604274 -0.0015534567803921762 0.21136089579297232 0.1912267001804608 -0.6904308067151815 0.6648791033009748
98.13 16.947635136152474 22.594114996180682 0.009875894475860937 0.20143213659308132 0.18295076458568565 -0.6826013280101707 0.6782400305819546
98.23 16.940409203981705 22.559529659144005 0.015519185978136441 0.19600176224602883 0.17052601244039597 -0.6783776068533982 0.6872466884587264
98.33 16.939524847678264 22.540720362200553 0.022197761840907083 0.20998427361058933 0.16708053687881566 -0.6807255092127364 0.681618280373686
98.43 16.93301556473046 22.516898189808895 0.029137828657603167 0.2142444669611235 0.16028949613472404 -0.6895617648006163 0.672986744542922
98.53 16.93332097592399 22.497785171655753 0.02623312089489766 0.21683193102906734 0.16852443121804017 -0.6993163184605238 0.6599546321556211
98.63 16.94345441657325 22.463597776154952 0.010263644840101956 0.21817035551867667 0.17631887263485196 -0.7079992387528649 0.6481129755304956
98.73 16.9690158109133 22.418301776744485 -0.002855524455529189 0.22416367546539243 0.1880035313392905 -0.7079492822768575 0.642816562115107
98.83 16.99287859209338 22.36994153725479 0.004513875828325846 0.24157521748566244 0.19993985561895097 -0.6970841696388156 0.6447783563913966
98.93 17.019284620960033 22.3295763879232 0.03916685625025217 0.2318799248946131 0.19250076639494482 -0.7014700398231363 0.6458443609715542
99.03 17.0338503218272 22.28100415182856 0.06998187660725547 0.2245406539297239 0.18869268168600772 -0.7065234267749453 0.644050630019988
99.13 17.037516587759946 22.254443975734777 0.0912652625285285 0.210291407576643 0.18828373711018118 -0.7083802493373142 0.6469344484474937
99.23 17.040034646683235 22.223049893903163 0.09152017852192856 0.20705981821085523 0.1881393245932995 -0.704609651041434 0.6521158377798635
99.33 17.03155750871646 22.188605372270196 0.08256122340134452 0.21564369718107046 0.18831946953591605 -0.6978740640106503 0.6565099877694542
99.43 17.01530045397425 22.141989112244957 0.05817641288862445 0.21681009907980553 0.18399142530455076 -0.6944884836796706 0.6609283489060799
99.53 17.003955396806905 22.07731282962528 0.0418864258821138 0.20650468235954292 0.1781239714910484 -0.6951403909516196 0.6651372067562225
99.63 16.983396725425717 22.043408335265468 0.05894603103962612 0.20373555303862934 0.18436683658644215 -0.6962377732631436 0.6631392441084539
99.73 16.98120913228959 21.9994327814479 0.06394180558257379 0.21304498933069616 0.18794949417656193 -0.6870069064304747 0.6688111322912375
99.83 16.983091955354716 21.9516895307942 0.056452034274145434 0.21244083391121893 0.17997947407714487 -0.6856421780828345 0.6725853734893787
99.93 16.9708310370612 21.908046580872835 0.055557912092247495 0.23173443206066968 0.18497282715098612 -0.6853815753376021 0.6650836807508039
100.03 16.971663715717394 21.867822324934593 0.046277328560721774 0.228332395188065 0.18540536072247452 -0.6900176006589817 0.6613356789890233
100.13 16.974802520882328 21.806173944719106 0.03890259674627611 0.21286656516829947 0.17981879706114734 -0.6992516222071664 0.6583313713454483
100.23 16.985281546126416 21.75219833453871 0.0340701050366765 0.22580250738304392 0.1939186208773739 -0.7008589714372698 0.6482325958268682
100.33 16.994242692502358 21.704522925019734 0.04529352773350362 0.22871396060172483 0.20224252112085328 -0.7031614087212034 0.6421463385878383
100.43 16.98873603279117 21.659831393324165 0.06160557416453363 0.23320761989330036 0.19732702429552068 -0.7056935554424735 0.6392752594253416
100.53 16.98370664536001 21.61587525164787 0.06514843329780406 0.24034839337708078 0.19516949022979183 -0.7057846549222923 0.637188779531404
100.63 16.97626023715045 21.581710545845347 0.06260952813792771 0.23658949468976154 0.19121709335146717 -0.7045668984051323 0.6411294096236981
100.73 16.96502858205425 21.550756044445183 0.056340412361063325 0.2328502195348736 0.18288140019382135 -0.7002990367682144 0.6495509432117081
100.83 16.944407940191297 21.493014065783765 0.036310820252574594 0.21860841386531793 0.1707127165192693 -0.695595632184837 0.6627324092658202
100.93 16.923801549938467 21.451288728207604 0.030959549710345854 0.18814676854474827 0.15769142726962637 -0.6949578863148951 0.6758459465740477
101.03 16.90124366120403 21.399147107707712 0.027114261812008794 0.20558369831975842 0.17757226493345973 -0.6858943017142474 0.6750943938350377
101.13 16.881452392795723 21.359658508341287 0.018659242003362664 0.21255955045103958 0.17944552879747117 -0.6838047893726074 0.6745581885484246
101.23 16.876314388525998 21.32676256619697 0.017604964257896434 0.22856690149799758 0.18956118771347127 -0.6810041130194031 0.6693706937885157
101.33 16.86551552085425 21.295464740521094 0.014712911284661297 0.24328911084887253 0.19947689313089487 -0.6802166936672334 0.6620608939558565
101.43 16.860591128877864 21.267341098678283 0.007344506716116472 0.24244249218392208 0.19791822793238742 -0.6838470746730944 0.6590927032647258
101.53 16.860832876121066 21.221905652577714 -0.0058690528066049005 0.2320468588096082 0.19289034394121726 -0.6879298299843453 0.6600758437850475
101.63 16.872501445668366 21.18163260046311 -0.013817708651688666 0.22262005565528534 0.1870947747319117 -0.6951567626579442 0.657413820526295
101.73 16.88716310541442 21.130225753048027 -0.016591398751320187 0.20443897194727317 0.16169358383167523 -0.7096919024971274 0.6545206606569566
101.83 16.889700391168425 21.082162247207354 -0.01665804701708306 0.2263560661899265 0.16887168592856902 -0.7174172250458234 0.6368342093498236
101.93 16.902210329120532 21.041587441454897 -0.009264204764034487 0.2355103344888974 0.17030726079276906 -0.7176146400196592 0.6328977387379784
102.03 16.90379888413616 21.014911727614226 -0.012646923445431599 0.23036182337857095 0.17477317639575418 -0.7161749086037732 0.6352017533261506
102.13 16.906528590358008 20.98371682329813 -0.01755540627754583 0.2329624972549786 0.18475026794216007 -0.7117768762498825 0.6363721331139381
102.23 16.91382953642055 20.939440852812552 -0.0392121735037944 0.23542079410416403 0.18823902032144504 -0.706358257390565 0.640469463087782
102.33 16.90330066813976 20.88675316472747 -0.060003221102781515 0.22524844652741544 0.18154458729822048 -0.702167460757965 0.6505886236420191
102.43 16.88781137182601 20.84293392773476 -0.05625366035847585 0.19047157899746353 0.16747222146688995 -0.7037942675424591 0.6635866647285277
102.53 16.889499289887528 20.78997824513543 -0.04763716211352963 0.19238252379171217 0.17494664078185235 -0.6965758782904263 0.6687037335043061
102.63 16.87791972650819 20.779545711566712 -0.03347630516217833 0.20512438588165147 0.17948093313772406 -0.6865077043013911 0.6741051497292697
102.73 16.885158966718308 20.73493517445678 -0.05251271738311335 0.2149001771633395 0.17809335426878445 -0.6857904644967696 0.6721548257847767
102.83 16.87461796473157 20.72426690440241 -0.055754208621708046 0.22456207672498887 0.18370936855575215 -0.6862223767639347 0.6670244307596713
102.93 16.871089872477643 20.699090327426497 -0.054373495599959 0.23183628561239739 0.18937086952445517 -0.6820484361351937 0.6672334982706843
103.03 16.87166799786343 20.674517657655002 -0.06064547031680031 0.22748795205393757 0.1861917751250883 -0.681052141630146 0.6706339052919005
103.13 16.87463729255989 20.6482997846077 -0.07286993717137852 0.21608938428857194 0.1827361344292575 -0.6832931310654314 0.6730701153746445
103.23 16.87599814965875 20.604147342032 -0.07214964804113833 0.2167272286229146 0.1806364378898581 -0.6907844857256346 0.6657451313833732
103.33 16.878735587240175 20.574004916000888 -0.0597089739291299 0.2377264802180477 0.18864815428583206 -0.6888225417195573 0.6583475529738803
103.43 16.881781515249614 20.544905320985478 -0.053512624552538926 0.2241646505324119 0.18017876413771572 -0.700491130037216 0.6531447000050382
103.53 16.883248147054037 20.51492495213957 -0.04659830526537898 0.23671341979886457 0.18498033663370217 -0.7008800377588925 0.6469282839829329
103.63 16.890166260419857 20.505451052260547 -0.04327278938549052 0.2426406557817724 0.19189752938875257 -0.6944803215213765 0.6496136801175372
103.73 16.903342777309636 20.47959409282976 -0.04619423114001218 0.24081581238767238 0.19629924587707331 -0.6929065041191732 0.6506573039023723
103.83 16.90713115998393 20.443288608601193 -0.05280326948228314 0.23352105120795882 0.19456165494185704 -0.6912576655257452 0.6555734290839683
103.93 16.905979025713165 20.409311222581845 -0.04703314059271206 0.22474137755402573 0.18866983352820807 -0.6881223691476225 0.663613300205941
104.03 16.900917008505473 20.357390900391927 -0.04113096526877984 0.20355254719245208 0.1777410941040835 -0.6853409181417592 0.6762265078498167
104.13 16.901811468366354 20.323092661609294 -0.021422388766448516 0.20963701760423548 0.18151635525108276 -0.6799341059588582 0.6788179028136282
104.23 16.903731468952603 20.29423750658194 -0.021355589328017607 0.21371066546546486 0.18244005000498248 -0.677703783006667 0.6795299567487368
104.33 16.91364510225692 20.264166980972515 -0.017070402255456384 0.22068556522617896 0.19038187462742437 -0.6742241674948602 0.6785826368836828
104.43 16.91430558382506 20.25344097873225 -0.02494521000475733 0.23290999546108218 0.20359971738294486 -0.6705839721583454 0.6742530870379749
104.53 16.917646573365424 20.237517524565103 -0.03283240039819125 0.2351998960114265 0.20780714555510416 -0.6738521737898684 0.6688949447044155
104.63 16.919834386692617 20.199872698441798 -0.04383398100759001 0.22655660012563678 0.20341752372236785 -0.6823600667706695 0.6645887128584864
104.73 16.921836596013268 20.15414044940743 -0.04129034889439968 0.2216371350113236 0.19432338209590122 -0.6877846812442249 0.6633759385149289
104.83 16.933197909242825 20.114747262038335 -0.024513660773190622 0.23597599878344516 0.18784763845429184 -0.688223152294121 0.6598314067787652
104.93 16.9272292641405 20.087263028490963 0.009537496480078442 0.22842027299764 0.1741974778890285 -0.6973897536747674 0.6566025807520348
105.03 16.939341142181537 20.04445922193699 0.008143746072013097 0.21927998281959477 0.16965701603302935 -0.7036829598805707 0.6541888702959765
105.13 16.93567445877414 20.03860100306701 0.029252693422699653 0.21452276698780476 0.1706005146244251 -0.7033345285669899 0.6558932746866882
105.23 16.932052377863943 20.01924216679248 0.021166593294457952 0.21824512030131335 0.17602958822307738 -0.700154424468576 0.6566326472478781
105.33 16.93339178930363 19.989108521647353 0.01108292444581168 0.216800813861163 0.1734139884863932 -0.7000353290314103 0.6579327730203625
105.43 16.931667485167775 19.95538596656983 0.0035151038188226957 0.2131198763878548 0.16915372229004674 -0.6999016019830907 0.660382225733969
105.53 16.921406824553895 19.915701896877525 0.008481177427828224 0.2187232532116059 0.1762952721966786 -0.6987240759396521 0.6579246014612238
105.63 16.918117039551852 19.90091609980386 0.02421814317911942 0.21304449667301603 0.1816896628578199 -0.6953543397731838 0.6618785772379648
105.73 16.941554078535987 19.885017971105814 0.025343152126800113 0.205672408752737 0.18712685373156948 -0.6881174611532876 0.6702065058967457
105.83 16.950606119852797 19.863849036025226 0.038258060454171794 0.20488508734865324 0.18966828886259687 -0.6854552838360799 0.6724575042657108
105.93 16.95081661924272 19.83892388879316 0.030112125337491136 0.21153534860862183 0.19147637803836323 -0.6850668696382501 0.670278283302083
106.03 16.96170730112809 19.812129147466187 0.0044663351990008385 0.21743598304570183 0.19869345839807537 -0.6850414895083057 0.6663037299302801
106.13 16.971239357110317 19.78323183366127 -0.009370902296719788 0.2066496899759694 0.19443992976384342 -0.691795340697118 0.6640092062133071
106.23 16.98009921441265 19.73644376305886 -0.005598303442721067 0.1988467526958813 0.17331961055324266 -0.7031013933638401 0.660354989524424
106.33 17.00153175732355 19.694450579779463 0.0024311549603173513 0.22515015905121197 0.17114337294261936 -0.7044965046355117 0.6509239792275162
106.43 17.002441719555513 19.65340933728667 0.02730529305086651 0.22132469104195857 0.16806242908325417 -0.7136377795873925 0.6430330633889629
106.53 17.007080358539255 19.63310291551749 0.026940575187222315 0.22862289044713696 0.1727758169792209 -0.7159514557862066 0.6366267383548784
106.63 17.004581125992786 19.594777596153687 0.030123719693830115 0.23077773510607136 0.17823683232412468 -0.7158367652886952 0.6344690646858926
106.73 17.007843816029105 19.580543689460445 0.01539727989404454 0.23229702455587647 0.18196703852629662 -0.7099734506130175 0.639424576237965
106.83 17.004763019993504 19.54433396626196 0.0023375738915469083 0.22788915583157981 0.18047747254338367 -0.7015741201917525 0.650606000922133
106.93 16.99654543797456 19.50941178688716 0.0015210824281367968 0.21798562006278327 0.1743424408570702 -0.69420351715887 0.6634519270648761
107.03 16.98814105930711 19.4748091427095 -0.0018723362774285476 0.20910839708704967 0.17288218553495271 -0.6928549178076846 0.6680849429990543
107.13 16.97842585567549 19.444507221867873 0.010680254609724951 0.2152108515607203 0.18267013808995186 -0.6875058252357676 0.6690677471583829
107.23 16.973269096921875 19.416222197086032 0.00764558613482532 0.21069414230693717 0.19028934336979714 -0.677069739105347 0.6789510384300571
107.33 16.98165706776832 19.399914472407772 0.014977504673458493 0.20672660940113347 0.1882074329042955 -0.6685669896858396 0.6891010459050986
107.43 16.97532158875788 19.383073127159673 0.004963196515501041 0.22193039075472382 0.19033272771230295 -0.6665395109412042 0.6857444383845268
107.53 16.97811117408804 19.353664590862948 -0.008790909358691125 0.2368246094321668 0.193873160830829 -0.669095725436467 0.6772283308304616
107.63 16.974032869402823 19.312817935297144 -0.019165412913561684 0.23752823317143545 0.1954062817283772 -0.6731928523435107 0.6724642050407996
107.73 16.973436937308605 19.265905577805494 -0.03289163855774838 0.2205705321601081 0.1856664337308247 -0.6805655978314535 0.6735778223610099
107.83 16.98028635976648 19.20913261922778 -0.025064286726522007 0.21156132214922888 0.16984585088963128 -0.6880158779392926 0.673073803983985
107.93 16.988978509789384 19.154015525058703 -0.014929814201228263 0.224314958880726 0.1646158890045073 -0.6889145467834353 0.6693139439304756
108.03 16.979113532944787 19.130777518496135 -0.004906419130511472 0.22288107678176028 0.1596472929347968 -0.698433395081434 0.6610806003099894
108.13 16.97969512601307 19.084454937102322 0.0009341472099363909 0.23553761002709914 0.16404429246687613 -0.7002058705821801 0.6536996582330572
108.23 16.978909409654175 19.057271923208262 -0.007777376470069021 0.23953483161204114 0.16919363022942357 -0.7029088224897899 0.6480090795663263
108.33 16.972784392275152 19.018626391364077 -0.027301290955771877 0.23222610585900866 0.16562300805392743 -0.7065337171880367 0.64764972125153
108.43 16.964481978046585 18.958308217750382 -0.04674599436039945 0.21909849750270294 0.1621792852285508 -0.7057585705028115 0.6539102140176759
108.53 16.95483461972249 18.88885221534115 -0.03838146895850285 0.21169384144946835 0.16547214853189002 -0.7065948515176727 0.6546208073085714
108.63 16.947151006815588 18.839512857584282 -0.026935933544198765 0.21902569583178455 0.1754204146344946 -0.7062476058864375 0.6499767241021327
108.73 16.954080153866066 18.799356506631867 -0.01453076440616538 0.21247563553453758 0.1845777990071709 -0.699432862899536 0.6569465813245561
108.83 16.976048202904774 18.75822921591117 -0.01909647413767221 0.20947989932009292 0.1972321426488689 -0.6878524113440682 0.6663908116827024
108.93 16.98743499128903 18.72863594737317 -0.029931799974857155 0.2202675788138939 0.2079848959921028 -0.6811194783744235 0.6665588743251211
109.03 16.995922121916905 18.6972237288926 -0.033635967064531994 0.2282043321334733 0.20981462952016927 -0.6772995650853533 0.6672075413018208
109.13 17.014527316888497 18.65712585848469 -0.06339313560787294 0.23156206624602396 0.21049634178580387 -0.6781135081762562 0.6650055410292135
109.23 17.028541144830992 18.60431330864892 -0.07447513419718069 0.22819537144066007 0.19990114008547236 -0.6854954704308721 0.6618628004838654
109.33 17.044434868588947 18.547567169444868 -0.061503128059458706 0.2135407717831311 0.17565309488589292 -0.6974925926011936 0.6610978840608536
109.43 17.05387661664848 18.48424795413645 -0.04616630440035732 0.22718078150606866 0.17246757843625135 -0.698577962182872 0.6562260720628627
109.53 17.063606189251956 18.434574596666085 -0.034361728074560546 0.21721640629996528 0.16238844256401752 -0.7026582724281555 0.6578133312301001
109.63 17.06451866546575 18.399973926101257 -0.03037577967481038 0.22805366649910833 0.16944196815032098 -0.6976855061575757 0.657659394461378
109.73 17.071906608243047 18.371423961073315 -0.029294779992310727 0.2308119859410131 0.17755918330135426 -0.6931362320552473 0.6593638808606186
109.83 17.076700698817856 18.32421119987554 -0.04623164445246072 0.22954634982824457 0.17865388285769038 -0.6938351330461497 0.6587746743547688
109.93 17.069020708321037 18.287619603274205 -0.05767991444779504 0.22917903065480358 0.17436274214121175 -0.693231721725171 0.6606847856997141
110.03 17.049641646429436 18.231655381362984 -0.07308110301822605 0.2137063662602175 0.17029343162853702 -0.6935690143017701 0.6665521424198573
110.13 17.038522160658278 18.175779848295075 -0.08461461873614834 0.20940956772523162 0.17086904722876303 -0.6938813553254408 0.6674429311753897
110.23 17.032399093760223 18.14282471381952 -0.08274587094415287 0.22652324179681013 0.18540653259900727 -0.688595910493896 0.6634359883564951
110.33 17.028680287915424 18.105951074568413 -0.08125726486427094 0.22696835585316527 0.19014627033000847 -0.6823395633601699 0.6683879723591315
110.43 17.032950295028073 18.079430936473038 -0.08439255035876336 0.22630734808982456 0.19520424626836574 -0.6775725038310865 0.6719938902188193
110.53 17.036427069756208 18.04670127777292 -0.08692509567827136 0.2269208678667323 0.19803786082912317 -0.6771781275420026 0.6713551288130158
110.63 17.02970173482512 18.008567475708205 -0.10150517542696344 0.22966751582776548 0.19790901468973995 -0.6779489733393949 0.6696790601669579
110.73 17.03192923917112 17.966345501576555 -0.11499483737372136 0.22327756611049457 0.19796709873738802 -0.6812688045420486 0.6684526701623107
110.83 17.032821611097262 17.90201748954143 -0.10532575990768768 0.2039953682660115 0.18006341452587762 -0.6882665568342511 0.6724969912340285
110.93 17.035437190351516 17.840412349353223 -0.08958837803288848 0.23073474181999112 0.17978822049075857 -0.6823688669270187 0.6699331340803836
111.03 17.03433325376731 17.78817557361819 -0.07013550257646067 0.21703878382648872 0.1648491347770808 -0.6949556053343445 0.6653988545922975
111.13 17.037205597173667 17.753764334739518 -0.03892527474534996 0.2022067931310194 0.16053079974365514 -0.7063301961337769 0.6591205725623741
111.23 17.033148748208152 17.71914846838582 -0.033888827055660244 0.19650067089758755 0.1700229130434199 -0.7083992744255881 0.6562394101014721
111.33 17.021619194508986 17.68720736866223 -0.04597812098071483 0.2153367430706912 0.1856343154659248 -0.6987331133857896 0.6564617462300495
111.43 17.021746481921642 17.648195994483967 -0.05821163625639087 0.21518386783473747 0.18467943589102095 -0.6947030705823078 0.6610423985692366
111.53 17.006743960954466 17.602585558313073 -0.09467439209880874 0.22635988656688102 0.19255014625978736 -0.6876102951033879 0.6624784713457451
111.63 16.99571219472526 17.550741449515805 -0.14164160515799593 0.23665322513738207 0.19552187724058917 -0.6776521796204835 0.6682469378964632
111.73 16.982434774851328 17.473715708261125 -0.1570005001317762 0.231475009817858 0.19077952606719306 -0.6694999016610761 0.6795530692589131
111.83 16.974451126974156 17.41029809492478 -0.1533982046202071 0.24731013754817432 0.2026672114074296 -0.6545610392803901 0.6850646269823126
111.93 16.975461754042122 17.36559641423768 -0.12486495047500518 0.22735788030623738 0.19738370590615797 -0.6409383373359638 0.7060779805647648
112.03 16.995818553168387 17.318369077295714 -0.10791636632806782 0.2040173258839043 0.1953452227183074 -0.6257210191800793 0.7271109824893025
112.13 17.001942625796257 17.28942038310533 -0.09103769664288193 0.19625635829305663 0.19919412797777047 -0.6115057630174882 0.7401796018569566
112.23 17.006220675058586 17.25013671929827 -0.08633310557583712 0.19032415061979185 0.19854824137700777 -0.5947081799001152 0.7554319918409894
112.33 17.028623138195062 17.2065559719189 -0.10563692652400057 0.1869208595104564 0.20206482687558242 -0.5810001417890328 0.7659433616532861
112.43 17.041375058785874 17.14234777223673 -0.11857435276073328 0.17778187560183387 0.1952634655577959 -0.5859720904675787 0.7660956160420899
112.53 17.03468001499125 17.074839153829345 -0.12347787741728518 0.18236625067968254 0.1916643450668794 -0.6050079267933898 0.7509811834928248
112.63 17.032141145886335 16.994832693668215 -0.10732572445986502 0.20594517638091267 0.20453071818461752 -0.6253024126574079 0.7243967575639362
112.73 17.018299240495413 16.95853789065808 -0.08220144931737952 0.18971870940872262 0.18729335940545164 -0.6635729317051493 0.6989985501638342
112.83 17.006165949127126 16.90217013032606 -0.05648401720569471 0.1973608267113511 0.174862644426861 -0.6951518720964482 0.6687567826831071
112.93 16.973188810553214 16.868841281114662 -0.031634089259697955 0.19746135691175976 0.16254405370292396 -0.7227943123428671 0.6419944121074496
113.03 16.92734407954514 16.849912862788937 -0.05333851082073726 0.2065373221083322 0.15965548475820862 -0.7405468072534807 0.619227653637672
113.13 16.901625505892827 16.81398166154979 -0.08785697227794047 0.22846872017019174 0.16643971493670204 -0.748876249313528 0.5994032268929544
113.23 16.87816074069363 16.75936579656603 -0.13478074317428923 0.23889280647822453 0.16950112171690326 -0.7490021188034284 0.5943024674167557
113.33 16.86237020552511 16.688875354455842 -0.1615291235351302 0.24174559449686217 0.16803891953499683 -0.7383159175798372 0.606804412402475
113.43 16.87215035582831 16.62035990257686 -0.17474647959620326 0.27333452330242514 0.1847004829726202 -0.7106295291145491 0.6214335381286972
113.53 16.896806246085365 16.55643115099856 -0.15724362322584612 0.2630118031812126 0.18727699853464647 -0.6830592431841882 0.6551199794754129
113.63 16.93060790782531 16.515683082471725 -0.14117513059469006 0.233241531869476 0.19275028510466707 -0.6537062075379692 0.693623752209781
113.73 16.957949575630924 16.48937488536956 -0.13033822057714342 0.2076366000089004 0.19848912264772087 -0.6333089129739856 0.7186159831752914
113.83 16.96965037937915 16.45150544154477 -0.1348015884895004 0.20942141768796294 0.21038679972229934 -0.6192150329348806 0.7269475959817376
113.93 16.98107306677218 16.41487473819809 -0.1483252474809818 0.20828843298490077 0.21319340208039622 -0.614158711082833 0.7307349585144769
114.03 16.987729778662572 16.35026749893379 -0.16332894923291172 0.19567437636207172 0.21562512110248436 -0.6160361084529397 0.7319268123706162
114.13 16.991543928357714 16.287583979039567 -0.19466595586131513 0.20278527614283764 0.22905716393082032 -0.6142613060330577 0.7273884762231285
114.23 16.999460455945915 16.217379114272997 -0.18228953190647876 0.21701172825630302 0.23638064073287238 -0.6191237669523969 0.7167397461286791
114.33 17.005769122200903 16.156173337949134 -0.14826291532514382 0.2003574695197009 0.22281866563330702 -0.6382924864496209 0.7090778718836283
114.43 16.99731488922231 16.095862295714678 -0.1080347058903822 0.20338846615559888 0.20640036478539864 -0.6589664427267092 0.6941147229467431
114.53 16.98365343322509 16.058788605118647 -0.08892577084176606 0.21828624834479593 0.19956560234040294 -0.6700784045357048 0.6808227492680827
114.63 16.967243348883322 16.015648400811997 -0.07616204511268937 0.21530658028145613 0.1918370916950169 -0.6802497818838192 0.6738707895320282
114.73 16.95505131904441 15.980225774547394 -0.08857231096610152 0.2146731940946365 0.1820887908243825 -0.6925465896222194 0.6641824396925549
114.83 16.925620839463775 15.9261936047773 -0.11058405397075438 0.2268223347172617 0.17283921160338883 -0.7009125394106906 0.6537582485159071
114.93 16.898284304619644 15.871746805856219 -0.13031520750194497 0.23195311242320002 0.16761721058827883 -0.7012183720346395 0.6529892947613191
115.03 16.87496293085381 15.788599260377858 -0.14664126903605018 0.229441473256722 0.16525683507345976 -0.7010692811396225 0.6546362744712985
115.13 16.86506798283395 15.722524419613832 -0.1468158739659512 0.24888963181760002 0.18137341370406235 -0.6868078256633439 0.6583712072855438
115.23 16.87106634816218 15.663028796577327 -0.13207535470009907 0.23995600493819547 0.18600179146862192 -0.6661933865181909 0.6811833974958494
115.33 16.889790794018474 15.616991914497206 -0.1191992235980078 0.2179425182690776 0.19319046577207535 -0.6414825092936821 0.7097032428667508
115.43 16.92094945817905 15.595582037152901 -0.11552576952674529 0.20088837322216205 0.20442407709172664 -0.620645835681246 0.7298310796758913
115.53 16.93693297861207 15.561281502900245 -0.12253648925478858 0.21146137588806285 0.21204327595578207 -0.6035397090508775 0.7389597791681558
115.63 16.947173788871087 15.541147355510963 -0.14571413934867358 0.2166755788315365 0.2108230784140606 -0.5980558085542401 0.7422496702596584
115.73 16.94748703298805 15.499672024400164 -0.16889221260073087 0.2085846137756234 0.2152452647963059 -0.6106673733449489 0.7329715506149084
115.83 16.947983732316718 15.418900398673431 -0.21096291487347218 0.21781840736547575 0.23803734428441423 -0.6188923763282643 0.716146347237452
115.93 16.954312497052694 15.328124334092811 -0.23110666742101255 0.22960793531181886 0.25707622716951606 -0.6249702477027084 0.7004314377243116
116.03 16.954521315843632 15.24371492309727 -0.21495477115178274 0.23397173953123054 0.2585881162266101 -0.640180078152292 0.6845136074498654
116.13 16.946636339047746 15.17304774031136 -0.1769081243529794 0.2289365624584837 0.24032199741250077 -0.6672979639225339 0.666743440368332
116.23 16.927608568351406 15.123709785261129 -0.13330424393882964 0.230290808674338 0.2176156700166244 -0.6927211392543451 0.6478788365377413
116.33 16.9090236227853 15.079729478264058 -0.09914452159073077 0.23082655397129456 0.20376151028950384 -0.7131724629325216 0.6297502576585727
116.43 16.888106748289495 15.06027550924706 -0.08996546722924077 0.23220474377757852 0.20010956341345085 -0.7292710981848316 0.6117195312804364
116.53 16.865823449409955 15.025369785820157 -0.08658936003660761 0.2358885652188766 0.2012388032501491 -0.7362002957312288 0.6015551956642705
116.63 16.857018910679773 14.993174409534989 -0.11462012369577504 0.23572864647718322 0.1932179709593671 -0.73341033994085 0.6076249617948781
116.73 16.85092463600933 14.945911211906793 -0.13795689766230254 0.23536356937625702 0.18595061411271133 -0.7209380493712323 0.6247196877723449
116.83 16.83725746658377 14.865719377109802 -0.17194712390319566 0.2474986922629552 0.19208296014739323 -0.7086616716922407 0.6321765329585565
116.93 16.820836542419713 14.782760007457027 -0.18690258948700128 0.27302245113006685 0.2072358037197428 -0.6930539862493088 0.6341831241680163
117.03 16.819841497864996 14.707236097121545 -0.17847303125650665 0.26445615886142254 0.22325721097048967 -0.6767246048405344 0.6498176413374471
117.13 16.832783945544435 14.659579059283898 -0.13311621588967973 0.2421870798850304 0.22447455345306164 -0.6590939374062599 0.6756861511553449
117.23 16.841166804021796 14.612712114447296 -0.10394455274959764 0.2183532601333946 0.20983101652378802 -0.6508425050083462 0.6962017178721788
117.33 16.839225844059385 14.565824029174458 -0.09063529329793041 0.20729585057202413 0.19675590304730894 -0.6509588663731974 0.7032553584877833
117.43 16.844145645899484 14.501648700571174 -0.09167280132622778 0.20213328569528735 0.1943300040081791 -0.6543440638003731 0.7022904175093247
117.53 16.844396538565952 14.440884071903287 -0.11200242153028508 0.1956872554394668 0.19362523855710953 -0.663534811949626 0.695656034533767
117.63 16.854930942956805 14.368180085072565 -0.12344254215269296 0.21073612891599305 0.19216626979064053 -0.6703855907439957 0.6850150133004946
117.73 16.85808643026987 14.31431220877101 -0.11387185061943081 0.22818856745847133 0.19359950883411692 -0.673516566084913 0.6758880403362872
117.83 16.86290319449928 14.277535991301349 -0.1012274843398008 0.22828803705486875 0.1931293063207794 -0.6826730811775338 0.6667406597870434
117.93 16.865179484207506 14.249493084122077 -0.09516819175011768 0.23438381039196152 0.2012369127009554 -0.6834975724531736 0.6613614766852935
118.03 16.868433698741146 14.22386067232594 -0.1028620270722017 0.2406583145068096 0.21352625163610017 -0.6834729290201598 0.6552517613998318
118.13 16.870055199685414 14.201173500819028 -0.11166822637874332 0.24153293900567044 0.22512127888379815 -0.6869692319436598 0.6473449803093746
118.23 16.86011957683257 14.175933801262918 -0.11171695113331176 0.24026617986322865 0.22753138402393058 -0.6891419505541663 0.6446588276635049
118.33 16.851803929612124 14.15359067950155 -0.11390129826249405 0.23943777075437225 0.2259373487197371 -0.6883328201263796 0.6463898182416999
118.43 16.837750354095334 14.117113637487758 -0.11757198770259204 0.23558114631076754 0.2275423530061233 -0.6859545058754518 0.649763354584195
118.53 16.820333414132037 14.07395716130225 -0.12179870592280524 0.23247439386347102 0.225689679578248 -0.6853370711542817 0.6521755313037669
118.63 16.795828693886147 14.033849689599881 -0.11571457380431285 0.22637968900028085 0.22073637850130948 -0.6838950833080161 0.6575068080570606
118.73 16.784667008415724 13.99602855142426 -0.11185082379876576 0.22216290688571244 0.22169802033825112 -0.6725136628179746 0.6702380203370608
118.83 16.785576744980077 13.965358505432937 -0.1030995366448823 0.21390590141944815 0.21899574197648206 -0.6641979709315641 0.6820016024500944
118.93 16.785582885822883 13.930770867442282 -0.0900431868685208 0.21435979079656198 0.21708902611580658 -0.6575828206637993 0.6888447348986465
119.03 16.787119542615894 13.893584785014502 -0.09205592710154192 0.21989022968309652 0.2167935396037299 -0.6529277503294391 0.6916170912620212
119.13 16.788602643238733 13.856434415486657 -0.09883336830585937 0.221274865495788 0.2190012577046919 -0.6522376928484154 0.6911308668055279
119.23 16.79254711052044 13.802899730408415 -0.114625814976312 0.21711819087575587 0.22349341507244078 -0.6521312143884533 0.6911116145966132
119.33 16.80061590503868 13.736391910802523 -0.13812391763689869 0.21275924302639912 0.22418762828653954 -0.6560614934875822 0.6885177765264548
119.43 16.811596735244272 13.652827450339121 -0.15476650763336675 0.21313957205007752 0.21859389494767578 -0.6573758364742306 0.6889450206930303
119.53 16.82831061035745 13.575341785801161 -0.14722346672530867 0.2321326813110757 0.21778749334346809 -0.6539733573676313 0.6862957626736507
119.63 16.842083809754957 13.517645366400101 -0.11581763054632198 0.22148991832173442 0.19935403542936644 -0.6648643710290095 0.6849493067198901
119.73 16.843771566669382 13.461692552433288 -0.09324492313424562 0.2219405886936016 0.19325838692391106 -0.673671973276593 0.6779082853863987
119.83 16.84563068176964 13.402066442223976 -0.08659213385804682 0.2179726328876755 0.19246601389038193 -0.6783865504874866 0.674712125966957
119.93 16.847057608976883 13.345982151699591 -0.08132752842437849 0.21295827699433928 0.1974165688134875 -0.6783602695650378 0.6749094867411193
120.03 16.84811248662207 13.288811999592621 -0.10080452245432737 0.21758116137817327 0.20058249435143358 -0.6759111575401126 0.6749586715391303
120.13 16.846685120004363 13.231364917088408 -0.1221328287593478 0.2268970622691765 0.20620482318399416 -0.6710882664117775 0.6750095056469281
120.23 16.836867400440077 13.159771600811215 -0.14216007054634328 0.23017395598085932 0.2107640695934359 -0.6686796285969202 0.6748822202844137
120.33 16.821300702187703 13.067250552206092 -0.15656828283805607 0.22365298177561813 0.19974179369147513 -0.6685300615246734 0.6805513326954873
120.43 16.805555228524632 12.993540349350193 -0.13941210247897445 0.2313045491850371 0.1958894969698697 -0.6686127754464795 0.6790305346690633
120.53 16.802440082032962 12.931229668559919 -0.1116845836890086 0.22445663682200734 0.1884103038699613 -0.6660209140841201 0.6859569356634099
120.63 16.798566849585942 12.868019773682683 -0.09081944940360823 0.2153854838641817 0.18653187775642913 -0.6626130305048538 0.6926463193625061
120.73 16.799869453987494 12.818126172967919 -0.07206082549652551 0.2119233783457933 0.18970000760524236 -0.6614243792810863 0.6939886017203066
120.83 16.804119239445356 12.757204927701565 -0.07947752160486835 0.21440592644208412 0.19215272566230157 -0.659574757857487 0.6943115781292267
120.93 16.804524729345292 12.710342811932184 -0.09101528541963008 0.2173547903698007 0.19683370766740263 -0.6582610110200902 0.6933295233869767
121.03 16.81271201320185 12.65059060489348 -0.11137607691255519 0.2120996788008218 0.19923746854662364 -0.6581261666839215 0.6943976570421652
121.13 16.822937507058974 12.577160638743893 -0.12486434946023436 0.20848006836854738 0.20146878030020324 -0.6571155521781861 0.6958056788665583
121.23 16.83531945486084 12.500744156016228 -0.12667754974409637 0.21821398397760505 0.20289989827551497 -0.651920261584119 0.697290657482589
121.33 16.85178493112446 12.422757427527493 -0.11398713072113043 0.21819900278653281 0.19630790923814964 -0.6533269175752575 0.6978655592054401
121.43 16.859825856309172 12.361375952722447 -0.09192116270622644 0.2083694295782354 0.18412938525159728 -0.661406480052844 0.696577359988262
121.53 16.853143236166968 12.31685342121492 -0.0753504702157996 0.21008273506266423 0.18228295640389505 -0.6665957124260353 0.6915839243421384
121.63 16.847756448275796 12.259924917954526 -0.07665859785177673 0.21491860437324112 0.18505626826718807 -0.670988828235642 0.6850825960803858
121.73 16.83923133387427 12.213273343076096 -0.08013420468877294 0.220454517922992 0.18743545149486768 -0.6741273151311177 0.6795734839179404
121.83 16.819350313762225 12.161997211022324 -0.09066337490666676 0.22219303130940277 0.18807375230846576 -0.6815548056820998 0.6713728974137905
121.93 16.79618442802196 12.10190459874451 -0.10783837586297505 0.23060665562902755 0.18914927935142145 -0.6863488557621568 0.6633011146488533
122.03 16.76874661502765 12.041000171230204 -0.12256629190644756 0.23695731524020783 0.19310090645459324 -0.6889888361128192 0.6571587741120634
122.13 16.744368334558605 11.975030717677607 -0.12705470359681068 0.23836574927910956 0.19230216972364286 -0.6884181435608598 0.6574816383036164
122.23 16.730835119250184 11.927621070708408 -0.11566002965057107 0.23755660168694637 0.19771720854999725 -0.6839801002779423 0.6607919406756734
122.33 16.725109176278266 11.88616552941005 -0.10464438288396101 0.22431770038900678 0.19727212778094502 -0.6799586611730248 0.6696428122430299
122.43 16.725257289546132 11.840501771418257 -0.09338896707032646 0.21873008736616528 0.1928079356618836 -0.677193348417989 0.6755674782618128
122.53 16.726427205350667 11.80796056437756 -0.08421154937083167 0.21378784354747646 0.1865418178041303 -0.6755273699774369 0.680558359417484
122.63 16.729615198498607 11.75522946121564 -0.09596969911546785 0.21693129546557882 0.1870285508908107 -0.6744144349399632 0.6805338376186149
122.73 16.727086478658286 11.707741075685925 -0.10710414343232119 0.22452900953340466 0.186567919931949 -0.6812740334478681 0.6713008464763673
122.83 16.7192689108964 11.646778771826167 -0.1250364705576571 0.23015749754808468 0.1876462038489877 -0.6955189314415401 0.6542704673985262
122.93 16.7249844767069 11.571941552301196 -0.1280672568914391 0.2306271055165763 0.18455468363920874 -0.7040816803380044 0.6457706205459411
123.03 16.74048099461119 11.506713208393153 -0.12288868025616277 0.23175348277631105 0.1824067753833396 -0.7097221970436522 0.6397753469295556
123.13 16.75253711103098 11.439556980965339 -0.10831789326101127 0.23353417438784532 0.1763487946035239 -0.7162943630760339 0.633470818160056
123.23 16.763861888646723 11.386911550112119 -0.09232459960277063 0.23206086265263343 0.1729924846912669 -0.7195158174342762 0.6312830939658869
123.33 16.77678113454678 11.343428430245933 -0.07865346820350627 0.22882735574905536 0.1809734714294962 -0.7171247410971057 0.6329445075249976
123.43 16.786350883024735 11.29673281317459 -0.07720536730712164 0.22709983576779724 0.19104840239963167 -0.7087354217824716 0.6400158392146322
123.53 16.792333492751364 11.250458370350387 -0.08517642750647728 0.22321412672800578 0.20184183308259723 -0.7000110926715433 0.6476262797197956
123.63 16.798059020889 11.199388419466501 -0.0981430997938041 0.2192690120938326 0.20841576119057267 -0.6924248126946769 0.6550052286718715
123.73 16.799459500773047 11.140384551715016 -0.11192894635244614 0.21215660943263073 0.2114889941257128 -0.6811468699675303 0.6680575723477586
123.83 16.794981124575227 11.067762270259863 -0.12481285227993219 0.20298398719694755 0.2100737890949666 -0.669530450499913 0.6829315338526232
123.93 16.79069350390505 10.988475698709296 -0.1267184805924873 0.19248607578621485 0.20446987962880428 -0.6622911967241415 0.6946305130749084
124.03 16.779265756053974 10.909887506571872 -0.11962511958994497 0.19603646953019407 0.20236254727853925 -0.656848177393505 0.6994065869920794
124.13 16.777706445571795 10.84654975203681 -0.10988515124973647 0.20259396198715665 0.20136593417180948 -0.6480107532872196 0.7060378961115269
124.23 16.776491683190873 10.797204252943883 -0.11218562948859426 0.2081057533909285 0.20506734116650685 -0.6390501195928866 0.7115155132819039
124.33 16.77483841460914 10.750533336096847 -0.12196452665777374 0.21331473572604237 0.20883157013582726 -0.6363146331358032 0.7113296609125633
124.43 16.76726740521792 10.702620235114203 -0.12821620451321983 0.22476696328694137 0.21263782236243922 -0.635850177382738 0.7070781573758782
124.53 16.754356342627784 10.654063148197306 -0.1427397272994086 0.232314600461328 0.2203922556203757 -0.6423300540154947 0.696325557324667
124.63 16.748963970885598 10.593946148406886 -0.15360020778333192 0.21983986335168626 0.2129997655620622 -0.656519497620631 0.6894082125968422
124.73 16.743932916153437 10.524849896530222 -0.1601382629905702 0.2212690744747797 0.20951105194762817 -0.66316719593503 0.6836332247839788
124.83 16.743145270201033 10.434101217406484 -0.1664320113831903 0.217806823955278 0.2007637639677397 -0.6658476129807391 0.6847635028269776
124.93 16.74921658147386 10.350073552919783 -0.1531973662812262 0.22473591437153215 0.19281658866688403 -0.6667307871905637 0.6839485282817038
125.03 16.75291237185491 10.280954777993431 -0.13576940390795436 0.22026573419185563 0.18203055490829523 -0.6717321272160226 0.6834645804184283
125.13 16.750526428954537 10.216722530421615 -0.12544463058947827 0.2162771613604283 0.17849357761829543 -0.6782598126353434 0.6792112033725339
125.23 16.7415693424012 10.163645003081628 -0.12537171494566623 0.22326696189369669 0.18048587628807927 -0.6792424459975094 0.6754305380589506
125.33 16.741086772218328 10.110151856378495 -0.13825780107255867 0.22674593303382118 0.18424721896529472 -0.6831562541112973 0.6692807905690983
125.43 16.737604066271622 10.060126657556788 -0.1457178238696792 0.2269142516512463 0.18287440252872392 -0.687937227930367 0.6646873292946085
125.53 16.72797627752292 9.995297676993953 -0.17297456839090442 0.2360574642511969 0.18835074215122277 -0.6865834244139825 0.6613653096605143
125.63 16.716372399377388 9.915039385265967 -0.19629944862767007 0.23302303010804118 0.193157511845426 -0.6850919926031797 0.6626004865135219
125.73 16.70203598792929 9.817831453368957 -0.20787919288926549 0.22476172334889305 0.18985258272893643 -0.690076637056001 0.661235509888775
125.83 16.69005425203659 9.72515546359388 -0.19240907658128284 0.21998911246740496 0.18131041211111096 -0.6980818123570917 0.6568204534818788
125.93 16.678014116360618 9.644973474791021 -0.1704460832863381 0.2221430993287057 0.18240797360972 -0.6983859957073049 0.6554668378981113
126.03 16.688619430864307 9.584187890016151 -0.1647890576031243 0.22130900859657116 0.1942946004312645 -0.691389073379596 0.6597371295967522
126.13 16.696740430659503 9.523241683098284 -0.15342345946426827 0.21817613118147486 0.19772976521469493 -0.6850408760857158 0.6663490930604923
126.23 16.707137986466357 9.458752207556282 -0.16175341004464044 0.22500601332483547 0.19785765417976828 -0.6819271377378656 0.6672331087909122
126.33 16.714100218582566 9.391182161384114 -0.17491328473054546 0.224923374916923 0.19684488859009192 -0.6812273986141512 0.6682744919786568
126.43 16.72100509378397 9.328690554347153 -0.17428451119381394 0.22571948646388054 0.18963878264843492 -0.6795529303852352 0.6717854273136189
126.53 16.7364867254543 9.277337561893331 -0.1720450485003655 0.23195113370635997 0.1955729612169176 -0.6751061973052915 0.6724444295056428
126.63 16.748083702293698 9.229871248385972 -0.15980522379796394 0.23196697867369448 0.19464587344651993 -0.6760672289801529 0.6717420685459089
126.73 16.75263358158368 9.18254876938434 -0.16561008815923844 0.2354760142903169 0.1961168307385693 -0.6748330891768538 0.6713341471629686
126.83 16.75355950189707 9.137605348292226 -0.16716579264126075 0.23685453666700818 0.20089794867469574 -0.6767472195660743 0.6674976730207709
126.93 16.747807961321712 9.091835053328651 -0.1710182805367628 0.23851469726739682 0.20185686591486854 -0.6777339639228318 0.6656134155918995
127.03 16.738366548808276 9.042687997315255 -0.18053501056317667 0.23803465638805607 0.20107702035861091 -0.6778177787612587 0.6659358775716144
127.13 16.7209811793934 8.97952309771268 -0.19662646336211295 0.2357468434076472 0.20089910779698086 -0.6751818925181174 0.6694717218265165
127.23 16.70071282189826 8.909371583683345 -0.20101290636203256 0.2240225125013601 0.19209544762648623 -0.6752290617486546 0.6760021945702467
127.33 16.6771027514342 8.835324688082117 -0.20555928004567092 0.21875427711382314 0.18600972155039394 -0.6755695932308086 0.6790822295091469
127.43 16.657465601904324 8.776688702402293 -0.1873706029715833 0.21786202266822013 0.1839771378550833 -0.6731244360828728 0.682343055488717
127.53 16.649618202070474 8.719105180253516 -0.17484692828641507 0.21582929799528666 0.18567848152146899 -0.6680046957819871 0.6875397748784854
127.63 16.646457399910698 8.671114254458722 -0.17480262227127513 0.21551208596073376 0.19321721809941791 -0.6634402330260496 0.6899773218281282
127.73 16.636908508376283 8.627100467576621 -0.174653637584176 0.21735619430545763 0.20024123637518867 -0.6595983351032613 0.6910786991226034
127.83 16.629467876967798 8.57946650997727 -0.1865456175100384 0.22561850756782992 0.2052631697412221 -0.659558832475188 0.6869828721988769
127.93 16.621473965228247 8.515733279439551 -0.21570562628750978 0.23112351455885827 0.2151977998044436 -0.6640578129140065 0.6777160534362117
128.03 16.621253330582128 8.445150041582087 -0.23586211448883596 0.23175556615496642 0.22050517215067783 -0.6682779985150109 0.6716184506933696
128.13 16.631687487711353 8.366294447070173 -0.2319076310067169 0.22133114631505446 0.2120544056785142 -0.6724389517437366 0.673699717144798
128.23 16.63942486313543 8.284669797702131 -0.20368413383944156 0.22349502561193046 0.21385139958826524 -0.6720142740093019 0.6728405219282007
128.33 16.63923642303106 8.211501576445924 -0.16644075137248993 0.21167035797025352 0.2022842504360296 -0.6740360970353196 0.6781976713876801
128.43 16.64347991323196 8.14687844185244 -0.13174811393983785 0.20841305504684707 0.19827552998590034 -0.6728913836199081 0.6815188908203029
128.53 16.636388967663198 8.089083975820222 -0.11044591281662619 0.21419495537099054 0.20123178720389867 -0.6683266237654877 0.6833489685940622
128.63 16.623957149652576 8.032390694683876 -0.10529813307176578 0.2207311070166161 0.2070525147142993 -0.6634219459181111 0.6843086702796705
128.73 16.610936483984183 7.967398469847809 -0.1123588462089275 0.2188434868988553 0.20820907959011137 -0.6668108630289523 0.6812633707787121
128.83 16.59370577818957 7.901589969968689 -0.11451079233416028 0.21241431937768313 0.2050814914718154 -0.6758325062096033 0.6753311501252239
128.93 16.5638073856694 7.816907396670606 -0.12131956528459162 0.2020458161657662 0.18611790304430342 -0.6899902497366378 0.6696648935136685
129.03 16.53636827935352 7.735258921705499 -0.1190390104188539 0.2053134796920076 0.17577623021614291 -0.6987158767079961 0.6623784534417901
129.13 16.52436131207365 7.672820768055502 -0.12457772167520816 0.21628986902926883 0.18229021138125182 -0.6920556424512363 0.6641144172063176
129.23 16.528504024638842 7.612954125175899 -0.14460432645761323 0.22751741691605482 0.20463775748503238 -0.6770690052297784 0.6692807896305567
129.33 16.534433562659068 7.555134107423988 -0.16856437540847655 0.23486050831358532 0.21971491310959196 -0.6625438562107042 0.6764625172094745
129.43 16.548280322297046 7.509294966807818 -0.18464974369921858 0.24199733537335957 0.22743127422136983 -0.6507344389688213 0.6828301363576239
129.53 16.565872785690274 7.44455498153053 -0.21503508732083265 0.24262138419219792 0.2384115196688608 -0.6379559892167845 0.6908740601906257
129.63 16.584134520498615 7.385730073132748 -0.2280572605548736 0.23254351503818038 0.24494774887835538 -0.6265403376733066 0.702403957279095
129.73 16.61993676942447 7.311949939099549 -0.248448531384549 0.2209064678371297 0.24498958553663105 -0.6122371012310295 0.7185723118257057
129.83 16.649069459026563 7.240956348697068 -0.24925165154320345 0.22159516969244036 0.2471638106585562 -0.5978259291156829 0.7296641624382348
129.93 16.672412715389385 7.167044892987461 -0.23358105356460596 0.21785091803270984 0.23762407124360874 -0.595864929693896 0.7355411367413834
130.03 16.68616317962685 7.107737865030813 -0.22368515480505446 0.21457349909326676 0.22600161931149051 -0.6037670669948291 0.733721207522256
130.13 16.680605992028603 7.058893359999019 -0.20557601303375744 0.21648218415876977 0.22654834770927484 -0.6157537062783893 0.7229513699388592
130.23 16.671519254959748 7.0046747780926735 -0.19973989506755058 0.20694147412404437 0.21776385215135907 -0.630997034355565 0.7152600042068971
130.33 16.650011181725837 6.9546247590976185 -0.18257583887527126 0.21020670696477675 0.20936395290752932 -0.6460070711729825 0.703316955265877
130.43 16.62282247944482 6.885209135624935 -0.20181139455192706 0.21917201226137006 0.20447013845893572 -0.6589045317005672 0.6899278292867609
130.53 16.587901776091936 6.824383651753543 -0.21211214773990983 0.2148345648674435 0.19437646498134417 -0.6771959941193579 0.6763649053198039
130.63 16.55464719115055 6.73924916279311 -0.2298960704001956 0.20267618678512114 0.18251257349630817 -0.6987100312276613 0.6613741876485945
130.73 16.524739350956487 6.639156620121729 -0.21698870654938238 0.22477555049562378 0.183772200275734 -0.709106977197637 0.6425504067346273
130.83 16.51195738791617 6.574632770308735 -0.21434476265672459 0.23145614413014579 0.1831770787260508 -0.7081690806026243 0.6413819177777225
130.93 16.51177804589687 6.508308957735955 -0.20886179440429928 0.2288615291455541 0.19215008125938293 -0.6950766811588595 0.6538877228227769
131.03 16.52128649072999 6.4548962385793525 -0.20923067513020277 0.23152116731188277 0.20449138265651648 -0.6777064824255917 0.6673043887043607
131.13 16.552189594885036 6.391262547298452 -0.2224739569621632 0.23318066074516428 0.2125558393151065 -0.6614130095532698 0.6804260616857541
131.23 16.56792091163055 6.342781880631052 -0.22694582808189878 0.23033611851943384 0.21739690432336994 -0.6436502157520557 0.6967052879506148
131.33 16.594957506146553 6.287750322006255 -0.23939849750671527 0.2240368112998844 0.2198530154793364 -0.6259274767503504 0.7139236322017659
131.43 16.629094748669257 6.222344377465716 -0.25982964586106205 0.2172830916007095 0.23004383396708988 -0.6098152369301364 0.7266314536035454
131.53 16.662844722258754 6.138983925513291 -0.2716236977246549 0.21301347757079953 0.2354199405323543 -0.5952441543197153 0.7381646880751912
131.63 16.691355155565432 6.05971185310528 -0.2735629037885353 0.20790344530240942 0.23843052005225665 -0.5795814935739217 0.7510075477953737
131.73 16.719028731509155 5.985669808863874 -0.2531030284707667 0.20635655741794104 0.2369009843888345 -0.5722579375936124 0.7575062690614003
131.83 16.723591920240374 5.922530351816133 -0.23980373511647296 0.1982170779785984 0.21884584615570535 -0.5827688416928192 0.757097723395091
131.93 16.717024099208775 5.854777875190234 -0.22586381673101796 0.20451326508064563 0.21367185541382352 -0.5997551473845827 0.7435135679970912
132.03 16.69396475866783 5.7982254275889495 -0.22913483251351488 0.2142453918493645 0.21670341015007846 -0.6149097085696846 0.7273407691085277
132.13 16.672077229702467 5.732273463537969 -0.23512328845224123 0.222046907809736 0.2218162364396642 -0.6286102832926328 0.7115770089896339
132.23 16.638324807428113 5.674714281261866 -0.2488818195470605 0.21286437947897505 0.21828657656074082 -0.6413010742680781 0.7041112544087276
132.33 16.60918334840071 5.60368753414533 -0.26091660555102125 0.20169243141322346 0.21525298411162203 -0.649857523607059 0.7004794893164003
132.43 16.587244307400812 5.534156156335189 -0.2599012055566694 0.20239044946344367 0.21568780055847694 -0.6547885634950261 0.695534913410069
132.53 16.581654448219584 5.477016395323194 -0.26215522937073193 0.21456212943712155 0.22554708600013387 -0.6514060854694436 0.6919260917335261
132.63 16.57877196895333 5.429947846819852 -0.2651227024391909 0.2189180823900098 0.23521621863348438 -0.6409736745495299 0.6970659597404818
132.73 16.597319329655694 5.390590397898 -0.2663236279790645 0.21862821133176297 0.24133411756642323 -0.6282042846405257 0.7066250247957505
132.83 16.625461670248214 5.350465740263126 -0.2753807482005024 0.21073581238080358 0.2455159139029662 -0.6154139916089203 0.7187335892613965
132.93 16.66669069318414 5.301811416075323 -0.28384334556316926 0.198346122621211 0.24534297421381498 -0.6040157624923499 0.731867883778101
133.03 16.7193741497407 5.262463527321584 -0.2950607417528115 0.20043939662659185 0.2516141703873133 -0.5844934850289488 0.7449038350679811
133.13 16.767982257220797 5.219638378308461 -0.29589804988973617 0.20056942580523673 0.2579446379853475 -0.5603035085685412 0.7611152655495412
133.23 16.818405106806264 5.196215504822913 -0.29368310728589325 0.1939605019369226 0.258247500778873 -0.538314755346528 0.7783988541911215
133.33 16.8724857636531 5.1637959228101975 -0.29540962540520915 0.1939105176954017 0.2683314786510605 -0.5079143819696968 0.7952483318312448
133.43 16.91996647836134 5.137601167687282 -0.302760162050761 0.1823935657035684 0.27755607139952365 -0.47629527164036045 0.814148652662544
133.53 16.960591247598707 5.114885927017361 -0.3076568510364081 0.1735126876874238 0.2886514980510007 -0.4437083734421233 0.8304797042804507
133.63 17.00463811107117 5.103575662230525 -0.3204601538051011 0.16184059083525057 0.2950600205705769 -0.4083640243349595 0.8485199060999951
133.73 17.0446545045924 5.091320096485653 -0.33061661006849613 0.14864847369397377 0.303526822884942 -0.3732246099720229 0.8639898665893349
133.83 17.092513683473932 5.087204273480721 -0.3335533299932266 0.13406808851815907 0.3107920985731318 -0.34288733365721624 0.8762775219775074
133.93 17.14103101772985 5.086048350042966 -0.3355220276554532 0.11710635421325256 0.3140381432705316 -0.3132496700934442 0.8885610786886998
134.03 17.191565699330045 5.090704244487853 -0.3358758449274404 0.09772397996801284 0.3205557035274385 -0.282844839322973 0.8987173424072787
134.13 17.247098670244252 5.093737315373018 -0.34282394895564783 0.0805490706825735 0.3203938283606132 -0.25863643330197716 0.9077261907257254
134.23 17.30324887305046 5.0991120062753446 -0.3450598690547998 0.06568721500785436 0.3097524449989952 -0.24251217872113578 0.9170204227679908
134.33 17.376354159009697 5.099665205907526 -0.3433172287566272 0.05950075673717246 0.29876052126919034 -0.2250796402246658 0.9254949845542118
134.43 17.46612432447309 5.1172544263264745 -0.34512631370434693 0.06372906284978844 0.31431094379138574 -0.20441788292282606 0.9248570518207698
134.53 17.5429461726386 5.136237722233043 -0.3339591500008653 0.059808305547501515 0.30807478652837755 -0.18455285418814463 0.9313716425273216
134.63 17.60301410464731 5.142185728703342 -0.3186468690940308 0.06465191715338717 0.2989264694498569 -0.1600797584893569 0.9385294701780145
134.73 17.661805224254433 5.165600746178798 -0.3121089780009356 0.06215935480740851 0.30431907837552097 -0.13190566554062022 0.9413431938166263
134.83 17.720064488348985 5.167526715960481 -0.3072854011961775 0.061553347138191515 0.3116227180744105 -0.09883933104868783 0.9430446721517756
134.93 17.779322757250597 5.181646721745761 -0.3045442925841973 0.0558726303453954 0.30975284862878194 -0.06816966202259134 0.9467229368322959
135.03 17.83137582418292 5.189251849150949 -0.3175663535692207 0.047302176483607655 0.3043380047483722 -0.044553907681683706 0.9503451121966091
135.13 17.905003533680812 5.182296892353983 -0.33542915017669744 0.04102325115985622 0.3079570795319534 -0.023778215290024177 0.9502179363220032
135.23 17.964890953358356 5.171715589583248 -0.3376317144543921 0.03282562746979941 0.31398592824700916 -0.0067324297316548615 0.9488361235924707
135.33 18.037986528288705 5.154865867336522 -0.3440214016165241 0.02113474715301096 0.30998774757665043 -0.0037658885947203366 0.9504981519699158
135.43 18.10171519457763 5.140236776399331 -0.3425211417429306 0.01757448533169445 0.31527269226811006 0.004312251024129617 0.948828578546435
135.53 18.145961280242382 5.124681040335861 -0.3340520372075958 0.015420695683753888 0.3105922312435903 0.008390448768869034 0.9503811174498441
135.63 18.193243977251697 5.1099831689065205 -0.33793179281721714 0.020911135996206334 0.31297448164846503 0.006694625565548392 0.9495077041376547
135.73 18.239435233238858 5.1046825943599465 -0.34162153438564236 0.023144712127293014 0.31772885463136696 0.00722905234260321 0.9478715303443881
135.83 18.286514906745055 5.100564363636507 -0.36147215204492333 0.02274659427504394 0.33174521747219626 0.006675585134436909 0.9430711212291069
135.93 18.34061850760754 5.102938662614453 -0.3753201063547056 0.021370452412291012 0.3336522018237236 -0.0028485429083779695 0.9424496791793048
136.03 18.39953104186877 5.098895101789212 -0.3820600556255863 0.02924384837473006 0.3451858145225063 -0.013369247044765746 0.9379833761949758
136.13 18.442933233216444 5.104569666033797 -0.3702381727376454 0.03748236876342464 0.345176520279304 -0.021693010568438812 0.9375380819850634
136.23 18.483216101443983 5.103663557015602 -0.35906053265756144 0.038278495795613626 0.33674556191707417 -0.02959796222749998 0.9403516065391492
136.33 18.522614258239848 5.104255475270828 -0.34562156518710435 0.033314987570286586 0.3253056115651234 -0.028579896784551525 0.9445896252803209
136.43 18.569353005559858 5.1080753130466565 -0.34064318822506473 0.029252258477943004 0.32128527454103173 -0.023789997967514534 0.9462315328363029
136.53 18.6192659630143 5.114673424094407 -0.3465822739448261 0.02651197108568189 0.3230032704646562 -0.016466720104117285 0.9458831057732774
136.63 18.68020572654297 5.119781075475081 -0.3609053800395834 0.024098228886199075 0.3262634646957874 -0.008982904310193838 0.9449289573292814
136.73 18.742894249504072 5.125645350627979 -0.37245917019628827 0.02945620356442881 0.3280378162362812 -0.0036251964011361254 0.9441982742737649
136.83 18.806936910432825 5.133288274301666 -0.36792740599822255 0.03439455148845841 0.3277580897492862 -0.00012848814551483603 0.944135389084957
136.93 18.867523630232803 5.144141704725275 -0.35870267008791534 0.03080101262366635 0.32295161866934274 0.006769719864924636 0.9458899092987294
137.03 18.921443678900975 5.154655660179364 -0.3512231283818133 0.02294788217697724 0.3183781440706573 0.01591555740768783 0.9475523453161403
137.13 18.974113171352894 5.163721639888516 -0.3483688129839529 0.021119253845425373 0.31783599253817296 0.021495668641971253 0.9476667110297383
137.23 19.039715649309993 5.170313246234732 -0.36432519611479847 0.018418716904925463 0.3178511941670106 0.02141843811249316 0.9477196947109429
137.33 19.11284102171138 5.182859660578995 -0.3790423060719079 0.015513136267353822 0.3135637636578298 0.019557989455900843 0.949238955043634
137.43 19.192689785436436 5.196066806426762 -0.3885419902673773 0.02400296142598732 0.3227720979061506 0.01802802997853417 0.946000539530046
137.53 19.264708959885713 5.210583814924587 -0.37725815760273257 0.025359186246693338 0.3222529071232853 0.007880041560862595 0.9462810789974064
137.63 19.327773518876445 5.209076857485651 -0.35959479955609214 0.022558119028321423 0.30926611428245043 -0.007966036222563793 0.9506745731791921
137.73 19.39824723255527 5.19941631109656 -0.35328942053657814 0.02112962761997214 0.3058019105220102 -0.020490242533867994 0.9516401002052367
137.83 19.46165318093899 5.180717407840028 -0.3615729366610025 0.023585860281360713 0.30715462387404135 -0.028014988711282787 0.9509547332208254
137.93 19.523824839682717 5.15766866881952 -0.3733086179665692 0.025032993787815372 0.30731127213525655 -0.031097233700426948 0.9507713149316247
138.03 19.609972280484936 5.13974894692314 -0.39344419489045873 0.026867329772069962 0.2969928803059703 -0.029018230942888853 0.9540604372425405
138.13 19.698598421485414 5.120106200594628 -0.39874354252194294 0.037459977856178064 0.3013170574743287 -0.024103253589099188 0.9524829731288882
138.23 19.781937713922645 5.1182542637095185 -0.3931945511831321 0.04112315636516413 0.3052213097607918 -0.015744866871354974 0.9512628118693994
138.33 19.854302727841535 5.110928066970619 -0.3854517545755678 0.03268302175327788 0.30697336148422005 0.00650186519645623 0.9511345336896986
138.43 19.935050817528786 5.130005383637965 -0.37654144914580195 0.022214114398039005 0.31820839415688174 0.03813103482716246 0.9469931230967938
138.53 19.99949469614462 5.149730659291336 -0.36318410546199725 0.01686438055423416 0.31799403036588586 0.06098488004764442 0.9459789816511551
138.63 20.07322835088192 5.163280443746295 -0.3577940642774742 0.009979978218137533 0.30353707438927346 0.06965328854568419 0.9502179033783451
138.73 20.150422561852988 5.166306948909843 -0.36344862701819797 0.005755530032785978 0.28542407817060284 0.07786018055883483 0.9552160811867905
138.83 20.243436389338406 5.183919770362254 -0.3791379046206922 0.00851580607773913 0.3027999955740077 0.08867608104930952 0.9488815502353092
138.93 20.319189119581843 5.188278074333661 -0.3812715426935803 0.007728551623498985 0.30785217557241906 0.07381950954499093 0.9485346527648151
139.03 20.40534984642422 5.1773081668251795 -0.37470613497099914 0.017665269611001618 0.3104228871693053 0.047773732584607397 0.9492329744830705
139.13 20.47211501826204 5.150738525619906 -0.3673546399492285 0.022355138747018336 0.31460286586169545 0.022674377970445404 0.9486891783650022
139.23 20.54133434343482 5.11665435972753 -0.3671358962259029 0.023979840949259645 0.30398304579880375 0.0013569712889470826 0.9523746288745052
139.33 20.623102179658428 5.091997393202429 -0.36907452136781593 0.026194596658446912 0.29430027874676407 -0.01552573537504776 0.9552277951235204
139.43 20.71294299147957 5.057702881073267 -0.38689944498502404 0.023713596584321216 0.2782193772464879 -0.025169231094218 0.9598948657367319
139.53 20.80622156666571 5.033679078795147 -0.3989781158648508 0.028606530179992262 0.27800434381361305 -0.03636117622422607 0.9594650155766047
139.63 20.889423193218505 5.010721189879838 -0.4213990570604287 0.0424310610110782 0.3069695106975206 -0.04174719616550207 0.9498560397112387
139.73 20.95614232195522 5.010786527960093 -0.4343117344377636 0.04959578593688745 0.32954913050816265 -0.03657894201830332 0.9421250498736556
139.83 21.024466834276886 5.01447698188384 -0.4487365761532694 0.04110499087862198 0.3375917821627281 -0.024611653236649166 0.940072568936048
139.93 21.08573680290263 5.0200340176383245 -0.4535364891176375 0.0351869600551955 0.34092595743959153 -0.008926424958873186 0.9393889973399867
140.03 21.15474088343922 5.030670122518342 -0.46983491251701526 0.03226852484679829 0.3354738514926936 0.008000070742313112 0.9414627109646923
140.13 21.23067151206895 5.042432815298011 -0.484129286073715 0.032369450602151933 0.3356930833247145 0.02435923250550808 0.9410998885704981
140.23 21.307976976331872 5.064590712342558 -0.4810571702558754 0.032578659173322 0.33222879739079114 0.04532706605537349 0.941545598594964
140.33 21.384829290503255 5.083668364389722 -0.4712554165777377 0.035094609984097073 0.3403364450375521 0.06338507801808835 0.9375082956507139
140.43 21.460532121793182 5.100699176227613 -0.44357928092985477 0.03510439704191589 0.322265534614961 0.06795869514067894 0.943554037807286
140.53 21.534460638979475 5.104247077806869 -0.4238469401285342 0.03308814354309679 0.3201318181039724 0.06710937388746496 0.9444136412244102
140.63 21.60478539655393 5.10228682523496 -0.4096029667979625 0.023856414270947632 0.32080359354475674 0.06000735962915077 0.9449418197207918
140.73 21.677243876760457 5.089197312154458 -0.3962495331675191 0.016839904053203604 0.3178525886391788 0.05638636163297603 0.9463121724614174
140.83 21.761577736859618 5.070123049747519 -0.3700677448850451 0.013309984654585676 0.310223337532774 0.053903036817084415 0.9490409831932535
140.93 21.834058637783773 5.049493986328885 -0.3256529450422932 0.012178714475060845 0.31371387600431083 0.048964305620644556 0.9481760277982012
141.03 21.913114330509938 5.042895601921186 -0.2932188223515543 0.006904587575644584 0.32358161529126805 0.0463414333723316 0.9450395422779418
141.13 21.979934124120582 5.0359062101721745 -0.264911361543798 -0.0005646773682426089 0.3346312285913665 0.04837587365695436 0.941106474761931
141.23 22.037837784578524 5.031988043198634 -0.24530724852269953 -0.007700302197393545 0.3443151242510239 0.05205633682645681 0.9373782258801842
141.33 22.104031493768566 5.034312617255775 -0.2272045193651308 -0.0078626329063934 0.34810571192482553 0.05395172536227742 0.935868475620118
141.43 22.177770688343013 5.032603023955063 -0.20502743550277788 -0.0025816085272112243 0.3514312269680083 0.05333963323010641 0.9346894198267413
141.53 22.253706176472118 5.040923861602621 -0.19070474820581726 0.0008347249098170467 0.3482933460027485 0.057752086757001386 0.9356044809852861
141.63 22.319255830645005 5.051742249012881 -0.17692719805516433 0.00397851938685308 0.34652522036637257 0.06310441743263993 0.935907193868074
141.73 22.383800941026315 5.05918191090232 -0.1679968317313882 0.002502630127280104 0.34384818066844597 0.06758450594942209 0.9365866217542393
141.83 22.444490944997927 5.063885507921709 -0.16529195417539147 -0.004767541723627153 0.3382958989606315 0.07465252783658916 0.9380619144704356
141.93 22.51205451264399 5.069644476387675 -0.1862472388188957 -0.013025568696964073 0.3509485925437641 0.09019894996966944 0.931949338417084
142.03 22.570834304990196 5.074618291191191 -0.2183513988478643 -0.020686448830850454 0.35774807529319186 0.10607912125174122 0.9275427782551291
142.13 22.63916357928656 5.074343181762605 -0.25496314194386904 -0.022483273269865704 0.35727761568277394 0.11354125626914194 0.9267985708232019
142.23 22.69020871693083 5.072764657466852 -0.2703739703810578 -0.036031093820454003 0.33707775651368377 0.12253732168555646 0.9327727221225619
142.33 22.738166880278335 5.090745129445853 -0.28883888296746074 -0.05447475975502364 0.3244740051416884 0.14409377258081224 0.9332663634999245
142.43 22.778747050552383 5.1270082139395035 -0.3083066772422969 -0.07630131088973469 0.3387505888993039 0.17471749868187184 0.9213576635222791
142.53 22.803874060331882 5.1731180822879725 -0.32907713867395016 -0.09796631796996533 0.33191106891602173 0.22153128876251488 0.9116806079837668
142.63 22.823315098911877 5.216434205955715 -0.3250162598846625 -0.111145310149832 0.3124795184923243 0.2788080342538867 0.9012598685118441
142.73 22.8287219138663 5.2583759854192955 -0.332785839018759 -0.11705789404786063 0.29630533952871907 0.3345416791017929 0.8868948416535094
142.83 22.835852532666422 5.306276608509142 -0.35363436781727253 -0.13527423242312162 0.28060551837317277 0.3773423726272819 0.8721090292623234
142.93 22.865987016618632 5.363507639411885 -0.36502634404528705 -0.16398720793514246 0.2961452561504541 0.4011239811791586 0.8511790261843862
143.03 22.894665056553603 5.407277142389441 -0.3919489901186454 -0.17866121560849607 0.3307200708017315 0.426546772461851 0.8226556118501653
143.13 22.897636934917443 5.465877465351767 -0.3832474668733084 -0.1767044231718415 0.3273579494237719 0.4624380489397196 0.8048374809074164
143.23 22.915128765037778 5.502109926737478 -0.36017185633343585 -0.17685093183897535 0.3367356652074684 0.5008831114124618 0.7774631492146372
143.33 22.93089862016655 5.5520054322901435 -0.3453224020237696 -0.19000835860666568 0.34306995205627927 0.5387734282654577 0.7456024575139146
143.43 22.949728644819846 5.594027552043609 -0.3014183937226223 -0.20123894093310374 0.3342098005353966 0.5787381499098557 0.7161486240419168
143.53 22.987563155347804 5.639997991786764 -0.2593459373357165 -0.20311000129890602 0.2976561549794292 0.6058639239241106 0.7092785394064167
143.63 23.010565446995855 5.676341946565634 -0.21640760801439918 -0.2157451649763536 0.2801019098185549 0.6199096940389774 0.7005061849418788
143.73 23.033187497897536 5.715893625086411 -0.20079002833746418 -0.23259794719824006 0.28015565190833597 0.6327012880720487 0.6834472077161122
143.83 23.05136442169839 5.7463136584485754 -0.17302129062239666 -0.23484948081170812 0.2756045957393999 0.653050742639516 0.665141004380101
143.93 23.067791466429895 5.76755716529043 -0.14241503389852883 -0.2221323821093386 0.263537434239653 0.6693379059126013 0.6581732243728432
144.03 23.076706610963495 5.828083630861371 -0.12788421172600867 -0.21728218454529877 0.2540038516804612 0.6692531866191415 0.6636043006271416
144.13 23.078126967114944 5.8708895933710945 -0.10999966769867846 -0.2233667078934694 0.25963210490004374 0.6579303537998604 0.6706907882614735
144.23 23.069343256899142 5.942776846708346 -0.10104167505083667 -0.22932993077504227 0.28125416704280076 0.6410780888227398 0.676256430951424
144.33 23.065570308536945 6.001335815008468 -0.06836435179649475 -0.21321003986623038 0.2827007467802416 0.6315132765600989 0.6897918151141417
144.43 23.06536509432154 6.063189628587341 -0.027109131974599812 -0.20227743742848875 0.2828396636248847 0.6335876255821293 0.6911239278863996
144.53 23.058454926571052 6.121128050835169 0.008438180818853211 -0.20379639019671472 0.2838401383942738 0.645453909532923 0.6791841118929192
144.63 23.066183878046683 6.17734297505738 0.03429082596986913 -0.1991803047668806 0.2725943742868586 0.6581977625705552 0.6729006008670552
144.73 23.086149511307156 6.237260656908942 0.051628049719646886 -0.20302291969115055 0.25805950033258407 0.6635977287407522 0.6721793233790317
144.83 23.10162730058482 6.278124797461669 0.046260447071048254 -0.21603579066445608 0.27117802092951987 0.6549829232813286 0.6714077660606685
144.93 23.120771305765526 6.318223878864659 0.059529058975900113 -0.21489400650493365 0.2841233134698741 0.6494922047775264 0.6717547057106372
145.03 23.14021383862745 6.374158684813636 0.07251116770712819 -0.18353695650917748 0.24589318864894077 0.6473911155227169 0.697664295283668
145.13 23.141082274586775 6.422948989153133 0.033979031362383984 -0.19605278402871842 0.20516863212345193 0.6387029186897581 0.715211660925886
145.23 23.137080212389392 6.4839615678432905 -0.005309298509884396 -0.24341293824106763 0.23817619617188668 0.6246583978663005 0.7027262105891937
145.33 23.139221438058552 6.534475962044483 -0.03592569051451524 -0.24386074802979954 0.21443858663099782 0.6201983844016826 0.71407422031578
145.43 23.135587770615523 6.572998545371088 -0.053960464821779804 -0.23984991859081958 0.23677044729315583 0.6152793185824735 0.712631133171477
145.53 23.12120847309695 6.624984380248935 -0.06311665299960291 -0.21702516688678025 0.2260681398838358 0.619304946712479 0.7198990596220287
145.63 23.08592119618316 6.665673093051466 -0.05424453939857144 -0.19950536677994377 0.21569026658445095 0.6273639931583557 0.7211724742494902
145.73 23.06898378223247 6.703855308013967 -0.07445688831574829 -0.21245549617497347 0.281272048667437 0.6235041376500348 0.6978476102393383
145.83 23.04750318826812 6.743534874721709 -0.09131911136995055 -0.19436296852284962 0.24046698455899043 0.6283245306663814 0.7138675997458938
145.93 23.03219998875036 6.767239797958512 -0.08986141012178057 -0.19789561232969538 0.20406474043166112 0.6364840186617615 0.7169958175062029
146.03 23.025908374483606 6.769652804295506 -0.09804525544416566 -0.20294926941037983 0.20532710184884323 0.6425365880623122 0.7097880728029956
146.13 23.017807971422677 6.787374943096813 -0.10653222335722096 -0.20941086058652422 0.1808988630294859 0.6465414236693895 0.7109197425185277
146.23 23.01068994573062 6.787655496936024 -0.13417822300925378 -0.23834031756322513 0.17421235175992345 0.6536456658072849 0.6968438082450679
146.33 23.011377607256954 6.784103033655097 -0.15675950344804088 -0.2787098273560727 0.19758062204226243 0.660187892258651 0.6689055814116224
146.43 23.010382269508792 6.806549039637126 -0.16850160626290234 -0.28528922698518866 0.2055543787762802 0.6609479740761534 0.662951906171722
146.53 23.01671184649819 6.811207672462046 -0.16745715875070163 -0.27196363210601954 0.21371651515017015 0.671281735424094 0.6555469972853095
146.63 23.02383015042487 6.8105031911509855 -0.15054446523139492 -0.24127623428598113 0.21695987942163483 0.6889613872535962 0.6481098644240237
146.73 23.031453283171658 6.828387965180572 -0.14512901612922793 -0.2178861175315243 0.2080248661023726 0.7005610879202591 0.646889060784082
146.83 23.044184315644554 6.827812982025885 -0.1355439848248984 -0.2180855893815511 0.19402108141627222 0.7003828566484366 0.6513511723971467
146.93 23.05546196461287 6.834408924187603 -0.14352172452201237 -0.23960495431122256 0.1987036817489205 0.6798544783905026 0.6640061753789029
147.03 23.074894840110925 6.846401426979073 -0.13836408857468552 -0.2548973496787754 0.2106287294032153 0.6502379588554001 0.6839981552170198
147.13 23.104600380777025 6.847733342080855 -0.1262404101453789 -0.2587357314159295 0.2116426506425175 0.6433335541119156 0.6887562325463228
147.23 23.123904078129403 6.857887217957333 -0.10303460825672185 -0.26824672818337314 0.20125521555042095 0.6550126770319291 0.6771251169172022
147.33 23.12890672637769 6.850220857121221 -0.10158989202981791 -0.28488435924886774 0.2208443222410119 0.6575878591713794 0.6615488603721362
147.43 23.140175509568426 6.851462863290948 -0.09718045414776774 -0.2800099199929225 0.21465739583394236 0.6554026850352769 0.6678053365823733
147.53 23.143056769181328 6.855859731171509 -0.0824102925237592 -0.28225482154567005 0.21287940696964358 0.6519073816467579 0.6708437519698185
147.63 23.145256130040405 6.860018798174467 -0.07916491303729421 -0.291983559336946 0.24482573540806243 0.6452269796062627 0.6621843437797431
147.73 23.14370407529963 6.862550616183742 -0.0774628899148779 -0.28183522034868796 0.253378364481367 0.648171054961092 0.6604866361209583
147.83 23.139091390466564 6.852053819541414 -0.06405562166060089 -0.2639157946508783 0.23019213891365833 0.6634405791548443 0.6612160240396743
147.93 23.119181034399862 6.842621808595776 -0.0669720329576718 -0.25259659254358685 0.22937326756867324 0.6737211421563191 0.6555018597775478
148.03 23.11373824553991 6.847156574450922 -0.07508592375852101 -0.25237033189044683 0.2792158091383891 0.6645992594128756 0.645488630338721
148.13 23.10613286537155 6.842427184333019 -0.09061856221770735 -0.254546894493309 0.32867998673413534 0.6534530369096203 0.6325934503121696
148.23 23.10069540007264 6.832861600449999 -0.08867121525510191 -0.24888525840240952 0.31218222405476126 0.6559665601491216 0.64055152727967
148.33 23.082972395958965 6.824478827710514 -0.07059736021849934 -0.2406584706013924 0.26703282104355636 0.6589712674931397 0.6607070770256692
148.43 23.080197904766653 6.819047019955465 -0.047543039428837065 -0.21986449959995277 0.25378510530079945 0.6517827715755969 0.6800234854917571
148.53 23.07806137675279 6.823636733440708 -0.03422074144823703 -0.23063701526648087 0.2770271128114437 0.6327527428452132 0.6853367875564423
148.63 23.071813290618763 6.848707409486835 -0.015390003346412863 -0.24552395286042317 0.2855210201403412 0.6126270736167401 0.694898412936453
148.73 23.058953977502416 6.857767049583231 -0.02399007701811391 -0.28940469504528993 0.2681508167525792 0.5955007113512115 0.6997992317378383
148.83 23.031314458006598 6.860682266095574 -0.02823019141777252 -0.32085845211414044 0.23237028283885722 0.6021232575886761 0.6931821463591717
148.93 23.016433881439855 6.881312218235129 -0.013643899362073109 -0.3084433278512353 0.2124246640092631 0.6132198763758191 0.6954853404941274
149.03 23.011316316321487 6.893583069105921 -0.01014905647762672 -0.3026140639725635 0.2574379048353064 0.6273257421830586 0.6697856870928879
149.13 22.993609409930848 6.913793428446253 0.015135757173647606 -0.2878804584322822 0.2546427087583794 0.6494150657620151 0.656156997135847
149.23 22.984375618745958 6.93408685879394 0.021926282582961396 -0.2886215362904521 0.23800868918633772 0.6553572849433482 0.656167891421718
149.33 22.98043794717327 6.949746113881342 0.03690617202174381 -0.3027751599160562 0.24158152749273062 0.6493329897776603 0.6544709592476129
149.43 22.98184908739515 6.982176368858782 0.06837127990983151 -0.2986294551997622 0.2313529713116546 0.6468739730714094 0.6624577828927453
149.53 22.982653249473046 7.009619939340364 0.09422656588020886 -0.3005562196391553 0.2276651775374525 0.6457964041247963 0.6639137972602639
149.63 22.97817729509703 7.0348380170097515 0.13354628625742415 -0.2990970380501869 0.22544269711410264 0.647822694227638 0.6633568489065056
149.73 22.978695591779413 7.056539411343364 0.16417283787993597 -0.30359411615828563 0.22131289422067998 0.6527032656285909 0.6578979119312576
149.83 22.982828686338255 7.077934706997554 0.19465828491104428 -0.30109451293537065 0.22405655479461753 0.6655862815373319 0.6450857744231274
149.93 22.986365515958703 7.096840587410224 0.2264715097165469 -0.28191996351569265 0.22721698810761337 0.6831721709832592 0.6341682420940327
150.03 22.99761248052982 7.131837356456056 0.24462250591687634 -0.2708682918986561 0.23163939013535298 0.6905905655872946 0.6293315756447049
150.13 23.002252937402083 7.157314702986324 0.24028341152765886 -0.2649801450956891 0.22566265077924455 0.6844504588021001 0.6406164688750571
150.23 23.02384675668273 7.21621885324784 0.22810412553708095 -0.2843418458263564 0.23936367082190776 0.6727149964953906 0.6397728356947712
150.33 23.036534758629013 7.264552428480328 0.22503554158128697 -0.3202379465595328 0.24831874890190553 0.6608229106497251 0.631742461203576
150.43 23.06588896945007 7.307476845590392 0.23621021597270508 -0.34376794345978806 0.26908289233388 0.644366369392617 0.6278614338358736
150.53 23.088245677154283 7.356651589917582 0.2634780338740472 -0.34269711813100817 0.2859330465343362 0.636513092884886 0.629008792236175
150.63 23.09853348697114 7.396917136331958 0.27930692826183173 -0.3385415456010618 0.2815837621740069 0.6430466935571616 0.6265709510400066
150.73 23.08739852178946 7.432384836464028 0.2954268293379456 -0.3297768724326692 0.27295417417760537 0.6540219832205352 0.62369742557736
150.83 23.07451245116875 7.475687874424665 0.29942788295115647 -0.3276581580361389 0.272020161727981 0.6584869601046156 0.6205159840471721
150.93 23.053153868242656 7.511940396464638 0.3024647582528539 -0.33799513650500507 0.2597886201310334 0.67057125844174 0.6071271266392548
151.03 23.02644611398831 7.543312727421876 0.2962774465937993 -0.35196487398530113 0.24269883518007554 0.695270544952098 0.5777688743820997
151.13 23.00380398448391 7.593548905507098 0.28770797807537013 -0.34560557593463964 0.2324446791744787 0.7211974872274245 0.5535344988554991
151.23 22.99634829817827 7.6611176282013655 0.2924522836812655 -0.32898148401373095 0.24645916736190362 0.7308455978047351 0.5448795960291043
151.33 23.002092269992907 7.7333464389762545 0.2756358541562075 -0.34439028592738646 0.29044805783363076 0.707066615348038 0.5450615177388644
151.43 23.02267688398422 7.810693948021117 0.2469372217161556 -0.3633087913283832 0.3254465163498089 0.6789700663792185 0.5487175376277694
151.53 23.04581312911523 7.884123606271341 0.23773875947827716 -0.36202124974978417 0.337852883096453 0.6704487091267288 0.5525346799462655
151.63 23.05991785395261 7.946193349213735 0.24035154427280253 -0.35479533585609735 0.3404572148285868 0.6773114638800624 0.5472278642600059
151.73 23.079153218718844 8.026063337777881 0.24131749119674145 -0.3451416629368049 0.3402450872431047 0.6842054857269046 0.5449526276781861
151.83 23.103941203129903 8.098633418211488 0.23789124901735886 -0.3476336275605151 0.3486165462178272 0.6781145853291478 0.5456903644523592
151.93 23.13111881559908 8.175393577342264 0.23383859617089173 -0.35347907563011244 0.35521832145776044 0.6708139140733057 0.5467002651161458
152.03 23.159498989364234 8.237204010252691 0.22930871665980257 -0.35765310442583165 0.36075075265745793 0.658754946090295 0.5549640279812877
152.13 23.174006824611883 8.299160115107686 0.23057901494489474 -0.3572812045043065 0.3566042686032354 0.6489744478572743 0.5692237719475964
152.23 23.179656603901076 8.367963485940493 0.22633251177131236 -0.3481029999063035 0.3437170840936662 0.6433815091426617 0.5888489630216655
152.33 23.186172879902397 8.429466295044648 0.21475749236922728 -0.34265545592672425 0.3392734012901188 0.6379578033224435 0.6004087265194314
152.43 23.181089404264572 8.490085050132077 0.19098937600369115 -0.3391360580526716 0.3288208676707062 0.6378714403499994 0.6082627694496813
152.53 23.183239238090625 8.56593728014885 0.16622078547795466 -0.33002087666884816 0.32202168901762157 0.6386239003924573 0.6160744813839379
152.63 23.17465924693062 8.630982164328222 0.15163322215233177 -0.321539583830194 0.3266237790810236 0.639885303882711 0.6168273671328688
152.73 23.157418351620954 8.711738114822145 0.14773193235729842 -0.31619807557298546 0.3285686390800951 0.6467648696516429 0.6113563852627109
152.83 23.134969893905602 8.779615674812577 0.16467047692223352 -0.29922495245124026 0.321477537323079 0.6586082216826742 0.6110252295603079
152.93 23.126210026163523 8.836314089374813 0.18775729533342644 -0.28016235844779064 0.30509080668576555 0.6701742573911306 0.6158693995605296
153.03 23.1142267915486 8.899660934854937 0.18780146747183635 -0.2806948205267685 0.30816187124373473 0.6707957011180455 0.6134165030405971
153.13 23.107395664305113 8.960319677878692 0.18770920356071552 -0.2812372236605428 0.30338914577595477 0.6724388769600097 0.6137479995941391
153.23 23.104312858628706 9.024920055319633 0.17249148576943485 -0.2813908059973456 0.30111376696989706 0.6732547306627935 0.6139037231370503
153.33 23.109171422956006 9.09286496360939 0.16042209436832083 -0.27660698001480793 0.29166201452899515 0.6757575814159255 0.6178782558456599
153.43 23.11745652514717 9.174504483818573 0.15147155993308634 -0.2722738312609183 0.28288726998867625 0.6792573262642805 0.6200413195950376
153.53 23.1319657816469 9.249206527844187 0.1667416235563013 -0.2749891431001047 0.280652671067696 0.6782832456627695 0.6209242208617866
153.63 23.147894793232165 9.32340550474325 0.17004424826225592 -0.28348266547543804 0.29025313588877827 0.6714980849652882 0.6200653331461308
153.73 23.15768883914352 9.3934845389599 0.18454269734349948 -0.2724843712438389 0.28070332693323147 0.6734260153747957 0.627260162526595
153.83 23.159879915095754 9.452702732766271 0.19105797100738187 -0.2697679802218638 0.28058039762580866 0.6720869069909801 0.6299198891656438
153.93 23.163302473511955 9.508750599802834 0.18755758193690664 -0.2716245444744231 0.27890301033496545 0.667043097140346 0.6352060486350639
154.03 23.167272029294505 9.570808323287373 0.17980683866888325 -0.27312604346112707 0.27462774369336046 0.6613055245652802 0.6423836625853773
154.13 23.163709048055395 9.634134123213373 0.16376433077347627 -0.27135831198054483 0.27606539370927413 0.6558374994392995 0.6480970137598381
154.23 23.157607182700477 9.706317134954036 0.1502088933028076 -0.273836327205609 0.26985436533902313 0.6533425109815312 0.6521777754219807
154.33 23.143451056944105 9.797655327773992 0.1447709430393192 -0.2857007933392468 0.2632763328954279 0.6487995979110112 0.6543085747359354
154.43 23.140628377335034 9.8723636502002 0.15478125729851738 -0.28923595506987 0.2755527896861444 0.6515333569883315 0.6449166668047269
154.53 23.13057203553532 9.943960025392581 0.18258322034035668 -0.26774540290372845 0.2760250994828919 0.6639326729656837 0.6413391844009085
154.63 23.130591731591807 9.999888122707997 0.20352962282746484 -0.25198860500491016 0.2648568213126514 0.6713741128395533 0.6446777549758798
154.73 23.129251734562427 10.063654447743483 0.20626579997677075 -0.25217184182232744 0.2594399035284293 0.6700920102915735 0.6481334711249622
154.83 23.133761982512567 10.136437910131677 0.1992849211330914 -0.2582593755291879 0.26020417441571114 0.6720767581368792 0.6433573763781179
154.93 23.136086365948948 10.218457132423808 0.1876438253851847 -0.26295300442508535 0.2673145326512392 0.674612741088659 0.6358429897845197
155.03 23.14316047268509 10.299081984138756 0.1880972692712264 -0.26866471943913994 0.2644498992238871 0.6695016766869805 0.640041423848868
155.13 23.15063166684192 10.391550373781302 0.20653706566590563 -0.2712719874884 0.2560536418421474 0.6632699938585334 0.6487842141655173
155.23 23.155181050570757 10.462304930389143 0.23022243533674505 -0.2740862443962129 0.2547723916340745 0.6637245538594478 0.6476399275044045
155.33 23.141268275206038 10.538230440871935 0.24088086020398924 -0.26977407098091405 0.24958055580223104 0.6752568901540958 0.6394995145355886
155.43 23.12982619219975 10.616544488127067 0.24658481333701665 -0.26406062980150785 0.25261652345372726 0.6772565030253729 0.6385769373981701
155.53 23.11657017377066 10.687709999831501 0.23991902191408027 -0.2674731000612381 0.25806255100257347 0.6706421203762334 0.6419509380715513
155.63 23.103934237762004 10.77230204426091 0.23750151464116398 -0.27312705014163596 0.26281312515168653 0.6609230846630982 0.6476971143121972
155.73 23.08411199989879 10.85289804196218 0.2531692419335539 -0.2658578785629766 0.2617646907445113 0.6601314068235533 0.6519396910839073
155.83 23.067547826283498 10.925136056953953 0.26418193659565825 -0.26107560821352604 0.2774837763528946 0.6576487491935524 0.6498772217434845
155.93 23.064574098235795 10.98498189029667 0.273430228067559 -0.2590731043809144 0.2699871696551978 0.6564069013878224 0.6550710149429975
156.03 23.05928695974398 11.058688913223982 0.2577627914186658 -0.2652453134470598 0.2775265059138961 0.6491300185597673 0.6566994603425462
156.13 23.064104698117134 11.12108759077305 0.24417339533819188 -0.26933859968298324 0.2798893211196171 0.6493856056903575 0.6537713834102691
156.23 23.068492798766083 11.18870623346831 0.22672936124908566 -0.27309694704326953 0.2841610827424117 0.651484829832553 0.6482577057531637
156.33 23.076184448146652 11.264603590385123 0.21850775750273577 -0.2750453482818835 0.28357831291585167 0.6561773253694367 0.6429344558376919
156.43 23.08635217639154 11.35188856870296 0.2194881729802925 -0.2719704666580513 0.2744165601493326 0.6596765089900367 0.6446351838585352
156.53 23.098688106508636 11.42662981980427 0.24556296550123072 -0.2702503408924763 0.2616453750158728 0.6597588861224085 0.6505571943824944
156.63 23.099824182822452 11.498471547950812 0.2596277665670292 -0.27411716553046256 0.2506051073667664 0.6601812625552219 0.6528533987766547
156.73 23.099241208972387 11.566083436474612 0.26770341987147167 -0.2694765754250161 0.24457230662459678 0.6683436613927215 0.6487553563599311
156.83 23.087836665821456 11.615961446737854 0.26536640004384066 -0.26922941579102927 0.24925052268112968 0.6752160023029914 0.6399008117278581
156.93 23.08113105065583 11.686089633722807 0.26527962188834875 -0.2673521048200863 0.2549584128980539 0.6744989818114316 0.6391949493512266
157.03 23.07435902694445 11.762095125187946 0.24807245408734924 -0.27470239835294075 0.26299451069031093 0.6677366328025494 0.6399220803343322
157.13 23.05953326425012 11.837437930876856 0.2455354068051397 -0.2660601885141326 0.2647162659588953 0.6648433292585841 0.6458487610617254
157.23 23.047296206577048 11.91576293347735 0.2569047077867098 -0.24643266717564238 0.26229345565467865 0.6659094179724785 0.6534812397651375
157.33 23.030825429143068 11.990899282778628 0.2569288389467573 -0.2487773065622524 0.2766906843195125 0.6567177803717333 0.6559526460759609
157.43 23.022959497430925 12.063272796760948 0.2536597918004427 -0.25449359949777417 0.2841279152171313 0.6414562862016987 0.6656111240817401
157.53 23.013738472378254 12.11817886695152 0.24110610053988632 -0.27053334274137375 0.2929631508849889 0.6319474118516265 0.6645500517965132
157.63 23.01292359962245 12.175009242679772 0.23932627279433227 -0.271626167747305 0.2963129548925976 0.6359533739801244 0.6587724674582466
157.73 23.012610270611336 12.226794106475092 0.24920058516858215 -0.25966322774342226 0.28610120521721805 0.6490027972832603 0.6553750663929977
157.83 23.010760892673677 12.293096987605914 0.23412403254058778 -0.26230173978656796 0.2837229054090386 0.6575400713415889 0.6467922114800794
157.93 23.01561573611255 12.360714940743808 0.22992817559566647 -0.26033765321569546 0.2643441767000722 0.6711196538055734 0.6418293175282604
158.03 23.027587012787457 12.43053953811407 0.22590854096183793 -0.252218365932946 0.2440528508946811 0.6923026235968451 0.6305086670436958
158.13 23.041335452329253 12.499328671666582 0.24256575895434335 -0.24873423725949365 0.23170598173509452 0.7061156792346274 0.6211636376850587
158.23 23.055782285217788 12.578846063030499 0.25711879583987013 -0.24933345286197248 0.22239317606888978 0.7032392528300004 0.6275576928068217
158.33 23.07052214603434 12.652485204563282 0.26967789453381574 -0.2536860570054106 0.2203567553824119 0.6974853268733329 0.6329300937977143
158.43 23.07846108183362 12.724826171715238 0.26060966869133717 -0.25494483851976135 0.22777776546391323 0.6933384226329719 0.6343518350042205
158.53 23.083563557836396 12.79053572349784 0.2621465578005598 -0.2512938579670086 0.2332288323189954 0.6904625842905437 0.6369592831712235
158.63 23.084366164985756 12.861653131415483 0.23768810185630063 -0.25924083033351975 0.24688852945710663 0.6845299231668467 0.6350267948674968
158.73 23.07642551302839 12.932457682026234 0.21067085396746493 -0.2588772169184974 0.2557250088835064 0.6800011223385525 0.6365420488941583
158.83 23.06713369134591 13.014583785171396 0.18896670285930497 -0.2527468964453596 0.258796104971852 0.6737275494428601 0.6443871286038817
158.93 23.049143600094407 13.090109188258186 0.19061787158363674 -0.2515024583093856 0.2529665585018687 0.6683100511951189 0.6527756959443526
159.03 23.038213317460105 13.163661748508686 0.2162430585097141 -0.23411730797865768 0.24474535488137816 0.6720787091450297 0.6584823506235876
159.13 23.03052272510181 13.230798159577681 0.2440771834616281 -0.22046884208578338 0.24446588358578308 0.6758553787273737 0.659431140057288
159.23 23.021619522936433 13.291412979975357 0.24878570806427808 -0.23015921317529217 0.2498355388370238 0.6789553258687925 0.6508675791579622
159.33 23.024964030992635 13.360149735190053 0.25714869706504767 -0.22913597601618957 0.24808100480950437 0.6835369779548222 0.6470932848640942
159.43 23.032569404505967 13.421682142233118 0.2586299650878087 -0.22843402639448213 0.2534396051058955 0.6853408486443493 0.6433460836349407
159.53 23.039927459402406 13.485997658685111 0.24721050673949943 -0.23233099663516196 0.259287120461871 0.6856570677637102 0.6392705863644711
159.63 23.05702128491368 13.562268314261534 0.23098395796639967 -0.23361704818273463 0.25533117844615627 0.6836038614249621 0.6425844884188882
159.73 23.089027139045402 13.657867145187184 0.21263481206219859 -0.23823880810943862 0.24938756817678934 0.6802669130813827 0.646749594600714
159.83 23.11848224463675 13.754919498787938 0.208643605050207 -0.25536770586594637 0.26186674173471786 0.6711714411556711 0.644780614589975
159.93 23.14605312907498 13.831679123739 0.21108727253286164 -0.27278806001232225 0.2600340369879198 0.6648625343209056 0.644923859365477
160.03 23.160744458789544 13.885569597768342 0.2394072127878493 -0.25629204071357475 0.24285803858918983 0.6780176505597565 0.644690955798909
160.13 23.17143699269183 13.932451667631176 0.26308428106066173 -0.24390535478523712 0.24116677149021506 0.6946171629538904 0.6323414925228
160.23 23.17664825798599 13.96934473686281 0.27914185717502926 -0.23736230212867684 0.24479610405950922 0.7031559583487378 0.6239436698966733
160.33 23.18438222835421 14.009677958488698 0.2767347520585191 -0.2423207222982452 0.25597713762102436 0.6962372413077124 0.625307985217229
160.43 23.185416770385913 14.058661883229762 0.26112198864803116 -0.25703068282473884 0.2643192906949268 0.6810874040457247 0.6326061086516911
160.53 23.18562077658182 14.099825260754145 0.2592272690631785 -0.25760778424685327 0.26016954375832274 0.6759223393591436 0.6395928620233935
160.63 23.18384005293885 14.151732506438414 0.2472516859190282 -0.2643303616972716 0.27503353226466304 0.6706706354479367 0.636150072516598
160.73 23.174203769862952 14.213485172220436 0.23775082921900287 -0.27241944726950845 0.29111020393680465 0.6648748582868355 0.6316517369019956
160.83 23.159891048971247 14.260016028003712 0.2452051118141837 -0.26757615730293927 0.2870277940314628 0.6632662836882002 0.6372565279531225
160.93 23.14870177754486 14.302759706940385 0.2722477616119216 -0.2436103109206536 0.26140016911631925 0.6711904176729181 0.6494824025507975
161.03 23.136992719617886 14.351891486747176 0.2910774098079973 -0.2353151078292738 0.2569850384620793 0.6724019847775843 0.6530398616478983
161.13 23.132427294175347 14.403711882459092 0.2894196667138485 -0.23624478439383076 0.25639305855793815 0.6701323021160137 0.6552661284018196
161.23 23.12508889168822 14.454171338077238 0.28302236447926843 -0.24085292234602027 0.25203876341883513 0.6703991002519615 0.6550048686178195
161.33 23.12395032077414 14.519980712664479 0.2739743202625739 -0.23788310428124743 0.25114764553070235 0.6720426657341979 0.6547481533191026
161.43 23.126844315447848 14.59706879080553 0.25838918503302183 -0.23975952073847395 0.24996594903030217 0.6700245934640461 0.656581632924633
161.53 23.136007617729536 14.689265904816175 0.25187621185682035 -0.24222010673415934 0.24746024552101933 0.668294172782654 0.6583887494521131
161.63 23.1524576516984 14.782587098942216 0.26593945281704745 -0.23554209847327173 0.24576768414246997 0.6664877003956392 0.6632588563294027
161.73 23.156573787106023 14.859700449503698 0.27605299766926344 -0.2414740334483513 0.2499966568648222 0.6617377204564805 0.6643004983075489
161.83 23.15756619532307 14.924809179064283 0.28988699173946897 -0.24276245622165307 0.23626533965091387 0.6720705380070693 0.6584574937471337
161.93 23.146389921862095 14.990611657732789 0.2783917236228584 -0.25061017972811517 0.24613930482183655 0.6755843004422423 0.6482251410076834
162.03 23.140448635056394 15.05570497037138 0.270184338680228 -0.25324692870641313 0.25210116094752083 0.6715793767244567 0.6490702107692753
162.13 23.139695125823035 15.12221405380536 0.26901440683797434 -0.2519891002805799 0.2470572374840939 0.6704791984641332 0.6526268912429258
162.23 23.134040422166436 15.1914332608874 0.25344627248725937 -0.2587904939604941 0.25873515557598886 0.6662575256880003 0.6497572692697297
162.33 23.12514843830583 15.27094326445529 0.24853343492607025 -0.24936912822578297 0.2570978358711753 0.6646796631578903 0.6556803230710717
162.43 23.11331313926566 15.34262623223575 0.2665582268148359 -0.23376325465389505 0.2384927070613323 0.6683422702010845 0.6646762966396774
162.53 23.110447190157753 15.413483948179968 0.2802763735521232 -0.22487770435974294 0.23562907189565577 0.6662364627322369 0.6708486672011214
162.63 23.12278504230799 15.479861494808903 0.2828996379936541 -0.2158059464112633 0.22863749899434718 0.6613627995497005 0.6809933442545026
162.73 23.142389084106153 15.542456362403513 0.27214328789504166 -0.22459412309598445 0.25084714685982673 0.6446576436354916 0.6863306136880141
162.83 23.172296899677843 15.60338772563962 0.23893494535203152 -0.23396858733954015 0.2863191479177353 0.6253177828818814 0.6872100960300934
162.93 23.183205491814803 15.65348082818646 0.21829767625544622 -0.23275958515711354 0.3015797542961167 0.6065585684234482 0.6978247132255201
163.03 23.214550077467095 15.722882604248868 0.2072131532706436 -0.22664468785763006 0.3090702885122846 0.584122096280829 0.7154782448553838
163.13 23.227726673055137 15.78923644927668 0.20727832770857743 -0.23158404390811949 0.3155954705984001 0.5677429185670002 0.7241797483787857
163.23 23.234326479615152 15.867201939811777 0.2181219949096338 -0.22973964336888447 0.29845115101946934 0.5607420473449468 0.7373703025341402
163.33 23.23584544639163 15.941123975691314 0.2244012091420523 -0.23048214074480483 0.305430069460145 0.5532532778890681 0.7399332848117217
163.43 23.23675738604236 16.0059619930276 0.22202400987777351 -0.23883697038452828 0.31758400488504945 0.5459619768762352 0.7375790271042868
163.53 23.225982182077356 16.07669820936538 0.22119053860416643 -0.23831658976006842 0.30721207137793294 0.5487468085589625 0.7400695145330366
163.63 23.212136532972153 16.157109387643473 0.22130097219044187 -0.23486652322833113 0.31562625246976983 0.5619919353185884 0.7275870048697906
163.73 23.192115586231903 16.234824874792817 0.21786446909688756 -0.2311223044429481 0.335823733256371 0.5815804145250625 0.7039667051868231
163.83 23.164248536833394 16.31263214676764 0.2297432044032293 -0.23068332641207326 0.345865897900898 0.596755475199746 0.6863270986955067
163.93 23.13005789304579 16.399169091022397 0.2662590830863597 -0.2332167522766875 0.33533930556495906 0.6137807966729463 0.6755964995737089
164.03 23.10810232159994 16.46212696125655 0.2928942729125876 -0.24650011711613373 0.3398107554207842 0.6204861560523304 0.6623920839725452
164.13 23.09312567863773 16.52796698833948 0.31740941597226 -0.26135675654459556 0.329158155878416 0.6280633504566648 0.654892343855353
164.23 23.080249458596725 16.5949355102769 0.32545568218644816 -0.27108184353083215 0.3097972843191391 0.6374638082358861 0.6512911560322414
164.33 23.076567671646416 16.65793683906097 0.3285974931545668 -0.26955136024427634 0.2913613741640489 0.6456611836817471 0.6523589883816907
164.43 23.08325871088564 16.725854054138672 0.3303714774630776 -0.26854791615676404 0.2772565507158381 0.6499088244206327 0.6546979011370108
164.53 23.095021670546956 16.804237184390832 0.3257218355276655 -0.2770161238481796 0.27029081050404885 0.6522552573549965 0.6517422988712346
164.63 23.127665945796423 16.90356394319022 0.32113783445290517 -0.2694257261197738 0.2604047357633922 0.6568769392283805 0.6543025587652743
164.73 23.159152405679222 16.98570652417086 0.3185537023628234 -0.2744283109984559 0.27762651693049795 0.6495057996414267 0.6524989160540619
164.83 23.18774620208302 17.058411948025128 0.32302217481640244 -0.27823972495754473 0.28133298427011344 0.6432574869297646 0.6554801392307975
164.93 23.199827731332647 17.119813885879303 0.33561192538631446 -0.2748192371411453 0.2761597890365287 0.6479368398029819 0.6545135670424136
165.03 23.202522824651155 17.17254918274845 0.33729608506265746 -0.2736324079896454 0.280527041159124 0.6522929356047211 0.6488018269367546
165.13 23.197477559854963 17.225662022048375 0.3294521773308106 -0.27995244955560944 0.29266586325176197 0.6523234883680553 0.6406616774852749
165.23 23.198595501355584 17.29427081202892 0.3261473452770123 -0.2811595996294925 0.28993116919696155 0.6491426494570236 0.6445952352602229
165.33 23.190839656856237 17.350820193544607 0.32692310064081803 -0.2848766939354024 0.2861616760407402 0.6389784167229461 0.6547238710939343
165.43 23.179265171534723 17.420957262455232 0.3298911858760365 -0.2746298374591786 0.27098015994065416 0.6368863658740137 0.6674758139883983
165.53 23.15652380095039 17.498301004525054 0.33604464977796944 -0.26918383371803356 0.2710094245044507 0.6396841531486561 0.667006851317972
165.63 23.129844446251358 17.573619094096507 0.3502342553899436 -0.2654685289475387 0.28215200819789193 0.6456057373004438 0.6581108845575165
165.73 23.124477714412578 17.638696363866266 0.36076940380363154 -0.25022559699668057 0.26862822678123655 0.6533653964230938 0.6620722657995252
165.83 23.115932925861305 17.703346007943757 0.359004573485751 -0.25771719548996336 0.27920791117671234 0.6510907005087436 0.6570431410464298
165.93 23.112845716970906 17.765663655755375 0.34422817139859174 -0.2598959916293385 0.28110758509522277 0.6533080612224996 0.653162442489335
166.03 23.115421676884367 17.830689539385986 0.3324777717673638 -0.2577521127406011 0.27893495296190735 0.6591122012530314 0.6490995659783472
166.13 23.12004786118885 17.90037214192964 0.3180065187789404 -0.25464514096102175 0.2744032987556118 0.6661463117005353 0.645064162099208
166.23 23.131423840008463 17.975681081269826 0.3127845752296197 -0.25100767327716716 0.26141780808819215 0.6722465514896037 0.6455543753865229
166.33 23.154564692124413 18.057762533208916 0.31585708859056527 -0.24458202446392557 0.24748167792993112 0.6762726190898871 0.6492979262768503
166.43 23.17439714573229 18.12637514418379 0.33819450975191234 -0.25358680608008827 0.2494530264077278 0.6703543307226907 0.6512234567945618
166.53 23.19474590386044 18.179528714617668 0.34421174054547415 -0.25471986729923535 0.24185767072763845 0.6634043180859666 0.6606946095270908
166.63 23.209766510831336 18.24608403099723 0.3566323172567413 -0.2576496629673739 0.24419284863418994 0.655199937611319 0.6668579650891499
166.73 23.217044158566473 18.310876427625395 0.35737070945816 -0.2777432661154926 0.2813088659308356 0.6416383381855755 0.6572855110579107
166.83 23.2263718006269 18.370790306672834 0.3577143793429053 -0.28094700236568276 0.2962420770467588 0.6396275465058773 0.6512956436209527
166.93 23.22579289290206 18.433904019893316 0.38485586035148733 -0.2742529649166461 0.2846241686632841 0.6420792987127296 0.6568931176468001
167.03 23.225923735416078 18.509264105852967 0.3954517844291481 -0.27836641623011066 0.2846932108485013 0.6369115433040947 0.6601557392145977
167.13 23.22195680170281 18.57773557766811 0.39735673995412457 -0.2827695072825333 0.28889708040410406 0.6310869045035546 0.6620492441271264
167.23 23.219566977612917 18.661746227612674 0.40126734129771524 -0.2695314496687956 0.2839681141201154 0.6326824692054818 0.6681525282168416
167.33 23.215878295928363 18.737367670538596 0.4142403095408601 -0.2539161430717718 0.2908668637655509 0.6394539535684356 0.6648471261248295
167.43 23.22023403580251 18.823025996067667 0.41861836777272404 -0.25402244307064875 0.2943534172549987 0.6428099032702106 0.660018251584353
167.53 23.229455518067592 18.903786672912624 0.41763613866209454 -0.2586865528075064 0.30277871513120835 0.6410196218187688 0.6561251111666024
167.63 23.24775629112353 18.987991603703527 0.40845503798152577 -0.25671087566956335 0.28871521251351556 0.6441075588121483 0.660203381585778
167.73 23.260963329948417 19.084831400998 0.3927440239297906 -0.26217406844052965 0.28151301421701946 0.6494088745422011 0.6559598267650394
167.83 23.265737512335 19.178127304202526 0.3842078310864683 -0.27288285020785036 0.2853309971830132 0.6523334041455577 0.6469793674800269
167.93 23.266491602519412 19.27075256348065 0.38964565566551673 -0.2850047525434532 0.2839713948681764 0.6496464594314232 0.6450519480417708
168.03 23.264952424305022 19.348164895695394 0.4015205309693652 -0.2889127059182227 0.27597812875927097 0.6587799317258218 0.6374751150914547
168.13 23.252915216287672 19.42355087045935 0.41075664693401914 -0.2945182627839556 0.27672987697116386 0.6704757002084938 0.6222072833937059
168.23 23.24156746343614 19.482190880526385 0.40418756433847053 -0.29681514247857693 0.2861672462283555 0.6733675991778313 0.6136653442707887
168.33 23.231289517256528 19.541300656472803 0.4011250414683666 -0.28751131895825704 0.2819375130392239 0.672678677955624 0.62076716765307
168.43 23.22295397039653 19.614788283189533 0.3875550425025839 -0.28507777743734614 0.28065686632747944 0.6651247020508889 0.6305327231130345
168.53 23.20641909474095 19.689139988425413 0.3755478335412068 -0.28509690083886147 0.28082350721550076 0.6575114507199616 0.6383859389894123
168.63 23.183222860702497 19.765008288520104 0.39408188730614124 -0.27890625589365325 0.2729937293746143 0.6570588102998797 0.6449491793566612
168.73 23.164780119246366 19.833766861551062 0.40397371761751044 -0.2822682302104707 0.2877495066228212 0.6570972116936002 0.6369836120628755
168.83 23.156638263909034 19.903015529021665 0.41591035620891975 -0.27253387138265733 0.2859520516358234 0.6540276599058629 0.6451391580058566
168.93 23.155159678493575 19.966408280193583 0.40654415502822405 -0.2762944011449963 0.2948491071128193 0.6440578035316339 0.6495498084371272
169.03 23.155778677929302 20.026016024356252 0.39568272284954187 -0.28061409227793016 0.29830197694707233 0.6424973537022787 0.6476641199341452
169.13 23.155507320885203 20.090605294274617 0.3773104375052013 -0.2790520704839762 0.3001293955966925 0.6445505310355544 0.6454509282657783
169.23 23.159074616077984 20.160331969852045 0.3594581173003467 -0.27696574862801315 0.30140691550961735 0.6485467806373519 0.641740538453688
169.33 23.165313909897183 20.24392561823117 0.34577083262297614 -0.2806269897973808 0.2966020217287142 0.651910083775417 0.6389749415866236
169.43 23.17892155180561 20.331943728262203 0.3498092539498729 -0.2828160555267757 0.2841876978759089 0.6537769738425424 0.6417383419942699
169.53 23.19282607984534 20.4099916448557 0.37182636212415593 -0.2841642780231548 0.2832313054045461 0.6546271108646686 0.6406980852596585
169.63 23.203349824544603 20.481147751252173 0.38454448861869067 -0.27300001812224867 0.28179153653969263 0.6586420826759023 0.6420709672366451
169.73 23.210316661837286 20.54556841112303 0.3991656287605166 -0.2646987855788958 0.2683542794839382 0.6628139492306439 0.6469916555110984
169.83 23.210759933219453 20.60728194487211 0.39289207742929577 -0.2691415715358847 0.2780081546031426 0.6588788741101161 0.6450991471833885
169.93 23.213963042794273 20.670996424504168 0.3790013597695513 -0.2745898364791814 0.2863553969526656 0.6512027465165213 0.646943576571989
170.03 23.216367044574977 20.733659559791246 0.3710630167846694 -0.27109510618002647 0.2838633624642936 0.6489872351462711 0.6517243308891453
170.13 23.21669449111487 20.79901966524326 0.36523402383495374 -0.26585289169881193 0.28622240109984526 0.6478897083226 0.6539402900369998
170.23 23.205201485695664 20.875997330015583 0.3732711185182353 -0.2585030424161494 0.27317849067004024 0.6478355485078555 0.6624641812100932
170.33 23.192074083072363 20.954336601094333 0.39947899154233885 -0.24912913197233919 0.2503683017389486 0.6531003900167872 0.6698583952202017
170.43 23.181336431653172 21.025392222310227 0.4224435873876337 -0.23983564654650366 0.2541948010875375 0.6580350251867636 0.6669735912111837
170.53 23.178605021002323 21.09676881876794 0.4412049984898766 -0.23131590284657025 0.2532869991670267 0.6594947296219456 0.668883660096519
170.63 23.18048309349275 21.15533266714615 0.43757275656981287 -0.2355027432605237 0.2639873000629812 0.6515562439056444 0.67106156524554
170.73 23.190050888438297 21.219608412277406 0.4322504372665422 -0.235249236022089 0.2661065350639059 0.6461895496003829 0.675488101253131
170.83 23.201739812059618 21.284603951015903 0.4090095546416784 -0.23839796525919646 0.27957922998642554 0.6424727255833733 0.6724809746022141
170.93 23.215897595313653 21.358626135182053 0.3920192006822418 -0.2364206946704499 0.2867633468144521 0.6415787993575809 0.6710057244690251
171.03 23.238370384003627 21.44263375091639 0.37411211440308517 -0.2325669675250205 0.28526236326074933 0.640747980726872 0.6737803907190714
171.13 23.263147441303005 21.528513723336218 0.37309930473565034 -0.23150156305087458 0.2931968251978925 0.6344736008826565 0.6766726666430926
171.23 23.285013913123315 21.61207469031761 0.3931701714893682 -0.2362809604753002 0.29146809807884505 0.6246573282375779 0.6848509894847646
171.33 23.29722465317591 21.687435481453313 0.4149272271236409 -0.23685941792538887 0.27774593553072136 0.622170454459568 0.6925739939051893
171.43 23.30300038682886 21.754619706701835 0.4295786039496359 -0.23095464795451043 0.26664363333794017 0.6268865352167391 0.6946757483549446
171.53 23.29644208224253 21.822302541549277 0.4353462853364109 -0.23558496010478933 0.2614317707325411 0.6336629641402927 0.6889298975229708
171.63 23.291249079723123 21.89262867922239 0.42545709602027487 -0.24420785878310683 0.2694836039566885 0.6346003688462876 0.6819263015658222
171.73 23.28447995671323 21.968944441292635 0.4102409781207096 -0.24425917931030797 0.27408755571980326 0.6330297081500801 0.68153272388171
171.83 23.273060082960168 22.046898831552955 0.39124878128778007 -0.24887713273497666 0.2831665506136577 0.6274460235198838 0.6813137052667185
171.93 23.26540603637496 22.1309490336839 0.39641788219638086 -0.24955207913052857 0.2768562909578174 0.6284723620349361 0.6827128562704374
172.03 23.247955932821878 22.209447580844703 0.42621393131794577 -0.23677078888614791 0.27782611682902675 0.6451068317271298 0.6712595757208384
172.13 23.236963620108455 22.27315141630555 0.4596177533247577 -0.21562951691127744 0.27408631082031487 0.6613089457068887 0.6641167698421432
172.23 23.23085324443193 22.33569374665398 0.4777391273938617 -0.2096174021358552 0.2742082898599611 0.6578561591881222 0.6693994564623896
172.33 23.23956808188262 22.3972631268035 0.47348914196903263 -0.21457198564403926 0.27953267822993755 0.6401675086562371 0.6826462521974608
172.43 23.24799242982786 22.465490816982182 0.46074965754081054 -0.22524904582758942 0.2875033586888295 0.6255009279104603 0.6894586827936507
172.53 23.26128964155386 22.54086880213561 0.44988885094176356 -0.23022611921934424 0.29103001582071614 0.6215111048615077 0.6899430487036028
172.63 23.26560571031312 22.62452137139496 0.4289995563180817 -0.2392205714606392 0.3032250100526208 0.6272585012569037 0.6762949682420948
172.73 23.277631433497792 22.705605265745362 0.4278036712332128 -0.23746191798972566 0.29971241654932074 0.6406600174744054 0.6658371023610069
172.83 23.29014556396261 22.785287155768657 0.45864877825547773 -0.23492903116251046 0.29395123340365215 0.6464264551812144 0.6637272487546111
172.93 23.30279170517422 22.85222482337239 0.4739916125602651 -0.23201363753856402 0.28524956955106173 0.6410753312440716 0.6736651799947522
173.03 23.302897854438594 22.91021343378173 0.4961704940467451 -0.22539550561141247 0.26532799999549167 0.642635759032666 0.6825080216972379
173.13 23.300805334227984 22.968633330793157 0.5082442140273948 -0.23498285822657114 0.2621585107027324 0.6438830603352185 0.6793162564072422
173.23 23.29568154937692 23.025173715781083 0.4997277874244344 -0.2444029568299331 0.2673704967290958 0.6463009162338326 0.671621424499644
173.33 23.29315273940413 23.089065372122228 0.4958049111740232 -0.24600604456650133 0.2708569443012466 0.6449527641825653 0.6709347760653074
173.43 23.29389953770583 23.153788342056465 0.47560362471496176 -0.25046724405726484 0.2810799400996883 0.6369182723237686 0.6727520652573428
173.53 23.284342516879065 23.218204176155144 0.4589429961573385 -0.2537116834711545 0.2875264765271502 0.6319027337723024 0.6735412697208728
173.63 23.27015408038746 23.294230555505976 0.46253849194711544 -0.24721044698582367 0.28140643558751205 0.6369748350536252 0.6737658884355959
173.73 23.24557930637224 23.37387279372978 0.4749839211855556 -0.2385171327835522 0.2642340603513946 0.6488001983712227 0.672568391550176
173.83 23.223141879446164 23.451740551864447 0.5014516125036328 -0.2319372896128584 0.27343541803998345 0.655492202416612 0.6646564062877601
173.93 23.217577649073316 23.516737180764462 0.5171055223166529 -0.21701847609256666 0.2635262258814699 0.6569246396153011 0.6722402302551042
174.03 23.217376468534862 23.57958779808689 0.5189756244302427 -0.22089772831235682 0.26618142127856126 0.6462433872430544 0.6802360833101909
174.13 23.222382658891476 23.643966361607934 0.5175580697082168 -0.2247225398166901 0.26226275518159486 0.6395343506685104 0.6868142701326916
174.23 23.22125904744821 23.7143609344038 0.496480519100164 -0.23090014503920164 0.26038285463581545 0.6377094023924507 0.6871772770783702
174.33 23.229506906956885 23.794019559434275 0.474454163855136 -0.2357741660116511 0.27036151886963594 0.6370672798357834 0.6822466362824002
174.43 23.234205764996894 23.878096563499817 0.45969735907799825 -0.2396162962788611 0.275035207130454 0.638609022048471 0.6775826018682922
174.53 23.250047196949893 23.970135696789423 0.46921361462179795 -0.23421466928045465 0.2664320329908044 0.6380844713238567 0.6833781295487794
174.63 23.262816562373423 24.054743773772447 0.49555617608736735 -0.23061363049106814 0.2543385667959461 0.6352229550538793 0.6918244316620586
174.73 23.267246421301127 24.131060539844913 0.5167563845320021 -0.22916317840433187 0.2412588252803857 0.6364706252394355 0.6958329972739685
174.83 23.259750413207534 24.194300330172815 0.5328741685425321 -0.22232180302890373 0.22962269739038474 0.6472789116793514 0.6920089907192938
174.93 23.243980215894965 24.27210115948433 0.531904622865465 -0.22867137591410117 0.2305388359466406 0.6583973273243325 0.6790244519382903
175.03 23.23309680611596 24.345246716531964 0.5201187961053227 -0.2383052431017611 0.24027452700276203 0.6565087377063475 0.674147639689577
175.13 23.236096685838458 24.413310065089917 0.5093071258728754 -0.24102550358307503 0.24996127345013258 0.6467724780321247 0.6790518610959683
175.23 23.239072583361065 24.478353727609974 0.5039739626586464 -0.23313061230612173 0.2571298401030875 0.6433042685955074 0.6824177466487319
175.33 23.236157726006354 24.535344140155072 0.5176639129516303 -0.23220084194789872 0.259309147507436 0.640840752483157 0.6842255950886922
175.43 23.23053515281588 24.59581166635383 0.5420125968316561 -0.22776838472858307 0.2717324214073404 0.6403685046538783 0.6813304868575835
175.53 23.232178026541504 24.652708615484517 0.5558348569120518 -0.22003662964066956 0.2838090581137402 0.6411935095631041 0.6781645695869964
175.63 23.230287145131204 24.70580343231046 0.5661455770155679 -0.21815082908617786 0.2730707175189901 0.6408491942495433 0.6834873146097068
175.73 23.235860363892687 24.77020426434973 0.561416092265603 -0.22517999881299225 0.2713484503960274 0.6394805359790736 0.6831754025915835
175.83 23.23674324293238 24.847106174337934 0.5437727129940146 -0.2361897553267475 0.28459218073110376 0.6373721974196213 0.676001754510955
175.93 23.236896766024525 24.922441566465228 0.5314536483959682 -0.2427848500882485 0.28762909459655744 0.6398877066595487 0.669976673754523
176.03 23.242731587588658 25.00242481215891 0.5202921203681755 -0.23801960879165265 0.26872900022703305 0.6518383078664549 0.668010636640948
176.13 23.256144163008507 25.08259924237847 0.5052667276534591 -0.23502289251960617 0.25465232679306077 0.664916638167032 0.6616663031613824
176.23 23.26776103459664 25.1658854536516 0.5125484901281471 -0.2416763272544663 0.2596989393063772 0.6604915716329254 0.6617400528680449
176.33 23.27110897509597 25.23579799774292 0.5353670425156614 -0.24462622870015208 0.25477361467257587 0.6523050883453944 0.6706314078667343
176.43 23.269771034438584 25.30551486087332 0.5541844648434112 -0.24081392088291798 0.24197700074665654 0.655059307273706 0.6740571864261525
176.53 23.265251998131717 25.364846824437723 0.5513047820815187 -0.24185107900001135 0.24372728569305768 0.6559592786656198 0.6721774248869897
176.63 23.260464591011118 25.436004313910168 0.552202228752403 -0.23348654303776992 0.24258303559301436 0.654670455530088 0.6767895534941251
176.73 23.257278423171748 25.506449282704494 0.5368876760069646 -0.22831859536695395 0.24849108693785113 0.6536289485684926 0.6774156746897383
176.83 23.241306158266198 25.573197771746297 0.5279811001801157 -0.21719168179490383 0.252576978470886 0.6603195012960241 0.6730607695548662
176.93 23.219293833397906 25.6524310402347 0.5346980451593151 -0.20585921800867152 0.24695130756526024 0.6677842531460261 0.6713428522765925
177.03 23.198112216079167 25.726702093170324 0.5479453026530783 -0.20278313140829107 0.24803098744184632 0.6711500058351579 0.6685187361266235
177.13 23.17992967834361 25.80347484182724 0.5511479364962054 -0.19957642658948488 0.2551101394285488 0.6713744162895054 0.666591674012243
177.23 23.173497735959216 25.874863525307124 0.5458352895011049 -0.20753166321510605 0.2689801140291127 0.6586750405648624 0.6713624192319185
177.33 23.167946406307383 25.95333111152083 0.5278279772913206 -0.22232274522079648 0.28501077836748817 0.6464482488944437 0.6718973989182834
177.43 23.169743847867796 26.029047917128892 0.5057372720400684 -0.23109589356552113 0.29409631014335175 0.6442541224151533 0.6671121900312567
177.53 23.1720478214387 26.10452264848976 0.4854386363005759 -0.2298368765338052 0.29649718004840336 0.6484110546399189 0.6624405910187549
177.63 23.182502350998014 26.183343203371326 0.47807499983375346 -0.2259002553386384 0.29149542021411845 0.6506893491695673 0.6637792294953326
177.73 23.202596507027863 26.262345062435134 0.48214457208229455 -0.21555095280081496 0.28365171087177066 0.6506860214018567 0.6705872018003333
177.83 23.22205087042394 26.342670725453857 0.49914936672551735 -0.2171346119289727 0.29297472531575797 0.6319294579203781 0.6838739144323811
177.93 23.237984697273355 26.40174383033592 0.5100716289126537 -0.22276304623535806 0.29396249072772773 0.6185857757240522 0.6937682014541796
178.03 23.239317631644838 26.467397077871862 0.5172711100467999 -0.21921844044500416 0.28564535427220933 0.6269222183434293 0.6908824350777184
178.13 23.235294765126376 26.530348253749448 0.5164176798496982 -0.21676350804903877 0.28749208109007873 0.6318797900921547 0.6863598296534147
178.23 23.233761563318122 26.60028406488812 0.504360172878403 -0.22089575886375726 0.29347114639730704 0.6285787166451153 0.685542520146661
178.33 23.226666786152816 26.67907499432863 0.4885338644506287 -0.22974333441556463 0.29293239341143323 0.6273429145674432 0.683995234430689
178.43 23.207765438980736 26.75769999164317 0.4733135018112407 -0.24440688877312625 0.2992900018198371 0.6269475105522277 0.6764817710354708
178.53 23.184353305611488 26.845725590672863 0.48364869736931393 -0.24377372269558592 0.2861744347567952 0.6331542570477628 0.6766049451467672
178.63 23.163395040959873 26.929305484290325 0.5130588324760825 -0.23474563500838325 0.279176876252618 0.642020892293114 0.6743618705631979
178.73 23.149795515562055 27.006674668492288 0.5391226225085842 -0.21449855784537258 0.2738942783743281 0.6472336615394818 0.678277878399596
178.83 23.150309753347216 27.082667254233023 0.5587853543451762 -0.2161329839371534 0.27612932245626326 0.6420842077075329 0.6817382201012768
178.93 23.15397590207314 27.155266800345856 0.5468455752972218 -0.22797240704204227 0.29705836779371003 0.6328493228897489 0.6777068999716476
179.03 23.163629373264538 27.23468091501491 0.5288294062775479 -0.2283379883183483 0.30134546738349943 0.6283601349722866 0.679864849183836
179.13 23.17504075422204 27.302230930361784 0.5174802645970957 -0.22888535756749068 0.30866588006751594 0.6270022791903582 0.6776466700747845
179.23 23.190427114159156 27.386526824218524 0.5062162975785945 -0.219002866063231 0.30115082669897797 0.6292044243896989 0.6822372875789187
179.33 23.210421219273346 27.473330694869848 0.5260155342601547 -0.21540567953004533 0.3051334694915623 0.6238753112287149 0.6864936671678157
179.43 23.226916193416894 27.553461814529758 0.5421299831390243 -0.22407881527062257 0.3098158847313442 0.6088452420836274 0.6950613449956615
179.53 23.231879288827486 27.622078575973994 0.5629013125571715 -0.22330347435649933 0.2954246158550805 0.6077692435769747 0.7024787550161687
179.63 23.235871481305463 27.689917612001324 0.5707359292985952 -0.22299325113433535 0.28798801827509274 0.6173471886231702 0.6972943137424771
179.73 23.236130468594887 27.75910412600918 0.5642304560224571 -0.23087814453316835 0.30052342589152514 0.6216597648374731 0.6855071769497093
179.83 23.236488765794892 27.839831388753677 0.5383497939892274 -0.24360941556060625 0.3165682878680866 0.6183831045399909 0.6767874908610315
179.93 23.2287932782126 27.919313527567045 0.5173890112877053 -0.2570061775910528 0.32574578048142966 0.616467570507822 0.6691825204611699
180.03 23.21962248350792 28.003468107734623 0.5100567793380627 -0.26251946217448935 0.3290561060854397 0.6127269810315784 0.6688581746106065
180.13 23.20639745278199 28.096570898508357 0.5257892634799796 -0.2590124021141762 0.3194283090323421 0.6177323914479989 0.6702871201923242
180.23 23.19447633059914 28.175382175983575 0.5637983330031093 -0.24213426088821777 0.31985311011039447 0.628628524619376 0.6662515783783861
180.33 23.178296364346725 28.245293733862724 0.5788085337816075 -0.23976316185987287 0.3216662306187318 0.632041985629578 0.6629987863457321
180.43 23.176755599138012 28.299658859592785 0.5864713654887447 -0.24293074016437977 0.3235596546450376 0.6220369968503998 0.6703460150687154
180.53 23.174289239559418 28.35883988936931 0.5835499377857012 -0.24501525090940748 0.3161739186305219 0.6187477653865396 0.6761307438867012
180.63 23.174553024753003 28.419788697377776 0.5765255581743026 -0.24860820378357829 0.31214401563439964 0.6187770482122367 0.6766646430255432
180.73 23.17738988760787 28.48917346512315 0.5662061998408628 -0.2524092183860555 0.3112047549126299 0.6208309332416225 0.673802745114508
180.83 23.18124998248129 28.566191010565735 0.5589786890390862 -0.2546264600212881 0.3158671163377655 0.6320037735397008 0.6602761247425735
180.93 23.189221544430353 28.64843770170058 0.5637514160210026 -0.24572007614625663 0.30346980347877706 0.6456745850417706 0.6562256111935648
181.03 23.203756256446116 28.72784066937525 0.5851258218233588 -0.23193289553655957 0.30378838637058786 0.6458123183765196 0.6609434149059408
181.13 23.212982321709156 28.7982473889457 0.6070290569702187 -0.2288307846210426 0.29174031295771324 0.6438884193980524 0.6692770466481959
181.23 23.21487473035937 28.858979582947022 0.6030530861418956 -0.23219673474357966 0.29224344245022327 0.6438521906205574 0.6679317355481562
181.33 23.214049335543034 28.920545257698578 0.5946795175370231 -0.2329186911065404 0.2998582432253863 0.6409551135624959 0.6670910430376719
181.43 23.213156174908445 28.984687202597357 0.5883020361462308 -0.2435380735996031 0.30834662157603343 0.6349954299397195 0.6651258314226802
181.53 23.211554626015065 29.04473076758105 0.5876288184193774 -0.2557364923897268 0.32041766621001616 0.6252827861456381 0.6640427719587603
181.63 23.21234516666774 29.11680794531933 0.591505447344281 -0.24208863363998234 0.3049345468947451 0.6262831162498202 0.6754091159237022
181.73 23.2112535341662 29.187721511606412 0.5949314855919097 -0.24497863996409036 0.307690602697872 0.6252254054099392 0.6740958028372097
181.83 23.19616504272152 29.266619403905743 0.6034578253346343 -0.25603046910175864 0.3259202870515844 0.6250360207435903 0.6614789022733563
181.93 23.184885836799946 29.329854287153125 0.6266143098400022 -0.2545030337445812 0.334881399419832 0.6226722436143093 0.6598196201764097
182.03 23.17598717439961 29.386154070463405 0.6438740392802289 -0.25324991149896736 0.32735734788203646 0.6167410861790202 0.6695760462651924
182.13 23.17024704430127 29.437049130436012 0.6355595268287697 -0.2585148694541573 0.3273573986718914 0.6113972266633884 0.6724586433634336
182.23 23.166642135147924 29.50129938935292 0.6339830741760888 -0.2581864338757742 0.3249311585283459 0.612295044062069 0.6729444899818755
182.33 23.170584147238547 29.566649107225995 0.6182784073381227 -0.26418671601622246 0.34169628830146576 0.6074847060395145 0.6666418510487097
182.43 23.172273178517855 29.646519245852435 0.5929181731440122 -0.2733610280179233 0.3571957725286921 0.6037493648010523 0.6581577568873143
182.53 23.18050219675813 29.73351973058808 0.597288545834505 -0.27088465607181267 0.34334482209536044 0.6076817448197492 0.6629168373619622
182.63 23.18692369312233 29.81905776866169 0.6214306359569919 -0.258096597389285 0.3288117400978287 0.6127508129122008 0.6706753516160768
182.73 23.195920201272152 29.896837737723587 0.6403185402638855 -0.2628608715445238 0.3272876209495295 0.6099948016251805 0.6720813324102278
182.83 23.199833373743612 29.9673781883018 0.6636380738928033 -0.25972713244174356 0.31333974166313483 0.6181255325100395 0.6725182889909009
182.93 23.191614326502613 30.033889972819253 0.6745156657772428 -0.26015287144444355 0.3091807350271635 0.6283554392142088 0.6647534870741127
183.03 23.18140217642755 30.10305737795299 0.6673466064218139 -0.2670633621860858 0.31568911136410904 0.6286225034002951 0.6586738902998576
183.13 23.172904508333122 30.172385041683665 0.6551428510345144 -0.2743570434320876 0.3201402095607765 0.6208491650737905 0.6608969459520622
183.23 23.159875779943484 30.24424059755829 0.6412837750842673 -0.27780485065652466 0.3392712327615329 0.6063444455486475 0.6633746369318616
183.33 23.146651678302074 30.315164438443713 0.6498868863184221 -0.26388457824362616 0.3386459884375245 0.5995456993057131 0.6754470951335709
183.43 23.13411411735291 30.390419185056636 0.6835538234747306 -0.25267026069256177 0.3159964465388603 0.60330009322615 0.6872648562597136
183.53 23.123679392689496 30.470305728533564 0.7207042101029084 -0.24345062142686294 0.3156359477450411 0.610976305834686 0.6839690761478652
183.63 23.117836932184435 30.535383570133934 0.7349875832220996 -0.24092204249748914 0.31665947580247983 0.6198756574803821 0.6763412711690754
183.73 23.122509483428637 30.606352385049448 0.7285735241169695 -0.23817642819028903 0.3243226130517268 0.6180219664511499 0.675378176062619
183.83 23.132447880404275 30.680119451859856 0.7131484267246647 -0.24474205874848542 0.34051762725685214 0.608714223043901 0.6735102559508477
183.93 23.142802563587093 30.757348007273055 0.7007841476167253 -0.2506762646909913 0.34881507660917893 0.6055488223981119 0.6699254259564752
184.03 23.156657880509904 30.836677629300812 0.6979310634001767 -0.2455580596913514 0.34283881187987963 0.6084930278720576 0.6722343515623896
184.13 23.165017587704188 30.910236812861932 0.7005197623083022 -0.24050696911000327 0.34007996904731363 0.6100756690330574 0.6740249925011427
184.23 23.17664442477438 30.977398589131756 0.7235053548090304 -0.2417479983890061 0.3176905173885021 0.6017374121665325 0.6917678275515995
184.33 23.178023843445015 31.03648311276617 0.7524068435988842 -0.2514484828124119 0.30896282186321716 0.5989277094036114 0.694695065554807
184.43 23.179797380704052 31.09126437247241 0.7656735586279494 -0.2505703040466635 0.29928062792450955 0.6007720378264865 0.6976521963305818
184.53 23.17228846093142 31.14887769334101 0.7666549333533417 -0.25129856063164563 0.2908075073559602 0.6064709810178346 0.6960409300272086
184.63 23.165642211071628 31.20712783963179 0.7720610118382014 -0.250440612508695 0.28325008242511873 0.6123937744433259 0.6942785863293568
184.73 23.154641119523045 31.265732181374563 0.7803017135246528 -0.24696601099432466 0.28016349507209704 0.6137280214194852 0.6955962342962058
184.83 23.143912502417695 31.325100158856195 0.7925055156425733 -0.23705797288438116 0.26952985287434866 0.6153060997403322 0.7018230400348938
184.93 23.12260235875282 31.382102266800054 0.8066334883851622 -0.2259084262841092 0.25216245028528655 0.6187498721151341 0.7088921479022481
185.03 23.10123938299959 31.441708849445153 0.8282497998028026 -0.21575129912406912 0.24016187685179338 0.6180629526189614 0.7167787918411315
185.13 23.087660975482862 31.50279342049794 0.8356413556756315 -0.21965175647759652 0.25323720680054246 0.6113513364527946 0.7168497516115548
185.23 23.087217793732208 31.562236973714466 0.8379200002618286 -0.22577639508259906 0.27127097925205834 0.6067813223634801 0.7122173137954186
185.33 23.089501254275493 31.610514383023897 0.8426596191451085 -0.22506790601576787 0.2747531574588741 0.6168234630128581 0.7024129523470379
185.43 23.08640838686215 31.66649726175627 0.8395436587953344 -0.2215859692068047 0.2662450188641978 0.6357237329116536 0.6898322865693925
185.53 23.08847331751912 31.719887115673245 0.8331462060873879 -0.22493632397946306 0.28034895844196694 0.6472798672612777 0.6721881322169657
185.63 23.097929235310456 31.79411004049499 0.8283503706835738 -0.23369339538948494 0.297999430088495 0.6491125616218582 0.6597246538996215
185.73 23.108466249410707 31.85446677720538 0.8272027240671797 -0.22142843480613877 0.27724194207008385 0.6527881070344411 0.6693086292069623
185.83 23.130428514524837 31.928388634477397 0.8342540414232482 -0.20756639292289916 0.25969395339802814 0.6536682172509869 0.6798478541948899
185.93 23.152641553096643 32.01333193782848 0.8469685867852677 -0.22532209711939685 0.28104019295117927 0.641619498009762 0.677178545340431
186.03 23.161358049046157 32.07571804863775 0.8498828074494883 -0.23665238553758164 0.28494968445760316 0.6408028626560266 0.6724366267230881
186.13 23.164239525109494 32.13981674495235 0.8454357748340823 -0.23144755628341807 0.2759998035143793 0.6494572386216333 0.6696726307326746
186.23 23.166043676761156 32.20851984899254 0.834604723095731 -0.23446909169445798 0.2862512954351258 0.6528298110917005 0.6609823588051823
186.33 23.162874940413044 32.28139182434176 0.8201425174367939 -0.23981527281354828 0.2899875429839781 0.6523110394443953 0.657940854225098
186.43 23.154958501243467 32.36315510743112 0.8003783367926928 -0.2447149794262698 0.2953920408652291 0.6489448037512541 0.6570606994198644
186.53 23.140012974061936 32.44376712115876 0.7831700001196326 -0.2506886897569689 0.30664412822488973 0.646272348412534 0.6522703512581881
186.63 23.11935635075234 32.530358406188505 0.7852811001545799 -0.2500839777745063 0.30124064523718624 0.6502330938247627 0.651082945109639
186.73 23.09842051013681 32.60576173058278 0.807845045110625 -0.2425407143809518 0.30624309183202747 0.6508131258827582 0.6510233834137228
186.83 23.080353237335064 32.67253791008259 0.8246756361187415 -0.23818133476721842 0.2982131388333779 0.6462742278458796 0.6608087454156935
186.93 23.07422817649714 32.73545337317922 0.8266760407360167 -0.24268781983131346 0.28996837646867235 0.6394402796069101 0.6694304232479152
187.03 23.067329591524445 32.80106336484428 0.8212845094007766 -0.24428321751651513 0.28218248748941566 0.6404746116983075 0.6711862820141417
187.13 23.062898952912064 32.87451149336057 0.8128733726821975 -0.24501095071150308 0.27935538931513487 0.6500590303430215 0.6628374292098521
187.23 23.062025003647243 32.95302237816668 0.7962480288864002 -0.24743451688372967 0.2880120962867547 0.6602464155973118 0.6479968078146113
187.33 23.06377605384157 33.03464804925197 0.7899008832144367 -0.246290804056937 0.27905468752783574 0.6691753423430316 0.6431746904269603
187.43 23.068805631430408 33.114405343303 0.8091928716195116 -0.24200049767299756 0.2611925604203649 0.6728407541599734 0.648459347259729
187.53 23.07338381077449 33.190599644334426 0.8274043019037601 -0.24943165210763626 0.2678027067920758 0.6622950905228756 0.6537819011191641
187.63 23.075875926376053 33.25873916714082 0.8303149052449501 -0.255240404660833 0.2780665562860168 0.6552797826985192 0.6543238743087334
187.73 23.069246774457454 33.319970779738725 0.8193473984656553 -0.2636781342232013 0.2852880276029824 0.654691447687714 0.6484317166545268
187.83 23.061884458720808 33.38490010268992 0.7943738944329948 -0.27894406934554333 0.307760636148536 0.6477088479715682 0.638707167075602
187.93 23.04784442536741 33.44829358725435 0.7708633040056019 -0.29430246612274635 0.3249862940484946 0.6367403129883701 0.634296256437138
188.03 23.03544613266927 33.51379770659099 0.7511893709556717 -0.3035601845181434 0.33059492402522195 0.6292806988425125 0.6344793240511055
188.13 23.01387943883233 33.57908899650616 0.7426272484445047 -0.2951995514715638 0.32793988064171004 0.6334586764151995 0.635643583126576
188.23 22.99102124593714 33.651834260471674 0.7604372542403568 -0.2843415776947667 0.31111243298283187 0.6432874615842799 0.6391714660449163
188.33 22.963675072443024 33.72297748465211 0.7727578059673119 -0.2840601282379516 0.31005391503527946 0.6455968996919215 0.6374802400270249
188.43 22.94376680833678 33.79576199772804 0.8090618334545985 -0.2760533386762165 0.3189582359318496 0.6493067447778809 0.6328198393878852
188.53 22.924786320525172 33.86744729776327 0.8367162369075491 -0.25555500210568477 0.29780268882629585 0.6594644813179332 0.6411800038262745
188.63 22.920421498534704 33.937809959262616 0.8373321500092655 -0.25565848233744826 0.3030707688197065 0.6582474349179999 0.6399196542690483
188.73 22.913435600095674 34.014685874905034 0.8140704591284007 -0.26485257878039076 0.3207189012366755 0.6516434408846252 0.6343132694930498
188.83 22.917992786712514 34.09262869809339 0.7939209542955122 -0.2710458227813793 0.32346629334034727 0.6525725068852957 0.6293272934513982
188.93 22.919834202348085 34.18067130193989 0.7890475833371952 -0.2659066934694094 0.31537923679432656 0.656423861802012 0.6316148201428833
189.03 22.935945198511803 34.267439369614216 0.791316581576022 -0.25883429752645304 0.3116182520892229 0.6570125759534521 0.635793477811667
189.13 22.94662203811012 34.346063830641654 0.8105390268357168 -0.25510913256960566 0.30525644603401564 0.6540445218982894 0.6434000279834495
189.23 22.956072966745953 34.421812273853064 0.8176877955796344 -0.25837461154342095 0.2994824396425099 0.6527777408659412 0.6460913631101369
189.33 22.958438553270994 34.47699730556329 0.8216210477976402 -0.2580238354706475 0.29894735291296143 0.6612128784077961 0.637849284661374
189.43 22.955080489512465 34.53265285578015 0.8198077463710415 -0.259625379335879 0.31065814764146155 0.6670116906874429 0.6254451072595866
189.53 22.95149514710016 34.58984833699812 0.8147494797920058 -0.2608261447647007 0.31530311956040263 0.6674189789234107 0.6221780867046779
189.63 22.941449036772934 34.646912460677974 0.8071095358758607 -0.26489908054117106 0.31790533566079343 0.6619787371469987 0.6249390580305453
189.73 22.933827295999837 34.710211285630685 0.7873900405792476 -0.26853985012369697 0.3178136221225541 0.6525313130363568 0.6333117210315417
189.83 22.91809660056643 34.776445361728605 0.7716965332248813 -0.27687476314136084 0.31215220749207473 0.6430210960551276 0.6422034217608177
189.93 22.901130120765348 34.857183670712296 0.7598236680149745 -0.2784642990973405 0.2975811749281805 0.6465358987322121 0.6448987595794564
190.03 22.888175301862475 34.93989079536111 0.7511308820283182 -0.2732449780886286 0.300546100358 0.6642646272338002 0.6275043653353213
190.13 22.875381392380252 35.02121901873935 0.7414816463486434 -0.24678527557687155 0.3141221945311453 0.6822710290183014 0.6123157009449398
190.23 22.879122713070878 35.105883434679015 0.6921956702779984 -0.2698202557631576 0.33910177786915613 0.6606806809197423 0.6129502848398942
190.33 22.879595262561843 35.17642234369101 0.6527629215403634 -0.3345479942357557 0.3822320167615415 0.6086977222770712 0.609477979758041
190.43 22.89097470747284 35.24106461349329 0.6510981811687698 -0.3445047724094365 0.36607945807624065 0.5948880579932687 0.62722443400965
190.53 22.894422291007096 35.29828368039247 0.6651804993232528 -0.32488313276004893 0.3264095682856703 0.6108300787596946 0.6440453079263943
190.63 22.908722036030042 35.36196576284235 0.704959650481833 -0.29451710068400433 0.2964192322817932 0.6257062585817459 0.6587009899110475
190.73 22.927693732992864 35.424983526299656 0.7367555700736448 -0.2644480056032213 0.2890879444631891 0.627792314561106 0.6725862193626451
190.83 22.95729562805808 35.47295100210351 0.7634238960468461 -0.26300317892780556 0.2769211390932765 0.6135814718928573 0.6911308037896632
190.93 22.958508733636044 35.518659360809714 0.7735860499499142 -0.26113572356168324 0.2647846268274419 0.6038003180911479 0.7050690825364542
191.03 22.95398917948535 35.559331463143195 0.776401489868946 -0.2665400334126544 0.2906250954299776 0.5953239153727068 0.7000592119813921
191.13 22.954673596641868 35.594730315035164 0.7722754052043104 -0.26983468649251263 0.2997783819044218 0.5897283519987337 0.6996732341294124
191.23 22.956609266998825 35.62213689026546 0.7704909790134259 -0.2659931328071405 0.2986808307525173 0.5848780874530561 0.7056592927593912
191.33 22.966148736593944 35.64867676714727 0.7605443528014778 -0.264775447531176 0.31177098475139076 0.5720487839580121 0.7109521813905443
191.43 22.97720680772153 35.66972174167759 0.7406026370400072 -0.26063553218359115 0.33469644336394966 0.5551598546921866 0.7154333972502603
191.53 22.9846655826322 35.693751728590954 0.7304732830870413 -0.23449693497408924 0.3480580492260785 0.5327327080274492 0.734889545206921
191.63 22.98383427478861 35.73435607615441 0.7101571954638232 -0.2131962182089743 0.35891999785436 0.5034031892038481 0.7565110949490512
191.73 22.968395365206696 35.78166713029201 0.6901297955473292 -0.2108654638187376 0.3890585745353948 0.46946778521596544 0.7640478914265855
191.83 22.952136710644282 35.83148285061516 0.7016572606710986 -0.20124343610673417 0.40112791331985825 0.4475933636111236 0.7734711742727661
191.93 22.93321055483037 35.863306202655366 0.7226722051744756 -0.19110818207418329 0.4168482177280157 0.42883335460000793 0.7783425853078973
192.03 22.92628382020492 35.88955930456656 0.7463887263717852 -0.17752997570883094 0.4069240578032886 0.4141541418132007 0.7945893692497397
192.13 22.923323417258604 35.915250508087226 0.749246121110721 -0.17258628703528137 0.40012775970969444 0.40192380246339715 0.8053378213212393
192.23 22.9341347474231 35.93716093051323 0.7371662283063879 -0.17615259799806424 0.4163860654258466 0.3831229640793766 0.8054872445499976
192.33 22.94625572516785 35.95056013559324 0.7185803702402421 -0.1803771457960605 0.4374992226269009 0.35633799042675196 0.805656100364137
192.43 22.964029244756755 35.956574942160444 0.7033136582716135 -0.17831467420965974 0.44776373915776846 0.3396304215560504 0.8076897223628737
192.53 22.97414706178597 35.966308676141125 0.695685636993432 -0.16950201356657296 0.4445983257718213 0.34136277902309026 0.8106003017612339
192.63 22.982704045541585 35.9789194484962 0.6896609431122676 -0.16085336934204847 0.43406113703016547 0.34646649556075604 0.8158909794483814
192.73 23.008055842152313 35.99843758534513 0.689787258738963 -0.15450170677957847 0.4189325615737516 0.34810360361727627 0.8242867296057351
192.83 23.056291732394644 36.02083658658263 0.6693174745006953 -0.12379037444329567 0.4143833405705435 0.3352567827687608 0.8369977776913899
192.93 23.123607743451863 36.02948614475084 0.6659306459758128 -0.08488317472665526 0.400596651063684 0.3070687945400202 0.8590843527993186
193.03 23.190045223130543 36.04189816462682 0.6350753956400423 -0.0729293025487768 0.3895617080776366 0.27821912749031197 0.8749383461295505
193.13 23.247858052922094 36.07051601261147 0.5993927519412148 -0.06915522155029781 0.43473770365716535 0.2596436927872055 0.8595381533981183
193.23 23.294983475209257 36.09192084289869 0.5705924742831724 -0.06568980228865143 0.47448990074482605 0.24278833295385546 0.8435626884517422
193.33 23.325391708269418 36.11751526575692 0.5524117624449488 -0.06412053240953938 0.47266914201436644 0.23351420677620124 0.8473154989403897
193.43 23.349505408562386 36.13305898940013 0.54712656043168 -0.060053998351629154 0.4683931073234442 0.2189761225023144 0.8538447587633965
193.53 23.370605727228575 36.156378940040454 0.5311398799115266 -0.06014414051852773 0.46379042093055844 0.20203473012197526 0.8605016534782973
193.63 23.39184145421297 36.183057221290795 0.5247685550803294 -0.062058921333186384 0.4501294563192379 0.18068772613087378 0.8722867123041386
193.73 23.416973863956972 36.211923800096045 0.5054004519820954 -0.06743514899521519 0.43737232899621775 0.16052906301216482 0.8822632070061938
193.83 23.449381574417057 36.24779333068985 0.47966513949287437 -0.07444393690216128 0.4343228351722468 0.13613470746540327 0.8872931401345091
193.93 23.481834081976128 36.28117351496717 0.46659424634353003 -0.0781676203075977 0.4158495184948207 0.11992144786250329 0.8980967918023279
194.03 23.53114129268106 36.30794323508507 0.4544848929964917 -0.0782522398855442 0.3911308898346442 0.10934440264527075 0.910459782516616
194.13 23.57805408478813 36.33015645707468 0.42875278746215256 -0.06698638276046047 0.4150831867220862 0.1002632690798916 0.9017572009685978
194.23 23.611017883771996 36.34961203041238 0.39636377311602994 -0.07654658770859939 0.4396434052917583 0.08644026929226649 0.8907201445674826
194.33 23.653339313075065 36.37875495337088 0.3787526367496568 -0.08086634314895527 0.44436335305936586 0.08252033651335894 0.8883649244906482
194.43 23.696204195690186 36.39930234935914 0.38362740181339305 -0.076813861813319 0.4334043821764635 0.08423752273940065 0.8939599050887526
194.53 23.755190882871975 36.40030374781052 0.3838039472088486 -0.073242863622496 0.4150673643583535 0.07812386440862565 0.9034662294645268
194.63 23.82232977932 36.399642422752706 0.3830367593788354 -0.05571419017681204 0.42714256900714437 0.05807504055580707 0.9005956053742213
194.73 23.898215258627722 36.380941530903705 0.40926766499938966 -0.033419514356879766 0.4358990891044312 0.02940920777204591 0.898893886215886
194.83 23.96387720041536 36.36994966918467 0.4616788345212163 -0.017945481349218195 0.4374199855378557 0.0019572913265396745 0.8990761285685824
194.93 24.004352519978287 36.35846004077889 0.5122943510464658 -0.01339483967397977 0.4327406786969411 -0.03492827172951242 0.900741971435221
195.03 24.034177580070786 36.35366329573865 0.5409606329175252 -0.009865541364660946 0.4358324645239359 -0.0653591860449764 0.8975972987705079
195.13 24.056033146157663 36.35036158233547 0.5700819197592504 -0.0025342485754913315 0.4351625677535007 -0.08134802023016786 0.8966658334156431
195.23 24.079512523822252 36.35466957829329 0.587434652309354 0.009557208706101716 0.43211898460237674 -0.09600169435808231 0.8966412424087664
195.33 24.099215469821935 36.36328593354954 0.5883788978033139 0.032524693242138344 0.43792085208589676 -0.11104505781688771 0.8915360154095352
195.43 24.123823824575336 36.364758442158816 0.5897387639754275 0.057454243906693306 0.45526991768002817 -0.11698175075515238 0.880763067971739
195.53 24.15247701488976 36.374319433644175 0.6134824554443992 0.06473016121197087 0.44303673277871414 -0.12299388244781878 0.8856641375367114
195.63 24.170186065164373 36.3833347883597 0.6312142461332746 0.06860485986975383 0.43562149857033533 -0.12659579436260152 0.8885385686819053
195.73 24.18656219156236 36.39189310969381 0.6341044143253333 0.06347082693416876 0.44068111935366533 -0.12581357950685707 0.8865340085891603
195.83 24.198427839671943 36.40354913285155 0.6539551664313069 0.055577444274705526 0.4393300246579929 -0.11511837190447803 0.8891839166179075
195.93 24.21423314725095 36.40502067680832 0.6802976272650246 0.04895892409672961 0.4267734598804526 -0.10178206696492596 0.8972780218735472
196.03 24.224812061883142 36.40669257400168 0.7111400758725338 0.04351861600745808 0.4187401201375514 -0.09685895299901813 0.9018764799416374
196.13 24.234788919833814 36.40278338346064 0.7283258199023358 0.028669307771483632 0.4073851507066303 -0.10202355406929661 0.9070868779729477
196.23 24.240817207854406 36.40626422691009 0.7411326609143394 0.014565892920628515 0.3970021740392886 -0.10234480420871075 0.911977329555392
196.33 24.25172766942179 36.41291613439858 0.7353691229866287 0.0196397626223173 0.39612978812352145 -0.10459817813300927 0.912005861722724
196.43 24.263026283889698 36.418116051669315 0.7331344564304522 0.030110345676759864 0.4021088401502323 -0.11055667022846667 0.9083936759050313
196.53 24.276951835569456 36.426247670552286 0.733311354254536 0.03693280577360086 0.4003219085347099 -0.11811164086409356 0.9079801637135076
196.63 24.29402194761464 36.43801725633527 0.7303027832693573 0.040787472037384614 0.4100164299048813 -0.12293924442643933 0.9028337895275694
196.73 24.313185017413 36.44464625228935 0.7292009977137358 0.03934453006531164 0.41338061749856514 -0.12798653968472348 0.9006597130381571
196.83 24.333183552960687 36.4490500534767 0.7305559078388377 0.04487248522972912 0.41851952541329707 -0.12947888540061656 0.8978101609764451
196.93 24.353600722441268 36.458257757750474 0.7301393740035874 0.04709505854228112 0.42143397956107453 -0.12824222783541483 0.8965095578587128
197.03 24.37629740613171 36.474387268601696 0.7164447185883314 0.04708460838042857 0.4224725436872506 -0.1281446312272725 0.8960351237377429
197.13 24.392581022640815 36.48915272222314 0.6908187277633471 0.052120531496642274 0.4356747674484953 -0.13088868013494287 0.889010180266649
197.23 24.419548302092043 36.50656664564499 0.6810344378490288 0.048813049015912456 0.4150144069531947 -0.12873647634624014 0.8993371158386673
197.33 24.458914112406166 36.51810861839513 0.6726816563086669 0.05529734768497271 0.3901334456572072 -0.11929655971223575 0.9113212544210011
197.43 24.51284594162485 36.52963985493173 0.6445704296943259 0.04966639168143689 0.4095160215164695 -0.0991271815920338 0.9055405454910834
197.53 24.576992433129156 36.54350283448875 0.6245244417376081 0.039141338196274085 0.41849102683187317 -0.08876053116225957 0.903025350814252
197.63 24.642283424984097 36.54356466262219 0.6230373419546912 0.02719302205807231 0.4100831929579825 -0.0785451463451387 0.9082527040369085
197.73 24.716367208125178 36.53223130681706 0.6355215882785747 0.031009290140017087 0.40431203499764506 -0.07033567591029961 0.9113852615526085
197.83 24.775845662728074 36.525604081782646 0.6589793789520076 0.028044932878718946 0.39200983753421664 -0.07725772561406215 0.916282168793635
197.93 24.844182797859798 36.51585967858587 0.6663015821304177 0.024864762199557126 0.40980540069870997 -0.08128294027441534 0.9082039202620054
198.03 24.9028376351094 36.511701467203075 0.6545330993775312 0.027674826824710484 0.430735760477967 -0.08717003460990691 0.8978319406613898
198.13 24.961467122125427 36.50866164283746 0.6493794218223262 0.035230185870877076 0.4324936289655792 -0.10166197403381667 0.8951943576359465
198.23 25.021227291353817 36.50668717846229 0.6347121660613047 0.047107138422752416 0.4309875097033098 -0.12058820437700701 0.8930224907327298
198.33 25.083809581812336 36.51240571935148 0.6253820260535103 0.04915085790027237 0.43502580313029904 -0.1357396456431711 0.888769650910275
198.43 25.14596870486202 36.533442887097216 0.6322445010333841 0.049026394200867664 0.44509804371774514 -0.1399299211632889 0.8831216005248275
198.53 25.211193860739577 36.55160063128267 0.6483414984784448 0.05446259632085266 0.44503621956453904 -0.13439030161709248 0.8836944243962176
198.63 25.266320720927823 36.574400517126655 0.6660300412917914 0.05130935754293699 0.42576177499482804 -0.13237645809143692 0.8936278499045062
198.73 25.317474504066055 36.58436593830949 0.6677428459162968 0.04413468005029478 0.4367248994509932 -0.13227697367905497 0.8887217193535267
198.83 25.372909641948898 36.59162114357736 0.645215631775301 0.04444035645397776 0.4571831340193742 -0.13369612878034112 0.8781423471371921
198.93 25.430922125744665 36.59012257313658 0.6381720386814933 0.0417490705350805 0.45041659260479827 -0.13086796526021482 0.8821878960201117
199.03 25.489926189626722 36.58555695311152 0.6303147972973486 0.041995453232815914 0.44056822566682907 -0.12354050464111589 0.8881856586061108
199.13 25.554289808504237 36.571117383931714 0.622855051273609 0.042621679479329336 0.4274461667496183 -0.11798526128369013 0.8952947252660647
199.23 25.63358051774826 36.54967155005853 0.6267734525352885 0.04237434041979317 0.41225370724326904 -0.10726736504858797 0.9037394583250757
199.33 25.706157117513534 36.53706165619834 0.6450288499945195 0.05233369581426863 0.4056385294298404 -0.08773788419657559 0.9083064633707748
199.43 25.78079987626208 36.51989054145058 0.6412627747417241 0.05850351477830591 0.4073063455695607 -0.0743134152019293 0.9083811952800321
199.53 25.839076291513468 36.510182945174336 0.6290933165099596 0.07114054920293802 0.4300374030401467 -0.07424888225935483 0.896935871581033
199.63 25.899268188324417 36.48445945123666 0.6125735527795785 0.08232154207237764 0.4441962332784756 -0.09199374171790153 0.8873838073442516
199.73 25.956485990915848 36.463076466988596 0.595468988778299 0.09048636879346728 0.4462976938053794 -0.12404244591829768 0.8816144606216362
199.83 26.018104086037702 36.443620855940395 0.5844231358159891 0.09678246521458794 0.4351671075490424 -0.1573711814982596 0.8811907024976087
199.93 26.08695652212523 36.43031484829712 0.5873938621657778 0.1037069380246689 0.42784970815261125 -0.18744222859570323 0.8780973232952879
200.03 26.170121685545165 36.41638216005057 0.592692182952136 0.10850861957075494 0.4273529451319074 -0.20372802032713766 0.8741225506183441
200.13 26.25380535810015 36.40981932656042 0.5978827955499179 0.11964468273589891 0.4267436497757985 -0.210311257381813 0.8714035702747251
200.23 26.324398312888682 36.403089465539594 0.6056590366077382 0.11838880883730947 0.4288246457879679 -0.21263863235372166 0.8699875430933742
200.33 26.39287061868909 36.39733082998053 0.600229563226654 0.11535048423305966 0.43192567059816594 -0.20624509271132543 0.8704007367862345
200.43 26.47451340701248 36.394928682637286 0.5865814903780306 0.11165282190858355 0.42803067345424745 -0.18776196934571351 0.8769656964839462
200.53 26.55899892133525 36.38916117564701 0.5691910867149556 0.10959638522298777 0.42476080142550315 -0.17082489682578733 0.8822617233808107
200.63 26.64891325150715 36.37173280469707 0.5547660026302853 0.1032982826984673 0.41983456789443246 -0.17110968046806196 0.8853190823892595
200.73 26.737269016425167 36.34116883820798 0.5614611945289747 0.10181485379805583 0.41653098303293157 -0.18025072198163547 0.8852374556833887
200.83 26.835374078673517 36.31722508586278 0.5786297514733096 0.10186212828014847 0.42760925939225797 -0.1910880296295343 0.8776444570761814
200.93 26.924073266573412 36.29191507168187 0.6167824313488655 0.09796995407962329 0.43297109824804925 -0.20418045841911006 0.8724954192311136
201.03 27.01434552655102 36.27162755398699 0.6530903981188435 0.11274295859030874 0.44124168456642215 -0.19912948925506863 0.8677224484812558
201.13 27.110230490148123 36.253676954567894 0.7022910381671208 0.12441006697554097 0.42777199367730157 -0.19617542250065587 0.8735264508114093
201.23 27.199451691657934 36.23421116793511 0.7446455530285429 0.12668087341643286 0.40714249077177006 -0.1955004954191817 0.883157123511702
201.33 27.28041833385194 36.241176589617396 0.7701127111493342 0.12292713903618231 0.40547579020977853 -0.1901311160163836 0.8856232047346654
201.43 27.364686656115197 36.24028761709059 0.7839815290167632 0.11474601604303818 0.4107916937422374 -0.18553796398926287 0.8852452767868088
201.53 27.45392232140076 36.2299680453257 0.7913047764649239 0.11915016200118934 0.4103627067544761 -0.18730178607186518 0.8844906606259443
201.63 27.527829477723007 36.225515476965704 0.8150169386288413 0.11564479325977743 0.41200792717526014 -0.18815367665226515 0.8840101490926922
201.73 27.604394108298152 36.20336604950052 0.821089179638753 0.09950846516761347 0.39499911872894783 -0.18528613649836 0.8942834054061675
201.83 27.675848501066497 36.194922997697525 0.8232450888857454 0.08482066358791665 0.3747138301633843 -0.17235314049879766 0.9070222684548563
201.93 27.760577856882282 36.184049169062085 0.8052566847995997 0.07487012819849637 0.35946143930660013 -0.1494367296226695 0.9180689524185257
202.03 27.837667976701912 36.16096241226972 0.8043787945527681 0.08416838313764759 0.37421544927938577 -0.1404985043810977 0.9127642910780944
202.13 27.910633436215115 36.1484178159035 0.8114520969218233 0.07662460937092595 0.3734275017097662 -0.14969458810018138 0.9122894828392317
202.23 27.976876370271402 36.138843095524585 0.8021216726999021 0.06081981571919545 0.38008751575025806 -0.15688661437022824 0.9095169160703543
202.33 28.036348032875026 36.12943482335708 0.788702569004706 0.06002183648204203 0.3884069977417056 -0.15996841090987338 0.9055095199729086
202.43 28.095589107342757 36.120737609717644 0.7648866716098743 0.06355229621020568 0.39318173749063684 -0.1642548596964552 0.9024353539264471
202.53 28.160904668467005 36.11062308241596 0.7364773151400259 0.06959519875574936 0.39360522604294385 -0.1689529118439798 0.9009363728484223
202.63 28.22817830057609 36.10130797432096 0.7004182469833092 0.07324854725160858 0.37843835196160536 -0.17198307443831545 0.9065544033299148
202.73 28.29868473973946 36.11230026777504 0.6455913145286591 0.08757523888977449 0.37584543526788167 -0.16565011543258767 0.9075410875430742
202.83 28.38503406662472 36.11621261377846 0.59577373034877 0.09613175576726447 0.36962016512326823 -0.15971105212348433 0.9102922601543753
202.93 28.465219078582912 36.11532986959695 0.6003390414829419 0.10861088804993653 0.336778097847275 -0.15910866603930532 0.9216662195168965
203.03 28.57844069272301 36.114112459755376 0.593128974562825 0.12284007277538068 0.3328313529401472 -0.15675605553644453 0.9217164130432015
203.13 28.68082603604148 36.0982702020594 0.5713885866571369 0.16085961968053464 0.41766242612068155 -0.16718991726355328 0.8784815377278149
203.23 28.773026835221607 36.07258826177984 0.6038576314724489 0.15901462681996797 0.35575986623026784 -0.1976592385677812 0.8994887945082658
203.33 28.86456478170732 36.060833030061765 0.5802748909859461 0.1285970118486311 0.275204530869428 -0.2084352412166619 0.9296666203276814
203.43 28.95646971140858 36.070344789301544 0.5425216801994113 0.1219320617186365 0.3215608211019486 -0.1830211461733809 0.9209964553192728
203.53 29.039983056191453 36.05556067126374 0.5426618721632431 0.12120114415128654 0.3540393859854058 -0.16527196616093978 0.9124974372724524
203.63 29.11672981664795 36.04617677646064 0.5746734767017349 0.1002398522779285 0.2953806528242323 -0.18403019282999142 0.9321132603280493
203.73 29.173259243652485 36.044634209401764 0.5727989035244884 0.09237676822702237 0.2881414859011719 -0.19403654318968397 0.9331617419834537
203.83 29.233135296526857 36.02960318333806 0.5609914149334294 0.10057492835728958 0.32879928836264943 -0.19076342756393844 0.9194482184779083
203.93 29.287689470873406 36.002589045094915 0.5508526313203104 0.10897519673243675 0.33315342150746713 -0.19768762297585882 0.9154522423136827
204.03 29.341727409768147 35.97638429563815 0.5305882838136757 0.11460233632692612 0.3378944660284975 -0.2075639210275219 0.9108297607255745
204.13 29.392674911259206 35.9560242548754 0.5145646291327646 0.11120816364283577 0.3498627923726463 -0.21721575330530501 0.9044590025912793
204.23 29.461443594678315 35.92505509214245 0.5093475658830168 0.09671162375335515 0.3461950522996994 -0.2196789229757996 0.9069382660326946
204.33 29.52626322366538 35.89809394566312 0.5178582985693295 0.10679198488001532 0.34304605493231133 -0.20853448053202653 0.9096308298370289
204.43 29.57656240327313 35.86466328710106 0.511040231736686 0.11132338965401495 0.33333015640838587 -0.20843846074284292 0.9127165594136308
204.53 29.631337893122172 35.811461041357276 0.5005231349827348 0.1175135536718265 0.3402021391430442 -0.22080317316367948 0.906476159613018
204.63 29.684240007087638 35.76909418584156 0.5041259197403708 0.12427671694367207 0.3543445577173701 -0.2311145287680151 0.8975418133068354
204.73 29.738654731277226 35.71519392615582 0.49783343084389287 0.12127084623435826 0.3392454161236287 -0.236574979805142 0.9023514882920655
204.83 29.800410470249933 35.65549438289404 0.4792144178682761 0.1118281459290808 0.330398498335359 -0.2357256143641004 0.9070637975404328
204.93 29.86129675465303 35.60584964098959 0.4814088637039241 0.10971698819518366 0.34265692547805376 -0.22858318356022034 0.9045983319223952
205.03 29.916256178211437 35.55064795209818 0.4928314955730396 0.10996088327797418 0.3535286937159234 -0.22901296893952866 0.9002661422744628
205.13 29.97201264423079 35.51888207596323 0.5152844217148167 0.09769988732760723 0.3346957377373884 -0.21920222204260434 0.9112540156335022
205.23 30.032247258236673 35.50492366025233 0.5315298748807279 0.08604693996132264 0.3257570713458394 -0.1920067365199126 0.9217438189228324
205.33 30.08182109410506 35.502399160027174 0.5299937791044188 0.08473826055999337 0.3411726101991222 -0.17971860748082447 0.9187610676189637
205.43 30.133640883758446 35.49300293686089 0.5235513872181439 0.08040984649056356 0.34620665700009867 -0.1889333715306864 0.9154121412556356
205.53 30.19097817233281 35.47948889412413 0.5111417964385288 0.08047428220707621 0.34759495501494325 -0.20675666260465983 0.9110177383673703
205.63 30.256882064671927 35.463029889844314 0.4838882541344446 0.08762430406218932 0.3617494703286845 -0.21877233481935882 0.9019966560759634
205.73 30.312590280528 35.46358811235545 0.46855414142696444 0.09561942866900972 0.37964451417976286 -0.21574791955394224 0.8945276982421335
205.83 30.37972093798849 35.45339075938098 0.484690511048536 0.09401105262460253 0.35666924767485 -0.2153197215275358 0.9042048370080615
205.93 30.44045444147653 35.43297379450849 0.4952520542746942 0.09571202300089747 0.33151239394347504 -0.21350760225543075 0.9139766108025297
206.03 30.503925039610998 35.40899789843537 0.49496723374700075 0.10201028005942911 0.3424599914680309 -0.21170163348372287 0.9096688822787314
206.13 30.559437511632424 35.38714207083535 0.47426116652316863 0.1059245591496216 0.3597591967572476 -0.21305983551633245 0.9021966607161057
206.23 30.619563308520505 35.35307563212178 0.452685958386291 0.10019453103257908 0.35898383418087026 -0.21234869452640398 0.9033270142539161
206.33 30.67294563129664 35.32406140342587 0.4442243869670844 0.0906378255976588 0.34973673772838343 -0.20342767997642042 0.9099924053932799
206.43 30.736909810099405 35.282223120075344 0.43750181279387595 0.09377255040249018 0.3499249131718426 -0.19046059254632972 0.9124056261442013
206.53 30.801253115852543 35.23979445875551 0.44419358706279005 0.09204653683413218 0.3520457105456789 -0.19495846406825695 0.9108141687695559
206.63 30.85442609801858 35.20212006950846 0.45652646955963855 0.08284141594338858 0.3514045895070701 -0.1995748785219633 0.9109456526823132
206.73 30.91197573476844 35.177550893148954 0.4591040279175563 0.07554444747771613 0.35933343034535487 -0.19397986385060764 0.9096946381682298
206.83 30.970726660677933 35.163643819789904 0.450930820777153 0.06874233918789259 0.37880703876670174 -0.17992806287176213 0.9052102575506944
206.93 31.01699140272647 35.15586723261185 0.43841047542259615 0.07112612526468794 0.4000557684513792 -0.1639792379937055 0.8988922437871028
207.03 31.07002456714926 35.1512778974842 0.4291244889189277 0.07366768068779474 0.40126022441529263 -0.15702217574983382 0.899392762616566
207.13 31.102383204547536 35.15593350677245 0.42588218225095265 0.07651415456851104 0.3943340364925063 -0.1651220511586406 0.9007668733003873
207.23 31.147232482950418 35.15995025660052 0.41671480658620697 0.08506212354684242 0.38496071389631087 -0.17884456736330007 0.9014345814415922
207.33 31.192243352294852 35.16858412822172 0.393521765288889 0.09371967786713818 0.3631709419880584 -0.1950522085692623 0.9062439653913504
207.43 31.265066559645753 35.1934969529619 0.3709332819097991 0.09551670062297796 0.33933486012623104 -0.2189525737647002 0.9098286558726456
207.53 31.371985940113163 35.20799987051499 0.3617458729088327 0.11401414588043383 0.3475914631916384 -0.2353738774944218 0.9004332773996593
207.63 31.484237741128346 35.24523410670472 0.3765630574638851 0.13597056620825052 0.3299763447258756 -0.24252848503538266 0.9021128260881784
207.73 31.596960578041536 35.263675009957694 0.4029554951203289 0.1297686760343649 0.3042379162656992 -0.26693010439705595 0.9051782699519307
207.83 31.697004112468548 35.27271017772985 0.43694524833705317 0.13599058886662851 0.3070031640241036 -0.284770523337881 0.8978648929860028
207.93 31.777605637354604 35.27131046296849 0.45140415990991867 0.13832111779957929 0.32493296805173516 -0.28656792372722356 0.8905979225971917
208.03 31.826459165002827 35.25435740910987 0.45563334221132773 0.1396460380807985 0.3161720226091798 -0.2928145891382713 0.8915121157647505
208.13 31.87220930661301 35.22931734290258 0.46828205943822965 0.13782559057519722 0.2877922512148783 -0.30978387202289426 0.8956638205028569
208.23 31.908442877464793 35.19957339959502 0.465006384100946 0.14083130505614466 0.2721534134269595 -0.325152416888604 0.8946367804129994
208.33 31.95969062915188 35.14064408358273 0.4440898370303583 0.16094341397213247 0.2807856687976641 -0.34884107551454735 0.8795263098570145
208.43 31.993247346799343 35.09964622880525 0.45648093356067015 0.18482378654652074 0.3038275109545405 -0.3888489488096374 0.8498973505803008
208.53 32.02472618639212 35.074789147754096 0.46544018663298337 0.18424828627916742 0.29999061016117345 -0.42586246164294606 0.8334862725814547
208.63 32.04880356721439 35.05705197754473 0.4646099337707205 0.17895099957619148 0.2865559603722483 -0.45253593178252155 0.8252717441979613
208.73 32.08076265464532 35.043938436032384 0.4685533956376382 0.1800323355722971 0.2896171510713538 -0.46205089024154855 0.8186691876336185
208.83 32.106620796043416 35.02700496799248 0.4545595442763652 0.18422647396304048 0.2892367853426377 -0.458919094252226 0.819631596039659
208.93 32.14989094964988 35.00244111571485 0.4521802422510397 0.18821438967920287 0.28351805900616195 -0.45392618255338874 0.8234949146944207
209.03 32.205337144369814 34.97474072742953 0.43318009786526956 0.193247715061196 0.2890986544298246 -0.44700097775431535 0.8241768102277434
209.13 32.25234445151908 34.96471472542558 0.4392274508472828 0.2064556965719508 0.30463533477132254 -0.4320445779761699 0.8233534118488537
209.23 32.30093827956875 34.949514015103205 0.4395286888672997 0.2137203902078563 0.31493186236566506 -0.4098457365685587 0.8289559633013511
209.33 32.3325991411485 34.940224934406544 0.45622098495393215 0.2038099810614661 0.30856583545238153 -0.3940085245115986 0.8414308643159532
209.43 32.38152134772913 34.927391882195316 0.4507087152487799 0.18703624100216906 0.2917463311930941 -0.3781153347383599 0.858446455186837
209.53 32.436139959573076 34.92104154023738 0.43724822252050394 0.17645811796411287 0.30486319235120407 -0.3432311382460191 0.8706970496632788
209.63 32.49643396678995 34.90034776357895 0.4139526747610733 0.17063300659450356 0.3326745207584758 -0.3009807355263281 0.8772813899431977
209.73 32.564247818812106 34.87506417588345 0.3616815446239966 0.15302380637551774 0.34201147250641883 -0.25745530402553607 0.890689976246201
209.83 32.64068225691105 34.86153512399331 0.3105318467808317 0.13188027580893025 0.3555795524898993 -0.2114984725380492 0.9007991845121284
209.93 32.70980347751841 34.851862802721946 0.24944200634289204 0.11395581251252931 0.3719496304802869 -0.17487184499928754 0.9044818312198054
210.03 32.76751698487572 34.829565166797 0.16474550270680616 0.10080419471517806 0.38456256597452665 -0.1577872590753173 0.9039100220997726
210.13 32.81793952926676 34.807683327418054 0.06009811479678028 0.10840197269125687 0.429875464015568 -0.14503905084926325 0.884544951646206
210.23 32.854812183103675 34.79691236830587 -0.026487957275345364 0.11252995435883122 0.4816412706056327 -0.13176645411430857 0.8590671087822727
210.33 32.890071767179975 34.78537408005316 -0.0756986191966152 0.0726079390343163 0.49059387531972415 -0.13245952622294588 0.8581959045583689
210.43 32.92102661980229 34.75886111464446 -0.07535468327359228 0.05633026790596082 0.4618494466014687 -0.13783129633284058 0.8743709300650202
210.53 32.9671597621405 34.73189056468608 -0.06785515982034468 0.06925968076860398 0.4340739925368398 -0.1440850428861314 0.8865790241368562
210.63 33.00303433208992 34.71295535348125 -0.06107501793514382 0.09002371777217925 0.41181147110712674 -0.16291142084912935 0.8920576839307967
210.73 33.04976914250461 34.67308960501905 -0.05609820864970796 0.09625506586929053 0.36799710900951693 -0.19172623749410006 0.90473981890458
210.83 33.094108145110965 34.649537606652984 -0.04542422865601949 0.09003353367226323 0.35219491460975894 -0.20477406757370875 0.9088015659024957
210.93 33.132103290045194 34.61762155276748 -0.027712532658117572 0.10913261045164283 0.34739209122852016 -0.21198394481140836 0.9069022083058786
211.03 33.158504107447314 34.6098755611607 -0.020279142246633644 0.12122085189880774 0.3520146374547323 -0.19992969721203346 0.9063218612916967
211.13 33.17837658922834 34.60754390765448 -0.028199770285940583 0.11942090924849363 0.37123771500069197 -0.1805536326716151 0.902951599546959
211.23 33.20178220246769 34.60381733031503 -0.030639337829550424 0.10595666991727015 0.37714195711651893 -0.166801049010687 0.9048284579583573
211.33 33.222537421939876 34.60231871510116 -0.0312881197526335 0.08500851839272126 0.37217104192344147 -0.14216379420506486 0.9132643226205185
211.43 33.2503065211413 34.59792321821271 -0.02444730972169154 0.06342026399185027 0.35910562176433586 -0.10943802873897845 0.9246860766758523
211.53 33.26150117854598 34.60381831603737 -0.01752697853178655 0.058701336068958866 0.36194989605667915 -0.08990967622401644 0.9259928055927706
211.63 33.274357505035084 34.597086048637685 -0.008545053180113754 0.053968250948652645 0.363769042358337 -0.07906658705152661 0.9265570605868078
211.73 33.28208523798388 34.59467554450442 -0.01885516555647683 0.04905483687236468 0.3757064478694777 -0.07021565039413498 0.9227719384812555
211.83 33.28433602757245 34.59449489452442 -0.029993729300803164 0.050814566719191906 0.37984856474749 -0.06416941500758458 0.921420226523163
211.93 33.29183339955708 34.59437922477642 -0.02877103724051571 0.04928089537246291 0.3724692164602465 -0.05997824535954041 0.9247922394918598
212.03 33.2954328009157 34.59434266647432 -0.025352476722910723 0.04535330674403075 0.36667410072704026 -0.05553270588400711 0.9275825030694568
212.13 33.29837697163947 34.5982998364408 -0.022621226036779837 0.039452382519898466 0.3618865132330015 -0.04500388779376885 0.9302990439299668
212.23 33.298771304229945 34.60693057637363 -0.01121317124369367 0.03272455098874987 0.3541783172938384 -0.023729570744722164 0.9343038749752465
212.33 33.30263492570883 34.62906392117845 -0.008108335069352227 0.021669052488597334 0.34802785856223334 0.0115060234879142 0.9371630985331891
212.43 33.30467112441882 34.66012014510498 0.004212826539361933 0.002409732699358524 0.3442499249908825 0.05802132340981003 0.937080417233155
212.53 33.3009954922337 34.69805503653418 -0.006255348803435375 -0.020404394026508326 0.3445038541134262 0.11535199744846267 0.9314476216567714
212.63 33.292848757484215 34.742662273843386 -0.0033936999727839576 -0.04610147496130141 0.3425288545117193 0.18526750056399102 0.9199046641190889
212.73 33.27310786507471 34.79353108396033 0.003287267475669188 -0.06830479548256169 0.3352553947585304 0.264680617703255 0.9015999366745823
212.83 33.23803194428236 34.85325742534892 -0.0038651258211372247 -0.08568319213520958 0.32985117000564096 0.3420542873279971 0.8757028381545685
212.93 33.21837826790727 34.90320896868519 -0.003608566000570433 -0.09788036368242752 0.331356072049997 0.39302533422225305 0.8521465100441821
213.03 33.20445114166279 34.933059935522984 -0.007229557244721123 -0.1071723354254201 0.3351370235322849 0.41352509254082304 0.8397584556385759
213.13 33.20704786071902 34.961881772477035 -0.015548268028043849 -0.11277339885283527 0.3339510490677059 0.41200360521127993 0.8402451348449844
213.23 33.21547471695059 34.992220119047886 -0.0034428864167893453 -0.10678329560256447 0.3243185219343921 0.40280392283718175 0.8492136503009856
213.33 33.22800966743857 35.03195767262347 0.01530716978186784 -0.09412591792085351 0.3041744945623871 0.393608138763969 0.8623751048888396
213.43 33.24848091203677 35.077682477789075 0.044756224288974675 -0.08234282653265891 0.28485131187064455 0.38459815408126874 0.8741645433906972
213.53 33.25454570507129 35.11661101534904 0.05299886217806937 -0.07738696525110265 0.2801346230134501 0.39199157677078333 0.8728564912625052
213.63 33.257932614285835 35.146189715332085 0.05246448048519907 -0.09150264788255358 0.2941007732649992 0.41133321464230016 0.8578676979158515
213.73 33.25929891198319 35.16693496712084 0.029448172951545944 -0.10750528843171626 0.3105106837129668 0.4341078290550972 0.8387944450295255
213.83 33.26140755621733 35.204091943588914 0.012125013483183903 -0.11993147312355987 0.31766951305835733 0.4609237201920571 0.81990965745745
213.93 33.26285931136852 35.242900474926756 -0.001546811735900204 -0.1371380577552573 0.32124853894618377 0.4855360171789867 0.8014033350080499
214.03 33.277312837681016 35.27658779804531 -0.006918766326446106 -0.15654191605555579 0.30513786554517286 0.5049412303800698 0.7920983937557585
214.13 33.29355651636639 35.30777990450517 -0.01252095138587718 -0.16478489855956635 0.3026163990850226 0.5122969018350944 0.7866518522076278
214.23 33.3237346867895 35.33462722414264 -0.016863138201851445 -0.17013417649342666 0.3047107246065674 0.5141251069314354 0.7835056545561012
214.33 33.345236911341146 35.36435825815432 -0.02180666293829122 -0.18364231580381632 0.2973294832905281 0.5168861903293306 0.78147254875602
214.43 33.36299237187721 35.400978743953786 -0.030195466202928442 -0.1928729452956788 0.3082683780676322 0.5196325574777838 0.7731446431720389
214.53 33.37091217024441 35.444509997248424 -0.03857454310505934 -0.19566317465553745 0.31588866819927186 0.5268099273258472 0.7644616222270041
214.63 33.376474143947014 35.4953370850904 -0.04554068771610553 -0.19709755171458035 0.31151737190419837 0.5292132277062009 0.7642269569511434
214.73 33.37821162218668 35.55229957938239 -0.049896620624759046 -0.2065849288026212 0.3098340374210745 0.5240446619503942 0.7659652268401413
214.83 33.37229948403669 35.62924239631917 -0.04741181225476236 -0.2114769071900406 0.28853699913170844 0.5184615356634431 0.7766733894597572
214.93 33.368570723627016 35.72090976487209 -0.031224435082992122 -0.21498459606438935 0.2665665144837683 0.5147237602021515 0.7859919640138596
215.03 33.3514301290359 35.82189483322042 -0.009924602161307763 -0.2140243539129495 0.2668194124872055 0.5268987644483327 0.7780608389290311
215.13 33.33940160724126 35.91522249610062 0.013376055301290362 -0.19880195770346853 0.29349981346570597 0.5359522987137435 0.7662184901268817
215.23 33.32926943984164 35.969986375695534 0.013938491403240445 -0.19565497823547764 0.30548815631534815 0.5353708156755312 0.762741244175009
215.33 33.335083899337235 36.0165593786694 0.002403339940120909 -0.20787434709505404 0.3119844845113684 0.5221619160346972 0.7660292884002248
215.43 33.33721858181097 36.057928150824864 -0.01060913674934949 -0.21624646308054557 0.31944682912632977 0.5133300423772533 0.7666051514040686
215.53 33.338047297848 36.102319572482216 -0.020811312504423814 -0.2158479877813822 0.32206120173877867 0.5199910123760081 0.7611146927720396
215.63 33.340865116861 36.14828618856999 -0.0299734568619293 -0.21683215574310538 0.32115008013413526 0.5286333846667463 0.7552437930108504
215.73 33.343430965159776 36.188428851426934 -0.033309192739416744 -0.2205201636730725 0.31322161786571995 0.5335535281645446 0.7540448979327086
215.83 33.355272248009896 36.24256661518761 -0.04169953184515689 -0.22185919424508557 0.3066864848156245 0.5387646395125798 0.7526317566853243
215.93 33.37954475586054 36.29804445379818 -0.042425697858524083 -0.21760159310737712 0.31200870994071267 0.5367207348455632 0.7531473722885201
216.03 33.39889779040243 36.34346521109095 -0.02778279486835393 -0.2216491803421212 0.32196131364509734 0.5260402868491103 0.7553106446895178
216.13 33.406996711298014 36.3788375685655 -0.006058714737863312 -0.22336355375611341 0.30192989436699946 0.5199186915105495 0.7672233155730673
216.23 33.404781718086106 36.414153279623505 -0.0029461777209382617 -0.2286054162894984 0.29582493097265894 0.5219277566655034 0.7666932833149395
216.33 33.39857405517793 36.457546924430716 -0.006892984468030203 -0.2264848291746222 0.3050638355559704 0.5214755154549836 0.7640052127901885
216.43 33.39914107359058 36.4896605114391 -0.0014858934392614834 -0.22122646961886866 0.3088192981164116 0.5139524558748475 0.7691179125147664
216.53 33.40181692514934 36.53233572000005 0.010305662152480022 -0.2087939140997808 0.30315095040625367 0.5023561614689913 0.7823956094820697
216.63 33.408815589618996 36.56370967489258 0.0038253062014648453 -0.2108707582003327 0.32336318541838877 0.49236035792469546 0.780096821937095
216.73 33.415257901869204 36.583853026673054 -0.008715263561097628 -0.23076220754429383 0.3413681199102243 0.47735171963519496 0.7761133590137239
216.83 33.43266835914889 36.59779796872393 -0.015629438619478644 -0.2396490282725112 0.35001207935628637 0.4685128907403536 0.7749551979068514
216.93 33.457041613737914 36.60582702812056 -0.008668920486655338 -0.2092637258256503 0.3366895625305701 0.4781439609950344 0.7837264727572492
217.03 33.49329191917855 36.61380680521775 0.0002214699536301698 -0.19142001160312308 0.3322865474979201 0.4865190918989098 0.7850115940084151
217.13 33.535489709996035 36.633212900064834 -0.01067270427235515 -0.19756754010360572 0.3539722284747249 0.4874867021254932 0.7733223414701387
217.23 33.58038999011345 36.655137933249165 -0.014672760415005967 -0.20391989769091243 0.36371840842730785 0.4767947549121961 0.7738167459967848
217.33 33.62333720335691 36.668569413481805 -0.007122781481902457 -0.20963126392289075 0.34580282607673707 0.47660064887360243 0.7805939790676678
217.43 33.63115910248755 36.69506838256378 0.01746615325661271 -0.2184769342031305 0.3355705337934468 0.4913669674251472 0.7734460222886897
217.53 33.62079990476528 36.71966168149425 0.03371567887168476 -0.2195223265128423 0.33059446816429816 0.5155652177990215 0.7594140846582986
217.63 33.58967463506682 36.75644972751955 0.06295197169726005 -0.22017822707325502 0.3317391312319139 0.5462754787808977 0.7369218400991209
217.73 33.57112914771026 36.76739931394483 0.09053020639219786 -0.1919252779221866 0.3274126134833078 0.5545714428281554 0.7405512696809179
217.83 33.59015916440761 36.766529048845676 0.12174462044662573 -0.14254975589572907 0.30728354983323475 0.5327063031767956 0.7755516627869906
217.93 33.613410201100784 36.76087575357305 0.14477583748887995 -0.12427824198852967 0.30289730547665095 0.493882117616645 0.8055362156984148
218.03 33.640232087826774 36.74363879551074 0.16205672090613155 -0.11926834847907754 0.303028640445651 0.4535657505096066 0.8295943671972412
218.13 33.65781053365592 36.74069515441826 0.1635465114235236 -0.11570570085574124 0.3078024797586052 0.4196687791366271 0.8460188768945455
218.23 33.68498782326315 36.73563229668122 0.15490697816097093 -0.1208533557393277 0.31460911092753263 0.39686584202886366 0.8537640641059168
218.33 33.70086802563055 36.74141103673819 0.1468880358811269 -0.13294396971694736 0.3354434866822814 0.37592091527127297 0.8535145186931165
218.43 33.716007055688394 36.74313755995468 0.1432413231424967 -0.13334126444567065 0.3341419368861227 0.3686858126352438 0.8571114541128885
218.53 33.72758197322393 36.74428134275564 0.1447612733054652 -0.13324628648679937 0.3339100661261006 0.36433754135738683 0.8590737167640479
218.63 33.735980269070886 36.747473069356374 0.14635156148036219 -0.13440053545727257 0.33251317991956353 0.3598393000388784 0.8613287173873333
218.73 33.74075185369039 36.74786532243935 0.14914967992738448 -0.1299936917121803 0.3310452660340236 0.3568503901374982 0.8638104369653197
218.83 33.74762135754541 36.75009316258559 0.1554954253443073 -0.12409918353558483 0.3291775895075339 0.35124029225014625 0.8676818335725617
218.93 33.75049146122346 36.745903455808474 0.15985074797385 -0.12040291254151331 0.3278482242785927 0.3403903017834134 0.873013816007909
219.03 33.75592716635584 36.74139031118919 0.16265770613931413 -0.1158672585167078 0.3291118133479833 0.3261431762735185 0.878573173554056
219.13 33.754774343055466 36.731561439192774 0.1648437126826675 -0.11063784445386374 0.33185931747590086 0.3133864535488774 0.8828463011821986
219.23 33.75940230829779 36.723795631010425 0.1625002674744957 -0.1048646207091209 0.3301965163406202 0.3003999323536539 0.8886695406966365
219.33 33.759898956514604 36.716958762586835 0.16782578844171 -0.10041600781218417 0.33127294900316007 0.2893013128533027 0.8924570628412153
219.43 33.75937998390435 36.70733650779386 0.1699431025552609 -0.09649554369071817 0.33024043525819197 0.278466056842632 0.8967087153333734
219.53 33.76422435147239 36.699553542514025 0.17271141728407347 -0.09469252466030116 0.32727830148945 0.2714967418437094 0.9001176358209461
219.63 33.7653401407037 36.6935603216252 0.1730609043911579 -0.09280385310029542 0.32649455025538676 0.27120033922170966 0.900688142205337
219.73 33.76911194182038 36.69569639744859 0.17034662485983246 -0.09374437493360838 0.327215089630054 0.2829862534941427 0.896694517447303
219.83 33.76175722373431 36.70008138498588 0.16661972530997093 -0.0998301964510183 0.33187593954082567 0.3068933868734496 0.8864021331900035
219.93 33.74420812063249 36.71632166532886 0.17308091022162636 -0.11111500783405798 0.33011846467288747 0.3487086049563531 0.8701020418005274
220.03 33.72112886238596 36.73742273739653 0.17540485512073334 -0.12559594591624781 0.32261529597488886 0.40919038254619466 0.8442205043731978
220.13 33.68582442379488 36.770071259946604 0.16899762127523474 -0.14645476869000332 0.32272576242077344 0.4751356499556981 0.8053851234900385
220.23 33.647783389569376 36.80841445667796 0.16035089268684877 -0.1679282701185422 0.32319432162375217 0.5330215578435463 0.7636972865207755
220.33 33.60407769347656 36.840588273391305 0.15929408946994586 -0.18731141272978685 0.31797724213582107 0.5730726066049678 0.7317053339315334
220.43 33.56045829656573 36.882164680137414 0.16050231521525804 -0.20231759980667854 0.3056565797917161 0.5970906852731089 0.713529507167422
220.53 33.52410174752054 36.915535528002216 0.18184100891817367 -0.22311180546047205 0.30675157153926763 0.6096771135412484 0.6960017333644865
220.63 33.493435261411655 36.94421167798016 0.20874710122105314 -0.2371161946954654 0.3111645306661857 0.608343134179942 0.6905585971983548
220.73 33.48445308761267 36.957255462010835 0.2490733966849747 -0.2438751094467217 0.3060835993257919 0.6009064894844595 0.696957066189576
220.83 33.49106061784087 36.98350547087451 0.30583736577630105 -0.25106166959611786 0.29781192296563247 0.5952888381421053 0.7027853838708829
220.93 33.5018741671324 37.00215603027543 0.34988124566145934 -0.26832744292425015 0.3262889812788148 0.5829819046170361 0.6940230420950442
221.03 33.51798917903879 37.01722032932132 0.39316896467056733 -0.2745058139426452 0.35267156281648515 0.5778649014518444 0.6828919991933673
221.13 33.53645803848421 37.02040121757112 0.4436291783043524 -0.25992333485070085 0.3456875596199919 0.5849204801644804 0.686154503744032
221.23 33.55573611615104 37.03294117944869 0.4753974024881989 -0.2501245825968835 0.3398075626811388 0.5907999450349691 0.6876946549684068
221.33 33.584442402466394 37.05520687174761 0.497090347635913 -0.2435205882871287 0.34203184021604116 0.5913943237331724 0.688450940310857
221.43 33.61337553745899 37.088641220896946 0.5187719960561545 -0.23412879946235562 0.33392862698759734 0.5932234749963872 0.6940902578582306
221.53 33.65189117174312 37.13403027794715 0.5341531506906013 -0.23071875624932145 0.33609245591404097 0.5885460846408803 0.6981577349326759
221.63 33.67872974760407 37.177238959950614 0.5453979669476886 -0.22846939823107032 0.332812357484161 0.5891769979264996 0.6999343782756247
221.73 33.69496124038935 37.2126119969383 0.5528312538919631 -0.2383837406872558 0.3389099040694073 0.591740910739184 0.6914882238022405
221.83 33.69910323600171 37.24897434747064 0.5632091690316382 -0.2421927004405676 0.32607574232278824 0.6022077155697607 0.6872868203524627
221.93 33.69318503269788 37.277598607514356 0.5666722636522422 -0.2415110260737266 0.32150682227866945 0.6115099638339376 0.6814406442566396
222.03 33.69212445318636 37.30712858637076 0.5626449855115364 -0.2469316150681308 0.33006333505630875 0.6092732422944491 0.6773987662782984
222.13 33.69116198627835 37.34518619734368 0.5588206836974561 -0.24697948267147893 0.33202664172562807 0.6043642296551145 0.6808107829912141
222.23 33.68311872029116 37.385936232449005 0.5540735146269533 -0.24585926593391033 0.3357443340770017 0.6045854962215267 0.6791946269282465
222.33 33.67617921870895 37.43736322326846 0.5557687365608736 -0.24644806024502758 0.3391377152604795 0.5995364572552728 0.681766089000591
222.43 33.6623933159879 37.48490427288381 0.5645962917363611 -0.23840305370612686 0.3284491109781916 0.5952646147637559 0.6935021296949179
222.53 33.64645078761498 37.53845931494285 0.5786081539624905 -0.22777607813493334 0.3206539055913637 0.5989806109804269 0.6975108305452956
222.63 33.63274742120953 37.58673116543391 0.606099875968205 -0.23127095369898773 0.32834391959442893 0.6006368140751998 0.6913316382302505
222.73 33.61959189587554 37.63289488132132 0.6324386407934143 -0.22609546757053836 0.315993822013279 0.6069606216999492 0.693273068638261
222.83 33.61725648217346 37.67268611941814 0.6413475696947637 -0.22546447215814766 0.2994634598793246 0.6137875603517547 0.6948037411737168
222.93 33.61547656129109 37.71933381222597 0.6490913476015547 -0.22525748391213057 0.2950341120324368 0.616634858127547 0.6942444745338833
223.03 33.62421954732785 37.769109535882855 0.6518271334426777 -0.22574631556640212 0.2867872147306893 0.6200328451021667 0.6945149137849529
223.13 33.63705611185845 37.8285086482184 0.6525778306217372 -0.23885191083777602 0.2945285551113046 0.6211532601560925 0.6858362212005487
223.23 33.654152779261324 37.88274957266572 0.6665964675482425 -0.2407860791044286 0.29024697230199176 0.623269070462802 0.685065270600895
223.33 33.66821155062321 37.931867025443395 0.6979737139827467 -0.22654941367446838 0.25520990302764535 0.6372741555465803 0.6909594193820412
223.43 33.684887509043264 37.974260249210104 0.7173627746246883 -0.2353565907891967 0.2645629478656061 0.6438517572526751 0.6782835959032104
223.53 33.699397803625985 38.016583583127314 0.7329948195284508 -0.2228061252278882 0.26388351151243866 0.6527298125236392 0.6742897854451411
223.63 33.70803475714482 38.0509711652221 0.7393229406214562 -0.2207642532869529 0.25873883807638237 0.6524759687242205 0.6771945572573126
223.73 33.71427404543393 38.095213947508554 0.732613758472816 -0.23228339363266562 0.26443377205122814 0.6385413334146347 0.6843859808341427
223.83 33.71246824474881 38.143249292068475 0.7292142403983647 -0.24200136538169628 0.26816234543310397 0.6230573161479963 0.6937750906739641
223.93 33.71262209092372 38.19689425473024 0.7286957170823627 -0.24118011543262924 0.261301864391354 0.6160178642209844 0.7029050281127054
224.03 33.70502338782315 38.25477236913853 0.732985682872578 -0.24152986386686304 0.27175806398524355 0.6146968015735863 0.6999705148466254
224.13 33.69797329047699 38.309239560992246 0.7524828374947211 -0.2465632456292982 0.2965766387411323 0.6165908638231762 0.6863414382853097
224.23 33.69542463132676 38.363653365718484 0.7800534908332782 -0.23238919701216526 0.28707610141767387 0.6235100376295205 0.689070247567042
224.33 33.69698154761636 38.40729403681057 0.8019069515729067 -0.22003093673407184 0.2749381377856348 0.6279706430170643 0.6940088463266365
224.43 33.70006111623434 38.45762858233366 0.7992339349085393 -0.22046532000060257 0.2766638022915721 0.6300949367149112 0.6912543337331302
224.53 33.707661616711015 38.51346453894243 0.7937520763598963 -0.22177381394335052 0.2772232329616525 0.6308940818476593 0.6898813753428256
224.63 33.71682265387281 38.58301648014074 0.7866202365218042 -0.22651397364560275 0.27456083511378776 0.6353998238887799 0.6852553037861191
224.73 33.729986016570756 38.65263393295746 0.7988849670357311 -0.2278922966463758 0.2684415589804153 0.6413281058490554 0.6816909059019838
224.83 33.74084857084715 38.71988340588434 0.8131637582065275 -0.2377349968632485 0.2725473215550675 0.64051740486702 0.6774492474289184
224.93 33.75171819257325 38.780587798661536 0.8362328661871262 -0.23488056931076048 0.2603309370024054 0.643518503543372 0.6803990424721376
225.03 33.75406143182263 38.83743345092943 0.8417078406812996 -0.2343575720193072 0.2597329321177078 0.6511865936238396 0.6734770617440018
225.13 33.760966798862185 38.897765168271356 0.8445349944089375 -0.23204947451263644 0.25577801076466267 0.6552341727965973 0.6718622101199324
225.23 33.76387259743283 38.9611601201573 0.8388005257329628 -0.23586533538510815 0.2572713167050303 0.6517889566160248 0.6733128316005305
225.33 33.76517644905755 39.024209207128855 0.8369429602814261 -0.23592752924736723 0.2523614117475429 0.648291582521632 0.6785056689782466
225.43 33.76306389818091 39.09368108906069 0.8356032823640612 -0.23172740056741847 0.24475585304611075 0.6492211090087013 0.6818423101006932
225.53 33.75897328724174 39.17314847606443 0.8616890844653403 -0.22354283282226067 0.23793855662072144 0.65397582029478 0.6824437497968725
225.63 33.748750985118704 39.245657630464656 0.8758920287726619 -0.22976722328393046 0.2575748252177682 0.6567080906627473 0.6705197358590705
225.73 33.753552554007484 39.31510324133935 0.9063140246051885 -0.2076539398389517 0.2429919617338676 0.6575395544129133 0.682258369083557
225.83 33.76267180664359 39.39081145205612 0.9133248589636943 -0.20836680982224207 0.2458877449583285 0.6531385079287823 0.6852244733694015
225.93 33.777488281608726 39.46697117927892 0.892042918221573 -0.2172618220670167 0.2663745945391409 0.6448604127728819 0.6826396736892875
226.03 33.79914294462889 39.54708910616528 0.8879964134965376 -0.21747413292983703 0.2661976957329952 0.6415585731432402 0.6857451316044971
226.13 33.81695959683298 39.62781461811468 0.8795271507605863 -0.22373651771870987 0.259877229261448 0.6446805617455249 0.6832223427684232
226.23 33.837317536663086 39.711823521166984 0.8817521071945063 -0.2271275449018209 0.262457452688573 0.6486435809947942 0.677340880730926
226.33 33.860486456631996 39.79702330658426 0.883418706411725 -0.23446099705196916 0.2686379871477998 0.6468728937306799 0.6741046892575896
226.43 33.8802324417146 39.86922124685918 0.9043089004318 -0.22814589471070573 0.2589815424655397 0.6491867370022526 0.677816045759607
226.53 33.896523920020556 39.938643264935884 0.9105793144263279 -0.23317656740707185 0.264439255893923 0.652486045218521 0.6707924635456317
226.63 33.91650347222952 39.99821370446933 0.9273228481414519 -0.23155148785183277 0.2667165034953133 0.6486580197290889 0.6741579849545462
226.73 33.930545591414315 40.068254403935924 0.9248354703515991 -0.22422114539162266 0.26554693754781006 0.6375984300652637 0.687515777198283
226.83 33.94330711702648 40.14257317880521 0.9296991254121734 -0.22749336829497238 0.2747952719775485 0.6231212851007112 0.6960274347574466
226.93 33.94980979820435 40.21809777927596 0.9385487630864563 -0.22952485671921408 0.28834159861927916 0.6145332104609788 0.6975144413517366
227.03 33.94897365356898 40.301341576697 0.9619600459092463 -0.20774997055740016 0.2748418989275334 0.6283235148011274 0.6975037211909801
227.13 33.948921305110815 40.37955677847538 0.9775435260403442 -0.20295869089651342 0.2811474213390405 0.6387582042045258 0.686841942389507
227.23 33.960286199836354 40.44609593172157 1.0048509058361101 -0.19466751529821913 0.2594393582308583 0.6378032404341011 0.6985719750892805
227.33 33.9808394642703 40.521885989084154 1.0181781266855854 -0.1920817796622683 0.24518025027720783 0.6330398940116948 0.708697204301981
227.43 34.008093329121984 40.595327936700464 1.0167752321618257 -0.18842355184306836 0.24404112582109969 0.6344398273578702 0.7088205693128049
227.53 34.020337318806796 40.662050047311034 1.011555829034861 -0.19280280600162533 0.24003931454417188 0.6433546278814223 0.7009301165270475
227.63 34.03490399080426 40.72712542412303 1.0207445033908347 -0.1995013284613638 0.2392999696921415 0.6505591122122799 0.6926092592256196
227.73 34.04285768885849 40.79446290885806 1.030848173169885 -0.20522377890995017 0.23978320071371179 0.6583424371748163 0.6833538268277503
227.83 34.05287537213756 40.85475021137066 1.0400402178157349 -0.19701039719678903 0.22942590366249568 0.6680696449139187 0.6798776416897391
227.93 34.06210992603955 40.92355266714108 1.0339623638452489 -0.19997844973549375 0.23354429569480317 0.6677158702586828 0.6779536844021845
228.03 34.07141667283466 40.9943650780172 1.0165983124832185 -0.20992763383030263 0.24688959348519296 0.6632769402228164 0.6745662441538155
228.13 34.078950495418425 41.066123215860195 1.0080773926883257 -0.21026272184015235 0.24853018301873606 0.6620309922417177 0.6750831809817891
228.23 34.08147444240046 41.142076010334655 0.9985641464691264 -0.21193875773536433 0.2501206128674973 0.6618748376902821 0.674124128941281
228.33 34.07976184385636 41.22616126761297 0.9992913446323991 -0.20786465628148107 0.24928957564771248 0.6671381906144441 0.6705025180907607
228.43 34.07578711836551 41.30457477795162 1.010539130563724 -0.2079617210707751 0.2575542749655565 0.6696426591420598 0.6648281184437063
228.53 34.080342096852355 41.38437513474542 1.0327876644974086 -0.19794131981593377 0.24631283569410256 0.6673434264814622 0.6743900740771899
228.63 34.10364174698976 41.46128664352037 1.0331212336464815 -0.19996359601766914 0.25178159087967 0.6536141868526564 0.6851343558067466
228.73 34.124433929502125 41.53152539403377 1.0377748513786595 -0.2054785705324052 0.26264868502576405 0.6423240205564112 0.6900826602099515
228.83 34.1411964208561 41.602805240145294 1.0243221174831392 -0.2145881911346157 0.2675072324085458 0.6426115764094641 0.6851584858258981
228.93 34.14614156036604 41.665313341595336 1.0477454688388592 -0.22016636288915623 0.2672224471012736 0.6390921388027273 0.686789760070666
229.03 34.14402946529011 41.717113839584364 1.078873013636005 -0.20866807486791628 0.24454537819445443 0.6433266372700264 0.6948280580931435
229.13 34.12994799896104 41.770322627605566 1.0890057571213672 -0.2138884202260448 0.23548512939561342 0.6487751759051011 0.691295355586918
229.23 34.121338544173405 41.824193920418644 1.0892398245260853 -0.22130357214286978 0.23336082595516683 0.652888841663511 0.6857868577755094
229.33 34.10996579165122 41.884447479353895 1.0905702648232365 -0.21844261797129394 0.22836342402598325 0.6584563516430109 0.6830579786533145
229.43 34.09394389147659 41.94309040911704 1.091955156011362 -0.2182806429674239 0.2330909141321752 0.66255941738695 0.6775228446972253
229.53 34.078281154299574 42.009216008326824 1.10558381930747 -0.21499103909488465 0.23998652588715233 0.6646896998271986 0.6740718978307476
229.63 34.064083477264035 42.07596767320928 1.120538558179202 -0.21245156234911433 0.25337718270478105 0.6652719430152133 0.669385971452025
229.73 34.05316456998911 42.13040271439093 1.1286429900440245 -0.206527814173149 0.24738639854015004 0.6660868002331093 0.672662327134063
229.83 34.05206956339645 42.18595164642044 1.1376976440545326 -0.20693812915481918 0.2546118587958226 0.6558199853873109 0.6798893724930748
229.93 34.05877101847719 42.233772929157105 1.1317315410088185 -0.21585796718965333 0.2655221447981657 0.6411770091737165 0.6868736212212407
230.03 34.06853782323008 42.28668344020404 1.1190828110191342 -0.22106596424936656 0.27078755410619937 0.633436142756853 0.6903351309624911
230.13 34.07793840283059 42.346410343483385 1.1127732387084033 -0.21661391581558231 0.27034857918860106 0.6327228343115041 0.6925690378197409
230.23 34.09851154338745 42.407040101273836 1.1251082758967417 -0.21320331081833507 0.2743496886179436 0.6285492709740841 0.6958465423994614
230.33 34.11615180485151 42.46018984035599 1.1374974522980912 -0.21562108975440944 0.28557301121518275 0.6189023572704809 0.6992249087980607
230.43 34.13020307046674 42.50481326688188 1.1442737194508472 -0.20702970896277434 0.2806540856222858 0.615460854933197 0.706809677264825
230.53 34.13431182586603 42.543750878569526 1.1517595619684375 -0.2059139944145545 0.27610514012759785 0.610518537221928 0.7131847546097433
230.63 34.13292670688566 42.58528425544577 1.1386715825111966 -0.21624478303219732 0.28342433112349985 0.6053667333478081 0.7116459516461527
230.73 34.12435371452129 42.644077836764104 1.1259540949810374 -0.2217341513490139 0.2804538151670534 0.6050141653197102 0.711433400569773
230.83 34.114223290728155 42.70887207528452 1.1163068913365308 -0.22436017089329352 0.28763364813286135 0.6036253174146172 0.7089188066024318
230.93 34.10511443771403 42.77328124323034 1.1174120237316723 -0.22588065901496532 0.3038856998698312 0.598258810798857 0.70619955012668
231.03 34.09448519244759 42.839109832367505 1.1295385602502588 -0.2346994440727531 0.321569253571533 0.5970857831069651 0.6964179447149031
231.13 34.08033169173425 42.896574723017686 1.1556341445025162 -0.2367357877004788 0.32027179871065575 0.604261776968335 0.6901085759991288
231.23 34.07135602984306 42.925984956446094 1.1843327628656835 -0.2112772681234495 0.2870002258350216 0.6216220247940176 0.6975520372244097
231.33 34.06025196001869 42.96199357144807 1.2018003607799634 -0.20756048213134742 0.2795082262902389 0.6317568175455587 0.6925872661103402
231.43 34.054365274549426 42.995974431480875 1.196564440338114 -0.20844992897645112 0.2808911270720432 0.6350312836238028 0.688755450549043
231.53 34.05608414778848 43.04182349317567 1.210368281473511 -0.20464139842847734 0.2728138478516286 0.6371282399700324 0.69120337694655
231.63 34.05308125830751 43.09272782166002 1.2015575823197482 -0.21601592196232958 0.27625656650512576 0.6361920920578291 0.6872256201020495
231.73 34.05620654296049 43.140693664866546 1.2083773525841177 -0.21800295522273974 0.2656690411001718 0.641007039265566 0.6862977835656039
231.83 34.05716889427762 43.19963633485431 1.2167838403524445 -0.21734409234364394 0.25601579126317825 0.6536845187770715 0.6781696027236807
231.93 34.072110872287205 43.24994571466802 1.2341804742491798 -0.21532246125386437 0.24972774852512808 0.6588508466491017 0.6761566764928899
232.03 34.079516399666566 43.303973361370005 1.2521813685062875 -0.2074630555831892 0.2454453167443285 0.665818510169226 0.6733508658733537
232.13 34.08313547077121 43.360469142994425 1.2573540757417225 -0.21135724335573286 0.24549582855448857 0.6681914592292907 0.6697612168948288
232.23 34.08491719686595 43.4143872802022 1.2428050554185215 -0.226204533260385 0.2563490409052277 0.6625271972253347 0.6664640960293089
232.33 34.08734775644497 43.466139935193276 1.2316469586508474 -0.23990078312476615 0.2634189040856316 0.654230626563919 0.6671134704772725
232.43 34.087797509325036 43.517043343215725 1.2317009778928343 -0.23926575252247714 0.26301158720295126 0.6530833790377725 0.6686246366171699
232.53 34.081546383522266 43.56753472764484 1.2406632692274857 -0.23153834565814527 0.26017538312173916 0.6563077519345475 0.6692973175338193
232.63 34.074317559717365 43.62601060065471 1.2539284388590246 -0.22841271200883514 0.26119957542901306 0.6551553222867534 0.6710990377491332
232.73 34.06511025889906 43.683989529547844 1.27677059393854 -0.23532697922799 0.2719682584784599 0.6494967559711518 0.6699316705534775
232.83 34.057235083882404 43.74493619731092 1.3052356087934642 -0.24558307726289222 0.28580222385984294 0.6376958780634405 0.6718258763249256
232.93 34.0483038887907 43.79364439123388 1.347279726522697 -0.23090499656551228 0.2660308993474742 0.6291381533631176 0.692889332531755
