0.0 0.0030505360330266356 -0.020925224927999694 0.04650621132304615 -0.02613520368392234 0.15124819856359178 0.004000337837271207 0.9881421612586196
0.13 0.005725801235952774 -0.017293652454911882 0.05145649525460695 -0.026046388929699894 0.15170445434769964 0.004483058151118333 0.9880724904299295
0.23 0.012584199024744024 -0.0021872375463690176 0.0537880534070604 -0.025160013702955154 0.1516312187761558 0.005404184276381392 0.9881020908768647
0.33 0.014843649798815335 0.005413898076765886 0.063588669317271 -0.026191508194383543 0.15094838928402926 0.00517482586122606 0.9881810612678056
0.43 0.028870292354949152 0.031110558405727684 0.07095045276772559 -0.026498811645052543 0.15134159000080674 0.006187506500442418 0.9881069025569728
0.53 0.03660096916540003 0.028498009022483693 0.07539437032146881 -0.027195227856226797 0.15148967043325362 0.0064769762251433395 0.9880634332434588
0.63 0.05003082127016325 0.033361920703121224 0.07847698470921988 -0.027163176368261238 0.15035322709513257 0.006746071763594523 0.9882360848842886
0.73 0.051923857702304774 0.03145571331285053 0.07364207627866631 -0.027088651976774528 0.15146612428114484 0.006648526804133237 0.988068831216057
0.83 0.059555506083567564 0.03003524453363737 0.0715776636718603 -0.026588817935243408 0.15024872677062873 0.006468449212464468 0.9882694541618685
0.93 0.057686235325523125 0.031938718427836035 0.07517799581509352 -0.02770942197959463 0.14934839628278535 0.0069328253447639215 0.9883719848286149
1.03 0.05883399787196796 0.021118394432179333 0.07248596628531404 -0.02780933280674339 0.1507873698535695 0.006194974528032165 0.9881555709462372
1.13 0.06017499609140512 0.01904592485943852 0.06821653211366936 -0.02785398810423718 0.1526361023915661 0.006219026107368892 0.9878702846566833
1.23 0.06210371946639477 0.023732936498922424 0.0695894330808002 -0.027567405370730134 0.15248146403733956 0.006537736325066641 0.9879001464165796
1.33 0.057647864919896125 0.024467780262878592 0.0696194656353123 -0.02833805349374432 0.15006218461965523 0.006632467034604545 0.9882480993416569
1.43 0.05150260017253377 0.02535245645578146 0.07162940195352893 -0.02901104087096695 0.14734865603959607 0.006502692637232763 0.9886376727898718
1.53 0.04186005052504452 0.023168163561255964 0.06956823020743878 -0.028852115455730635 0.14692645505687602 0.006233480239667681 0.9887068908236915
1.63 0.03509125113674774 0.02534181534806367 0.07184713456079983 -0.028393323581441855 0.14831868556375125 0.006739427931305478 0.9885089614160306
1.73 0.032203158562986896 0.021711112785530343 0.06834592468922396 -0.02850222689585211 0.1494934669677402 0.0064156264634621695 0.9883310002893889
1.83 0.030518488904853192 0.02641545419288039 0.06874367870816118 -0.02793330510055407 0.14904873309236288 0.006433926599067371 0.9884142907800549
1.9300000000000002 0.026144002073849735 0.02305935074229135 0.0687806527607756 -0.028401632750309755 0.14806927615345772 0.006420793155219668 0.9885482335889159
2.03 0.01565654997846381 0.029431518920478537 0.07122972600775859 -0.0286120986919038 0.1476862088477174 0.006696449487622463 0.9885976376104147
2.13 0.021108519813086833 0.029972161795775897 0.06876174481596242 -0.028262853454593666 0.14833333467468854 0.006613921177915244 0.9885113499528184
2.23 0.022524192185590017 0.028486614460673264 0.0663161623192311 -0.028101484165883737 0.1484033911980732 0.006694920896248566 0.9885048902776249
2.33 0.024477603022701567 0.03073168827081057 0.06911577878412471 -0.02792834498207729 0.14900990382631563 0.006296030007703665 0.9884211734449927
2.43 0.018889898686655096 0.025227608457217197 0.06866921729762393 -0.028214873394781723 0.14885257457239337 0.006666529117217134 0.9884343121077981
2.5300000000000002 0.01694483386034831 0.026133946593612536 0.06952652967328873 -0.02847160429328247 0.1479803496474787 0.0064394716122793995 0.9885594150442003
2.63 0.014549916631115295 0.02462373793292389 0.0728414714486246 -0.028452905665754282 0.14798654655277013 0.0066334557501181 0.9885577431103213
2.73 0.017083931799102933 0.02475377993667328 0.071361877185879 -0.028700553031532426 0.1475095599662892 0.006718999298249215 0.9886212940366326
2.83 0.017732950117883905 0.02847866824537608 0.06802161365910767 -0.02864055276701955 0.14763989948002168 0.006550208371448202 0.9886047104829205
2.93 0.01543845594262649 0.026278291526260388 0.07632619265427161 -0.02856224131186364 0.14799452900640708 0.0062101836933310915 0.9885561447757581
3.03 0.020833065633049055 0.025342918022052834 0.07445993233308809 -0.02832699210870746 0.14822881513214597 0.006537247818292709 0.9885257023838863
3.13 0.022368245250314774 0.029260474546168858 0.07190900723328884 -0.028407022985709383 0.14701388897012968 0.0061872288040662835 0.9887070727443462
3.23 0.0170645853045143 0.026593289210739397 0.07407886325562865 -0.02846169375848105 0.14710151907883467 0.006615280622605541 0.9886896950688734
3.33 0.015590254604550446 0.03056681488242734 0.0768912979545274 -0.028840407574981825 0.14711286081644281 0.006360840492666191 0.9886787025022525
3.43 0.01666553578806534 0.030292381091262015 0.07255627202938048 -0.02866786868564621 0.14742888788894457 0.0063828271526666005 0.9886365033916109
3.5300000000000002 0.02342991049656078 0.03594692590900872 0.07900759762748671 -0.02848230591079809 0.14792735406531565 0.006358452273188371 0.9885675628169923
3.63 0.02192390499103633 0.035627088009344415 0.08085754301753886 -0.028320478787009117 0.14821377474562808 0.00625699955561673 0.9885299577723925
3.73 0.022837451326217378 0.03745855036887648 0.08086272408720363 -0.028160730164167955 0.1486147236132222 0.006090057965189788 0.9884753655989447
3.83 0.021278830691720672 0.03573203138798986 0.07946112566882355 -0.027681332581950754 0.14868628476012008 0.006411429127285087 0.9884761130787459
3.93 0.026762449644758542 0.03699975729067637 0.0799221253122008 -0.028229234264938285 0.14864699517716765 0.006465573666210491 0.9884661741884653
4.03 0.027940019073847695 0.03767017221818319 0.08740758316624808 -0.02839678368688269 0.14803748685004295 0.006478185155712753 0.9885527594824933
4.13 0.0258164469201973 0.036331639903886014 0.08193211904205244 -0.028599934579746415 0.14676088811964025 0.006196776623510093 0.9887390380782217
4.23 0.02480546968973303 0.030636378053519427 0.08378335960893485 -0.028726693503816122 0.14646015012111394 0.00636366095464857 0.9887788960764144
4.33 0.03220580011697672 0.03890408563958454 0.0841392806367254 -0.02822208320523846 0.1460170768565518 0.0065717673546838926 0.988857592962536
4.43 0.033597675040247375 0.0373692390698607 0.08579177258129522 -0.0286222424077928 0.14613260995124283 0.006397164601208181 0.9888301693584458
4.53 0.022644257530502053 0.03682713758666187 0.08493033790854232 -0.028613859447991476 0.14629155851367934 0.006481141026497751 0.9888063621185516
4.63 0.024879432856607164 0.032807842401348694 0.08373139889961981 -0.028781539785565014 0.14606974618810772 0.0063810963135227 0.9888349376038205
4.73 0.024302158783540712 0.03652171606287366 0.08612962653831234 -0.02853454646829838 0.14671390667683287 0.00630335651880422 0.9887472260097961
4.83 0.02542825559393515 0.03433291657842615 0.08480787763660061 -0.028884542947315784 0.14705246629165208 0.006315648502582305 0.9886866884510275
4.93 0.022988840717977826 0.03613756239764069 0.08266351120877119 -0.028728452827176173 0.1467498791528354 0.006298816728172815 0.9887363014851885
5.03 0.02213694837323743 0.03624811676643534 0.0831233061822168 -0.028538065624778133 0.14700351082357774 0.006352815651261634 0.9887037920172246
5.13 0.02231212681944631 0.03645731487104735 0.08252286889415636 -0.028517366213882997 0.14697679359461305 0.006284816972926161 0.9887087958769694
5.23 0.020914276590197796 0.03642246277498902 0.08314745833027044 -0.028627908630716827 0.14661539395972378 0.006305181238483308 0.9887591282971886
5.33 0.021512294178447924 0.035954660598268726 0.08273740786553699 -0.028874818025488094 0.1460612869919404 0.006486905767263956 0.9888327792806121
5.43 0.021198181657718435 0.036156969898780325 0.08252331892601905 -0.028878841237400078 0.1458909773608196 0.006496468130068647 0.9888577406054547
5.53 0.02062387760350975 0.03640925714514509 0.0832315939341978 -0.0290005083862093 0.14661757636437503 0.006342625439646596 0.9887477069085472
5.63 0.021899585003733922 0.03617779992663027 0.08331772816344614 -0.028915441248786797 0.1467390041811546 0.006453049532702563 0.9887314701480071
5.73 0.02012307244673401 0.03642716604256373 0.08237996443045965 -0.028584572122586343 0.14655865722007944 0.006379756461548639 0.988768315096063
5.83 0.020621113737243145 0.03684219602082561 0.08265538297390385 -0.028654956315975134 0.14692873721771077 0.006249114813654131 0.9887121867470756
5.93 0.0216984481794041 0.03606631629954391 0.08269952533676539 -0.028790468148824317 0.1470419666619135 0.006397610907431288 0.9886904670111093
6.03 0.022639140815840987 0.03640740947430669 0.0821130430201294 -0.028915770793860422 0.146892676583892 0.006467130228388301 0.9887085495696021
6.13 0.020669879275377057 0.036482714616109524 0.08318759273397684 -0.02898182332548479 0.1469341390843897 0.006282361527454118 0.988701645908359
6.23 0.021102094043452604 0.036900247519361995 0.0834470282388454 -0.029054627983567144 0.14703558667387534 0.006375783808331336 0.9886838292523222
6.33 0.019382140560595718 0.036892109883942995 0.08328435748935294 -0.028961524107976474 0.14718363585372002 0.006328212942945483 0.9886648376366843
6.43 0.02167870078747483 0.03702648941139482 0.08322995488223695 -0.029062709244631436 0.1471373488823861 0.0062698736960821455 0.9886691297795539
6.53 0.022316222166872002 0.03660016039151474 0.08343311578820234 -0.029247049264950878 0.14714429836814605 0.006262788065882374 0.9886627043904718
6.63 0.02064390837118395 0.036165053774423625 0.08444076320942495 -0.029100098088786486 0.14731426690251065 0.006430205026425871 0.9886406543944656
6.73 0.023043546954335057 0.03597518650465557 0.08347591590913794 -0.02910379671939463 0.14715707866780933 0.006434404112979678 0.9886639275599082
6.83 0.020334441977951666 0.03705154682371632 0.08405774194406923 -0.0291217566167285 0.14725147128734353 0.00621965728674251 0.9886507185849328
6.93 0.022942092459665865 0.037038293642626785 0.08324681093783312 -0.028833662045169375 0.1471305497135898 0.006349761720087595 0.9886763382422683
7.03 0.02348732611826622 0.03588495287103319 0.08318625075144151 -0.028871715177326743 0.14722923000731777 0.006355441519982625 0.9886605010099564
7.13 0.023729281918555136 0.03672498964671124 0.08334592264639862 -0.028726497681835453 0.14857729955737997 0.006392765504371208 0.9884627999759921
7.23 0.0239754029988921 0.03618630653579062 0.08279330016497405 -0.028726376516290116 0.1490058170411251 0.006487608202885911 0.9883976794387759
7.33 0.0234584630171364 0.035554337502349674 0.08361999226715666 -0.027896952296609018 0.14948809184943992 0.006567679223527932 0.9883480844507115
7.43 0.023352633253949345 0.03398982068753094 0.08447078855008971 -0.02760687035904858 0.15176650352997406 0.006304563120698309 0.9880106485251676
7.53 0.027043834862873657 0.034094688778579 0.08232976641787258 -0.02666323133582678 0.154469697063829 0.006423763638724525 0.9876167880531674
7.63 0.026063307053366576 0.034278448478661044 0.08307372566692364 -0.0261708833556754 0.15632452126229845 0.006340616229375333 0.9873386073188513
7.73 0.02544140719365621 0.03474416555000944 0.08459277085315811 -0.026519607997959847 0.1554690335618971 0.006416371341357825 0.9874638829718149
7.83 0.024657713858157664 0.03467334329500554 0.08286769827739995 -0.026084434122464493 0.1556226520608719 0.006244316575591768 0.9874523790910402
7.93 0.02798205946155676 0.034893448415754945 0.08318030838960849 -0.025333992863338636 0.15741187922087413 0.006111318400680136 0.9871891109980695
8.03 0.027848031784284435 0.03304357462575831 0.0854978540998238 -0.022883712942508915 0.15994852484736147 0.005514651039155469 0.9868446654388088
8.13 0.02966088130287562 0.03363451014836023 0.0845885929097291 -0.023382272302156025 0.16061167715001498 0.0045779752733106065 0.9867300545982393
8.23 0.03368592087329454 0.03429938340114408 0.08495140266252466 -0.023754890918336696 0.16128279421046876 0.004015769840799545 0.9866141287462425
8.33 0.03193674374380656 0.03300252684416548 0.0871664299297847 -0.02256985699345063 0.16438263262738667 0.0019676630430694505 0.9861364408376428
8.43 0.034098481538958156 0.031379605637439724 0.09035370142007887 -0.01679133032552731 0.16603448379967897 -0.0028419520730991266 0.9859728823470184
8.53 0.03663839781553758 0.0297390490268492 0.09211485758904653 -0.01415362368716549 0.1652704340751335 -0.009214114500387243 0.9861036754069588
8.63 0.04165907742815337 0.02971347220273728 0.09177379944276934 -0.01572938331986009 0.16968790673351647 -0.014309783335069963 0.9852684055168306
8.73 0.03653864936751136 0.028275270755483656 0.09123508526274635 -0.01605474824497236 0.1699662478141335 -0.013977956411105169 0.9852199431585541
8.83 0.04180068040521097 0.03266897088919807 0.09970880534927812 -0.016633121422747615 0.16487021413084255 -0.013625938033614038 0.9860808717224416
8.93 0.04261473832644648 0.036768440704913474 0.10550612123349484 -0.019577091550879274 0.16104109562954144 -0.011128976535734273 0.9866907564612696
9.03 0.04038196968249947 0.03464879678531846 0.11430156699655677 -0.01990996411751739 0.16378428542949475 -0.009603982973695982 0.9862484801946364
9.13 0.04059999217763337 0.030980911232156724 0.12878070048982426 -0.019134536728305 0.16498972135594372 -0.007688987933893607 0.9860796827922343
9.23 0.04727808331844449 0.0320614115809052 0.15154835785794718 -0.02075540091898407 0.17788161093187774 -0.004528482340660034 0.9838225646287356
9.33 0.04678883176341551 0.03139892918032996 0.18638399041641027 -0.01580973619279595 0.18991434806286198 -0.006332393774865082 0.9816529393988755
9.43 0.029700706364477393 0.027792263186326997 0.24221456974629224 -0.015000744186135388 0.18418633193811607 -0.009843859346472118 0.982727567148806
9.53 0.015063286074864176 0.030090777738368348 0.31505844119356996 -0.018031844469173112 0.1666595087004434 -0.015091964337568192 0.9857340885640509
9.63 -4.217677243943934e-05 0.04082379849330113 0.38912566650726205 -0.024422161176544607 0.16428788470115277 -0.017565599676830017 0.9859535986505049
9.73 -0.016020574630565932 0.05648976890319245 0.4757419810987206 -0.0268118630840803 0.18016789442938141 -0.020943300082518615 0.9830473193069078
9.83 -0.033429888418969184 0.0746384947833588 0.5597374529495348 -0.02514580834154912 0.1997652329494702 -0.02478394683767124 0.9792074836349249
9.93 -0.063222638888044 0.10058733211717803 0.6398012044589018 -0.018879564181425366 0.22065598430217692 -0.023483354152210922 0.9748861629573571
10.03 -0.08304436655931385 0.1284771470283556 0.7063429614667869 -0.0112208368562413 0.22933424381518686 -0.014921246046931444 0.9731686667019077
10.13 -0.10150004029537017 0.15876873632176572 0.7616189393086127 -0.006619557818518914 0.24156219747397256 -0.003127562585287575 0.9703577198941161
10.23 -0.10244632400188272 0.1851348817738742 0.7952665320604975 0.0002909305267592906 0.24580293816116217 0.0032294988098767125 0.9693143975450924
10.33 -0.08635149093580183 0.2144545314700496 0.813029750305105 0.010820603658825624 0.2471851782788949 0.0014979908179198896 0.968906681883864
10.43 -0.04658320370107361 0.24513850448931035 0.8161256660192117 0.014502040641734652 0.23377759404434617 -0.007207577874509017 0.9721552232854819
10.53 0.011005652024027536 0.27570956527875656 0.8124137564916957 0.012047967195343168 0.22416784013965063 -0.017975736732406978 0.9743102682526298
10.63 0.09392903939267266 0.2998296453332577 0.8076571357248173 0.016628384383457744 0.22833596477006654 -0.02971494333736402 0.9729867451141235
10.73 0.17410424413769118 0.3159204681595698 0.8109640903253681 0.01588859546895185 0.2343860939022399 -0.05204059917537433 0.9706196410318217
10.83 0.254132234498165 0.3276001817825589 0.825807914929589 0.03034346794265784 0.23333493321364793 -0.0736173418596498 0.9691308321753647
10.93 0.33220990629085084 0.3315079096430339 0.8423030614708947 0.03954042597688632 0.23888775701867088 -0.0887378219471515 0.9661753428939442
11.03 0.42316051273791894 0.3277556004455371 0.8576293859052948 0.04936014186586365 0.22736494820308326 -0.10297315197563521 0.9670911470465408
11.13 0.518692640829275 0.3143655231380434 0.8700596178441667 0.058955653791049355 0.21048010457907426 -0.1258328453435008 0.9676716651298677
11.23 0.6176205345584556 0.28596209220875835 0.881453835235908 0.06917433472675794 0.1933702709776659 -0.15940670275235863 0.9656150127430474
11.33 0.7216675481306223 0.2443799047210065 0.8907034907989567 0.08068478488409091 0.18270036304312026 -0.2097665767377205 0.957135583977452
11.43 0.809109951011905 0.18579162032500623 0.8952781709727397 0.09316836589705471 0.19470344340583062 -0.2662927956346368 0.9394138447537776
11.53 0.8920264014783651 0.11858912427853144 0.9007435058415376 0.10790745375685487 0.20864173075296102 -0.3133665279258716 0.920122833532461
11.63 0.9773262380527252 0.04432110288515538 0.9053187376969016 0.10883662095825455 0.18977868993585056 -0.3544054868989641 0.9091399175267411
11.73 1.0716693430178583 -0.040550659234387 0.9060914317841525 0.10848300366220098 0.18318632308400257 -0.3871652232525483 0.8970938071657806
11.83 1.161643009705725 -0.12780133061701926 0.9112226972420036 0.11460078373698376 0.18698135601335825 -0.41029566460604355 0.8851904317579126
11.93 1.2451461279473723 -0.20893546751158631 0.9319334814496433 0.12056525384559014 0.19729844955996803 -0.4234738440507567 0.875903673226261
12.03 1.3313303138706831 -0.2896261418210994 0.9490612560568013 0.12621168545647574 0.2024361962124545 -0.4264424533360566 0.8724889861253226
12.13 1.4225595802183062 -0.37805141258102115 0.9603654506078748 0.1338027354538994 0.19839188133289018 -0.4250303413379433 0.8729757719137466
12.23 1.515039736865765 -0.48247784645326625 0.9643787951736928 0.1360447673787038 0.18260631359176327 -0.42670200707082784 0.8752554785130044
12.33 1.600747799155095 -0.5925231045582534 0.9810970740845019 0.1300946550356723 0.15531638267230213 -0.44845614729663646 0.8705396521449199
12.43 1.6711599299942332 -0.7191338357022563 1.011568077747138 0.12884238877869372 0.12750423266232913 -0.4825679044675123 0.8568958671185343
12.53 1.7444557364510436 -0.8451863592720394 1.0219126090415107 0.14695211756026347 0.15326481788434945 -0.5070515109344222 0.835352462139516
12.63 1.8162337934928408 -0.9725989452838829 1.0239747667160968 0.15531202417713652 0.1642830030877547 -0.5224190418479265 0.8221724969598314
12.73 1.8982274699969544 -1.0929991715756144 1.0138462619233732 0.1430387543916117 0.15158714706462012 -0.5336610559860018 0.8196140121488964
12.83 1.9732136152488267 -1.2188946735044195 1.010232442871492 0.13908793943729114 0.15579862746519282 -0.5318782482270075 0.8206624530499858
12.93 2.054245535614681 -1.3402074629708824 1.0200176311888374 0.1487637524247073 0.17836795199976405 -0.5214749552399536 0.8210469479398963
13.03 2.132841970497433 -1.4481365533644452 1.040565086545953 0.1417157893890262 0.1779898219450876 -0.513280950011508 0.827513700597812
13.13 2.2113025489663696 -1.5638364250220744 1.0544654257044033 0.14019187582186024 0.18316756083120644 -0.5020950276015577 0.8334845324722503
13.23 2.2916011758912127 -1.688397712258524 1.062663980912851 0.13590585770625033 0.1732456849308932 -0.49560194706505434 0.8401751249348444
13.33 2.3590128083472197 -1.820448473463579 1.0662162674345697 0.12245596342120417 0.1543793916646539 -0.5019858420861341 0.8421292981466153
13.43 2.423459020525246 -1.9657897794943167 1.074588455141843 0.11559134938368486 0.14581310069813452 -0.5222526000700967 0.8322435949483048
13.53 2.4796573720185315 -2.111255677701161 1.0870712195278636 0.1312489161763052 0.16469630885940778 -0.5372256986980725 0.8167235741112165
13.63 2.5363266320730737 -2.2485518821180768 1.1023458419674161 0.14223065974155816 0.1755576207907028 -0.5459570911002168 0.8067718487212965
13.73 2.5916514754747837 -2.382640209663535 1.1130491886024971 0.12558187342885174 0.15487701402609358 -0.5511810782658577 0.8102109123889579
13.83 2.652547110630245 -2.530506082419206 1.1225870215915452 0.11498940626849755 0.1533817537950106 -0.5483949566276319 0.813949903614567
13.93 2.713820366563962 -2.6712228196465992 1.1390745317424071 0.12399131457523864 0.16454959096430086 -0.5413797699034625 0.8151426444265196
14.03 2.778466129643125 -2.7980183525536195 1.1666024901144345 0.13138070958396442 0.1758307306647264 -0.5334744668925312 0.8168400433847817
14.13 2.8385814845959754 -2.910601815691746 1.1941609230137802 0.12756120541618798 0.1712993375301342 -0.5223707224739066 0.8255383117315606
14.23 2.9041691284335887 -3.0324921573221286 1.2026863291560905 0.1174273749134626 0.16021112055937714 -0.5124021189865093 0.8354563285583376
14.33 2.9672110945750205 -3.155837043724727 1.2019836924895433 0.11049052179113582 0.1494347226809367 -0.5117507720293692 0.8387921408662213
14.43 3.028974865358297 -3.2935789956496477 1.202322634126843 0.10470476886918206 0.13766239921606044 -0.5284036721870738 0.8311892290190872
14.53 3.08424182133597 -3.434802156297674 1.2077427511219045 0.11753053652205656 0.15680739980620612 -0.5401845499064134 0.8184122826505352
14.63 3.1321120910199896 -3.56161653623841 1.217078872759975 0.13240087006916657 0.16966584330207407 -0.5488073314050852 0.8077710221452319
14.73 3.182253063269182 -3.6931195257361047 1.2208153456656567 0.13118296793705594 0.16198995920123038 -0.5525655106845471 0.8069830471844714
14.83 3.2371757014410085 -3.825656401682886 1.2205783607501153 0.12328550221380546 0.15471248179876956 -0.5543341399939109 0.8084419547232606
14.93 3.3000067062809904 -3.9600979483998184 1.228233912996995 0.1054617024881818 0.14947989857355223 -0.5442795862030615 0.8187144320661257
15.03 3.368911887627896 -4.079782350712863 1.2423007728402289 0.09941057612042187 0.16068431511383457 -0.524778176598938 0.8300035864966474
15.13 3.4475759369935814 -4.186583439343777 1.2585642393472785 0.10485017163763204 0.17046008413737693 -0.49990196391116604 0.8426433573589699
15.23 3.529529413756614 -4.308581874024686 1.261385368986562 0.09889727861427128 0.1738535446065638 -0.4757674679858554 0.8565276351156178
15.33 3.612457957610303 -4.426253582091562 1.25978505908781 0.086806160855808 0.16469824258398513 -0.45599987926011093 0.8702891987391241
15.43 3.7029114853791527 -4.558888311863162 1.2612188853097486 0.0788885471406228 0.15636710461565945 -0.4518224104822865 0.8747470692206596
15.53 3.7796888337598435 -4.69069820083072 1.2673909059060369 0.07660080078128509 0.1479376815822304 -0.4641239098178151 0.8699630773907392
15.63 3.861097394479024 -4.820766882925781 1.2743563394395043 0.09411322146382164 0.166936972303543 -0.4698455758394962 0.8616959345893886
15.73 3.9391205543544565 -4.954312704877792 1.2736302328313738 0.11049766980039917 0.18382981321057526 -0.4754483773289956 0.8531973424940281
15.83 4.025515880691445 -5.084124877551549 1.2755480479013153 0.101574597810598 0.16572612834067296 -0.4767305367899242 0.8572895932861991
15.93 4.123565307927151 -5.214459342979307 1.2797777768745537 0.08475297915110125 0.16576033285675104 -0.4686840338406968 0.8635251710280627
16.03 4.221353522998289 -5.326622487662635 1.292107497801303 0.09070041163132701 0.18822030353493452 -0.4490025272993128 0.8687596233400554
16.13 4.326704805208188 -5.413165797299851 1.323905494306424 0.0804904088841388 0.19842704275542597 -0.41937896917703926 0.8821957169432442
16.23 4.434556321096946 -5.489913460825656 1.3458476512105488 0.08035514928419996 0.2042558532727042 -0.39140774971142533 0.8936568524065553
16.33 4.556704318308116 -5.5710456933208 1.3529699508040707 0.07783928683843302 0.19097744887524362 -0.3695128322841934 0.9060512823361057
16.43 4.679208721268972 -5.65799339731834 1.3498887438003822 0.0672488087622329 0.1683129421878681 -0.36440615938919174 0.9134311699363795
16.53 4.801245225407514 -5.755195262809712 1.348605596338171 0.06393566288252413 0.1514498825989437 -0.37396850541499 0.9127555647763628
16.63 4.9163161640398085 -5.856813996028494 1.3489768881968245 0.07683156885306625 0.17427938963653114 -0.3802825891272416 0.905046273282298
16.73 5.024497814711817 -5.95219846329033 1.358046748018299 0.085854914208739 0.18244772819700314 -0.37705223807671306 0.9039764211213169
16.83 5.137478786574899 -6.043716653175125 1.3561626573242795 0.07489609521408756 0.16471927316682453 -0.3741436070467437 0.9095464239252041
16.93 5.257301817423905 -6.136695257525672 1.3536873571250172 0.07425540717126337 0.16360206469407054 -0.36468570679288714 0.9136327676887687
17.03 5.37982373968104 -6.2305049678312585 1.3667015512885852 0.068175358099702 0.16213098907733808 -0.3488980222711098 0.9205084643739513
17.13 5.506846448212038 -6.31221503030559 1.3845701710730545 0.059367626651845244 0.16634734309706048 -0.3292530540994874 0.9275755886807479
17.23 5.635403575201487 -6.390154411728031 1.396953166195139 0.058149679036845384 0.19214883649627856 -0.3113800503886966 0.9288379318702328
17.33 5.761128562909278 -6.463286274231517 1.396384226397816 0.058485610021285155 0.19326884901849412 -0.2968800441055161 0.9333213941785602
17.43 5.894284899009208 -6.537138258687753 1.3930138638914782 0.05271653640497741 0.18243813020277855 -0.28825828268641185 0.9385331416099579
17.53 6.030437539256026 -6.6199901780088 1.3950806945991876 0.04950901277516549 0.1790797354525633 -0.2937190288728406 0.9376611531263648
17.63 6.154850045539471 -6.69986486325636 1.4118002970877352 0.05826956546769197 0.19723969450687073 -0.30292131431166164 0.9305588847497712
17.73 6.269168943460134 -6.7736007359909784 1.4280232640832204 0.06816142063586098 0.2106670351051989 -0.3128934806408549 0.9236184768774048
17.83 6.393613409697188 -6.847575418799247 1.4338736945442148 0.07140889404647703 0.21216430178233445 -0.31584478054973747 0.9220244863883832
17.93 6.52532653436347 -6.915216032277191 1.4391601922622765 0.06360747415789135 0.20532769263739353 -0.3111600061935473 0.9257289443530914
18.03 6.665497336240303 -6.978327354841815 1.450785875789377 0.053328794511502936 0.19933011477798554 -0.2961829781306577 0.9325766394694859
18.13 6.8038528601985115 -7.026996078805053 1.4693319766975925 0.05098816073438011 0.21067111786563356 -0.27079605789869615 0.9379165115236512
18.23 6.943607962844799 -7.067974786490453 1.4942043829202558 0.042784858465668346 0.2228369132649626 -0.24434696450121485 0.9427659979611369
18.33 7.0883831922836364 -7.098184382789385 1.5084319903805687 0.03911900593973704 0.21377694296354155 -0.22261393657889783 0.950374745704186
18.43 7.236274801955777 -7.137449118974432 1.5193855667793383 0.03496806734171202 0.18924954787074763 -0.21072103881646467 0.9584145693264544
18.53 7.376973643465549 -7.182034206211988 1.5377196011423364 0.03445324671067628 0.17598855780254438 -0.21753822913848658 0.9594363554592691
18.63 7.516815378386913 -7.232411396598364 1.5480707764873503 0.04439877795600692 0.19550784166618146 -0.2282321325356861 0.9527410592817218
18.73 7.645385811802034 -7.286764066124477 1.564012183542057 0.05696706252525411 0.21220484627360994 -0.2348661945358566 0.946869435386676
18.83 7.774409672069758 -7.3408661547608505 1.5787689772678513 0.058101475827628805 0.20924305942734892 -0.24175374816170275 0.9457254812248121
18.93 7.922460242498614 -7.3989921976267645 1.583463292152765 0.05346300905096635 0.1839897263857164 -0.24108975919693842 0.9514017107710538
19.03 8.06199216838083 -7.440878958184053 1.596227397165353 0.049986956706672546 0.17582279908450885 -0.22676738477013772 0.9566421487085993
19.13 8.206032953578122 -7.483547937555235 1.6082121645869925 0.05356172454236423 0.18633032619224607 -0.21031372084780614 0.9582172457372545
19.23 8.34538021146123 -7.5176986662589 1.6160568714173467 0.056462679831259216 0.2124317660269129 -0.1942464475665717 0.956008905908688
19.33 8.477525376978319 -7.546447284991862 1.6231450554704574 0.05034285678668225 0.20146918610822845 -0.17903128184795195 0.9616774739689616
19.43 8.623417842944106 -7.582822113162409 1.6147582226305934 0.047224623846831654 0.1905110725629426 -0.16526659064667235 0.9665207292911351
19.53 8.764693760671681 -7.618174054874312 1.6122799227332925 0.0468216127791423 0.20258896491574024 -0.16431490226224485 0.964243776627922
19.63 8.90123170934694 -7.659368572871779 1.6281690193027154 0.04586555903940546 0.22678514557408666 -0.16666629054827872 0.9584817138765975
19.73 9.029688528801122 -7.699785115599973 1.6489678018559055 0.04707273730085366 0.22492347813953664 -0.1736213841836974 0.9576268591360391
19.83 9.164989129970905 -7.742082177592728 1.665196884668865 0.048484350248084285 0.2127238417078498 -0.17675883461070713 0.9597677580212514
19.93 9.311563116401725 -7.789762860872494 1.674260802445294 0.03829469568974065 0.19610592125469967 -0.1754500404144017 0.9639985825972259
20.03 9.456959017852974 -7.818220195374798 1.6944219562765523 0.025397859661157162 0.18112069574718012 -0.16061826711852137 0.9699237158480728
20.13 9.599644147504671 -7.8392533556215 1.7137279918234398 0.019456619486265026 0.18734633458841252 -0.14124797479647794 0.9718908377438007
20.23 9.738441043403107 -7.85358797758805 1.7256844807475364 0.028594636437820647 0.20659238782776265 -0.1239907647036633 0.9701176332418728
20.33 9.885611003461335 -7.863116681360729 1.7348671596024243 0.02885932788503047 0.202719084044124 -0.10579318997950467 0.9730775473271881
20.43 10.034013419031869 -7.871228524001664 1.739462099989629 0.02359769683666587 0.18948406921628239 -0.09420465313899268 0.9770693013006837
20.53 10.186531142770713 -7.885454329549807 1.7508238936796392 0.026579271428556633 0.19399267116713786 -0.0953782385161258 0.9759935335243399
20.63 10.332043390719033 -7.898619101943925 1.773609028385455 0.030696363155789295 0.21436658721816373 -0.10480572222121388 0.9706288993035057
20.73 10.466383131370561 -7.919846352571037 1.7951545176209311 0.03594780765672594 0.2241280769589022 -0.10959294728872719 0.9677105694100636
20.83 10.610290440583686 -7.938377320881697 1.8019232183215725 0.03286545676353371 0.2320318319962153 -0.11329191330881654 0.9655288877454844
20.93 10.761912396924348 -7.955355223959058 1.8124594022970097 0.028847393100515543 0.22130693858830583 -0.108111659179475 0.9687636120300128
21.03 10.912319670373225 -7.959609298069436 1.8281002844648417 0.024516436680921454 0.2091129716390799 -0.08751481677174153 0.9736590092379119
21.13 11.065084963132078 -7.96062470378522 1.8519164713901568 0.02424725539558974 0.1937995225987857 -0.06132251145111882 0.9788224380527816
21.23 11.217338318052681 -7.958366330712597 1.8661124715508937 0.021900207218299998 0.22104843950917993 -0.037901762745255904 0.9742799519107197
21.33 11.367265989694577 -7.951442579333524 1.874775761591841 0.02194065346712491 0.21773150735005667 -0.020221884025926257 0.9755524967109406
21.43 11.523309662641632 -7.964840535428029 1.8708444403646949 0.020729743095385153 0.209886246951794 -0.012105921501446163 0.9774310654753566
21.53 11.690210255734282 -7.9733668841878815 1.8741905135850419 0.018667338128634296 0.2132325634662572 -0.018978972467890314 0.9766387269450577
21.63 11.856120498890958 -8.002492631679612 1.8813443999339046 0.018623452319872252 0.22218790529105417 -0.0402782809974501 0.9739935122196418
21.73 12.00835916007823 -8.040574939600232 1.9013896961890517 0.029081593641468777 0.23102113395789484 -0.07174954269881158 0.9698636500553016
21.83 12.155677911436625 -8.086935379498401 1.9220296476909602 0.040567052496513684 0.24092275600059304 -0.10207656293321585 0.9643085166027339
21.93 12.320877837814862 -8.127150973556622 1.9341516231358968 0.040038114576244344 0.2358701870773424 -0.12325274603113112 0.9631048566096344
22.03 12.477826003553817 -8.163070695086805 1.960756113304594 0.034028883722847125 0.2284332130089314 -0.12899502459249879 0.9643757493308166
22.13 12.642261289100173 -8.185326660976576 1.9953174363713548 0.03786027888778693 0.19609039489860416 -0.12383757947087813 0.9719976390001379
22.23 12.798808646485748 -8.206769219811408 2.0248789689101603 0.0440706739079915 0.21083932525266505 -0.1161436639066257 0.9695953815703957
22.33 12.956490817726689 -8.220560829635787 2.050313676161294 0.04599198764088233 0.20909929916019224 -0.10521635505755916 0.9711291051101079
22.43 13.111930057941768 -8.247025731827575 2.067768127822956 0.04511000265248589 0.17927654274001126 -0.10804765788186019 0.9768063843516411
22.53 13.270203627655354 -8.282345335901203 2.0845737941072873 0.049247991397474135 0.1739833343847047 -0.13321144668357865 0.9744532544828216
22.63 13.421387995935127 -8.32594358534458 2.116870452373899 0.05226909913053361 0.18473281920398785 -0.16782908451815642 0.9669411177392482
22.73 13.564212451894868 -8.378010264946292 2.152841013362279 0.05631429691193771 0.18992072862902942 -0.19884663897845076 0.9598014539306067
22.83 13.714847406233273 -8.423010718591499 2.1665031583928163 0.05691254424164482 0.19028745578893153 -0.21773437369551357 0.9555853645743747
22.93 13.868044900922815 -8.460452968980734 2.178771079201232 0.046517416643447024 0.18385991882120903 -0.22339917208561627 0.9560985671526443
23.03 14.019244425172959 -8.490567932054724 2.20353662536133 0.04589514365248312 0.18514275704373778 -0.20439232578421354 0.9601247692169396
23.13 14.172023812394393 -8.508641354316628 2.2356777542913515 0.04565536111702029 0.1974471101767218 -0.1770269064416931 0.963115621864696
23.23 14.317876076802746 -8.51868463081247 2.2616045647756047 0.03863015158376971 0.20389180294637171 -0.1513076177220035 0.9664584051572965
23.33 14.463317096299647 -8.532281153960833 2.2716368630194017 0.0300867140608533 0.18423144621039167 -0.12418422494736629 0.974541862691629
23.43 14.616308093409357 -8.558690675526316 2.2765052787141626 0.028714524270360323 0.17799337858494377 -0.10600952682322962 0.9778833332757844
23.53 14.76358402013418 -8.587757408097268 2.2892116052776705 0.026548860168272286 0.17561063577750305 -0.11638334784761507 0.9771954661015204
23.63 14.908848804879419 -8.63020198156208 2.3029266109964954 0.029830254232619573 0.18687797897282632 -0.1358642437544145 0.9724853130903778
23.73 15.053779759924558 -8.671798832897151 2.3108377834557503 0.033345807276323865 0.20792815462049402 -0.15328194580601573 0.9654836014884604
23.83 15.196060222604679 -8.706301632409104 2.314896534642738 0.032454699152371376 0.20992623271820476 -0.161400058568395 0.9637570702276533
23.93 15.353156556122682 -8.72753070905558 2.3219444974445853 0.0197985691481275 0.20310643587440352 -0.15378611780844295 0.9668017492410175
24.03 15.50660035254757 -8.73466022264291 2.3438146320256017 0.019482671036014636 0.2001132082703147 -0.12998333704825052 0.9709168149202407
24.13 15.658153080063183 -8.733495784056437 2.3674722269867314 0.02377219700721585 0.20491328060881125 -0.10444776363630788 0.972900865839351
24.23 15.813137082083811 -8.71646210463948 2.385759853926434 0.024246209267677375 0.2059986486998767 -0.07876690860130509 0.975075613570233
24.33 15.968113740396793 -8.698584759637242 2.385299275079426 0.015912220032496108 0.18963698685421598 -0.052543320903515794 0.9803182207318812
24.43 16.12426702180529 -8.688811676281828 2.3834162384906503 0.010059736490140376 0.19208780566093364 -0.036707189784626885 0.9806394132586308
24.53 16.281687968345018 -8.677869100344886 2.393281155691253 0.004739912509157707 0.22968656540774168 -0.037266755414281955 0.9725393585050904
24.63 16.429335006133574 -8.67020175575706 2.404596825831662 0.003983253509064972 0.24211846507334892 -0.042021660696820964 0.9693280985271652
24.73 16.57741778260913 -8.660554236100753 2.4138879602682777 0.0026217305658110075 0.24309998364386842 -0.04288566000293317 0.9690491961955824
24.83 16.73544534325341 -8.639312903398714 2.421371254379019 -0.003979038683828691 0.2352653698563104 -0.03665246484332406 0.9712316766963663
24.93 16.891935800055165 -8.605570662259995 2.4383992018658023 -0.009511453897645097 0.22657719345193586 -0.015420145677714929 0.9738246899516747
25.03 17.041544636150093 -8.561829890568438 2.47296778095824 -0.014628131253574985 0.2282391109158203 0.011803741932621604 0.9734236475968581
25.13 17.18185162002333 -8.514085650883713 2.498327921021624 -0.012313639182907898 0.2513099752310629 0.037265966593973084 0.9671106029680643
25.23 17.317499024013966 -8.459395112384678 2.510262867392852 -0.012819634557827255 0.24768733685432404 0.0693714857336063 0.9662682014321534
25.33 17.469013012370525 -8.401988935437998 2.519844774088332 -0.012506155579083491 0.2221311473094794 0.09342824644051656 0.9704496443580451
25.43 17.62236530947439 -8.354093287409126 2.5248390811465353 -0.007121253832693948 0.21389036081909268 0.09599197201935443 0.9721037715184344
25.53 17.781081695299278 -8.318639096053822 2.5332169460917275 -0.008432545743689103 0.24294720808477674 0.07769285167867228 0.9668864292429222
25.63 17.937543071531508 -8.289341858902953 2.5454368710834037 -0.005961689956625435 0.25796025668803385 0.06163992951571223 0.9641688043655027
25.73 18.094774955891904 -8.258411641088971 2.5468853787985752 -0.004942593339833439 0.2582448659209155 0.04848801960076111 0.9648492483034651
25.83 18.25603711337133 -8.221436830311427 2.547666737848166 -0.004517322618671547 0.2377131880008291 0.04419019279573751 0.9703191541485292
25.93 18.410809519348305 -8.171414282376572 2.5576446914141804 -0.005993715581943185 0.22476687386816996 0.060292324771095224 0.9725269987813961
26.03 18.563225517887208 -8.114686374305712 2.574485169618381 -0.010205497909658334 0.22820119299762043 0.07911648487880044 0.9703404789800854
26.13 18.71327310971343 -8.050603830919982 2.5862287498607106 -0.020475438255992955 0.25997743228476305 0.10159408402727672 0.9600370478380014
26.23 18.86207300468761 -7.9978912158558 2.597914920361628 -0.02451914304546965 0.2431520660267954 0.12108885934938046 0.9620880274448295
26.33 19.022359332968986 -7.945098464586842 2.6016522703085707 -0.02280806440019673 0.22519600899715753 0.12335978019969576 0.9662033504180947
26.43 19.184464022194614 -7.909758363913048 2.6086613806517285 -0.01891888970449819 0.23192590623559248 0.10726817245331768 0.9666157399958235
26.53 19.338722883143465 -7.8753943939924715 2.61896841299548 -0.01233925122971593 0.23671647987180156 0.09149327203658447 0.9671825226958107
26.63 19.494096018683056 -7.842786941254165 2.6246370658368146 -0.011459501792976678 0.2532676090576742 0.07412304803269161 0.9644843035380147
26.73 19.653328270107504 -7.800491511807182 2.61935498080506 -0.017056574182692928 0.2508895321479162 0.06784159531735284 0.9654848698351243
26.83 19.80873390659161 -7.746778066483172 2.621116142471214 -0.025667761560120503 0.24234657083795694 0.08078487031266715 0.9664797516493254
26.93 19.953144839724235 -7.678245558442944 2.6452119206422458 -0.03012294529349463 0.24588665495913392 0.1028300199493469 0.9633578504777287
27.03 20.090971713657026 -7.601149006913656 2.674195426895694 -0.03745420874816734 0.2569764509367874 0.1272272497181854 0.9572740009214333
27.13 20.22679078088706 -7.521099926635104 2.6955474964588912 -0.04113194810710079 0.23981116702735222 0.15419511284127715 0.9576129876885339
27.23 20.36704465962786 -7.431171138976522 2.7012842218681254 -0.04120052017756471 0.2209974670845535 0.17574701767175846 0.9584235089243128
27.33 20.516394480674812 -7.353398679991689 2.7064318108968433 -0.036591511925573014 0.19970010538513072 0.1766138546365114 0.9631139473159972
27.43 20.66409874883754 -7.282031357787353 2.713799034918005 -0.039501209840807544 0.21119582491558228 0.16992273341260017 0.9617495737607216
27.53 20.809784387464557 -7.221613809404031 2.7153620826779292 -0.03616349361900954 0.23163632363948405 0.1584315645577904 0.9591330745271079
27.63 20.952577384517166 -7.156183734845774 2.7210233530608243 -0.030697606765010987 0.237503618619983 0.15410626331871885 0.9585932128318331
27.73 21.101258206955084 -7.08674568985943 2.724858148966858 -0.035310950773217165 0.22175063027164205 0.1560313336960628 0.9618908553649155
27.83 21.248174728121327 -7.01440099768176 2.739058914966058 -0.03691589692993266 0.22229390873181362 0.16680566833049507 0.9598950482773665
27.93 21.388453191326096 -6.936671463368946 2.7656999384452865 -0.0442226107947868 0.22413138834385746 0.1813396237374544 0.9565173403113538
28.03 21.514734629130892 -6.864765055424065 2.78757076370691 -0.049806405836661696 0.24024265904247283 0.1943127286605206 0.9497606804844781
28.13 21.642413799983434 -6.792959962916464 2.8029480781386433 -0.051247978845041675 0.24194283910724299 0.20602902247262148 0.9467784055247568
28.23 21.779623637844107 -6.714691671258677 2.8028970637543873 -0.04535102570733861 0.22184064370884993 0.21206465921115836 0.950662186888587
28.33 21.923673623435793 -6.645907354800235 2.8049528215519635 -0.040442499166168315 0.21654018404489114 0.20062897106676736 0.9545798913258594
28.43 22.065541600769198 -6.583149574223636 2.818410400056018 -0.03480600388402584 0.22640768303071576 0.1856288738802576 0.9555469765219478
28.53 22.20546981449958 -6.5278368376103035 2.8342980435447016 -0.03173103494619447 0.2450592573080439 0.1737804604151577 0.9532782665133877
28.63 22.34166021341062 -6.477193719899496 2.841666859661285 -0.028338008856962978 0.24649422774127697 0.1661420671811608 0.9543764280707193
28.73 22.487210667552556 -6.423498726475025 2.8436496861186646 -0.022703960275660316 0.23049956861965037 0.1597133071258673 0.9596072835180414
28.83 22.63225626419775 -6.3731160230198425 2.846951792029923 -0.02012144468681356 0.22903051179265826 0.15807299814507708 0.960288018976148
28.93 22.77047199674241 -6.319499113003405 2.858902790068888 -0.02732387886839271 0.24524921889073573 0.15605945317595768 0.9564265122587782
29.03 22.89606430694542 -6.26908601950516 2.874794654121174 -0.03122566013918031 0.25108355454936926 0.15609117013039298 0.9547866533373051
29.13 23.03018737979474 -6.222439601556769 2.881616193939089 -0.030736281246596806 0.2541543546580094 0.15843289572083905 0.9536036192134606
29.23 23.167136566505796 -6.172194457531184 2.880636037640312 -0.026611755280474797 0.2292047624772903 0.15710673370062062 0.9602470856839627
29.33 23.309393468612992 -6.120472008427996 2.879326899103687 -0.021688060979406225 0.20872665692962725 0.14730668683011483 0.9665730964148909
29.43 23.446423862155292 -6.0719638451234 2.8845073421382708 -0.024463738197665712 0.22083340700988507 0.13934662020953234 0.9649956742379642
29.53 23.585467812175434 -6.0292452470772995 2.8909907775976196 -0.018413342484063833 0.23824755624181118 0.137682332808735 0.9612193433320589
29.63 23.719823242411707 -5.985237125627647 2.896415645573482 -0.02009677761510515 0.24162052838117917 0.1417932602336234 0.959744919833707
29.73 23.859479845737084 -5.938097990649764 2.885153900242852 -0.024719921156657502 0.21989269027045782 0.15482086638177217 0.9628429932218578
29.83 23.990382885497215 -5.888234765932772 2.879835831707747 -0.03157860302062479 0.20168780790170998 0.181107926035076 0.9620419632751692
29.93 24.123018077060152 -5.822843890319248 2.882706201521932 -0.04364383994272608 0.20689500973572045 0.20530970832425274 0.9555823323237618
30.03 24.24136896169995 -5.761423635862422 2.8910596378647417 -0.05567871896725255 0.20982730683455486 0.23608652449890755 0.9471723890141384
30.13 24.361592013463095 -5.686963112093245 2.8924050155674093 -0.05849663525733523 0.21747349118199832 0.26562485240638956 0.9374043215607487
30.23 24.48032830424736 -5.6072225544057 2.8823900565157636 -0.05904626662555358 0.1991889298259788 0.29219619822166215 0.9335195179412011
30.33 24.600077040608408 -5.533877265073846 2.8671882067681196 -0.05940782992257823 0.18806516188178934 0.30913514345700166 0.9303427689352379
30.43 24.71897270716118 -5.448761258640884 2.865786812631647 -0.07027990270260064 0.18131020381485077 0.3223405489885191 0.9264361368958522
30.53 24.84192658183594 -5.362622058228014 2.874036111462923 -0.06900226103421787 0.19736244068722744 0.340407660712209 0.916738446617457
30.63 24.95950397871789 -5.272143283818931 2.8786304258723474 -0.0723484034741899 0.2023569620159648 0.3551838752208947 0.9097591896878389
30.73 25.072164615020263 -5.184037712044931 2.885103690468236 -0.07541085384259992 0.1799919088587253 0.3744318919738344 0.9064860032791555
30.83 25.172392296571626 -5.092048272215944 2.8857979666156606 -0.08332548440182225 0.17865324133035437 0.39796761283383913 0.8959696770241141
30.93 25.26011967097826 -4.9904886620162 2.907844561191529 -0.08952058731969949 0.19334816683563638 0.4172786822273045 0.8834483868262363
31.03 25.341347712237354 -4.88788843519935 2.9177146682641153 -0.09746504800982463 0.20381945576560523 0.43189263741959727 0.8731706268597217
31.13 25.417318467895033 -4.781272302519425 2.91888510776914 -0.09660905195615266 0.20790947347971686 0.44473966052754527 0.8658215614497966
31.23 25.49022978593821 -4.659726195508274 2.9077797640729024 -0.09149706501771619 0.19852327334347877 0.4518945852273518 0.8648746041342259
31.33 25.571631552906318 -4.532167658323383 2.895843105201491 -0.08237161721009277 0.18272994637677212 0.4499067209629917 0.8702922645914215
31.43 25.648726956932787 -4.408848213813737 2.900117669126157 -0.08439527162395866 0.19285256577296492 0.4429929251188857 0.8714600359723422
31.53 25.727702079814552 -4.283217785378876 2.9028500117395235 -0.08738512328692621 0.20688765878210433 0.4359042612621205 0.8715209761591016
31.63 25.807557183367116 -4.160573755182194 2.901321707935915 -0.08100439230519335 0.20290029360694575 0.4358072512740549 0.873121869511029
31.73 25.884242870169693 -4.030871079117733 2.8944300776377982 -0.07285275380699209 0.18631022931096286 0.44141727707779393 0.8747181044279696
31.83 25.959664557079222 -3.8956179765415087 2.8955681563349494 -0.07118495278589711 0.1791352367386978 0.449877650125629 0.8720397751094169
31.93 26.026925074998484 -3.7621938959915013 2.9012258892209832 -0.0759474840253907 0.1874503746638084 0.4650216166061811 0.861887018580501
32.03 26.081837663999746 -3.6234522670344744 2.9113497861087687 -0.08953980304708319 0.19915286987220532 0.4803768177688132 0.849446214331586
32.13 26.140954098874605 -3.484249686415397 2.9047228808148073 -0.08091360122871825 0.1864475341754347 0.4935540509658337 0.8456327245981645
32.23 26.201179622437945 -3.344962659019164 2.8943270291107717 -0.07143261696898409 0.18212811578839222 0.4966867309053792 0.845593887167392
32.33 26.27375139674724 -3.2056554261707007 2.8888771789788388 -0.06778954539958561 0.18003390461507193 0.4871213086399726 0.8518833261617752
32.43 26.355882509694194 -3.0723316691818665 2.898327281225207 -0.06484616767260837 0.18663180317208738 0.4715227549723787 0.8594357661432117
32.53 26.440965818844095 -2.941598278719668 2.8946698457280613 -0.07329641270678827 0.20253505225080642 0.46222702488007106 0.8602054207947062
32.63 26.52616943187877 -2.809773101935103 2.886561053573112 -0.06991236431045729 0.18816359207760133 0.4593705124094225 0.8652661187528845
32.73 26.606804381546755 -2.6812971495690996 2.8801762397862167 -0.061969261170653336 0.1747745898894933 0.46457097092195154 0.8659026887448487
32.83 26.688865843771257 -2.545155637165696 2.8819682198534196 -0.056689852061484934 0.1626117991350684 0.4753338629922168 0.8627869853841096
32.93 26.767887239456435 -2.412510241985816 2.8944842738355585 -0.066192983442196 0.18149149855150903 0.4767283099190881 0.8575601689783864
33.03 26.842668674123626 -2.2864387540373854 2.8944714337602595 -0.07673760740515567 0.19484957491333996 0.4749375404913117 0.8547393259923675
33.13 26.924764706698113 -2.15806377632009 2.884937706328638 -0.07392940375383249 0.1758087866954503 0.475485854388493 0.858800859371788
33.23 27.012432572044183 -2.0208740179625018 2.8645162122427035 -0.07142697431763953 0.17476683275043145 0.470082247772153 0.8621933784480662
33.33 27.098523209207773 -1.890579664239547 2.861549496873908 -0.06709564180365706 0.18272868182189853 0.45749394339426447 0.8676449132266912
33.43 27.183353998645583 -1.7735451135027194 2.8673862985593517 -0.06442958885310002 0.1968431296850277 0.44227943731967034 0.872634235920308
33.53 27.275868206092284 -1.653637598010757 2.861493898485767 -0.06659799594218768 0.21764425552956873 0.4332085993875126 0.8720814149998691
33.63 27.3726545227971 -1.535275940559622 2.856460097009392 -0.05851615381578388 0.2007544122563625 0.4298079630741651 0.8783727230397398
33.73 27.4688345441072 -1.4071089453317873 2.850362981292198 -0.05636609880711251 0.1812425893810439 0.4285925404313284 0.8833359615606858
33.83 27.565930138275313 -1.286076841277203 2.8506120928811405 -0.054084627246464574 0.16509677834489492 0.43182068570398413 0.8850699420237299
33.93 27.659219521273773 -1.1644804348796995 2.8615619173870175 -0.060082859031830096 0.178404705135707 0.4354380099316742 0.8803155972392777
34.03 27.747085830343305 -1.045071117056395 2.863829076054743 -0.061447506653360004 0.19475126354820851 0.43128913016634157 0.8787979491742242
34.13 27.832149270274797 -0.9177739673538581 2.858772225231234 -0.04977490221683143 0.1804847911910207 0.4285438916307569 0.8839105340496881
34.23 27.928523454927156 -0.796151538540869 2.834732554335754 -0.044134461378329465 0.17769553702379057 0.41861436823769343 0.8895158549152613
34.33 28.03096731424195 -0.6816630918641418 2.824720369456606 -0.04742745848262949 0.19190328322445996 0.3947344748510977 0.8972783628471042
34.43 28.13839482448484 -0.5775079303071589 2.824685548983454 -0.0420262003804313 0.20307373772678755 0.36402647658755516 0.908008579183317
34.53 28.248958667913765 -0.47877481995380494 2.8349513003619067 -0.038463981234643896 0.22748793056676492 0.3393276569695024 0.9119355815021253
34.63 28.367093774403624 -0.3773788477507859 2.82983191717101 -0.031838329279061724 0.20808010782934444 0.325363075396073 0.9218610842655502
34.73 28.485497371522644 -0.27957494255169313 2.824370141918606 -0.027799128939024496 0.18539309086456984 0.3183639098959876 0.9292475618292751
34.83 28.60556595192571 -0.18206829922965198 2.8271420551280855 -0.028860555917315643 0.18493653862138978 0.313262848738431 0.9310380940623031
34.93 28.719463933636195 -0.09034370023240335 2.8380475976954265 -0.03143650028034278 0.20062498727142025 0.31036363604638006 0.9286742024803621
35.03 28.83255226332428 -0.0007863991494376568 2.844986506889502 -0.03511372993688855 0.21528588165458498 0.30601819805062175 0.9266994537561668
35.13 28.952217238130125 0.09177732772009389 2.8375731168231715 -0.030430954246484832 0.20010456464452456 0.30322067084782195 0.9311763232614276
35.23 29.071470034145836 0.18328392483091166 2.8304094682220593 -0.02321125532580263 0.18993140658033664 0.29539128781685947 0.9360188489034357
35.33 29.196077105487984 0.27436154891759146 2.8343861940269504 -0.018328009378616394 0.18619187364707446 0.2761395249606457 0.9427320048744067
35.43 29.32542615230597 0.3637475816891693 2.8444301922638737 -0.01864683448554962 0.19918393978693033 0.25630033903584104 0.9456681182659897
35.53 29.457803577147523 0.4442171675652988 2.8513755308764015 -0.012376875591800278 0.20627810488160164 0.24130221453813547 0.9481927006975069
35.63 29.592007268140502 0.5252630304041425 2.8571618884716536 -0.005034195356388708 0.1934077177631839 0.23444084297225778 0.9526833696109152
35.73 29.725206870064323 0.6053279836610601 2.8564599260515418 -0.0060145458203425956 0.1828776189866075 0.2316202625289035 0.9554431724066094
35.83 29.85729171340906 0.6818660916344333 2.8649203987150074 -0.011828052705691821 0.19273582526734465 0.23070507960028983 0.953670889287458
35.93 29.988305056467702 0.7590723414134157 2.878016761317407 -0.014969904805923178 0.2109541582858843 0.2264453337002095 0.950787439913568
36.03 30.118281772508297 0.8379051458315094 2.8878160142685654 -0.01060281907377996 0.2167036805099214 0.22093417392059334 0.9508497178183142
36.13 30.252565097903652 0.9079469484885867 2.890167567590518 -0.0026566563748877635 0.19213745978194038 0.2129928282944587 0.957971917031275
36.23 30.385886879725277 0.97008408541459 2.895854481444477 0.0024818209401697273 0.18553174116640056 0.18826459880967936 0.9644315706257314
36.33 30.525595418086905 1.0304210772430502 2.913435817583421 0.013328124162267576 0.18031389086953953 0.1572800652046502 0.9708615982492171
36.43 30.662911828776974 1.07936918778535 2.924858665597295 0.018228215454879865 0.2053801826034333 0.13150329711810652 0.969635805651884
36.53 30.798056979377577 1.1272362752573237 2.930922757503347 0.02609624598970367 0.20227772534013466 0.11460552558431027 0.9722490839707745
36.63 30.937542290163723 1.1788083402723055 2.932854861123703 0.027385392832497135 0.1877179978948608 0.10307839772227861 0.9764152996797841
36.73 31.07923313817656 1.2286657730252997 2.9417657711672613 0.024968872945513955 0.19008616804896714 0.10060957104241593 0.9762794263503414
36.83 31.21564018831847 1.276003529057344 2.9611137753815235 0.021706070235086007 0.18466021126548327 0.09971900864144075 0.9774894230660018
36.93 31.351983709402337 1.3238014290910645 2.9640905850650427 0.01862933388972423 0.20701788063695148 0.09868163177905868 0.9731692969698709
37.03 31.487225525639015 1.36498815333574 2.9712500272925215 0.021353895669283463 0.19737242312355568 0.09938228275155818 0.9750442552034092
37.13 31.63396888925171 1.4089654437938441 2.9736695123279024 0.024733755810244833 0.181544289705607 0.09426943608992887 0.9785413561102528
37.23 31.785059906919514 1.4409729350390954 2.9796391801547184 0.026933932003803174 0.18127826070911876 0.07476498705448778 0.9802157681917963
37.33 31.93656179661743 1.4653703612192541 3.000634020379756 0.03629346833213596 0.18040406433118122 0.0485537204319942 0.9817228193137956
37.43 32.085085148159806 1.48555052252551 3.010334245473868 0.03728165188266976 0.19195509948755254 0.026955016387264913 0.9803248162242888
37.53 32.23820536217836 1.4998350584520503 3.007583291694976 0.04132754111563647 0.1901850038879115 0.013691685326062585 0.9807824613003756
37.63 32.389356654636714 1.5189507508726754 3.011299260549815 0.03769033898999372 0.17820751238037622 0.0062897475410210145 0.9832507106297395
37.73 32.54425417887459 1.5386600296328106 3.014188812991606 0.034010194059655136 0.19393991152369555 0.0044822680662348615 0.980413446812715
37.83 32.68719132225192 1.56057561719399 3.0322739030002057 0.03102728473330162 0.2078915733988337 0.004812041080734992 0.9776478126464935
37.93 32.831928485436784 1.5921147988094315 3.0508843934161525 0.03156189988939018 0.2179969210919456 0.00503737445610984 0.9754259652728101
38.03 32.97420677034494 1.616891302778785 3.0507464409153524 0.03410722354689593 0.21525452798829123 0.007673660915531349 0.9759320162852603
38.13 33.127414953385895 1.6364714099450544 3.054340560949718 0.04084196716713595 0.19599198182048425 0.001092663692573049 0.9797539909926637
38.23 33.276073310075034 1.6451553044676013 3.0567505068527803 0.048728311372628945 0.19974910446899904 -0.021294712099545907 0.9784029753487069
38.33 33.4301968161517 1.6484651274214843 3.0678989494127618 0.05167588784202672 0.20213016763664754 -0.0471581769327126 0.9768567470695496
38.43 33.57767303929137 1.6486194598454078 3.075647743043677 0.05818564894772756 0.2157269964045824 -0.06225658842415638 0.9727283333369982
38.53 33.73742688182659 1.640474429042522 3.07358233633554 0.059985652105504286 0.21208668374883918 -0.07456667644374591 0.9725537367580421
38.63 33.89518055594866 1.6299359617775526 3.069820992850099 0.05843679175886071 0.1955332903493188 -0.08297074734902603 0.9754320728879303
38.73 34.05674609575484 1.6222519391445405 3.0739767972485175 0.05833511606933934 0.19954420876523435 -0.08601839933763722 0.9743613077071688
38.83 34.207661993370095 1.6171827605097504 3.0865212136045534 0.05666533853898169 0.21894538622538456 -0.08607314353135845 0.9702800478323307
38.93 34.35785912602692 1.6138103703835396 3.0934001861357476 0.05710625868865499 0.22577530037439988 -0.08220344523577645 0.9690237265159212
39.03 34.51210132129081 1.6047692602562356 3.1014492298006062 0.056101760070727355 0.20802621002838703 -0.08286190123119287 0.9729910553455998
39.13 34.67141865072526 1.5885378203940927 3.1078895464906697 0.05658234823297657 0.19520354566826226 -0.09789547341127726 0.9742230185704722
39.23 34.821052463939566 1.566268780024657 3.130839590188291 0.0611625933200625 0.19187276423895835 -0.11891895865314438 0.9722665585087855
39.33 34.982490285757585 1.540696501612342 3.1587911130990345 0.06090149485343598 0.19282756746484728 -0.13732572325738468 0.9696649848695388
39.43 35.12427380739864 1.5153304791359838 3.163851781218466 0.06139760321364269 0.2011368549550683 -0.1379177117843068 0.9678600129536218
39.53 35.2847477253007 1.4835158633663177 3.1632423939184147 0.062230430544392146 0.18655571005987082 -0.13810667145324285 0.9706960841882608
39.63 35.438740678525 1.453713233469042 3.165200702948619 0.0653080452498663 0.18677266897889405 -0.13115984223008362 0.9714154235620935
39.73 35.588672918399396 1.4221298075523174 3.172765235544748 0.0640975297841748 0.19565974245364443 -0.12421221852569155 0.9706596193452504
39.83 35.72493172540018 1.3983111123266003 3.1910024726145894 0.06728980279486681 0.21967351981069608 -0.11786939048085093 0.9660861420812744
39.93 35.864768599750214 1.3726388817930084 3.204258883798463 0.06386482449657682 0.20917474033397798 -0.11085786408820633 0.9694729218333202
40.03 36.01028600561606 1.3491619055591597 3.2013997167132033 0.05548019204477143 0.19082597377998542 -0.10452700358005303 0.974464725654126
40.13 36.16251982450623 1.3222865714690395 3.2065058043309653 0.05162337391549826 0.19138362629745395 -0.10611551191695667 0.9743956244675052
40.23 36.317264690749305 1.2878182252092258 3.2120106882313144 0.055600294269837085 0.20604077593996162 -0.11533000610177034 0.9701313290579435
40.33 36.46212609718523 1.2519802176385972 3.2268046794324357 0.06310466484004883 0.21974171809704607 -0.12330484496042542 0.965674527888392
40.43 36.60674266435353 1.2131114334682669 3.2397091457405907 0.06892698806355713 0.21856821572290452 -0.12715768118952514 0.9650429676997264
40.53 36.761870129080904 1.1801478727395671 3.2364919130833103 0.06784692652384869 0.2005871645340421 -0.12907834478754748 0.968762285027843
40.63 36.91405131136516 1.146181133883559 3.2393473862845017 0.05836677740155781 0.19491807124628824 -0.12605968753721128 0.9709321397375846
40.73 37.064306616515616 1.1175667539842729 3.24265935602414 0.05423396915063369 0.1958192859421945 -0.1163798785009177 0.9721981319275247
40.83 37.21130256333001 1.0969180921819668 3.2575122659532236 0.05313084663883786 0.2047068088639901 -0.10369746908105873 0.9718637098103545
40.93 37.35805166788443 1.0835129994844894 3.2589818337627574 0.05670558999466474 0.22544371817833958 -0.09326040357597237 0.9681229793379192
41.03 37.519565536643675 1.071483995394654 3.246451609483151 0.05074093474809828 0.19534147649930572 -0.08702674481571142 0.9755477491064912
41.13 37.679939316796556 1.041737525199259 3.2417115524020126 0.05057343530270387 0.17959221294553834 -0.09066914765992991 0.9782474484268433
41.23 37.83498470381349 1.0188886430904345 3.2471705907920922 0.05816909094299787 0.19280660915443126 -0.09867995566746245 0.9745276982593687
41.33 37.98935999507311 0.9896107304129956 3.2553371835941487 0.07007347421335981 0.22434936086351706 -0.10997256475089466 0.9657448459577257
41.43 38.13589157004241 0.957948619332993 3.256916042711638 0.07657900204058488 0.22661778357361032 -0.11594112724535226 0.9640216240457107
41.53 38.293705054296275 0.921701601861318 3.2459100953760442 0.06792872736787556 0.19797022573815928 -0.117152556159331 0.9708083004922744
41.63 38.44995873987691 0.8931582500604 3.2408694614723377 0.05597611539424416 0.18164054311043587 -0.10760639157826447 0.9758556512596631
41.73 38.59757966376693 0.8632801856243525 3.25301226665003 0.05147475767205116 0.17875795592108137 -0.10153683420748323 0.9772851241150878
41.83 38.754974753052984 0.8445595281093508 3.2609405483571394 0.05392730458285217 0.20288228143711828 -0.09154953415494257 0.973421444439823
41.93 38.907035623522205 0.8218397730027399 3.260041766203503 0.04952258060118772 0.20440025780612786 -0.08438041858344146 0.9739856228810929
42.03 39.06138450297513 0.8022176557039651 3.2578958350577585 0.04549761925105586 0.18990017779921678 -0.0866404928997983 0.9769141794980724
42.13 39.22283778295822 0.7721445668696787 3.264719796184173 0.046841898262410336 0.1823149388354066 -0.09990817821078099 0.9770288918815138
42.23 39.373696682950666 0.7437871618919383 3.2811276306544315 0.05143973398807547 0.19492845900198028 -0.11502607331831616 0.972690008222208
42.33 39.52049539950389 0.717056381403217 3.294638233689912 0.06347501442654772 0.21659332443135826 -0.1217117072714934 0.9665632491815423
42.43 39.6639781717877 0.6851641023512097 3.2974190046379896 0.06823588402327205 0.20877794969533883 -0.12579340644919845 0.967435605477946
42.53 39.81827208993059 0.6590347254323171 3.2847957915507036 0.06676656414449408 0.1941741845391691 -0.126120326820923 0.9705319547204365
42.63 39.96896043940294 0.634489157088193 3.273467532784362 0.061364832471126105 0.1848784050064407 -0.11948591035720146 0.973538622718265
42.73 40.11834031953536 0.6180575958280219 3.285122933667208 0.05816808626218774 0.1934653729874235 -0.10869088924053084 0.9733313484068694
42.83 40.2658071002123 0.6035277177726135 3.2908586889339486 0.053417440999114524 0.21304927751149572 -0.09850006809505352 0.9705948273786573
42.93 40.41857719573166 0.5917416517401448 3.2890886117942157 0.053457374744800196 0.20635504512033237 -0.09194861033548109 0.9726794731545194
43.03 40.58004322222029 0.5665436629937709 3.273653546269038 0.05450915320315191 0.19071295598444835 -0.09406656133859141 0.9756068894153436
43.13 40.73517886502629 0.5437502033639309 3.2667739677349554 0.05619141432106163 0.18924146617687135 -0.109613442590355 0.9741740530517726
43.23 40.893032336190004 0.5150795386214604 3.2711783808510373 0.06079125614929363 0.2099948176775992 -0.13480107432194402 0.9664550015836189
43.33 41.04690862746269 0.4733345888946907 3.267567180148563 0.07432746763486504 0.23222676875802384 -0.15209568195381437 0.9578168191038408
43.43 41.20052120108746 0.4339650836921535 3.267054514911771 0.0718346555940868 0.22041982867490506 -0.1584828563613461 0.9597593790227599
43.53 41.361063193652036 0.4019524532576807 3.255218273897094 0.06184859606982614 0.19416722495751634 -0.15510137916741387 0.966652679144301
43.63 41.52336735764971 0.372058949651491 3.2654034005847916 0.060136120606081894 0.18397809602694362 -0.1449983449697742 0.9703149937709804
43.73 41.67889647725731 0.35366529001199687 3.267395894946893 0.06114288653302128 0.20454274780593468 -0.13368833324305993 0.9677557756485367
43.83 41.830006744089026 0.34811912168137404 3.2697435246988396 0.0532897679076927 0.22258286598041702 -0.11126556648930536 0.9670765440864039
43.93 41.98657422555174 0.3354435968144127 3.2664123144799593 0.048815566315349675 0.2038800951774952 -0.09718520841312611 0.9729362684890643
44.03 42.14522764623909 0.324465237735711 3.263821680229179 0.04956437933932806 0.18697348665055147 -0.09536047809678923 0.9764684668782679
44.13 42.29395503119427 0.30026819335300753 3.2672931199444304 0.05455363738136995 0.19609399905742111 -0.10262901652769107 0.9736725985405407
44.23 42.44658251747948 0.26775027752222746 3.272184524847073 0.06029285831266922 0.22347464371682393 -0.11350455306826404 0.966199032955892
44.33 42.59292773338388 0.23290388321910266 3.271790693118181 0.06733437288453946 0.2290645057331529 -0.12183769101985804 0.9634059951486819
44.43 42.744248826783846 0.1990693226675692 3.2762723804548086 0.05898537281564245 0.1997319545834725 -0.12262302258832006 0.9703563605415125
44.53 42.89167724692966 0.17264733359311002 3.2765052410848496 0.04671702386143523 0.18102092438356476 -0.11473490749794228 0.9756458607600856
44.63 43.04683674106076 0.14431577910218485 3.28598044332382 0.04303824762503355 0.16749313219218764 -0.10286851721330963 0.9795467462434612
44.73 43.197067135232466 0.1169529370711504 3.293713290155985 0.046444728551957665 0.19463428333181373 -0.09162827348689076 0.9754817489012585
44.83 43.3413723104992 0.0991211082594927 3.297216760906867 0.05086511389995426 0.20269798687023477 -0.08785080970773912 0.9739653492503692
44.93 43.50268998747396 0.06834552789691525 3.2801429595463487 0.04886034268900164 0.1836106937358154 -0.09033722118255255 0.9776190293397425
45.03 43.64921976688433 0.04718270532823044 3.2745237078422957 0.04689395736489574 0.17888693493133126 -0.09988999181947068 0.977661705707981
45.13 43.80018929195745 0.017242746257318448 3.2790191847405 0.04695003785532549 0.1867328563759912 -0.11211188708437729 0.974862789868106
45.23 43.95348038005336 -0.020570651893585867 3.2886228557330592 0.05928226533152215 0.21062994991315637 -0.12673327647046595 0.9675015833846499
45.33 44.101406248766295 -0.05699017773651524 3.2856020039900597 0.07068614203897419 0.2121013442365689 -0.13877261499808108 0.9647583378355852
45.43 44.252468253863874 -0.08874216399490958 3.285550285709258 0.06682173644874577 0.18759398916432912 -0.14449055184569434 0.9692604558088165
45.53 44.406422136013 -0.11692883985902972 3.2816219396486708 0.05813661499673775 0.18097602686601605 -0.13883718440996745 0.971901254203134
45.63 44.55829967287513 -0.13586783986185288 3.2920747586688335 0.05574121121943204 0.18019974871878874 -0.1266407572923614 0.973849622131617
45.73 44.707596448743864 -0.14539201725704154 3.2950943041651106 0.049007792370381435 0.20644587247871496 -0.11748635411060594 0.9701418940656471
45.83 44.85081506417386 -0.15843362297319083 3.298776147275702 0.054088047169322855 0.21425701310030698 -0.10882047280293142 0.9691885885572995
45.93 45.00238436105865 -0.1712589186580453 3.2930967967855236 0.052813836610367544 0.17838712106413546 -0.106547441003775 0.9767478571855124
46.03 45.15668162469025 -0.18897923573264744 3.292785665884356 0.055579001834446716 0.16003490566051778 -0.11558192394513683 0.9787444111628205
46.13 45.30078486398796 -0.2096123844669996 3.302531916790562 0.060888720537751746 0.17528446840983322 -0.12446522378643113 0.9747185885748519
46.23 45.44720393609131 -0.22838515389227454 3.3046817713928216 0.0649630986412505 0.2053222729426519 -0.13174271030689894 0.9676086080278445
46.33 45.58597728447513 -0.26282175967053995 3.306573784961205 0.07349426084629865 0.19407360297260454 -0.13757223238803817 0.9685080852154306
46.43 45.73488300836654 -0.2880216613485976 3.2984401553052516 0.06482644196180773 0.17789946977844254 -0.1407862366651414 0.9717656850500477
46.53 45.88476655259959 -0.3151197667148093 3.300021487670088 0.05889172192289266 0.1688031792259601 -0.12912815203400438 0.9753784763487701
46.63 46.035053378045625 -0.3313868735632337 3.309353886622936 0.05902987850077237 0.18907849113836792 -0.11890041203724196 0.9729478350098716
46.73 46.179417997165736 -0.3551052477381364 3.3121408211215564 0.06686264927773358 0.20074153157037652 -0.11794306856193557 0.9702173242178976
46.83 46.32034298380399 -0.3822143394276214 3.3050099729578077 0.06392042565477458 0.17247287702899278 -0.12457349890151216 0.9750121687675951
46.93 46.457996954634154 -0.40940441533058564 3.300388894197432 0.05442059860183136 0.17756111012968734 -0.13985243432941075 0.9726005075206724
47.03 46.600088134723116 -0.43550824535306776 3.3041670702054464 0.05603064869728608 0.18933901606439965 -0.15539053691484384 0.9679179120357485
47.13 46.7382059952672 -0.4669986678309485 3.309371106556827 0.06593088387349601 0.2043678235498836 -0.16134308465155428 0.9632524696486715
47.23 46.87518040599579 -0.505730429656359 3.3149534108490633 0.06958869133888573 0.2064383591986745 -0.16111997365661185 0.9625907603846992
47.33 47.01661549459735 -0.5383970601011627 3.303075310203326 0.06816546927313033 0.19796021084869547 -0.15724176936121712 0.9651115218914691
47.43 47.165229575986686 -0.5720123553584822 3.2997859941699077 0.061330323754548145 0.18125248795459187 -0.14537064307066502 0.9706974312996065
47.53 47.30990012411382 -0.6027202539660692 3.3077451868782397 0.06109910215823794 0.17220785114954354 -0.1303067536262828 0.9744903825473564
47.63 47.4444393242015 -0.6245785031198191 3.319394077773044 0.055460411459855766 0.19504180794250256 -0.11690834556321526 0.9722218237896615
47.73 47.58374533879417 -0.6477616445316878 3.3235363249084346 0.05195089862677362 0.20121242210712045 -0.1031269086837129 0.9727175880115451
47.83 47.72810869656298 -0.6755675916683613 3.3143291796565446 0.050052815213596176 0.18185180575413107 -0.09334224095271672 0.9776051669703268
47.93 47.88505285921809 -0.7025421004636435 3.3001498837738383 0.04710836743799238 0.17928375253863046 -0.09127099672041909 0.9784210458440966
48.03 48.03078801776261 -0.7357484422102437 3.3060739414993177 0.045064756105381444 0.18090560236534345 -0.09490887205658573 0.9778725053885816
48.13 48.175347095902595 -0.7727695084473514 3.3091451753572936 0.051464878260314754 0.20515071777165766 -0.09810463667256777 0.9724402447280595
48.23 48.31872859780245 -0.8128582547601864 3.310204166593083 0.06254802636535005 0.21176494612149097 -0.10628686401395263 0.9695083571223309
48.33 48.47308419357276 -0.8597521698919937 3.299471998079658 0.06329133492897701 0.18867260604420696 -0.11042780633087584 0.9737569276982557
48.43 48.6302918704506 -0.8890542161065109 3.3062699806394633 0.048761570179331214 0.17497303662509106 -0.10540593554721177 0.9776995113424459
48.53 48.788148583287985 -0.919976628554016 3.3173592974049506 0.040068110650343644 0.16093137939624252 -0.09358168937668954 0.9817016374886716
48.63 48.93975522207553 -0.9423033116993205 3.3254315309260023 0.03616872670835866 0.18644240181927474 -0.08895271586130889 0.9777619691689043
48.73 49.08957406404572 -0.9632440908410445 3.3298754581968697 0.03459630953351009 0.18842853005696045 -0.08394387040749861 0.9778809800012699
48.83 49.245533482075594 -0.9861214128130887 3.3176276858134877 0.03531298939867199 0.175852625482076 -0.0908769070641916 0.9795765588524649
48.93 49.391769985818115 -1.013481326443613 3.306649432421136 0.040009240679713294 0.16879112546907438 -0.11151362728369352 0.9785057626570982
49.03 49.53074400476334 -1.0311651099984274 3.3117831814089245 0.04701427364412404 0.1724257851161536 -0.12732924355460612 0.9756260915107824
49.13 49.67881475065121 -1.0553398069261777 3.315402266997698 0.050961705469798405 0.19866159481124937 -0.13339355498516958 0.969609526980361
49.23 49.82821808131508 -1.0774252442344157 3.314847220935889 0.05499525298525543 0.19558729082315177 -0.13900375812359664 0.9692260257778184
49.33 49.983545133052786 -1.102972187662582 3.3033353235276968 0.05727857951333856 0.1700000178181221 -0.1392724470874237 0.9738697776155975
49.43 50.132337311540184 -1.1227679842720524 3.2971410982060925 0.05723548849610332 0.1698498494957138 -0.13781371342105872 0.9741060044348326
49.53 50.285674389123855 -1.1352171039847074 3.2984470623557534 0.058007453923317846 0.1987199571254698 -0.1299641335190366 0.9696673852038293
49.63 50.435044472334376 -1.1432953717508452 3.307067226422194 0.05268823976687674 0.22292860940028555 -0.11898975724433496 0.9661098396000619
49.73 50.58274954803908 -1.1545540248822548 3.3083183830222933 0.049980961277164164 0.20917210234248396 -0.10952743347426595 0.9704394243990586
49.83 50.74224153497064 -1.166056546815963 3.2994677713886045 0.05443409391066906 0.20328180155252965 -0.11214751549074667 0.9711520855905811
49.93 50.89457294621357 -1.1959254062432128 3.3129807819139847 0.06255238919196388 0.18620084873646695 -0.13061202738186956 0.9717802945313279
50.03 51.04939797252194 -1.228017485184262 3.319079426975166 0.06589302602987485 0.20091421046928057 -0.14991074813088145 0.9658252205999652
50.13 51.20348335391012 -1.2594336983424979 3.317028427053211 0.06794606524766479 0.22531036970409685 -0.1603356613399014 0.958598479669074
50.23 51.353439823860974 -1.2947643334957606 3.3192707849557803 0.06490198878190218 0.1990360748652742 -0.1631352777164225 0.9641365328203078
50.33 51.51208036167119 -1.3247634898926641 3.3053876990769173 0.060436208807121444 0.1862273297867159 -0.1564110358801244 0.9680921620178723
50.43 51.66187486011495 -1.3489352696092878 3.3121245470529073 0.05271710908492787 0.1706135341104657 -0.14339741057652858 0.9734213430103181
50.53 51.811665734651285 -1.3782768615236398 3.3155854674611533 0.055056775867619596 0.19846187326930764 -0.1340075168326021 0.9693418497732674
50.63 51.95791847308029 -1.405943889996466 3.317389185362544 0.05589078031313983 0.21192969231177822 -0.12536289697096845 0.9675981450249219
50.73 52.10869438292921 -1.436610191615489 3.310355739849857 0.050409538833455225 0.1900577083954369 -0.12209407630009675 0.9728463303145567
50.83 52.26442019763936 -1.471710135275976 3.3082429456988436 0.048671986690457844 0.18993026311713906 -0.12871383809307757 0.9721061057041084
50.93 52.407556800514016 -1.5096668401762425 3.3213945760699914 0.05250775884332502 0.20737120327751585 -0.137252740673484 0.9671617261296601
51.03 52.54336669978052 -1.5556077999034064 3.3345494528117823 0.06702709095908015 0.22911443447523186 -0.14739114237530218 0.9598384218929565
51.13 52.68571339164463 -1.6056050140310236 3.3437979179870516 0.07369725724354902 0.21899686687532285 -0.15734769807783186 0.9601306101167579
51.23 52.82834936076232 -1.6505901535642797 3.3409288745078705 0.06767043783808312 0.18340723743970833 -0.16320995367108893 0.9670289592976095
51.33 52.97944642004808 -1.6950944552142477 3.3360514732279953 0.05569284425498656 0.1644118863765864 -0.1611558292718754 0.9715430188152125
51.43 53.12174956361963 -1.7318568395296938 3.3460006484744467 0.048005163006251524 0.14328182838759335 -0.14770384912890913 0.9774197639352071
51.53 53.28062784309712 -1.7655896291575564 3.347646748774872 0.046765273672724185 0.16670135589081417 -0.14007958568757495 0.9748853146889006
51.63 53.42094761852231 -1.7940351102810321 3.348673993721518 0.04554218733814854 0.16961122164868792 -0.131021562113507 0.9757004114607275
51.73 53.573978915547826 -1.8297109936189901 3.3507429414921384 0.039903931658038724 0.15079090236547849 -0.12639985824510658 0.979639145725431
51.83 53.731673426658844 -1.8713733667025305 3.341403613793543 0.04422866986514815 0.14037730085788686 -0.12894839062865707 0.9806683184033699
51.93 53.88376176228012 -1.912816972167585 3.3476209238526593 0.05237144736240082 0.1622546280457103 -0.14056634416445107 0.9752803545992078
52.03 54.02703396364191 -1.9514252741079359 3.3497576623076757 0.056150818636267766 0.19469972038335318 -0.1531065829337475 0.9672111862005487
52.13 54.171813769036305 -1.9937398316652888 3.3446721502300956 0.05614562786404385 0.18701405509034355 -0.15774171991255984 0.9679829344928793
52.23 54.32137922638376 -2.0322159097686026 3.3269335373075184 0.045341576333417566 0.17669557525226584 -0.15647110714121118 0.9706902738628195
52.33 54.472199334868165 -2.0619139382148792 3.325064830712338 0.03393285175755044 0.1635590577182061 -0.14905262415462345 0.9746180336124266
52.43 54.614893186814214 -2.084894047804808 3.3315917574509983 0.02798981238404351 0.16989415454003814 -0.13529173733649502 0.9757298255481918
52.53 54.76774374900642 -2.100866875526112 3.3349813024701276 0.020493883736798283 0.2091253583178429 -0.11504045499633861 0.9708822168275882
52.63 54.90919748779634 -2.1128287926096934 3.336949576559731 0.023135572275417557 0.19791268520752534 -0.10252625286740755 0.974568459269232
52.73 55.05947946539195 -2.129483147586936 3.326813976303224 0.025430915621780337 0.18160605210919417 -0.09872777565481002 0.9780722553483481
52.83 55.21074825052107 -2.1370419183033365 3.3196228106063477 0.02367981583651396 0.17441600837444962 -0.10090579465898034 0.9792018908013363
52.93 55.36210997223849 -2.152064254070938 3.3222970479628273 0.020577421957777016 0.1851264013679087 -0.10761937338487179 0.9765873517993089
53.03 55.51194894260122 -2.1766347056676167 3.327739991104905 0.033166899518222784 0.20381174779746364 -0.11290363129901745 0.9719122893942574
53.13 55.66170147154767 -2.196777611129239 3.3167387954131033 0.04192929371229202 0.20625668814911768 -0.11831632158299044 0.9704129847490791
53.23 55.821145527375016 -2.220880742305383 3.302760004907268 0.04200418550600886 0.17667215302252168 -0.12121054031360083 0.9758742765660179
53.33 55.98135997115433 -2.2391965049321185 3.2847313601993946 0.03493475401232771 0.17031292398496034 -0.12143629105032155 0.9772544694713515
53.43 56.13481907758296 -2.24652628697995 3.291733045800419 0.032062889144413464 0.18012927607902846 -0.11612112151804505 0.976238341890109
53.53 56.2967028522286 -2.2524582006002967 3.295514222429098 0.029812665914122446 0.22030690727675883 -0.10443301136450395 0.969365678005253
53.63 56.45335241452974 -2.2507558861995776 3.2971485325447727 0.02749901847523312 0.21169074300901594 -0.09766107412371397 0.9720561444218085
53.73 56.611051931693446 -2.254814390135443 3.300606705007186 0.033307643593569795 0.1827557135519162 -0.10420191213355884 0.9770531774422945
53.83 56.756518730613465 -2.263153126452425 3.3148539579263248 0.042822653264868976 0.15568306831322795 -0.12248920602068077 0.9792473625271395
53.93 56.915918258661485 -2.2788190099981263 3.319346054411443 0.04811974082727297 0.1800631236522671 -0.1356873230922383 0.9730625429001812
54.03 57.06088842093962 -2.2958940399621888 3.3123305645254275 0.05054191569231968 0.22776354174881466 -0.13898237912712225 0.9624204809231521
54.13 57.20858922133158 -2.319387899206085 3.30257922260457 0.05498108807022363 0.21702041935268754 -0.14220041921855947 0.9641878750081149
54.23 57.36099069674398 -2.343947164626196 3.2849718646761406 0.05194901837430193 0.18819878753858196 -0.14572264366032361 0.9698697989852042
54.33 57.518506055350194 -2.3720897353800616 3.269191063320518 0.04699638579266796 0.1716622872109239 -0.13968252417677451 0.9740699108952837
54.43 57.669526815790476 -2.388979813818803 3.2683048033049458 0.042074836405562546 0.20172697625260025 -0.13266455693561574 0.969502991499513
54.53 57.825347107321114 -2.4138292281653673 3.263214847629605 0.03714240431179846 0.2217397362842238 -0.11853271605648179 0.9671617891432721
54.63 57.977968156425156 -2.4377958354820444 3.264709382480146 0.04014325082981658 0.21175890268141326 -0.11561060296980544 0.9696292461703784
54.73 58.13931123375396 -2.4698837085506726 3.249448722578197 0.03582698496535261 0.1876963858106717 -0.12315984964477039 0.9738162790472243
54.83 58.29996134048354 -2.5081100732231305 3.2561275650489976 0.03349104518948789 0.17603778144616528 -0.14068126304524686 0.9737031537504754
54.93 58.45042890334458 -2.553793788371003 3.2705401224343587 0.042698191161591556 0.18830408667767268 -0.15291437078789122 0.9691932885748636
55.03 58.59071999832886 -2.5997347092413525 3.2677677467140893 0.059069583482971526 0.2278933656376536 -0.15702166598745954 0.9591243895428859
55.13 58.73671304154977 -2.6496170708459106 3.2724289266936135 0.058995232016704445 0.19873847866748406 -0.16410107093714862 0.9644135099704432
55.23 58.887988493285924 -2.6938007306419913 3.268773497338273 0.05146969421736004 0.1736759891743815 -0.1651958227678049 0.9694832961436416
55.33 59.03963583904245 -2.739682978577512 3.266778168800347 0.04896256511042651 0.17233497092509306 -0.15899383722926635 0.9708883997335473
55.43 59.192177130866 -2.7708352675683483 3.26888887939003 0.0484709241690855 0.1974356036945404 -0.15093187840651695 0.967413727411725
55.53 59.33433519479626 -2.795575537919966 3.275704856996674 0.04696912544949459 0.21848377986945425 -0.14190710871002069 0.9643241735464418
55.63 59.48815072527148 -2.8303602024444072 3.267788366150105 0.04145397245851717 0.19495310826231768 -0.13535618500488314 0.9705429186425468
55.73 59.645586162064866 -2.869904118217393 3.254109645193038 0.04128701471029567 0.18711886486420812 -0.14148233248491857 0.9712181332856534
55.83 59.7992292952075 -2.913655699733222 3.2605981911152333 0.0452431086300184 0.16927873084340142 -0.15999414179959956 0.9714420451037464
55.93 59.945407993647734 -2.9599604875944534 3.2597315666755984 0.057778155966885736 0.19315561453620525 -0.17561756218001495 0.9635927900934894
56.03 60.082834038809494 -3.0094830280661586 3.2562477332661053 0.07035665394428804 0.22205099134487463 -0.1892815523941468 0.9538950636269087
56.13 60.227817207276374 -3.0568960605660362 3.2511098087192902 0.06627690829174165 0.20082515726584946 -0.19349968447649685 0.9580367945668534
56.23 60.37796855361538 -3.0969685754559624 3.2449131567084013 0.052922757389258016 0.18324113814998175 -0.1889412354938946 0.9632876395811677
56.33 60.530713514743695 -3.139151025698489 3.2434127164925424 0.0490318334200618 0.1763417112682581 -0.17823600273677867 0.9668150844431757
56.43 60.67254472866314 -3.1656961884602484 3.2466128041209315 0.05183169948370064 0.203535175199284 -0.16006017197080763 0.9645038355205767
56.53 60.81141726659244 -3.18717629920535 3.249819423087607 0.047143223638290765 0.2237127535051097 -0.13763905418716654 0.9637352391329346
56.63 60.96014929389035 -3.216023102355512 3.242650914673113 0.04608195699823641 0.21134337398982672 -0.12845092503334102 0.9678382051602882
56.73 61.11398086516571 -3.252895591427646 3.2203912479795624 0.04520191341709701 0.19768019261323827 -0.13261999880582234 0.9702016617119196
56.83 61.264943223805844 -3.303548157121821 3.2231278439200457 0.047340022279207715 0.17294832200663054 -0.1483509568046795 0.9725429521727209
56.93 61.403402353896446 -3.353748635911947 3.2209784927549463 0.05995760379088131 0.19116272893685324 -0.16381594793347748 0.9659328299709701
57.03 61.54630094192363 -3.4114958786292204 3.2115737516362812 0.065010725682984 0.21689940511927872 -0.17514064564219978 0.9581513491349413
57.13 61.69374056637505 -3.4713501380332636 3.190282874688361 0.061585050148972066 0.19358349603120903 -0.1815598659252824 0.9621687620930525
57.23 61.84569268690825 -3.521462084757621 3.1626527240360724 0.04619793002854519 0.17196990462136388 -0.17791818664686662 0.9678001973681797
57.33 61.99359912663496 -3.5652481714600497 3.1477680002427317 0.03248993942591361 0.14980783045186769 -0.1674617523115049 0.9738883813272265
57.43 62.15105075054623 -3.5952281482974726 3.130805096618018 0.04294236139174685 0.19492017950266857 -0.1543505759996671 0.9676455843485875
57.53 62.30286771638251 -3.6237869400022658 3.129142738995446 0.051460050347086214 0.21405899470549003 -0.14527825633422592 0.9645853193162529
57.63 62.466641732331496 -3.653377508171776 3.1253268593851358 0.04292893462158143 0.1867821189987001 -0.1394639783093593 0.9715036517423588
57.73 62.6271793093699 -3.686080786134372 3.1254869783620127 0.03824287435972704 0.17743377022597104 -0.1473483223723848 0.9722876177542052
57.83 62.77965438626806 -3.721329286695835 3.139686280076507 0.04210288703760706 0.18330589175941642 -0.15885742501146052 0.9692216544568697
57.93 62.92953597230461 -3.764449060808777 3.1461711750701955 0.051932206611973904 0.2098229286108965 -0.1647970359121999 0.9623509346907245
58.03 63.086268803352596 -3.809636248002707 3.1407697534753933 0.05220255332143278 0.20009307903296536 -0.1705886094059748 0.9633987645262819
58.13 63.23872746963747 -3.8504136659712076 3.1296782693122713 0.04283662828012121 0.1754429346216617 -0.1676483924881797 0.9691639781095145
58.23 63.38850393893565 -3.8760724327464895 3.1362739679337275 0.031079226669233646 0.15868126509505986 -0.15001152984896612 0.9753721744492441
58.33 63.5351523097752 -3.9028977701453478 3.138492679138114 0.03138634116789227 0.16629252292808622 -0.1412332906316749 0.975404968217639
58.43 63.67771120847118 -3.9258806357026086 3.1337849211019932 0.042751307441663965 0.20921039457811344 -0.1388590289530412 0.9670168078118998
58.53 63.81670358962416 -3.9476526223960127 3.128514407091876 0.04079070440820282 0.19809396965795445 -0.14284363123052268 0.9688604619014622
58.63 63.95290075908141 -3.9746052688471543 3.1152181951780755 0.034656202874962155 0.196089373504152 -0.15723665228126274 0.9672768685233923
58.73 64.08387437822607 -3.997525846079402 3.1169537579615407 0.0379142466675061 0.21784233581172918 -0.1684824805228929 0.960583614468089
58.83 64.21122324239514 -4.0188550210128655 3.126418624920317 0.04820092494729712 0.230486736862904 -0.17001505103348097 0.9568946741343054
58.93 64.3375680838113 -4.041107907960874 3.1405355505929036 0.05635770257428425 0.23739081985368649 -0.16388716875389925 0.9558296939976149
59.03 64.47152564858304 -4.061630715962977 3.1433880679154185 0.055259058333544726 0.20832066989117226 -0.15962182266737363 0.9633637987263839
59.13 64.60820178130996 -4.087654841085005 3.1418150198588544 0.05029230310967524 0.18530417903978466 -0.15272304512206414 0.9694373197721242
59.23 64.74825035206132 -4.1107193246998825 3.137364456904621 0.04420356817241426 0.18420059207532036 -0.15133684237608216 0.9701615054100865
59.33 64.8881386628302 -4.127520483089676 3.1436530224937367 0.03987368060489222 0.19427013402723523 -0.13879492724263004 0.9702603634034385
59.43 65.03260445873461 -4.133246882526562 3.138255919104449 0.03263808105441276 0.21681864253129127 -0.12723871168414333 0.96733383181037
59.53 65.18193936339266 -4.138440562114102 3.135058528202902 0.029820276141990888 0.19287882666059886 -0.11991188679160841 0.9734113461239922
59.63 65.33549377411798 -4.154554043450826 3.1328261551806764 0.04074909209784444 0.18785980668090907 -0.12748436645784203 0.9730343985881771
59.73 65.48398996187935 -4.1703537129825134 3.1444332946252422 0.05003836313568737 0.20080949037923357 -0.14146893132527122 0.9680693426909146
59.83 65.62671589641627 -4.194264915245675 3.1519061563710022 0.05507936094238613 0.2062448585676763 -0.1511118948888368 0.9651914408736139
59.93 65.78191240394797 -4.224985690086044 3.1524688087646773 0.05662088186686263 0.21447894618651164 -0.1572556048777705 0.9623219482656876
60.03 65.93655119201972 -4.256601145767525 3.125951905607852 0.052577319240064715 0.18782415748285128 -0.16106745026499525 0.9674786756474371
60.13 66.10068029413819 -4.290082501779975 3.1026556360596724 0.045409509655634825 0.17524394017518766 -0.1609624110472751 0.9702157698649091
60.23 66.25534573190396 -4.312527196378305 3.0878471227847837 0.04041793592941437 0.18558749963808083 -0.15827434819538067 0.9689545402838148
60.33 66.41361944513042 -4.325631094440799 3.0761271268629424 0.032723089454112515 0.2133167576840464 -0.13987988328595755 0.9663636885560483
60.43 66.58290108676184 -4.3483793794637995 3.0676633119743766 0.03616246860233813 0.22473394119562445 -0.1283277419626394 0.9652558843032437
60.53 66.75529968976129 -4.370828293410094 3.056368228375825 0.04039362369263257 0.19549474221384122 -0.1260982341194383 0.9717249591750133
60.63 66.91915196652779 -4.394658460640319 3.054441962814024 0.042934733148668545 0.17136344200907586 -0.13741961887813556 0.9746317395712305
60.73 67.08044428875613 -4.427829288866035 3.064050629345459 0.04089675345885854 0.18771917274310204 -0.15017674188594726 0.9698123086132143
60.83 67.23638133310976 -4.463261912485719 3.0673447446865287 0.04720776833928831 0.21208832052625645 -0.1557376875851516 0.963605595443699
60.93 67.39810175553272 -4.5004466835507 3.057406847715823 0.05144094122913588 0.20151016956599063 -0.15850472654477385 0.9652065751899502
61.03 67.56296044592392 -4.543018036310454 3.0363558362900678 0.04894398958602186 0.1915851415556695 -0.15891861113060218 0.9672871830303645
61.13 67.72159121588146 -4.5853704240385795 3.031881597658443 0.040323057179743965 0.18033150528048783 -0.15576613379961643 0.9703563834097618
61.23 67.87341517647181 -4.613924676820042 3.041328175758312 0.03783661982743056 0.20503269291239806 -0.14812353880354207 0.9667416419547884
61.33 68.03250490119291 -4.64777891545542 3.0512218988363573 0.047005243311728714 0.23662724159155504 -0.14081747338719283 0.9601919052079249
61.43 68.19023911319985 -4.676269583668823 3.049659752056676 0.04651630200302056 0.21666342390881885 -0.14170671491226197 0.9647861946238898
61.53 68.34968107815014 -4.715404196176531 3.0497438952370453 0.04596849835122902 0.19396022759751716 -0.15735927735136016 0.9672147564533485
61.63 68.50940031364662 -4.766437475662425 3.060858605427032 0.04922309963040917 0.16599260195694288 -0.18745436965036122 0.9668942040664658
61.73 68.66621555634623 -4.807804478872053 3.062890877736919 0.0553286926976939 0.19333968845539865 -0.20620914065631396 0.9576201182839249
61.83 68.8199719589689 -4.849097021398963 3.051539894250096 0.05949385480563906 0.2338175075687185 -0.21184490717948595 0.9470541640776586
61.93 68.97108447217822 -4.893713805415082 3.0376660035140923 0.05689535268548851 0.20477826950399228 -0.2100432397795283 0.9543115930369198
62.03 69.132297460624 -4.931853495215918 3.0230736086293803 0.04994260563208665 0.19681146221734674 -0.19870324949712576 0.9587950787951672
62.13 69.29020096872937 -4.9646096612783355 3.027073943575101 0.04869200403723389 0.1841710731010848 -0.1817196000997766 0.9647217689651304
62.23 69.43886364004696 -4.993983439589568 3.027247159557009 0.05400580762843035 0.21535735045677315 -0.16534928292034137 0.9609184143226566
62.33 69.590090562666 -5.02302257391211 3.0325666130289726 0.04980536967616337 0.2286279618161266 -0.14985216839154386 0.9606211573016581
62.43 69.73602476582397 -5.054111856131102 3.020545476732574 0.04985580253857329 0.19984556940967446 -0.14207724168279867 0.9681891368613703
62.53 69.89272690888384 -5.096673434641112 3.005728901144501 0.05243045922586308 0.19189517175826037 -0.14672933920307918 0.9689673838774246
62.63 70.04358902095687 -5.148051493233922 3.0048457985460364 0.06149975706052954 0.20545188599257588 -0.16083941669841156 0.9633991823017622
62.73 70.18253556970355 -5.209371200191962 3.006147991772146 0.07722844737013564 0.2390316935528994 -0.17470719792122877 0.9520383455452535
62.83 70.3285893229645 -5.273180911801573 3.0001582592299623 0.08427835734122596 0.23602671173755285 -0.18966103338188747 0.9493246242707166
62.93 70.47602488063333 -5.340712592070988 2.985476982957887 0.07381462992987815 0.21705327714186082 -0.19458909920291032 0.9537160781709061
63.03 70.6262082852676 -5.3997787239778 2.9845447624446186 0.05942579471915031 0.20359863792261879 -0.18525766619986572 0.9595289295650399
63.13 70.78004946192091 -5.455730072493099 2.9975566087919043 0.04779405669465522 0.17566129168828903 -0.170906305536559 0.9683232277885905
63.23 70.91696260215222 -5.500620905791969 3.003183592270613 0.05003066072235366 0.22337396814897736 -0.1613741378660324 0.9599788492300543
63.33 71.06847375608433 -5.551387723845762 2.9968267902923977 0.05546820312830672 0.22639822766294898 -0.1549778405959902 0.9600255152218594
63.43 71.2120472044844 -5.605575361709305 2.9809894899878766 0.04902910848818648 0.2048426547547181 -0.15457486679408725 0.965267964800181
63.53 71.35933369207514 -5.663174331549255 2.965914281429261 0.04991286625617182 0.20553975411092082 -0.16740728236968516 0.9629314186751372
63.63 71.50313002796503 -5.726864130863535 2.97064244020778 0.05133285613748951 0.20216967065288485 -0.18796307412633187 0.9597719754784731
63.73 71.65224794840871 -5.791278283419608 2.9654035080234142 0.06643456271501971 0.22602364743681422 -0.2020295059646351 0.9506228686476612
63.83 71.80751135519176 -5.855319835475894 2.9584459819283597 0.06745994982065358 0.22600093072058347 -0.21031732539712802 0.9487567428595296
63.93 71.96322095924702 -5.911361213888292 2.9456988711434655 0.055061130593772566 0.19662717635249963 -0.20868467976065264 0.9564291556882676
64.03 72.12593272762396 -5.958224777730311 2.9463301422811248 0.04932557525375397 0.1857270784962595 -0.19281659801627368 0.9622339629573263
64.13 72.28794582338972 -5.996359319644222 2.9527862543027688 0.04712462332608469 0.19678063891997524 -0.17347266891433305 0.9638277248359062
64.23 72.45563064134062 -6.0313735247141596 2.9585253030169025 0.04641244302820706 0.2278077799909671 -0.15635319003613188 0.9599495718386805
64.33 72.60832585697028 -6.0610191928447605 2.9586802263095104 0.036341653887821034 0.20770346302518877 -0.14718916656516073 0.9663715149392057
64.43 72.76996793635116 -6.094327370106918 2.9546401899447736 0.029982189809983677 0.1908989531901653 -0.1448985258710469 0.970393257996723
64.53 72.93679010518906 -6.140801992115689 2.961355208291786 0.028177768182545342 0.19961572636405847 -0.15415673641939412 0.967261741094375
64.63 73.0898448852671 -6.182269641420422 2.969079177940047 0.030930263738163485 0.2283337769093117 -0.16212029493866334 0.9594915398670366
64.73 73.24580316375514 -6.224726959306125 2.979046609598258 0.03992319854958226 0.23741948165040766 -0.15852852397418296 0.9575525233829157
64.83 73.39633912200888 -6.263479905942401 2.985290011690488 0.03851391697982903 0.21035997912113422 -0.1564589335865615 0.9642540948754031
64.93 73.55324098680403 -6.305405660906246 2.9822692317600956 0.034125762379092366 0.18508032917981418 -0.1501807157433252 0.9705804741038015
65.03 73.71141845820794 -6.341558156788857 2.9845870885098504 0.033843043435929324 0.1864125301265482 -0.13999598392439774 0.9718570581664017
65.13 73.85986324334148 -6.369322701106959 2.989872067887097 0.038965777389462365 0.21735936952782436 -0.13507213438571267 0.9659151573421909
65.23 74.00455231734294 -6.394692460656698 2.9895984505753876 0.04048738052409395 0.22513113995368933 -0.12650068085097418 0.9652327799995656
65.33 74.15562916942467 -6.414743700452521 2.981719558783024 0.036477361228271166 0.20420142097784572 -0.13056506773171772 0.9694967482548165
65.43 74.30359552434768 -6.444383124748272 2.986696194223353 0.04021819884614635 0.2019327642446311 -0.14171706840479897 0.9682571599161267
65.53 74.45439745737077 -6.467023019482756 2.996003282464353 0.04148427297396034 0.21807807061436005 -0.15995480815426602 0.9618396277765188
65.63 74.60031959777902 -6.500983878079102 3.0110958194544426 0.0481553403529493 0.23949390301997614 -0.167452107984588 0.9551353438875916
65.73 74.74745586990906 -6.535070734228878 3.0200131238795223 0.04660898089760942 0.23877669135131857 -0.16489864203868157 0.9558356199790853
65.83 74.90035957088693 -6.568000070951419 3.0225654235802333 0.04454234396155433 0.21289159508655964 -0.1606989121232945 0.9627403637421155
65.93 75.05059717666568 -6.599464784788914 3.0250402960848692 0.03490633519853983 0.19255542721861998 -0.15139604395598316 0.9689082480225566
66.03 75.20096072993488 -6.633693942581219 3.0353913751418373 0.03396526433206657 0.19114294475448898 -0.14063730740424096 0.9708408125205288
66.13 75.3508945548033 -6.66122735721898 3.043004394611788 0.03997299885282702 0.22624525410436427 -0.13532631934054842 0.9637956379086303
66.23 75.4956987395305 -6.69527390107676 3.043560063212642 0.045250523869743875 0.2146211938223925 -0.13349951773224497 0.9664719406258118
66.33 75.6458925919363 -6.727878899536161 3.032930740169395 0.04193976809669008 0.20666713989088875 -0.14043593858194053 0.9673714365722844
66.43 75.78994732498064 -6.763299443127405 3.032642957209196 0.03621994901882615 0.20265839308830927 -0.15596982977274745 0.9660699266640063
66.53 75.93849898219152 -6.791709080469567 3.0395135704480474 0.040875547001776896 0.21446306242735422 -0.1647319146892919 0.9618722268546827
66.63 76.08023016773797 -6.82761415075384 3.0484168742653006 0.04529072049567148 0.23266301534802444 -0.16541699285097256 0.9573159825273416
66.73 76.22382196432953 -6.861695192820617 3.0575484387870473 0.046456348929404305 0.2276401578782138 -0.1640779579970347 0.9586971314575081
66.83 76.37169420664739 -6.898003113478178 3.061091332871268 0.041848117895063146 0.20374655638685835 -0.16312736557008814 0.9644301625267123
66.93 76.52519598337932 -6.925127077534959 3.0630899235901654 0.034766970616300054 0.18897511168543896 -0.15818733413497021 0.9685331342999642
67.03 76.66844501265945 -6.946926588537666 3.0802336663980765 0.0305982436912334 0.2094072780161232 -0.15751531282882003 0.9645731001957959
67.13 76.80122932842771 -6.962046063453371 3.1040376638690437 0.021388230376962847 0.21364777159164047 -0.15010401435028656 0.9650730325582605
67.23 76.94127737189257 -6.974038401407213 3.110664963864611 0.0208258792171695 0.2006268226489989 -0.14597996743845515 0.9685065874299806
67.33 77.08837854828954 -6.976661875111364 3.111055231928974 0.024672855305049476 0.1874619148524571 -0.14103477119606964 0.9717810833745523
67.43 77.23277181050842 -6.978423853329057 3.1022398232685084 0.02390804371745374 0.16927666041353906 -0.1336092833488452 0.9761774311506345
67.53 77.38354177408405 -6.9632251743672136 3.1096213400858335 0.018590757297725618 0.1927162076315846 -0.12660012999874304 0.9728757650098487
67.63 77.52673128809668 -6.941156869722068 3.1200467552067477 0.017023418631749818 0.21245906953052915 -0.11118068471981257 0.970675127082972
67.73 77.66689136765274 -6.910655671252957 3.1293756646112683 0.012139388753094284 0.20561583216016383 -0.08751763004140536 0.9746360496296658
67.83 77.80999974452133 -6.873039758570114 3.144129938473277 0.005810727120862627 0.18354335710636893 -0.05717396247264291 0.9813303264077942
67.93 77.95634610617624 -6.833334443067274 3.1423843163434833 -0.0008473465986450421 0.17088145311815162 -0.01843006443639144 0.9851188475046254
68.03 78.08339765382972 -6.781671749250303 3.1604323333676563 -0.005862051615291939 0.1699243723914292 0.02646752133327017 0.9850841661161301
68.13 78.21652665397606 -6.706455297797546 3.1565047315858195 -0.016960317552517538 0.18914463184922972 0.06479433130696814 0.9796623655635752
68.23 78.34439738719361 -6.629826122341887 3.155567011710256 -0.024677083764217494 0.1997248607079526 0.09934056214974889 0.9744908795180459
68.33 78.47448205914817 -6.548833983036366 3.147267110038987 -0.024817226506394355 0.18830536254652003 0.11999129152913911 0.9744369069682877
68.43 78.60306823052224 -6.472470663946893 3.1510424965595676 -0.015758125885668245 0.1760147009786698 0.12137989448801088 0.9767483953004685
68.53 78.73379923320377 -6.397510907984569 3.162433469916798 -0.012269793610092783 0.1883252327287149 0.12017609361355477 0.9746490473017595
68.63 78.86050030326706 -6.332607276253681 3.1623589162270904 -0.02539926979524025 0.23068937474894968 0.12167347756801275 0.9650558814536667
68.73 78.98400654162927 -6.26351092234093 3.156327033395497 -0.028610142524925455 0.23340189396735483 0.1300561113696986 0.9632187827967994
68.83 79.10701239511467 -6.1940188703429095 3.153686122895208 -0.030329206700251257 0.21701213082204612 0.14163227186470154 0.9653632341577195
68.93 79.23947421112102 -6.119857496481659 3.1614093605165894 -0.03713611022075573 0.19215532734496635 0.16403862894660912 0.9668446450717599
69.03 79.34548391848094 -6.042809216088474 3.1867074178779795 -0.04285349120804628 0.17444010994527676 0.19366047571450637 0.9644842385853659
69.13 79.45443522929484 -5.951424294644549 3.192176190500462 -0.05167183662884724 0.19927175097745248 0.21695451906438384 0.954228236439964
69.23 79.55792556558778 -5.871814835441801 3.2002741013278553 -0.057732990389704086 0.20674151696669554 0.24031692193155782 0.9466639446056418
69.33 79.6701981143357 -5.777434703435169 3.1791341861906144 -0.06486482146666665 0.19796238330185395 0.2569155617987571 0.943714916613686
69.43 79.78061406779655 -5.691900212818791 3.1769691702569998 -0.06724859301365102 0.18998627066450288 0.2662038808602401 0.9426125065537936
69.53 79.88994446067375 -5.597336048551935 3.1820886211598753 -0.074078806388914 0.1943559851192053 0.2694042244474111 0.9402975302223368
69.63 80.0050848361002 -5.503784751826178 3.1919837686809704 -0.07694914127349428 0.2091036316588254 0.27439677194707796 0.9354469051899127
69.73 80.11506066373742 -5.406469998090254 3.1956755369550853 -0.07841976455200937 0.2273680173589152 0.28236120638908446 0.9286690876390711
69.83 80.23462199838305 -5.312547613875059 3.19921366616073 -0.078759274707613 0.2146725266314971 0.29932573603939094 0.9263459325228652
69.93 80.3439612552586 -5.205678636434717 3.2122771242172705 -0.08491135568058059 0.19664435353937765 0.3264225415369366 0.9206353155697065
70.03 80.43782644656393 -5.100313416880662 3.2386891544676053 -0.08954276425939289 0.16857836439264057 0.3654916265459073 0.9110319968872201
70.13 80.5225093861447 -4.980137993027734 3.2622426304659897 -0.102534814502775 0.1800716065899454 0.3964169252650931 0.8943793656376285
70.23 80.5943160865361 -4.86326047972292 3.2728500486627823 -0.10666279153548287 0.19356886883408145 0.4209754447463815 0.8797350833294866
70.33 80.66100604332439 -4.73694525357924 3.2698841521979753 -0.109077353461993 0.18058008298516687 0.43718086489467267 0.8742801930506855
70.43 80.72438499855751 -4.608854128286827 3.261994069387614 -0.10992525252901518 0.17548005617816984 0.44680212422501997 0.8703396179240313
70.53 80.78514677659712 -4.488339227947924 3.2705648349763052 -0.10807235046917787 0.17081009105113604 0.44500736097425947 0.8724177488668458
70.63 80.8453801778444 -4.364679248416215 3.2771049720385785 -0.10965747773276872 0.19781287562953467 0.43932175492209996 0.8693915685493091
70.73 80.89211858603964 -4.245115283951308 3.29666385674688 -0.12377543294847741 0.20568564422293598 0.45333651599033475 0.8584049517732046
70.83 80.91673628234129 -4.118076427787579 3.305803783663371 -0.1386019276411876 0.19409318327952008 0.4807890226611261 0.8437767818251038
70.93 80.9348646330922 -3.981920000362989 3.3040774420615806 -0.13312558055621287 0.16457422374088493 0.5216292275602397 0.8264961304425835
71.03 80.93776574551798 -3.8409157400016873 3.310417766455504 -0.12392566321830832 0.13149482677672047 0.5718430836711373 0.8002168632216816
71.13 80.9248148085579 -3.7066837673637822 3.311697341094773 -0.12789970777780474 0.11434867667712145 0.6183441131473502 0.766952803390509
71.23 80.8949343467529 -3.5830113889807915 3.3129315116650107 -0.1560497632292572 0.12824675832245044 0.6541715612076427 0.7288764016505344
71.33 80.85315349056548 -3.4636214012498705 3.3106536562975872 -0.16375252100178087 0.1285527475950546 0.6851321260821236 0.6980352947820851
71.43 80.79137234031606 -3.3456251863172213 3.295904658219592 -0.1567073694287619 0.10714179201693425 0.7151493799089154 0.6726996366774782
71.53 80.72668160286287 -3.23251644453786 3.2850979653520525 -0.15176982302108147 0.09449484184475251 0.7367446484470612 0.6521073291027336
71.63 80.6563349373147 -3.123168428861787 3.2812159445581073 -0.14118986472773765 0.08622642515191722 0.7593379501146814 0.6293141530422763
71.73 80.56448459171892 -3.020799025251614 3.2817837561299292 -0.1665571846589476 0.10153551743299448 0.7787797813911563 0.5961973624853116
71.83 80.4811129670998 -2.923450172506179 3.272261485211484 -0.17881027370406666 0.10668512503332289 0.8010418535056625 0.5612282236726106
71.93 80.37647468661893 -2.8290489119552698 3.2706913545631116 -0.16511502980929785 0.09346065540294603 0.8292567038598989 0.5256761854280091
72.03 80.26435604856923 -2.729667156577661 3.257216916142168 -0.15590258810893098 0.07431777160362943 0.8585577846141018 0.4827522991383193
72.13 80.14738732940606 -2.651097071139403 3.2554038116887423 -0.15131011830276309 0.05693523406026463 0.8872509963498945 0.43202927759334386
72.23 80.02724989513526 -2.5798729601058024 3.2533487149978395 -0.17268678561592143 0.05852571210366201 0.9056451411588857 0.3828327224672704
72.33 79.91226139431716 -2.5142729233603527 3.2479454304472846 -0.18961057684941623 0.05708754582170144 0.9196851829297757 0.33906932264407463
72.43 79.78836560641254 -2.4532210296588475 3.2337695376687305 -0.17810472804164512 0.05332835400966003 0.9317029042766944 0.31203283588463077
72.53 79.6686966667867 -2.385843386510228 3.222484786335928 -0.17235122411956116 0.05305708127608579 0.9347521577188876 0.3061346195888916
72.63 79.54863073806789 -2.3054602467244965 3.2207025342905418 -0.17773648265403358 0.06228343238717589 0.9329428869126951 0.3068356018177335
72.73 79.43353782186698 -2.2319767754532145 3.2174059006108835 -0.2088218136821163 0.07294150395470651 0.9248496248341197 0.3093964424092898
72.83 79.31216901570016 -2.152215935140642 3.21369223378027 -0.2161295776761453 0.07926712659966428 0.9222180244992529 0.3106744977993195
72.93 79.19457032113587 -2.069329341265992 3.2079489100292813 -0.19322197721812856 0.07675462079929561 0.9264367202978473 0.31382956997332406
73.03 79.06623960322092 -1.9840415873930575 3.2050518778717842 -0.16833682078114778 0.07294632306221223 0.931810542195349 0.31316235753137517
73.13 78.94186055202746 -1.910694990641252 3.2150290167277054 -0.15407747927560797 0.0695330219756728 0.9356928659478546 0.30968395155270095
73.23 78.81127713886858 -1.8369401432777215 3.221586087269144 -0.1732184804247062 0.07260943849815517 0.936756363740422 0.29531464994503787
73.33 78.68324281050515 -1.7664674929938418 3.2215419886469085 -0.18831678046627146 0.07604692385978948 0.9368168503552312 0.2848295006785391
73.43 78.55508969322514 -1.6847381417399225 3.206231915858829 -0.17196102957303502 0.07670760802211797 0.9401299781793433 0.284079163805117
73.53 78.41869549465896 -1.6013995791526694 3.186820431722748 -0.15603106468308575 0.0748251395804526 0.9393126527130762 0.2962216160136736
73.63 78.28617719343401 -1.5085107724820848 3.176184710466763 -0.15423193430163798 0.0764723817202666 0.9333343424459549 0.31504204558531845
73.73 78.15774700486693 -1.4169979102797727 3.1709631161843954 -0.1831147353687532 0.08358123928764108 0.922047166677314 0.3306239443118288
73.83 78.03465405854287 -1.3248820343561039 3.1632212215427407 -0.21505847853500437 0.089486340243605 0.915112015901955 0.3291079520034043
73.93 77.91075719321978 -1.2325177832983978 3.1551336896852633 -0.19975128518760413 0.07621196750224644 0.9215678245582211 0.3240430601237511
74.03 77.77723770912205 -1.133943312257041 3.144467642126663 -0.18060976911938842 0.06655850261326998 0.9295535046570513 0.3144524749597529
74.13 77.64006517809968 -1.0343313843665778 3.1367614391862286 -0.16637040026849462 0.06210488272578284 0.9368197217659457 0.30138460870869604
74.23 77.50802136272073 -0.9507649996906735 3.139414415590753 -0.18786114505093665 0.06344420367743245 0.9384771929234632 0.2827429602348827
74.33 77.36425402572338 -0.8700939128484458 3.142468839500273 -0.22054486834418 0.07016805900551126 0.9359370860720494 0.2654395890921485
74.43 77.23503598583282 -0.7857538259672808 3.1424686732581986 -0.19358806313577037 0.055114092065648004 0.946418270882157 0.25254416486537257
74.53 77.09239504579924 -0.7010919048523019 3.1300983454677516 -0.1834883487357666 0.05013188896273438 0.9500228948459422 0.24753851994343404
74.63 76.94523680536892 -0.6043940856096975 3.128834550394282 -0.17413562035474336 0.047621358039078715 0.9492652395446718 0.2574965960442574
74.73 76.81066745796373 -0.5196484320261706 3.1388331225105097 -0.18641609821016078 0.04720845189511321 0.9457433575514141 0.26189673927932827
74.83 76.67082196326585 -0.4303200614416158 3.141045080162603 -0.2082823033843597 0.05511649252861443 0.9412678730289116 0.25999124129839
74.93 76.52507985896486 -0.3530496977560419 3.1349118213755798 -0.18909732754784214 0.047926317365163444 0.9475626826552495 0.2531209814639334
75.03 76.37080975379406 -0.28040298435373984 3.124850810447781 -0.1709974231305625 0.03564963389447968 0.9559729866018054 0.2358063480348257
75.13 76.21655305702431 -0.2236009616439793 3.1187800876696925 -0.17327779609141883 0.03511807764992461 0.9622950553965418 0.2067117615503315
75.23 76.05224074541454 -0.18385149128340758 3.124756895322792 -0.20287517671040747 0.036676031099466225 0.9641076583708253 0.16731095148924277
75.33 75.89388519210915 -0.152793075552239 3.134116632085585 -0.22034180723697758 0.03405934016068985 0.9654959275340057 0.1345624882595856
75.43 75.73171682664298 -0.1161037896898163 3.1291089759570805 -0.19489724662293337 0.030893441877874846 0.9734808568095288 0.11573970767685426
75.53 75.56997385196325 -0.06512933758170023 3.135171661237131 -0.18248120123977316 0.03120256430830318 0.9754526879549001 0.11924371990270852
75.63 75.41142419876604 -0.01709958308673311 3.1391290563867758 -0.19228325372396918 0.029906368802230094 0.9726209843488534 0.1270479446770244
75.73 75.26046617680349 0.0403957281883894 3.1439937588090143 -0.22563142360931301 0.039059389362014446 0.9630692896393249 0.14164168925958023
75.83 75.10849626185997 0.09210847444867283 3.148243412473304 -0.2277588929929821 0.05108351890188705 0.9605712861534952 0.15106013695423393
75.93 74.95495332218475 0.1427301633930234 3.1442061194043114 -0.20647798919003896 0.04086492627985317 0.965311712729718 0.1544998221584698
76.03 74.79803890835129 0.18884097755480356 3.1442952818149457 -0.1949051317101071 0.040713998185756974 0.9696357101478744 0.14198925871636595
76.13 74.63852309802421 0.22693889452596117 3.1573214643920147 -0.20682040322536097 0.04508257619742839 0.9686968258718726 0.12968940465150286
76.23 74.48380454660864 0.2567614489104363 3.163785287965338 -0.23198634985430167 0.045887744075125324 0.9647355939026541 0.1155936083106111
76.33 74.32934241685747 0.2854164011482899 3.164170148927958 -0.21611203016642114 0.03848181036237631 0.9697850058383933 0.10645084846824683
76.43 74.16596801419414 0.31488447140144 3.1530713560820876 -0.20467656651271166 0.03814412840346103 0.9721267228379604 0.10780613773452312
76.53 74.00688541482982 0.352919977122324 3.1444143885277347 -0.22262870438860924 0.040592808084080195 0.9672126166123931 0.11527548820068509
76.63 73.84678929788126 0.39578913526184256 3.1449042554029383 -0.25532744289671633 0.04107529095104292 0.9575455712125426 0.1273860134722685
76.73 73.69117782726494 0.447161491525265 3.1554132825803736 -0.26118056186125327 0.054548278444640656 0.9538584089649598 0.13770742562186533
76.83 73.53159143767854 0.4982338614844725 3.162145846658441 -0.23662640312208222 0.05119066947300835 0.959507457254418 0.14398923632540142
76.93 73.36578689298925 0.5497377044777897 3.16693468090392 -0.21702627763833732 0.04339983786508397 0.9648381338838375 0.14178654481750289
77.03 73.21321315186015 0.5918763179747385 3.1810791701910928 -0.21910733459451054 0.04313203125977476 0.9648664977016543 0.1384349862543379
77.13 73.0566707279675 0.6356015384356754 3.197583191110969 -0.23455221402666196 0.04197299360152291 0.9620439497732399 0.1330224244555083
77.23 72.89874555078741 0.6754301492811692 3.20352173577721 -0.23499907717850788 0.04324416573216313 0.9629689879423557 0.1248843629789342
77.33 72.74449115137959 0.7167409654213203 3.1991854782626072 -0.21199306990814504 0.04067813650673877 0.9691621255872035 0.11886547795114064
77.43 72.57447255120243 0.7639970766671011 3.183759773730145 -0.1946862666518128 0.041513374435465336 0.9720249430821895 0.12466518096977354
77.53 72.42046351331207 0.8145025335445749 3.170520556152001 -0.17981070901930965 0.04563961651178364 0.9723741643871998 0.14168139877530006
77.63 72.2482563422017 0.8743367947832964 3.1589294845389566 -0.2226370316235485 0.05224087963346381 0.9616516767392436 0.15142554364960492
77.73 72.08234313718894 0.9249853025752828 3.1562536179568728 -0.23447007474751905 0.04758532101768531 0.9582443211883043 0.15661175620592035
77.83 71.91862441955938 0.9761527756088079 3.148063863339621 -0.21314932030951791 0.04390593180175446 0.9634842188884682 0.15600575744852735
77.93 71.75455945050487 1.0144736608888112 3.1548180872403466 -0.1939825404098969 0.046211045037847155 0.9688735957147989 0.14669447453571374
78.03 71.59366249928752 1.0452734834241646 3.1589178719056954 -0.21069926759291235 0.04773001373052447 0.9679003360582259 0.12843910574068854
78.13 71.44068768171046 1.0661659071195253 3.1675934389403326 -0.24150547335122513 0.04654561368614315 0.9625834007943648 0.11376207058214347
78.23 71.28515767852394 1.0808178389895895 3.1726060107143477 -0.23099079223002175 0.04122087580541824 0.9670120051698323 0.0991558125386577
78.33 71.13061076730507 1.101720363171425 3.165230196413514 -0.21339804995178396 0.033594147172660474 0.9722025142480689 0.09030491039944055
78.43 70.97423738890274 1.1226935366867339 3.1679457005291374 -0.209840337054349 0.031785114291737374 0.9727497316341264 0.09335255250989893
78.53 70.81806452167957 1.147245477028074 3.169372567836191 -0.22673221699153806 0.03495369323158071 0.9689106995351678 0.09264338850585231
78.63 70.66293486545212 1.1675761943209744 3.178678017321489 -0.2531016026235196 0.043004054570476416 0.961708106635976 0.09595700949150093
78.73 70.50817025005085 1.1900874193776485 3.179876948133621 -0.2321414041997585 0.04684328573026817 0.9668370709924567 0.0956146076333742
78.83 70.34698212668582 1.2035940572433694 3.174524778043372 -0.20877287746284426 0.03768071107237664 0.9730236763096777 0.09065856269412217
78.93 70.18597010354463 1.2131427439675522 3.1805274056863317 -0.21167110878687126 0.03099526103665788 0.9742650039541842 0.07100941887073332
79.03 70.01993496422553 1.2094200040828005 3.1873018677760228 -0.20570646706851203 0.023764337774630447 0.977555860193581 0.038789764855083037
79.13 69.83286616204265 1.1929462357254712 3.1799746344406365 -0.23530466176257836 0.024532459034421653 0.9712400576786717 0.02688168459850209
79.23 69.64284759184918 1.1980157427950622 3.1685185561582996 -0.22931367583699114 0.030142174715235562 0.9725331041061721 0.026192533195113187
79.33 69.45702831643604 1.2039115774244327 3.1668257131494504 -0.2071980592916088 0.032662423353292655 0.97679534600387 0.04327796612204926
79.43 69.28152807526162 1.2197016000372387 3.1726199597579425 -0.19645247274888475 0.038791634003705396 0.9778298493653376 0.06124067906492234
79.53 69.11887513389736 1.2401221290677453 3.180919740573089 -0.22785335421154387 0.051991741468382646 0.9692167287041544 0.07745089149681234
79.63 68.95584161728851 1.2591519806388167 3.189032032512649 -0.23652155208407882 0.05977344331176297 0.9656005940668764 0.09000102006138244
79.73 68.80164540074497 1.2767050517120635 3.187132845912169 -0.21018049027899535 0.056109946536675594 0.9710454999823347 0.0987242238247055
79.83 68.64832484447584 1.301179708611334 3.1818814780485494 -0.20237940941603544 0.05851645040144148 0.9721192417312592 0.10296882796591388
79.93 68.48974518545975 1.3223347060190838 3.1774092858118834 -0.2193446878822128 0.057700508261895864 0.9677648394500066 0.10949782997154046
80.03 68.32865184112067 1.3490397799256617 3.1737736574796602 -0.24396072849892972 0.06202080063313687 0.9619697547151648 0.10606966697572995
80.13 68.16628143054538 1.3791413012827427 3.164085395018364 -0.23455497057521074 0.06342515307451115 0.963925919469727 0.10866479425452498
80.23 67.99356078402386 1.4174853904661135 3.1423014659648048 -0.2135749281402651 0.06406427747053456 0.9673206680365927 0.120715548341128
80.33 67.82724137379775 1.469784818614983 3.1252273194099702 -0.2109165926179706 0.06809878859069413 0.9650364586715536 0.13993348200331387
80.43 67.65735643277027 1.5288617946522454 3.1173650166184084 -0.24282719796631325 0.07693951081365301 0.953226604879878 0.16270926019365287
80.53 67.49788170309326 1.597462408697195 3.1134234075325167 -0.265947771489867 0.0789046084277473 0.9451904516744091 0.17222327273618998
80.63 67.32517059670418 1.6566260891754354 3.112139076427543 -0.24228421975553502 0.06369825560093274 0.9513113207376375 0.17957633509809154
80.73 67.15975033816136 1.7183884102609022 3.1310649264588517 -0.219304392021502 0.05793383290722826 0.9586801594572854 0.17170208649783752
80.83 66.99964282134313 1.7629510218376305 3.1580213083639266 -0.2352895916098971 0.05471857935542116 0.9573160987849532 0.15871538098284682
80.93 66.83210490373024 1.8029014759219808 3.181515480822421 -0.25694595181109503 0.04706608193764807 0.9554395132702227 0.1374732638038727
81.03 66.6744963808044 1.8377602539132856 3.193152172834053 -0.24303160976346627 0.03476200751640542 0.9623924835275878 0.11630970354536033
81.13 66.50557390990822 1.880228296247748 3.2069737845630466 -0.210807107211692 0.028915206519366302 0.9705688468155825 0.1127846974196894
81.23 66.3392358501981 1.9338725677565927 3.225795723115212 -0.1952045576583553 0.029149703302594452 0.9721289076080701 0.12653403676290823
81.33 66.18215516845689 1.9810535169093775 3.2519630759457985 -0.20401114310738816 0.030605107469293794 0.9694220324215624 0.13290486800887744
81.43 66.02307321639053 2.0288215090558763 3.265678939081704 -0.22099657254653135 0.0404122151191802 0.9652882016468962 0.1332143218769969
81.53 65.85980004117536 2.068020403276624 3.268768723837876 -0.20074366298923116 0.040146757815905244 0.9702719682805256 0.12908341169790932
81.63 65.69780458785087 2.0969013273063917 3.2663153723850913 -0.1926112847939138 0.0337856212162813 0.9739600055090496 0.11472285054809231
81.73 65.53862860389482 2.1221639708372377 3.2803512591137514 -0.19319946662136017 0.03561075364243311 0.9762117075999199 0.09174171497791242
81.83 65.38888127408124 2.134925318359031 3.2982546777460753 -0.21430616222356313 0.03472562635749547 0.973615149979492 0.0702889709520555
81.93 65.24095291908084 2.1465586802957475 3.31187422692966 -0.2259890528792767 0.03304347666207544 0.9721602347835204 0.05235985613483785
82.03 65.08325484930108 2.159739981284305 3.3137279955455656 -0.20316828641862889 0.028094066120249745 0.9777952789928942 0.04300887375597447
82.13 64.92552899269668 2.1839494090167886 3.31635338239553 -0.1933866100600469 0.027432492329009288 0.9794500039794826 0.05026695851843504
82.23 64.76627629776195 2.223290841166688 3.335404666073858 -0.18496827721289574 0.03413317999441844 0.9798287642837034 0.06750744500151692
82.33 64.61301766293984 2.2700975033513324 3.341024353611461 -0.2065512315983639 0.0455256388292934 0.973487379011854 0.08709952835127549
82.43 64.46040767252515 2.3067512437746376 3.3460978064371227 -0.21409827192907124 0.05518308973133199 0.9694640946031183 0.10609489073487531
82.53 64.31009456814522 2.3487311903234285 3.3433017174759274 -0.19531542898588042 0.04885425898334233 0.9729562184958056 0.11323136257059044
82.63 64.1544578153899 2.3795155580234804 3.349266286173637 -0.18326923736923148 0.038926151711120405 0.9765591519747425 0.10596869368561262
82.73 63.99585659038397 2.400226170383868 3.3599354097146463 -0.19878848831907225 0.03640217119699623 0.9752989877916612 0.08916222998850991
82.83 63.84926099413805 2.4196582156312725 3.376203253110567 -0.22459252943340277 0.032377113899312755 0.971614498011811 0.06689682706611529
82.93 63.69944353818594 2.4276643744851705 3.3771524348573685 -0.21642855273551892 0.02592826177500359 0.9747716449703789 0.04802756462571356
83.03 63.54288545915992 2.4421742599763148 3.3769924553129216 -0.19298584811623296 0.025100039796803364 0.980096631711427 0.039205139165327335
83.13 63.376933578402664 2.4694836738902204 3.3634707416310214 -0.17758132179182573 0.025633362366077325 0.9823400876851869 0.05306370709945434
83.23 63.22226273387027 2.5049257515202252 3.3645606405148074 -0.19491924079904624 0.034066206587876 0.9773273986879111 0.07534679096654674
83.33 63.06064999453944 2.5404281743002413 3.361472857584139 -0.23841352513980077 0.042830943248833145 0.9660367287428014 0.08998633257743097
83.43 62.905226494967366 2.5710306981563766 3.3677176064521426 -0.2204664336738683 0.04298448352854138 0.9691604736505829 0.10136499451136123
83.53 62.74334738574029 2.6018833473366842 3.3663626528951167 -0.19937543336169222 0.04040355761645998 0.9739266686695037 0.1004182909538568
83.63 62.592525350748254 2.6198912159979266 3.379516588321175 -0.17821818907209047 0.03417537703741262 0.9796815760264157 0.08540685149690225
83.73 62.43077131842983 2.631692234613743 3.390500196884087 -0.19342765821401997 0.0299208703298499 0.978431673627933 0.06604500433936418
83.83 62.27533566696313 2.636426057918315 3.3997756851752428 -0.2179984022352676 0.02769679925002193 0.9743672018867066 0.048147064517420304
83.93 62.12391404529154 2.6433833875480914 3.394275124968704 -0.20018887719061554 0.02338331295831288 0.9788356218519524 0.03547477297962507
84.03 61.96472279115886 2.660678500820766 3.3857351270612024 -0.1906500902404186 0.020417509210450574 0.9805908954146474 0.040953195709997635
84.13 61.80703702760609 2.687750097098357 3.3831309941921814 -0.1997206062588866 0.02642613715696006 0.9778131146811101 0.057400796755536984
84.23 61.65747814611063 2.7301815053241816 3.3929981683795605 -0.1933664713968095 0.039087562251581026 0.977272167715484 0.07759304366664983
84.33 61.503311810408235 2.7775983884030686 3.397141312290523 -0.21086995930912472 0.050151853378913105 0.9719646595539541 0.09112273284858337
84.43 61.34297977133628 2.8192127513032554 3.383985895557636 -0.19618105933147859 0.044869099146713776 0.9747564295730435 0.0966936342648964
84.53 61.18566094864086 2.861861277607574 3.3658784459291016 -0.1836350178303131 0.03699136324806898 0.9778915844976087 0.09294013255997882
84.63 61.031084693260205 2.897546684953286 3.354117200081002 -0.1539589632830598 0.03024223491014976 0.9847047520045507 0.07575352290224759
84.73 60.87426178038955 2.948785685345959 3.3444151802862434 -0.1924525247224756 0.03338119944858777 0.9782959638875216 0.0691717304446219
84.83 60.71463451461436 2.9898866547195277 3.327605364526571 -0.22547260216351855 0.037802250189633894 0.9714033222214562 0.06409899477628267
84.93 60.55408706479168 3.0411184083320024 3.3079319725359846 -0.20632996895414643 0.035081587708515036 0.975517869954339 0.0675434046741823
85.03 60.388889859282855 3.096592401785857 3.288615704362263 -0.18824264332650317 0.03330405470107389 0.9779105356883676 0.08453715966135134
85.13 60.235273216807144 3.164496360972103 3.2936318455806655 -0.1693236106112287 0.03449477128059028 0.9783941556524034 0.11350991951850531
85.23 60.0716655422099 3.229414164490823 3.300095550883662 -0.20232664957094612 0.03809051224910148 0.9698540477014023 0.13036934420024873
85.33 59.9108909680503 3.2931378581508306 3.298754478637803 -0.20541871033879075 0.04488296144887867 0.967444390221031 0.14085462379412286
85.43 59.75041899436659 3.348585144028483 3.296956291537678 -0.18051193528124512 0.04143543955112631 0.97143355764819 0.14837583578603777
85.53 59.586532339501154 3.408128100821316 3.2872660743844557 -0.17495719773003685 0.03775399503876881 0.9734778579916078 0.14249728004820492
85.63 59.436707153745914 3.4616047651893034 3.2981247400714966 -0.18705558602902222 0.04161069994987739 0.9724421793866598 0.13279670603875693
85.73 59.28976853855023 3.502714404101217 3.3033310499352018 -0.21558575334913144 0.043174207184018557 0.9676753144262513 0.12354455324689284
85.83 59.1340386569256 3.5520746435331336 3.2972741099101377 -0.20777227367114248 0.03625939032023802 0.9708985643278761 0.1134544696924606
85.93 58.976835635263086 3.6056207739753052 3.2826485541865784 -0.1952454563191517 0.03144619197731242 0.9735185874943009 0.11468177100112059
86.03 58.81837586912713 3.66393456665131 3.277646824203851 -0.1736905614262392 0.029842679343242758 0.975622980762466 0.1307700377350071
86.13 58.656864805242186 3.7312649515189014 3.2821930175289697 -0.1795286206097386 0.02833832135799452 0.9733541117142676 0.13981483159344973
86.23 58.50109851270294 3.7871487534559156 3.273605142876236 -0.21425810411991558 0.03816713755187251 0.9656299453906139 0.14211102348148888
86.33 58.33676392902571 3.8443247629769677 3.2525595397851266 -0.2095615387493649 0.039174105338755254 0.9668958175071717 0.14022064411150323
86.43 58.17185704837819 3.8955001753116267 3.236700011820162 -0.2019035629601191 0.02997888654883919 0.9702108276918653 0.13048818894737926
86.53 58.01416942428048 3.9356140764826035 3.2358007776878965 -0.1991676112605983 0.02503620924725728 0.9729076147718121 0.1147005840015558
86.63 57.8575990815687 3.9607997431066173 3.2335609436109323 -0.23927069033753984 0.03239235883586353 0.9658278102339731 0.09421737001792399
86.73 57.70098826317445 3.989680536520706 3.2387138614051163 -0.25276890793046014 0.03604004251722296 0.963694889064665 0.0781098925210009
86.83 57.53987184646975 4.009018944573672 3.240374613773784 -0.209202877324138 0.02974188161921989 0.9751552821536107 0.06649625767636747
86.93 57.37992262581944 4.041680709804254 3.247183973090438 -0.1878639632180431 0.023962272595683582 0.9789517220101779 0.07606882928879097
87.03 57.21091923743854 4.081563727560176 3.259872372771584 -0.1885408828180194 0.02614209538768448 0.9777665680282658 0.0879855942820742
87.13 57.05571022173787 4.119295193800344 3.261272401825641 -0.2334676315820385 0.026840436655508317 0.9674588435087418 0.09378615079180429
87.23 56.90298365908776 4.153649595256931 3.264346557588136 -0.2201895703855473 0.03530891118644971 0.9700992845564661 0.0957977660871488
87.33 56.74751262963507 4.187878493046597 3.259138399334005 -0.2016769072130322 0.03179686365402426 0.9741861593882777 0.09631568623578884
87.43 56.58147086843227 4.214717781997428 3.2558272722395447 -0.19398901542487668 0.02602322500351119 0.9769283979246707 0.08545150076645924
87.53 56.42323763208756 4.24125084218263 3.26654514417353 -0.20220887771466345 0.02599070566741046 0.976257178199266 0.07319818991404738
87.63 56.27207247513683 4.263897684848438 3.276574879306357 -0.2293476626400324 0.03038645828516657 0.9709384590406673 0.06127659871576011
87.73 56.11471457212566 4.2852382799616615 3.28184473635572 -0.21957570835116497 0.028158595907786715 0.9737695632749179 0.05259695255394356
87.83 55.946742991860155 4.310746219058659 3.27280085908294 -0.19840063653661455 0.026339649404093994 0.978388670116047 0.05195209793346597
87.93 55.77820578997969 4.344333068586565 3.263788305861644 -0.19622107878539988 0.022815072349146252 0.9781504387068963 0.06479567864837402
88.03 55.61385772869307 4.380550709211718 3.2722843064597744 -0.2076068826291022 0.026008638276191806 0.9741787748779389 0.08484484425916836
88.13 55.450268877990936 4.428617802227724 3.277234766751687 -0.23331210250668175 0.04318554045383011 0.9660434425872578 0.10227677621914794
88.23 55.29388853951765 4.474182928091433 3.2755315133153147 -0.22627578394355627 0.04162419342392764 0.9666283589863062 0.11267791143776804
88.33 55.120801122849926 4.502719320274216 3.2665065653686716 -0.19616567918019256 0.029564186077021194 0.973350364439581 0.1150393552603272
88.43 54.95040259135218 4.52880545121126 3.2692558561693095 -0.17033348249853575 0.023782404743242357 0.9796704393500737 0.10327987329670484
88.53 54.78356393277509 4.547891505138765 3.273364421594062 -0.18630176371893814 0.02868426071690074 0.9775017405729903 0.0946531203876153
88.63 54.61823894188823 4.561083124699391 3.2681638171771716 -0.22398628572329815 0.03699430183633239 0.9705671658978656 0.08037998457643863
88.73 54.44994192286484 4.568034817976102 3.2606818703801417 -0.2154909741597807 0.029891212108443494 0.9733501979786079 0.07252273842983167
88.83 54.27964276907938 4.585171063868465 3.255262383089606 -0.20080535471611496 0.028724474382850227 0.9756404885721033 0.0835329345082039
88.93 54.11428561212895 4.612093511688541 3.2723354107188474 -0.17501355056117548 0.032049570037357075 0.9789056561532486 0.10043305497478902
89.03 53.95419012978785 4.641440243213344 3.2792831966715563 -0.20805413520571786 0.036461097584695366 0.9714174199756251 0.10831556376911064
89.13 53.7905646358905 4.676781072230645 3.271651507609875 -0.23133862201692307 0.04620363173189509 0.9646847393425466 0.11717943530200828
89.23 53.62948267167131 4.709542817740848 3.2617114196959633 -0.202494297327334 0.04262657702839119 0.9710468494584115 0.11936100970436432
89.33 53.46717468017357 4.7357202431393315 3.244950818428501 -0.19791951676438724 0.03280947875035568 0.9726147352892652 0.11735407826775385
89.43 53.31209010534859 4.76159893087272 3.242444623980474 -0.23120673513983903 0.031225399487095004 0.9660846534728238 0.110674578730355
89.53 53.15777965903074 4.77570371576788 3.2500903664177074 -0.25831836446059286 0.026981253679871253 0.9608727661532473 0.0962660988992163
89.63 53.003764431073044 4.790794743614286 3.2518899871489415 -0.25117526955798736 0.025723881624176652 0.9639139378194144 0.0843752709869916
89.73 52.842731221508444 4.805803485846112 3.2363656560779317 -0.22471807862123133 0.02476179497801844 0.9701286161140408 0.08797219360062028
89.83 52.67950235881002 4.829983310709576 3.2326217067854772 -0.1988739400863682 0.031636995916208 0.974041623216565 0.10339812708923098
89.93 52.52042335978451 4.859595141251568 3.2388834081691122 -0.1881750579899974 0.03448560057723493 0.9751737668959003 0.11152136683769913
90.03 52.35474660679185 4.879601033673195 3.228514975369325 -0.2478619108758747 0.0334694801042449 0.9627734454474345 0.10252589809305603
90.13 52.19894551212894 4.9088945732603415 3.230133980504628 -0.22562127423478542 0.040386623372589955 0.9683891284999443 0.09841980018446776
90.23 52.03318889782964 4.942950723507218 3.231816056206959 -0.2023297992818237 0.04415201928838393 0.9737190547775932 0.09478635913656293
90.33 51.87336223578872 4.968055328030497 3.2357282321798633 -0.2042382636088702 0.03154665729838507 0.9744726566401446 0.08771876396775496
90.43 51.71365523673182 4.993265452776796 3.245533840044612 -0.23643107987014692 0.028147145212075217 0.9678696083528525 0.08084864819366189
90.53 51.55958442154158 5.013361964984863 3.257226821268496 -0.246426562893357 0.030578746757550145 0.9661621892548665 0.06978189881013273
90.63 51.39855365739336 5.030842907405847 3.2533298379012034 -0.22295420126018559 0.02584695499714778 0.9722944164134969 0.06532171820264203
90.73 51.23518984217301 5.056326055328593 3.252369538997102 -0.20388831991019307 0.026120348632840455 0.9759241411888344 0.07293388126470139
90.83 51.069337278375265 5.085747006622363 3.2620079274164175 -0.20353955358001571 0.028078008741456578 0.9748148733963614 0.08671354080418113
90.93 50.910650475763866 5.120235995310181 3.26254036490055 -0.23973538473070535 0.03781945715095195 0.9651145114470481 0.09823753744447032
91.03 50.751309341019976 5.157408889040502 3.263573434497799 -0.23929295298436293 0.04640361709850726 0.9639368442113935 0.10682390811039746
91.13 50.58472611324079 5.19087451712727 3.256475685928373 -0.21057867084808088 0.04257524378170161 0.9702717525754134 0.11143023896151318
91.23 50.421340112753505 5.219388070259573 3.2593750516031794 -0.19291939693533217 0.030602251385726285 0.9751390949062197 0.10463916131979929
91.33 50.26323003917578 5.2383287965964564 3.2704490504275636 -0.18554189282684921 0.023963105935852963 0.9785896078900381 0.08580416592309718
91.43 50.10819966596488 5.253739907451715 3.278057902756724 -0.22007690653802994 0.0214021882162497 0.9731877197977267 0.06335427044098098
91.53 49.951429294733906 5.266102436752444 3.271681096445432 -0.2179258752442538 0.02263713052517709 0.9745080400147252 0.04826958843071557
91.63 49.79325138395 5.288194782122739 3.260897710522989 -0.20665380756869522 0.02779372338196172 0.976876242140023 0.04727071292369852
91.73 49.64308298113895 5.318852872225378 3.2545903171872235 -0.1961043144072669 0.0287936608205292 0.9781768090869913 0.06232297434975222
91.83 49.50611878338929 5.3571882675803835 3.260573559554053 -0.21477142774783284 0.030514505137817546 0.9726517871915378 0.08300963602172497
91.93 49.363638932064845 5.407227906544601 3.2586431244001197 -0.24192361468806048 0.04146070984514664 0.9640391601705003 0.10189441522063968
92.03 49.21524947061374 5.454915035295275 3.2621019600503987 -0.22770318598214379 0.04212092927061496 0.9662853596415248 0.11255971816511519
92.13 49.06220313039385 5.494160189222684 3.2531780289452183 -0.19637068056237744 0.026423850628236198 0.973828391491121 0.11134900026161582
92.23 48.91551439769492 5.526113485981056 3.261556830832813 -0.1547645860363966 0.012004662718512898 0.9834791550647881 0.09312659413426494
92.33 48.76409583117963 5.544420465547817 3.264112501848975 -0.18610156800586486 0.011698685144348056 0.9791415873074679 0.08069138217098533
92.43 48.61584089507754 5.559308946216009 3.254339495541991 -0.22751555779356725 0.01565049132444663 0.9713420481821227 0.06698028453615595
92.53 48.466992673943665 5.580379565835068 3.242565355778515 -0.21850069659008634 0.014588582163613898 0.973807474510507 0.06118514074161179
92.63 48.314985741542515 5.597486683185552 3.228842962465281 -0.21140322402581022 0.01344907901039715 0.9754513891261363 0.06018626585157529
92.73 48.16944085246738 5.613061231609151 3.2281016565173046 -0.23495147520353765 0.011305532075901181 0.9699598310368343 0.06203156792439036
92.83 48.024099698513766 5.635275571939676 3.241650157662919 -0.2516028566688603 0.01921031812614318 0.9656730530710658 0.06166458275191773
92.93 47.87856747371788 5.666422850891473 3.2586930221820447 -0.25541291664992927 0.03196557935290608 0.9640770363774176 0.06555845997844086
93.03 47.73122362067921 5.698380438196443 3.2657401247960327 -0.22680066555137307 0.03523580842058981 0.970790351095599 0.06989985786885161
93.13 47.57321592370424 5.726581636312946 3.2625691089104305 -0.20124945391268462 0.02507589607731686 0.9767977952526579 0.06881804941519716
93.23 47.4253076820819 5.753178952788014 3.264626997909161 -0.20417972888584177 0.020259024835056417 0.9765245910921152 0.06557387602707496
93.33 47.276620378892254 5.7770569720314064 3.2701068094673142 -0.23717947170482206 0.02099810492619577 0.9691596285611063 0.06351843951663806
93.43 47.124654168205794 5.7913717456777976 3.2724582956312496 -0.2481863768196894 0.029152257115044905 0.966147344929719 0.06413248904781534
93.53 46.964923745229605 5.8129946088791655 3.2635453042595004 -0.22040780727850678 0.02980809800107413 0.9722793482804714 0.07214391652482555
93.63 46.80208644029038 5.831385269152004 3.256383381886644 -0.21100713420005418 0.03077992580267038 0.973161673473959 0.08651556371905565
93.73 46.64436783388853 5.849219303262794 3.261430407317705 -0.20542605869377695 0.0288278266882753 0.9724500230686731 0.10634868805824127
93.83 46.48424259631649 5.868461926895726 3.2581154195758906 -0.2181806991773416 0.04156604824140674 0.9677204796591151 0.11910717605758103
93.93 46.31537683628944 5.888174409751483 3.2625499165435814 -0.22690536613292475 0.039708660212350574 0.9655584033537202 0.12097167783096252
94.03 46.148252827945164 5.8971646995826354 3.2474321584183676 -0.20394128786299917 0.030487646132150794 0.9725280848081701 0.10801656723602596
94.13 45.97883208835325 5.890629995380177 3.2476845006528636 -0.1655366058326075 0.02259122452538406 0.9830486404656067 0.07551582074364353
94.23 45.82781353302103 5.870321801347133 3.2573903094526884 -0.1872233293329291 0.01778250269933665 0.9808953641665494 0.04975431747912896
94.33 45.682732358792265 5.837030938861524 3.253693904229092 -0.22556837173401967 0.01585016416236716 0.9736362686804061 0.03000163794503569
94.445157376 45.51670062783464 5.801172943534409 3.2491575121927645 -0.2228701749557013 0.014330013468995543 0.9746316971822722 0.014717019970001815
94.53 45.38786038457831 5.767875780638183 3.236310834688046 -0.2019576121127582 0.006337434560309196 0.9793671643113604 0.0035940647784455243
94.63 45.22980225668739 5.730780815081454 3.2266612027643427 -0.1881759516834024 0.0003001935714568637 0.982083974390789 0.010039339453246414
94.73 45.07146891456955 5.699977669641939 3.23671710794366 -0.18847374963487562 0.005271844897530768 0.9819539070197557 0.014709787169886104
94.83 44.90894627311773 5.656877240965243 3.2445472681757854 0.22039276566770397 -0.0054990721591576105 -0.9753674906671227 -0.007419379788723222
94.93 44.74989165973166 5.6139914208680715 3.2386150256993185 0.2149338785230985 -0.010018753640260041 -0.9765757793621381 -0.00167320104779743
95.03 44.58723437085525 5.5604230197810445 3.236403032685547 0.18996745496865106 -0.01583436566895875 -0.9816083645550239 0.010327514328563448
95.13 44.43359790560232 5.509297972425714 3.2537948968960455 0.16808172013944325 -0.01936402933239213 -0.9850331025434353 0.03291438312704703
95.23 44.28394967873512 5.45623871130682 3.260914881243468 0.19338661154390138 -0.012560079831113416 -0.9800802665181498 0.04343424975657869
95.33 44.13656789747302 5.401617382685524 3.2667887912932856 0.23208374079879787 -0.008214620252289563 -0.9712494739768266 0.052384316075375886
95.43 43.99978513652387 5.348686045374547 3.269938322029208 0.21072096855090208 -0.008155353844132946 -0.9755382762539082 0.06209054018286544
95.53 43.85452682704222 5.295968523523618 3.269832065157897 0.18605320243791215 -0.012170948149674284 -0.9805478315192102 0.061335340438526974
95.63 43.70322456380984 5.258419800419222 3.277483880996949 0.1821536025448679 -0.017235879231632077 -0.9819436336645394 0.04805923275209451
95.73 43.54883409571799 5.234036993804597 3.275374982860249 0.2151981958093336 -0.0213852719141465 -0.9758022203095839 0.03228673883271951
95.83 43.387539693820806 5.211651041892877 3.2798913054363354 0.2353323242766658 -0.02949648010424161 -0.9712716603667098 0.019494013965757933
95.93 43.2347541773929 5.187978652806955 3.278220576082025 0.2048047394122234 -0.03544239245444075 -0.9780906555781227 0.011727105446572466
96.03 43.06611679334962 5.162410703232469 3.268288487693226 0.197440718731114 -0.02842984616611626 -0.9797893116815095 0.014893325638884052
96.13 42.90698506688339 5.1400170846841995 3.281241183121554 0.16594993842399636 -0.023463705319760046 -0.9854697081103513 0.027559514992797757
96.23 42.74006282605014 5.114650406912636 3.278274321909076 0.17942898737712706 -0.019956928247624135 -0.9829603790882994 0.03458110244519502
96.33 42.572887283502695 5.097546738878105 3.271231490657493 0.20056965468456503 -0.01990393495122602 -0.9788316554527229 0.03555611447913946
96.43 42.402023900536 5.0796829308592315 3.266037301210025 0.18645899349640382 -0.021145409528346284 -0.9818029166917188 0.029136715254477107
96.53 42.231066414908746 5.0757786289394335 3.262649047254295 0.1802098307320939 -0.027037174175297697 -0.9832102758220846 0.009537381086284156
96.63 42.06138224090072 5.081065514296376 3.273167362167548 0.16394881452327434 -0.03368527318618631 -0.985700883073043 -0.01948993832232516
96.73 41.88922419355914 5.094023647614311 3.2719770920264457 0.19824242648817117 -0.03541299432383812 -0.9783636603663517 -0.04743846801548377
96.83 41.718207950879744 5.100840652364386 3.270038499705745 0.20210886744454776 -0.035498211602251764 -0.9766855963033287 -0.06306448007345476
96.93 41.54682685077468 5.108159991802433 3.262152637927958 0.1783394313044696 -0.030325559033286893 -0.9811294445891959 -0.06826727379508307
97.03 41.37904496574809 5.101543828400469 3.2577978977555815 0.16599038606643896 -0.036166263226073324 -0.9836351111494451 -0.06000967631803978
97.13 41.215069134864095 5.097739718348782 3.2546713798306 0.18174946319027122 -0.04216419655472949 -0.980702540748004 -0.05841095555931187
97.23 41.055222722328025 5.0850436803469945 3.2548168605334498 0.22585332020308757 -0.03861930996238456 -0.9719808751360051 -0.05245955605146532
97.33 40.895847831441 5.0771313507468445 3.249387083700017 0.22118515153113716 -0.03655080963061119 -0.9732806131255959 -0.049658988827392773
97.43 40.720693210853575 5.0782288015587405 3.2348450829494952 0.20273995223572455 -0.04101638556209529 -0.9767177686681656 -0.056890845052234
97.53 40.565436760674444 5.089323685856059 3.2368186420809124 0.1997141570898832 -0.04901145367707324 -0.9757731428224715 -0.07469207864756523
97.63 40.40279265478643 5.101524927891439 3.238923893667072 0.2414727584229397 -0.054847559650851925 -0.9650074064773468 -0.0862748954437374
97.73 40.24654440752024 5.124745335672929 3.240432402809062 0.2566024023798057 -0.057913216515851726 -0.9600362100452515 -0.09556014780048303
97.83 40.09550571798484 5.154073746721558 3.240635874168115 0.22561778700384616 -0.059977176139409914 -0.9664758448839663 -0.10688214905049899
97.93 39.928969019247475 5.181778962141663 3.2356621394443508 0.21015878100894456 -0.055200918816052054 -0.970313229788941 -0.1061997242145765
98.03 39.76245679854235 5.20871941843854 3.234416712995484 0.21173439248424253 -0.04685601898119011 -0.970162403406323 -0.10843418068777984
98.13 39.60565680975256 5.232023712305413 3.2420279458217665 0.23301816368154574 -0.03952043953523409 -0.965888968538547 -0.1058261343381876
98.23 39.44993590264445 5.254334260371154 3.2501068498665946 0.23925726700998715 -0.03914127793511495 -0.9645133916687082 -0.10458411847045967
98.33 39.28572445578642 5.271923054967039 3.245508608475044 0.220477294578401 -0.035657526437831634 -0.9692379679476537 -0.10342178142164835
98.43 39.12070861401852 5.298372713711838 3.2353049016355633 0.20251063841498002 -0.03571129394119047 -0.9721070736907579 -0.1127917643012755
98.53 38.94609247228708 5.334686766343489 3.243423126755067 0.1921101991274693 -0.040848251934605444 -0.9714582005171276 -0.13301900748808565
98.63 38.76969772132894 5.371874850428477 3.2446860627481087 0.22241516115530438 -0.0462158922642469 -0.9618608631988033 -0.15237869679496835
98.73 38.603193281545906 5.410240331409084 3.2412571255301748 0.23268883153850267 -0.05392910237036256 -0.9566503434706952 -0.1666363703762609
98.83 38.423728582184786 5.447151447780511 3.235056559754046 0.21105902447479008 -0.04843103322934612 -0.9606843292068221 -0.17376461902391432
98.93 38.244380904853266 5.473269294670337 3.2317337906077426 0.20257959601293588 -0.042997759191188936 -0.9646021195269756 -0.1632649717111372
99.03 38.07020776031659 5.490907310482475 3.2388040890269423 0.20718823232759953 -0.0429319825249998 -0.9661615175302652 -0.1475188235617838
99.13 37.89838094647419 5.494411791562423 3.2450396430666864 0.2421705422565142 -0.04276974055627246 -0.9609903000504669 -0.12657733195500917
99.23 37.72617673867347 5.492626127121308 3.251910170113502 0.2352366324058275 -0.03461115426665001 -0.964955420891061 -0.11102626026148668
99.33 37.54334048874912 5.490854541911638 3.246502663681969 0.20397482535493144 -0.034263392940354284 -0.9727663362934664 -0.1046228727374023
99.43 37.37598593102332 5.498598271036055 3.250054666937845 0.18499552706348674 -0.03855434457918376 -0.9754021267305863 -0.1134940908154321
99.53 37.20547083129667 5.514614001717225 3.2551107233310796 0.20571184841609547 -0.038667171188635524 -0.9697850820999065 -0.1253171170669821
99.63 37.04966059306371 5.535879527733707 3.2556681699021195 0.2339387641218315 -0.054131785148617495 -0.9610584406310889 -0.13678113235937941
99.73 36.8851364222905 5.570659416596879 3.2509982897410947 0.2225212050053541 -0.058929852452511325 -0.9624362341429661 -0.14397250092151684
99.83 36.714518145397236 5.594398796327835 3.243248630122943 0.2083585563296085 -0.04882716920726259 -0.9661719943083484 -0.1439246225135759
99.93 36.54925418239541 5.620834932674363 3.2414104423561003 0.18973571736010555 -0.04143590753480335 -0.9717115399047159 -0.13438789506729779
100.03 36.38791438521443 5.636876584228633 3.251788819752708 0.21220154703765257 -0.043458658323198285 -0.968702196735526 -0.12123490624131653
100.13 36.228615334372286 5.652224200308485 3.25987733612778 0.2338159595694936 -0.04606686272737788 -0.9652089565698379 -0.107608602659912
100.23 36.064563758812234 5.668038537899945 3.248721109493781 0.22175155615889638 -0.04442352442043249 -0.9688921347744913 -0.10050288051247112
100.33 35.90663381049691 5.683263422919795 3.2332444649250958 0.20977976367082266 -0.042353291309438615 -0.9708565472789196 -0.10787128475700371
100.43 35.745733443494665 5.719218658257018 3.2316209992186455 0.2106278421413832 -0.04276026118343489 -0.9686512515867859 -0.12458822166538178
100.53 35.59246928588375 5.755416122741462 3.2327568870181786 0.24455884083021687 -0.04841825337348166 -0.9589432220053394 -0.1351833683633478
100.63 35.443010291572335 5.787923526751095 3.223968268680826 0.2684391557215325 -0.051294195941823426 -0.9514505474576587 -0.14160219235843208
100.73 35.285684519144624 5.81809114343215 3.2143801940262073 0.24132000500425843 -0.04750735755307407 -0.9587781177297935 -0.14231031981407244
100.83 35.12027127282142 5.848442280394409 3.1952201803532354 0.21962476855081056 -0.03580299996258283 -0.9657040466383392 -0.13378639893135125
100.93 34.959708932731154 5.87279316032805 3.1885077908622335 0.2042130686145606 -0.03066218359616086 -0.9710445057811476 -0.12012252451720558
101.03 34.79927806319932 5.884221270185011 3.185617564025848 0.23416414756888115 -0.03331623708488578 -0.9660611781879785 -0.1038411302803351
101.13 34.64473488039505 5.884750727194689 3.184171419299352 0.25527156428962655 -0.03184691404535823 -0.9626237167589493 -0.0847217945047244
101.23 34.47592695368147 5.882176049733983 3.1660956373717424 0.22847686056371294 -0.025787871790116598 -0.970519634895035 -0.07228380274096062
101.33 34.299698005841876 5.890629477963666 3.1526941648789744 0.21133756211377414 -0.025111134170637053 -0.974106295950784 -0.0763072078477179
101.43 34.1232343495212 5.913213020738321 3.1462986618034567 0.20685014933131426 -0.026440836787005522 -0.9733136002967271 -0.09578378437417774
101.53 33.949495581616645 5.940520182635665 3.139647161019689 0.26134366496740313 -0.03040305947267463 -0.9589540097758666 -0.1057466306361295
101.63 33.782102923347516 5.97065247381732 3.1328065566766745 0.264598774985927 -0.039077070409981304 -0.9567768431952438 -0.1141864403922988
101.73 33.61581164367175 5.997015132271557 3.131447808142198 0.23696837524145176 -0.03904618307228988 -0.9636924912814261 -0.11669690214701556
101.83 33.44219010593203 6.008948653044481 3.1275116625093595 0.22495490810495064 -0.03139917506728593 -0.9676699311415072 -0.10965530305998727
101.93 33.27432753874645 6.0219033729343705 3.1415207527537676 0.21472401838646218 -0.024023796893356868 -0.972059487352358 -0.0917431531999416
102.03 33.11345153828996 6.029240695409709 3.1451323356058722 0.252892039926096 -0.02028266746442558 -0.9638698597636697 -0.08117341302242521
102.13 32.95093730933827 6.036887776766278 3.1522564797886616 0.2428488337135595 -0.024771450597801836 -0.9671758038895287 -0.0705817509692728
102.23 32.78246874911887 6.049728928890866 3.1337376062796487 0.21960870496144425 -0.028547449060962907 -0.9727802755123016 -0.06823192384419402
102.33 32.61436291501144 6.080594753101596 3.1220147568982006 0.2091147405469503 -0.038252308675650507 -0.9734261688006735 -0.08514270409734015
102.43 32.45329956755358 6.124630951752877 3.1106507228446785 0.2227630772338217 -0.04738466079754128 -0.9672026993402724 -0.11247330230463987
102.53 32.292242296254834 6.1620207704239345 3.0921231802283726 0.27576761660083793 -0.051817083920356166 -0.9501016667373646 -0.1362865888896115
102.63 32.12568398810043 6.201515146180798 3.0904593181813302 0.2749707349558309 -0.04532560348662572 -0.948419791573089 -0.15111778035321372
102.73 31.956814396543724 6.232745233606972 3.0732436363604196 0.25397357320722536 -0.03371711915825199 -0.9546424321417174 -0.15171818197753684
102.83 31.785402154578325 6.250210762794586 3.0668861688067235 0.22117976125182556 -0.030366112794699963 -0.9658114476970894 -0.13177882949691738
102.93 31.622333402258214 6.258515785024299 3.0594793285836452 0.20498570163094132 -0.03295006428556607 -0.9719109319787185 -0.1108345419564974
103.03 31.461787891513914 6.259009145798497 3.048322123620197 0.2537187515523028 -0.03717611564968658 -0.9617141195499039 -0.09669893378055007
103.13 31.301429396789644 6.259719449499541 3.038482354569795 0.26608333646456284 -0.03269329950230557 -0.959400947980037 -0.08763918780171961
103.23 31.129734951438845 6.263338532245299 3.0132575526622016 0.2565219518063486 -0.03037686500521664 -0.9619564503991557 -0.08895797799732684
103.33 30.955799438692008 6.283105750031245 2.995309178390533 0.2292138929820306 -0.022291182797617683 -0.967387977721492 -0.10547319561589011
103.43 30.790537271531335 6.3072895432144875 2.9804883404215534 0.23385416328055542 -0.022796700954350865 -0.9645190688540929 -0.12039728634310168
103.53 30.628449153613797 6.329271360338659 2.9691323511117003 0.2654122283093022 -0.03691425242537073 -0.9545698721845778 -0.13034587123988892
103.63 30.46504252845547 6.353839434748603 2.9497072788116454 0.2637426694569592 -0.03780833404281959 -0.9546888523407574 -0.1325878176942025
103.73 30.281449921774175 6.375388638614767 2.9335935778155435 0.24613807330039986 -0.028964704242100098 -0.9599533491019776 -0.13063943634305666
103.83 30.10164743881965 6.387584781181978 2.9217380031815994 0.19122720793817563 -0.02169589613948614 -0.9747250144894225 -0.11345743326670756
103.93 29.94292079343625 6.376319603055501 2.916235933616772 0.16737839168673546 -0.015604674670721897 -0.9814817994836598 -0.09183923675151041
104.03 29.777339545249756 6.366669838683195 2.894355680044716 0.22054583410049858 -0.020028577758638724 -0.9724837880564625 -0.07234412969436292
104.13 29.61451984391383 6.350800037710728 2.8689355537190355 0.2382862650815747 -0.018271225402395258 -0.9695878104738385 -0.05277590336807565
104.23 29.441617772647795 6.333250485044562 2.8396868918624043 0.24156189409182796 -0.017452392313012363 -0.9695495221255751 -0.03629034956280042
104.33 29.272438345765007 6.31203993938024 2.8188792043085065 0.24266421798570448 -0.012433109243164613 -0.9696170044303396 -0.028325956708803057
104.43 29.106933777651214 6.308501323186145 2.8168209469265797 0.2437383182885229 -0.014815036565391855 -0.9690343238332021 -0.03666914401206788
104.53 28.947032908771185 6.311753550815611 2.8104413762464495 0.26024327946436815 -0.028119212525323258 -0.9642914028537952 -0.040309251578838176
104.63 28.768408733098404 6.316953625650463 2.79800206949845 0.26014707018873184 -0.023801863768806473 -0.964373962961911 -0.04171130199944372
104.73 28.586897388010154 6.307295749176139 2.7781317659899747 0.2360244423521748 -0.014623693431204643 -0.9709351471659188 -0.03692628062329842
104.83 28.406806000432706 6.288583077627911 2.7734067972472825 0.21916378636881836 -0.007181305763768463 -0.9753497422657339 -0.024668681646511037
104.93 28.241558580292057 6.2538050512203 2.771174051366484 0.2393328734446947 0.010697488287522643 -0.970858764370212 -0.006212815673219292
105.03 28.082436811731526 6.209697550052201 2.7818530608220127 0.27027795238568 0.015782696826435596 -0.9625483023735768 0.014195088334863947
105.13 27.91688156502712 6.163136419939625 2.7786679113628177 0.2655608312371242 0.011403806749658319 -0.9636910941860183 0.025433699904245283
105.23 27.74709822583301 6.125715814160652 2.782474761862016 0.2598190138092855 0.0035449840259373293 -0.9654739700164218 0.018480432142014995
105.33 27.58760536288359 6.098503146709499 2.803444589894802 0.23602010262668394 -0.007356074130799912 -0.9717088991559027 0.004713239936092965
105.43 27.43902424173774 6.072880434295498 2.818077902445584 0.26582083923227073 -0.012856357766805947 -0.963914155460024 0.006595179952975599
105.53 27.298993524698215 6.050712255896498 2.826337096139331 0.28710739538426505 -0.023721690074937737 -0.957600528165297 0.0028023906216801645
105.63 27.156150085024233 6.036227057218356 2.834285323093405 0.27204954491909633 -0.03459015019777687 -0.9616596530227526 0.0018106260703897594
105.73 26.99882022952043 6.008418882420673 2.8164931714247343 0.2450270304533344 -0.027509368001756768 -0.9691053434654782 0.00631049015707296
105.83 26.846092203174052 5.985370640449428 2.801092757276237 0.22550998277908568 -0.020654565920213475 -0.9739214094959843 0.013990164365704176
105.93 26.69118593341993 5.951597058374227 2.7925828013469753 0.25424803463277 -0.012108382866320667 -0.9668115641606494 0.022061807608961124
106.03 26.554890882439157 5.91244621014481 2.7857614359727454 0.29403433976712723 0.00045125080621736597 -0.955150064817315 0.03509924628675909
106.13 26.411338046354643 5.878147535563306 2.7812101446066517 0.2846327126335954 0.0025762820117259536 -0.95779087739377 0.040177317619641356
106.23 26.253176363185105 5.8504105298826135 2.7731629564687026 0.2580203745816845 -0.001527238479257603 -0.9653937827353374 0.03792094539052459
106.33 26.09569740127659 5.836007761892154 2.7656167043984565 0.24646333080259578 -0.0050181650462694525 -0.9690711327481553 0.011479732726239596
106.43 25.935000801582653 5.826438435469546 2.7700508328256106 0.2644320665800119 -0.007307826507334793 -0.9642711769919752 -0.014260962747085309
106.53 25.783988079690364 5.809738379381998 2.772364932564038 0.29513919171966774 -0.010284710103371333 -0.9548361529204806 -0.03278724332979806
106.63 25.631967746098283 5.8074166438990025 2.783373208107043 0.2877711228372701 -0.02026392663088812 -0.9564705715294084 -0.0440590505649163
106.73 25.475969704216624 5.791847889815359 2.783393788195004 0.26222304849110883 -0.02122703295793552 -0.9639019107873104 -0.04100722244196195
106.83 25.318249884704926 5.760221960828716 2.7913219325726812 0.23781895702943834 -0.01799234191736537 -0.9708869341518724 -0.022293057281058726
106.93 25.166295054328565 5.71915497005041 2.799788874909515 0.22715954843682318 -0.0184009510352504 -0.9736784361812613 0.003201167066972964
107.03 25.02983940266433 5.673664229886302 2.8052837029879307 0.2536766673603822 -0.013336478963424884 -0.9668106448533688 0.027339783539767796
107.13 24.888459695453424 5.619303069713605 2.7951205792296183 0.2502422976274089 -0.012047331538164624 -0.9671388440365996 0.043314092816482956
107.23 24.734117653078933 5.5778256716779895 2.776612017694926 0.22301768276893466 -0.016936560821841796 -0.9734557197714793 0.04858217496257312
107.33 24.58006215582595 5.541581430205795 2.7529590200532175 0.20751807014620785 -0.01668709498035445 -0.9775222085955866 0.0332884833886536
107.43 24.43397936477619 5.518115002360062 2.74152617002129 0.2323792960826674 -0.016155890758152085 -0.972253619194534 0.021488366831022506
107.53 24.299999990265842 5.499166314190022 2.73637058021362 0.2750895308034443 -0.017307538036901438 -0.9611597165031642 0.014078300359022891
107.63 24.160339584232933 5.472594239806006 2.7329043281163035 0.2691481679613396 -0.02353833893406608 -0.9627367412463963 0.011965673301108332
107.73 24.01542690942272 5.456399113956802 2.721014072895315 0.2348907717953247 -0.024938540866108493 -0.9715966872061642 0.014292372611761308
107.83 23.857242700714664 5.420193923573019 2.7064970362723346 0.2024656674747211 -0.01365386592551439 -0.9787888956658216 0.02816954313767386
107.93 23.692334077157238 5.386040803038492 2.7007340274307228 0.17686628510017302 -0.010321838068066691 -0.9831701793222156 0.04458895990358223
108.03 23.549039310827034 5.34452442378697 2.691426961687592 0.20829582057068807 -0.0007176166241155189 -0.9764395508184752 0.05637499229781919
108.13 23.402819154388535 5.306584859703627 2.676206681763238 0.2447931827349016 -0.0015805181002886558 -0.96745724571615 0.06403340815834282
108.23 23.24763877429582 5.269300502332731 2.651166122278739 0.24820186156008517 -0.011294937567112246 -0.9669040339578926 0.05800732211900303
108.33 23.09451130096743 5.245832613266193 2.627972155010225 0.2326253565421605 -0.01423921095753541 -0.9715726344777569 0.0415849046997874
108.43 22.941310603067983 5.22491113917973 2.622614766603644 0.2368300499935065 -0.017593403536709504 -0.9712427531089095 0.017015114031169398
108.53 22.804781625828696 5.217134728555255 2.618541922562955 0.2646560366446743 -0.019675588456496685 -0.9641294868611807 -0.004938223488225095
108.63 22.673381760976667 5.2096267146903745 2.6148321223350446 0.28634622485870537 -0.02656584772318992 -0.957580083576477 -0.01845206713578053
108.73 22.532144858343383 5.193881674824834 2.613211520824449 0.2672846339561288 -0.020883400650013942 -0.9631390496067651 -0.022044934810662935
108.83 22.385904373814835 5.177893743262632 2.6008700287071775 0.2291964846565491 -0.010969623756634874 -0.9731954409027465 -0.015468438247844376
108.93 22.239952806266153 5.156162796696814 2.586913836599594 0.2198078373614538 -0.00457870812583179 -0.9755305601233508 -0.0019173762804214792
109.03 22.105029043122443 5.120238555570701 2.57621427828459 0.23642863899077324 0.00640534830925367 -0.9715275371404127 0.01395402292859415
109.13 21.979534232967257 5.080872646305075 2.5680315956163104 0.26519874839158525 0.009630602173441577 -0.9633674314320658 0.038730703702588
109.23 21.845899183373778 5.040365916533843 2.564361648881974 0.2555795202442411 0.00593987924339287 -0.9653216772016774 0.052895048831039446
109.33 21.701948964755864 4.9999786010742415 2.5562243193145457 0.2219942094159944 0.0008530770509178736 -0.9733178854064306 0.05805288273003495
109.43 21.55346302417005 4.971730439548795 2.5547916438108436 0.20875628490081796 -0.002374539607444955 -0.9764476266315462 0.05445371908035257
109.53 21.41146009394805 4.943276334182813 2.5538790595845526 0.21839719346213682 -0.007951050677312683 -0.9747692467741088 0.045435253101811866
109.63 21.280232619354827 4.918096141548239 2.545415341054404 0.25689433291959846 -0.012603879770157143 -0.9655406459594679 0.03972033394506648
109.73 21.14638194058934 4.889752555022069 2.5483248107202834 0.24553715813903967 -0.009164302598949639 -0.9684585886668298 0.04141837235251068
109.83 21.003850920065073 4.862261725382706 2.523547327140947 0.22669885534916592 -0.001874070149773613 -0.9728626812852815 0.046285205053718415
109.93 20.85887249222287 4.829420832203466 2.4979375391954446 0.2074304087277832 0.0023854862941017174 -0.9764653490852157 0.05901149910020353
110.03 20.718438593132376 4.7922389708371975 2.4989620025110484 0.18623950131215633 0.004186307805055028 -0.9794949200047093 0.07672694873985726
110.13 20.594162689191247 4.738223593208522 2.4772082536586963 0.24008804111992463 0.01778293128320034 -0.966119756711551 0.09302749893331509
110.23 20.47142435556889 4.689163458825833 2.471563177677044 0.26365616813814763 0.018887370339877408 -0.9592398042560656 0.0999384319225496
110.33 20.3482376572918 4.633592873638664 2.4482948385877275 0.2465092398764005 0.013521377472432296 -0.9629923199456101 0.10814878054134192
110.43 20.208809585993148 4.569401677754605 2.4265346797897145 0.22532058898067106 0.013278574946030072 -0.9679325940879274 0.11027603969594622
110.53 20.07334631036105 4.516579120037315 2.416021445729899 0.22677571151370746 0.004512601719284588 -0.9678055705912331 0.10910907673403199
110.63 19.93822143040217 4.46575149165081 2.4142354819138787 0.25303032276752824 0.0008229194353844334 -0.9618365146364468 0.10414171918965
110.73 19.809672162871387 4.421535284845035 2.4149694126116503 0.2789547269504943 -0.011013446826944585 -0.9549541813241832 0.10062542358879509
110.83 19.67632808180304 4.36246468438119 2.4089554854362336 0.2586920910357392 -0.008638199502970675 -0.9601800146525535 0.10515761031292878
110.93 19.543022695327025 4.294124317959783 2.3949163129601487 0.2210314955460438 -0.003211317711038257 -0.9678002708328307 0.12040515433791744
111.03 19.40034185597412 4.216563891167756 2.3764699256831325 0.19031757890115886 0.0023491206915328853 -0.971371293394084 0.14216719439829387
111.13 19.26805982933924 4.13731914734881 2.3629698699749735 0.1909177707750189 0.0033021606564912825 -0.9683350071795144 0.16083163372902143
111.23 19.14656819043348 4.042874602065085 2.333401662628572 0.22620116604488466 0.009213896297744401 -0.9586125698680874 0.17265595120310892
111.33 19.013257901499312 3.958320201368786 2.301129174805229 0.24660360428238604 0.011933467902655776 -0.9527222796634659 0.1771002894735116
111.43 18.87351325649447 3.8627304458452745 2.267813840749039 0.2357514834512094 0.0036112367017846468 -0.9566098059082355 0.1711895915651582
111.53 18.725943502874216 3.782198664941424 2.2495565531671846 0.2229319270393907 -0.001536574096240381 -0.9631405478156199 0.15052999701049066
111.63 18.588663940801663 3.7190934727325606 2.2411158564198375 0.2466820517773576 0.0007087851437984907 -0.9607990400007683 0.12654116993348574
111.73 18.45532932700774 3.6617975487096954 2.241544410210201 0.28287342457836007 0.005811208410593439 -0.9527430790442899 0.11058698321830444
111.83 18.322681876546618 3.5978837450693866 2.239353285767889 0.27563490428434834 0.005362330653782757 -0.9556570339121891 0.10351945944736449
111.93 18.179395859870926 3.528805179593107 2.234922452670107 0.243457116839357 0.0020830046236937415 -0.9645646009127101 0.10168295834656713
112.03 18.038635863370438 3.460554342124261 2.227499314135662 0.22111055660859227 0.002123427751245512 -0.9694177095037158 0.10646556866608557
112.13 17.90796653049951 3.3877998973015933 2.2294953756512372 0.24441494484613824 0.013588059968486109 -0.963329798408043 0.10987446865068935
112.23 17.791720685102675 3.3211001406904357 2.2302717875979203 0.26836471210874485 0.027441201801535323 -0.9541701596612203 0.1295633750353835
112.33 17.668418341405427 3.2552990329093654 2.2307579159354716 0.26112543436817504 0.03036329363574161 -0.9547166742805644 0.13931134116173197
112.43 17.531332546543883 3.1860041936055756 2.215654927514241 0.2364701034850413 0.01532109151886987 -0.9619904481945585 0.13572594407436195
112.53 17.386930688205762 3.128418841320742 2.2169498731257296 0.19505978754511516 0.007373059169348773 -0.9742988773121019 0.1124233736805547
112.63 17.242447338608507 3.089007181499588 2.217823686626722 0.1891454872549403 -0.006523869286844334 -0.978357271793208 0.08365687365644472
112.73 17.08986234586091 3.0427234157335743 2.2006326769904585 0.24368708917395873 0.008749092898889197 -0.9675846669071301 0.06572646582304409
112.83 16.93248833018959 3.0029947228386904 2.1812587668588925 0.2381835813109075 0.01262668863496071 -0.9692188131986585 0.06102491679478192
112.93 16.77395150293611 2.958780571566706 2.152462455840367 0.2150776994820667 0.011235941913354431 -0.9744101071121632 0.06434500720711753
113.03 16.619953455028792 2.9115912838847575 2.1154127359444286 0.24541005461729798 0.012655816528927968 -0.9672413466394142 0.06370174842100977
113.13 16.483086577399867 2.8439342383791093 2.0928806082801965 0.26358738482068744 0.030122321611449385 -0.9604760436379317 0.08426212614071149
113.23 16.361822823797926 2.769311366905547 2.0803621153313574 0.3014470235606021 0.03649648750938394 -0.9468847592026756 0.10586288856640148
113.33 16.225372138037912 2.6924634817559703 2.070206652266556 0.28093475326147443 0.030481532397916535 -0.9516466768257981 0.12047880759288851
113.43 16.07931091921485 2.6171188116258874 2.0581529779530015 0.2502671782390961 0.01740508082581899 -0.9602098150396595 0.12272128486611589
113.53 15.931667290181325 2.5509365112563662 2.045578996738566 0.2061594477386452 0.0034277544100121014 -0.9722764587156801 0.11029515145779474
113.63 15.77473939365483 2.491156251142363 2.0203107149310235 0.22110540075661014 0.0010229114571427488 -0.9704521877121113 0.09661214609554461
113.73 15.626724215094496 2.440351182239368 1.998126488517549 0.2642510441891505 0.007879385352054246 -0.960483420502719 0.08706836320279962
113.83 15.473771035530959 2.3956934149516154 1.9722441730797968 0.2682260670817713 0.000640766321133326 -0.960057816877658 0.07964517944277646
113.93 15.3018758503265 2.342953246566163 1.9558326158039014 0.2382479811199589 -3.727494414161397e-05 -0.967957830799154 0.07934441314572167
114.03 15.143473904986207 2.28278393520808 1.9521094263112158 0.20272464006566912 -0.0038146565938238014 -0.9756118467185453 0.0840814679209752
114.13 14.989081186134454 2.2299960281175593 1.9449905957967268 0.2304564703583501 0.010300478765615101 -0.9690777025158279 0.08759064957981935
114.23 14.852648868204403 2.166084227034548 1.9429965491532286 0.25955102499914195 0.01970183914228127 -0.9609974263819269 0.09342938212157567
114.33 14.70513803815062 2.103266961977725 1.9345702724556328 0.24856560245674714 0.020057615810111003 -0.9639369633293469 0.0929427998864133
114.43 14.556561098239987 2.046539475415013 1.9208277337755564 0.22228158406754475 0.012472413175169965 -0.9717144643801646 0.07878030215974535
114.53 14.411278730132189 2.00608036347223 1.9203762353843228 0.2157837494791958 0.006685277767828812 -0.9746680655620426 0.05843665369793947
114.63 14.264654072051092 1.9672259143853317 1.911298228260617 0.2622965375302879 -0.0012251965866563546 -0.9642571067818418 0.03751342844446555
114.73 14.125558347754499 1.937065597132416 1.9073920172906988 0.2717712336630985 -0.010270599061037805 -0.9619941944200967 0.024537343992248554
114.83 13.972145340320864 1.9064973495145305 1.8986399973236774 0.24746282698204036 -0.011861984954878212 -0.9685589854681487 0.02269216260953822
114.93 13.812934106461187 1.854942773951589 1.8904026000973553 0.22387106696132722 -0.008317135906545672 -0.9739801433764051 0.034281933089987886
115.03 13.67012064024156 1.8033311123403801 1.8952440944703908 0.1923862804488774 -0.005349498661736101 -0.9799368774625925 0.05179399721954217
115.13 13.533312843789528 1.7459335222214478 1.889529977403261 0.22377348059737023 0.002777114621539966 -0.9722836879822593 0.0676915585529991
115.23 13.395741754016393 1.694828083614366 1.8823565033609109 0.2531697444560793 0.006285499956168993 -0.9644060872527571 0.07606886256657155
115.33 13.264010031825885 1.6449586505675344 1.8660374930922525 0.22958688213851225 0.011017607471404425 -0.9701532354162883 0.07727338278366418
115.43 13.112650717631487 1.600487851112112 1.8395111897374408 0.20864361109025448 0.013738683948559434 -0.9753689687560244 0.07024576074319072
115.53 12.967524027390446 1.556241118660616 1.8240838496274785 0.22196651007964852 0.02191657761052591 -0.9730427283268277 0.05863770867954053
115.63 12.835713259987767 1.5293977578542595 1.8182675359575815 0.2587389782126181 0.022075344387131574 -0.9646501357314876 0.04491031014035333
115.73 12.695248848621857 1.500035780922473 1.81821662445418 0.2801374031163109 0.004633646292625603 -0.9592972945054956 0.03535909291428265
115.83 12.55101597486328 1.465074564866923 1.813127387114178 0.2559156073694791 0.0033304364842201657 -0.9659913780576558 0.03683432659634638
115.93 12.397172183239723 1.4206629742269532 1.7954029402087173 0.22040888946994477 0.000635459422082959 -0.9742055957414232 0.04840428555455908
116.03 12.25231223305793 1.3671149343901066 1.775039398496252 0.19827251355074846 0.0018362836290155317 -0.9773288322726998 0.07424952552833687
116.13 12.120842265115405 1.306720436025264 1.7559160260497997 0.23042364391679246 0.011575460669050224 -0.9686736772565039 0.09188177199406283
116.23 12.002066554787874 1.2424551059754583 1.7410833872674345 0.27595220823949834 0.02138321903586285 -0.9545066877368096 0.11095097916248228
116.33 11.882911138781044 1.1757412809744252 1.7266406074342804 0.2835311482224849 0.023381657122439406 -0.9507654178004766 0.12291666450295928
116.43 11.755720407383391 1.1046489777748572 1.7162645616872954 0.24639635470767116 0.018768741154660273 -0.9597560327528456 0.1334351090858765
116.53 11.621121453426209 1.0377733064636894 1.7059190706484424 0.2195849721704992 0.01832527675061354 -0.9673025806936955 0.12558798355022457
116.63 11.484165522338477 0.9697669827356752 1.704404743577022 0.23772056645090373 0.010912210705358472 -0.9635108159525162 0.12254290467546515
116.73 11.363511340895302 0.9114551479824312 1.7109502473171279 0.26271891543405945 0.0014294915978138273 -0.95850932100698 0.11061920976784162
116.83 11.244613606523844 0.8498240390688659 1.7108179706771738 0.2707864831383512 -0.007929072516150009 -0.9572256259190316 0.10164109130915075
116.93 11.123901948803034 0.7784823399836655 1.7058670629232444 0.24861136370264617 -0.008659996145374441 -0.9631982524828692 0.10181611227413638
117.03 10.984309788973789 0.6959614965171406 1.6901864734418124 0.21782515371395522 -0.008102694894748666 -0.9699645323470346 0.10795996819994347
117.13 10.847791004339554 0.610087024785153 1.6832474165847917 0.20105913040091658 -0.009193451751629967 -0.9727821869511617 0.11482823380089378
117.23 10.726068950222137 0.5129172997948499 1.680007830035698 0.23465214239023788 0.0028969291138154873 -0.9636740489018861 0.12752375208731187
117.33 10.608818932299432 0.42053155207025555 1.6761486057501784 0.2635273631686782 0.015289526083356942 -0.9541458432688548 0.14115689507167617
117.43 10.480136125175846 0.3260102057025463 1.6642973590418726 0.2479172609143968 0.003513058924459312 -0.9577360950839033 0.14582956603903358
117.53 10.34609789765975 0.24171941555808127 1.648066233107884 0.2253308742002929 -0.008658550441387644 -0.96478770141805 0.1354094451242642
117.63 10.210410862436902 0.17264871035797 1.6408813945286214 0.22485905894178504 -0.013616794904605935 -0.968542130312753 0.10573139702838827
117.73 10.067315572893106 0.11144874489336387 1.627923352158243 0.26412098013053326 -0.008080599775325771 -0.9613934738253537 0.07679453267112457
117.83 9.927900031275971 0.053601653435472546 1.617716502172505 0.2870680653092482 -0.007972693237399756 -0.9562358167101401 0.056048415524784345
117.93 9.778031016165988 -0.0030144352224647196 1.6137704969632183 0.2649834802410345 -0.011631168339931235 -0.9631705650475861 0.04416937568396334
118.03 9.629128334580866 -0.0734384122712629 1.6252345274768518 0.2379817473291151 -0.013196518837377649 -0.970000393730041 0.04785160386362764
118.13 9.484471450023015 -0.14139565532166032 1.652392317457114 0.22851162512192327 -0.014299623082464144 -0.9714527278399926 0.06210922263299095
118.23 9.357418333672145 -0.21791675588466822 1.6762114450964456 0.24994836410069077 0.003636691469280657 -0.9652734506871391 0.07589305078259327
118.33 9.230740722211749 -0.2892173416652376 1.6862802575070812 0.25021827105615274 0.00901107945434501 -0.9640660288449486 0.08880489459409364
118.43 9.099816531445251 -0.3600605721138264 1.6764469713509624 0.22967865163173073 -0.0016409551378624796 -0.9692057997028135 0.08879832246892591
118.53 8.95401102292214 -0.41698362846288656 1.6683689383229814 0.2044060346005203 -0.016633961811994728 -0.9765100177502516 0.06610347620762061
118.63 8.819850731752613 -0.44869734549091256 1.665154710179185 0.18719200818956583 -0.0261941904837027 -0.9814845914775692 0.031000212047181296
118.73 8.684791926334523 -0.4742822838333656 1.648236141364744 0.22443242730192647 -0.027144625899332853 -0.9741090164218316 0.0022088426477847927
118.83 8.547839855237836 -0.4952298516256147 1.637307908601203 0.24937062944329672 -0.031401209535162095 -0.9677337614442546 -0.017877924145081544
118.93 8.402100652644501 -0.5027822604107857 1.6241295540405656 0.23130487253664334 -0.03203182960435334 -0.972050980092213 -0.024267466591567227
119.03 8.249519791220287 -0.527255514260108 1.6064735786521105 0.2051154368742564 -0.033713334530827976 -0.9778412541541189 -0.024850559450352038
119.13 8.104160037017097 -0.544762052544885 1.5999157064530007 0.20187267599801495 -0.03265478062118843 -0.9786627635315033 -0.02000708036829344
119.23 7.960785345327632 -0.568050134716874 1.5919890554928218 0.24048476271817323 -0.02760122138390866 -0.9701871722567109 -0.011920665544651448
119.33 7.818060038322037 -0.5827054510983349 1.5876136416944402 0.25647710748177227 -0.021145989787608663 -0.9662472412743303 -0.011773240141616879
119.43 7.671903810226356 -0.5914178234495759 1.5728070447956455 0.22796216620028145 -0.017217302434537233 -0.9733527615902244 -0.01792252166512205
119.53 7.5196606051723744 -0.5943909210234373 1.5582074355789794 0.21663645648550214 -0.01967122922875685 -0.9755065215355851 -0.03269120529404912
119.63 7.36735456906105 -0.5865060704745327 1.5524120815641538 0.23044773962081808 -0.021663089011519063 -0.971305304029612 -0.054685978477832034
119.73 7.220702954626641 -0.5587218789809635 1.5448653616687618 0.26463711638103 -0.041655826879995805 -0.9604650728182822 -0.07575508310766409
119.83 7.073675220600747 -0.5335566192622359 1.5423565856720372 0.25668829085230194 -0.048010312909626894 -0.9610761114488737 -0.09021551527290693
119.93 6.913303066184327 -0.5085512379426965 1.518171714904681 0.22217163264248727 -0.04671026908555276 -0.9684436282563618 -0.10283411545095758
120.03 6.749062886600191 -0.482358751783796 1.4950830537714377 0.18798382767934824 -0.03528387845687757 -0.9760544503495482 -0.10360906526411175
120.13 6.5938312288777565 -0.4689226580367908 1.4867683426197493 0.1248982733101959 -0.026949240776089747 -0.9882558836931984 -0.08381209991104747
120.23 6.430195192894553 -0.4650848625821983 1.4663931054875445 0.16817979057623209 -0.01732641510650896 -0.9830250177218776 -0.07125424839400188
120.33 6.26863949364215 -0.4532771952431858 1.4359092074867894 0.20118660324837495 -0.018147141123538903 -0.9775351524638144 -0.0601635906505783
120.43 6.096159460506809 -0.438150561854972 1.4101281622262098 0.20197034241508924 -0.02492227898010631 -0.9772723172041171 -0.05937742686968735
120.53 5.9198684381724345 -0.40914537539257884 1.3929457783068477 0.1792146427833649 -0.0294601542751615 -0.980936579133213 -0.06912046614820092
120.63 5.760448814301215 -0.36661842762159624 1.3826803593056254 0.1848562390119932 -0.040770319622719806 -0.9770700031687297 -0.09746876855721893
120.73 5.618929830200425 -0.30680024009864265 1.3658766036111536 0.2198465385648643 -0.05365602826125939 -0.9660970804059497 -0.12427775884435166
120.83 5.463832679404875 -0.2381275143949213 1.355470404980865 0.2314394092777379 -0.05748018616327136 -0.9590447556851737 -0.15285609122495955
120.93 5.30532317303489 -0.18336538139887287 1.3504029107564504 0.19940802463309898 -0.04950144470290567 -0.9641509176302258 -0.16792574167483787
121.03 5.146834398597339 -0.1388342779037004 1.342176759614658 0.1780136944250185 -0.03669028093817297 -0.9683056864721465 -0.17131563100762087
121.13 4.994304341095104 -0.11944262706579031 1.3275562748331022 0.21012106520396617 -0.026712186271879667 -0.9643828625818499 -0.15843387081228516
121.23 4.848948421543926 -0.10850372134606504 1.3059769973991473 0.26012709331788375 -0.025946214168253146 -0.9557304729606905 -0.13505536770768925
121.33 4.699771541607543 -0.10547029839191036 1.2926586878064488 0.2542784375623416 -0.024131422624309007 -0.9589853227147489 -0.12291176286535972
121.43 4.545807168222668 -0.08956022381146576 1.2800683092262928 0.23034147391519835 -0.028446859319336812 -0.9642796505339962 -0.12766494098018502
121.53 4.396325288643911 -0.057185568852072155 1.279563240997674 0.1768408760977798 -0.02817006167020133 -0.9707019781680007 -0.1602230375045893
121.63 4.251501332372374 -0.018993916011070845 1.280239446692627 0.18388256535104572 -0.04198054275631627 -0.9650299004356078 -0.1820497938890468
121.73 4.105615414523435 0.018773276667939032 1.2594415374853156 0.23328283096186506 -0.0504340857494956 -0.9515838208769718 -0.19371049434197898
121.83 3.9497622373260812 0.056288973672110804 1.244128892034415 0.22276020025458143 -0.0554395130116282 -0.9526344246395297 -0.19947933870775794
121.93 3.787249453088966 0.09001827794073697 1.2225373085598041 0.21071526970028842 -0.05295922597355178 -0.9560974069286106 -0.19665234288918068
122.03 3.639607523727013 0.1057622904713434 1.2190931338143978 0.21553659354665505 -0.052587034337304044 -0.9566803150772516 -0.18852415072239967
122.13 3.5015263196548947 0.11228918013938528 1.228654159676955 0.23688439568138975 -0.044308355689550764 -0.9561200310592937 -0.16660443843405373
122.23 3.3729021104671784 0.11519097752703594 1.2306972871309438 0.2583224704125841 -0.030368679335226325 -0.9540515110006494 -0.14877149912786203
122.33 3.240590532951165 0.12405365536752525 1.2295908554351618 0.23820972992649087 -0.028394853391205555 -0.9603792708507222 -0.1418503189614865
122.43 3.0938598232548227 0.13364828401804835 1.218126292131946 0.2174065378761213 -0.03804912283121627 -0.9644938857022254 -0.14504553072575685
122.53 2.9546962427823438 0.14560743563067519 1.202527342007565 0.229456825214294 -0.04569166829029352 -0.9596056898677783 -0.15626502098938225
122.63 2.8282497056293376 0.17670232130715957 1.1934161344805885 0.2531879025371638 -0.058485633946886766 -0.9495442587585688 -0.17561610771595737
122.73 2.7128519339238584 0.21268470651885457 1.1943135970906429 0.2650996957646562 -0.0755261484117169 -0.9420461013124577 -0.19122524732256668
122.83 2.5871376098539898 0.2539776900079127 1.1934402981567946 0.25543436950303905 -0.07293079439302992 -0.943882723142988 -0.19626458431913793
122.93 2.4458196399114245 0.29400029834651326 1.1788991450367858 0.22744574457248373 -0.06518832163116355 -0.9512569331962148 -0.19781092751643545
123.03 2.299180802410915 0.33820929030095037 1.1531976238010178 0.19499113184097955 -0.05033048378990815 -0.959885649970384 -0.19510212680998903
123.13 2.1488837660950146 0.3695609495520194 1.127634586021842 0.21691121775866065 -0.05028709777279018 -0.9565734961196385 -0.18811666042511221
123.23 2.0260174725541593 0.38985025294163655 1.1060103219101987 0.2574274006385151 -0.05213924472238052 -0.9484708283400376 -0.17724480344495291
123.33 1.8943185613917237 0.4089320461202838 1.098954421921801 0.2695639928391845 -0.05173471176580683 -0.9459623021561301 -0.17266758891749062
123.43 1.7494315107456015 0.44022769372826637 1.0878774862696392 0.24874125617495457 -0.04792701181123339 -0.9507136011762719 -0.1788139747161725
123.53 1.6109736625402065 0.47424400169278746 1.0737075728301202 0.21423012634685015 -0.04231769379641046 -0.9554864565913106 -0.1983942968629575
123.63 1.4683838849514397 0.5232453074425452 1.049945346545515 0.2109632651864033 -0.04654282366855731 -0.9514212924176508 -0.21937591171588594
123.73 1.3367433639822086 0.5575916263327014 1.0336989654771205 0.23940981247962048 -0.051990774917489026 -0.9425077769243805 -0.22728614442815148
123.83 1.2036672028973778 0.5964744180918695 1.0193397286547934 0.25833862531202584 -0.05112988343062719 -0.9377924879628369 -0.2262567992629957
123.93 1.0599023676145707 0.6317479059071915 1.0047160613885673 0.24094367427585944 -0.04110822781772917 -0.944591229223397 -0.21909739639339895
124.03 0.9109161068449936 0.6624600310118275 0.9952667449406946 0.21005377315942472 -0.02649311958896148 -0.9566331539710368 -0.20007132657969937
124.13 0.7733731320002762 0.671106185275934 0.9951884186134722 0.21465549171621973 -0.021770796067324197 -0.960718497604902 -0.1745537758813677
124.23 0.6484312338451007 0.6643233284127973 0.9876516100026377 0.22845913292470854 -0.015134566604268603 -0.9634138809070014 -0.13932359295073293
124.33 0.5203354202829679 0.6490691340642049 0.979683866110643 0.24153045681277127 -0.0007904332760372085 -0.9642065335369583 -0.10939915142126516
124.43 0.39096453645563384 0.6285111834371366 0.9664372940861727 0.2239426325341958 0.012888287909835986 -0.9710002340257758 -0.08271719827397511
124.53 0.25710178852180465 0.617909798361766 0.9434815539185104 0.2011264371422191 0.025157238714611663 -0.977127834497537 -0.0643153533216366
124.63 0.13617788882739507 0.592757069570471 0.9337312784076672 0.1982037126238751 0.038050572358947314 -0.9786709794421828 -0.03834783231093474
124.73 0.026221129710856887 0.5641900141785738 0.923020254461921 0.22309679499841903 0.044144133531463556 -0.9737837976608927 -0.004922494217272653
124.83 -0.08619524575885364 0.5269376645260435 0.9101308441140857 0.23438890161518897 0.05223633395131596 -0.969985768054015 0.03822064870739721
124.93 -0.18481056546282207 0.4733719586253913 0.8987936362118212 0.2199165531400812 0.07509005079265207 -0.9678639230688061 0.09611254001847444
125.03 -0.2784246578140489 0.42071167295653666 0.8822971455288217 0.18228185334472227 0.1011106931432637 -0.9635055986216982 0.16794914437991315
125.13 -0.3543511705580032 0.3607929993738015 0.8684765996279625 0.16291462111153532 0.1188474427450831 -0.9494255625136855 0.24067657307393106
125.23 -0.397085627866933 0.2931625396186205 0.8576725248620681 0.172897853080746 0.14275725123084848 -0.9229134735381743 0.3129815010232756
125.33 -0.4077852348193949 0.22380439382782555 0.8396249229430429 0.16782913548498984 0.16243816546255635 -0.8870967428044207 0.39812886430062777
125.43 -0.4097285858523474 0.15750258290622624 0.8166060790530847 0.154789763683598 0.17869808986376032 -0.8464227497169979 0.4771536969356267
125.53 -0.3965372184804819 0.09570177781443162 0.7914686064208712 0.14229551947293684 0.1928248848354126 -0.8042950991882257 0.5437646019629626
125.63 -0.37578554909869377 0.03293218728399075 0.7688592921003835 0.13041756219428513 0.20300065883282195 -0.7563278560084891 0.6080708562415585
125.73 -0.33898289702391754 -0.007259676963618847 0.7512069001528686 0.11958517143132248 0.21943634239617751 -0.700494595962983 0.6684716893303606
125.83 -0.2985008060816165 -0.02702642519615102 0.7329766396424908 0.10957333883575872 0.22902460492005786 -0.6377886413356726 0.7271637111000467
125.938987264 -0.24603917777707365 -0.048458647317881465 0.7407434804794008 0.09578120322929821 0.24563559209570732 -0.5567446778444171 0.787733762571883
126.03 -0.1918575540006368 -0.04431236716680884 0.7317172395763225 0.07697491629782248 0.27718099317454503 -0.4780909603322055 0.8298642015006705
126.13 -0.12972768181385244 -0.02975522289752257 0.715478428709568 0.04448649832974573 0.25927848109809215 -0.37537271436389474 0.8887580919557954
126.23 -0.08751041332622841 -0.007318487527159795 0.6830416080293433 0.020080592471049655 0.24559151672800916 -0.27423171774195687 0.9295582508382912
126.33 -0.04863862005854101 0.011410331782940045 0.6353914382944634 0.004197548727579737 0.23068624030798643 -0.1980172574038255 0.9526570237433369
126.43 -0.010455997211631124 0.029886704188296094 0.5818556798702806 -0.002961045834871698 0.22310288703029588 -0.14428527293803797 0.964052951875314
126.53 0.02610098651900968 0.039977125266496875 0.5164005576455273 -0.0035283983251284752 0.2159313522473237 -0.10235236237260822 0.9710227574257195
126.63 0.047821883315732436 0.04917836044340395 0.4698879863841044 -0.0038257729026911482 0.2169081450065547 -0.07833691017885602 0.9730362524567839
126.73 0.0679641040840557 0.049006991264283706 0.42372731780979284 -0.0009415470899482446 0.22628462523492238 -0.06584024332655894 0.9718330331029439
126.83 0.08333881507124813 0.04880039850777053 0.39609307721292386 0.0007087594620625317 0.22282588636021294 -0.06063305782321285 0.9729705824570531
126.93 0.10615523067660852 0.0463775654218585 0.3817865896789856 0.0036179766126688798 0.19801846930211126 -0.05287384083068743 0.9787645033491408
127.03 0.12235024339258999 0.041192600578956094 0.3646618206998038 0.008240310891806329 0.19828350881485446 -0.04759103722368713 0.9789539522288317
127.13 0.13481659500139084 0.031158539870030737 0.348449341522612 0.011939329665647308 0.20062022569691654 -0.04650141873648826 0.9784920007357991
127.23 0.15116112581461827 0.02037764395619981 0.33457386098001807 0.018034441456915337 0.1994828999401174 -0.04932566920245669 0.9784928767806887
127.33 0.16107589271167688 0.009865219268296421 0.31520886612735555 0.025201406791493457 0.2081269184630913 -0.04995793754092436 0.9765000150452864
127.43 0.1695109011846394 0.004056754458595203 0.30684340068971966 0.023080944167658005 0.20559457825038366 -0.049106545716174746 0.9771318675481838
127.53 0.18167656901177365 0.0019315194984499233 0.2973507508150867 0.019229148989296008 0.2064577962120229 -0.048453137818169095 0.9770658686332236
127.63 0.1923615384990566 0.0011977888182116703 0.29407645314881914 0.018150677594112253 0.2058025580095847 -0.04689571137159953 0.9773006969579721
127.73 0.20356979460478833 -0.005460444370328034 0.29042559886053326 0.018927174200108823 0.2044902662149824 -0.04575250270377549 0.977615569432313
127.83 0.20691282160523977 -0.009434819551448936 0.28300030335743837 0.02133061528116416 0.20670044365902243 -0.04467730779726664 0.9771508939825408
127.93 0.2094262637137855 -0.014884774149378426 0.27873438733494105 0.021470081297503135 0.20182305609931614 -0.0438133180953061 0.9782059511132053
128.03 0.21162835948069444 -0.014059772660588998 0.2775283523012638 0.01886772103702392 0.20057790663470662 -0.043903493054636394 0.9785116227058877
128.13 0.21007339171185732 -0.012247952676717236 0.2716639182882052 0.016122632885638203 0.19844224708132902 -0.04386230358289007 0.9789978721154352
128.23 0.21219517769934404 -0.009607947234348862 0.2744268966119292 0.013821881670239285 0.19717521991915013 -0.04442383166211515 0.9792637088227997
128.33 0.21569483386707272 -0.008436413661098176 0.27592420824555103 0.013554854977091501 0.19493585365940636 -0.044334529122304275 0.9797197193035018
128.43 0.21479337870916218 -0.010357020144119645 0.2735296567067614 0.01273074383369268 0.19482004382499932 -0.04424336583652845 0.9797579309528052
128.53 0.21366888365815928 -0.01153495381166519 0.27264583566807066 0.013397171904099945 0.19555242382595348 -0.04420053322004458 0.9796050623510633
128.63 0.21687936541027691 -0.014455497577263311 0.27036038136666285 0.013280270858973545 0.19633299460348075 -0.04387614040835875 0.9794650958246587
128.73 0.2172167085244939 -0.012089757192472577 0.27069866974637075 0.01342868075650213 0.1957741608712558 -0.04418719642205544 0.9795609425353047
128.83 0.21802616726604468 -0.017621206512549576 0.27013453554785727 0.012808596880627356 0.19513256406763638 -0.043989016667196346 0.979706174676363
128.93 0.22046419717321522 -0.015443755582237968 0.26587656988664427 0.013058118719056471 0.19523117439925244 -0.04389553157576794 0.9796874279002913
129.03 0.2202053517530941 -0.014901906730594808 0.26454472622164116 0.013049409288009533 0.1953064458385495 -0.04404107463452406 0.9796660088398412
129.13 0.22255384519292734 -0.021042005601034912 0.2630829479356724 0.012888032434533205 0.19522462565554927 -0.04356075123104182 0.9797059278731575
129.23 0.22067269499613548 -0.019789718546802237 0.2619870445672018 0.01291912679764237 0.19512310978240213 -0.04355167477715754 0.9797261453159939
129.33 0.2225215926356736 -0.02088597110824418 0.26014160611116544 0.013106908203136132 0.19513909317268655 -0.04354197640500219 0.9797208988093714
129.43 0.22172194899821268 -0.023073529023367033 0.25717771551295615 0.012686074134518763 0.19516762956253858 -0.043935185550505594 0.9797031996296817
129.53 0.21935883783473242 -0.022430450086887682 0.25855926530974616 0.012592609205703462 0.19500488629845344 -0.04402722639389529 0.97973267979035
129.63 0.21554751392213692 -0.020623495554702397 0.2574966844114991 0.012613855313970766 0.1947990884555428 -0.04391606343470584 0.9797783347081149
129.73 0.2132406993356457 -0.020360489873289523 0.26108258774106385 0.012579154536541655 0.194845225350337 -0.043484239030942826 0.9797888670449476
129.83 0.21650748470375822 -0.019302104412009777 0.2619733621960797 0.012740930222640787 0.19512976748283997 -0.043666364418585776 0.9797220479082921
129.93 0.21464541375800333 -0.022310988430944177 0.2575885318161865 0.012926413886301922 0.19496698592704764 -0.0436121166108877 0.9797544414327912
130.03 0.21381749319392385 -0.019276182940456882 0.2576570359633028 0.012794958469932692 0.19500208206042405 -0.04382546910343239 0.9797396619958368
130.13 0.215090497322948 -0.01774159253648438 0.2612605694195042 0.01287538543272835 0.195283812004745 -0.04366346383702312 0.9796897259564413
130.23 0.21275720170516293 -0.01754958433451545 0.2639795398838007 0.012789910596849467 0.1955665061463294 -0.04393218284218931 0.9796224390913894
130.33 0.21315678436456778 -0.018284567622204907 0.26097537233165985 0.012660761517668895 0.19526909313827687 -0.043525732684730985 0.9797015856764779
130.43 0.2149733319825172 -0.022158523022570428 0.26547412322767044 0.012674513252555168 0.19541958471972454 -0.043726542240664704 0.97966245826073
130.53 0.21327161514014192 -0.017415128394555196 0.26635619712247194 0.012716099251523096 0.19542657956518775 -0.04373589470971907 0.9796601065334941
130.63 0.21640236923388906 -0.0189170604494314 0.2645410853839028 0.012358703609404855 0.19507563271924278 -0.04394252351899367 0.979725377129257
130.73 0.2149225454261326 -0.02049622284654406 0.26708042021293676 0.012700386495184323 0.19521213259265152 -0.04371139750037065 0.9797041579987638
130.83 0.21580283279481458 -0.020662459248351098 0.2669954960232293 0.012242251981410133 0.1953785549408087 -0.043797141531379966 0.9796729851993192
130.93 0.21597692454640136 -0.02186974293084441 0.2627277955176934 0.012185096783477168 0.19510595070870224 -0.04369829105862958 0.9797324383590584
131.03 0.21914893463929289 -0.020302150093386435 0.2636718020296781 0.012386134805222566 0.19521534698498377 -0.043845897608134406 0.9797015306862884
131.13 0.22164346708057797 -0.01674441296532772 0.26602823560332106 0.012189914016203344 0.19517993018373375 -0.043454811697682304 0.9797284726851974
131.23 0.22106965167442866 -0.0179738980213574 0.26267493955396193 0.01234610119280588 0.1950012007175733 -0.04359373775136556 0.979755934676033
131.33 0.2172701437323593 -0.020053968194618823 0.26455845647664933 0.012193851034593764 0.1950193605691466 -0.04360334107388302 0.9797537995064587
131.43 0.22035116055488033 -0.021524565892514665 0.2671265848229657 0.012317201086159026 0.19535965212837098 -0.04371950682508971 0.9796792830312663
131.53 0.21849421169546573 -0.022693381921026667 0.26465894711928534 0.012241313228140888 0.19528690910846763 -0.043782701935522125 0.9796919150388742
131.63 0.21938947450731197 -0.021003583022629318 0.2678452355153139 0.01213059365816763 0.19522947289708542 -0.043853983519075844 0.9797015513610945
131.73 0.22374745903752122 -0.020446845676584956 0.268979550244561 0.012317215463549535 0.1954136513116605 -0.04381619703883145 0.9796641934669877
131.83 0.21866375474871746 -0.017638143694674716 0.2648690990774675 0.012692522794024226 0.19532768667827738 -0.04372597873951207 0.9796805772624604
131.93 0.22151743722412343 -0.020415733553022602 0.2696123215679126 0.012570710303574121 0.19550298117488146 -0.04374110456548358 0.9796465063305176
132.03 0.21996871287845562 -0.022519111782761492 0.26441940769967337 0.01242069901604825 0.1953070382670509 -0.04379092081512307 0.9796852771647989
132.13 0.21728713779248424 -0.01938222668187016 0.2639589439825224 0.012501362563926852 0.19528482165519906 -0.04393967981865445 0.9796820192810403
132.23 0.2190247933300944 -0.021295205324908556 0.26763596237712056 0.012296839266283097 0.19523547002841474 -0.043664717210015996 0.9797067374769926
132.33 0.2172741343334507 -0.024020180281598802 0.2666328671270479 0.012119547392630896 0.19527883040151406 -0.04372026970882479 0.9796978273858743
132.43 0.22086155916220476 -0.02193476016025029 0.2634771009081855 0.011942117044299528 0.19527858813374346 -0.04389738091515509 0.9796921347065014
132.53 0.22137194583658149 -0.023083312625591528 0.2648382866290642 0.012198875605118838 0.1952513276406913 -0.04381958886615689 0.9796978871673244
132.63 0.21682673678467257 -0.02148965159414065 0.26827334234958317 0.012004166268462466 0.1948103856827314 -0.04378673362074547 0.979789536370526
132.73 0.2210246494103601 -0.022209883586760886 0.27049874372685256 0.011826810391224823 0.19476899565764963 -0.0438542726634534 0.9797969012278209
132.83 0.21942133630598612 -0.020790119265023308 0.26896063211193416 0.012033146359007412 0.1950792755285778 -0.04385401368616453 0.9797326702379389
132.93 0.22303369122250558 -0.02095070697966906 0.26863201533227254 0.011802786926328603 0.19505972034058885 -0.0437613720821796 0.9797435082892401
133.03 0.22247729255778625 -0.020089094670782022 0.26792923540381886 0.012104117916047836 0.19529377835427622 -0.04395043225708396 0.9796847400924446
133.13 0.21931850998903976 -0.020416157706981956 0.26599788706556476 0.012269624549496616 0.19532171428574058 -0.04370501827353957 0.9796880909859033
133.23 0.22090265254286398 -0.02249135989430015 0.267575490859949 0.01225427356305923 0.19543245374915344 -0.043608055667797845 0.9796705192471096
133.33 0.22531802558428116 -0.023819181064394134 0.26716695578137745 0.012143830871607421 0.19533802328376262 -0.04365783086373044 0.9796885106173431
133.43 0.22463891244872256 -0.02391830845671755 0.26526037179534034 0.012168228672291394 0.19534628476862181 -0.043622951762770805 0.9796881143086194
133.53 0.2227171094436136 -0.025707360380121776 0.2626814752963283 0.012170326652347525 0.1952534929162816 -0.04345063863572366 0.9797142433665617
133.63 0.22219939621405183 -0.0266236520373769 0.2654827409432209 0.01214138984184208 0.19531223715805635 -0.043638981509101796 0.9796945217576098
133.73 0.2213666079118927 -0.026354436767951447 0.26897088350425646 0.012006504145916511 0.19552949546370185 -0.043545915752394394 0.979656987666188
133.83 0.21946018958450736 -0.027559032223640454 0.26833198364585165 0.011959941323686099 0.1954859504097087 -0.04364176227659308 0.9796619823088677
133.93 0.22278604364786986 -0.026450881863457575 0.265299568503338 0.011869501639206022 0.19524837311346027 -0.043523202046812245 0.9797157335732525
134.03 0.22373144535571468 -0.025900236835639606 0.2668407237777886 0.01160264770628114 0.19522301530709213 -0.043378575220790125 0.9797303976464267
134.13 0.22147915004193125 -0.026902593721444653 0.2717361674119246 0.011758996099565213 0.19569208308127273 -0.04366124873081416 0.9796223915312007
134.23 0.2250131622807582 -0.026443099686856784 0.2679479778121928 0.011883665289774512 0.19552133540958438 -0.04341707176789819 0.9796658327093145
134.33 0.2254772213443424 -0.024655803181951007 0.270797373777371 0.011708011431756139 0.1951930712934596 -0.043168718358490635 0.9797443794901941
134.43 0.22419054938653515 -0.024836099828590752 0.27031642351123747 0.011497868295487787 0.19490787999271192 -0.043236287114502156 0.9798006638178801
