0.0 0.02224570639756579 -0.030552509773445747 0.03437544462864157 0.07894901676863311 0.40911603302367505 -0.03555763636581551 0.9083648929644484
0.13 0.027453244653940043 -0.030441582537561074 0.03426966267101921 0.07724549331789117 0.40773073716380964 -0.03753565234616301 0.9090543738065836
0.23 0.07393804304277977 -0.041217309039755665 0.044638888248523634 0.07315093694898929 0.4082342775735245 -0.04306735455611165 0.9089218437297268
0.33 0.15110610608808286 -0.04804963299261781 0.03140374531418696 0.06913782251409296 0.3998722783507459 -0.04920188780703445 0.9126342623092876
0.43 0.2060550422253011 -0.0898803859376907 0.041981356690821786 0.06429304607713217 0.39853140136627024 -0.04778143351817596 0.9136498568719357
0.53 0.2430862607806674 -0.10797267609283662 0.029601729679759475 0.06338458852899041 0.4004638073730649 -0.04213978329952902 0.9131458654479842
0.63 0.2949128414889791 -0.13881677905514417 0.02695371761398482 0.05962135235954883 0.40282992307487325 -0.036558572619724276 0.9125989361084741
0.73 0.3262150851075169 -0.16243527598168334 0.023393447037738137 0.058658964974816465 0.39817109856351185 -0.028693536760078686 0.9149839250200015
0.83 0.36314082636210865 -0.1613796650207897 0.030759189382559504 0.05667348340770191 0.38553769863259973 -0.02043082420352734 0.9207232921100023
0.93 0.3947160764083891 -0.18128599122915942 0.02805121588957185 0.0537808896730924 0.380444704103076 -0.006467365619870557 0.9232159098541535
1.03 0.4378924221366849 -0.1792714367866229 0.02303523070953454 0.053594977389360574 0.3857899493257003 0.0009402045609041496 0.921028126287841
1.13 0.4636335721266248 -0.16677858693104672 0.03858141938614802 0.057480044784112484 0.38773816627408686 -0.0017346997838740175 0.9199739940252034
1.23 0.48342100517658154 -0.17623272250433217 0.02874452292695231 0.061807505746792536 0.39680341008434034 -0.006162122590511093 0.9157996037474457
1.33 0.5005574711971474 -0.18679462172596062 0.026321635498574247 0.06390042445961645 0.40685261095529407 -0.008666491565109126 0.9112148926771847
1.43 0.5159583968544749 -0.18882000346651784 0.021779751037495014 0.06794336730950487 0.4127798824278039 -0.00835194575844003 0.9082547618942507
1.53 0.5402635789337044 -0.19609264361500378 0.010312556243266664 0.06665667796272157 0.4111979571406588 -0.001673517206243631 0.9091041341158247
1.63 0.5555915272849755 -0.19910872963351917 0.004996696259981545 0.05992164296462841 0.405520494142318 0.011293906432100063 0.9120498743010125
1.73 0.5869780747011962 -0.21428732296683908 0.010969933153210272 0.05470582181323143 0.4029625667353301 0.016656621650167132 0.913428157998765
1.83 0.6116200433049195 -0.2127160930601265 0.016878453105496294 0.050942169210501785 0.4007667187725837 0.021586927868825025 0.9145080300716729
1.9300000000000002 0.6380172177069885 -0.2176137261609215 0.022574312308461197 0.04438039415374823 0.4033863594783774 0.02467636733489396 0.9136196705942209
2.03 0.6649214010809908 -0.20924660891880914 0.013920639878050447 0.044993719364625644 0.4061098367177286 0.029870578148714244 0.9122270080960654
2.13 0.6961359635877868 -0.22069391136801284 0.01563919197087295 0.04364413943666999 0.4043331944027541 0.034281905005284066 0.9129263979018823
2.23 0.7346125917298594 -0.2142817882515098 0.006248834258906117 0.0425457733592719 0.398889919235206 0.03459032340097323 0.9153579622359815
2.33 0.782411590860827 -0.2073963601170891 0.011665690823602675 0.04335694270167178 0.3863779494323284 0.028766073178059893 0.9208717439176575
2.43 0.8276832516066932 -0.20167898863742797 0.02115567861753889 0.04555580726955312 0.3911313920099095 0.02140488854330355 0.9189574165078918
2.5300000000000002 0.8716468744636191 -0.21094303637203923 0.01844938558857112 0.04925202600030906 0.39264332141667085 0.009590993501080048 0.9183210075596724
2.63 0.9032367565942965 -0.21114197139140997 0.007888465941571304 0.047499677274084266 0.39999943044210073 -0.006870199334738534 0.9152579071857034
2.73 0.9443217288387735 -0.22684046101063415 0.0033766462796531865 0.04945733724724734 0.406750326560822 -0.018354437634158113 0.9120149440958798
2.83 0.9743696743380282 -0.23552662460991772 -0.009362029749424003 0.052065120010412906 0.4327873282717568 -0.024519984195367876 0.8996572248032886
2.93 1.0191842275663316 -0.23924734278695178 -0.041859540438856466 0.05141572420677428 0.4637688178409428 -0.024505501660076017 0.8841235135947326
3.03 1.07514157845811 -0.25293976300138493 -0.06903278253478505 0.04823961732050022 0.4898457722635363 -0.021624608836220364 0.8702048235955672
3.13 1.1343394512179787 -0.280941066844354 -0.07602007763932991 0.043072297904127956 0.5019816529528119 -0.021240847966928118 0.8635438747566141
3.23 1.1782796097355983 -0.29142720740378125 -0.07788557067668214 0.03803495965791376 0.4996828253688094 -0.015321751512809484 0.8652373430486252
3.33 1.220477198282966 -0.2936147833143935 -0.06827846199242074 0.03157472801565638 0.49363500333328186 -0.010156338938297036 0.8690364600028347
3.43 1.2711513697790897 -0.29257221487931184 -0.06373785399774613 0.022409661280230666 0.49141072327164925 -0.00015800413114294958 0.8706395828180767
3.5300000000000002 1.3339236926999902 -0.29004044607230856 -0.05129930176299706 0.012221072849081487 0.47869119882704986 0.0165221818984674 0.8777427863840599
3.63 1.3890171052037033 -0.2823193750887287 -0.03839385744055146 -0.0029356324327079455 0.45800221386039325 0.037385232546594684 0.8881597258087286
3.73 1.4656074973932003 -0.2709265614880152 -0.024028353154340577 -0.01677551051470084 0.445174662847662 0.053735925980071 0.8936725082850575
3.83 1.5320918870831064 -0.24417767767591972 -0.02405705350873659 -0.028532129189927365 0.46164590361563773 0.06755416012869371 0.8840279479338294
3.93 1.5893578161224158 -0.24624801043386657 -0.022578029324167727 -0.02558731856994805 0.473514822547072 0.07926980457637169 0.8768382405204729
4.03 1.6318578257282272 -0.2366888631130898 -0.011320046247815803 -0.024676670594522564 0.47726635457873823 0.09425343627968388 0.8733408146107471
4.13 1.6852679340706513 -0.21737060394683702 -0.00019503797815245 -0.028427998709324373 0.4723982291247117 0.11598657936339395 0.8732576225930112
4.23 1.730350976327866 -0.19696429356254153 -0.005546340932282616 -0.043644185985625944 0.46861674442235485 0.14153428955711578 0.8708969954915494
4.33 1.7786918404281165 -0.18433407634174967 -0.004607223642078981 -0.06185315449784945 0.4617635485083213 0.17631498897193149 0.8670995543831723
4.43 1.8314546053222516 -0.1524539065215674 -0.0010691037325726849 -0.08444052338417984 0.4484064525370599 0.21413115775122582 0.8636835639363845
4.53 1.8831573151818517 -0.14643076500077903 -0.0002643883885240228 -0.1074940650788035 0.44653001687656 0.24116351198023123 0.8549246343920696
4.63 1.9239007643347903 -0.1375132086088048 0.008707204787134798 -0.12010199091321866 0.4392644711399775 0.27586809303439136 0.8464744718054793
4.73 1.9515649003486426 -0.12137483165762744 -0.004232483515404235 -0.13596622550149784 0.4431359907195304 0.29965801177399926 0.8338757432804661
4.83 1.981379414777522 -0.10294338746340576 -0.00048250935906358344 -0.1414998475564493 0.4447325337299407 0.3224824571875187 0.8235264606495343
4.93 2.018036146664858 -0.07403402784127935 0.005689998092433361 -0.1355898645895577 0.4389624318951575 0.33355382167747644 0.8232066690993369
5.03 2.0650458450558893 -0.06383592582765489 0.016858884714283887 -0.11378586821797385 0.43363451138421244 0.3275217799249172 0.8317111099445958
5.13 2.1204042771678973 -0.07848845931425746 0.025424660040581634 -0.08326801514680839 0.4369099631506296 0.30549672431269354 0.8419310382611158
5.23 2.1800013796318227 -0.11108852586075342 0.02078442778507736 -0.053506241765851316 0.44795761429359776 0.26112686741362384 0.853395463430191
5.33 2.2469206955828276 -0.1561203637634602 0.028303620022623575 -0.025272503254700627 0.4441728272013653 0.21150309871221384 0.8702518252726154
5.43 2.308804616748915 -0.21952545029819953 0.02728281173691641 -0.004429170672035292 0.4297622178843645 0.16603141348248027 0.887535006781862
5.53 2.3691387034399516 -0.2760284409348444 0.02842916963232992 0.011598344207278372 0.42454949540535875 0.12775902625738103 0.8962705147289354
5.63 2.4345481655519796 -0.33876807691528166 0.025399215707005752 0.02017472819291029 0.43219911978094677 0.09234158533082776 0.8968109794273854
5.73 2.492350475902626 -0.4021045018285368 0.012876229323457767 0.025551785221252465 0.44389170737778844 0.05970732508989971 0.8937238352667158
5.83 2.554045016675764 -0.43654205417853703 0.007054064262783797 0.02958582073580163 0.45797419396181527 0.0348620092829641 0.8877888021287322
5.93 2.6101306255829466 -0.47556521215892456 0.004488159921567668 0.030781723900051374 0.4671368040510914 0.02402003021324451 0.8833225514630703
6.03 2.67362923506829 -0.5059603732215209 0.0018830813644741262 0.03455091166765016 0.47785956210332364 0.021544125686652336 0.8774920649542947
6.13 2.742803275519762 -0.527194904611568 0.0026372993611085208 0.04389376218562604 0.4657789149774868 0.022528453217911113 0.8835246509289908
6.23 2.8262595016154872 -0.5478618585985084 0.017424223361611965 0.052228794791816795 0.45192913981120575 0.017902106753228442 0.8903435966849508
6.33 2.9026152227919497 -0.5771071516170521 0.028423057018828638 0.051674912695691105 0.45542052831070795 0.0037154667691382108 0.8887677093019165
6.43 2.9821771303832394 -0.6076757349698019 0.03264567321244091 0.054189898571963144 0.4645311364162304 -0.008527485953544264 0.8838560743559543
6.53 3.039379876850055 -0.6330148194627108 0.03623151824670794 0.05680027332938594 0.46738453699921373 -0.015299254774447093 0.8820948680992791
6.63 3.115473764860889 -0.6581762421489542 0.03887388890571066 0.058589907479344894 0.4614296236893751 -0.01569438629348152 0.8851009046217919
6.73 3.18650333993858 -0.6796105689159295 0.04982063980995356 0.057011884283703726 0.4528780675405192 -0.013860394384624657 0.8896398093940543
6.83 3.2609186924331723 -0.709576607106273 0.054861655908112344 0.0486636400139351 0.44890981815234193 -0.015797261907564145 0.8921111319915526
6.93 3.3289676028140605 -0.7256459366127306 0.06321463564392818 0.0438950573507176 0.4535084833595761 -0.016587142284592307 0.8900158123156606
7.03 3.3905353517613936 -0.7464688741643708 0.04988822024924159 0.04118760048805312 0.46851469124819506 -0.01587215648609979 0.8823523334241974
7.13 3.45164104088155 -0.7610454099516747 0.03402827770243013 0.040313949714114033 0.469715588538877 -0.016585398414838467 0.8817408779802859
7.23 3.5240648792041376 -0.7774236276626423 0.01759724902947017 0.03942779319054002 0.4662384235113234 -0.01906171207440483 0.8835744635844749
7.33 3.595606613675135 -0.7936697225430103 0.020297722890111218 0.04147899964251384 0.4567416894868801 -0.030373958084633515 0.8881125741388868
7.43 3.66033087870295 -0.8140599186611736 0.020735167500422123 0.03873557404151337 0.46305192886060403 -0.03872541173181312 0.8846371058057368
7.53 3.717023852096747 -0.8274780052766761 0.018997845828890098 0.0381905950892504 0.47744230067027915 -0.04110082675888811 0.8768700302879189
7.63 3.770100034102238 -0.842420787727414 0.009703398245100192 0.040128351737875906 0.47766811933748704 -0.033825828174969326 0.876971320228699
7.73 3.83439291308647 -0.8471264391974319 0.0027705835819590435 0.0330080995345399 0.4820166977122859 -0.014007405279746733 0.8754279873804527
7.83 3.901260198442135 -0.8469978807644524 -0.009522698988657478 0.026240549923140358 0.48170887317898725 0.009168984228523528 0.8758903611574788
7.93 3.964258744768873 -0.8568421662799183 -0.01896517669132479 0.010937229378895089 0.48238898672815916 0.017316627909059055 0.875717635368132
8.03 4.017859272869116 -0.8689089292930687 -0.014463151524021826 -0.002027186667180986 0.4784163019693653 0.024509120341289877 0.8777887191940154
8.13 4.076941800309297 -0.86228686005723 -0.01926360943210933 -0.013991085600571928 0.47590259181506195 0.03332381867350748 0.8787550829078824
8.23 4.11205574874398 -0.8644125374120795 -0.02100650042423692 -0.024577499263624278 0.4845132380076915 0.04555031280433746 0.873251417249738
8.33 4.155360442578978 -0.8526669840496013 -0.020870876502235035 -0.029596612634991568 0.48687010579069645 0.06385406323939068 0.8706343659744371
8.43 4.198395248313482 -0.8319617069565836 -0.02264357138032326 -0.03697429550235448 0.48655332852974226 0.08752547110270774 0.8684687972961276
8.53 4.246834120375076 -0.7963825196838941 -0.023145508520799052 -0.04872413552213939 0.4698238967371327 0.11820424260619047 0.8734524724919227
8.63 4.3027231106043695 -0.7471899322362524 -0.02385833786431897 -0.06960991654578386 0.4463044288628817 0.15692077278849012 0.878261172637917
8.73 4.361322382701931 -0.7067265934413881 -0.01690893290951262 -0.09305116347300788 0.4358940785538724 0.19378083274753594 0.8739489814157698
8.83 4.403878523499186 -0.6491387720116536 -0.022154840508008367 -0.10771202042355466 0.4295631843742314 0.2323568722384983 0.8659583565103395
8.93 4.426193863148721 -0.6087718098286471 -0.02195576410211572 -0.1257790777844347 0.4340890480908943 0.2687650656907918 0.8505948867607087
9.03 4.448508513499882 -0.5632089309479889 -0.021703311300701918 -0.14287167000692447 0.4286479814119579 0.3091195523854364 0.8368355252221992
9.13 4.465472300450799 -0.5066777474395606 -0.015516673864965982 -0.1615712576482709 0.41994268110391403 0.35266755486815593 0.8204684448731279
9.23 4.489351941212091 -0.44176577059659605 -0.019235799772507264 -0.1771537558389529 0.403534920500802 0.40186332552315274 0.8026717774582814
9.33 4.502766979105143 -0.4029714764509242 -0.024107438521049997 -0.19628151913577124 0.39223452888868593 0.4433930802054628 0.7816829382934855
9.43 4.516532195882056 -0.3629283123145422 -0.023747402246136876 -0.20847094265725766 0.3890321332245654 0.4733704615217217 0.7623085146743743
9.53 4.534810465756175 -0.32434378529854774 -0.03164926474813449 -0.22700615746786174 0.3969231861874959 0.4874529563856092 0.7438479710595253
9.63 4.544166928331267 -0.2910432708093292 -0.03292591455466407 -0.230157445414233 0.3955844589939262 0.5031885032373489 0.733036026626682
9.73 4.555514141974515 -0.2554011491501391 -0.03751786329185359 -0.23216081602583483 0.39522360745222107 0.5139574618211628 0.7250843971931952
9.83 4.569036671118756 -0.2016565954386705 -0.03392265393301809 -0.22892431043361194 0.38468519286440145 0.5234490228769012 0.7249910916229184
9.93 4.578052616574586 -0.15036024542250367 -0.029777376114922594 -0.23260319215179562 0.3813258163631703 0.529457463056872 0.7212219988250064
10.03 4.587104390890311 -0.09106765807800374 -0.027457856175756523 -0.23617951834379716 0.38329556342646987 0.5320921004434923 0.7170646712940958
10.13 4.596545505449683 -0.04956385277499997 -0.021879521027635157 -0.23771724412151224 0.3855685957022534 0.5320368858057873 0.715376909046934
10.23 4.604455023602569 -0.008736153084285228 -0.01980932612182145 -0.2392052859063079 0.3882535734633087 0.5350576918369249 0.711163314783317
10.33 4.61075739347042 0.02149664615375889 -0.01919701442352828 -0.24291675007181662 0.39148856997269277 0.5378611413345963 0.705998261157581
10.43 4.614706511471668 0.0457210920520173 -0.025366859602838777 -0.24831946072056962 0.3946069683156223 0.5395649107408443 0.7010652559365809
10.53 4.622135030983382 0.06854313465587487 -0.03128600067041217 -0.2548396640083424 0.3974974187335825 0.5405711906262313 0.6963011816830366
10.63 4.630932760454963 0.09695592052990783 -0.03320221435090033 -0.25928048832996803 0.39287400176980714 0.5463519387383888 0.6927648996171463
10.73 4.641112760213618 0.1327792517334063 -0.03830924163864459 -0.26425094390518983 0.39242746696852976 0.5500071432842052 0.6882327107528584
10.83 4.655172625500333 0.17148287702449877 -0.03855666889450855 -0.26265474536534683 0.3855365064662472 0.5560193060275994 0.6879074198200313
10.93 4.677218959492944 0.2171313186182925 -0.031152776429823892 -0.2606610734061409 0.3735226450766621 0.5664987626638295 0.6867428851659422
11.03 4.7013307456819895 0.26568473246704366 -0.022553185500387825 -0.25798839951099806 0.36938455781986296 0.5687223865691837 0.6881510598531618
11.13 4.734942620309226 0.2981495654325884 -0.021408931236750972 -0.26189235131274113 0.3642180568480802 0.5676036553496162 0.6903504137924786
11.23 4.755882448502734 0.3216270541014397 -0.022889311092059647 -0.2634356140163854 0.37024987858183595 0.5671675306074069 0.6869044306907927
11.33 4.774395514088203 0.3300937129766168 -0.027142116799921165 -0.25470232045060487 0.38347682915297787 0.5650590725785436 0.684675466156435
11.43 4.784156550535141 0.3400858452218081 -0.027285609977917936 -0.2413904861502941 0.3902903199809658 0.5673278864871643 0.683771283792532
11.53 4.786502688280094 0.3439673932886243 -0.030452448788848077 -0.24103415696666985 0.39370630458981837 0.5667911771184635 0.6823823286415487
11.63 4.786121611533248 0.3430479085449274 -0.04067450022476589 -0.25039154848989137 0.39548976626415366 0.561201342909262 0.6826016187660271
11.73 4.780333205738139 0.34841229472004753 -0.04014097820535325 -0.25374557945032805 0.38914628441895205 0.5596123715281142 0.6863033905387771
11.83 4.770045184979605 0.35546829535369057 -0.04121761567372717 -0.25601720565969843 0.38238866681562267 0.5610724123526848 0.6880638386035914
11.93 4.761204528766682 0.3659951953360591 -0.0422923321357664 -0.2549160546530539 0.37663611667420205 0.5633583323380292 0.6897756374952748
12.03 4.751721568831131 0.3764759583239989 -0.03932979996408584 -0.2534271072084745 0.3664590750419622 0.566531086455386 0.6931990880915914
12.13 4.744087205966764 0.38475363115126504 -0.04275058092765335 -0.26154550760246287 0.3631158878643904 0.5657105693601872 0.6926126992393358
12.23 4.739376725652176 0.3919297525853957 -0.047301453315923 -0.26835196737105477 0.3635918966731222 0.5589613623021866 0.6952340251562847
12.33 4.7373124565833775 0.3978918019979053 -0.05075692041303066 -0.2708307915187149 0.3616286600095596 0.5574038168449955 0.6965460355150028
12.43 4.734782393798526 0.4030546534424914 -0.05253946442834555 -0.2718417461684608 0.35743884662333314 0.5575742199651527 0.6981765716456797
12.53 4.730531525209871 0.4068382936836727 -0.0486994444684945 -0.27274877002934034 0.3549516901645093 0.5594732292041725 0.6975722986907492
12.63 4.726238734288967 0.4085213356174805 -0.050447926944257135 -0.2773777280169629 0.353856446374597 0.5614817408674715 0.694683716544244
12.73 4.719068660068927 0.4093073171535644 -0.05027953277061337 -0.27914860073288 0.3516807671961381 0.5648564426263982 0.6923394369214145
12.83 4.711909849039096 0.4093119407119268 -0.05118127798379927 -0.28026133640535184 0.35223037990784023 0.5656051254107213 0.6909979630182618
12.93 4.707431016846764 0.4062023585518433 -0.05351414115359874 -0.28261827357005936 0.3520667728649334 0.5646797350618102 0.6908782061255618
13.03 4.705124788580441 0.4053195504732945 -0.050744161161243834 -0.28019241067148865 0.3496017991043511 0.5656903447523397 0.6922898445875686
13.13 4.702407172612664 0.40275986614596543 -0.05036242207941515 -0.2825709030258235 0.3464356412204389 0.5655456500767332 0.6930325742233473
13.23 4.700348728717278 0.40060810297564753 -0.04885928161041676 -0.2823677622199049 0.34266293146297366 0.5674967213469567 0.6933960149298373
13.33 4.698217913584643 0.39949308746238926 -0.047891527506135706 -0.28362670284716407 0.34194909568813214 0.5687550573346212 0.6922025672781105
13.43 4.693298263488949 0.3981604465754669 -0.04834700403060576 -0.28354652282049303 0.34270363861093434 0.5699450792152898 0.6908821839919674
13.53 4.692488476686565 0.3974715210711654 -0.05003537735926222 -0.2806845794127812 0.3441477170604553 0.5732745576160875 0.6885744675138821
13.63 4.68979189588501 0.396356662029828 -0.054820862650197096 -0.28465608039281337 0.3415680054006779 0.5741930161964469 0.6874624307794789
13.73 4.6898964088216015 0.39030432424185013 -0.05727589726676184 -0.2880445960363677 0.3322324280294709 0.5783245488696034 0.6871627468326975
13.83 4.687179587433113 0.38140450631661793 -0.05820484608713597 -0.2924957247061105 0.3239890490324547 0.5834988008866506 0.6848404898219248
13.93 4.685763302042431 0.37183984329569736 -0.05342157167123749 -0.29605454954200444 0.3155796238914755 0.5899734855422892 0.6816835710482378
14.03 4.68327237318141 0.3606077712203219 -0.05555141606000731 -0.3007122629017931 0.31477558615397755 0.5962178862237324 0.6745462900711908
14.13 4.681494553407897 0.3504918896878497 -0.05351990242426087 -0.2995094386478944 0.31243573774335714 0.6057699420924996 0.6676232344659951
14.23 4.6776713904597855 0.34239288756344644 -0.05717861590484271 -0.3022284105543568 0.314543742136104 0.613496176478251 0.6582876753998741
14.33 4.676646332420922 0.3358794566141972 -0.05681661393743857 -0.3054768789377244 0.3171659235087072 0.6181399726082888 0.6511471628312294
14.43 4.678907242273944 0.3312656541109513 -0.0608180230135448 -0.30648137259357594 0.3220814676976749 0.6219734547362307 0.6445787135969877
14.53 4.6797460953578955 0.3309397869011159 -0.059089158976415014 -0.30559306196127517 0.323295512129095 0.6265819613927146 0.6399124455545282
14.63 4.680146673202609 0.3310985307473584 -0.05852111349005577 -0.3070285327822938 0.32377333407664416 0.6303058553384681 0.6353100321295801
14.73 4.6809219960904 0.331944763105224 -0.05702039858388194 -0.30621996635970716 0.32483546211104686 0.6336697007586557 0.6318021566109111
14.83 4.683759742977306 0.3322254876816695 -0.05760107633978004 -0.3042491931041214 0.3250669450263188 0.6388520693132275 0.6274009430029209
14.93 4.6807629093838194 0.33177996361331824 -0.05218379818650785 -0.30158649983549835 0.3227063306193586 0.6446834145317565 0.6239306871142319
15.03 4.674710283435522 0.3317531564645254 -0.05463030823589083 -0.3021753691183432 0.32341617983264664 0.6457460880456687 0.6221768323349608
15.13 4.671192715344074 0.32920282954699565 -0.054344406597197005 -0.3015259530178405 0.3237465091734646 0.645634960363835 0.6224353744853101
15.23 4.66810172260581 0.32560789121309874 -0.05235778806638494 -0.302538738257001 0.3214742389763037 0.6455415931331853 0.6232180012351516
15.33 4.663367410139669 0.3221660081494529 -0.05170014295462632 -0.30382393949100417 0.3169928506465196 0.6445181542099087 0.6259416069610746
15.43 4.662501304101766 0.31435841866669473 -0.049988196219842414 -0.30362336312732974 0.30873830812850067 0.6444669979982566 0.6302029823384812
15.53 4.66283595230024 0.29910854530379466 -0.046956464280382845 -0.3066114003372352 0.2997259981508163 0.6418038340849275 0.6357999793721478
15.63 4.665458404364365 0.2856553845131129 -0.050094802914434536 -0.31137062315625785 0.29561341248257084 0.6272053590147623 0.6498265022441424
15.73 4.674417708423615 0.2783847192735456 -0.04843826003097253 -0.3017174280717423 0.2957820026923181 0.6089064062576627 0.671351315556522
15.83 4.686744661980583 0.27689711800063765 -0.05316545449148038 -0.28155378739549497 0.28342439715697737 0.5908329057595624 0.7009383377809838
15.93 4.705008425612613 0.2785049952853474 -0.06823411819413654 -0.26891318054427266 0.25744581630053504 0.5770263294145266 0.7269442675757977
16.03 4.719686049976415 0.27009969574345727 -0.09066753845031827 -0.27981259955042004 0.2663731117269633 0.5592860551640827 0.7334503275483145
16.13 4.725710835880694 0.25429086236074966 -0.09272179432624372 -0.2783859862039955 0.28684627631857246 0.5530889049308653 0.7309672493961507
16.23 4.726250780992794 0.23925530741651743 -0.09235613527218194 -0.27403724317017386 0.3194486841147281 0.5548152728848309 0.7176601845907229
16.33 4.726209730867041 0.21895020886638883 -0.08713669968702642 -0.26289787301874523 0.32677282973710225 0.5651283265411535 0.7104464797918432
16.43 4.7345938931644485 0.1943832321003754 -0.07438158097444755 -0.24988408860405906 0.3203716204559775 0.5792233919020195 0.7066967025127892
16.53 4.744420831367664 0.16960621237703288 -0.07483389007867179 -0.24907312935379317 0.32075813115903445 0.5901883483925223 0.6976779421416297
16.63 4.760537427903399 0.14210317475001336 -0.08277465464470785 -0.2544568316183481 0.32759001965336193 0.5953586105417257 0.6881021906084063
16.73 4.776507505665535 0.11552049765379484 -0.08717208474533514 -0.25583083224731235 0.3289041630043299 0.6002685342486468 0.6826787850966588
16.83 4.793134466989525 0.09348392628704444 -0.08872630414382346 -0.2550183479535868 0.3352454743395945 0.603307530409554 0.6771972666018143
16.93 4.807180175928588 0.07194598631070856 -0.0827714500714487 -0.2566048115995499 0.3338004895881355 0.6041948533573356 0.6765203492809275
17.03 4.817568973189219 0.054690615503625556 -0.0764887748280572 -0.2616477349784966 0.3312835101530166 0.6049617699245752 0.6751392120230049
17.13 4.831581707153433 0.03830039603887203 -0.06906312236281616 -0.2659748429112162 0.3249586371397692 0.608797288328748 0.6730714143463389
17.23 4.83830039929394 0.022352758695241462 -0.06594607718324882 -0.26131169030279666 0.3313103393202565 0.6193177536468614 0.6621141741334325
17.33 4.831461532578869 0.010034271502078522 -0.06283400172580247 -0.25284232018156877 0.3404165754424897 0.6352258105162869 0.6455040557139322
17.43 4.821115378036679 0.00012938974253132174 -0.060325096081638996 -0.24718387631191122 0.3506811075888579 0.6516685992289832 0.6255005426461312
17.53 4.812790568575954 -0.017039185498680703 -0.05234750250873098 -0.24117007657983383 0.35079296800020093 0.6639844924224875 0.6147404993869678
17.63 4.816275906701355 -0.03572368199480401 -0.036029611281821694 -0.23173741815920013 0.3373476122219148 0.6748305528066691 0.6140831234871432
17.73 4.819691138000549 -0.0502354830928515 -0.01867746958094263 -0.2258722000279624 0.3290149910806469 0.68164660368883 0.6132607867605864
17.83 4.823956499551101 -0.08056511449308854 -0.011633628727553844 -0.23259396033844834 0.3260930090708107 0.683410549074878 0.6103387751588412
17.93 4.827664382882213 -0.1123386366614589 -0.008489816964195984 -0.24795763774583582 0.3223666155353761 0.6850599084926002 0.6043920059430651
18.03 4.824466848187705 -0.1360697769349222 -0.016402028067716748 -0.2630292087584442 0.3208251303827113 0.6848382297206652 0.5990688359177837
18.13 4.826729825121383 -0.1544512806247889 -0.02181630213674799 -0.2785788193617557 0.31584974436446034 0.6841786239897042 0.5954262262140209
18.23 4.820606577488767 -0.16367774477456506 -0.02657840330091956 -0.28935293510514243 0.30602254286884023 0.6893826869325443 0.5893866245172127
18.33 4.809344074483672 -0.16829991188623403 -0.020292859468437938 -0.29276488720933064 0.2890351040935351 0.7023246608695551 0.5809367436764623
18.43 4.788103308435554 -0.17424304765852763 -0.014755955680354142 -0.30786673296105377 0.2762989182463809 0.7162408175087557 0.5620285347259126
18.53 4.746939336646444 -0.18400003097110584 0.0034834210110149463 -0.31973004710631536 0.2607011000163198 0.736118251442452 0.5365981301877423
18.63 4.706510492048274 -0.20990502790568782 0.017430092559704694 -0.3208298059151188 0.237697614518239 0.7652062108549843 0.505002509456897
18.73 4.679336054400215 -0.22551676967033507 0.0345675069905167 -0.3180151057738119 0.21410486779789276 0.7963618134163163 0.4677962806790947
18.83 4.641352976320281 -0.2616154109421152 0.04611819891911908 -0.3194414208797851 0.19794450462022925 0.8203222594032396 0.43109922575263393
18.93 4.615118601893171 -0.2982731460578912 0.05967859754911829 -0.32479861012506206 0.18595271291987986 0.837102849254027 0.39898154241688244
19.03 4.574275383761721 -0.32800140290824137 0.0625072776113313 -0.32523109803527006 0.16885011207014192 0.852588762533244 0.37256781198421446
19.13 4.559557750236346 -0.3766544257336965 0.06519375053154573 -0.3281984744080245 0.15301614325849086 0.8667413585649134 0.34297410784429544
19.23 4.538457697706481 -0.4191334837173092 0.05417752856565032 -0.3373635524282834 0.14282753667428774 0.8755866085160612 0.31485587059457165
19.33 4.5287630385530155 -0.45739894686908056 0.05656182633255201 -0.3368299674668129 0.1345103756875 0.887448599711831 0.2844073042631358
19.43 4.502198568256516 -0.5001967394771595 0.047457949416907494 -0.34478027587259386 0.13053976763637531 0.8938861496378276 0.2550558407884804
19.53 4.492184074145535 -0.5293271874963649 0.03724109634234867 -0.3605003317252975 0.1290088052338163 0.8946653401617265 0.23015248882294542
19.63 4.48491086094407 -0.5463227179999816 0.02759656654705226 -0.3621881181878635 0.12745721443628094 0.9009430663097964 0.20217818082073014
19.73 4.474700818620172 -0.5584833948453791 0.028256776255367665 -0.3638624962520177 0.11926596924212413 0.9069770967657452 0.1754202335660484
19.83 4.462420637204362 -0.5747591680589426 0.029460311605931214 -0.36541026073313937 0.10967294217069519 0.9128915765845514 0.14517629457846923
19.93 4.453914116464602 -0.5886998849478597 0.028289902617211173 -0.36312350246882574 0.09447560460600499 0.9202053579941175 0.11152480086519051
20.03 4.4499437469774055 -0.6107848193642351 0.029428545643501114 -0.36240086766100144 0.07930404988582147 0.9251355686484614 0.0806266606759109
20.13 4.454475380670333 -0.6393457147630386 0.02614756306283645 -0.3659058798688441 0.06924287017858281 0.9263455229201764 0.05658872831743297
20.23 4.453919500026094 -0.6603778572893244 0.023115604636161344 -0.36460240285817885 0.06376300705445961 0.928092844582414 0.04053441249529092
20.33 4.4649667229586365 -0.6886100277334639 0.016761286912474777 -0.3670602635725907 0.06019640101478299 0.9277804550643897 0.02943778883343088
20.43 4.4733480916293376 -0.704650701745043 0.014559256852007915 -0.37019308619389896 0.05679967118051428 0.9268446096152019 0.026266821567636267
20.53 4.486008319326662 -0.7157889420912659 0.009966779684139268 -0.3703784442621478 0.05461317324394699 0.9270007903123707 0.022510977198198816
20.63 4.497915704965331 -0.7283659511023242 0.005675398958949397 -0.37181397150109297 0.053353169184054125 0.9265296144059965 0.021229309062657378
20.73 4.5099059047305285 -0.7353166840965913 0.0015272755416605305 -0.37144271793682143 0.05369667730276987 0.9266755374788285 0.020479804117070177
20.83 4.523316923901249 -0.7464324415808917 -0.0016777077592574352 -0.37123978933418844 0.05515872104105987 0.9266398466146801 0.021843282128473127
20.93 4.533389599363568 -0.7468355752183801 -0.0066569845368048206 -0.37169643627475785 0.05745760757254401 0.9262952279120658 0.022749359112265128
21.03 4.54073831043217 -0.7488370956115034 -0.01085042415949631 -0.36823706518493154 0.05861735708283457 0.927454984538219 0.02815530017286305
21.13 4.5505216486799736 -0.7429855063159758 -0.009470078006677728 -0.3676163847282476 0.06312694599511103 0.9270941935200088 0.03700727915083618
21.23 4.552941429748176 -0.7351150174659915 -0.01427729797735975 -0.3707329887879187 0.06768042462042705 0.9250462181449974 0.04760152774033214
21.33 4.556805105111689 -0.7270707693134788 -0.024450929260143604 -0.3735977876357669 0.0724424010213896 0.9227623289603997 0.06071635578240795
21.43 4.560821243643339 -0.7154993566796798 -0.024373955432450016 -0.3681076539632032 0.08129228318609392 0.9231065481238663 0.075911926592195
21.53 4.5662848125211415 -0.7004510417504871 -0.01975277749294095 -0.35002842881232094 0.09338696345749128 0.9273608871560458 0.09359892655644521
21.63 4.56446877102599 -0.6708684682379318 -0.010033889829657354 -0.3312706222414917 0.10268165243985107 0.9303507791437169 0.11901126349482842
21.73 4.555990626945085 -0.6393555306280337 -0.011016632322549146 -0.3395073814586123 0.10278278453990862 0.9230517717396923 0.148814864262794
21.83 4.555572017684817 -0.6154537785444361 -0.023083644683763456 -0.3578766781021814 0.10296737504472785 0.9129292220834794 0.1669797545003561
21.93 4.56168455547565 -0.6173651961584007 -0.024788363525141036 -0.3477620765590017 0.10481732883347943 0.9141415640204391 0.18005573196610736
22.03 4.567726991658743 -0.5984965922961344 -0.019875187236882558 -0.2959496018690558 0.06890173134119117 0.9303078178200505 0.20541116979032448
22.13 4.563323288548437 -0.58468359480474 -0.02737479517735511 -0.3050265251442176 0.057221123762952804 0.925511814824903 0.21705400842477757
22.23 4.548667658105297 -0.5654715579930075 -0.03572490814797251 -0.3509187216077159 0.07982899027786891 0.906045643002808 0.22263125551469756
22.33 4.544074491419791 -0.5246060595174448 -0.04420057317255431 -0.39730992916823643 0.13171912143844705 0.872846828163039 0.250865118734225
22.43 4.5404939649235665 -0.4974920426416321 -0.05726189263459141 -0.4502953845911317 0.20436725742476444 0.8238989107436067 0.27687303152185766
22.53 4.528239696285154 -0.4695927079181475 -0.03212533351424936 -0.46087741573149854 0.23893861690446924 0.8044071998931183 0.28884148209796306
22.63 4.535403042198861 -0.460090889652079 -0.011553674713305005 -0.3980755677597622 0.20582626616632663 0.8345363794070867 0.32050026826023453
22.73 4.5234142024269435 -0.45953033050321207 0.014520196603742843 -0.35164966555602944 0.16807865814178552 0.8545201717923575 0.3433472781187425
22.83 4.5199196200444245 -0.4588971723552466 0.02243701393026483 -0.3430254294101661 0.16081176003934028 0.8520180139608802 0.36130103306962497
22.93 4.523032241704963 -0.45456842262677144 0.035676621100069854 -0.3310103821106905 0.15428753821311306 0.8494990953915775 0.3807607771501203
23.03 4.534793782637438 -0.45459554937317875 0.04358761113665446 -0.32912683655976965 0.15259995986087893 0.8423211229802753 0.3986024378849996
23.13 4.544065030162354 -0.46024001013736837 0.0730285283721182 -0.3130901038886281 0.14185994861937162 0.8348089626133743 0.4300515524505164
23.23 4.562562445803796 -0.4766476941397294 0.08635447321291659 -0.2620169413596354 0.1417991706123958 0.8408206663866338 0.4519521264816832
23.33 4.570450006252358 -0.4751273736130179 0.08230719801065339 -0.23221658626916591 0.1593373149341411 0.839799760843553 0.4641373059970344
23.43 4.588191955604411 -0.4756940399808765 0.07148768926221466 -0.25083710452535185 0.17607139138995548 0.8281213267094579 0.46935560119839836
23.53 4.605254884458798 -0.4795681713517269 0.06525961551840026 -0.26488733274961584 0.17838342789583758 0.8079622601711237 0.49518788327269686
23.63 4.611950422492862 -0.48890737338465884 0.07878091371643245 -0.2528864029124717 0.16404142569594635 0.8074892471088723 0.5070502871325281
23.73 4.627227702611789 -0.49208046945577594 0.09490024722029333 -0.21978692058552696 0.14789300169194924 0.8122202649914492 0.5197303250025889
23.83 4.634495398927048 -0.5006537823083667 0.10299594881794859 -0.2109596523845415 0.1554456577497506 0.802182890016379 0.5365028271290945
23.93 4.639759181913307 -0.5082843694787722 0.10392320058622495 -0.2305374273256578 0.16257397974297175 0.7909710656238681 0.5429428782647778
24.03 4.6478333961927545 -0.5206078613925803 0.10497334180805779 -0.2485667228570816 0.15446857032918 0.782438603980537 0.5496761556312392
24.13 4.651908815124467 -0.5296380693100347 0.1045134946600075 -0.27223779578985635 0.15205723275755392 0.7662015875215996 0.5618721454111926
24.23 4.662181357144615 -0.5330587472098168 0.09034692151446067 -0.2636409341277688 0.18198366004647185 0.7570896718744896 0.5693774091666314
24.33 4.659190418515984 -0.5326813062152298 0.08125379061942409 -0.23757442779374335 0.2061482694332797 0.7556918176066628 0.5744485695608247
24.43 4.652140815691269 -0.5271794550717519 0.06864691303849596 -0.24008917532578877 0.20588302687288224 0.7442119402395139 0.5883179031288959
24.53 4.649441294306589 -0.5148467121346912 0.05762515138727673 -0.270315882974928 0.21088898498236555 0.7253157031020945 0.5969692540308146
24.63 4.653461986092778 -0.5132177189358349 0.045239752386241595 -0.2835863001333277 0.21248729328946597 0.7154226435091547 0.6021614415765754
24.73 4.652906222180327 -0.504317637210069 0.0494387474144453 -0.28104234301700476 0.20585336031365908 0.7139630793755587 0.6073683534459602
24.83 4.652731345184071 -0.4935069812347446 0.03357166510271167 -0.2862245432379028 0.21387750249613485 0.705474087543162 0.6120769858272838
24.93 4.656668421690804 -0.4943893114485267 0.02804629412237498 -0.27637703804544156 0.21188294886590625 0.7064498758884863 0.6161573838543678
25.03 4.658775940768739 -0.48937489381839333 0.03289383673150222 -0.26343881907158917 0.20677040048861464 0.71217755900129 0.6169676770649404
25.13 4.657757691122005 -0.48060508189266304 0.03831947585750064 -0.25243535768206027 0.20068255281977507 0.7138497155233101 0.6216280936644978
25.23 4.6616074083086865 -0.4759479324364223 0.03402079020659512 -0.2599706748595021 0.21234422617305226 0.7097498760825001 0.6193385917452088
25.33 4.671404210764106 -0.47062631694757684 0.0289764985956994 -0.26073294272104525 0.219824860339293 0.7048428572056423 0.6220063584908286
25.43 4.684433110441208 -0.4664803047228991 0.0244158962490268 -0.2593064585723381 0.22585762099387263 0.7015069136760037 0.6242087356377098
25.53 4.699101171521846 -0.464785595080583 0.026512215235476647 -0.25879578761671385 0.22812020089745055 0.6987654693820902 0.6266679607683633
25.63 4.710132477603555 -0.45466069199101783 0.025405747556066005 -0.2583089614147329 0.23416235562300203 0.695258686438104 0.6285378513616272
25.73 4.725709800220117 -0.44993370663291476 0.020956336296761077 -0.25744497495716423 0.24297722720489523 0.6907277760877945 0.630538889577745
25.83 4.74075662697579 -0.446629305348611 0.01805183955857291 -0.2529798760864705 0.24714885767750852 0.6874633258864757 0.6342813256001487
25.93 4.7504412805825655 -0.441407975613225 0.018370083170320784 -0.24861274889196583 0.24511320900787123 0.684995933781285 0.6394464688786305
26.03 4.757962597224279 -0.4379788165478423 0.01975051187329697 -0.2459180911799007 0.24274240078242842 0.6829596022287547 0.6435577682045008
26.13 4.764559430598251 -0.4342384442042065 0.021355470481004862 -0.24275952144230234 0.24008770378544536 0.6809702787711088 0.6478465780341323
26.23 4.768598574844224 -0.4307727777560198 0.023777045770727367 -0.23831549506802302 0.2376140204079718 0.6792978689067108 0.6521500651037646
26.33 4.771024496859377 -0.4287476224527412 0.02577155584194809 -0.234565850704192 0.2364198101390724 0.6779510863243259 0.6553372106090803
26.43 4.773031064295938 -0.42723604866842785 0.027025855911958302 -0.23412852528377232 0.23631661760484335 0.6761123359033848 0.6574271055649598
26.53 4.773370681350097 -0.4277679352359211 0.028296793805372637 -0.23131053180024694 0.23594491350660526 0.6756513793153115 0.6590300822405336
26.63 4.773017626693598 -0.4297092645751507 0.028628494229643017 -0.2270541475915527 0.23665643813468826 0.6757739045029139 0.6601286043974784
26.73 4.772964125736233 -0.4325240487517247 0.029684569026377214 -0.22574277676052226 0.23753632291671156 0.6761223621018632 0.6599054822483701
26.83 4.769880883992199 -0.4359665306326496 0.03133177425471277 -0.2250722246802053 0.23553058080234268 0.6770569799747008 0.659895207629175
26.93 4.768842818948435 -0.4385406326778493 0.034141104791025015 -0.22874058081717943 0.2368892241596749 0.6780860809632249 0.6570848567486406
27.03 4.7635811577231975 -0.4407784324555189 0.032099118914734014 -0.2324488375230643 0.23739785523337126 0.6784772030380666 0.655193468543768
27.13 4.7600014571232245 -0.44481253068123533 0.02794656687526148 -0.23562780959129534 0.23861819282274252 0.678590743395425 0.6534948327104517
27.23 4.755042315914131 -0.44716069825191734 0.028609126720103118 -0.23539567795413235 0.23643258654171032 0.6788737632935684 0.6540786805372418
27.33 4.753991469787579 -0.4485450333192264 0.029091816621858897 -0.23528664698301638 0.23580528999486627 0.6792288330470552 0.6539757268580099
27.43 4.752755898336159 -0.4495761742662658 0.03022132373202472 -0.23468616741815596 0.23540857471483936 0.6791067016027169 0.654461071120035
27.53 4.753220796561962 -0.4497171462227383 0.029597002955906088 -0.23483364548181726 0.2363619255596281 0.6784383740810807 0.6547576434602995
27.63 4.754276198876564 -0.44958599686719547 0.029569123049098735 -0.23495393853115326 0.237143256983117 0.6773817126767747 0.6555255431844116
27.73 4.756969876595706 -0.4500438189648488 0.029852670126977166 -0.23408160619745988 0.23831720699486214 0.676561194155866 0.6562588369329393
27.83 4.758131367667988 -0.44887310153824395 0.02863575262430565 -0.23418612681575726 0.23820729761357085 0.6755553711611979 0.6572967989165396
27.93 4.7616144739550785 -0.44968166091373096 0.030723352538524446 -0.23444437909695545 0.23798566471491012 0.6752363969862207 0.6576127011281886
28.03 4.763255261555246 -0.4496029973270307 0.029469967620143825 -0.23417320696584323 0.23831851253386746 0.6750809091074649 0.6577484031767891
28.13 4.762664186621846 -0.4498188565910432 0.02873392694401222 -0.23412423026769302 0.23878185695610943 0.6747900334678254 0.6578962534645136
28.23 4.764299767537872 -0.4501033405619032 0.028258942933106265 -0.23515658646338877 0.23921379633988815 0.6749207815120007 0.6572366987370496
28.33 4.76403688931715 -0.4501955331328252 0.028572597129883467 -0.23554462085739686 0.23903450360533823 0.6751547302807897 0.6569226193782407
28.43 4.763860485419935 -0.4506983759719554 0.028677448813322157 -0.23561117266210496 0.23862687586511747 0.6751811910310758 0.6570197475795532
28.53 4.764973782591695 -0.449218774216419 0.028676685611489516 -0.23539287396851488 0.2378353132677762 0.6753280106128059 0.6572340806207568
28.63 4.764861075723824 -0.44870754109125055 0.029517842932950168 -0.23467789274555487 0.23740204712733318 0.6752808794996871 0.6576946772313021
28.73 4.76498906439568 -0.44902529363975163 0.030919070257010357 -0.23508199212967879 0.237005832270819 0.6749707208539923 0.6580115640593256
28.83 4.768014768280692 -0.4492761435883782 0.0313032223641115 -0.23637254778745934 0.23649887724491422 0.6759233221336225 0.6567525883544028
28.93 4.768428568914828 -0.44503883464408206 0.030532234603214845 -0.24262978575421798 0.23203898897321948 0.6812023725328235 0.6505782215205187
29.03 4.763152165584602 -0.4374380848458364 0.037597838532071576 -0.252794312187667 0.21960377537697068 0.6932028170444253 0.6382312057612182
29.13 4.756729282828797 -0.4252441605817141 0.05975849977396798 -0.2604909270240224 0.20523004899841654 0.705937138567969 0.6258417214573834
29.23 4.753420052657791 -0.40786241316182825 0.08073510364114994 -0.26060580537877687 0.18684906356212866 0.7163641326169884 0.6196728743044546
29.33 4.750717291495052 -0.39599833807761214 0.10771587369614963 -0.2516982684608135 0.17130606171020324 0.7245219191703439 0.6183609007019202
29.43 4.751209023279068 -0.3919607031147277 0.11495607650171011 -0.2463867425532993 0.1788324882292321 0.7266553404456588 0.6158608044432765
29.53 4.7547370593730145 -0.39501597272169786 0.10422498933685487 -0.24755743605845137 0.19485952285281719 0.7202693398565964 0.6180268281137002
29.63 4.762345394772991 -0.3985791075366839 0.08725004990277044 -0.24914364901363298 0.2142011043332813 0.7089323083706816 0.6240675534001037
29.73 4.774908656184698 -0.39741305436659796 0.07180054953289841 -0.24771284268125685 0.233784921688262 0.6949125813638236 0.6333083468771363
29.83 4.796973372885312 -0.39694301184012615 0.05827504847384688 -0.24780952582707302 0.2459827624838131 0.6816141093138923 0.6430280907195445
29.93 4.820542595123313 -0.3984047536879904 0.04350590361915181 -0.252449860476473 0.24939384779804105 0.6736398234284705 0.6482909569916551
30.03 4.834960098131262 -0.39319939756940087 0.02994003241587792 -0.25195951107421155 0.24281765512016462 0.6719093091056093 0.6527586625073709
30.13 4.849300563582439 -0.387760016970977 0.029216918102442445 -0.24825761383602943 0.2349530624217567 0.6686205288033235 0.660387616550949
30.23 4.8605538077148465 -0.36522389973918357 0.021116442861374388 -0.24930022178717037 0.2565864243204997 0.658949779399511 0.661663052089675
30.33 4.869238161136141 -0.33243773843840935 0.02145872907586609 -0.23526242547227874 0.26040094563706623 0.6540039120020069 0.670165518180616
30.43 4.867358097724792 -0.29599372194409707 0.03149752593475997 -0.21455261132746148 0.22721678573689985 0.6544161308803683 0.6885341218091721
30.53 4.865125017865702 -0.2705649709624211 0.03734144451659508 -0.2309001911120354 0.23469886601707596 0.6433779105575699 0.6911341463430235
30.63 4.87672469508739 -0.2266560055971234 0.03727768023542783 -0.22803159035991302 0.23680096311974957 0.6373598452849993 0.6969213192906138
30.73 4.894412132597349 -0.19795524124395394 0.03649599854060265 -0.23357713512475178 0.2542023567056671 0.6340694405947038 0.691938457014869
30.83 4.91652232297953 -0.17313434327611563 0.020616264469235444 -0.24144077720890222 0.2617765297888203 0.6339998366811934 0.6864572868290526
30.93 4.934238429796328 -0.1470305738770349 0.02042069931310115 -0.23846863932539872 0.25445586420302757 0.6405208769827789 0.6841914405926129
31.03 4.949413940313638 -0.1215167167417775 0.027635502742047978 -0.22408347533223383 0.23550309697262106 0.6508860880063734 0.686055528247599
31.13 4.970443543945262 -0.09478094790370023 0.038147678840713184 -0.2182054756452625 0.2307338554330682 0.6572176128321844 0.6835300050024007
31.23 4.978491933526698 -0.0716294258579528 0.044542332536478414 -0.21404715505891056 0.23025952711880124 0.6652990550276852 0.6771569485440446
31.33 4.979642775238717 -0.043781532338549825 0.04487393895066373 -0.21263102178455284 0.23340216672830433 0.6674406849364546 0.6744141229489091
31.43 4.980840494529968 -0.012218904296628884 0.04602577577958933 -0.20894313481713347 0.23991488815255707 0.6642200160815266 0.6764579684593801
31.53 4.985434555187038 0.027831585412350257 0.0387632033857008 -0.2117818600065356 0.2455437524729385 0.6567170731710847 0.6808666500859656
31.63 4.990215558588161 0.08044036635775767 0.028832399436316172 -0.2159694706393487 0.24509683803345575 0.6499882704985918 0.6861486544124464
31.73 4.99267979272859 0.14016548187022043 0.017080390048605433 -0.22009455230153532 0.24412947779356378 0.6426595112822172 0.6920606466762363
31.83 4.984862045934005 0.20001240484477972 0.014749602933837803 -0.2250752987469722 0.250531207701158 0.6336193378967462 0.6964924683763993
31.93 4.980144597651463 0.24499968567836347 0.02283856208475703 -0.2284618608653576 0.2535454067473174 0.6173390653436484 0.708810541151799
32.03 4.991518650095104 0.2895393249689298 0.03325187874791819 -0.22935093726382377 0.2527592628115486 0.6056856889225026 0.7187876938802176
32.13 4.9952836913158905 0.3111824869666742 0.042165481656496695 -0.2334359761377721 0.2549413224265425 0.6022452326569373 0.7195924172099111
32.23 4.998952938286323 0.34389441551092775 0.048640183803534597 -0.22456143966659448 0.24819250578007526 0.6077013655875938 0.7201886490027786
32.33 5.001436667970782 0.371258995219492 0.05679182152966343 -0.21709733602351897 0.25566843213364654 0.6122948336085474 0.7159591023501939
32.43 5.004768306901532 0.3953543096010613 0.05213896708977857 -0.2134081565876394 0.27318769926299474 0.612068128709484 0.7107728508400751
32.53 5.013886797073251 0.4224069705964582 0.04175704852387336 -0.21080604546606027 0.2853366030434067 0.6095483015463192 0.7089391386011978
32.63 5.030649707513269 0.449971886822023 0.029860376308081676 -0.21327560758902828 0.29445580751640005 0.6036961375995611 0.7094788693645271
32.73 5.054901252955394 0.48300716754588713 0.019804641994158136 -0.21518735838901942 0.30055858286082604 0.5993005367494142 0.7100688739200668
32.83 5.082368514570096 0.5216063124206072 0.01642692810623765 -0.20858617515871794 0.29173481726326383 0.5977016831020354 0.7170322879382914
32.93 5.114099857142178 0.5578068171214858 0.008674830951442229 -0.21628856405381958 0.29282240881893845 0.5845614586882274 0.7250946110469331
33.03 5.1457625171662125 0.5962198677221215 0.0022916948075052956 -0.2306738015289786 0.3051179176720644 0.567377339661036 0.7292294618587473
33.13 5.171219415668216 0.6225385071950508 -0.011236220055055847 -0.23974289763514992 0.3038402403164284 0.5571656823679834 0.7346909920431696
33.23 5.172746232683153 0.6554631289383331 -0.014647796094909772 -0.24717293368276833 0.3112614864066064 0.5716445481868468 0.7178052232067273
33.33 5.134588120376503 0.6728126852211913 -0.00977744033008824 -0.2521120151767739 0.2975445562719259 0.6060748197763862 0.6932388345076101
33.43 5.082092187234047 0.7018336576262643 -0.013695087112840315 -0.2572799992993459 0.29411645369722583 0.6367236394174718 0.6647447033501401
33.53 5.0502472370531075 0.7337560737205665 -0.0091007880983634 -0.24825232779374595 0.2943722892619939 0.653393804357645 0.651760902085023
33.63 5.037285020202837 0.7874490308777908 -1.925832205346145e-06 -0.24006682653971323 0.2878935992926899 0.6528290648109514 0.6582548187590502
33.73 5.039864881756922 0.8407129258218908 0.005787604441633731 -0.23675690115743325 0.2757187049024491 0.6371648143785472 0.6796663628863775
33.83 5.05433107547764 0.8934781046164472 0.016510944268669045 -0.23875599004603598 0.2783652020152624 0.6110666320371869 0.7015026462778802
33.93 5.0706448075268185 0.9346810360091545 0.03164384094680234 -0.23295228543073504 0.285248925192596 0.5851225570910656 0.722494205217093
34.03 5.084901861906343 0.9700501876924679 0.05668623668826818 -0.21581034601113117 0.28247954635286787 0.5767185210363097 0.7355453405062978
34.13 5.098457245487469 1.004389468913675 0.06328517050773438 -0.20877946229033661 0.2850680978746041 0.5686877705929587 0.742793063563415
34.23 5.111022751175236 1.0351075597332189 0.07006260283567974 -0.20214932155396595 0.285847715509854 0.5684498744863865 0.7445075389339456
34.33 5.121397249345923 1.0704108761015096 0.06940511089636538 -0.20150550798206313 0.28431092068551844 0.5777249981370808 0.7381034190134562
34.43 5.130262987836376 1.1167453429446612 0.06588695237751001 -0.2078313037978091 0.2827391906266203 0.5900684179018508 0.7271065681454908
34.53 5.159694501179886 1.1697500566758114 0.059436386367282004 -0.19830293912400998 0.2716086957269224 0.5994161099285837 0.7263642253707043
34.63 5.204745863465747 1.232879985737102 0.06016435938190787 -0.1804816711616257 0.2669572548292056 0.6032793788340612 0.7295301100998852
34.73 5.264818377605965 1.286620444891463 0.0480758268635872 -0.17557038574998274 0.27181046037685547 0.594820057292173 0.7358554292252388
34.83 5.3100938194146154 1.3244165472972438 0.04259415119196647 -0.19123085092955225 0.2971233655399432 0.5758912037900171 0.7372230250746796
34.93 5.343589108014332 1.3594602616574736 0.045305921606473454 -0.19870771255104716 0.30772305366607333 0.5657617666107585 0.738739054508851
35.03 5.360208835346905 1.3912050295362766 0.04745180634399386 -0.19460572744945998 0.29766399289593515 0.5740191563684003 0.7375817014400677
35.13 5.36275628214527 1.4217569882910654 0.04620986976013912 -0.1991621077961967 0.29977751451356033 0.5830133074605451 0.7283978170849802
35.23 5.360959449219112 1.4520214674977847 0.05589368368679593 -0.19671304102757595 0.29022019623040424 0.5908202180334445 0.7266413745119266
35.33 5.359667381782009 1.5003116076011598 0.0501519291634738 -0.2006109091849954 0.2894878195604287 0.5950947204414739 0.7223671775107189
35.43 5.346929315695155 1.5522593096135817 0.04115041006468787 -0.20575384725965523 0.2879051214341936 0.600620955286158 0.7169591783783479
35.53 5.329044884016837 1.6033526278763066 0.04110951545736646 -0.20534679753644697 0.2869695176571615 0.6035305840434835 0.7150049110329757
35.63 5.310701015898879 1.652189515226088 0.047956796807504504 -0.20652309981978692 0.291584227821428 0.6016522466998413 0.7143818456313411
35.73 5.303266042265841 1.6996341422900052 0.06434160034615377 -0.20113848425969633 0.2835971998157878 0.6008879856602131 0.7197566026759098
35.83 5.301133403568358 1.7455229870623166 0.07404200507327802 -0.19786478003028518 0.28397676826027785 0.5983912959423334 0.7225888048208817
35.93 5.309009163227294 1.7855377976967606 0.07705384146017674 -0.19581737170843236 0.2871698011369074 0.5922376880931323 0.7269412514462862
36.03 5.317743641966727 1.8247151090091773 0.07067167273612679 -0.19726238267164717 0.29121227963092 0.5885864328712157 0.7279072548167145
36.13 5.3337556091783815 1.8685711056973808 0.06113316660614648 -0.19685175563370266 0.2896206502688649 0.5919355443965783 0.7259349671435421
36.23 5.354205960262652 1.9178011419782144 0.058461517155980025 -0.19154790077507938 0.2858769630683212 0.6004837900393908 0.7218053626812585
36.33 5.374899808211887 1.9617304201982468 0.06554367129286148 -0.18964386712973394 0.2819719982987633 0.6058274657919738 0.719374782382283
36.43 5.397988133284616 2.0057300391119126 0.0794185528467178 -0.1802305823279021 0.26629753789918903 0.6087879163416251 0.7252446700383242
36.53 5.418618196742447 2.0422683900564538 0.08701205696323674 -0.18084240025951095 0.2693602848859059 0.6080592271040238 0.7245723149059862
36.63 5.428401946816313 2.071776563129976 0.0859066452604571 -0.1855203743021847 0.2737267295725547 0.607785449299781 0.721978334755105
36.73 5.432599347844104 2.10126019910427 0.08577101617359573 -0.18437220705703766 0.26915326921605415 0.6090957913436743 0.7228870754845812
36.83 5.438050226297924 2.138918031636177 0.07629640391378356 -0.18546947499186783 0.2732875344168453 0.6077605077914905 0.7221787607979289
36.93 5.440432966521045 2.1872504835727424 0.071796134831385 -0.18635388950765622 0.27160932932862375 0.60743786454248 0.7228553387830067
37.03 5.438749480412195 2.234102378634179 0.07345933033340692 -0.18545621829411618 0.27388197686867877 0.6073358913308052 0.7223141760646583
37.13 5.430171154673111 2.2811318584627855 0.08546174056447436 -0.18015252632492684 0.27345031107087825 0.606412870881566 0.7245919021512479
37.23 5.427658142734479 2.323075373986519 0.09784479842480723 -0.17174643123315414 0.2667358655191512 0.6052336168453141 0.7301009590767324
37.33 5.429407431330228 2.3587674251295936 0.10559252232847352 -0.1676004739320092 0.2628736959084724 0.6061380278904077 0.7317131899059311
37.43 5.432426609980007 2.3885927301429257 0.10867955687951118 -0.16933822472115423 0.2598010395424715 0.6043806949490403 0.7338609957436452
37.53 5.445419798849214 2.416564830553745 0.10523580570874622 -0.17101014194721403 0.26429067452851435 0.6004913586331957 0.7350619694388463
37.63 5.460088027430492 2.4464049401609707 0.0988599699274845 -0.17019830384812307 0.26911804155323454 0.598849330053422 0.7348384155529304
37.73 5.480004920327953 2.48123602856895 0.08908584673121084 -0.17310817358702835 0.27254609662965923 0.5978562566464585 0.7337029929324154
37.83 5.507487852874914 2.5259329668156485 0.08050813911579034 -0.1731310954026955 0.2738990251931101 0.5973638060313124 0.7335948684708142
37.93 5.535864158298924 2.5656176260937484 0.07673821010995574 -0.1780453516822503 0.2811418631293253 0.5953742158465696 0.7312924508331794
38.03 5.558957299961713 2.605921977056236 0.08299315090432192 -0.1811886490466535 0.276087966391197 0.6001949358997727 0.728499929437807
38.13 5.579067166193943 2.6426435770683856 0.09711117808436508 -0.1809043427236576 0.26238789444758204 0.6093190097678153 0.7260554771962368
38.23 5.589396793530706 2.6753180188614225 0.09884093352752779 -0.18143733413815227 0.26027977006735264 0.6150184599105295 0.7218637191629783
38.33 5.59363196103245 2.7177402469253344 0.09347538996912641 -0.1846367606432322 0.26261498995903537 0.620034618111514 0.7158908478331726
38.43 5.5998952167645415 2.765294912451804 0.08945453444930297 -0.18272419489364214 0.2605679630039869 0.6220704813724234 0.7153632094688017
38.53 5.607686515044907 2.8157042154328082 0.08539747293218593 -0.18288792057353262 0.2612263027047755 0.6186532082024048 0.7180397170521658
38.63 5.611914050633983 2.8641652227394303 0.08930874655988946 -0.1861876117323939 0.26893836708050717 0.6151584709495166 0.717346766611874
38.73 5.608138387382441 2.921413421323211 0.10461950925702071 -0.18108311769253566 0.26596946190446435 0.6164249814311462 0.7186719641732325
38.83 5.6119605760318665 2.9580337915810313 0.12705567289956937 -0.16949425197670062 0.25234445640263253 0.613747668752473 0.7286341832295704
38.93 5.618400846817721 2.9980261362759975 0.1351700045523611 -0.15915066053709692 0.24977509491885694 0.609053156173794 0.7357565644719877
39.03 5.626544767607304 3.031793696873209 0.13498091413445976 -0.16246507084425818 0.24874338755923042 0.6040125606978721 0.7395273182380271
39.13 5.6431242879705055 3.06464613552155 0.13451171964309921 -0.16262755214369318 0.2452997947024121 0.6020461570339924 0.7422403349342491
39.23 5.664569083571595 3.0994896077980356 0.1314673944904714 -0.16240621929988686 0.24906974756846836 0.5985252260704568 0.7438790456359187
39.33 5.684827764307468 3.1483043169092193 0.12742163038502263 -0.1640016061454775 0.24837479165339701 0.6023998646286134 0.7406266530096414
39.43 5.706246044560701 3.1883503192128613 0.13487823442631847 -0.16634772950290386 0.24687366522127607 0.6143552859125406 0.7307184197628815
39.53 5.730687013816843 3.2428484680532548 0.14191955929113734 -0.17127528057335598 0.24538860168884746 0.6274947471500958 0.7188181652718216
39.63 5.744581873835198 3.2822927070128216 0.15334188317897773 -0.17063189912835125 0.23998229375218555 0.6378850298982703 0.7116150239539457
39.73 5.757100601061578 3.3155184929725046 0.15124134384813823 -0.1754193041097142 0.24657252061462107 0.6394505297906976 0.706776541612561
39.83 5.762548465897955 3.3556085226275716 0.14269037411263108 -0.18089136788701618 0.2529927418526082 0.6404124312103653 0.7022427668157879
39.93 5.76634032734592 3.3918193040460016 0.13657474570478575 -0.18225884174239085 0.25300106774742576 0.637583550905211 0.7044568048791118
40.03 5.770790614453098 3.4333603175702874 0.1396500175020075 -0.17701493258095244 0.25074963755724006 0.6276350915499053 0.7154470803374738
40.13 5.767925797647657 3.4874583563881107 0.14638200013629732 -0.16914557778535722 0.2431734191466036 0.6183831140295954 0.7279139963067534
40.23 5.762448565656407 3.5452632072316175 0.14389599325403057 -0.1689499898699976 0.2424553595225342 0.6111273324809291 0.7342987696138884
40.33 5.755861018514373 3.5891338861162008 0.14795358224684146 -0.17375583664596658 0.2581296817885245 0.6058081159646216 0.7322393756433827
40.43 5.744532220454294 3.6343985430540804 0.1553448192592048 -0.1637093107078951 0.2563398121130046 0.6053381859688697 0.7355643023701827
40.53 5.743496929978002 3.6606070595167557 0.15453468946993784 -0.16814067061237303 0.2637315459286062 0.6030259461819582 0.7338488228507853
40.63 5.738179256664189 3.695085079685223 0.1555926552173516 -0.17363008138295494 0.2626283070062364 0.6028084209700645 0.7331445797423344
40.73 5.743116091346241 3.728552175475682 0.15845587909096995 -0.17618502991506052 0.2605111160684756 0.6020188057018144 0.7339387925569458
40.83 5.75315998837396 3.7607229209439152 0.16197915110347053 -0.17267077746861187 0.25514429833945984 0.600433047164947 0.7379473866783907
40.93 5.773067018477898 3.794223192392108 0.167235821533947 -0.16754820345644134 0.25107113356941574 0.6015276037316443 0.7396319539849218
41.03 5.798039848376849 3.8436349552038043 0.1660456267209971 -0.16626630777279 0.25470104238282415 0.604026984516509 0.7366371534782913
41.13 5.8219348457964015 3.8879781558738102 0.1678111133393937 -0.16683089226362588 0.25904701919805195 0.6078763894330015 0.7318117178626102
41.23 5.833663045679559 3.9264122617022124 0.18351143393098046 -0.17521789112548028 0.2600338101551983 0.6146507953932876 0.7237993561257903
41.33 5.849416364947192 3.960387288569939 0.1961295374630227 -0.1695897893483737 0.24306729282606288 0.6271414178470549 0.7203132905394493
41.43 5.858175344277839 3.992627866880969 0.20302113262142177 -0.16597759762761385 0.24194112546375507 0.6299644144759782 0.7190693745314395
41.53 5.871588091023823 4.02522372775837 0.2102894560602363 -0.16425349197706765 0.244951528196226 0.6285450387035858 0.7196879000850167
41.63 5.882644967916286 4.055029639373233 0.21482692564470549 -0.16621105386809104 0.2482462552812986 0.6248331359224711 0.7213398883772904
41.73 5.894714932336932 4.0985391555257005 0.22351321892507392 -0.16254026858814505 0.24580172719194399 0.6228039322237375 0.7247602596744672
41.83 5.903396576310476 4.1439279445728046 0.22992580641238064 -0.15553254127877075 0.23319678883402936 0.6181943728981201 0.7343463784876757
41.93 5.9041464071923135 4.18734158055943 0.23230836678957767 -0.1578289872854291 0.23573010576654949 0.6121752655204328 0.7380804646464605
42.03 5.901435099753133 4.224199873381961 0.2390610266915662 -0.1503123755300304 0.22644547943776308 0.6067626811376675 0.7469723444568412
42.13 5.901895935525598 4.251603168639922 0.24158282555628313 -0.1489199318137318 0.22744903859816729 0.6044073898671087 0.7488534541707021
42.23 5.903705674996845 4.279628213119276 0.2370627140127033 -0.15362985841767368 0.23289782260152428 0.6038237335006811 0.7466949642868452
42.33 5.910547438646824 4.306095227462056 0.23066841328347898 -0.15591713876597585 0.24247128013817515 0.6017446147405591 0.7448496108463252
42.43 5.917700716140024 4.339692154262464 0.22123159480208107 -0.1564647287639956 0.2473952055455994 0.601328200072796 0.743450601400706
42.53 5.928549989183909 4.372898400721346 0.21282103953439588 -0.15879105072256752 0.24754615376811584 0.6010725221820079 0.7431138049066206
42.63 5.946741623944347 4.417150825030502 0.20469528186231828 -0.15771898109768842 0.24521511846445088 0.602932676622532 0.7426078750853384
42.73 5.965506843015176 4.461742704745078 0.2021633609317884 -0.15903205453965968 0.24340647366688142 0.6060730729364405 0.7403631031239528
42.83 5.980396282601796 4.5027600847662335 0.20219736489587772 -0.16247344617413628 0.24105439861530759 0.6102883059071798 0.7369147439625952
42.93 5.991483049108544 4.540346177244864 0.1992722544022814 -0.16913818722078397 0.2405701353359344 0.6159144280574432 0.7308677725271445
43.03 5.997035313740101 4.57981138624015 0.19470848751925773 -0.17324762542914868 0.2435421394309664 0.6188261679303146 0.7264479750740799
43.13 6.0015116791119185 4.62063600507694 0.18881865281019428 -0.1705424229989608 0.24684707568707895 0.619857938313611 0.7250916766119859
43.23 6.005286386501473 4.664720523780586 0.18641697335500457 -0.16251479041441183 0.24003751597583997 0.6194844931164356 0.7295271733177463
43.33 6.006239166320329 4.715721580066068 0.19155504440098514 -0.15095340287774517 0.22899050787959796 0.617582674603524 0.7371350334166941
43.43 6.0061487614091975 4.772611000713473 0.1898360718638794 -0.14871412509081425 0.23435322610299286 0.6140341802305554 0.7388671733959921
43.53 5.98845726728333 4.823036309676086 0.19844374491971156 -0.15113473661119808 0.23845994000385962 0.6130189452248531 0.7379044119655527
43.63 5.983106809439952 4.857968321531227 0.1993835838121823 -0.1469352669363292 0.23545617216125272 0.6105814044509617 0.7417282297851494
43.73 5.982741580973653 4.883300429628262 0.19685721100211 -0.14754167507846783 0.2438513227771126 0.6056870637303478 0.7429072400539667
43.83 5.984006755107689 4.91899633971886 0.20187640389873374 -0.14885216640621746 0.24477908538026186 0.5998536696084208 0.7470621172124109
43.93 5.990472366217305 4.941112176296559 0.1992977108023346 -0.1549673997893145 0.24744680473903524 0.594789512425055 0.7489863948938899
44.03 5.991665341868805 4.974345019559804 0.19941987539268113 -0.1575505794831128 0.24295466045597897 0.5974718853158568 0.7477821836098872
44.13 5.991205925761057 5.000769933459959 0.20135707634620012 -0.156880362279495 0.2394010052809531 0.6026157538477692 0.744936214595591
44.23 6.013464627675437 5.0488107815765435 0.19993248890939785 -0.15152970080199682 0.23276007751775962 0.6091850476782212 0.7428021767429518
44.33 6.0268380351883595 5.094266096306732 0.21517952331126583 -0.14524768270149227 0.22757804101138457 0.6178496056100208 0.7384938799792515
44.43 6.042604088505442 5.116962909766094 0.2097182480525993 -0.14280015721642972 0.22625294796277146 0.62177715089403 0.7360780483503234
44.53 6.057009025032864 5.157060641595722 0.21686310463457603 -0.14689695318767138 0.23054912071708908 0.6239345750377735 0.7321024751721504
44.63 6.065883694813427 5.16573934042292 0.2250923271339962 -0.15614988421257708 0.23999605167954305 0.624394941233741 0.7267393385529245
44.73 6.074939090346115 5.191696471984545 0.2380678348865881 -0.15735800303000747 0.23840775698141625 0.6273334490996806 0.7244673518759812
44.83 6.07600984785496 5.2112981713542625 0.2506608441271583 -0.15686516947626253 0.23398342762665955 0.6284238518253614 0.7250714010759489
44.93 6.089041390842746 5.2317852926095565 0.2542743249723825 -0.15258596118592246 0.2290963390796542 0.6272779277787301 0.7285291985849918
45.03 6.090984576074414 5.255802104122937 0.25937707017655826 -0.15288328156359396 0.23100699538507558 0.622939067157996 0.7315800632260508
45.13 6.088722228219226 5.285620990861295 0.24855655225679352 -0.1525856767230392 0.232275039676008 0.6210741572360315 0.7328252236488821
45.23 6.0826735294567085 5.317025306102957 0.251013712235364 -0.15314161264314352 0.2373859149745603 0.6217115814968269 0.7305274007738948
45.33 6.0768247863803495 5.347494452770707 0.2533938387550125 -0.15174719599928055 0.23607780542021498 0.6193838127849732 0.7332146689437415
45.43 6.075599126622438 5.378181336558619 0.25918387679425603 -0.14885747718306966 0.23939983645222407 0.6153924911849514 0.7360850844749673
45.53 6.070035204139069 5.3960721955747495 0.25361485177526577 -0.14509344739182717 0.23681779928133265 0.6132085729799287 0.7394866242816168
45.63 6.075255249685853 5.43087440463194 0.2524810356108724 -0.14801332411985074 0.2400905545789924 0.6085171152138769 0.7417246807116001
45.73 6.076918973495471 5.440044177860216 0.2581517955636973 -0.15058791969189284 0.24292901688516122 0.6046469902593145 0.7434452154452469
45.83 6.079605592970498 5.466407212469095 0.25291470630621926 -0.14982993641909179 0.24102017767814304 0.6038295555106714 0.7448826296782818
45.93 6.094230411022814 5.493338806229501 0.25957854873573677 -0.14925697926144893 0.2375226478198714 0.6035344093405712 0.7463588698851998
46.03 6.101790325454034 5.511471890829525 0.2534721018779441 -0.1496572743203673 0.23547217706442578 0.6052054712707085 0.7455748732458315
46.13 6.11854966895824 5.557612880657286 0.2551195510373367 -0.15204179317477984 0.23576697692837392 0.611493977721374 0.7398461603122267
46.23 6.132164411103909 5.591532794540135 0.2579676359550846 -0.1529278733610323 0.23841515975434383 0.6192834457272577 0.7322972695543508
46.33 6.137396474476377 5.608915564245606 0.26389259519163044 -0.15398368707405566 0.2435220915537311 0.6249639471343187 0.7255384757700091
46.43 6.148340157930284 5.6379443739455795 0.25993760445030956 -0.154861983406484 0.2424380861148987 0.6287676878800914 0.722421438755993
46.53 6.15355729098716 5.671900319169152 0.2731734874210686 -0.15602295279547185 0.24444256032599282 0.6291139441634024 0.721193675902266
46.63 6.163392482570855 5.716993304868927 0.270866329725086 -0.15534392312334133 0.2430567713305653 0.6280581882581755 0.7227271847805843
46.73 6.157350338428848 5.7562397452618885 0.264617243576581 -0.15336179885399645 0.23908073675382907 0.6237238050778476 0.7282095680123435
46.83 6.1594642354631 5.808790403492921 0.2524689019344852 -0.15351178303658844 0.23607467897926723 0.6158619073892734 0.7358104303695412
46.93 6.160166338214027 5.873073839157637 0.2569572246672117 -0.14963600316113596 0.2373552534041365 0.6080602631766007 0.7426535306487284
47.03 6.149937100485262 5.926177802026393 0.24899653251526546 -0.15332128024356279 0.25667253958613145 0.6001839392569902 0.7418834352543816
47.13 6.136013877958048 5.97236971300414 0.2535512495163911 -0.14099127099633116 0.24896775555768907 0.5981160163647963 0.7485945158517477
47.23 6.129146043788896 6.014840207058836 0.2543621209860521 -0.13519226402163467 0.24589657795474562 0.598403170823892 0.7504475796794617
47.33 6.131278521974411 6.05525996004459 0.25498047912321964 -0.14426031561845468 0.2464136170907363 0.5976646331263674 0.7491770664935282
47.43 6.139704936324642 6.089320107083858 0.24510798747530826 -0.1547578565817306 0.2481083241440859 0.5958408091406063 0.747974595477219
47.53 6.146948357465536 6.124745527861495 0.23676486535623462 -0.1617288034789706 0.25030029060508474 0.595509036355619 0.7460311965776448
47.63 6.152729107112704 6.14671038079622 0.22794723283839646 -0.16442234328422012 0.25545125235557087 0.5951123012339934 0.7440102819308864
47.73 6.157328714233141 6.177972264551915 0.22121774660974272 -0.16372437068861267 0.2534162529753693 0.5991088341631692 0.741648931771758
47.83 6.1658552802930116 6.212227884060397 0.2119214522282608 -0.16563207366051685 0.24863960674262184 0.6020035228304608 0.7404972117661933
47.93 6.181806010671699 6.251496437104301 0.20665147675754209 -0.1629197329036998 0.2405687337871798 0.6060713355461758 0.7404467443266228
48.03 6.198065485206447 6.2936652984249655 0.20378781562445106 -0.16270846456811042 0.23626885867495095 0.6103122947829042 0.7383914170784689
48.13 6.207911467494049 6.328997437989503 0.20986775332867527 -0.16570721393896737 0.23698706705830194 0.6137427078901393 0.7346415029164689
48.23 6.218541831333098 6.361511557869924 0.19771059756188944 -0.176375638652296 0.2491391760557467 0.6096681166795871 0.7315231319299641
48.33 6.223008995679552 6.38871913448454 0.19351303704634887 -0.1782211581339579 0.2518911271288502 0.6058153749444152 0.7333319919027846
48.43 6.228378253546642 6.4239042626324885 0.18402263954064382 -0.1766241673493186 0.25358481346371425 0.6006427619755002 0.7373784092141401
48.53 6.230848295085665 6.4513207868361455 0.18452739297010243 -0.17345688181060231 0.25137419008709316 0.5975851573015268 0.7413607128001254
48.63 6.22377767183683 6.479372449995242 0.18588349107903596 -0.17325253396860352 0.2500588253852707 0.5982211318075268 0.7413404216548012
48.73 6.215438091545044 6.509619991697637 0.18997370965998633 -0.16737377095645165 0.2476869161912228 0.598263538143347 0.7434500328009297
48.83 6.209214893602231 6.5332938054651954 0.19474523999966648 -0.15902673731269168 0.2530534524147836 0.5983809871677885 0.7433805494070596
48.93 6.202769688739527 6.553808476606316 0.20024173736694903 -0.1552950515713652 0.25566563066673065 0.5986125698045481 0.743089176024806
49.03 6.204467883943442 6.575777707055216 0.1972843966657284 -0.15905490304868897 0.2591624675039215 0.599708544885162 0.7401932277758103
49.13 6.203893375768157 6.5868524332340215 0.192027294492889 -0.16474490920101478 0.2594551263646364 0.601043223485594 0.7377595785874328
49.23 6.208284760105846 6.592522287273587 0.18456959943410933 -0.1654219408568663 0.2581850835229352 0.6018112533082205 0.7374274605145862
49.33 6.21853668206083 6.593185905850127 0.18537831000181884 -0.165099073678135 0.25052298119965993 0.6076063246798925 0.7353877113267868
49.43 6.224407406832921 6.597531903464158 0.17884657739412949 -0.17531581348816955 0.24606998608395553 0.6147039094678879 0.7285966175975002
49.53 6.22479245468269 6.612834214023543 0.1697474425012625 -0.18539618310158332 0.2479081494097476 0.6227412011544383 0.7185841642649287
49.63 6.215186415318015 6.63088782029486 0.16726283587910937 -0.18719984997471809 0.25310235463721403 0.6272978383275563 0.7123151242786554
49.73 6.206346815145123 6.656409365338307 0.16035494013311194 -0.18591895578983475 0.2623006289366839 0.6247241518173637 0.711584328153391
49.83 6.191195399314486 6.665808850714925 0.16653387104238826 -0.1753451033455107 0.2615757435005449 0.6189249302226113 0.719558306111343
49.93 6.20066304706782 6.689914409589466 0.17126004221095895 -0.1634883058327673 0.26871256372199825 0.6098250916098216 0.7274465544608452
50.03 6.20732909575502 6.70953043870114 0.17325035103371428 -0.15575109565282433 0.2768703835798972 0.6001157688695566 0.7341290423715482
50.13 6.2284658684591925 6.728559380576524 0.17368020066031725 -0.15006215951397742 0.2857359824905288 0.5838799697245286 0.7449298473995101
50.23 6.256007459494517 6.742170049488086 0.16992050343497417 -0.14490912359084696 0.2874098586047912 0.5702542619696337 0.7557823732943068
50.33 6.274851228381766 6.748690962257708 0.16829696721255438 -0.15247757169003637 0.29093063568023814 0.5593263208531812 0.7610939640773975
50.43 6.2883531173160065 6.750865008756965 0.16246259902310367 -0.16213507046946468 0.28812652610075523 0.5557313790872341 0.7627961445751895
50.53 6.297200811228621 6.763669883200431 0.16306975814764485 -0.16866570703283884 0.2823589556559418 0.5587960769051876 0.7612964231279234
50.63 6.314962918920552 6.790711991243725 0.15500751555499864 -0.170848617121224 0.28411581608800945 0.5629933542745565 0.7570518054394254
50.73 6.331841846500565 6.823084210150274 0.1528727074095324 -0.16688291901901886 0.27648373270161736 0.5687605947016808 0.756451070992475
50.83 6.355395073011364 6.8632017009649955 0.15719492412145136 -0.16753188769176078 0.2651782704818422 0.5732465891012016 0.7569688894231602
50.93 6.366923974692369 6.891067113891562 0.16381397178697243 -0.17505484741755245 0.25807811373157485 0.5760565481997891 0.7555860909813745
51.03 6.3861054530571595 6.924913113494164 0.16386735195310898 -0.18364428053465143 0.2603727694674888 0.5723414259363837 0.7555832788672916
51.13 6.3948987721339705 6.94789518397257 0.16550157186409986 -0.18348281401750802 0.2593076261331696 0.5730215031952043 0.7554733409362011
51.23 6.389836626970208 6.978157082354593 0.16545437196493978 -0.18302531064546007 0.26686053131904 0.580115347761786 0.7474980774413235
51.33 6.380555472734431 7.010399690556475 0.164815946939178 -0.17871128366594682 0.27188985286595746 0.5852810675288675 0.7426871864999872
51.43 6.377020703985924 7.044406342787709 0.1653948075078631 -0.17464606319303116 0.2664799837973159 0.5839754500332273 0.7466323356278162
51.53 6.382339302989526 7.094579081222813 0.1611944602839148 -0.1658702996568981 0.2617124455557364 0.5818655190102303 0.7519482411176464
51.63 6.366363127498527 7.136564435085638 0.17206965310972172 -0.1574930385933116 0.26924275571256395 0.5860508108096647 0.747829344463217
51.73 6.356579151623538 7.177541602662692 0.1855266055683204 -0.14458713005712368 0.2585847215964339 0.5921494436779835 0.7493914463954028
51.83 6.35710706463992 7.20478781879531 0.20209555440663546 -0.13626865901049515 0.2477215023545538 0.5966524012492678 0.7510464845308625
51.93 6.362828712295597 7.228058885654803 0.21895699357055715 -0.139371737298053 0.2436117747638673 0.5993276392163649 0.7496900712362811
52.03 6.371692412373626 7.259727438574407 0.22672922274973534 -0.15053813156442863 0.24415124033675098 0.600644810580882 0.7462936783260148
52.13 6.386984370253234 7.2827335117092 0.23121297926329926 -0.16072658518474958 0.25166220597526 0.5991415016639651 0.7428745249921849
52.23 6.410896753621253 7.314549704498636 0.2404024041221121 -0.1639953537530956 0.2534622099740463 0.6022937121673932 0.7389889825606948
52.33 6.439377207741573 7.356255746176936 0.24750690750278143 -0.1722461261608105 0.2552683376389654 0.6068274894226912 0.7327549016571552
52.43 6.474728291636353 7.390299767140735 0.2636014006787785 -0.17138226012127042 0.2522980158959392 0.6069784669124694 0.7338603224015358
52.53 6.499938378105556 7.412334721680103 0.275571219182314 -0.17635927334785115 0.25995835732540495 0.6031045622217942 0.7332011635207306
52.63 6.5128069594285245 7.423415077800087 0.29057051191991584 -0.17893922197821172 0.25621531359333155 0.6012361455232369 0.7354247515786128
52.73 6.522609679579505 7.4356543070789884 0.2958019774277992 -0.18680017487836006 0.2656268209833444 0.5968746927249252 0.733681598395532
52.83 6.522662358857446 7.450425257699087 0.30035783916045344 -0.1901059211113557 0.27625864252931215 0.5959654678671903 0.7296341975922632
52.93 6.516311685208642 7.473586245444579 0.31668880760100976 -0.19028830185599005 0.27272361555120356 0.5970688229863468 0.7300143918548055
53.03 6.507931497019728 7.499522491896683 0.32883110435393653 -0.19096887623501385 0.27084477440117505 0.5975490660047025 0.7301432121207595
53.13 6.495310932898885 7.533625026876654 0.3481190617601088 -0.18255266202725626 0.2725232242992313 0.5979717537301776 0.7313244147060654
53.23 6.48216681518522 7.569778678372612 0.36793427414779806 -0.17564207309455354 0.2769741610284076 0.5974870059444635 0.731740701347942
53.33 6.475749034174838 7.61317017802762 0.3750791059025494 -0.182978682017708 0.28649477040227606 0.5900790998700698 0.7322883341660836
53.43 6.470615414111639 7.655230572757691 0.37132000168778245 -0.1948054451180056 0.2964686241033775 0.5836132904375875 0.7304469321581399
53.53 6.471523106002767 7.694765428823146 0.36605778098927616 -0.20072005961712974 0.2948967331693375 0.5841160668497923 0.7290787302351355
53.63 6.472909873137891 7.732331037950828 0.3602224273745867 -0.2031103426023873 0.2981017336350084 0.5924572390559198 0.7203304554313805
53.73 6.476688270627526 7.769161749842896 0.3550194315983224 -0.19558277839183114 0.297843024959938 0.600068494196031 0.7162085670756485
53.83 6.491376792269113 7.807115925948781 0.34921404580962445 -0.1908054913010633 0.29087919449707633 0.601954549736581 0.7187720631392974
53.93 6.513463397976408 7.843320582461181 0.3342086829774387 -0.18710461962302596 0.28804014242004267 0.6050542788851007 0.7182854984427817
54.03 6.536539921623937 7.882295195767234 0.31820790072203103 -0.1776707798723587 0.27613577922811827 0.6113784874064544 0.7199989378785385
54.13 6.558114330029516 7.92883666547211 0.3055423343797455 -0.17731595346966067 0.2688690463185889 0.6149207109182838 0.7198201218781191
54.23 6.571292456198627 7.96806071192613 0.3089937120369504 -0.17690771050935994 0.26879224649352573 0.619602977562574 0.7159235576392864
54.33 6.581940658361965 8.011289735602263 0.306880498588528 -0.1857142244195436 0.28059852759644976 0.6187986996235677 0.7098329821184232
54.43 6.591183428507242 8.049625481257078 0.31608948553668886 -0.18211003350451924 0.2764907627086114 0.6204059246068984 0.7109748817971369
54.53 6.600472164136259 8.092572265285712 0.31278839994961766 -0.18569751696657147 0.2799538375171737 0.6174557985172039 0.7112598807252803
54.63 6.608249937794555 8.136459629124646 0.3051709886937672 -0.18813982832231396 0.28212612812823434 0.6146002136498386 0.7122322866928978
54.73 6.610572015901586 8.182056144342216 0.3038555921635269 -0.18536752296265216 0.2775001460235253 0.615825754265962 0.7137164638498764
54.83 6.605744297840232 8.226683599438292 0.30727551159982003 -0.17859286667769494 0.2819285371756018 0.6179577973385958 0.7118630827668334
54.93 6.602201594926978 8.269212615639542 0.30896761854853777 -0.17953122708255276 0.2846833728511513 0.6184650056271765 0.7100879892935114
55.03 6.594354932028924 8.299982093664646 0.31234602659148836 -0.18088423769496795 0.27496032216072025 0.6261557207100408 0.7068286406285987
55.13 6.590069190939815 8.330858133667437 0.3094640206279682 -0.18721904262048725 0.27100848400276634 0.6258150466765514 0.7070070431275889
55.23 6.603982682716985 8.367616480443829 0.307812977927541 -0.1875758626613848 0.2755345623323259 0.6193465701169323 0.7108486665891431
55.33 6.6251608491640175 8.404063788576858 0.3011154975349628 -0.18979282076214327 0.289115344447542 0.6080337971210922 0.7146229105973547
55.43 6.6554728290431155 8.449588560429723 0.2915627040575933 -0.18781076335676217 0.2873988194676028 0.6021366901542922 0.7208054120953953
55.53 6.68881824802656 8.50085061229444 0.2897585453318107 -0.17997625144739435 0.2834416649363722 0.6056097741687197 0.7214611375010812
55.63 6.718650828354411 8.542637293400698 0.2968786875124987 -0.17556720870390777 0.27150280530605586 0.6014565014933367 0.7305562666559341
55.73 6.755553620064856 8.575444177657596 0.3026678260775046 -0.18517548481493223 0.26746675535485903 0.5938685334227529 0.7358612230670993
55.83 6.772217327721039 8.598765362882459 0.30406744518651907 -0.19682459529868734 0.2686771280199082 0.5942196004804954 0.7321036442808371
55.93 6.767833743874321 8.628463259617236 0.3018183764997608 -0.2079687643107796 0.2725359497773386 0.6079863623476172 0.7161185183678213
56.03 6.760265871358897 8.662125974765555 0.2894591581813065 -0.20815179584109608 0.2714294497297505 0.627799065649805 0.6991904010187521
56.13 6.7526875601075425 8.688558649774034 0.28530058347556136 -0.20626464585095175 0.27544367224303207 0.6345017508364196 0.6920933517082596
56.23 6.757379741137214 8.722718308181854 0.27792254783525777 -0.2088633302141269 0.2794370464882778 0.6316322863260005 0.6923378519280613
56.33 6.770096314677875 8.759815955069358 0.27679812829644856 -0.20481177267946754 0.27159980826028995 0.6279749421944397 0.6999522511577186
56.43 6.782186597351224 8.805266414453914 0.2866563819941625 -0.195548535817917 0.255091733482411 0.6225861133739877 0.7134952761457357
56.53 6.792809345785119 8.85903326229473 0.3070573678471042 -0.18516585009772518 0.25339702248025087 0.6195509593147752 0.7194860427887896
56.63 6.796596893544561 8.912795408917498 0.3293358892881919 -0.17415837440607637 0.26248626507647593 0.6108705970884301 0.726365565595768
56.73 6.810524853607366 8.960746394996937 0.3488939855883758 -0.15816197461800247 0.25724050774222323 0.6039386677670556 0.7376111418201405
56.83 6.823366612017683 9.000619691347449 0.3567740110368382 -0.14664745325134573 0.2523737356542492 0.5992046455494402 0.745490318353487
56.93 6.837060059478111 9.036982365180476 0.3568062632632275 -0.15069228038028787 0.2610912349643663 0.5924124859006141 0.7471081917685186
57.03 6.844357655050445 9.077794215917477 0.34944275126071966 -0.15689636306677957 0.2682065715514369 0.5880220484999602 0.746778974470326
57.13 6.853807888449637 9.120476023085462 0.3370551395126949 -0.16129115673882377 0.27095193755700453 0.5854052718978008 0.7469075430909903
57.23 6.868676634227435 9.17028674545442 0.32303329904142114 -0.16222443550121812 0.27099354227322714 0.5873864818477713 0.7451327757621574
57.33 6.887505643093393 9.225571145530315 0.3192640026393144 -0.15677908919062714 0.2628201982565716 0.5902661424118281 0.7469482858292089
57.43 6.909184926564347 9.288675936740967 0.32634869821711354 -0.15626770375620885 0.26241422901086164 0.5901338857959326 0.7473025986913134
57.53 6.9179330386613715 9.339555239002493 0.33662022255917723 -0.162732904006686 0.26710179460479677 0.598706425869062 0.7373772771760336
57.63 6.911315171086887 9.395817227703157 0.3378169855005173 -0.16954354777568123 0.26508148501217 0.6080475621497418 0.7288792450571864
57.73 6.900015689864729 9.439125692888664 0.3378172748307869 -0.17117794664787117 0.2696392647456832 0.614307218527618 0.7215396168982596
57.83 6.8934475113774125 9.483484545073685 0.32935969048359304 -0.1806837056066077 0.2727276395217085 0.6158993372324003 0.7166875466797732
57.93 6.88257588751425 9.53025915082869 0.3090486662348283 -0.18770281755743778 0.2772714123555124 0.6185206557468577 0.7108589273448395
58.03 6.875382004831053 9.577816001082436 0.30344372348058574 -0.17702546843404537 0.26940220779357593 0.6159569045902373 0.7188056243862225
58.13 6.865238603660626 9.619332304384411 0.3035227396902752 -0.17060843957046015 0.27637897144031404 0.6136710115808289 0.7196633338153953
58.23 6.861203117572263 9.65837610384389 0.30719915521738783 -0.16559770705842294 0.2861575532073955 0.6045538807692674 0.7247108798729104
58.33 6.866805630224452 9.695871427720304 0.3102855833879668 -0.16360707649520922 0.2869423280144945 0.5982588451975768 0.7300569697339894
58.43 6.874680155512505 9.729905564219743 0.306368516538904 -0.17312341388262092 0.28984625735345676 0.5921438421973171 0.7316987773746921
58.53 6.887794550580452 9.76715903866906 0.3014440602864822 -0.17647946437126752 0.2961931811783639 0.5895851209119503 0.7304204154306699
58.63 6.900809220152096 9.80067294623317 0.2886121111696955 -0.1774128898525466 0.30670214503845705 0.5863335975394195 0.7284719439617833
58.73 6.919747013232088 9.848315855187108 0.2793581014199351 -0.17045381728377845 0.3017561481474 0.5896009372071448 0.7295611407367373
58.83 6.943084327670582 9.898946256400345 0.28528263730488596 -0.16526233103330384 0.2853110368937915 0.5947482126271897 0.7331852001675917
58.93 6.963857435073341 9.949343094988501 0.2955260953070274 -0.1643956603303148 0.27886184774272116 0.5927805460233458 0.7374424458860088
59.03 6.983379416717808 9.985613741400044 0.31208277999297057 -0.1657130552577777 0.2743167253773792 0.5991248634982775 0.7337158274383445
59.13 6.98427824033306 10.033460939808812 0.3287686547742891 -0.16779484340799028 0.2660756029711134 0.6098981104812329 0.7273740157997591
59.23 6.9809472779044865 10.07052875998308 0.33233265081701807 -0.17511496319768693 0.27047441731307903 0.6195746487601064 0.7157552611453261
59.33 6.977896085956391 10.103098100878888 0.33779019573896807 -0.17479717422881383 0.26795844610716146 0.6257044185859114 0.7114339038895486
59.43 6.976364268988065 10.143392831630676 0.3296925149642084 -0.1763746789988206 0.2634164762007404 0.6266774997058995 0.7118841507130287
59.53 6.97795222759551 10.187945721775522 0.3177778774512083 -0.17683361719514581 0.2536932568431377 0.6230730438058407 0.7184355123074913
59.63 6.98175208963602 10.241383940337576 0.31647522621238033 -0.1732247357013992 0.2487996691181868 0.6196308444553427 0.7239817208931593
59.73 6.982816994051732 10.287503742383445 0.3225131278720034 -0.17532349608314285 0.2612940802057767 0.6181016649890593 0.7203731027102234
59.83 6.990208605996974 10.337089492898398 0.3340204142315131 -0.17347087011531467 0.2635866566769976 0.6163277602221975 0.7215053871058537
59.93 6.997101033601784 10.3769699161411 0.34373756157207175 -0.16704850552346842 0.26211938416863007 0.6180678979374234 0.7220666858293968
60.03 7.0061409839992725 10.412495520450236 0.3504382328159074 -0.16329946195829936 0.26197347652531866 0.6200885082952342 0.7212443588698353
60.13 7.012892840697627 10.44465931114622 0.3503076572627582 -0.16341877832443552 0.266255100427643 0.6185294662048382 0.7209880885448614
60.23 7.021352501339549 10.481336898823226 0.3454520852659666 -0.1679744402138631 0.2695863436107464 0.6161922992681143 0.7207044061861303
60.33 7.0323253705555455 10.518251175072768 0.33542292098447213 -0.17348116652416307 0.27132461326533264 0.6159183854263848 0.7189796809309625
60.43 7.046315339645919 10.560608823875308 0.32237634604076404 -0.1807381275709548 0.272836521405178 0.6161651237086029 0.7164038680484837
60.53 7.070407012394131 10.616702692251458 0.31861284164672543 -0.17871408920121473 0.26428972988293276 0.6181550171038986 0.7183986273850095
60.63 7.090127642127418 10.65475890889362 0.32372099824562633 -0.1784701945574885 0.26492251537693096 0.6192733702024269 0.71726211628602
60.73 7.108716780396888 10.699920548196749 0.32404690955902904 -0.18177075920793864 0.26576275511313385 0.6226950590709827 0.7131482401999121
60.83 7.121739163371443 10.734853792480372 0.3263178879339336 -0.1847934276249157 0.26338110904875783 0.6282357989393752 0.7083795320545947
60.93 7.129604702932628 10.767956733323244 0.32399540961653267 -0.18391079542498961 0.2654658829036539 0.6375278848065394 0.6994732878633972
61.03 7.137645677904226 10.797773481305123 0.3221452802555156 -0.17945353682867599 0.26508738717528174 0.6396139656709277 0.6988698592720757
61.13 7.154260180150259 10.829000675622318 0.3159001665621517 -0.17760911939902385 0.2690747994363021 0.6325215398989578 0.7042515563195215
61.23 7.176470656759522 10.86363182116589 0.3088726690079069 -0.17968458928271563 0.27596459804371914 0.6225070455924274 0.709959130646728
61.33 7.196283194020269 10.90638605866802 0.30713512703891227 -0.17065381423978357 0.264067877140268 0.615730829850388 0.7225101917065244
61.43 7.2145146570297705 10.95627255393263 0.30572316485746875 -0.16702386381342074 0.2630055406744226 0.6095789978100565 0.7289338515395465
61.53 7.222951028537128 10.99849984086875 0.30614383479862173 -0.1676180488316452 0.2708590178634883 0.6042182441304611 0.7303833894659718
61.63 7.229368563027261 11.043819980996608 0.31237517129572456 -0.17064428191305606 0.27968342712987154 0.594626404422607 0.7342187336228283
61.73 7.233821414237259 11.071987237200558 0.32096528593601126 -0.17152290099684978 0.27772864515694856 0.5866804471396371 0.7411158796281093
61.83 7.239347643697495 11.105200139895569 0.32638044786556064 -0.1727421253254876 0.2726452969634104 0.5866669288054193 0.7427291665390451
61.93 7.241947013340969 11.136281919290672 0.3319188123234216 -0.17440935350403272 0.2734713935179763 0.5899126598443829 0.7394577933141059
62.03 7.245192900220396 11.17490962443349 0.3310190164136986 -0.1710967638682858 0.27248352546339427 0.5948104583937421 0.7366675941903961
62.13 7.245907202679294 11.218345602198951 0.321781410770275 -0.16972952562290494 0.2757012157619345 0.5951460210093154 0.7355147458997641
62.23 7.254314560270009 11.26925345505526 0.3100311840611134 -0.17379320725813807 0.2818211744726863 0.5963562231181398 0.731253719223385
62.33 7.265533762075314 11.331038276851544 0.30306551313338226 -0.17400791709387858 0.27686185786735534 0.5963713891023527 0.7330824801528247
62.43 7.284337230607799 11.389966221987072 0.3066208996911871 -0.16297627104928009 0.2632907838280707 0.596583282270618 0.7404087287041448
62.53 7.297420120991679 11.444199765796954 0.31783076220816314 -0.15949622782319794 0.2668148765242119 0.5987216707750437 0.7381755454631916
62.63 7.313282026209573 11.497156331286876 0.32987136058466837 -0.15540547964830467 0.25958897201983056 0.6091554696001223 0.7330704716173082
62.73 7.314650540862835 11.539077732935107 0.3351870277046663 -0.1608253913947661 0.2605167874529052 0.6122824698623369 0.7289556735750224
62.83 7.314824050707575 11.574313107292598 0.3395166107818227 -0.16614355091984284 0.2622230875891328 0.6176519149356335 0.7225935820357889
62.93 7.313113942297015 11.614187350632319 0.33926392922282556 -0.1685176183811765 0.2568304200552096 0.6194532041737387 0.7224387001457558
63.03 7.3166509721715585 11.653744669823416 0.33373006467472066 -0.17024581735304364 0.26059494813888984 0.6171328099819635 0.7226712458110182
63.13 7.321821065776076 11.69966016825444 0.3259889146828734 -0.1724388672346096 0.2626231641945907 0.6109597353131282 0.7266513005020897
63.23 7.332100665336021 11.756772099874574 0.31851599792270624 -0.17136260222933586 0.2603393315097959 0.6052401155454141 0.7324907463994319
63.33 7.338625391631632 11.814217729347416 0.3264309775339274 -0.16586879750386976 0.2577804018696086 0.6066937860499998 0.733457194657521
63.43 7.337831073107788 11.867296931226157 0.3430739641449437 -0.16382825947417606 0.26503656866842296 0.6051654451002554 0.732591770853823
63.53 7.3449773755395995 11.91459822292698 0.3535594428040721 -0.15550858739690118 0.259106485574153 0.6009316183782641 0.739974390376121
63.63 7.355660659044149 11.960205627526237 0.35902953839101276 -0.15549758931611 0.2615451151586426 0.5977822466319264 0.7416677410169716
63.73 7.3645651439939295 11.992326483896042 0.3581362711590553 -0.16044812028818928 0.266357872078768 0.5950956093831425 0.7410607939775006
63.83 7.378630570287339 12.029915144915558 0.3558447688499098 -0.16166405136810125 0.2704071722185495 0.5926819000875079 0.7412643664824858
63.93 7.389637890359197 12.073639792004306 0.3459835914207553 -0.1678560998875571 0.2778424084696166 0.5898739143235019 0.7393758793651651
64.03 7.407804861038822 12.127480003603571 0.3394412317488047 -0.16821342571561432 0.2732923213740926 0.5940444467116303 0.7376494735428545
64.13 7.434125185856651 12.179364650075398 0.3423666625272624 -0.16265453805540683 0.26191593248179434 0.6052903686982263 0.7338713205483232
64.23 7.457621288104906 12.235755156094495 0.3460334639007379 -0.1458675200845927 0.23651721578680798 0.6183885646155354 0.7351039765730867
64.33 7.486803127353956 12.29617821182151 0.3521049497743227 -0.1506484238242385 0.24224647027259416 0.617912580341594 0.732670282661536
64.43 7.506449551038994 12.339552458883261 0.3594349245624631 -0.15505519137768295 0.23932071717686018 0.6228784962631585 0.7284956148459165
64.53 7.519675814075286 12.382872329713464 0.3628014207907807 -0.1547114607796894 0.23573017226988727 0.6271475237226216 0.726072746543766
64.63 7.5266941623499 12.414390298101068 0.36110841433559415 -0.15658153251410592 0.23747239402099796 0.6273829715470508 0.7248997811878981
64.73 7.531295846268491 12.451042840367474 0.36141204666329996 -0.15631493569281227 0.23825568588862103 0.6285435786580033 0.7236938846977258
64.83 7.53836860776566 12.491404517607064 0.3533747009537399 -0.1633637429311505 0.2479570417767755 0.6230746220561424 0.7236073578111479
64.93 7.545781311815639 12.533512928649733 0.34628576030091146 -0.16506272653776302 0.25266505300278913 0.615504605952914 0.7280582032707039
65.03 7.552077922292962 12.579265658085092 0.34029829324884975 -0.163445693892224 0.24999637026628607 0.6045415472142615 0.738455711396126
65.13 7.5600031437541535 12.644402249537848 0.33642883285382774 -0.16220796908804141 0.2577772667650572 0.595516765748704 0.7433701885438189
65.23 7.5585310407257635 12.703508020413953 0.3384065073648698 -0.1711980629112918 0.2805779843614535 0.5910708015809584 0.7366155886658445
65.33 7.560261426848125 12.757715472780827 0.3537152623468517 -0.1655125418349632 0.2836416689973201 0.5892306030174551 0.7382142633215851
65.43 7.560751906159243 12.799546532398232 0.3682311357803676 -0.15522434463769572 0.27707888543394993 0.5893547494159779 0.742828158741514
65.53 7.566950180422874 12.838165693846554 0.37878204932024195 -0.1547475462586378 0.273776794401517 0.5876052930658449 0.7455330196142643
65.63 7.575480885994992 12.880105825521342 0.3782676859663834 -0.1570859944366952 0.27202494497779645 0.5857003477192974 0.7471823889407161
65.73 7.584642263542667 12.915755304865622 0.3771797267353963 -0.16099136366691355 0.26990563211161933 0.5890604363686178 0.7444733258380105
65.83 7.595781103524526 12.960307788561563 0.37035178248847644 -0.16367359993313402 0.26544711888116784 0.596153543931554 0.7398308805534306
65.93 7.6131712470466475 13.018154423414261 0.3566771929921051 -0.1669065251312213 0.2675702773330614 0.6006563084713238 0.734683848774513
66.03 7.637236706672358 13.079496097919957 0.349795822080444 -0.16803445640251916 0.26466923843660034 0.5990610739604156 0.7367770662502284
66.13 7.657370424729953 13.131294820355222 0.3465524546696719 -0.1738690090369732 0.27080067033215105 0.5964742851071271 0.7352924532797138
66.23 7.664464739535026 13.177958860618812 0.3498691022304867 -0.18496394031510766 0.26730592871688175 0.5989716442697177 0.7318256968819457
66.33 7.6573526025878 13.22136253722234 0.3484703009232951 -0.19746448704028094 0.2758124136630677 0.6009513323830338 0.7237353003234871
66.43 7.6536852354802445 13.27168019299085 0.3426246277517546 -0.202368146518272 0.28287255000678374 0.6001980428963849 0.7202725616256447
66.53 7.651188384336138 13.321079618282699 0.3374181553279535 -0.20197252629226256 0.28626211230176474 0.6019436819454184 0.7175826819605154
66.63 7.6561582308654765 13.375178448895895 0.33384196802220995 -0.19134900386012796 0.2699036871865336 0.6018769048287149 0.7268299318263226
66.73 7.655421232667815 13.4266497518455 0.3506757751642198 -0.16744019321692213 0.2508870024768632 0.6025830328637676 0.7388593791705955
66.83 7.6660174179199005 13.477856278456473 0.38840198611891946 -0.16216646676977348 0.2611207765960017 0.5995919268528164 0.7389232019217126
66.93 7.673275991415002 13.524351141686056 0.4095392826752564 -0.15522912498160416 0.25927966434770694 0.6054051604076948 0.7363168924891779
67.03 7.685167961868394 13.56322725619538 0.43429451597329755 -0.1513036754172255 0.26316276257981014 0.6066544570306251 0.7347264306947715
67.13 7.709961759008703 13.5975950054297 0.4479256974864361 -0.14676752081218464 0.2632251340260878 0.6038311564119115 0.7379429234011575
67.23 7.7369207334561425 13.632100469844401 0.4488685186465898 -0.1561479502538373 0.27167512587267073 0.5921642859655628 0.7423960547042859
67.33 7.770939629044349 13.66757618782691 0.4467931529911834 -0.1636549559405395 0.27209829396169133 0.5817740177012771 0.7488114356411442
67.43 7.815781745913208 13.708697201338179 0.4372716007002564 -0.1612761932131277 0.26406392859734146 0.584307533208482 0.7502299232583559
67.53 7.846452625792728 13.750644123349458 0.4286360477550401 -0.14648146324745479 0.2442637820799849 0.5899567924172266 0.7555325067590697
67.63 7.8761436379205305 13.799372178595261 0.4140688033044332 -0.14091021619738087 0.2473620520398307 0.5939897567749328 0.752417766289651
67.73 7.8817540284093015 13.83906897317336 0.4068096198693288 -0.15149811363919174 0.2606838742381039 0.6021135292135724 0.7392912397789896
67.83 7.880305146163418 13.870104456767104 0.4094102642204488 -0.1660660749529692 0.2795948998542589 0.6102170039283771 0.7224153644835338
67.93 7.878019415620899 13.908769967762009 0.4332634112919902 -0.1624351096942845 0.27011084290016424 0.6192650642100606 0.7191423697261051
68.03 7.877591995177753 13.933789618821912 0.4646133353377426 -0.15759009881452268 0.24267259229858418 0.6270059642500312 0.7232834122925831
68.13 7.881732284838032 13.962104115931474 0.47583504508534524 -0.16258789810217178 0.227335746116209 0.6284851284602035 0.7258719427232782
68.23 7.888418864732744 14.011541100118647 0.47834552867384655 -0.16710519601450777 0.22545322931966363 0.6214450366482476 0.7314730078954016
68.33 7.898472718803554 14.065219334504471 0.46093206976859324 -0.16886009841816643 0.22692279976262916 0.611291725790056 0.7391310682759263
68.43 7.9074418056452345 14.118829633186417 0.45041697529144914 -0.15993073885385792 0.23935356087007625 0.6119026574123212 0.7366866155430091
68.53 7.903003809950723 14.154747391657482 0.4319145959358757 -0.15895888089717866 0.26112579269026515 0.6054009238658165 0.7348708158297029
68.63 7.911733230619041 14.186168237069925 0.42050579694761686 -0.16059069234293236 0.2703091561904937 0.5913443329350545 0.7426004777254027
68.73 7.917697434876774 14.21205422077093 0.4034865722325885 -0.1736301750521154 0.28246847406431214 0.5802047949071141 0.7439264207150762
68.83 7.921812533948418 14.232480895462263 0.3897351249192388 -0.18373737164149082 0.2867810084428949 0.5744714075084286 0.7442982153774373
68.93 7.919694737906193 14.254541662052219 0.3766059210525066 -0.19159829383401564 0.28133028518224595 0.5739134738087517 0.7448266167504634
69.03 7.916871295688122 14.288563613949476 0.3681195485568488 -0.19753148449157165 0.27636715205843887 0.5763070284343474 0.7432850858686968
69.13 7.924904797171997 14.335859853084813 0.3546965115686013 -0.19979385609054295 0.28189423505354216 0.5737947453267668 0.7425480762532757
69.23 7.940106341570588 14.384713645167116 0.34639237195396916 -0.19572412527722222 0.2889238030607522 0.5668954408269803 0.7462202503141827
69.33 7.961765803309652 14.42900054143029 0.339329253315659 -0.1925170819247346 0.28514949218939467 0.5609874363960852 0.7529409249583021
69.43 7.970991094017123 14.462280748252551 0.33365834943151274 -0.19859022368111617 0.27311908940340907 0.5614666454219381 0.7554621712173101
69.53 7.976568738597614 14.49566055701471 0.3164971632233979 -0.21183625888465699 0.28267298871664837 0.5615653757154696 0.7482417454735426
69.63 7.978892794056867 14.523192708787146 0.30765508900551086 -0.21355889405792655 0.2929789534750406 0.56523715697235 0.7409877785545725
69.73 7.972400004506237 14.556654353892764 0.3077282057777764 -0.21418954277201932 0.2906251343626322 0.5742075386355061 0.7348098894394176
69.83 7.959071193051486 14.593488847264418 0.3223753820621779 -0.20588486675918974 0.2662066717133009 0.598699031252223 0.726845856803578
69.93 7.945174133613723 14.639417999628847 0.32521025019501837 -0.20270248837290245 0.2544963938501141 0.6203851575987035 0.7136284348005991
70.03 7.933192648554946 14.695280615861348 0.3254863887053115 -0.20197225146897904 0.2443818289892811 0.6359590766284235 0.7035913474100775
70.13 7.920892688659701 14.75834289270531 0.3225714944973922 -0.20517582072307136 0.23292219314549684 0.6523341895334975 0.6914551610166643
70.23 7.9063073930474275 14.818737300911165 0.33223653409063525 -0.21177705131563418 0.2417073492695256 0.6634823056549806 0.675662095968026
70.33 7.890098643333717 14.865481858789126 0.3404903532243956 -0.2129630338527601 0.24133634372702176 0.6669864590584093 0.6719617391201869
70.43 7.883096420698132 14.90791029944787 0.3419574883413242 -0.20389408777712897 0.2318075107700173 0.6753797198857663 0.6697422734807507
70.53 7.868980050088457 14.935828812012256 0.3402660619969441 -0.21420490270636827 0.23842375952919856 0.684771721691798 0.6544906872674119
70.63 7.852142417241664 14.965322276269534 0.33626958237801663 -0.23279081371090973 0.2391549947785707 0.6977126094242435 0.6338851947905767
70.73 7.825121811983882 14.98311309885255 0.3285102541827444 -0.24344923680466266 0.23170673809923267 0.71379330893372 0.6144457410871135
70.83 7.788746073827322 15.013832415299149 0.3242517456347629 -0.2519721257148294 0.2269221811934487 0.7302932376740124 0.5930330164103567
70.93 7.756933909303079 15.043963431334875 0.32264154341915113 -0.2528325272341567 0.21458802303574276 0.7518715673016201 0.5698393105300884
71.03 7.724487665480965 15.078285405428067 0.3188952399880492 -0.24837674080292002 0.2048319651061808 0.7737883179661965 0.5455313920187399
71.13 7.690556802865368 15.109325067848042 0.3229438832880205 -0.23688725281117187 0.19208554256762997 0.7927394214759609 0.5277800521334943
71.23 7.650881125806461 15.141181433629441 0.31530770415787857 -0.23750222002305116 0.1924962040606901 0.8014852098090626 0.5139643619587553
71.33 7.618437871302419 15.16988712937834 0.32720265974999674 -0.23612072487101257 0.184569098903876 0.8060776527634281 0.5103136963982065
71.43 7.584446996207812 15.19174858263655 0.3278416900316087 -0.24596259603264034 0.1859393299175905 0.8029400708585366 0.5101139182107952
71.53 7.557494332759933 15.214093780126438 0.3246689367901134 -0.25418786356991757 0.18924352337281128 0.7951759895645836 0.5169821703842313
71.63 7.529789886371512 15.244794406531268 0.31426434916894086 -0.2589985541824047 0.19610028722102732 0.7865929383504302 0.5251056804306072
71.73 7.498176194527424 15.269882545385538 0.3043221163086385 -0.25402869874253853 0.1970350522496191 0.7808184483605994 0.5356950243374569
71.83 7.463300367469771 15.303421958763611 0.3044529315924882 -0.24571881258722691 0.19744225530526732 0.7733150046887347 0.5501115563992047
71.93 7.412119643709769 15.326819120826274 0.3010560485356999 -0.24176256738159613 0.20189644410443097 0.7701343491473583 0.5546906986189875
72.03 7.37027755933326 15.35678668216161 0.31160307637003953 -0.2436441945669849 0.20980519701276149 0.7583648216251239 0.5670115369917405
72.13 7.340173468875661 15.382550433330268 0.3271472143327321 -0.23458319633495076 0.21264689647439908 0.7489778653100879 0.582051697611671
72.23 7.31192182268839 15.405304023207895 0.3443428881114846 -0.23006236272105599 0.2031219487360532 0.7480858699047185 0.5883708987108167
72.33 7.281612626403945 15.440345715083154 0.3465612587720195 -0.23995315055574976 0.20386331365199403 0.7432664074427571 0.5902688221923431
72.43 7.254887508725892 15.468158246385153 0.3457459251447477 -0.24432319121945537 0.2058440934125157 0.7432777668246754 0.5877691288113426
72.53 7.222425426348656 15.501516000079368 0.33775643129557925 -0.24369995082492255 0.20538165873857447 0.7508908916838185 0.5784389138085388
72.63 7.186209484446586 15.543753756789995 0.32863885898793976 -0.23809980811256912 0.20030918737891928 0.7581852076723229 0.5730095127441003
72.73 7.158012542988496 15.595117465366409 0.3177005806418364 -0.23135004208086937 0.20305513727886576 0.7591266347494446 0.5735612623493886
72.83 7.13984136335964 15.65743300004676 0.30853444185455237 -0.23220111771668064 0.2224182113595186 0.744744185997873 0.5847810510003915
72.93 7.131911056993146 15.70675823785021 0.3007831719489698 -0.2367299152554022 0.23950061062965897 0.7263489992110554 0.5991790517669061
73.03 7.125500581050986 15.755952590842542 0.3034193042466229 -0.232551509026461 0.24394854284950385 0.7187904277795717 0.6080700823289863
73.13 7.110322920831628 15.794257671474965 0.31495505106791555 -0.2267691633882914 0.23792494789112809 0.7168222469280732 0.6149254686676807
73.23 7.100528381110107 15.839805065621622 0.32080607789918375 -0.2286363280090335 0.2345959767994958 0.7140167427668962 0.6187650993976537
73.33 7.086215916902707 15.875341943106532 0.3302541296601855 -0.22640002969843637 0.2285872688196077 0.7129486496361949 0.6230530555803941
73.43 7.072939342437084 15.912546337085086 0.33408551396946223 -0.22272216172394352 0.22324567190246655 0.7124933621650726 0.6268248698995122
73.53 7.053264908635833 15.955780823976653 0.3302967408169191 -0.21968698766847367 0.21685973269549005 0.7109155154424961 0.6319087067666681
73.63 7.029870501517805 16.00379771563214 0.332090900323328 -0.2128360199831276 0.2118773478866983 0.7101856117621407 0.6367458008469901
73.73 7.002280750625198 16.051089592164352 0.3354105342550402 -0.21107015893310405 0.216155197423903 0.7054143580671111 0.6411839845686675
73.83 6.979260257918328 16.095186767360126 0.3423410305896167 -0.21325683937194456 0.22603579267864388 0.6954098793053531 0.6479463254419613
73.93 6.968871515670076 16.13643985540868 0.35902061217697734 -0.20586143266424115 0.22344896669471812 0.6910364926014949 0.6558659891452773
74.03 6.955848572130703 16.1738401804053 0.3670265929913509 -0.20426422474236075 0.22415737413837167 0.6876880190653948 0.6596323116280051
74.13 6.949877878215078 16.21358438056015 0.3692810389707596 -0.20298729193129933 0.22306557904949012 0.6822182274140228 0.6660451913660077
74.23 6.947791759036788 16.261000124601573 0.3685279090343123 -0.19824934045715117 0.22474857875083928 0.6761900990976114 0.6730172547863427
74.33 6.944771834089798 16.308788020805146 0.363841581114735 -0.1918543520266342 0.22630181659618392 0.6721394873306852 0.6783862505863096
74.43 6.943135667641621 16.37411388604528 0.3469326994469908 -0.1894231918064824 0.2265900290661643 0.6682742857742136 0.6827776300572568
74.53 6.953437810464592 16.444092619372658 0.3399748002821379 -0.17682994676115485 0.2241195536346857 0.6613580344918593 0.6936188764877304
74.63 6.964261140395921 16.514655675496826 0.342826251036249 -0.1772677741469835 0.24170375027866975 0.6419359642611194 0.7057433323371516
74.73 6.982224944552984 16.57125725403603 0.35393596899794266 -0.18347683049164595 0.24892704425638473 0.6249287914746654 0.7168232591765799
74.83 6.991162199804829 16.624847931380376 0.359946338343876 -0.18233524966330644 0.2498362462065988 0.6186156449360652 0.7222536885692945
74.93 6.993956875334341 16.664303254103647 0.374068387195756 -0.18294831814562262 0.2534630873432721 0.6160114092541211 0.7230603846919403
75.03 6.9941105052306884 16.7134910519641 0.3792171340845185 -0.1795937849702844 0.24911591810920147 0.617734595309544 0.7239415041993453
75.13 6.992829191436256 16.75598037061599 0.388163502872767 -0.17897892726559847 0.24996897299488163 0.6166620290927104 0.7247137352154995
75.23 6.989277896949569 16.80221691301026 0.3833947678486418 -0.18410272078136608 0.2583477047540814 0.6110649162545858 0.7252325970142078
75.33 6.984681359476527 16.861560124221455 0.3755097555786699 -0.18393105001564908 0.25866468729471565 0.6050467435476362 0.7301920202996394
75.43 6.977184591919143 16.913217475149242 0.3834397588791045 -0.17988407453761576 0.2628015688008409 0.5997989462915683 0.7340424232911114
75.53 6.965350558143707 16.969681939516718 0.4038843104390747 -0.18277774874698874 0.28090307237522666 0.5877875240235295 0.7363365976884686
75.63 6.97095275956205 17.014378584974068 0.42795737576698806 -0.17927551228484515 0.27916060279431265 0.5737548190497234 0.7488224463514309
75.73 6.979494770781013 17.056668850621367 0.45572233643000437 -0.17355753179728367 0.27188849957661243 0.5627903898182716 0.7610659656577815
75.83 6.995933080865556 17.103222540668515 0.4636722225257667 -0.1713542658440757 0.2711144406820916 0.5507104616505469 0.7706183640812851
75.93 7.015897254151626 17.148155815701422 0.4537358242243073 -0.1687895737822169 0.2764946285639858 0.5403124445528461 0.7766101096554235
76.03 7.0434164741515835 17.208880024235537 0.43983796564949784 -0.1580546560539879 0.2791772512655551 0.5353906984302603 0.7813037745395978
76.13 7.07169385714888 17.263744641998436 0.4382156625327628 -0.15227834176806704 0.2830031059340758 0.5250851482203726 0.7880394252690812
76.23 7.0941454572831795 17.31922460147325 0.4484774004768565 -0.1602199112252509 0.30066498139518893 0.5135861423662142 0.7875020148412284
76.33 7.0993749139622775 17.36478138683268 0.4694457813208297 -0.1583086585960258 0.2882290753815554 0.5162065997170266 0.7908180037953146
76.43 7.112583493594064 17.411627727242834 0.4905447972613766 -0.15378463196907655 0.27559375874684533 0.5167033077961249 0.7958743988987611
76.53 7.118997560270165 17.457610083022455 0.4995796894787373 -0.14919652218893736 0.2746040907201209 0.5110950226990336 0.8006964898753934
76.63 7.1239911315580855 17.508480892083277 0.5049394942410617 -0.14171015181720079 0.27078228735770643 0.5025111295846769 0.8087507343853274
76.73 7.139900082795635 17.57261338129299 0.5002765315508277 -0.13692914426069186 0.2673460766926028 0.4879104213375661 0.8195852033067133
76.83 7.148491913311231 17.632764481405115 0.49852562328162875 -0.13057444131781776 0.27939815482728025 0.4693579412524453 0.8273996068024914
76.93 7.159229869631197 17.691385717330473 0.5072352454075061 -0.1299548900249803 0.2990372424896506 0.44755713518161555 0.8326950611783444
77.03 7.1767899549240255 17.740143958766225 0.5173972716918366 -0.12013977942834968 0.29755609033564145 0.4296008611538398 0.8440793248261413
77.13 7.200754685960444 17.7874345359308 0.5279174983645428 -0.11339472194650187 0.29164606095423545 0.41824932790154906 0.8527319109042749
77.23 7.233076842960581 17.83210555967965 0.5310548632669014 -0.11584436289916424 0.2809347979231715 0.40798259151551797 0.8609331727379514
77.33 7.270173326892183 17.877913690979984 0.5245336268050051 -0.11467352521998506 0.28017991185452695 0.399413381426161 0.8653427935474651
77.43 7.318583881538894 17.92800328329608 0.5075716508141 -0.10808167754411534 0.280216381682717 0.3943959284538643 0.8684750900485921
77.53 7.375714967052759 17.989741008832794 0.49765683278930084 -0.09835751088442664 0.2785133435856575 0.3882958289564427 0.8729160708294851
77.63 7.418907939517144 18.033951048075092 0.49885475904210397 -0.09740691564631825 0.2929839987513076 0.3744215172347624 0.874345925072899
77.73 7.468186777542689 18.073152493859695 0.5116699334149708 -0.09323672664488268 0.27901249363587743 0.3670525386268487 0.8824575769334313
77.83 7.494068133730436 18.113920365227884 0.5238912347960691 -0.09954071970063301 0.2761212068782226 0.3504164999414274 0.8894138523782915
77.93 7.534745854229222 18.142314804263783 0.5266316975453442 -0.10356663333969814 0.27653943519695884 0.32464680538178076 0.8985568123357763
78.03 7.574378648606806 18.178964242023817 0.5134016158259134 -0.10369842207194584 0.28625870715997886 0.29723187611260465 0.9049617680639704
78.13 7.616577837602688 18.218447435827418 0.5030948554229195 -0.10045735511742111 0.2933247258230275 0.27336936677399976 0.910570213840339
78.23 7.649460381671647 18.263044742504878 0.4973736921870949 -0.09038654980562812 0.2964759266837518 0.2581682327047284 0.9150308520117574
78.33 7.670918908469915 18.318469900867505 0.5035453273455337 -0.07784901554873248 0.30539562354206023 0.24698268135460427 0.9163365097006336
78.43 7.7009698467255285 18.366409930501845 0.5103713269558219 -0.06729105831790294 0.3133235888502467 0.23157114865571332 0.9185178524398595
78.53 7.727944196085527 18.40304520197617 0.522189205073366 -0.05833617349655253 0.31368977253628916 0.21850746508965246 0.9221985172228404
78.63 7.752480562311219 18.433107917761912 0.5301454677110329 -0.05514397449912611 0.3133090885347114 0.20949799658846135 0.9246118896831302
78.73 7.783653551689402 18.46080187505639 0.5338920621746651 -0.05400236160872264 0.3061360894276245 0.20396865595160707 0.9283109538726435
78.83 7.819008084929558 18.492350431584974 0.5222953530105253 -0.05299164642007651 0.3025505763859183 0.19954358445685313 0.9305038377354223
78.93 7.8623086806667315 18.525969807657294 0.5153835024979503 -0.048283991716409395 0.29987521865557143 0.19379317071174498 0.9328385264158484
79.03 7.910078347401242 18.552905027528233 0.5085120972759123 -0.03948702148195555 0.3105006078952984 0.17410932053387534 0.9336573740587959
79.13 7.953634620507842 18.575355235910802 0.5142899310776722 -0.028558210790382045 0.3114817722963064 0.1500189235499502 0.9379007712442282
79.23 7.9915532353454255 18.594288358803343 0.5230440453952879 -0.02813363507305998 0.3041402770163697 0.1327681504319954 0.9429102866682751
79.33 8.016982906922175 18.61726275984903 0.5332974645427797 -0.03191266668319696 0.3019906278381625 0.11952673006641511 0.9452494925694009
79.43 8.04204705181678 18.639821501981213 0.5385178300078405 -0.03410197061086655 0.3056623330615197 0.10790864214318051 0.9453905641049413
79.53 8.069745193485419 18.668850240610084 0.5346284176937373 -0.03372163855483931 0.3110297429924163 0.09847260023683548 0.9446832787076548
79.63 8.102223138592645 18.70576684866604 0.5244467064275482 -0.03203630593116121 0.31206420222297065 0.088889222383911 0.9453508951374666
79.73 8.127228009861483 18.752178153936782 0.5219613515718937 -0.024972410759534148 0.3176509337486855 0.08282080147825618 0.9442536618048907
79.83 8.157647888441467 18.802648001645906 0.5249205492870698 -0.021584015437868465 0.3220375961530355 0.08408637334212735 0.942738245092306
79.93 8.179901093533047 18.846009834898158 0.5269577141772233 -0.01991397738425245 0.32907559974160766 0.08919089697872164 0.9398710906584858
80.03 8.207174558343743 18.896988554177646 0.5319494092853793 -0.025403600349621025 0.3224681881408626 0.10231346321549295 0.9406917029352806
80.13 8.236287886945346 18.947130915595853 0.5372152981978007 -0.03487661432852547 0.316359457999592 0.12104843509228295 0.9402380504260041
80.23 8.281749417342642 19.001070272299234 0.528963088675709 -0.042266551819768704 0.31685482927927044 0.14013575703334097 0.9371117998191911
80.33 8.322329742526728 19.061650678081094 0.5171281721876241 -0.04626843077371194 0.31216226112509865 0.159089736339519 0.935470154967237
80.43 8.369743242948935 19.114339459789328 0.5223805489204494 -0.04771258772789828 0.303067274151427 0.1728551326551548 0.9359459596715509
80.53 8.423810623580172 19.156603714868552 0.5211225499815122 -0.04682778437063268 0.3227956567352916 0.17004263827555582 0.9298901138156367
80.63 8.468638771076767 19.196731363152402 0.531025739039309 -0.0463038000044979 0.333365800653463 0.17031105531200447 0.9261303069753902
80.73 8.514492562253636 19.233265221051223 0.5471518864741897 -0.044358181156130244 0.32413822825030963 0.1752684372596768 0.9285729565585145
80.83 8.555499034376849 19.27182236723566 0.5518112029936799 -0.04528828458525012 0.3276162943140499 0.17938442895368759 0.9265191641991086
80.93 8.58458803757108 19.30685182975358 0.5602298829738964 -0.048553031421089306 0.32450951384682175 0.1822586219880837 0.9268861706130517
81.03 8.622644913342906 19.34384509012658 0.5608103748499782 -0.0488521313279337 0.32495087735662825 0.18449159992113026 0.9262738505044917
81.13 8.661002541809362 19.38824856343172 0.5515968320829647 -0.046597489324998534 0.334224098976112 0.18395992630121397 0.9231910263685759
81.23 8.708249248352697 19.43523233912244 0.540573733350239 -0.044983322109728954 0.3301829184222444 0.17828427013176404 0.9258350069735569
81.33 8.760064952163582 19.482187979296423 0.5415268779692326 -0.035885921879040175 0.3228835140333918 0.16627052079807234 0.9310276853509125
81.43 8.800099752286346 19.53942498380038 0.5522610630551815 -0.025350612166108257 0.3332528875355029 0.16031844183104346 0.9287614637897718
81.53 8.852659892576586 19.57373765085952 0.5600287146041717 -0.017256063476862794 0.3257425232283763 0.1519166449960971 0.9330141316224653
81.63 8.90014679134949 19.60705234484991 0.5701995114160883 -0.00546592038967493 0.32425525286992185 0.14287854183092438 0.9351012656310682
81.73 8.943868631996203 19.632265472471715 0.5767286410177005 -0.0049208791917959615 0.3278147615099304 0.13606663814499223 0.9348792098811948
81.83 8.99804169802002 19.658718691872274 0.5746832157637474 -0.008255671951920257 0.3236260988535069 0.1283336836020453 0.937405172630604
81.93 9.051161264830874 19.683509287683687 0.5707555250034423 -0.0043082381725308705 0.3219923245282957 0.11867780693224053 0.9392645847525966
82.03 9.115797232105004 19.70154065547945 0.5623839461766879 -0.002405602981110659 0.31475907209486853 0.10374394843121452 0.9434819196848322
82.13 9.186465631962795 19.720741837163374 0.5548670766174896 0.0021268074992141566 0.30847217454580167 0.0852594062313491 0.9474023579609266
82.23 9.24182406650373 19.72735642244139 0.5542701715993884 0.006553560301110121 0.3247082487681825 0.06533076318397597 0.943532455939423
82.33 9.29199252064778 19.746998761246086 0.5723417214593077 0.0014848679803524582 0.31536745776950414 0.05984009699993649 0.9470798934293342
82.43 9.338326409540848 19.764498874083532 0.5731142029304004 -0.0065844421130439685 0.32034464193498485 0.05416506730445497 0.9457283441821495
82.53 9.379566602730067 19.792980987465846 0.5725102491165027 -0.011918743472841916 0.3205846859274464 0.05472990745608704 0.9455622877064616
82.63 9.42216530588917 19.831991674836015 0.5652183478004128 -0.016238079377563157 0.3245317347504749 0.062066956842035025 0.9436965459226521
82.73 9.462109687479455 19.880915585484285 0.5580261871935479 -0.02238308690639059 0.3246556695646543 0.07182808204028346 0.9428353091979963
82.83 9.514912784630932 19.933900744773748 0.5434004145277413 -0.02809583087955471 0.32469041967654155 0.08056279974353706 0.941964113411409
82.93 9.571103928798404 20.00107632502025 0.5383801147585693 -0.026590448385188942 0.3199364839128188 0.09071343989167083 0.942711337652835
83.03 9.627128358670655 20.075184726635783 0.5437182229335435 -0.026978941903737036 0.3310207058116622 0.10954478268140071 0.9368550419381797
83.13 9.670900375161061 20.149243172974344 0.5543903128935823 -0.029837086650639884 0.32647922885044217 0.11981621491189659 0.9371046558595305
83.23 9.71720471227099 20.210765434457645 0.5691338606190041 -0.027607945009958206 0.32504311647160816 0.1305473955255797 0.9362382983665214
83.33 9.767053234362248 20.26951142767662 0.573220673362717 -0.035932313439395014 0.3182374681526311 0.1389718848226369 0.93708089188903
83.43 9.819240284172688 20.322996909592558 0.5663858628062578 -0.04388971379827538 0.31943622531279203 0.14911796515127998 0.9347716424077929
83.53 9.876511267186519 20.38288321573369 0.5554294823195155 -0.04485435808923808 0.31532640355332325 0.16134458133173604 0.9340906122306422
83.63 9.929198947978602 20.438793519443028 0.5489994034741008 -0.03675471382813014 0.313428648531627 0.1728306990257791 0.9330279324678928
83.73 9.98106346749579 20.487647618913414 0.5547197892335278 -0.031832773381921795 0.3276350715281829 0.16832419524985434 0.9291441759689542
83.83 10.031475964439538 20.534683176602027 0.5756971369045334 -0.035506164913877904 0.3098120670500645 0.17554860364678673 0.9337764631435825
83.93 10.07842290925665 20.587772508483273 0.583876458446711 -0.04421654459340677 0.3065564072605851 0.18220494733472073 0.9332038488553577
84.03 10.120900790425745 20.63426498729783 0.5894006028420087 -0.04852957490509492 0.30906592871511396 0.18170666054306492 0.9322584521372184
84.13 10.1773288909791 20.681246840198032 0.5794654657505591 -0.045203310774285556 0.3110091628085266 0.17511400685092426 0.9330407525659303
84.23 10.2231897325078 20.725510826069392 0.5780749772946725 -0.03307996266052849 0.3144620832195202 0.16181536473425015 0.9347914751555768
84.33 10.285364389764677 20.771755692943735 0.5799546783182918 -0.023638701555531667 0.31699256815674687 0.1495468580081577 0.9362652726562309
84.43 10.33566199000693 20.806450769856383 0.5932134480812133 -0.01628435140936106 0.31823132445202845 0.13625520744628378 0.9380288708139288
84.53 10.386327398997016 20.837079279286662 0.5982710134691019 -0.011108856358784475 0.31838064343195216 0.1317140177191411 0.9387021768029187
84.63 10.441708109126754 20.86462998633689 0.6027214573748712 -0.013342689616176294 0.31378676608134326 0.1263620544826622 0.9409529580446302
84.73 10.501611973938555 20.88908672236286 0.5941146218219212 -0.012574536601083326 0.3097235939023895 0.12744641460211498 0.9421627183318823
84.83 10.562708703860253 20.909369347322396 0.5968280212989566 -0.012288707056494217 0.2852907771533336 0.13584015985973982 0.9486862553654959
84.93 10.630955070495334 20.92670583299134 0.6044986021445241 -0.004516762651537738 0.2854473212713305 0.1397760431206563 0.948136110167577
85.03 10.689701696296511 20.953653571921034 0.6183896986964892 -0.00217846725039057 0.2781062739401812 0.1595795294758257 0.9471993076685719
85.13 10.742893535333883 21.005000806029276 0.6254780088464834 -0.020135951873794713 0.26639449978930857 0.1889184768281459 0.9449541380601886
85.23 10.795562633063762 21.05831332883573 0.6222518730872713 -0.03427820649112062 0.2725673010000536 0.21922185864255614 0.9362018199504856
85.33 10.853212070070327 21.1171814557292 0.6164900459207515 -0.039595142683571144 0.27109973068654714 0.24922625810782414 0.9288828951849214
85.43 10.911380990839943 21.17732804825868 0.60840377867202 -0.04200139965146377 0.2583141977673255 0.2774605822973153 0.9244053672120126
85.53 10.969380975610068 21.245475487764168 0.6021112638652711 -0.043200348659052645 0.24443535911742775 0.2967910416435375 0.9221172174344292
85.63 11.025835384944044 21.308042843642475 0.6011301237145948 -0.04686766359613848 0.255802546717063 0.318715263239694 0.911476308073971
85.73 11.075328892774252 21.363610842612918 0.5972743591522627 -0.054207675690505955 0.26747405170411587 0.3411327674751239 0.8995263167445297
85.83 11.120714189550846 21.420703291662527 0.5896481550633892 -0.060664854394220154 0.27736579340151896 0.35803115982988276 0.8894951830577517
85.93 11.175211537884461 21.46119296916673 0.5728267949854332 -0.06470139388246905 0.2934938545033261 0.3638630839365405 0.8816341322491071
86.03 11.244659516206637 21.47600998502119 0.5552433613948358 -0.06585274354652575 0.2998908123275283 0.35807617390390023 0.8817654849965918
86.13 11.32526784749169 21.48348282988918 0.5477299777738858 -0.05789066338502835 0.287719686627185 0.3354698715168339 0.8951681508657884
86.23 11.42107230110796 21.478653267580686 0.5409436136865133 -0.0470987954246213 0.2597733673906486 0.2962876028238414 0.9178851548407211
86.33 11.52731418064064 21.458740336524116 0.5344299268699009 -0.04079584437569107 0.2637539645072349 0.24844326611704823 0.9311527741512047
86.43 11.625437377071808 21.442381145751604 0.5308333173136212 -0.03424423333073575 0.2742603658798155 0.19478638897132391 0.941098744480393
86.53 11.708770116618318 21.41993338263599 0.5175109956034525 -0.0245080312810569 0.28502049803320034 0.13902135530977047 0.9480694778714627
86.63 11.786479712426297 21.401932406406818 0.5064409199640233 -0.003065106649500764 0.29860547677133636 0.0771238413410325 0.95125038105653
86.73 11.855608441716567 21.37559519946673 0.4961273828629865 0.021342033982153688 0.30671093282484285 0.012466808785956648 0.9514817391573596
86.83 11.924958389587907 21.36796572583345 0.48193990698433475 0.03602438809886563 0.3056343194401881 -0.044468866056280795 0.9504274965477925
86.93 12.001240434375717 21.379569161572725 0.4773276390653863 0.04214668442454466 0.2951917849131679 -0.08612665793113322 0.9506143623496383
87.03 12.081078038558479 21.397867176184224 0.47682212271590013 0.05377157358415427 0.28844919806875324 -0.12182880219941605 0.9481895490683456
87.13 12.165745460653486 21.424114758341112 0.47993726280295584 0.06196405627497882 0.2932774475057197 -0.13380643800452102 0.9445870164590574
87.23 12.236321958850473 21.472938685612856 0.482546266770504 0.0611541972690256 0.3077009096634681 -0.1285136355855344 0.9407786986413139
87.33 12.303980040201187 21.51638976886799 0.48044113419071277 0.05174531424909218 0.30997403643034277 -0.10668019260684034 0.9433227738678371
87.43 12.379886452056239 21.56243816710701 0.4742232468095271 0.04269711905939895 0.31180354224124635 -0.07336191307672887 0.9463474714815703
87.53 12.440976687162733 21.621734581218334 0.4689279586937502 0.03301814100754883 0.30229748456936817 -0.03572176944791215 0.9519716321272125
87.63 12.516800605395039 21.67976944775584 0.46605288972561426 0.029888831645785558 0.3151248299467958 -0.001089260703662111 0.948578838476261
87.73 12.587293662624393 21.74218993381405 0.47526771373648175 0.022893184899860322 0.32103462412546613 0.042514704409120314 0.945835700376533
87.83 12.642185157811605 21.803396694407468 0.48703100675180616 0.003761195827551379 0.3162676778059139 0.08661068041949822 0.9447005871801252
87.93 12.69860021102681 21.865244939734612 0.49714680283621254 -0.01506862485581354 0.3093703338906617 0.1270025805615594 0.9423021158758161
88.03 12.762698222454867 21.927496744629607 0.4970019560030297 -0.02478404976530594 0.2991713421065159 0.15339870258389487 0.941462212191756
88.13 12.836855797875371 21.982985479769578 0.4968879861116813 -0.027923516856785912 0.28382277079920476 0.16919898003095485 0.9434175200507438
88.23 12.888101034542997 22.039215690339514 0.4955630484185813 -0.0281588030100809 0.2938638577624509 0.17803320957590152 0.938698722275743
88.33 12.945147093812373 22.08202664494257 0.5122714674310379 -0.02791793625729126 0.30715660345224655 0.17986890992098936 0.9340891740271099
88.43 13.006260998261505 22.11098747389828 0.5241277407793539 -0.028016402357443897 0.30972109636120315 0.17904578259955625 0.9333973062962378
88.53 13.067140168069031 22.132107249902386 0.531650529085178 -0.03289839151257933 0.3111539986011044 0.18048022625631793 0.9324847306636701
88.63 13.140007010046595 22.145678676451855 0.5265408378507934 -0.038173298824170906 0.30982625994274055 0.1822699850720321 0.9323776812261302
88.73 13.21237092719034 22.158186424364448 0.513387731951952 -0.039848135549319944 0.29345728171453206 0.18718251210616735 0.9366203377375409
88.83 13.294356187036156 22.167746023969205 0.5185092829421094 -0.045584878082455434 0.2586911142739234 0.19268572034029308 0.9454486445401813
88.93 13.358297154175128 22.183392669600043 0.5300497972961801 -0.05505706793800608 0.24880955272853073 0.1946011306591468 0.9472026845861872
89.03 13.425591224146698 22.19019413649578 0.5486601281915564 -0.06446023908484545 0.2348845554402925 0.19380151341139232 0.9503236799071119
89.13 13.493425890841879 22.205033260287454 0.5590390248547857 -0.07007771161795422 0.2376938477872454 0.18531943025452105 0.9509192698797434
89.23 13.558281603281245 22.212456243832744 0.5536972592529252 -0.07082362502502 0.25332297970662687 0.17273738711218845 0.9491961215599889
89.33 13.626577439425093 22.235940104738543 0.5419239096683428 -0.0682496882734234 0.26945963376437926 0.1556127803774766 0.9479019719387328
89.43 13.688319190856348 22.26647807791648 0.5228173390500552 -0.06488230780239307 0.28306143783134435 0.13778990882277778 0.9469321251144129
89.53 13.759801207534336 22.30535076249201 0.5090501611245082 -0.056442421907437125 0.2904599535325878 0.12954023214843285 0.9463966381269536
89.63 13.80784503486533 22.34926848200986 0.5138333619380204 -0.04506075868927769 0.30186075894868264 0.13416353099224834 0.9427882886337547
89.73 13.850775846444929 22.395418460877522 0.5196354329043165 -0.03660770015419762 0.2945602989829263 0.14060311431478173 0.9445236210902797
89.83 13.91232805688986 22.431236201811537 0.5212202841637257 -0.03221510723461148 0.29896316794932587 0.15219375319887568 0.9414989498468948
89.93 13.957793914634847 22.470515422481814 0.5233194501424723 -0.038995460092512986 0.2954712745735167 0.1661295685665553 0.9399877905813273
90.03 14.003389376409732 22.50871634413986 0.5157363759576546 -0.044921062941195494 0.2976603867941968 0.18628189002570023 0.93524298964826
90.13 14.065384319208546 22.555011785457427 0.5082934215803551 -0.05061515371054358 0.2959174749959311 0.20958166345579435 0.9305624538686227
90.23 14.131020150905364 22.586547431703483 0.5001453951640691 -0.050076121667414895 0.3071147914593305 0.22448143865395304 0.9234614072095777
90.33 14.181195257373695 22.610407387741475 0.5003550350966843 -0.04987494851438736 0.30937369271519066 0.2265483055686577 0.9222127048628339
90.43 14.23466705206254 22.629373326683 0.5083139587121703 -0.05516383616005589 0.30807480600248516 0.22936695930903747 0.9216494252501676
90.53 14.290965893263719 22.648702315859968 0.521335462214963 -0.05950357040421038 0.29711994636647177 0.22869010180175262 0.925137773479302
90.63 14.336087895602953 22.665921346035777 0.5267522684946018 -0.05675635794908319 0.29751073494515506 0.22679614834054676 0.9256508982994841
90.73 14.394959672296299 22.684807123730266 0.5408132647204128 -0.053432194668452934 0.2847936347921542 0.22197031055094027 0.9310030974109081
90.83 14.45818778569839 22.70663626071035 0.5348769275941911 -0.04879685458104926 0.2758620336606272 0.2109023642656101 0.9365037096108029
90.93 14.527136983948337 22.720145960314177 0.5320539599822387 -0.04115955093890855 0.2753688468233952 0.18863159158563714 0.9417515660839277
91.03 14.605844991321778 22.744269906503213 0.5269516138095729 -0.03274446164490615 0.2881469000704137 0.1679435135891813 0.9421752174912673
91.13 14.679566027420332 22.76350132853713 0.5281703898531451 -0.02707877177771739 0.2998103221831835 0.14588449984831298 0.9423896346710492
91.23 14.742032184315221 22.77784569637398 0.5459657543070897 -0.01910599594247923 0.2981013308004633 0.12852092892436429 0.945649474341554
91.33 14.809126788065159 22.799028101176756 0.5625466737574665 -0.012864239638631762 0.28418642772629205 0.11156098555859609 0.9521694870850901
91.43 14.881848479085857 22.80080006171612 0.5628903211673556 -0.011304367022788442 0.28287510526639864 0.10176090293823825 0.9536763626828193
91.53 14.94887965538833 22.812967218654645 0.5520175053439378 -0.017925690236768453 0.2762580797624806 0.10258893119650386 0.9554243320072193
91.63 15.013025822958863 22.83362193435096 0.551497439539534 -0.029030183531128722 0.26087724608398927 0.11348834396817749 0.9582383350206479
91.73 15.072085475673308 22.86773275639386 0.5563961515467318 -0.03319334747926693 0.2690352419057997 0.1306807062597638 0.9536460524257717
91.83 15.131438815204225 22.898390202567988 0.553475048442744 -0.03874262335139891 0.2715313227005346 0.14698734941049688 0.9503496562011409
91.93 15.181664576477843 22.93901606103274 0.5556339577869228 -0.04597142588006943 0.2751813672081291 0.16264117810442838 0.946419405088897
92.03 15.242507589016487 22.983256461714895 0.5449112777102842 -0.05469941538051051 0.2825149228850072 0.1771477130176658 0.9411758497097764
92.13 15.299992045400895 23.029268470328198 0.5284265599828466 -0.060517064503542 0.2767414927579435 0.18998571274892367 0.940030456975338
92.23 15.359811515965685 23.086721460075964 0.5147806616351162 -0.05146238265592265 0.27422956323747527 0.1916240559196229 0.9409728960022559
92.33 15.419794815054226 23.136855540820406 0.5147378527471942 -0.036638827919438996 0.3000942349453069 0.19185030564161762 0.9336993663200691
92.43 15.483335574562856 23.18144568436479 0.5246827321591615 -0.03308595912343903 0.2970676458936087 0.1872962250292475 0.9357223184053618
92.53 15.536340840551562 23.206229600154682 0.5297677358590344 -0.0257943072165056 0.29975755457274184 0.18153741094123316 0.9362287277265872
92.63 15.598277567000729 23.224242115075075 0.5305469877148367 -0.022796028656082216 0.2926195884835424 0.17639751449932814 0.9395413957839712
92.73 15.6527641766384 23.236281306822686 0.5316782132317559 -0.02065575512348816 0.28954251968308314 0.1710974596873515 0.9415222399733237
92.83 15.714012378053521 23.247184956066842 0.5184435792620296 -0.020346695062713593 0.2794397105336298 0.1679847013914486 0.9451352285653796
92.93 15.787805842116713 23.249923144513957 0.49961247060463443 -0.020266874548416716 0.2741957900682788 0.15640849254911365 0.9486528901359996
93.03 15.866931714076177 23.252028240629333 0.4887615489293179 -0.020948904704245215 0.2661570227302916 0.13161697187358515 0.954671962172278
93.13 15.941305883314394 23.24571741931792 0.47550399512156266 -0.020690858744387433 0.2769542145910963 0.1008717375913931 0.9553497495367558
93.23 16.001025204493132 23.245403704518665 0.4680451427643943 -0.015231121540088445 0.2957015164312737 0.07558538693381235 0.9521635759673556
93.33 16.057753172337268 23.242393665743254 0.4518481426863097 -0.014331431693054971 0.30056317993449344 0.05206290620173826 0.9522320298809117
93.43 16.122688370398553 23.24488614848251 0.4378879423405863 -0.009985736915129034 0.30373013753655204 0.030855483785407187 0.9522059796759614
93.53 16.178576841523427 23.258873934163965 0.42282696222869265 -0.009002926049548285 0.2984066488393715 0.01094029273481954 0.954333657190125
93.63 16.240534335161822 23.28712527678429 0.4094739988798923 -0.008221325718038335 0.29253416531395493 -0.006730514946403329 0.9561960427109402
93.73 16.304478535346153 23.314384763708553 0.40133965261328175 0.001493368337457349 0.2802019116501541 -0.023886217603290773 0.9596426976574232
93.83 16.38306676037718 23.340838880390866 0.405087885855248 0.023783315278827367 0.28799332618193163 -0.03112734680419234 0.9568308556218006
93.93 16.42712035882296 23.377875836697548 0.41153234215557855 0.03707038800953572 0.29032440412735383 -0.0462281022039332 0.9550918747783075
94.03 16.47256499019533 23.391603127116266 0.4119062165223616 0.04210358028019812 0.2922896658635655 -0.05831836695781373 0.9536209980030473
94.13 16.51061579817362 23.407481272569036 0.411636755665698 0.036000333508973144 0.2927008248553751 -0.06736236723108073 0.9531487368701963
94.23 16.546420569883868 23.412032242829834 0.4031715095037369 0.04048923312885711 0.3025647357883406 -0.08259718988136308 0.9486795596415425
94.33 16.582974619046006 23.408786451535995 0.3867441496000911 0.04953346150755354 0.3084364366098981 -0.10145719949922348 0.9445209565871171
94.43 16.617771769269137 23.399609986040893 0.3731171840361878 0.053100100514059966 0.30590869820288696 -0.12321021241691141 0.9425600730167767
94.53 16.655138030652473 23.37619019498989 0.35918639054378315 0.05726288032075527 0.2965388563124718 -0.1535452962856473 0.9408557334803327
94.63 16.691604079474775 23.34196156594789 0.34400568005465804 0.06836127567002391 0.290579212006126 -0.19466790725217717 0.9343419413815928
94.73 16.73554521947208 23.293558157416783 0.33564836457498515 0.08059532314763382 0.2828820896624892 -0.23569627495704037 0.9262447749954044
94.83 16.761974018901842 23.281793159996234 0.3459760919938307 0.08981435922370543 0.2836904775515308 -0.26438951827377655 0.9173610393137371
94.93 16.782075160444112 23.259460616834172 0.34915163143445826 0.09855812119008914 0.2805416026768662 -0.2814271702730981 0.9123494142854764
95.03 16.81458058463226 23.244232340654758 0.35218665630115575 0.11301505854713627 0.2782077192850993 -0.3119777004938069 0.901386696077975
95.13 16.830492899165364 23.22300655528398 0.35291253818321927 0.12341701423200198 0.26744171958419144 -0.3477604509775584 0.8901156306681698
95.23 16.85232558514369 23.214248427786217 0.3441011166702588 0.12674706166806102 0.25945851013879323 -0.3786990543941036 0.8793199020129603
95.33 16.88069799166512 23.19629501960088 0.3360439013638883 0.13052890594897504 0.2523654149667136 -0.40944335183266456 0.8669659991490294
95.43 16.915711304179148 23.180414046327485 0.32347804352160886 0.14533132786597314 0.24802709278530805 -0.4406213140604099 0.8504200279749172
95.53 16.939049031269366 23.17636033606101 0.3157612520544092 0.15619527979607345 0.24213603489621519 -0.46827744336402105 0.8352780442527036
95.63 16.959448574683417 23.17088515065141 0.3057773587645635 0.17063934632865677 0.2567721611737905 -0.48587646870803547 0.8178473744449384
95.73 16.97632498554512 23.157489871506503 0.29746511620964294 0.17572479358945992 0.2589392328510654 -0.49679628071086684 0.8094842346088608
95.83 16.99102045296193 23.14726794240484 0.28974879958478617 0.17791571886159804 0.2623871304874898 -0.5055379454869748 0.8024527253423162
95.93 17.00519993280593 23.1270291923267 0.27971295372711236 0.18605174316492773 0.2653464667604295 -0.5116416817114949 0.7957378908776943
96.03 17.018335897814538 23.100771352443378 0.25650343552428734 0.20117989598937044 0.2698268546132777 -0.5175654152014157 0.7866677564045683
96.13 17.02651267976971 23.079836409930298 0.25274426917076265 0.20526176273146357 0.2611098048676735 -0.5313610158713306 0.779323263719572
96.23 17.025963282178683 23.050982829154666 0.251727556179216 0.1901793259346753 0.23037244733249504 -0.5556678824305342 0.7758824420827135
96.33 17.009864130966545 23.01670591716787 0.2541182300527052 0.20158234623152665 0.23552396097474165 -0.5685808824618287 0.7619769035827068
96.43 17.01821802402474 22.97921133761229 0.25076462310309644 0.19777648757163685 0.23221723300584246 -0.5832193042864771 0.7528710784500453
96.53 17.01959054033256 22.9491830748806 0.25828513255232727 0.19819085097866762 0.23236387036661657 -0.5912305152957693 0.7464408188997282
96.63 17.03057805305263 22.926532148689056 0.26426487357554485 0.19964773846490216 0.22669563758531341 -0.6026808460942459 0.7385970932631418
96.73 17.026712295160717 22.89160366840499 0.2638133464534136 0.21181955309770753 0.22286476549866044 -0.6186057736281335 0.7230426474687734
96.83 17.034150786532273 22.858427873107505 0.2593641024764068 0.21756151578665658 0.21734099495365647 -0.6309650930601742 0.7122590330074675
96.93 17.04181347034074 22.82605204847373 0.26426805099433726 0.211648592114124 0.20749239257345928 -0.6449498346141781 0.7044086110429053
97.03 17.05876613956357 22.79294883464269 0.2575730839135688 0.21622427736146602 0.20434021313488301 -0.6567632930604987 0.6929315377898685
97.13 17.077638700194978 22.750197636657777 0.26579146536607207 0.2224291499525221 0.2058802816840899 -0.6660101414705785 0.6815930415749698
97.23 17.090251331368425 22.730485589952426 0.2894393698982541 0.22859319923991878 0.20547766705389728 -0.6768490135352535 0.6688792794516067
97.33 17.095541479730777 22.711083956606544 0.31378261128550006 0.21586578530891173 0.1914201867125625 -0.6881723460717005 0.6657169796197677
97.43 17.093590913595353 22.6922801688384 0.3191683263764159 0.21913069627382595 0.19302184860805552 -0.6937861072604509 0.6583199383908004
97.53 17.087172461273678 22.672868704844333 0.3243943916441144 0.22649038603700375 0.19719354580221338 -0.697758959155474 0.6503454816057609
97.63 17.074428901332464 22.646278629170983 0.31751430120320223 0.23204597571103144 0.19843371070877272 -0.6990314742619851 0.6466326048087726
97.73 17.06252789015962 22.620766178862862 0.3124765868379877 0.2315299063860849 0.1939612280887181 -0.703559619712354 0.6432548530383387
97.83 17.04536922722123 22.57711233473263 0.29822902552662983 0.22060485331770646 0.18685810402880879 -0.7047589511175966 0.6478675547294042
97.93 17.033432583203098 22.53315655279469 0.29904866911535877 0.20109509430775668 0.17433587295265698 -0.7028905831282192 0.6596306501344988
98.03 17.021962811916268 22.49652709019753 0.2919601753299921 0.21416428344005584 0.18697280063330018 -0.692533453345346 0.6630024491052181
98.13 17.010636960414555 22.471762426663744 0.30299422508608653 0.20383066668367586 0.17884496647016146 -0.6842529583414043 0.67695304585223
98.23 17.001901512650214 22.42970091576034 0.31721530764866473 0.1985977443592323 0.16667498542866635 -0.6805586565216137 0.6852870203070208
98.33 16.99446065445719 22.40742351513448 0.32391779189803666 0.21291848399383165 0.16309814189203106 -0.6828938841547588 0.6795003004187431
98.43 16.983561114215902 22.38162258776475 0.3287553635619843 0.21682349503255657 0.15628575304020673 -0.6917484350449695 0.6708550052070552
98.53 16.975504413087133 22.34856214198947 0.3190920703569983 0.2202519897835321 0.16480641539545196 -0.7010913131025573 0.6578745147313647
98.63 16.976508160293836 22.31449183494848 0.3087888386300742 0.2212101350767648 0.17276629364579907 -0.7094740702379725 0.6464243401815696
98.73 16.985270727928455 22.251349754936328 0.29542880350744566 0.2268580117450008 0.1844486772061754 -0.7099213108279828 0.6407229201583753
98.83 17.00782549796038 22.20522635865169 0.3016644740359613 0.2442146064565953 0.19580955774027875 -0.699005186358781 0.6429693558283572
98.93 17.031240106841874 22.15202317990712 0.3348631887086645 0.23470984593740407 0.1888032893730796 -0.7038631762853104 0.6433049317481557
99.03 17.033310629586257 22.11009297193718 0.36965355942179373 0.22706533121551287 0.18483489166524744 -0.7081669400967893 0.6424772238274571
99.13 17.029172128930824 22.07689201414308 0.39217934901401885 0.2137122527068152 0.18419444195906975 -0.709622647136531 0.6456277404707048
99.23 17.02198138704359 22.025579663026377 0.3980943791290159 0.21051585712638182 0.18437966569962413 -0.7061278834592187 0.6504387941814693
99.33 17.00785342813179 21.971736756457414 0.3811736547998261 0.21884132347904528 0.18475417615233727 -0.6996567320050229 0.654564608646284
99.43 16.9897017864222 21.917413195785134 0.36276519025249493 0.21993418229402092 0.18049340311190099 -0.696358031871633 0.6588904145148955
99.53 16.963938457782636 21.8553443946019 0.3539910511889914 0.2095869584900119 0.17440844948329584 -0.6966978520009744 0.6635262636828833
99.63 16.941969548183835 21.806946403394033 0.3557001637222294 0.20613410695395337 0.18003222592110055 -0.6982625891391223 0.6614578476281909
99.73 16.927986223002705 21.752189094260963 0.36615574267933554 0.2152926794786423 0.18373905214534716 -0.6889136804551549 0.6672982569746221
99.83 16.92462735883338 21.70146580129176 0.36421569139067034 0.21504511068613918 0.17615044663672513 -0.6871661032869352 0.671214844154327
99.93 16.9146884916753 21.646269806039985 0.3602992363281187 0.2343943630203038 0.18075254012217154 -0.6872096491217364 0.663423469571034
100.03 16.908744274487596 21.591607745378212 0.3454544328459322 0.23137719797313983 0.18119344677170016 -0.6912164379693567 0.6601919137539053
100.13 16.90658876310892 21.527447112682744 0.34589018351253464 0.21601067948606906 0.17534432657082055 -0.7008764508836696 0.6567845568252221
100.23 16.911697336991672 21.458984915374803 0.33624902170996884 0.22867994889728407 0.18975666995185944 -0.7023311011090944 0.6468608131553525
100.33 16.914793493279408 21.405005222936143 0.34543316210223535 0.23173989024486952 0.19763574315592988 -0.7051355125769543 0.6403285447325734
100.43 16.906557413992626 21.345984231961456 0.3563830571247856 0.23591722698045633 0.1922626752677825 -0.7076696029644532 0.6376377174798086
100.53 16.893973520013027 21.29859979569224 0.36322529033609574 0.24271534252570032 0.19055453349202736 -0.7076657172272877 0.63560008254362
100.63 16.881299241501704 21.2545672791209 0.36826599080243944 0.23917322532396135 0.18694587546081518 -0.7064005823571312 0.6394103730639886
100.73 16.86129727322528 21.204610550121597 0.36102682617304693 0.23599315029198045 0.17874044740815892 -0.7020548467832389 0.6476712727794562
100.83 16.838622982069055 21.14210697803387 0.3488399473630789 0.22168065951508492 0.16680895148909053 -0.6973022874540261 0.6609099627116012
100.93 16.81334545449722 21.08628261986559 0.33503842788717214 0.19030912256566665 0.15320082571105598 -0.6969308536028396 0.6742398165090475
101.03 16.780716953107845 21.028069102807684 0.34141202011726274 0.208974880249054 0.17332911548776994 -0.6874540893004079 0.6735676597441921
101.13 16.7621280106958 20.97409140910446 0.3342762369523923 0.2153889470907084 0.1752917372764006 -0.685243509317911 0.6732917207655621
101.23 16.742938159688944 20.92070507385592 0.3329395438217902 0.23136904973745465 0.18529263056838802 -0.6831834668031548 0.6673794681944124
101.33 16.72870328087736 20.875367636787868 0.32839810799049357 0.24596461792772226 0.1953786849752083 -0.6820189260016921 0.6604383095797264
101.43 16.721622596754695 20.832059985194054 0.3259738366386939 0.24525752643426005 0.1935064058661984 -0.6858159248058779 0.6573131170901375
101.53 16.71454753025132 20.781419604426233 0.3166480307242691 0.23490579570232936 0.1890133730116335 -0.6895489109348653 0.6584948833489612
101.63 16.71835034454025 20.72436274461289 0.30642382459051226 0.22488781870067456 0.1828617142342535 -0.6968846967033151 0.6560021203990818
101.73 16.712733850036567 20.662715181655912 0.31361000414308304 0.2073019761190767 0.15779139228482447 -0.7111951786608353 0.6529388831027947
101.83 16.71297532336808 20.59003324743527 0.3165315421309838 0.22954467281194235 0.1648872831833274 -0.7192325325068821 0.6346857420895922
101.93 16.706316437664704 20.53523908686905 0.319058325362745 0.23831639862362203 0.16629234847873112 -0.7185118429709526 0.6318962576997749
102.03 16.703409913814145 20.498348570727888 0.3273583071270928 0.23369456694326296 0.17110428150686793 -0.7168731363855223 0.6341948285503467
102.13 16.70003847132477 20.439256627616174 0.3152029378606797 0.2359172507388608 0.18063132697619616 -0.7130994987634762 0.634983841827424
102.23 16.6903673384905 20.386088751309295 0.299976624484791 0.23794191287518857 0.18474770383517652 -0.7071831095955398 0.6396436363536412
102.33 16.680922291610813 20.321610265581544 0.2859066230699692 0.22806197513961568 0.17851953941850074 -0.7027457726007986 0.6498206588228251
102.43 16.66169704772385 20.250606056011836 0.28800394713384064 0.19309454075907886 0.16473715189857038 -0.7047456080395312 0.6625026770228022
102.53 16.643149144657965 20.19190327208726 0.2943955468730146 0.1950403275233618 0.1718071642842113 -0.6967538250136723 0.6685623951951043
102.63 16.626062454923716 20.14562929077831 0.30582857985360645 0.2073832865167003 0.17619598929281552 -0.6871992775312368 0.6735757557923269
102.73 16.617999328270603 20.094279719349842 0.30263457037836106 0.21769065045130573 0.17577777680307205 -0.6857577116802296 0.6718997802941684
102.83 16.599741817291036 20.057697158665935 0.29684341304631184 0.22698641324315835 0.1813606415714828 -0.686547460298645 0.6665118683483939
102.93 16.587452904397956 20.01543006252262 0.2919596355296217 0.2340704256114341 0.18681865489432647 -0.6822902597206641 0.66692565367353
103.03 16.574369297290236 19.97129174748792 0.29282113629504414 0.2290429382153406 0.18334584149690242 -0.6814846662971258 0.6704493153560315
103.13 16.567827050660032 19.923975120589667 0.28807118365649076 0.2186005907900202 0.18029411639693593 -0.683173705613433 0.6730390042615009
103.23 16.554449863719025 19.844504620150833 0.2846696711926945 0.21931731544203598 0.178687909179707 -0.6908026074310075 0.6654038652027839
103.33 16.547596583641052 19.79999706386422 0.2988390263571437 0.24046655423698923 0.1859142936902158 -0.6881905151801984 0.6587909581278956
103.43 16.540525138183817 19.74281441715023 0.30867326876895124 0.22685474193196367 0.17784601163335567 -0.7006069903091148 0.6527308536748468
103.53 16.52891200669402 19.686442654687752 0.3119071670384525 0.23930567438430664 0.18259190600951722 -0.7002840470481029 0.6472984192142093
103.63 16.524607328548804 19.639314529102155 0.31385821841949857 0.24549938010239727 0.1899561516470197 -0.6943958016813366 0.6492004200769799
103.73 16.523083466520774 19.58131395580573 0.3065422940889051 0.24347104832470803 0.1942274656225464 -0.6923049786864206 0.6509311459067733
103.83 16.516832651514946 19.52627995638447 0.30144584205838076 0.23628589413506598 0.1918338547481794 -0.6908707454599461 0.6557944506267686
103.93 16.500630947092333 19.454775149377117 0.297410986998094 0.22674453015328794 0.18612896907792106 -0.6876946491185136 0.6640926098740443
104.03 16.486367778620618 19.39037461185501 0.31017782940584054 0.2059695918857128 0.17551372345372104 -0.6848730745355666 0.676550317326098
104.13 16.475596010917144 19.31132092741797 0.3195143145710083 0.21127024874089662 0.17842474645199935 -0.6798861110895029 0.6791791868116187
104.23 16.468672233594454 19.253711112419193 0.3289812530575453 0.21617141567262346 0.17981811719483598 -0.6771939089801843 0.6799586556657221
104.33 16.459981492786387 19.20230893341416 0.3218507716252973 0.22199591434748428 0.18753679082702174 -0.673443905114316 0.6797213199272969
104.43 16.451224326081647 19.14706928944793 0.31051971158192226 0.23494800737181978 0.200759892852059 -0.6700284047204792 0.6749495063497497
104.53 16.444243081732377 19.08620959809345 0.29735388016315517 0.23686321463793827 0.20439077785624535 -0.6737660434450736 0.669447194466503
104.63 16.434323411628302 19.014729428771528 0.2807153789245396 0.22809251436949143 0.19993108847328353 -0.6825340468084312 0.6649425837602806
104.73 16.42532256669702 18.94309376866547 0.28104000352450925 0.22338359631078547 0.19067207987331963 -0.6879665721401165 0.6636609996630963
104.83 16.41913034641842 18.869812290309312 0.302154593619187 0.23802441043510209 0.18540115625187506 -0.688059947923668 0.6599578011969927
104.93 16.407615791255008 18.7986354439658 0.32885975731353156 0.2291853918518641 0.1711905153201972 -0.6978669493331122 0.6566198174397482
105.03 16.396638937875036 18.740947146913467 0.3495463556243667 0.2218096754664067 0.1671774857503651 -0.7032996600556443 0.6543865404279715
105.13 16.38490258185125 18.682111228024738 0.35145368223092727 0.21594027394648016 0.16714706407641555 -0.7039160438976907 0.6556934193676021
105.23 16.37141721591335 18.625319753624435 0.34724089809317704 0.22056062204895693 0.17277750221586435 -0.7006108421256615 0.6562357767033092
105.33 16.35785705251054 18.563178351345087 0.33547678134619574 0.21944507296029572 0.17059766788673683 -0.6995831961958948 0.6582732314665342
105.43 16.34273611220376 18.488358240855934 0.3278206620874287 0.21595415744383267 0.165444771653992 -0.6997659499319576 0.6605448090257827
105.53 16.329852042062765 18.421378366798283 0.3313106678098153 0.22074150283627303 0.17335473231451817 -0.6990903144067326 0.6576428042732935
105.63 16.32061916535948 18.360734452850124 0.3435448718573653 0.2150123307891066 0.17863530435579614 -0.6956442577637625 0.6617689870994649
105.73 16.325180783837656 18.300827315967247 0.34928125425948386 0.20823067070022666 0.18496835877874765 -0.6880703042014193 0.6700641390990839
105.83 16.327098827573113 18.250858136198502 0.3503305333728502 0.2065507749188424 0.1866764601313408 -0.6855766477292599 0.6726613833880819
105.93 16.32652783179793 18.18998132212142 0.3397325013189843 0.21293431206996666 0.18766589599662936 -0.6863390038554076 0.6696112767941108
106.03 16.320246266316765 18.132386181299072 0.3220507028402723 0.21995997059681602 0.19602218382249498 -0.6855722783589361 0.6657203361248967
106.13 16.32455085524884 18.053589550035635 0.3001936860422385 0.20920520653582858 0.19069345107904162 -0.692179864623804 0.6638947388579299
106.23 16.327849182012592 17.973127912946477 0.30381648088221497 0.201128338417358 0.1692312233265137 -0.7036430322681476 0.6601474590403049
106.33 16.329131148790623 17.89727061388112 0.3174006093740185 0.22752779890538122 0.1670901303003043 -0.7051052967202653 0.6504909758163647
106.43 16.326210858033683 17.83039161709973 0.3336674854333516 0.22347443984105997 0.16401527217388093 -0.7145581787412648 0.6423120537755919
106.53 16.317989551365002 17.76901014057195 0.33816072717953033 0.23095563342964914 0.16844662895845885 -0.7166048825642084 0.6362096123643354
106.63 16.307772113455858 17.70921563552318 0.3377699173872746 0.23345361853427576 0.17302887688283242 -0.7165600304635736 0.6341152407094163
106.73 16.30023536849615 17.652497539951828 0.3287353937367494 0.2353034572295808 0.17839960433649787 -0.7107318458033727 0.6384873589581229
106.83 16.288978920055566 17.592398902399108 0.31715752447803824 0.23064366345184256 0.17647695412942016 -0.7023432424119959 0.6499025734746097
106.93 16.27048572528728 17.51833327760131 0.30769124097554107 0.2200524669331859 0.16950772066608827 -0.6956143977846166 0.6625440770438987
107.03 16.25061357638136 17.441031373155468 0.30732646813208003 0.2119131741688004 0.16897752112693673 -0.6944805959564775 0.6665103943731375
107.13 16.22778537462149 17.377497550037116 0.31724688279840924 0.21689444646187006 0.1782080868981155 -0.6894631614656878 0.667711933276508
107.23 16.215016240773124 17.32172806482547 0.32547220035397884 0.21319149426035844 0.18635054492189793 -0.6786367182555362 0.6776983590194853
107.33 16.208414605490443 17.264789948424337 0.32530238429104297 0.20874669675546612 0.18368939293811948 -0.6703098790529192 0.6880172160344301
107.43 16.198884191203007 17.205932810239638 0.3170485413585018 0.22319034180841008 0.18637888776489428 -0.6683237247801689 0.6846841464609263
107.53 16.184584390872395 17.152248751207576 0.3041536135692863 0.2385263381811651 0.18985624289937497 -0.6706892288399251 0.676192096481558
107.63 16.17020668254555 17.079159531513657 0.2902174654037686 0.23934967250034028 0.19095510445483033 -0.6751651867248601 0.6711183598974249
107.73 16.16620122368964 17.003598218716608 0.2873440539043234 0.2233985770141012 0.18211745919230116 -0.6823090519367565 0.6718486916639638
107.83 16.15963218865774 16.91366184079358 0.28971482626090284 0.2134207279195467 0.16526986832666654 -0.690565160494075 0.6710120882885565
107.93 16.156516577890127 16.8307540141256 0.2952258910022987 0.22559940665301645 0.16006823809439447 -0.6915469373190118 0.6672674878606464
108.03 16.143272539586953 16.76015137352179 0.30716028289858877 0.22556196301058903 0.15474184012365305 -0.7014169278724655 0.6581725131391528
108.13 16.125002024609234 16.700987911774682 0.3054203900751318 0.236865744588867 0.15904703341911716 -0.7034691557740488 0.6509453180379187
108.23 16.111284761695888 16.639199299852493 0.3002906983675258 0.24144261693837069 0.16484140372176473 -0.7052714139940104 0.6458521556423564
108.33 16.097673109468282 16.56731044516987 0.285897232077747 0.23481184425580234 0.160929256638539 -0.709155937941614 0.6450294782698741
108.43 16.077844035515177 16.4867121285904 0.2719243077915741 0.22230603136614918 0.15821774953911438 -0.7082718738505034 0.6510745923942259
108.53 16.055973549889924 16.391171363794435 0.2691308572273094 0.21369744081150377 0.16053211410953813 -0.7096713882654966 0.6518660635494524
108.63 16.040050831483697 16.31245033467998 0.28658713120023793 0.22081174619401248 0.17068864891986268 -0.709323829313674 0.6472768055789183
108.73 16.03315460127303 16.238126626179472 0.2995531403438327 0.2151314412424469 0.18051899026456303 -0.7024250264868125 0.6540110391329883
108.83 16.040922801532613 16.17456557324961 0.30364740539684804 0.2111061064994252 0.1926089964410908 -0.6910651453904704 0.6639013112768022
108.93 16.04681184524014 16.111632931668616 0.2922335657182025 0.2225825481288798 0.20397994472570882 -0.6839223546244731 0.6641531481993203
109.03 16.049989801790357 16.056200392729064 0.2818422485371783 0.22985443001103778 0.20397786480538443 -0.6808711792233767 0.6648115589975145
109.13 16.051115973225777 15.99462944580655 0.2667928394224723 0.2343068723622129 0.206512167258519 -0.6806098750733364 0.6627391736503017
109.23 16.061767289927133 15.91216720555158 0.25311014017536615 0.2310938093614241 0.1950688092228056 -0.6886555427983149 0.6590124083174618
109.33 16.06417555459511 15.82165217979278 0.264493368721437 0.21568548034731963 0.17070463897785787 -0.7004498514141355 0.6585664017035039
109.43 16.067653859239954 15.74375984040135 0.2874222413880648 0.22915441912711187 0.16749006435965516 -0.7016484870171248 0.6535478033027841
109.53 16.068221266796378 15.672161631567448 0.30540111057181907 0.21956666686932813 0.15787806738525412 -0.7057778470238805 0.6547844113056805
109.63 16.066778159024352 15.604063337842184 0.30902232644526356 0.22976125395923028 0.1646963079253136 -0.7014051210340082 0.6543055467609309
109.73 16.06590303048689 15.54517202895146 0.305160774681422 0.23284563275681075 0.17265465001249972 -0.6966642483865625 0.6562257295741518
109.83 16.063407381660454 15.487817940600126 0.2992407540524329 0.23266560208252823 0.17348544094094598 -0.697443495938195 0.6552420082401685
109.93 16.048982056867676 15.420743875490414 0.2845355963287822 0.23182629931991883 0.16936938179177125 -0.6972662794369406 0.6568031021662968
110.03 16.024783906880554 15.347452445934586 0.2712414063264102 0.2162907596842902 0.165145185041807 -0.6982521106866536 0.66210978323412
110.13 15.998779095608068 15.262603870126373 0.25993571510346847 0.21189962649097607 0.16635386939510075 -0.6984935776347263 0.6629718398494036
110.23 15.9821643354258 15.204766382437727 0.256877089471917 0.22836837849296174 0.18083485131626859 -0.6933482000890918 0.6591015958766411
110.33 15.974665830251174 15.158049888977487 0.25953879288625165 0.230668326751913 0.18448584214150812 -0.6866441433436045 0.6642867735359022
110.43 15.97316505795952 15.101774809431149 0.2562885080931988 0.2296609703124403 0.18990981017361974 -0.6825113220766129 0.6673592720208524
110.53 15.970402976222186 15.051456690828786 0.25223548133649804 0.2306084066633909 0.1929452208777747 -0.6821906527771511 0.6664891730404053
110.63 15.960292596783834 14.99179522470813 0.23568492251371892 0.2329359399398262 0.19280868388941189 -0.6829025076563615 0.664988589629804
110.73 15.955024481442827 14.930079326377538 0.22657002967859416 0.22651045810846157 0.19349301970736274 -0.6866287475544577 0.6631699832801677
110.83 15.946771238193032 14.842730121993863 0.23235845073582262 0.2073789805988727 0.17547980719653258 -0.6937082959354041 0.6670604139224857
110.93 15.944587790029107 14.761897330048091 0.2503570563234686 0.23430722923452327 0.17458737976677116 -0.6877343785991582 0.6645606019374333
111.03 15.940924976231464 14.688155335899493 0.2797915256520066 0.22055880425762853 0.15994481610500585 -0.7007533527895772 0.6593301208194172
111.13 15.92963763928613 14.625737899617226 0.3036573685239858 0.2054371175126309 0.15515573164753815 -0.7120107952926037 0.6532709369563388
111.23 15.918062801367062 14.570962567090062 0.31315951816871823 0.20006244745814283 0.16487363977419114 -0.7144496969268301 0.6498871675805183
111.33 15.913602158917195 14.513550983413122 0.3039886053137816 0.2193265771229888 0.1809417755717978 -0.7045471313600015 0.6502070947881389
111.43 15.90327616091525 14.450559554575303 0.29281169852302835 0.2188074299189246 0.17978168964880006 -0.7000478825150135 0.655541619476249
111.53 15.887313700894344 14.381482025990918 0.25299266913980584 0.23048499834555466 0.18663373867746438 -0.693867546191342 0.6561953531284167
111.63 15.869892576467064 14.29862694566215 0.2151221711779321 0.24116139224127695 0.1905955540918351 -0.6845376952607033 0.6610012567460367
111.73 15.852703193350564 14.202625788906762 0.19896752186353803 0.2362155253210896 0.18573712054571748 -0.6758408698606989 0.673010450345759
111.83 15.839866302310352 14.120253390852364 0.2096377096986663 0.25111761133326804 0.1975656943601223 -0.6618691452374853 0.6781128049763381
111.93 15.846064302922423 14.050543192080049 0.23545154289556997 0.23197830128412755 0.19248271301588804 -0.6482131146707337 0.6992540531825612
112.03 15.852800764779516 13.984903243498014 0.256810132460061 0.20738843352675304 0.19072790945096557 -0.6328755113777097 0.7211667555386799
112.13 15.87156515838335 13.916539310046868 0.26522211679585433 0.19955841414466177 0.19361375193907784 -0.6199144568225431 0.7337548777531582
112.23 15.880901482370415 13.857285569935527 0.2738364363624112 0.19413055888553024 0.19368851894522016 -0.603615618757968 0.7486295936756938
112.33 15.89183724947371 13.795956772002304 0.259846289578262 0.19120081924994187 0.19787209355842067 -0.5889336059601264 0.7598987360693273
112.43 15.902985661309865 13.71350792134556 0.24375481255375744 0.1812755036771166 0.19025975610542464 -0.5946497355794599 0.7598237354469721
112.53 15.897488804730973 13.609389812833564 0.23522537989583728 0.18652479222508236 0.1868702404745707 -0.6143030901697187 0.7435857237187253
112.63 15.881933556462345 13.518571582527903 0.25770139387408675 0.2099934494813311 0.1990042362852773 -0.6347449915838462 0.7165185697347055
112.73 15.866970051699628 13.440374147295103 0.2822408620872392 0.19422370260880087 0.18217171091927406 -0.6726388565829333 0.6903966900995955
112.83 15.826298170530377 13.378632735226276 0.31102368814298004 0.20141239349820989 0.1697676036961537 -0.7032941497463693 0.6602948942806687
112.93 15.789577804570897 13.311816345466045 0.3204085694105267 0.20169631104469501 0.1567979959691275 -0.7312843979121743 0.6324208376874184
113.03 15.744593460552743 13.272073990589035 0.2987537547670196 0.21132914356213198 0.1536557278120465 -0.748988491487561 0.6088892756577619
113.13 15.712387455116295 13.202605135808467 0.26573286589765266 0.2339784785574826 0.15978360116228044 -0.756914770878194 0.5889000781099882
113.23 15.682892729643166 13.126022088201813 0.22106926064192706 0.2441729586541041 0.16288942405466245 -0.7571165661735284 0.5836275413470879
113.33 15.658553306147258 13.033733061245803 0.1898780243889377 0.24703915206430574 0.16121835933676387 -0.7465079591148812 0.5964110704356902
113.43 15.654717539943857 12.939944477820607 0.18830030902876554 0.2802837567126781 0.17825170659099712 -0.7184360642270761 0.6111603442946328
113.53 15.67492075907577 12.854533723955402 0.213501024017462 0.26919451216529816 0.1805874021887923 -0.6913410327106752 0.6457322055475689
113.63 15.698990335339847 12.782929965629009 0.22532748260140928 0.23915966519637474 0.18670035044954122 -0.6633370356080727 0.6840538070034192
113.73 15.724025514089265 12.723729817817597 0.231247228285168 0.21220463553937677 0.1925735828026121 -0.6443699468251437 0.7089936385403802
113.83 15.730476213924131 12.670255165657135 0.232743824141148 0.21465575252999422 0.20451645612523514 -0.6304908069718899 0.7173404138926593
113.93 15.734730875363866 12.606826083584407 0.2154314118002522 0.21313862670570108 0.20777905943705843 -0.6252292656200503 0.7214486493699132
114.03 15.730055892594544 12.525456509730931 0.19856938904922938 0.20041020093797368 0.2096810469230314 -0.6268862406827865 0.7231066665187552
114.13 15.731875795508303 12.431617203263128 0.17735623675298978 0.20820497151129896 0.22460842797177336 -0.6254418024979227 0.7176519320744407
114.23 15.734095174209669 12.339034454337014 0.18291301696139559 0.22261294071121485 0.2307465859277584 -0.6301269243574701 0.7072054516973013
114.33 15.732775832207757 12.250951121264194 0.216842913124214 0.2060071921959992 0.21780810821835855 -0.6497404251313574 0.6985399378045491
114.43 15.714197802059738 12.181693390421112 0.2548571904740444 0.20977524057774818 0.2010660383057632 -0.6702469541657335 0.6828878510503246
114.53 15.691181028234807 12.124749364593786 0.2768024806838173 0.22426527278560668 0.1935198800291808 -0.6813518214828331 0.6693391059977852
114.63 15.675405867694835 12.06110341070807 0.28150268139016016 0.22066975371310332 0.18553483731760015 -0.6921949960753172 0.6616250987878419
114.73 15.649067638734458 12.007322543668554 0.2721800773807716 0.22119246712449986 0.17579781411102438 -0.7038333647661643 0.6517573288296052
114.83 15.617053500958475 11.946625570268319 0.255587640700194 0.23412133398922078 0.16673923574698207 -0.7115486605004249 0.6411581177632169
114.93 15.583179178181826 11.868023114703773 0.22848658733584934 0.23814720830689096 0.16086190300873568 -0.7125122765173977 0.6401059374416379
115.03 15.554857811602453 11.777648147481697 0.21013453682019362 0.23447836467243527 0.15850213367504604 -0.7124322278550266 0.6421349475262359
115.13 15.537906337838832 11.684331752701766 0.2152749692928919 0.25527842885429897 0.17433447934740248 -0.6981549746925279 0.6457708915586291
115.23 15.537369118611625 11.60481919242173 0.23350058619839362 0.2470519943379605 0.17931313192427922 -0.6779652652988257 0.6687116058970678
115.33 15.556069649505542 11.547891286413964 0.24804845756669058 0.22363209235622425 0.18698646656205298 -0.6541681302895842 0.6979174778614196
115.43 15.58453965201901 11.499622039043782 0.26353796921739125 0.20733045757115423 0.19877459121625282 -0.6333921233514577 0.7185521284684079
115.53 15.596290703455628 11.453998122128263 0.25592455259373226 0.21746348115392644 0.20635610838704677 -0.6170028847978911 0.7276223134613519
115.63 15.602995002875511 11.412574736612621 0.23466268202255927 0.2228797904761483 0.2048251092745416 -0.6115837740584494 0.730983283609416
115.73 15.60139510489079 11.345645220346 0.2002912326304612 0.21418153208874688 0.2085309389052445 -0.6236752415141894 0.7222674795071642
115.83 15.59808032611934 11.250232274730486 0.17248771387587677 0.22468468124592847 0.23188820123175227 -0.6322296163700253 0.7042942342001165
115.93 15.592642032900775 11.142067742974884 0.14837459462953798 0.23607101578995449 0.25019937380490953 -0.6378225774767509 0.689095863078893
116.03 15.597354777964222 11.038207178231122 0.16936798190467756 0.24177874486947185 0.2519032098443249 -0.65419170079348 0.6709105976301185
116.13 15.579532980765395 10.958703439039699 0.21078393275403426 0.23685703416233092 0.23294697135616557 -0.680851668473833 0.6527445591042579
116.23 15.554646437028419 10.885521542902898 0.2528401788357954 0.2381574824251029 0.21016135406226985 -0.705965060190165 0.6330296617176377
116.33 15.526175263817413 10.836484722908954 0.2829447893395068 0.23795164099305122 0.19650383267052732 -0.7260864968030585 0.6144620895179536
116.43 15.496366985636776 10.788559145126767 0.2934570682862889 0.23998520499791484 0.19299700325539973 -0.7419888244531806 0.5954929407668332
116.53 15.473299161362027 10.744192515302805 0.2891055673487418 0.2435140278096427 0.19349445623334918 -0.7486318629385104 0.5855007664043667
116.63 15.455250492613118 10.70039372299425 0.2653713480167157 0.24356684616419233 0.1861465225264439 -0.7452317335439976 0.5921607272691672
116.73 15.443491010338349 10.634134211947234 0.23361487148618354 0.2421775000222266 0.17849124439680744 -0.733588439876653 0.6093758569520145
116.83 15.423865281089537 10.542271350637279 0.19960289438998652 0.2542184148828936 0.18441309118250562 -0.7216349121217297 0.6169342452336435
116.93 15.40404305306116 10.44118382669277 0.1817983009176306 0.2807219643625779 0.19938570620912774 -0.7055332026155263 0.6194056981421641
117.03 15.39377762122933 10.355719266076196 0.20063346851365943 0.2726379601721784 0.21587356227021462 -0.6894676592361577 0.6353750818637248
117.13 15.402581316637482 10.269875188161011 0.22887988259291953 0.25021184815469405 0.2155415793142297 -0.6727216968062723 0.6621037511416394
117.23 15.39494288051398 10.213493099705913 0.2589223139465008 0.22591096464531207 0.20075038227846698 -0.6648724469762639 0.6830872194089633
117.33 15.39226769062788 10.144704638450722 0.2784657988752076 0.21485661578887924 0.18957938388374276 -0.6650775120382667 0.6896145262673922
117.43 15.38819667845114 10.073924211920902 0.2737039029113562 0.2098437159385538 0.18673307380402016 -0.6680920056801217 0.6890206426335237
117.53 15.382455244210933 9.988421012236595 0.25649555982637307 0.20400399395179514 0.1869615766974942 -0.6773390504298491 0.6816447388877094
117.63 15.380830053315366 9.900739468400443 0.24832244598717837 0.21927598342819 0.18494178274763623 -0.683896908250936 0.6708200943401571
117.73 15.380359679358618 9.825062679907063 0.2546338475246191 0.2370136551608602 0.18519606040083764 -0.6874497699146125 0.6610141907127596
117.83 15.379587176693208 9.772077591079443 0.26343464480860945 0.23650130217039905 0.18518910916187808 -0.696774634702309 0.6513656702306312
117.93 15.378139298369513 9.73132366416144 0.26885503947101475 0.2426199259287696 0.19292060955055948 -0.6971219990019559 0.6464813442478259
118.03 15.376818705605345 9.697213040097624 0.2604516542313495 0.24828170919555398 0.20497368506313085 -0.6973853032011104 0.6403090817641667
118.13 15.372083197211898 9.666584123119128 0.25500964743267307 0.25040504129652863 0.21632787070636214 -0.699823721680422 0.6330452797567475
118.23 15.363211256526064 9.631919656488021 0.2519781838848884 0.24885665331610543 0.21836204591059674 -0.7030330835706537 0.6293908693420842
118.33 15.35012867794801 9.599586008604238 0.24989384550115348 0.24775608120853018 0.2169043035188836 -0.7022204129561719 0.6312336643168232
118.43 15.333078333183046 9.556994945818959 0.2450856322202838 0.24441739027957146 0.21867532656181346 -0.6999164945755564 0.6344746972914469
118.53 15.308486649499994 9.5071735636737 0.23950802814979688 0.24029008752276196 0.2167999583624804 -0.6990966263367644 0.637591059329477
118.63 15.285067291432048 9.455811507512282 0.2432654509013675 0.23414726028724925 0.21160630141408124 -0.6981290325905919 0.6426614097298455
118.73 15.269031314475876 9.41152282793563 0.25266645374255897 0.22996294974761508 0.21284222208454678 -0.6874857101661772 0.6551172632123164
118.83 15.265206368389679 9.370452938375246 0.26123095525041173 0.22152543272769662 0.21075955267460864 -0.6786914832191585 0.6677460327227595
118.93 15.26404913462215 9.328842595355097 0.2676806306290425 0.22206513322957894 0.20769165061627815 -0.6727349604382875 0.6745212582803531
119.03 15.260421281707378 9.285797836890405 0.2676798417410689 0.22795558343705427 0.20767230760162078 -0.6677531373667405 0.6775058761163366
119.13 15.259982530148207 9.236954895818888 0.2613582203607927 0.22925914000672798 0.21086519049848962 -0.6667870225040587 0.6770311549549127
119.23 15.258808991458594 9.181429973322736 0.24621744251164482 0.22546853133304004 0.2143798818077532 -0.666711585234886 0.677274589637173
119.33 15.265021686144568 9.11098662577718 0.2254783252346857 0.22128152355685402 0.21594731695906141 -0.670516201346008 0.6743954829052904
119.43 15.270951534327876 9.020779954167615 0.21006548704201783 0.22172838409275936 0.21083973214841648 -0.6721297760297998 0.6742586263514387
119.53 15.287180015303665 8.936207224444226 0.21575221946063536 0.24033677526425992 0.20880741011903992 -0.6693935502112952 0.6712301951420795
119.63 15.297327357871225 8.867945539209362 0.2404169871460344 0.22944967496911176 0.19078738251131583 -0.680348947774698 0.6693865330232683
119.73 15.292123492236131 8.801042794165406 0.2627040877738511 0.22922986138169987 0.18456227007378062 -0.6889365567561372 0.6623872431449275
119.83 15.292073930837754 8.740784095954623 0.27011705329139657 0.22614228181128623 0.18453470796482974 -0.6934618237064608 0.6587240006218306
119.93 15.290003759356644 8.688532528604476 0.27450299509875403 0.2206230304832394 0.1888253701604452 -0.6936201381012397 0.6592128351485427
120.03 15.286771853047334 8.62781349974619 0.25781770545867055 0.22571976340351105 0.19263271370049564 -0.6911670689741763 0.6589622969389767
120.13 15.279606127279495 8.563765815108123 0.23211094764358767 0.23549811990300495 0.19701971378532154 -0.6862730278638147 0.6593581721103726
120.23 15.26786790332021 8.488252420915575 0.2072175153664636 0.23859659726367216 0.20136581777158416 -0.6839052647173965 0.6593914316240439
120.33 15.248269769735174 8.397147164105888 0.1978192742438994 0.2318380250816701 0.19079556880771864 -0.6841614519630005 0.6646587761381392
120.43 15.22858256552699 8.321262811785145 0.21637639683721543 0.23980504856584767 0.18647116886515627 -0.6839424087055397 0.6632833658689613
120.53 15.218537670248335 8.246309859467173 0.2398195913064972 0.23263085735639222 0.17939934755479262 -0.6817713814201996 0.669989956476168
120.63 15.214089672338032 8.185114293652227 0.2633118349867496 0.22322236071734702 0.17802829749621418 -0.6789013242057966 0.6764397201214531
120.73 15.214363120083041 8.126509977858374 0.2740467128083592 0.2198779399535797 0.18019870443483765 -0.6785056519311992 0.6773567735980756
120.83 15.21285164954077 8.070193817385842 0.27644147541336284 0.22220237496880976 0.18407111914843308 -0.6761640669117598 0.6778982831303034
120.93 15.212469910102131 8.017382933353108 0.26208379448597446 0.22546236646846265 0.18828736437557728 -0.6750530092433731 0.6767702892669016
121.03 15.21516412178508 7.954609099060752 0.2439698846770806 0.22066921582919477 0.1911764060887056 -0.6746906345286637 0.6779006023154454
121.13 15.222773211415788 7.877297365974481 0.22819677208953315 0.21683005180432968 0.19247166643290495 -0.6740202954580732 0.6794380233440603
121.23 15.229666085624293 7.786939985075988 0.22796451820528957 0.22667829337133028 0.1942491271328105 -0.6687041731073529 0.6809691305714333
121.33 15.24066370916456 7.710635295977108 0.2419971487207629 0.22614500703002038 0.18751122634264997 -0.6705627797472841 0.6812074090968647
121.43 15.239752425774745 7.649584251039731 0.26709813578030744 0.21582765139522844 0.17550992725915585 -0.6790423711358399 0.679349798357902
121.53 15.228474685069905 7.592452615918938 0.2818118141950045 0.21808308637768192 0.17402475231814013 -0.6838694537335113 0.6741496297312812
121.63 15.216729203975891 7.5371270011321085 0.28101537871879384 0.22247170160236043 0.17666281911237264 -0.6876084030157893 0.668200025764363
121.73 15.202425874073759 7.484343647595055 0.2744507583725243 0.22808137069470408 0.17829363241677323 -0.6907548069874274 0.6626070220012911
121.83 15.17863868855031 7.427744405818987 0.2668047738527249 0.23092839985622265 0.1790719295792138 -0.6980944185440915 0.6536585507542974
121.93 15.14980894000932 7.361588672388639 0.245046188904383 0.23865343606986195 0.17977984952026632 -0.7030666916930275 0.6453068806314869
122.03 15.117679043274443 7.298236353614779 0.23398629845524505 0.24594328325672563 0.1846115166609662 -0.7054663031810098 0.6385513169770771
122.13 15.0875602405275 7.230817017849778 0.22917848574845762 0.2466662238342866 0.18276501067548642 -0.7046597769656202 0.6396931480162074
122.23 15.066095976400062 7.177054150039442 0.2423303553566336 0.24635086319232938 0.1887717802937298 -0.6999654182019834 0.6432144902677898
122.33 15.057926464431633 7.131503677366662 0.25414747140082117 0.23360738632610598 0.1885306169519906 -0.6960792827739058 0.6521943173767709
122.43 15.054449698249112 7.082434720768207 0.2628596416737925 0.22681479677465202 0.1840796100987862 -0.6939863697695187 0.6580673701712288
122.53 15.053401739317708 7.031388715041449 0.2681820555414136 0.22216764961164032 0.17820137868405092 -0.6927784603307111 0.6625283458109188
122.63 15.05471426849482 6.98768132922572 0.25951128630378373 0.225947869857029 0.17812880446973345 -0.691393175434112 0.6627165050671288
122.73 15.047140309420257 6.931057171643161 0.24733294631856842 0.2326551942083976 0.17767355828544978 -0.6981226817727318 0.6533975730659617
122.83 15.04222962946462 6.863606145985934 0.23625806054582876 0.23923399887621333 0.1785599574358244 -0.7121364596531856 0.6354093941820813
122.93 15.040491665253402 6.790449408376074 0.23164014652850023 0.23968086338887648 0.17578646049736676 -0.7202317506732591 0.6268320583322958
123.03 15.05724147646562 6.716909790734923 0.2519821214992531 0.24225899384437183 0.1738460896894448 -0.7253281062942923 0.6204734121787474
123.13 15.066481823561306 6.628687908038475 0.2633173451809049 0.24313891520464978 0.1672136180108921 -0.7324627502837775 0.6135319008100055
123.23 15.070601051079167 6.577710308049085 0.27580032847643343 0.24117659833465588 0.1639426683614649 -0.7353942007534139 0.611679670582973
123.33 15.078707122371636 6.520266502049456 0.29038675994610996 0.23869538289476802 0.17170697556216408 -0.7331583857910237 0.6132047048680522
123.43 15.084858122481084 6.468412902626514 0.2909496137598851 0.23684582534824733 0.18163908763471648 -0.724799549098473 0.6209483959919582
123.53 15.088619994325938 6.421805978189328 0.2867979801081987 0.23413169042783039 0.19232670348481273 -0.7165396126759596 0.6283022951814337
123.63 15.090475832961792 6.36601252791234 0.2758932205876861 0.23015141318126023 0.19922333497707517 -0.7091900663743167 0.635916535063583
123.73 15.087731976945948 6.303710865705376 0.2614149094162016 0.22283939073089165 0.2024557061505978 -0.6985727230599638 0.6491151235199615
123.83 15.078975621892516 6.226041194086915 0.2508317531788847 0.21380229813356225 0.20129099129918135 -0.6871040204605129 0.6645739832415947
123.93 15.063638705498358 6.147153285303051 0.2519901621007815 0.2034844709868353 0.19599560394579585 -0.6800345258698275 0.6765595590383225
124.03 15.04722745584838 6.064419415092397 0.25609020346711425 0.2062342575685707 0.19466230744683197 -0.674148515866661 0.6819807883066751
124.13 15.043304941647321 5.989147172602698 0.2657251356578932 0.21328274978713474 0.1927619310899075 -0.6660051982178923 0.688324329449769
124.23 15.03478666481869 5.9355354396678415 0.26140638097471935 0.2184644686638789 0.19648373533304858 -0.6568428766116409 0.6944241161750695
124.33 15.0301219456197 5.8841958185747725 0.25493744594591433 0.2244073819289988 0.2008256755975065 -0.6540185574488302 0.6939525210481828
124.43 15.017547938303217 5.83178983519742 0.2440405593764886 0.2352779568841054 0.20366938565162807 -0.6537180706691165 0.6897939898501417
124.53 15.003445351595698 5.779695055050146 0.22940015210845166 0.24302864829780194 0.2113757962731012 -0.6601462739981971 0.6785751585364388
124.63 14.98927922517912 5.721496418043543 0.22177677846320648 0.23053241773136876 0.20424973153435022 -0.673175810711441 0.6722880182005847
124.73 14.98091522931296 5.640291639187584 0.20824301186070568 0.23149757018879397 0.20010574430908534 -0.6801062068916227 0.6661997549074008
124.83 14.980205525403408 5.551408314384947 0.20602317028693903 0.2283105420213872 0.19265762942370587 -0.6831498170681358 0.6663810183870119
124.93 14.975727948078429 5.464372340646702 0.2249691167303814 0.23443419264082702 0.18429641609596734 -0.6838622605352139 0.6658887661995004
125.03 14.971004453442198 5.383683443831085 0.2362643216847781 0.22955622987042026 0.17323684187498337 -0.6890565733058635 0.6652022043926509
125.13 14.966146852587519 5.320223890111306 0.24791442754190718 0.22582632471566516 0.16963497143582087 -0.6960677825933029 0.6600879407829124
125.23 14.954730816113882 5.262728074806902 0.24489912573952388 0.23291014830557613 0.17117922801795193 -0.6974907993915277 0.6557111555217132
125.33 14.948738977105926 5.210851490979233 0.23333901338651786 0.23655096793197083 0.1748514879263765 -0.7009625858399547 0.6497092041774873
125.43 14.939449566812275 5.149317865686903 0.21886566138267588 0.23693736824618392 0.17273584478533435 -0.7054731803867976 0.6452368582232466
125.53 14.926011438201924 5.086694464730764 0.19389343388196806 0.24640424368890432 0.17827123712915113 -0.7039862343092529 0.6418003557241292
125.63 14.90675005848465 5.004972794928544 0.16914781601272333 0.2437274243098599 0.18294647595026933 -0.7024757765892821 0.6431604099149327
125.73 14.885303392542287 4.904387410673522 0.15919435011569816 0.23553671578639082 0.18031875353788016 -0.707570612293896 0.6413668460850993
125.83 14.86336197700771 4.807665092035182 0.16622936793560533 0.22985877272863728 0.17127459939689235 -0.7149774158564307 0.6376811515298061
125.93 14.847713090614684 4.723865069318053 0.1879583950075923 0.23200209835646443 0.17317498562079794 -0.7156660822729197 0.6356158504927047
126.03 14.84695414749104 4.646077950433948 0.19201975374182303 0.23049224460023077 0.18553348352034663 -0.7087156846725979 0.6404472889871603
126.13 14.850187966503482 4.593174820505917 0.20345844978190575 0.22773559550566105 0.1878692901970126 -0.7023189516367235 0.6477574534595848
126.23 14.84673224262032 4.517990401532574 0.19346707822429873 0.23456459025982987 0.18805437824557783 -0.6984495417254425 0.6494484132573016
126.33 14.849253866126064 4.444096633839665 0.1830898559630625 0.23573318575239466 0.18712807778726462 -0.6979375768741171 0.6498431244737121
126.43 14.850355980236815 4.373040083008309 0.18197639520141023 0.23610940690139548 0.18014438051684742 -0.6960070971223383 0.6537388399783269
126.53 14.860388534453556 4.3148899595634544 0.18464797262500124 0.24179669950405105 0.18520835781954148 -0.6922869840007186 0.6541948884590318
126.63 14.866698510621067 4.260299442931562 0.1938975952064059 0.24175050427011663 0.18421625100477443 -0.693063318748903 0.653669872914185
126.73 14.867207345821248 4.21486415273931 0.19416099724002933 0.24599755212800242 0.1862801810260016 -0.6918931667677715 0.6527394152983377
126.83 14.863413078456697 4.165926740679708 0.19096535041986865 0.24705228401060988 0.1907421983627853 -0.6937415201720851 0.6490803385700398
126.93 14.853549447617878 4.1179400523054674 0.18595501326014058 0.2484445574520542 0.19151388160312022 -0.6944179399757621 0.647596679782701
127.03 14.838204251815583 4.0622576159605694 0.17456023956904912 0.24745870002432774 0.1913361023584247 -0.694189504925335 0.6482712541583767
127.13 14.820037710304367 3.997268724661714 0.16028395221230907 0.24647681122400578 0.19049723816360276 -0.6922530548314193 0.6509575192418117
127.23 14.792731192382755 3.922435828428073 0.15207857857203552 0.23410298742309538 0.18167655309437367 -0.6923372758545298 0.6579198414682886
127.33 14.76469409677249 3.8463412136854918 0.15663576669886145 0.2295824742637907 0.1766270558147757 -0.6928816307196048 0.6603103940393952
127.43 14.742252535271186 3.787449241866109 0.1682906664229669 0.22768661909764132 0.17400387331096073 -0.6909634921908515 0.6636647557435092
127.53 14.72836189933679 3.7295249732626843 0.1841190524289957 0.2252089502516937 0.17620395491013105 -0.6855137456800079 0.6695550757662315
127.63 14.71946454343507 3.682665308037827 0.1908538985593283 0.22608031899050104 0.18429385481025362 -0.6805483984068232 0.6721438401638732
127.73 14.709055600676933 3.6331892995978503 0.1886408049940212 0.22771705302161055 0.19085171942157222 -0.6777587349031964 0.6725798556449646
127.83 14.696608193984993 3.580911682026427 0.1776730045110464 0.23633107455648927 0.19610907311782075 -0.6773594841436621 0.6684855898824418
127.93 14.6825880483291 3.5186826230415926 0.1489027655181917 0.2414035040378378 0.20494687277388443 -0.6816863283905531 0.659564157049082
128.03 14.678634273109047 3.451610726773862 0.13043501100641358 0.2428339882393154 0.21002995449854792 -0.6859399064349703 0.6529973331715146
128.13 14.683533548956655 3.371226693391286 0.14042293257800387 0.23240374873722222 0.20236973606980313 -0.6898117976626701 0.6551295072741876
128.23 14.682697257655585 3.2887775124449403 0.16653429299558753 0.2339832552139147 0.20408904976696998 -0.6895749976734029 0.6542826748649561
128.33 14.685728764085153 3.2143003191433905 0.20652553263578385 0.2223756363702556 0.19314270139515327 -0.6916643048394654 0.6594281330498765
128.43 14.68610922802769 3.1575023907982187 0.2418613070357823 0.21977552245378623 0.18874678484021737 -0.6906680271245202 0.6626092719322368
128.53 14.6747632022099 3.0967647047181104 0.2644195656760964 0.22473168018683493 0.19176997284780248 -0.6860124030239886 0.6649112213909524
128.63 14.660406321350042 3.0369296814675963 0.26630061742089217 0.23129200052969207 0.19743045678055987 -0.6813387914334962 0.665809790040921
128.73 14.64764181649554 2.9755384894313783 0.26450375273973126 0.23039022022670577 0.19920705352076787 -0.6844790519041692 0.6623634378163046
128.83 14.625974235395333 2.9067470252371104 0.2519003091511476 0.2230533321473019 0.19500428554831556 -0.6936214924150684 0.6565894949629255
128.93 14.585285836304463 2.828085450696405 0.24988627683629033 0.21279832336915241 0.17775303760960928 -0.7070720195779366 0.6505150961521282
129.03 14.561574560729051 2.7519335167095966 0.2470281759795549 0.2162990865018874 0.16643830140258578 -0.7154731812621804 0.6431260559946599
129.13 14.548410675045869 2.68940050770041 0.23809908313297434 0.22679074762517049 0.172087934841633 -0.7089292774135312 0.6452681451144838
129.23 14.5497850995996 2.6275965723973114 0.22188542965928687 0.2394987128330206 0.19496621043619203 -0.6935732624368832 0.6508338290010249
129.33 14.556742594777932 2.571493823746552 0.20350930807006135 0.24704026931217496 0.20947651932515732 -0.6795374345027145 0.6582701332272749
129.43 14.56540918027326 2.5174020020986254 0.18030038568556633 0.2530401157085181 0.21692792438261904 -0.6681312604010798 0.6652169528357895
129.53 14.578506308748299 2.459018361327158 0.15752965393979979 0.2545871543205209 0.22773884571867486 -0.6552679292236286 0.6737539164536875
129.63 14.596530659079695 2.3905588566956806 0.13487840868309287 0.2445012329279923 0.23383248596177408 -0.6445064656135905 0.6856769876464471
129.73 14.617590034117846 2.322095039734628 0.1221846709016452 0.2327520901787098 0.23485772874477684 -0.6305659371552219 0.7021786885585772
129.83 14.655934204919108 2.2356785840525584 0.11889274979576869 0.233741400901159 0.23647713148955937 -0.6172779532434239 0.7130297695235752
129.93 14.668380102016107 2.1642850828612716 0.13325973315768685 0.2298044827220369 0.226574380617108 -0.6151192370262298 0.7193624079760492
130.03 14.668756393060038 2.1023314618010485 0.1491109162788085 0.22627813601445598 0.21532709193167787 -0.6223691024123905 0.7176971150871833
130.13 14.658173855881167 2.0443915625451528 0.16920105616551895 0.22822373137836593 0.21503196303301786 -0.6349295529430117 0.7060733999447151
130.23 14.639771796689342 1.9981188936446415 0.17340987902136165 0.21929825103498535 0.2075349897249553 -0.6493271405774109 0.6980055656242453
130.33 14.612114225489403 1.9258314860799026 0.17609225857600921 0.22142976909667936 0.19923199436115363 -0.6635438125402283 0.6862835264089084
130.43 14.578363768005334 1.8672382132924135 0.16771913795966684 0.23108112502823452 0.19461217037429984 -0.6766434405464672 0.6714769327112656
130.53 14.537464407067072 1.793502076569388 0.15153265208371564 0.2264763075792545 0.18495595567768358 -0.6943359998659407 0.6575692327464735
130.63 14.505481758293383 1.7124425607768043 0.13313350419510991 0.21504806214093727 0.17299617730823033 -0.7159302393902148 0.641303785996026
130.73 14.466987320636997 1.6306491271542853 0.1328063465712856 0.23510031647467314 0.1745469749387136 -0.7265933532400264 0.6215491080845237
130.83 14.439087868450981 1.5647211736818993 0.13596137732063765 0.24220292277038585 0.1740116308551822 -0.724564080451525 0.621340961025457
130.93 14.432445169745506 1.4926878071219554 0.14557824704920677 0.2405169539784577 0.18250184164890965 -0.7115882686835485 0.6344184805911872
131.03 14.438020543091715 1.4336524571040636 0.13901547009842025 0.24331115153552715 0.19424071994892778 -0.6948297997726224 0.6482914279859912
131.13 14.450203186036369 1.370714577440146 0.13426423152488087 0.24519869466068245 0.20215120962950658 -0.6778894672735162 0.6629316395690079
131.23 14.470155679421433 1.3211597813280629 0.12707457878488054 0.24255069720245817 0.20663335131853883 -0.6612306838216602 0.679150793404683
131.33 14.487671167768372 1.263794368594281 0.11635636308309283 0.23585297415087936 0.21012636109170676 -0.6436299871384084 0.6971088341247403
131.43 14.509780582889517 1.198474433966451 0.0937755596136451 0.2290685737616989 0.21958991707916523 -0.6278869160325572 0.7106798699182854
131.53 14.525046369056364 1.1159143300365624 0.07805890987126343 0.22412005619754066 0.22499540969933013 -0.6132457114028383 0.7232405986048271
131.63 14.551199348308254 1.023972253570647 0.08297904157858954 0.22042245251714543 0.22872676305753628 -0.5981525668583256 0.7357387559781968
131.73 14.569674293531572 0.9419511592182155 0.09492100190040495 0.21752516366030544 0.22667491883785232 -0.5910516309303891 0.7429396031434435
131.83 14.555306566763278 0.8828591402434844 0.11749707440791676 0.20986854879037486 0.20848082745991978 -0.6012440462463995 0.7422914075102222
131.93 14.538905259936145 0.8235001792328743 0.1306847543308115 0.21550813028029076 0.20445680279505776 -0.6180187470338678 0.7278780735044875
132.03 14.515365456467197 0.7540882441433728 0.1276923265587312 0.22543351193135594 0.2069414058127174 -0.6337278132182216 0.7104534080516486
132.13 14.481822608860437 0.7044548036319276 0.11758270201856313 0.23309373507160824 0.21159619460395468 -0.645628496399044 0.69574291641166
132.23 14.452603756945933 0.639587601538102 0.10232258010049974 0.22440214241261738 0.20811139528662823 -0.6595547832884818 0.6865280864420362
132.33 14.417507704984219 0.5637640799689173 0.08786325313806423 0.21312041175090551 0.20584452937577477 -0.667893464325963 0.6827342382888485
132.43 14.389056834035266 0.4972157879574001 0.08899283467552715 0.21377913000987875 0.20650252249591694 -0.6727840116872562 0.6775078341931146
132.53 14.367251281550029 0.44384795287414974 0.08703362713814251 0.22641937452240746 0.2154878428841052 -0.6679197289322943 0.6754128308768257
132.63 14.36629970170119 0.39537754953974674 0.08382902373208756 0.23103334172039527 0.22493257820857976 -0.6579789636691026 0.6805090841736663
132.73 14.374258442248326 0.35489034313462753 0.08463919302617359 0.2299150680394091 0.2314011804956797 -0.6450469263608628 0.6910188260431429
132.83 14.407298932851386 0.312678273181921 0.07331491403825235 0.22129210845536718 0.23579521619495608 -0.6335127963011241 0.7029167487531381
132.93 14.444630270065435 0.25373012294117864 0.061034199356542446 0.20907083061260678 0.23537743856152535 -0.6224746491321117 0.716527850394543
133.03 14.485930799336229 0.2142877327980283 0.05481480401854809 0.21105162683375508 0.2420787690305109 -0.6027716445283837 0.7304255095134929
133.13 14.536560542652115 0.16371357147859886 0.05621463755354962 0.21172593022041447 0.24840501296307355 -0.5787436047937173 0.747343910069179
133.23 14.586699538065192 0.12709818320373673 0.054372707263366085 0.2049457726639067 0.24861699640085833 -0.5567160284009514 0.7656723079028527
133.33 14.632038815067517 0.10356385693621778 0.0582564966974973 0.20391875576634638 0.2584379850461869 -0.5273060827707785 0.7833104391011962
133.43 14.671054149337035 0.07001256170561126 0.05446388665575366 0.192676470775814 0.26941732085062337 -0.49539794273366866 0.8030385813709687
133.53 14.720881285011533 0.04408109838240225 0.04586381764430696 0.18400384076176327 0.27944659684424916 -0.4642063205449941 0.8201004073058161
133.63 14.762080251521393 0.029092061283364955 0.03763268731474648 0.17233727851555342 0.28617524400968236 -0.42915420429228435 0.839184283151268
133.73 14.802021764866797 0.018828452651458064 0.02349381795956547 0.15933128842713007 0.2944774104463086 -0.3949619453319264 0.8555125113080505
133.83 14.847176959374185 0.012344786312559683 0.022934376299725796 0.14379158715384993 0.302360038654759 -0.36460738726557995 0.8688865516509258
133.93 14.89299273674786 0.005977714019026498 0.0248853981803694 0.1269516464027683 0.30738304304756947 -0.33471109513557284 0.8816844260366564
134.03 14.944945810347631 0.01340587608290035 0.023693943167010678 0.1082910584778426 0.3129398979790232 -0.3056192770102442 0.8927141336544205
134.13 15.000199594708343 0.017170685760085503 0.019466400290302045 0.08943522358803004 0.31462149929683675 -0.2824825743864958 0.9017861432346072
134.23 15.05735158296948 0.01972663317879943 0.018340525946226392 0.07465131633223057 0.30338488593080515 -0.2664530387130826 0.9118045679416079
134.33 15.139071382505396 0.028687294331487107 0.009963965507790114 0.06692661204856531 0.29288653037418877 -0.2508821468144649 0.9202154407174635
134.43 15.221447180883798 0.039050110914087804 0.014889885188903194 0.0730372195099414 0.30853020108998025 -0.22827435261531942 0.9205245784441011
134.53 15.301319266267816 0.05449934098999333 0.027616077122364087 0.06844784001670662 0.30200672798600886 -0.208971820725766 0.92759776174309
134.63 15.361658793668077 0.0810204744255235 0.03875389128011321 0.07170759054109173 0.2915193005695551 -0.1852170920735671 0.9357185194587314
134.73 15.429176900372282 0.09210603893552616 0.05057206718646557 0.06969792015103791 0.29712177911058335 -0.15844039490259457 0.9390194298138306
134.83 15.489820694264237 0.09688868756790682 0.04975133283353232 0.06752051058073874 0.30540881406965537 -0.12507374569008592 0.9415535009114113
134.93 15.538561749776528 0.12015286785101348 0.04682512947833701 0.062134097672551576 0.3028343858764949 -0.09434675742305229 0.9463241400286583
135.03 15.599606512142556 0.11930784461067863 0.0413912572657209 0.05384052742890029 0.29826502385455356 -0.07012892984488188 0.9503794538762041
135.13 15.676690893575385 0.12999520530631917 0.018746425496863183 0.046673624078429225 0.3021189003406755 -0.04985422104275682 0.9508208556381934
135.23 15.740051978749337 0.11337203730001054 0.010750835746566594 0.03827588352147154 0.3077021651077408 -0.033620499651754995 0.9501178854920193
135.33 15.803657941185083 0.09448768120631346 0.011294887853550005 0.02735028618013667 0.3041867055374274 -0.030037811159203544 0.951745837879481
135.43 15.865619641954417 0.08368589570061566 0.01356263493903086 0.02318784993250211 0.31077742902579175 -0.022574681121766645 0.9499316275374123
135.53 15.910683500627382 0.08131870353702242 0.01659554632268906 0.021301380360238452 0.30523828221068905 -0.018859437392551522 0.9518509147387804
135.63 15.95736864444493 0.06589990362429776 0.019141570535457245 0.02645641076420145 0.30839421111351645 -0.01984077522281241 0.9506836553342578
135.73 16.000911394657418 0.0628992019928555 0.013772112205369398 0.028709045148154217 0.3120372398761648 -0.019407478620462958 0.9494376764331309
135.83 16.044810981924194 0.06195110928671021 -0.001218713307405063 0.02867096212986181 0.32681518787735736 -0.01982889468725468 0.9444451407248159
135.93 16.105412598243664 0.06272785770492253 -0.01691750922600843 0.028171839519721423 0.3289527073976608 -0.02848384658935304 0.9434962290530355
136.03 16.16413838905594 0.06869155120803358 -0.024384068030271863 0.03721586697909663 0.33978184089915486 -0.04028475806167251 0.9389038385841696
136.13 16.20587790688338 0.07250031087352468 -0.011212117548629906 0.04584271504221934 0.3392651225904971 -0.04734158375533032 0.938379665443977
136.23 16.248441132656605 0.07623744437395699 0.00404128419680732 0.046580141645247757 0.3314209754226499 -0.05585658550440326 0.9406755388070837
136.33 16.287996362405774 0.08221641724478541 0.02146106476051715 0.04030426744543842 0.32035924487099593 -0.054500611030401526 0.9448678233746161
136.43 16.33673769086402 0.08813125220986542 0.024819411893975282 0.03607722055239603 0.3161531024119254 -0.05028931390143244 0.9466871895720632
136.53 16.38257522004403 0.09697318002386834 0.021216777596756494 0.033280948543848755 0.31752838719091986 -0.04277083965342437 0.9466988734900323
136.63 16.44696743034087 0.09975356381858017 0.005405879799792249 0.030762924615904134 0.32066162516107377 -0.03481307115141178 0.9460538117333189
136.73 16.51344753534466 0.10560128891594858 -0.005148589822729956 0.03648700054660683 0.3221487348051325 -0.02936487211976671 0.945529796325824
136.83 16.56909920656248 0.11517978378654753 0.008554100162616346 0.040695709866593495 0.32206422919382255 -0.026058080941745023 0.9454837216419312
136.93 16.628555628535988 0.12231924828897178 0.014535149515246624 0.0361636035410175 0.31669942358175157 -0.018951898839963077 0.9476468194492472
137.03 16.684697325261087 0.14027633765863773 0.02635614508465408 0.029216119036295188 0.31335293414704296 -0.010837269114965664 0.9491253397987148
137.13 16.740301503801454 0.1492529331838141 0.03101292291921048 0.027066089700736068 0.31259406032072223 -0.0048854188218702506 0.9494885533398764
137.23 16.815192330639178 0.1540816613992678 0.01963571763320503 0.02412936457153919 0.3134337065205388 -0.004688181065565776 0.9492918973321467
137.33 16.884925217700438 0.16369761083502932 0.00572236967394691 0.021228226548240494 0.30913061547154796 -0.005647230898552795 0.9507658669509423
137.43 16.961911073453027 0.18205075629126438 -0.004892525942983637 0.030664177956154465 0.31865299804432706 -0.007991421381486646 0.9473416027030266
137.53 17.030729196953818 0.19413930108910374 0.013062604710225571 0.03206575729821771 0.3182204724361314 -0.017124808048526015 0.9473195126675679
137.63 17.103079887681254 0.18845917733889278 0.02633161566883023 0.028472874365544944 0.30506499997470093 -0.03292189580918468 0.9513363180243508
137.73 17.16411944073127 0.18398019642330815 0.04103669005072615 0.027215403716392216 0.3017284577176507 -0.045681319117471864 0.9519099099639468
137.83 17.22758965340549 0.16946691577549486 0.033573757618396524 0.029757499875051493 0.3027383260119832 -0.0536697333798399 0.9510959766940377
137.93 17.291907566145035 0.1479305546655805 0.015369728773103799 0.03135151455465028 0.3029839940973566 -0.057427555923281394 0.9507469998252011
138.03 17.37849976918193 0.12372174558357468 -0.007232742279315051 0.03223030891504805 0.2924037790706175 -0.05408260669642076 0.9542202622169487
138.13 17.456467619447874 0.10549755137849519 -0.0075986766419157276 0.043132929897292116 0.29654838958135926 -0.04943071446730318 0.9527618839261096
138.23 17.537825443261486 0.09760441132194475 0.0005488948566681404 0.047606172774306996 0.3001170577964584 -0.04035990876966019 0.951858435744247
138.33 17.618566493632564 0.09971508994582588 0.013703281767232005 0.0381706630130849 0.3026501556420222 -0.01815015719481987 0.9521640906738736
138.43 17.689658552635315 0.11067036518280754 0.025917303236654088 0.028765117840091135 0.313661246567511 0.012593731302875963 0.9490155890865186
138.53 17.753409318930135 0.12839900731078024 0.042579598841182745 0.0222397185079917 0.3142097748354287 0.03573736788480822 0.9484199770435144
138.63 17.818445545714376 0.13198946014564888 0.05056597816115567 0.015404273156102481 0.30001996592751734 0.044258853799168225 0.9527811303094574
138.73 17.8964098367094 0.13196275563131263 0.04547449680546154 0.010680271452091035 0.2812196766220028 0.051259915768739096 0.9582138833881022
138.83 17.989303380146747 0.15119563509573972 0.029547614842758533 0.013942269493526983 0.299222437014953 0.06312648828448951 0.9519908575112845
138.93 18.058366447052173 0.1588455355674191 0.026882760750347453 0.01363380678442706 0.3035651952342158 0.047302263302182505 0.9515381166519125
139.03 18.130439973315667 0.13610184009941148 0.03755228751790941 0.02350158663668822 0.3065655882300796 0.022462661871828105 0.9512941944321618
139.13 18.19953076888069 0.11109179673106584 0.04683708320071315 0.028225206371309725 0.3104651873898406 -0.002525891544709567 0.9501622624668865
139.23 18.261136765726178 0.08266843333881257 0.049784238545844045 0.029848008109565588 0.3004268852235955 -0.02447736169867661 0.9530234214388502
139.33 18.3402607585435 0.04585195991458041 0.04880615357694214 0.03137219267765236 0.2907344301885153 -0.04050695464721721 0.9554310353211078
139.43 18.423642992825393 0.0206108119570048 0.03760958336994058 0.02890726238178538 0.27548177539346835 -0.051557403116599725 0.9594873609337049
139.53 18.51062728000476 -0.012648788580080998 0.008929229444698462 0.03321308309649209 0.2747151355443897 -0.0616093990662392 0.9589748523088341
139.63 18.597849670384722 -0.034093165676177116 -0.002248747922589431 0.04892349689178473 0.3037155834025782 -0.06734322958240367 0.9491197107213203
139.73 18.667918079374346 -0.040540373345104505 -0.02232331746552911 0.055600340058616166 0.32480125590664227 -0.06233945720559415 0.9420862690975526
139.83 18.732567388472596 -0.039037365755145395 -0.03209433869817738 0.04832566808719024 0.33320570345127665 -0.04998541583070872 0.9402872152676
139.93 18.793215906830728 -0.03410333176399404 -0.038267938046294865 0.042060622943289896 0.3367093057885054 -0.03463199055103394 0.9400310487550495
140.03 18.861387352011395 -0.028195004974632978 -0.05054697111424193 0.039541830962650126 0.33193084005115925 -0.017544768309791344 0.942311276666054
140.13 18.941940526278408 -0.01670651656277742 -0.06610331461074165 0.039448604232227936 0.3322710309037661 -0.0009173879594815016 0.9423581739686931
140.23 19.02218158363137 0.00039019829843031303 -0.06570676936810849 0.03916053797331817 0.3288272090431936 0.0199365445664149 0.9433671888767678
140.33 19.099009903545166 0.021128114633313162 -0.047099637103680245 0.042411970088248756 0.3375904961828358 0.037125264746145616 0.9396039572063268
140.43 19.17919718615769 0.03213828175434795 -0.02912994288485375 0.04196536610299462 0.3188848930496958 0.04208810421959734 0.9459280757624896
140.53 19.245543078205845 0.035130075834859026 -0.002970569997695495 0.0402834629515773 0.31701865489692177 0.040876479609624095 0.9466813236114355
140.63 19.316962454272737 0.030434423011601805 0.014791503046802813 0.031120595647901175 0.317855375826732 0.03331548127656861 0.9470425266543617
140.73 19.389062824101714 0.01439472495520723 0.028551970229394704 0.023752842075074075 0.3150430726906786 0.02972232953253534 0.9483144246346419
140.83 19.474573253157352 -0.012898126177980893 0.05658336326439968 0.0199203780801329 0.30797298993862443 0.028029166766683468 0.9507734650355858
140.93 19.552398937903384 -0.034504940870040815 0.09923614670501396 0.018579182286064103 0.31128460807767555 0.02260442021468148 0.9498661731771835
141.03 19.629206258072973 -0.04563540314071256 0.12822029679776997 0.013751390447998103 0.3206940354190396 0.0201656671546558 0.9468683017060008
141.13 19.69036311980812 -0.054323018650475376 0.16231465652214694 0.007294313792965398 0.3313049324030226 0.02197319323379065 0.9432396373832205
141.23 19.751032347825014 -0.06457709075585395 0.18396830692009575 -0.0005612484004118002 0.3420110827833756 0.0265660255690472 0.9393201533763879
141.33 19.818570702429966 -0.06757668177724423 0.2013253768261174 -0.0002882350243608176 0.34527889219102686 0.029078747786921853 0.9380494816133383
141.43 19.889336643547985 -0.06958184518157484 0.22615587108616877 0.00531687554496269 0.34816388886452093 0.027888045670916774 0.9370036788795602
141.53 19.96382098867368 -0.06510485082217154 0.24510355407440781 0.008745020391309944 0.3457387323919948 0.032641089380036514 0.9377221405226693
141.63 20.04039117640966 -0.05507872449832228 0.25571347229260316 0.011332129651500161 0.34370980781722543 0.03777335077933108 0.9382474752530429
141.73 20.10385441476924 -0.051893223586472775 0.26715149485816075 0.009803441988313923 0.34134624841300637 0.04232036987810001 0.9389332337887123
141.83 20.16575719835562 -0.05190326900767203 0.2701604638694295 0.002074931355806783 0.3358559978092736 0.049848388827546 0.9405910809308707
141.93 20.234359363462083 -0.04579423805392217 0.24725516349675067 -0.005343838312215738 0.34815107432882925 0.0646621921701193 0.935190394379417
142.03 20.297436629114692 -0.04277675426926021 0.21637770312116836 -0.01360738255730319 0.35540643640632535 0.08090580693999065 0.931104373582406
142.13 20.37093706623034 -0.04539696974809036 0.18199237405231336 -0.01563014509678268 0.3553122001851869 0.08770776324231787 0.9304924971383942
142.23 20.425568929962903 -0.04129616710498352 0.16372969868739218 -0.029096391591438762 0.3354768050247383 0.09728218274798721 0.9365601369941701
142.33 20.48426485753504 -0.028889074625218922 0.15306952261751833 -0.04874758804326226 0.32336164504827186 0.11947774651108287 0.9374358576778857
142.43 20.522628929962444 0.0031403471447139057 0.13040149186209943 -0.06989542872747814 0.3382928597641653 0.15036502649674402 0.9263168620306003
142.53 20.557450181003706 0.051614341327856104 0.11208460995149433 -0.09161833977630449 0.33236268763585114 0.1976201024310177 0.9176532127112406
142.63 20.584529545794318 0.09640551299838251 0.10780379006911625 -0.10483021287331763 0.31326879546015046 0.25459216077100294 0.9088762951765399
142.73 20.597093948649313 0.1262966339388558 0.11077596586149094 -0.11084383311542555 0.2982374587176759 0.3102983390230033 0.8958141568860517
142.83 20.621842966220107 0.1855410825584689 0.09112125660018983 -0.12996473776893233 0.28230476150451234 0.35445321069717606 0.8819161581437298
142.93 20.64689559874982 0.24738979437546466 0.07728839284991093 -0.15941736897379796 0.2973616064226882 0.3774660509728289 0.8623697338486365
143.03 20.67508668797597 0.29165410035942274 0.056704898237915496 -0.17266080961158942 0.33396627947789576 0.40268633596329517 0.8345648469857921
143.13 20.686951453738676 0.3395307662373267 0.06744895107143312 -0.17123022918823613 0.3306308207337223 0.43886661660978266 0.8177772079353712
143.23 20.701851104009787 0.3765092390758369 0.08155897762170576 -0.17108494552358539 0.33923199852065183 0.4784356491600878 0.7916760209881577
143.33 20.72829987253727 0.4246352688453179 0.10141850371391434 -0.1838377571280465 0.34667676291315175 0.5174785634635938 0.7604175415295489
143.43 20.754209275180628 0.4760894726854189 0.14853239723319783 -0.19570164503265647 0.3385051167783625 0.5585561022851933 0.7315259617035832
143.53 20.776024793794015 0.5095035067455481 0.1860386176093488 -0.19829994517829222 0.3021161489965226 0.5854019187744061 0.7257462075361062
143.63 20.802208340381885 0.5476658211739484 0.22445551730356145 -0.21164290851944986 0.28507250159722575 0.599451752688585 0.7173552427529272
143.73 20.824906884581495 0.5792819135352365 0.24594317314319064 -0.2290330199490541 0.2855073526724586 0.6126236165684926 0.7005153329981586
143.83 20.840160471085184 0.6085734488680294 0.2705727178052524 -0.23073131220953905 0.28145377212753964 0.6335977283639924 0.6827157199986182
143.93 20.85553312222958 0.63853834142754 0.3003270154003146 -0.2191135201573355 0.2688923257499576 0.6499893721014652 0.6761656591340488
144.03 20.858987182667267 0.6901033853707017 0.3206157903158733 -0.21436717335061803 0.2587624723179465 0.650302833590949 0.6813185176796184
144.13 20.86188965200324 0.7317699876791065 0.3392102993211926 -0.22035812810373567 0.26480366589186316 0.6389157080248025 0.6878284902125047
144.23 20.855385535964476 0.7991353773102441 0.3488721830547944 -0.22563099278694437 0.2867305174072107 0.6213832731696572 0.693367935014545
144.33 20.850173138880223 0.8604668904985369 0.372195991299878 -0.20973960561173136 0.287648782156088 0.6112970963477273 0.7068120938119213
144.43 20.848861656911687 0.9164926736546929 0.4144832237764136 -0.198290907353715 0.28771916932521374 0.6133043019163037 0.7083475339934522
144.53 20.8455602219565 0.9721853660967815 0.4557443594153727 -0.20078662282278759 0.28853181942151707 0.6255210883368942 0.6965324754256301
144.63 20.852343662410593 1.0187038900540208 0.4894021026832018 -0.19650777015162676 0.2779353797591878 0.6382969477174357 0.6904445144128212
144.73 20.873242516125227 1.0783469497338896 0.5028717668823834 -0.20040485313819775 0.26261676073938617 0.6437701241632351 0.6902393491045423
144.83 20.895301279118847 1.1159103926883358 0.49585085311232296 -0.2134714319306049 0.275393500263247 0.635262707722776 0.689223954849932
144.93 20.915664462703614 1.1609852235298315 0.5090204733782314 -0.21130639259854886 0.2897605264302336 0.6297215151213922 0.6890858140776664
145.03 20.92681907381044 1.2039595009340591 0.5275305913871472 -0.18148703617871714 0.2509848677579441 0.6269149137178399 0.7148753337566948
145.13 20.931972336850368 1.2598640846211167 0.4826536673786398 -0.19577841135320703 0.20928338244781533 0.6180899275735239 0.7320082792642252
145.23 20.934207157477502 1.3144413961713235 0.45303159867214654 -0.24217524363600418 0.24409190253807286 0.6042422842611886 0.7187917336725617
145.33 20.933473179582247 1.3623228135911374 0.41305984060489764 -0.2425877672967151 0.22012736157713872 0.5996891232475653 0.7301151109939096
145.43 20.92477882997739 1.4127613949429187 0.3947893334369245 -0.23846665629566238 0.2423195105690265 0.5943183966272717 0.7288350650614601
145.53 20.912086975697026 1.4535940571658714 0.3955204347666852 -0.21631735858789422 0.23140807231073582 0.5977310526082691 0.7364609244154073
145.63 20.886745083798292 1.503401155991177 0.3993336846558625 -0.19844989576933975 0.2200415259160821 0.605982370042728 0.7382308127808395
145.73 20.86399094408174 1.547347947768432 0.37961998128558655 -0.21043210366710202 0.28695938269229965 0.6018550852826156 0.7149427241049091
145.83 20.853148047309652 1.5882363859322317 0.371513348092188 -0.19379025398886743 0.24588721702592425 0.6068251802080726 0.7305806010479723
145.93 20.840003857922934 1.6103685936777135 0.36481774219844376 -0.19683195361992262 0.20932888864076615 0.6153311031198072 0.7340342171506364
146.03 20.830475262358767 1.6210559057543863 0.3460817992745665 -0.20132674901789346 0.2098606435712789 0.6210161273679176 0.7278495860812789
146.13 20.827975982516744 1.6389194409790016 0.3353714996584537 -0.20828046571465014 0.1854255870593214 0.6250464541703572 0.7290771765694343
146.23 20.819249624362186 1.648950106883044 0.30396234404957867 -0.23737523490357204 0.17952224502679615 0.6327826086726669 0.7148502861134123
146.33 20.816303443687048 1.6621007145694813 0.29063862432322674 -0.2783046229554666 0.20449379984527452 0.639770110051736 0.6866025261756952
146.43 20.82125134217361 1.6694362802184735 0.2801254809084912 -0.284444654310419 0.21302653287798726 0.6410396226241487 0.6802787201949647
146.53 20.826118226582235 1.685454657048786 0.28521640932802694 -0.27026860259452845 0.22087857440991168 0.6512425449936664 0.6738328319460387
146.63 20.829020436374666 1.6983401160808855 0.29599225213157265 -0.24037751850444483 0.22284076466395167 0.6694338986913247 0.6666475061714127
146.73 20.840121253583153 1.7096882475911077 0.30737008767096247 -0.21735980144726672 0.21273946024501672 0.6808007030383584 0.666338533713863
146.83 20.847486313801607 1.7162907367302729 0.31686749062876546 -0.21742523378087703 0.19923837757092305 0.6809805338459716 0.6702953447108916
146.93 20.860942376354956 1.7235927686632033 0.31211966127219376 -0.2394442674046998 0.20518705414715233 0.6596860196604785 0.6821869766288089
147.03 20.88231594102854 1.7422881401744474 0.31184754675866166 -0.25441491314015574 0.21666613178166597 0.6300267659609985 0.7009958013307797
147.13 20.908009067452316 1.749724173000849 0.3168382911877229 -0.2578056538199825 0.21740577218189958 0.6231519864807783 0.7056575492584937
147.23 20.923419198772496 1.747514486244435 0.3428278697323893 -0.26681271543972424 0.20714497887572061 0.6348129465730376 0.6949204670100858
147.33 20.9318378880174 1.7484474971857167 0.35223092157686303 -0.28317604014190767 0.22808763546817043 0.6376519767547991 0.6791077362074333
147.43 20.941272552114892 1.7536240083552945 0.35887334503739954 -0.27939197196374926 0.2222877427117408 0.6352168315113679 0.6848560888296058
147.53 20.942953113159056 1.7596038576815747 0.37208090394583526 -0.2814672603173093 0.2199222122474346 0.631243605071533 0.6884343926518756
147.63 20.944241422434516 1.7707640611526259 0.3708855530075003 -0.2898645334416996 0.25177965072628844 0.6249013087478907 0.6797675441339837
147.73 20.94806503430146 1.776725975151923 0.3752212287393505 -0.2801809253220643 0.2606679047203837 0.6279319699044529 0.6776815872563383
147.83 20.94335111450087 1.772280727555271 0.38997441085737317 -0.26296732757312413 0.2368916178994801 0.6436236849694308 0.6785861022334506
147.93 20.925535251408707 1.764042764331314 0.3885408237155119 -0.2519991542690809 0.23584540712691113 0.6536936367884002 0.6734671479791458
148.03 20.918215141763724 1.7596222626190277 0.3778938234096062 -0.24899154535015613 0.28625752621088607 0.6446606876472554 0.6636809751936039
148.13 20.908065659843864 1.7653585269671717 0.3638678209870892 -0.25055577898494075 0.3358339697573321 0.6339469912169681 0.6500373517739071
148.23 20.912226714147057 1.767521380965077 0.36505342992537365 -0.24639351034277499 0.31908299720514216 0.6366308643865167 0.657402024233288
148.33 20.900806749885522 1.7606253949998671 0.3780596996416494 -0.2385071924210132 0.27268092228206303 0.6395606944818241 0.6780276925471234
148.43 20.89555144267124 1.757586200436823 0.40620833021674546 -0.2185192322176209 0.2588106213822338 0.6324584860462097 0.6966079750038038
148.53 20.893194863638172 1.7644679057286425 0.41930960969956915 -0.2275925295603837 0.28252299080167925 0.6129765827839806 0.7018846836306188
148.63 20.893723031028948 1.7749498081272201 0.430978403904279 -0.24277345482955076 0.29197634661699307 0.5921848268770722 0.7107235703583283
148.73 20.88060199646186 1.7915559658808455 0.42859900146831464 -0.2874691444941325 0.27590303089274765 0.5745837089135132 0.7149073855816559
148.83 20.86037176020687 1.806703983204598 0.43221870925656203 -0.3205029451334152 0.24026678345385125 0.5815456637546543 0.7080638219099362
148.93 20.84495274429574 1.8212153745476958 0.44271024249147256 -0.3081099708660915 0.21983195362351543 0.5926223043350676 0.7110140381339595
149.03 20.83578513870857 1.8373413655484656 0.45266340424543466 -0.3012519517579154 0.26528226677455224 0.6068381162080282 0.6860175516807816
149.13 20.824490087304294 1.8548682894661623 0.4598564779305787 -0.2855426782918003 0.2623405249868172 0.6299060611021229 0.6729496132775433
149.23 20.824691886839894 1.8777712196193757 0.47940804782837326 -0.2869166427079739 0.24554545038190648 0.6355289312678869 0.6734161042441955
149.33 20.81807003331976 1.8935852944048608 0.4910860831386317 -0.30121729650208245 0.24931540994252996 0.6295760945268769 0.6713746404604881
149.43 20.826812663570546 1.9296518748789777 0.5196294685172798 -0.29772108291828325 0.23803990662485586 0.6270558053172385 0.6793380429932834
149.53 20.824852652857288 1.954371920753665 0.5513770196361667 -0.2996435988172463 0.234818203377065 0.6257174872809972 0.6808463491577023
149.63 20.820459782570545 1.98635406827819 0.5876604891290923 -0.2983842243000204 0.23270252650374953 0.6276539743808375 0.6803432055158528
149.73 20.82107065678646 2.010086404036018 0.6226419183161203 -0.3033882050032955 0.2289922877413394 0.632773066077559 0.6746231363262537
149.83 20.818942448594676 2.032619316946107 0.6537556511117103 -0.30075691296594753 0.2317910344978874 0.6459351201940783 0.6622582699592768
149.93 20.827503314347982 2.0483144349959517 0.6816326023676802 -0.28127964987989296 0.23432271030611243 0.6640405546570638 0.6519392362551756
150.03 20.825681960430515 2.07624979393617 0.6930584225555472 -0.26910379429591386 0.23808196982176857 0.6710224376551053 0.6485591813433292
150.13 20.8425383927331 2.123088532004213 0.6830411102447311 -0.26372735164527095 0.23132081724490128 0.6650151453008581 0.6593128392681284
150.23 20.857123398496114 2.1634866593135893 0.6815021527134794 -0.2827036452474922 0.24622441915549448 0.6530280053192309 0.6580323765926006
150.33 20.879742143480552 2.211378977418913 0.6795121460218422 -0.3188492979491839 0.2563603325701097 0.6412136363275713 0.6491991818151257
150.43 20.904895573699207 2.2583047910923213 0.692898091806964 -0.3421840116513795 0.27811188235918755 0.6249616150705872 0.6441947397714152
150.53 20.92533489666025 2.30742893460295 0.7161612476884988 -0.3402754953074068 0.29467825586137103 0.616634370805522 0.645863271565335
150.63 20.93616971444403 2.3502520790088552 0.7383258873834624 -0.3366487826283733 0.2904438440663934 0.6233372471619233 0.6432422925300902
150.73 20.92565098732823 2.3836374362754817 0.7502187505439635 -0.3275849012376812 0.2820296550666329 0.6345549525580785 0.6406929204604259
150.83 20.9107363321129 2.419672689228494 0.7542239790911017 -0.32534849133440075 0.28103091568145405 0.6391649567394315 0.6376818499016211
150.93 20.884997002686863 2.456543857561842 0.7542198196760505 -0.3361454548931564 0.268487881376919 0.6512374452813596 0.6251482068852271
151.03 20.858713989026832 2.4924595797340574 0.7454959518263843 -0.350523344699827 0.25216142277382275 0.6767675194190769 0.596266489369038
151.13 20.83426023098856 2.5319937052194597 0.7410337664552338 -0.3441210176304577 0.2420964887800117 0.7036958559483155 0.5725226263358818
151.23 20.837865037316618 2.598156941857103 0.7420465280711592 -0.3271772185282941 0.25574132269582206 0.7137955669389408 0.5639568531015441
151.33 20.84612568427703 2.6759785019334688 0.7314840817174254 -0.3420375914709437 0.3004988675917963 0.6894376550971065 0.563370603005701
151.43 20.868216721061764 2.7440177364582956 0.7032197655828607 -0.3600970527766518 0.3356879065326848 0.6607070823897305 0.566665592099364
151.53 20.886136808491585 2.8166876578257525 0.6943941573794077 -0.3581002992435493 0.3483558657963844 0.6521989182421812 0.5701306319525908
151.63 20.90731478828611 2.8779191640693904 0.6969415038865721 -0.35077806259764366 0.35102881379042133 0.6593761024373518 0.5647624971823645
151.73 20.931477419439172 2.953691587438467 0.6990267525632996 -0.34093094080763403 0.3506131087016776 0.6662908758507933 0.5629325095999963
151.83 20.960140662347836 3.0209537178374646 0.6915120605546696 -0.34318843513554176 0.3588545095194222 0.6599146064220107 0.5638775143749534
151.93 20.98882095485954 3.09419409163054 0.6859283897150524 -0.3486688397548573 0.365312611811397 0.6525905359383327 0.5648914304884229
152.03 21.020076607849713 3.1628866779403757 0.6756201213546624 -0.35273955550709934 0.3707957863865894 0.6405396810237437 0.572533149968284
152.13 21.034196100028613 3.224366766050083 0.6724991084439299 -0.3525387044342957 0.3659456288716187 0.6303732543319808 0.5868814350517927
152.23 21.049766509015562 3.289437684361547 0.672093913778322 -0.3439767913138322 0.35326605506296366 0.6245804402560285 0.6056255732936624
152.33 21.05652429663733 3.3499605652302122 0.6575321141106851 -0.338333524107836 0.34835934850046124 0.6191008337491811 0.6171631457144661
152.43 21.058445947353228 3.413560185782251 0.6335630942063329 -0.335481369232919 0.337954689835948 0.6189482216108807 0.6246134624551588
152.53 21.057923359548887 3.480957022676071 0.6103917578564044 -0.3265942595304448 0.33097584266871477 0.6190044431886867 0.6329491926878165
152.63 21.049741436772507 3.5584707990135938 0.5922759753438672 -0.31813309784828875 0.33560467129638594 0.620363421327289 0.6334903804609794
152.73 21.033621372991018 3.633768567018037 0.5884921241893992 -0.3129519945046379 0.3371618982391043 0.6275525469497444 0.6281406724040897
152.83 21.015209718369366 3.6994289984714586 0.6066524430818211 -0.29598907541859326 0.32942522194430574 0.6390876274695373 0.6288374152315915
152.93 21.007913686494014 3.7667056356173805 0.6248245629002025 -0.27717520182075006 0.31262267289024964 0.6508797567798371 0.6338742100013239
153.03 21.014634162842302 3.817635812370913 0.6256118858341644 -0.2780776136627646 0.3161779560481008 0.6514736843418608 0.6310993420206592
153.13 21.006964860970356 3.8863871852879344 0.6270472400450654 -0.2791472511653766 0.3115488881163898 0.6528695678493363 0.6314866822479127
153.23 21.007188082449087 3.9482311245223953 0.6090963066534282 -0.2783918695326322 0.30943015618862946 0.6537866303583227 0.6319129587086469
153.33 21.018740214558743 4.0174067034477945 0.597983956559927 -0.2745974833342973 0.2996046438321806 0.6560661138385138 0.6359328060522532
153.43 21.031710248821348 4.095977367855043 0.5874011426480888 -0.27068292966893004 0.2907990132093932 0.6596265788726097 0.6380121173983337
153.53 21.05242770325428 4.173832582205126 0.5939314580117391 -0.27272884126335956 0.28777954615948376 0.6590389146506316 0.639116281228623
153.63 21.071982588999518 4.248202041199673 0.6011651906741691 -0.28164779917778 0.2979921171142543 0.6521121355181364 0.6376715283482973
153.73 21.087093916534208 4.311597116877193 0.6137862715354809 -0.2707665118984811 0.28811789914280167 0.6544127519762275 0.6445289150059667
153.83 21.090486391309813 4.37050751447331 0.6188284714701348 -0.2681036950073464 0.2877712517514831 0.6530226658684535 0.647201292683235
153.93 21.096035381787885 4.425764339977095 0.6115864771474541 -0.2696831991957567 0.2861788654842423 0.6474870820862662 0.6527887158592026
154.03 21.10175782876432 4.4913762152136165 0.5998027664353227 -0.2710734487670932 0.2814142723473757 0.6415872958149079 0.6600688862093298
154.13 21.105018950174838 4.552331704549064 0.5849593673990195 -0.2697038629986844 0.2826242701611614 0.6362563168986406 0.665252769559086
154.23 21.097208439147728 4.627967387823194 0.5676753361803367 -0.27128272236608103 0.2764023768397982 0.6334586272868192 0.6698787786897394
154.33 21.086323458446603 4.716490679625776 0.5618426447097015 -0.28355098407424034 0.27042188313152443 0.628943549368498 0.6714915161503426
154.43 21.07843059871429 4.798443923257498 0.5692722650529889 -0.28649729408813285 0.2829988954081924 0.631655577165004 0.6624516265466233
154.53 21.078611723124062 4.864453113545137 0.5998009985523659 -0.2652588118073346 0.28300564553785124 0.6443024790036985 0.6591053655539103
154.63 21.07871114708788 4.925491750996545 0.6146005432421033 -0.24994369445121215 0.27141364758366043 0.6515292298081047 0.662851751310253
154.73 21.07906581362129 4.990080868836962 0.6126100499508765 -0.2495580523994468 0.26548335311018045 0.65048710796193 0.6664127025194633
154.83 21.08457447525543 5.060832288402289 0.6031002017390757 -0.2556458681147418 0.266445629289772 0.6527799218120955 0.6614607247805661
154.93 21.0913239681485 5.139758771711077 0.5932631093956827 -0.26082653272081946 0.2736915372732196 0.6551860454740432 0.6540594071412339
155.03 21.095458537396834 5.218261440303059 0.5957868457539335 -0.2666486092879211 0.27131366484981206 0.649991001343075 0.6578746936944818
155.13 21.113351163948053 5.306605226837299 0.6147376390251107 -0.26963157601287957 0.26291563232113363 0.6434663977411128 0.6664271741728914
155.23 21.116022391417008 5.37867475937869 0.6348590409477209 -0.2719092377833437 0.2616472438806066 0.6441193807690991 0.6653693030906939
155.33 21.11386917826186 5.448508858364994 0.6474541494559175 -0.26761190294361537 0.2565565299772601 0.6558596199231562 0.6575794821032491
155.43 21.107064669008547 5.523397839311978 0.651501565264459 -0.2621917280876277 0.25942445539178666 0.6575856304673381 0.6569136840331248
155.53 21.10333905672671 5.594651136555213 0.6422538515188508 -0.26546561521613066 0.2650133186170454 0.6509367569782737 0.6599827925848594
155.63 21.093529744501875 5.680835191824031 0.6417989529384303 -0.27024708389702085 0.2701329864017335 0.6408197923783038 0.6658413301974166
155.73 21.083036798147052 5.768279573182898 0.6576223865915501 -0.2636626502973978 0.26835636938283686 0.6400025142983373 0.6699728707504663
155.83 21.079170326425395 5.846284925658919 0.6767282921145796 -0.2588571192912501 0.28370652453997747 0.6379778751659889 0.6674487474888035
155.93 21.07996269532655 5.9079280388321225 0.6850977424476836 -0.2568882561637729 0.2762268161219124 0.6367876760416971 0.672464590548604
156.03 21.086528240336605 5.9704374448553486 0.6697577277669142 -0.2629832073119549 0.2842180286535551 0.6292437018844284 0.6738785561946492
156.13 21.09907944517229 6.038330290502263 0.6553372874761301 -0.26716863061275425 0.28648282956500315 0.6294444985799414 0.6710798271356255
156.23 21.107186215811886 6.109598766767982 0.6427414156985437 -0.2708959979418677 0.2911035650312109 0.6316719659931251 0.6654807285741484
156.33 21.126522845849813 6.191484599110395 0.6340225967832505 -0.2727740029057757 0.29067082824617685 0.6367847282514533 0.6600075929950838
156.43 21.142959832955203 6.2690280078934855 0.6428997182341699 -0.2697692495599086 0.28180457518383517 0.6401175611139084 0.6618611949275495
156.53 21.160632185062237 6.3569901220919505 0.666280840304706 -0.2683848103343838 0.2689707763104476 0.640049856552287 0.667802737490742
156.63 21.174013770644084 6.421357594980486 0.6848003164570391 -0.27267598618391753 0.257945461705839 0.6403591910673734 0.6701134618551763
156.73 21.174034289044883 6.488473061192274 0.6975051073216638 -0.2684554609578976 0.25171064707718543 0.6485268218355325 0.6663230275097589
156.83 21.16644481816914 6.5459656110252 0.6905638544000222 -0.2678645492915004 0.25665743675776864 0.6558200007400581 0.6574767448504195
156.93 21.167201071102067 6.62062484471079 0.6880517304467263 -0.26636281330827555 0.2617205764319904 0.6552257929578257 0.6566828395819371
157.03 21.15956260789152 6.689091692949338 0.6729448234758459 -0.2734749456567486 0.26961960990447537 0.6483151098386537 0.6574224200678672
157.13 21.15099459734812 6.769667485896114 0.6658595626834894 -0.26462434740326657 0.2715365238375464 0.6454346494384281 0.66306559576554
157.23 21.144511428476434 6.847902337208514 0.6716187634806179 -0.24493876191082106 0.2684056394718813 0.6464832008404511 0.6708374517305735
157.33 21.13215532450097 6.925657913854769 0.6735372984835997 -0.24715583054351556 0.28298777537077696 0.6374405965100006 0.6726822432174187
157.43 21.12797589390309 6.995120133148122 0.6680608123977108 -0.25275386644799763 0.29002290010181386 0.6217945405037227 0.6821830764625325
157.53 21.1257049389578 7.052267686714808 0.6514260907859073 -0.2680968426250396 0.29953903578387703 0.6122237445154103 0.6808689563107424
157.63 21.124295509429132 7.113484632565458 0.6506709741559054 -0.26914812031801577 0.30296255498352576 0.6164777785359099 0.6750763869211859
157.73 21.12331140753566 7.170610156177958 0.6555859055707087 -0.25735974693125874 0.2925040722802836 0.6296184112499451 0.6721517571010464
157.83 21.124100527184158 7.228483811459229 0.6468326909511223 -0.2603837108578541 0.29012687912507806 0.6380431500743301 0.6640238367500534
157.93 21.127047546320433 7.295527267524514 0.6403516812050325 -0.25860799377927984 0.27049332334699877 0.6517910200717248 0.6596390935443505
158.03 21.139669414551285 7.362748879950285 0.640343420696781 -0.25117520715405633 0.25056203482752215 0.6731592713196514 0.6488345532187729
158.13 21.157512309482502 7.4376906029644285 0.6416851052104036 -0.24779727310907476 0.23743411435784323 0.6876403944992683 0.6398220382510312
158.23 21.178735472679012 7.516176357716459 0.6573125186049613 -0.24866081003651969 0.22857907596661883 0.6845947102299891 0.6459485198584682
158.33 21.192679652295457 7.5872287331641095 0.6700238888482699 -0.2533305446125629 0.2265079671850051 0.6784394665941176 0.6513352947104188
158.43 21.20637112984025 7.654771237208337 0.6601930034352232 -0.25429547097092015 0.23388515167223942 0.6744364469037679 0.6525082592264657
158.53 21.212652025751463 7.7241941264974 0.657669932690056 -0.25077173638346595 0.23921866709178466 0.6714705172345192 0.6549926030352241
158.63 21.217158144791128 7.794514079444765 0.6338968441705953 -0.25772336342175944 0.25318075756358527 0.6654255328331523 0.6532128536700882
158.73 21.214772691275552 7.862888348416132 0.6066878717897936 -0.25712232568365684 0.26207335968845136 0.6610520963236087 0.6543819906773087
158.83 21.207124610315063 7.9432526422053025 0.5863876300147918 -0.25096314421463817 0.2649109370973059 0.6545444493252548 0.6621263168834395
158.93 21.191937999227598 8.01814980820345 0.5935841150559351 -0.25005516086448604 0.259393822984065 0.6490091459407117 0.6700555123331614
159.03 21.182683692224586 8.093126876923618 0.6182160212896541 -0.2325599456550245 0.25083074791213855 0.6524258402880954 0.6762694215348956
159.13 21.176014723395372 8.154892793183098 0.6482085880692852 -0.21868550600390096 0.2508100452981257 0.6558588046296367 0.6775840900073984
159.23 21.172624950601016 8.215235538723224 0.6560840270827919 -0.2279225213608192 0.2559202431310026 0.6594076560761333 0.6691320471480015
159.33 21.175685713396106 8.279051673928178 0.6665229828169353 -0.22701051455846546 0.2544066008925496 0.6638849615468715 0.6655826511667118
159.43 21.185547247225884 8.343588002166987 0.6688996613043375 -0.22698378640972938 0.25963814522574963 0.6656256471932671 0.6618224021966764
159.53 21.196493127511545 8.406782099744577 0.6559924852402095 -0.2306445735033892 0.2652985660025444 0.6659563571835615 0.6579679945994591
159.63 21.219805258642264 8.478779236452917 0.6410663018024335 -0.23170543058804047 0.261278574615845 0.6641458237220278 0.6610267957619511
159.73 21.254199317906014 8.577270352950013 0.6181852060069957 -0.23616340105608538 0.25511923118662777 0.660864460733038 0.665130957346294
159.83 21.289105711017147 8.669519547481913 0.6160619245209168 -0.25346575511292635 0.2686298542420481 0.651631373398563 0.6625478590997277
159.93 21.320734292256272 8.73923163571929 0.6253239803444359 -0.27121385975925005 0.26747476312725715 0.645260687038251 0.6622227262239131
160.03 21.33482683524996 8.790709943310377 0.6538566863328409 -0.25528485884244945 0.25022693341202473 0.6585072059980298 0.6622570364214132
160.13 21.348114009317253 8.834393520170085 0.6764206566405747 -0.2428689559029634 0.24793458329249318 0.675393295801723 0.6506819566057356
160.23 21.35738737485979 8.875803236093525 0.6803566741681568 -0.2356654404911374 0.25090401157364484 0.6846298711680731 0.6424880673123496
160.33 21.370483058370844 8.917010773407032 0.6756281031816015 -0.240751604943092 0.26208106549644355 0.6776420267457927 0.6435475611121753
160.43 21.375255153526393 8.957489069922737 0.6644723790424629 -0.2551411041390658 0.2710553668845514 0.6620380066359048 0.6504903403059398
160.53 21.371519401492492 9.002638584080042 0.6590426712480906 -0.2555943347595068 0.26696394388885875 0.6563850218515954 0.6576933113473424
160.63 21.37594762789366 9.058002094450815 0.6418864684280382 -0.2620034532163577 0.28216774881395756 0.6512831452819533 0.6538851708852352
160.73 21.36940099691043 9.11725149339015 0.634978174215401 -0.269772307452252 0.2985790399226041 0.645320830301034 0.6493338779321218
160.83 21.35383635407537 9.16596802258244 0.6468107581222761 -0.26512520262993006 0.2948994381621372 0.6434100173236689 0.6548026404266026
160.93 21.346146248996927 9.214440559662187 0.6724169634010824 -0.24237631755992506 0.2678864917046449 0.6513348052246241 0.667273197237285
161.03 21.336750495381406 9.257713426963026 0.686421512893131 -0.2337653480756725 0.2630464095758429 0.6524809954888694 0.6711399995337571
161.13 21.33558265212035 9.310657810230184 0.6896916828850044 -0.23512410028170516 0.26286005011321684 0.6501529059986201 0.6729951339666174
161.23 21.33120118285516 9.363149196075945 0.6772220300049102 -0.23963692337649767 0.25829600258692803 0.6509357708379181 0.6724135202729833
161.33 21.332994993074262 9.429445770606893 0.6651954598200384 -0.23624688915037692 0.2570698661807868 0.652582590101225 0.6724867689147039
161.43 21.338263677559144 9.504792215373147 0.6528854607336296 -0.23842135332145167 0.2561748762692085 0.6502552305221723 0.6743128548584699
161.53 21.35265242366158 9.594822418726551 0.646489113363561 -0.24077534942822693 0.25365926832104374 0.6485760111907115 0.6760424279662439
161.63 21.36914477499505 9.683298501234557 0.6603749744213033 -0.2340567068281594 0.25186207186144477 0.6467948358169011 0.6807638321084672
161.73 21.37864322186065 9.766998248678842 0.6745246805838465 -0.2402200373945319 0.25624086186422723 0.6418830193878869 0.6816312373760003
161.83 21.378793235509495 9.831862573631975 0.6837616896419432 -0.2416149403023457 0.2425228256320157 0.6527914495120228 0.6757723160311829
161.93 21.37127438590675 9.888314037230025 0.6766509608352294 -0.2494725361237088 0.25283209417313784 0.6563481936250208 0.6656173334590998
162.03 21.372189692890796 9.956089163693742 0.6666267909423503 -0.25176229914353154 0.2590862507450336 0.6524092558078856 0.6662223520274935
162.13 21.373303783493007 10.022514814313974 0.6626546733284704 -0.25079655275011664 0.2537768120343081 0.6510183953469413 0.6699801995001459
162.23 21.37074038697457 10.09192848156662 0.6446674834271113 -0.25758435021195847 0.26514737131091093 0.6467207007394657 0.6671577843717718
162.33 21.36633379439706 10.166223862023012 0.6449070364276877 -0.24825258986881177 0.26363875024335265 0.6449004874561169 0.6730294364085523
162.43 21.35977074962446 10.245822716740534 0.656484603056756 -0.23273067471997178 0.24439357992213592 0.6484726896482996 0.6823425693282879
162.53 21.35803803239618 10.312611554234579 0.6692378700895208 -0.22351542573545483 0.24136602472511748 0.6462308901332232 0.688599254432006
162.63 21.377672424620926 10.376522843631594 0.6733271875635681 -0.21490572844881323 0.2343129967485894 0.6411002665639471 0.6985008200755504
162.73 21.404976491619827 10.439470642221348 0.657353059587114 -0.2230128237057095 0.2560478660023908 0.6243858886422555 0.7034536465488317
162.83 21.435554120192645 10.493806014004894 0.6338462066105416 -0.2316876913111837 0.2921583982412561 0.604596843658157 0.7038657121003916
162.93 21.462877175861504 10.554845282056004 0.6032665353967477 -0.23010044756002027 0.3069713042347836 0.5860279321109544 0.7137181973263907
163.03 21.493740269974456 10.616695660603693 0.595756539926035 -0.2234375174170386 0.3143294853176518 0.5630893674324471 0.7308919309685784
163.13 21.513891701613368 10.68475706313222 0.5930535810491342 -0.22863411574678072 0.3204173626341185 0.5464406658390494 0.739230514492374
163.23 21.522673717378712 10.758710955866318 0.5936863653586042 -0.22703690052357298 0.30313890157287304 0.5389962632635962 0.7523590102748297
163.33 21.53744747089622 10.838998797823251 0.6052293315232911 -0.22768665378811423 0.3103953721927657 0.5318519260475698 0.7542857743372707
163.43 21.538359322759444 10.896397279448436 0.6009271118442162 -0.2357419800426604 0.3226170064950676 0.5244218624501777 0.7518814375618104
163.53 21.53360993009538 10.96900510014012 0.6001928268726162 -0.23600247645025046 0.3120721232271386 0.5269092020262478 0.7545068017148138
163.63 21.521122929033407 11.046676579316733 0.5996210593854162 -0.23170907478557834 0.32053443045869817 0.5403881031743697 0.7426636395435932
163.73 21.507172560114082 11.124839113469577 0.5963012449311625 -0.22758988587183568 0.34115333585939245 0.5606201314489132 0.719390237280891
163.83 21.484829580286014 11.210173098947497 0.6136272962901166 -0.22664934251186403 0.3516374332746658 0.5763887909712974 0.7019666321853133
163.93 21.457612157779234 11.288499364169605 0.6431226167336349 -0.22949788735463014 0.3413905557534904 0.5935412002477446 0.6917311990582407
164.03 21.43322201288563 11.355186832919147 0.6701145665402715 -0.24285108219004045 0.34637660969447576 0.6003190811458688 0.6787220321662372
164.13 21.424163509139895 11.422643757340108 0.6943057868330339 -0.2580058660163478 0.3355910276672831 0.6081280231556877 0.6715593366956689
164.23 21.413462645647446 11.490569835989668 0.6999092232416905 -0.26804171482180933 0.31668869213500417 0.617904056998883 0.6678746047975814
164.33 21.408836375245514 11.55348271788717 0.7032378777710099 -0.26713674913475255 0.2981929047859676 0.6259682688788873 0.6692403717303613
164.43 21.418023867664473 11.621168706319175 0.6994340839604083 -0.2664461521318789 0.2838470954418795 0.6302905388866382 0.6716927206791178
164.53 21.43888770296696 11.700362979139895 0.6957848558990564 -0.2754394973921389 0.27671754509408975 0.6323732122010401 0.6690774275104524
164.63 21.47080362681669 11.790614017972194 0.6924201116362559 -0.2675498755471429 0.26719299732394236 0.63708641675525 0.6716739267395393
164.73 21.50336147823784 11.877489965527717 0.6953893046245712 -0.27196792907618234 0.28517671991323396 0.6298104968676898 0.669362698399616
164.83 21.53633177229386 11.946423886107269 0.7021255948383699 -0.27567615927454614 0.28888697277017755 0.6233846095714864 0.6722637880480573
164.93 21.550578546141182 12.009045361738774 0.7071864940650163 -0.27253534636263843 0.2829374507718911 0.6280955634683741 0.671689546654588
165.03 21.55660419698514 12.064370119801588 0.7081627782698052 -0.27110514445555417 0.2873265459073391 0.6327030019452684 0.6660573308628444
165.13 21.556641365814677 12.11612339170733 0.7001290719732599 -0.27750807922967136 0.29970550751362035 0.6328008936474776 0.6578213311585569
165.23 21.556135646291256 12.18009512424349 0.6973850286458152 -0.27856657415911473 0.29725602140910257 0.62915182741028 0.6619724311205043
165.33 21.55522762249489 12.243612390652316 0.6950253692020492 -0.28269913299144644 0.2932109891054726 0.618692783703759 0.6718093148108091
165.43 21.54127904258007 12.315695653938826 0.6953152748847391 -0.2727158818216053 0.27752587617009744 0.616631320551066 0.6843765413672013
165.53 21.521690768152098 12.397097149238686 0.7006939429940713 -0.2666906184022671 0.27765961814394596 0.6196879741295869 0.6839357171748988
165.63 21.501104781246312 12.476546260125955 0.7205947805633166 -0.26289898566218817 0.28908224118805975 0.6259270932768709 0.6749302594116287
165.73 21.497554180479415 12.543300341895232 0.7249074708556615 -0.24814011075668344 0.27460467162877744 0.6335317563098012 0.6794529222104582
165.83 21.492190299992085 12.59692989754832 0.7266734020817732 -0.2548937169404563 0.2856684091880254 0.6313522166504911 0.674401313452734
165.93 21.493558238471135 12.66221695560906 0.7134730558353586 -0.2571929336160087 0.28788118916867483 0.633478292435747 0.6705829321072161
166.03 21.497530514787414 12.733672323620533 0.6980405450562398 -0.2551286906372417 0.2856170855827936 0.6396581092531898 0.6664606026642176
166.13 21.505659810966407 12.79871808265147 0.68236768426142 -0.2521338913742878 0.28088802189457956 0.6466757385879239 0.6628279634251804
166.23 21.52572759233423 12.878536860070188 0.6779716936855082 -0.24900593574548605 0.2675722715303026 0.6529812265764455 0.6633375017367477
166.33 21.550472029715618 12.959354951358216 0.6828168684657272 -0.24295543277705497 0.25353479934161455 0.6570670320704216 0.667049982065129
166.43 21.573778901679752 13.022633668575837 0.708402855762041 -0.2519694851960751 0.25602647216540536 0.650751670756802 0.6689425140382338
166.53 21.596277339874323 13.076584717139248 0.7202113273186959 -0.2534017864781014 0.24870172858389972 0.6437123142438059 0.6779155119186834
166.63 21.608306070380163 13.1471233388085 0.7243840289856067 -0.2558442876864608 0.2505385219902944 0.6355636518355586 0.6839831824851946
166.73 21.625878632790318 13.208657832953667 0.7319785832508746 -0.2750611391178861 0.2882872214088766 0.6220330088747686 0.6740228361040316
166.83 21.63756894275153 13.272372953801352 0.734177041848669 -0.2779262330839644 0.30316229606324896 0.6201259723743185 0.6680519512704255
166.93 21.643757304607107 13.336559731024696 0.7566095812404002 -0.2716107247718331 0.2911972304982032 0.6224298702886037 0.6738047519212134
167.03 21.647643659532125 13.410397937412284 0.7621850185790263 -0.2757701995159063 0.29104327120654355 0.6174798903746583 0.6767297808780486
167.13 21.64726830673925 13.478880514229548 0.7670071803739071 -0.28050571826882015 0.29562718403483146 0.611401289292174 0.6783137721806898
167.23 21.645704573162636 13.557439848762536 0.7742000926332615 -0.2672354015879135 0.29056512564304926 0.6129446141721673 0.6844384909219516
167.33 21.647023181079504 13.633338956255319 0.7838398361715679 -0.25171524806564377 0.2973304665913906 0.6194632869860209 0.6815418282132595
167.43 21.653098728103824 13.711757100752463 0.7875207124677067 -0.25154830370051445 0.30050944453518047 0.6229906733701362 0.676978689136058
167.53 21.665180918898646 13.794722725803162 0.7841060131550435 -0.2562017778893941 0.3091098187043874 0.6213728669111866 0.672835439950533
167.63 21.68160865369863 13.880047560427863 0.7748619597173348 -0.2543679508500503 0.29485482127486606 0.6243403300710114 0.6771681712825358
167.73 21.70497398085232 13.972564053646018 0.7536475325544401 -0.2596403745099392 0.2879303634867464 0.6299029830443922 0.6729823278946518
167.83 21.71641343147811 14.068249621112173 0.7498156654179973 -0.27040559096711 0.2925151397262509 0.633221401153148 0.6635859903029178
167.93 21.72712549064295 14.159053802174048 0.7542190963677748 -0.28314843239163945 0.29120948721785506 0.6303129822329663 0.6616113241300027
168.03 21.725782852993113 14.2358399859912 0.7652835995406155 -0.2869271375614674 0.28324030678497975 0.6395385529322751 0.6545518968396815
168.13 21.722119722333495 14.310683121172262 0.7729788040849198 -0.29259610600434793 0.28430760334223565 0.6515458643265846 0.6395660185718204
168.23 21.712459390927258 14.366137564494954 0.7651643109925141 -0.2943309800189118 0.29390514202092943 0.6540970307398575 0.631780116869838
168.33 21.710749064135143 14.4345756743316 0.7564618893824732 -0.2854916615585006 0.2893050674502628 0.6534827183577714 0.6385588664609577
168.43 21.70524806392967 14.502326811721867 0.7444816405522632 -0.2828846769837131 0.2877822340269532 0.645570335283046 0.6483799715512595
168.53 21.692661239877207 14.577637282383199 0.7343401394386532 -0.282889574423907 0.28796987099824334 0.6379432825109941 0.6558011972988567
168.63 21.677336277983684 14.658241557014769 0.7449170835621951 -0.2769515265837771 0.2798475473069196 0.6373122611251727 0.6624320976588745
168.73 21.662981210138827 14.733847578469733 0.7565593164843613 -0.27976366746064063 0.2949293129995645 0.637527140657855 0.6544525465052425
168.83 21.658107799576324 14.804615971838901 0.769599705435924 -0.2702446812112523 0.2925061800708751 0.6343333509915597 0.6625927457474855
168.93 21.660923956093576 14.87339700397173 0.7577681229599396 -0.2740350184499108 0.30127566945507456 0.6242865630198525 0.6666363828133097
169.03 21.664284354844003 14.930658933666814 0.7516596100670994 -0.27824311335235014 0.30537162221707276 0.6226600114262583 0.6645475546468865
169.13 21.668699719220893 14.997268257810115 0.730447901626928 -0.2762219108773579 0.30751247589555014 0.6249128268773928 0.6622850533750216
169.23 21.676505379125228 15.066135528345235 0.7134280233989254 -0.2740363542289764 0.3085467155718983 0.6290649109266283 0.6587718411647225
169.33 21.68812564762999 15.147985218234762 0.7017938073559259 -0.27784329803172253 0.30373329147547784 0.6326649313796853 0.6559605735032145
169.43 21.7008588060889 15.233325934163357 0.7087680066015529 -0.28038987777801344 0.2914851874526676 0.6340550729198184 0.6590842635353675
169.53 21.721363311180745 15.31414047489982 0.7246675253747467 -0.2814482330202753 0.29071818434994073 0.6350357780450387 0.6580268915635371
169.63 21.732327283601663 15.384859772792026 0.7375226833439018 -0.27036347526191395 0.28896577458484735 0.6389168877580201 0.6596874888160948
169.73 21.738338583774816 15.442025152756873 0.7469398277231888 -0.26250999515727225 0.2751409720671126 0.6428342405883928 0.6649436720953421
169.83 21.748199957315062 15.50741945264705 0.7403066561296856 -0.2667324082045371 0.2851421768844894 0.6392927584736025 0.6624594556183759
169.93 21.752366761113947 15.565827384116222 0.7295114438223675 -0.27206931310622867 0.29361975248905403 0.6313043565359457 0.6642443369972431
170.03 21.75665713390654 15.627911378748248 0.7196577182080983 -0.26852976848323257 0.29036253157825614 0.6291413550931978 0.6691505951617338
170.13 21.75813534826368 15.697529461911351 0.71146709528696 -0.26302514710456376 0.2927585623785318 0.6280994174965765 0.6712684395121964
170.23 21.74752029676989 15.771806555560708 0.7228003596412057 -0.25595771385258737 0.2795286858231188 0.6281330629681593 0.6795573689745376
170.33 21.739825711522762 15.849766610851049 0.7481495660491315 -0.24740366078247253 0.2564082134938579 0.63325009449171 0.6870520900998409
170.43 21.7315162747398 15.925232360050353 0.7684593651098007 -0.23829015780391094 0.25994534087893467 0.6384962314409952 0.6840824386612837
170.53 21.73467699771785 15.99435946855345 0.7820101236570115 -0.22986448820363714 0.25873700516339887 0.639833643458919 0.6861708154097201
170.63 21.737170832737405 16.050852541922357 0.7782049879746172 -0.23359406844413952 0.2697695518690243 0.631737929864692 0.688160873664272
170.73 21.74835540574845 16.11032642432115 0.7752194389149086 -0.23340170143284342 0.2716167299515131 0.6261574001316267 0.6925856683754745
170.83 21.76495418699171 16.17555339205683 0.755630249169882 -0.23638461528845406 0.2855635399646656 0.6226589132923005 0.6891093207869343
170.93 21.789901094636445 16.250350797809322 0.736184253161532 -0.2340979171993937 0.292410798563726 0.6217448774933653 0.6878425672761103
171.03 21.812842477246065 16.3342996729722 0.7172133509672329 -0.23009121027590715 0.2907192515348025 0.6206600997311975 0.6908845000016085
171.13 21.83921370772634 16.416440046986253 0.7152131517799079 -0.22887472448473792 0.29863902026625394 0.6138951119948193 0.693948043829879
171.23 21.87117778604476 16.504211031493863 0.7358627217880219 -0.2335814446955322 0.2971052024281732 0.604129553912854 0.7015665966058521
171.33 21.88158859568987 16.57681894028084 0.7565159475158777 -0.23439558916791747 0.28304629257724867 0.6012441754411574 0.7095413628076817
171.43 21.885732567849512 16.643075758789003 0.7731379846823101 -0.22899224304870444 0.27224864266074467 0.6060376238203884 0.7114503691102021
171.53 21.8848052804959 16.708713941999868 0.7755784807530718 -0.23351724202696664 0.2667799224555855 0.6131858270586015 0.7059046055559985
171.63 21.882976604971752 16.783196996826852 0.7641983580987947 -0.2423027180710021 0.27562141237664667 0.6142208690286057 0.6986092998984852
171.73 21.87768770998351 16.85866091210245 0.7475285886293549 -0.2422992866611145 0.2800951200637906 0.6127018191532595 0.6981649233571194
171.83 21.872558767825947 16.935799593730984 0.7294888189815054 -0.2464963827880814 0.2891894749401857 0.6070359300609675 0.6979372181444602
171.93 21.86408571402791 17.01658419328673 0.7353976599461957 -0.24745790392366918 0.28288291223525924 0.607987265151215 0.6993520781158435
172.03 21.848874409751257 17.100113337700154 0.7576859352882489 -0.2345456089729024 0.2832869536743511 0.6252514032330955 0.6883295300540879
172.13 21.838905958378355 17.164577192377337 0.7861481222529852 -0.2130822016980641 0.27928381496544613 0.6418087106483437 0.6816730190888903
172.23 21.83659549106287 17.228657877261085 0.7930358398004196 -0.2068899614543289 0.2792699289830887 0.6380961169592049 0.6870503592436232
172.33 21.8513363032947 17.293779515100326 0.7928925750813918 -0.2122507012346474 0.28473780501494217 0.620070075437486 0.6995620942901521
172.43 21.859532079590945 17.35277109765309 0.7800440089350164 -0.22272186149703732 0.29288777989891474 0.60488235142152 0.7062075203054354
172.53 21.87225424367713 17.42658229712072 0.7659405953756271 -0.22744435245855235 0.2966824424089364 0.6009774644562523 0.7064521796390127
172.63 21.885288954808278 17.510096169342475 0.7447115913043278 -0.23611628862055417 0.3090761021962354 0.6069658512972231 0.6930465472522569
172.73 21.892792958992747 17.58718550822796 0.7414636774232166 -0.23431263807899974 0.3056161816091618 0.6206115952245346 0.6830355664589904
172.83 21.914535944391194 17.667875718415857 0.7700020061978412 -0.23200209438167524 0.2996344403903254 0.626431963585626 0.6811587372505397
172.93 21.932213006420007 17.733375053005318 0.7828021727248805 -0.2289868176884364 0.29037691146699424 0.6212243155183256 0.690888295182803
173.03 21.935504166838978 17.78839624733373 0.8054019256196361 -0.22331299367951807 0.2704639565553817 0.6222892027303979 0.6998119056028311
173.13 21.934798393242087 17.851207191732204 0.810788507316817 -0.23244863588006545 0.2673082503210616 0.623590385931365 0.6968851853510454
173.23 21.932697497617877 17.911506967521294 0.8012466205127665 -0.24198408014264797 0.272838916933248 0.6264111248770218 0.6889207015284946
173.33 21.934538804985475 17.97057254696912 0.7933466824222399 -0.24353499048106247 0.2765023671902755 0.6247632125771345 0.6884098180298283
173.43 21.936523321949657 18.034271815423196 0.7733411308553116 -0.24750493460382347 0.28660726200575715 0.6168866836454039 0.6899626107647397
173.53 21.934175286407083 18.11216286867886 0.7513450904608548 -0.2505833264510272 0.2927349300737054 0.6117741204408367 0.6908304298294347
173.63 21.921909123089893 18.181790067601025 0.7498695711739727 -0.24384911039455634 0.2865813947717817 0.6168896682699393 0.6912711860856404
173.73 21.90209334883592 18.26595705515076 0.763055639880587 -0.23543591394776606 0.2692664272625233 0.6286648572406871 0.6905403817615614
173.83 21.88713369151733 18.34430958619753 0.7829731811768269 -0.22892864343241046 0.27815366311305056 0.635794381641773 0.6826329322452466
173.93 21.886066886305866 18.40829586175084 0.793481398345117 -0.21432207835385145 0.2674689438984662 0.6373362066435292 0.6901659006942906
174.03 21.888357405077404 18.468759852401764 0.7986268774475951 -0.21795610211742658 0.2704277753270382 0.6266206474955952 0.6976464147500852
174.13 21.89402337885491 18.535722102947577 0.790274513027583 -0.2220715979090527 0.26633665517114885 0.6199392871250834 0.7038638162266959
174.23 21.900235312564103 18.606201679229894 0.7739011893635857 -0.2284552236375892 0.264780891664227 0.6180390079498068 0.7040788839715438
174.33 21.90707269327191 18.677850139104525 0.7551580409186535 -0.2329342853039919 0.2752749991123842 0.617206604574487 0.6993005797675477
174.43 21.921930713080375 18.75752520138681 0.7405897968187519 -0.23681146195204647 0.2799609083850362 0.6188757867075187 0.6946473795326013
174.53 21.941846407247308 18.844229057924657 0.7460838147365668 -0.23155663585385328 0.2711869399424506 0.6180383963811258 0.7006195177093929
174.63 21.958454098384042 18.93096685903846 0.7748273942215831 -0.22814909811920092 0.2592179324782434 0.6148956045202458 0.7089833905323745
174.73 21.97122030276925 18.999264063494646 0.796402712585 -0.22709213021851649 0.24573658313518973 0.6160434163547637 0.713115141662137
174.83 21.964187088463714 19.07346554254067 0.8162038623605004 -0.2207732923535541 0.23406500108421777 0.6272061761753008 0.7092849506498603
174.93 21.957709979103726 19.147365670840095 0.8073862565603042 -0.22734435414613044 0.23485209425888326 0.6386225161538628 0.6966493524876088
175.03 21.95216180321118 19.22193591404428 0.7953431952356126 -0.23631712448933984 0.24505745937398446 0.636651155799844 0.6919366763635099
175.13 21.959527526544047 19.2911370223128 0.780178892018471 -0.23875201261162676 0.2548093264520008 0.6267048459380061 0.696642461887585
175.23 21.96718809710077 19.353360932196818 0.7854259771066636 -0.2309963072458416 0.26190520824991104 0.6232852787743132 0.699686950852724
175.33 21.96766839884524 19.409843474183738 0.7960617881959215 -0.23026837550962606 0.26403514711426845 0.6206681401528847 0.7014506227295428
175.43 21.96461296239925 19.4711320095989 0.81974187788085 -0.22526501460077436 0.27641062980581227 0.6201651274530956 0.6987474877367024
175.53 21.967876870928535 19.53085828861813 0.8319843751695514 -0.21727252077534073 0.2882698332519098 0.6209440280100768 0.6957885232105129
175.63 21.968236950990438 19.58705832397279 0.8449731508344404 -0.2154609245329657 0.27741156755086904 0.6208612129261991 0.7008214940141164
175.73 21.977301264182344 19.644421928778115 0.8361494661040378 -0.22228925720285606 0.2758597149723593 0.6194679045511043 0.7005343810396711
175.83 21.97721203505136 19.71955691648211 0.8285100115196313 -0.23296857045116354 0.2898434343137365 0.6171452698635748 0.6934321485568544
175.93 21.987786470105895 19.803429130264853 0.8119445823055444 -0.2394028215822976 0.2926273540893086 0.6201145222398934 0.6873961739523387
176.03 21.989103781308362 19.88570767420996 0.7903471820254032 -0.23510003965055026 0.2734522467810374 0.6320701952854869 0.6858856379298802
176.13 22.01056752450467 19.960530175976455 0.7809237446947344 -0.23301249642732097 0.2596815931824211 0.6453584140679904 0.6795462928032171
176.23 22.023329007966026 20.04031327612577 0.7848275039369282 -0.23953026483091636 0.26512134830153194 0.6408187354999086 0.6794757325593807
176.33 22.034221289377403 20.11213008365695 0.8063452854202401 -0.24261569860150156 0.2597478101834491 0.6326677057471967 0.6880408941346342
176.43 22.0357100346637 20.17940404818748 0.8228981615255379 -0.23917830851504895 0.24669944829379714 0.6353218787220406 0.6915918083411002
176.53 22.030380010606557 20.23281560276248 0.8213209706687091 -0.2401775220528425 0.24869924239566496 0.6361436925022136 0.6897714456412557
176.63 22.03630364549033 20.29871445193292 0.8240765427098408 -0.23200139983389154 0.24729668103310257 0.6348460567400465 0.6942551305296495
176.73 22.036227655835408 20.369153259493757 0.8057260336618939 -0.2267629783068532 0.25315909334757214 0.6334782428486088 0.6951218173545411
176.83 22.02583318639537 20.439337075430448 0.7943926189653876 -0.21502349401936768 0.2569159290578361 0.6405041337749816 0.691023557509592
176.93 22.008478789058373 20.5216906618599 0.7947321810524361 -0.20385091109881331 0.2508277044849937 0.6481884082909977 0.6894795544932101
177.03 21.993244668965723 20.600365940827558 0.8068690867309051 -0.20098939935338897 0.2518190091344691 0.6517975066533928 0.6865496765031054
177.13 21.97863659695171 20.676543767402244 0.804601385327663 -0.1970504207542724 0.2587448920426141 0.6520306668917033 0.6848928543613089
177.23 21.978390481450074 20.746929308577325 0.8012815407097327 -0.2047139029105963 0.27320430091157716 0.6391617574544571 0.6891472090390102
177.33 21.977828810381666 20.826159031783376 0.7856411530494014 -0.2191970998180356 0.2893180989095911 0.6267129479505561 0.6895495268259023
177.43 21.982397485696335 20.903255882081947 0.7608239392641268 -0.22754768183964139 0.29868596799729163 0.6245957588767231 0.6847546151754924
177.53 21.99198571003032 20.973440711408617 0.7457315546498972 -0.22656328544122337 0.3014426564264517 0.6288410857484167 0.6799708019109316
177.63 22.006874110931772 21.05624975844317 0.7373288755687872 -0.22309390046353267 0.2962845471686416 0.6311590402418592 0.6812362619576381
177.73 22.03050400758573 21.13546103247447 0.7434988567736449 -0.21260754118040792 0.28847984163812856 0.631064721368278 0.6879932643900223
177.83 22.05583955370886 21.215447291637965 0.761947110821634 -0.21424030601482152 0.2977376616139411 0.6117413060231733 0.7008751319888586
177.93 22.074576897166857 21.28043544439361 0.7708425557095716 -0.21927094235153854 0.29831134014977617 0.5981925588870497 0.7107012457217706
178.03 22.07845562399394 21.343170797897724 0.7815364506438229 -0.2162408493078816 0.29031807411177246 0.6065950856240427 0.7078119192493143
178.13 22.075472673390074 21.40713581806167 0.780436730525916 -0.21354319885910694 0.2920802399734385 0.6116399536355495 0.7035517058147053
178.23 22.07893592357558 21.476671201393888 0.7707573744639897 -0.21757456423843316 0.29822530527827357 0.6083782779900595 0.7025659023593348
178.33 22.07283180066384 21.55310716583101 0.7545923112968322 -0.22626979778713774 0.2977643539562291 0.6071510014020697 0.7010749101336187
178.43 22.059273477512374 21.63531906894992 0.7394591620261404 -0.24117416850431114 0.3042990819372177 0.6069984972976189 0.6933901596192821
178.53 22.040012608497634 21.723705841482445 0.7475703801434618 -0.24055500229241294 0.29117342529882584 0.613171772499239 0.6938095593763377
178.63 22.02757001312938 21.809421259786888 0.778700625798233 -0.23186840777705714 0.2838981031196202 0.6221465267286245 0.6917894244634872
178.73 22.017949130630978 21.882236997794777 0.7994374454102435 -0.21180625028554673 0.2780649511224854 0.6273878235802905 0.6958466168060403
178.83 22.02688189165929 21.958995656428897 0.8168460553404576 -0.21337204883157498 0.28015716565687343 0.6223348476058634 0.6990591310925778
178.93 22.036171768277892 22.032369870939753 0.7974438351625567 -0.22428579572013083 0.30139063579396225 0.6130616637320989 0.6949927790674734
179.03 22.049464549352553 22.10764139332374 0.7819176114046337 -0.22449841732958634 0.3057911873993986 0.6086303262434715 0.6968940639022134
179.13 22.06237617542915 22.17522893897119 0.7609720743581767 -0.22486911583594965 0.3126403596045074 0.6071778998452819 0.6949999167115026
179.23 22.084442731998752 22.25648124613364 0.7565474667573108 -0.215852241570381 0.3052676683897318 0.6091059303227674 0.6994350763942103
179.33 22.10633523002297 22.336939791660118 0.7755834244963389 -0.21212027246196136 0.3093226013195111 0.6037642998868017 0.7034153740897297
179.43 22.129125675742934 22.41530389474602 0.785717870559733 -0.220713780985419 0.3138801111128752 0.5883164129110069 0.7117924564298328
179.53 22.136137708506592 22.485032609588497 0.8044954583135714 -0.22027420638927947 0.2995191500434503 0.5870454374974162 0.7191280880832631
179.63 22.14442126455377 22.551690497400504 0.8136922032697789 -0.21993338063752013 0.29208732660594583 0.5968252532794119 0.7142225974901025
179.73 22.14819730216167 22.621995980967753 0.7996146640477569 -0.22685525125157818 0.30461987829340637 0.6012992138966352 0.7029812800461918
179.83 22.15343376725313 22.69747731932748 0.7782492063652622 -0.23932760684134358 0.3213003316814603 0.5981445497984816 0.6940543862056854
179.93 22.15118201543727 22.780365743958985 0.7573643183365658 -0.25289221339111145 0.33055323047282464 0.5964729215310666 0.6862945024625496
180.03 22.145323248824724 22.862567074730308 0.7556735282338123 -0.2581638228708067 0.3341178363669661 0.5928311254750865 0.6857608684156091
180.13 22.137157810208855 22.949165964954492 0.771800173227457 -0.2549285607501577 0.32482511382547663 0.5977305827022991 0.6871813624106008
180.23 22.12596853422385 23.035852281599563 0.8095294634965353 -0.23795143547131806 0.3246120806334683 0.6089056120740571 0.683549608330418
180.33 22.114200439227105 23.103250115803 0.8258339786008156 -0.2354868376441861 0.32636102428466424 0.612434016759677 0.6804109098477281
180.43 22.111918940806625 23.154534634300305 0.8354195733804353 -0.23851384741496914 0.32807130348236335 0.6024145671841177 0.6874424002540607
180.53 22.111735916699484 23.21507414837346 0.8348850649786873 -0.24105242853685177 0.3212002829947703 0.5987827105632978 0.6929526466007871
180.63 22.11386944503747 23.272587729633344 0.8285428845196258 -0.24455575249590425 0.31722382486035056 0.5988923892978718 0.6934619202978763
180.73 22.119374874196286 23.348429717148967 0.814264648955256 -0.2483361608882465 0.3163972729190762 0.6009544223626055 0.6907066664854812
180.83 22.12587963930499 23.428222409344556 0.8077861921808637 -0.2503865991395759 0.3213256188228861 0.6123505583152187 0.6775567809345919
180.93 22.139513862306174 23.507129354133127 0.8093829745534553 -0.24193837603182278 0.3086752722818266 0.6258898497389627 0.6741270610786689
181.03 22.1558107341479 23.591367137272265 0.8330092099744261 -0.2279419801388348 0.30874196887076405 0.6260502074448633 0.6788092427968515
181.13 22.170834560777056 23.664128354754276 0.8477831302647825 -0.22498975026988646 0.29650653239047264 0.6240422155845139 0.6870478889361665
181.23 22.174414449494748 23.725785810011203 0.8430781073600745 -0.22886473998365892 0.29718655024147256 0.6239921988986517 0.6855179216194208
181.33 22.176816963166512 23.789480043296813 0.8329672611170842 -0.22937138537436924 0.30485045670295063 0.6211082051337331 0.6846017558661369
181.43 22.179291531046488 23.85352313019167 0.8267421657824445 -0.2399120709331108 0.3134582738459183 0.6152985649652567 0.6823443300341985
181.53 22.180788810956145 23.916456146935296 0.8210745641792314 -0.2514971408333169 0.32546096878231107 0.6056886796079796 0.6811501811984553
181.63 22.187267006475636 23.98896425902497 0.8233388710530132 -0.23810382980806352 0.3094264113571656 0.6062090199889824 0.692872633511641
181.73 22.186335455994428 24.059593710997625 0.8223303724968274 -0.24099036648903951 0.3121730951934462 0.6051115331738168 0.6916007766890193
181.83 22.1772530098583 24.140998931845765 0.8294602442333264 -0.25167693786265044 0.33081924305199517 0.6053837654460806 0.6787693598777935
181.93 22.165780413896282 24.203287128687133 0.8504764774993115 -0.24942046292100356 0.3396561314345215 0.6031648139370368 0.6772114531544097
182.03 22.162398220752177 24.258468345328133 0.8653289102884599 -0.24846202102175702 0.33161291440544943 0.5972679227720827 0.6867099296914452
182.13 22.15786548563922 24.30925784189695 0.856922875977733 -0.25340525651960116 0.33204717094229547 0.5915513824824498 0.6896357111697129
182.23 22.15801657404154 24.372472400545277 0.8527131749625436 -0.25305634383275954 0.32936850383414595 0.5924033093197204 0.6903167350101662
182.33 22.16275666473737 24.440941328395336 0.8310363237028087 -0.2584687005953885 0.34610400081926956 0.5882103077614219 0.6836772522708648
182.43 22.1718027031113 24.510277034873834 0.8135572910778033 -0.26770792478775 0.36206344702394516 0.5842388958365252 0.6752091823477323
182.53 22.183084451278535 24.595959546094864 0.815338622346991 -0.2653917955573155 0.34832410484651555 0.5879785145226248 0.6800873321078
182.63 22.195138493952054 24.681655824139035 0.8364877640283078 -0.2528638794747156 0.33319226563766874 0.5929603540308347 0.688070338790927
182.73 22.20807980641735 24.760127957560975 0.8516331546883507 -0.2577071120779866 0.3318253819124348 0.5902332016553973 0.6892776856729877
182.83 22.21250417024043 24.83009623723139 0.8767594768631849 -0.2551774925150583 0.3178602684015941 0.5983918583669318 0.6897655260489348
182.93 22.210159398377638 24.892947992000273 0.889856859867701 -0.25573220037043914 0.3139165880448958 0.6090663875737546 0.6819791440885871
183.03 22.201229179289594 24.964766281617177 0.8782951632541106 -0.26230965646145205 0.32060303132448204 0.6093017202428014 0.6761351596698633
183.13 22.1982926955468 25.035455114265005 0.8649919744822008 -0.2697548186267189 0.32504872294686665 0.6016180472335888 0.6779612015308255
183.23 22.189196305091876 25.109544952594423 0.8541436921537773 -0.27231843877117806 0.3444791005547157 0.586582077535239 0.6805132500551955
183.33 22.1747418284723 25.182618138593877 0.8658564069351773 -0.2586716648382473 0.34322782400782426 0.5796898853673143 0.6922739829283587
183.43 22.165622982440443 25.25350021792676 0.8994624871918044 -0.2481196455838496 0.32010737068352696 0.5831647581570238 0.7041922873427995
183.53 22.16400092758573 25.329879242533387 0.938880519383403 -0.23890335782253774 0.3200579210403874 0.5910602967140361 0.7008108435581867
183.63 22.157761058022608 25.40056624503114 0.9497468018950901 -0.23633751924629728 0.3209764593833771 0.5999194858329269 0.6936968358268429
183.73 22.167740841236427 25.47008670084808 0.9474544553007603 -0.23373345331576045 0.3285935708150944 0.5981566212244822 0.6925341829147397
183.83 22.180593791638636 25.541393671164297 0.9286786385499087 -0.23997275540709226 0.34480004265840497 0.5887984101041946 0.6905377900621101
183.93 22.19565529398391 25.614725262140443 0.919061328732605 -0.24562456344272413 0.35316715428836015 0.5857317085620647 0.6869205926090711
184.03 22.214850702253813 25.693525522274108 0.9133896780456917 -0.24016390200953389 0.34708543507839734 0.588901935094094 0.6892369054036689
184.13 22.23000378128576 25.76615973589231 0.919393682286857 -0.23594018643034229 0.3439682389116827 0.5903691387181662 0.691000983426494
184.23 22.242892876208913 25.834808322260304 0.9424954786797881 -0.2372757503872145 0.3214799581292689 0.5817608620550411 0.7084526478039047
184.33 22.245944292775363 25.891185125389754 0.9673062622340799 -0.24712106367820166 0.31333946368258253 0.5788357053380252 0.7111250147558421
184.43 22.248331249908887 25.949609253907052 0.9787912218314321 -0.24635596753494607 0.30340870000597975 0.5807235075423851 0.7141513185651004
184.53 22.244428402158217 26.004877477303197 0.9839788237867169 -0.24775155528091533 0.2952069761547848 0.5863122148643496 0.7125377146413351
184.63 22.24083930528717 26.06525269469257 0.9886315924170359 -0.24668101080764154 0.2875134126802907 0.592472028862124 0.710958094019508
184.73 22.23338213898459 26.12418297152365 0.9965774499674458 -0.24360470461973252 0.2846555986748524 0.5935825961451838 0.7122412790506725
184.83 22.220906179359925 26.182932812875453 1.0052017185387507 -0.23408721883512076 0.2734321302203199 0.595142526679866 0.7185008121626039
184.93 22.20468992880067 26.243126561820908 1.0196219768707786 -0.22333002493658696 0.25592623957381877 0.5982692543523375 0.7257405591229734
185.03 22.188066810412284 26.30520963285394 1.0411299786512793 -0.21325419027874934 0.2435344480526282 0.5974820049627219 0.7336408362993317
185.13 22.179697693271308 26.369417156010623 1.0442819460320272 -0.2164966619928873 0.2568666358383628 0.5908734099692763 0.7334966531145859
185.23 22.18358460083085 26.426282800374256 1.0527774830305892 -0.2222720788129454 0.2750318785318924 0.5863719806106843 0.7287801377137646
185.33 22.19025065363873 26.47468195936811 1.0575457856943897 -0.22193834489124417 0.2784711160985523 0.5969435829251593 0.7189266773254664
185.43 22.187181447086818 26.52710886594904 1.0516237383930418 -0.21857055319971092 0.2698748931851124 0.6161596353083598 0.7069241537244046
185.53 22.19385668795744 26.588457914094153 1.0450846564183505 -0.22131496895085584 0.28437362372969993 0.6281289888778452 0.6896414285528506
185.63 22.204841349941795 26.655911866306287 1.0386031490527905 -0.22969510922790837 0.30235706263639334 0.6299728450253679 0.6774618646103374
185.73 22.22260682808319 26.721766433841292 1.0419829046504296 -0.21855957863129608 0.28147296922685494 0.6337173635482828 0.6865908398169481
185.83 22.24285783112713 26.796869153503422 1.0403512672159247 -0.20464400886461004 0.263270479517176 0.6342892431303657 0.697485942725533
185.93 22.260139254249356 26.872028463803076 1.0466531086979973 -0.22176736593992605 0.2848315603557633 0.6220400297589592 0.6948067493964356
186.03 22.28001085561339 26.940695399854572 1.0495761341412975 -0.2329926187642419 0.2891257302247352 0.6213512034296474 0.6899590087243757
186.13 22.28334379357589 27.003606082170055 1.0430638303589943 -0.22772964676415391 0.28007486794306724 0.6305011337843133 0.6871430685294312
186.23 22.287984718536364 27.070685674116763 1.0319654582210576 -0.2304859286317393 0.29027734724585263 0.6339343528729291 0.6787801813741
186.33 22.289045602136483 27.140537426329907 1.0189276550574369 -0.23589885714309855 0.2940700494284302 0.6334858426326267 0.6756998019918102
186.43 22.2853275260029 27.22179514399182 1.0000677470164399 -0.24068120269272342 0.2998789114315364 0.6302021991547226 0.6745297512560675
186.53 22.278018794875685 27.30774979632269 0.9781432957419012 -0.24619580734300853 0.3109013778712896 0.6276539692929652 0.6699092867808621
186.63 22.261505590312733 27.394394880793154 0.9801565801634842 -0.24563964072065408 0.3054327829713089 0.6315371988809066 0.6689788848855303
186.73 22.242623500541246 27.470633089940907 0.9935063372862274 -0.2376010399552672 0.3101952929122517 0.632194832728322 0.6690697419095164
186.83 22.230537198203148 27.53912541928007 1.0112734761710913 -0.23362773451886504 0.3022575720188836 0.6274174309447664 0.6785320988483163
186.93 22.227942782990116 27.602147862470513 1.0140243593354277 -0.23833424767215197 0.294210969120349 0.6202048381380937 0.6870099349979703
187.03 22.223703251087397 27.668522961624788 1.0075594174506142 -0.24020676104639363 0.28638405157615826 0.6214456826390546 0.6885420469947383
187.13 22.222886722043626 27.74440216328172 0.9908302831690149 -0.2407864559317305 0.2835842342196691 0.6314404493286642 0.6803563946149807
187.23 22.223180254088895 27.82215243640043 0.9735536769922235 -0.24286481126308684 0.2921335246455891 0.6416320106496496 0.6663205310794335
187.33 22.227649619650997 27.89882435332619 0.9713165158835976 -0.24213428229796902 0.2835662690595769 0.6507162539052644 0.6614601403646169
187.43 22.239414808389526 27.970188537603974 0.9904388969094521 -0.2383223542568446 0.26546922367747 0.654145183619395 0.6669502421388754
187.53 22.250247247298 28.054341255760956 1.0093454420669976 -0.24575430242268304 0.2722756999933482 0.6435155164980116 0.6718322305904726
187.63 22.258422006463444 28.11665131022175 1.0141139913105057 -0.25119370056246415 0.2829195425370649 0.6365534187023167 0.6720550590440832
187.73 22.254710633978302 28.17995768664913 1.000909657214409 -0.25960491075926884 0.29021672260186904 0.6361832085805504 0.6660709191610589
187.83 22.253026426140444 28.247761923472968 0.9741643283390674 -0.27401915013211603 0.3129779792910244 0.6294400051587011 0.6563258106654
187.93 22.248039252532266 28.31227117314439 0.9528566968469335 -0.2890297485343481 0.33085546191392395 0.618587276010159 0.6514186439934208
188.03 22.235994427806023 28.38112738589279 0.9307443495288972 -0.29800696415583444 0.3365944090404077 0.6108474150469093 0.6517372849913305
188.13 22.22114674081302 28.451633816476985 0.9276306158809245 -0.2897141755438195 0.33363515461776694 0.6152159746903273 0.6528878805568183
188.23 22.20158325386967 28.518180317971755 0.9366633648447975 -0.27916614171051224 0.3163493207550102 0.6249468005874411 0.6568339737070785
188.33 22.175966704811152 28.59702174243886 0.9622246020849493 -0.27920736619419456 0.31556662197449775 0.6268812589981761 0.6553478777530047
188.43 22.156220089259286 28.67246941514743 0.9933412096828517 -0.27102444999434483 0.32431404665174335 0.6310762189717445 0.6504682563338203
188.53 22.147659307422042 28.743237880810952 1.018903435070501 -0.25132743248493944 0.30221643095896755 0.6410983400931413 0.6591605789705349
188.63 22.14305466996827 28.816704182978096 1.0114659634095202 -0.25128325055808554 0.3076013108241666 0.6397769640136776 0.6579692985889679
188.73 22.146364024000885 28.89674096720123 0.9914903277771736 -0.2600540462206733 0.32541681044021575 0.6333335984266732 0.6521996209988887
188.83 22.150968657797154 28.974908749485827 0.9685557370936961 -0.26566270002445147 0.3281725207775056 0.6345825745349881 0.6473261021454351
188.93 22.161490493832456 29.05848262451613 0.9568799397217369 -0.2603664766875496 0.320272536481758 0.6384868860303423 0.6495916383083525
189.03 22.18071522933656 29.14247932071756 0.965185226942457 -0.253934119934854 0.3163122820309769 0.6389371077777908 0.6536232670841964
189.13 22.194509545270527 29.2218973251278 0.9822495501667655 -0.25024308571975046 0.3093592162373984 0.6357781585711778 0.6614086531504425
189.23 22.207456667335702 29.28963731291111 0.9863455019713832 -0.2535470168917041 0.30397256947161233 0.6345238771925585 0.6638479016361102
189.33 22.21282028508294 29.34531788810207 0.9863154980968569 -0.253041590071902 0.3035162990863969 0.6433246159920597 0.6557295542687164
189.43 22.21326165467611 29.400333271071343 0.9849608481263094 -0.2544016026267179 0.3154202839437675 0.649097058346518 0.6437879137601822
189.53 22.211750190496524 29.45675348891211 0.9834919116531328 -0.25582677396999365 0.3199638689083714 0.6495228495623321 0.640543403845298
189.63 22.207670532400662 29.512179981648647 0.9727088842301465 -0.25980720033763427 0.32247671354168506 0.6439906700278806 0.6432612259363345
189.73 22.199396142851676 29.574217560612276 0.953804481771448 -0.2630905446673777 0.32245787476827836 0.6342250546806157 0.6515848865051411
189.83 22.189528332267706 29.636432262777692 0.9394728336942593 -0.2717119236335417 0.31697676426857696 0.6245204630028839 0.6600549619235107
189.93 22.169921371350956 29.722927466006958 0.930263529417377 -0.27372713330828596 0.3024150603302524 0.6281464955227087 0.6626089102470758
190.03 22.164307215323333 29.80357787115697 0.9269114036792099 -0.2687546884351915 0.3054558262777839 0.6464946533944412 0.6453776559267147
190.13 22.15606163825952 29.87738320337882 0.9195266752586616 -0.24191120073094682 0.31878145892804244 0.6648381702514128 0.6307515832571283
190.23 22.16436644421458 29.962512925373655 0.8715628331195102 -0.2637132485120743 0.3443947952051864 0.6433848438066834 0.6307959181499482
190.33 22.17529769708719 30.027414832183347 0.8312604616930545 -0.3273362113018451 0.38933347399922597 0.5911706344438692 0.6259294942447442
190.43 22.178079154647723 30.0915281156633 0.8282522169362644 -0.33775488742711524 0.372749749016918 0.5768141725453377 0.643633957290756
190.53 22.186953329739403 30.14402115059737 0.8478452723619295 -0.3190062023840039 0.3324782813123814 0.5923223418791044 0.6609443838984899
190.63 22.203847691832035 30.213014418266603 0.8790810369565786 -0.28941119420378064 0.301118993504639 0.606820303719919 0.6762674259592576
190.73 22.225228120127227 30.270701135538587 0.9117875853520572 -0.25993462305648884 0.29365347310860673 0.6087271824919666 0.689675899798685
190.83 22.255034179998265 30.318594760524356 0.9445873431385552 -0.2590758373390918 0.28181655293551133 0.5937506884556256 0.7077564983502909
190.93 22.260342156521514 30.365512177059703 0.9539495621853751 -0.25792042708094365 0.26960372631120405 0.5835227658844222 0.7213127378246491
191.03 22.257067845223666 30.404878998825694 0.9562570144126278 -0.2623173420073561 0.29581305415202963 0.575465660282889 0.7159074820887282
191.13 22.262800936398964 30.445125041644236 0.9530386136668525 -0.2653000621556232 0.30456580195263094 0.5697912725374491 0.715676920852788
191.23 22.267429335369428 30.473283587634604 0.9532415677773544 -0.26131257890525544 0.30354405650540345 0.5648671652925071 0.7214581259092843
191.33 22.27716458454706 30.505865606239748 0.9441977161743232 -0.25954408158692666 0.31631874544669397 0.5519361170333497 0.7265988189547082
191.43 22.29307898484612 30.52734218030647 0.9239260650953498 -0.2550599807123763 0.3389907618471924 0.5351971441927018 0.7304749731984242
191.53 22.299662644335463 30.547806345151358 0.9092281145580099 -0.2282798675801831 0.35158912777987106 0.5119938296998089 0.7497570977549242
191.63 22.29863134168907 30.589189005677202 0.8850698154999268 -0.20727504070856714 0.36185172493326273 0.48239321121463247 0.7703227741902217
191.73 22.293187268755243 30.632679351069008 0.8696727883957983 -0.20387071967380682 0.391681337056772 0.4481921637788412 0.7772684505293803
191.83 22.27311571504131 30.684218060891958 0.8845348619244925 -0.1942619210318173 0.4037069400210768 0.4259908411989081 0.7860119692666859
191.93 22.2559267583814 30.713821483051294 0.9017265976095603 -0.18322964035304165 0.41905600419983113 0.40701370555730326 0.7906698474892533
192.03 22.245820645751383 30.742938513687324 0.9239647793001287 -0.16974626174956467 0.4089184663680615 0.3917690112161424 0.806528943272321
192.13 22.244174557970368 30.768397098883266 0.9207681046320696 -0.16455612253509722 0.40153323589244394 0.37900671320712426 0.8173409657871614
192.23 22.250529885699375 30.788708743922196 0.9084883939591128 -0.16814973144185352 0.41747502441243406 0.3601893984640772 0.8171314882208104
192.33 22.262730311619894 30.80194332404423 0.893271019472343 -0.17111074679430396 0.43834775403685255 0.33393630261927637 0.8167367413403844
192.43 22.274575769435224 30.80273634353631 0.8779653663315928 -0.16926913188631534 0.4489556644067827 0.3169154073465245 0.8181389838981542
192.53 22.281174881018586 30.812890365989258 0.8696003451979986 -0.16018050335589892 0.4457613252201501 0.3184597607831735 0.821110484675814
192.63 22.29000071883242 30.823806648738405 0.868415167121295 -0.15171211062263593 0.43478055481347955 0.32320342381423517 0.8267338456125187
192.73 22.310348077908422 30.842294419475515 0.8657815046689911 -0.14574939878661425 0.41910635559014925 0.32447045815129544 0.8353597412159459
192.83 22.363325067961338 30.857316915379542 0.8586877103463535 -0.11562615535625577 0.4143761704004036 0.3114687455734287 0.8472958173700267
192.93 22.429753252320534 30.867408140837668 0.8564284196367241 -0.07716723876677398 0.3994387434728075 0.2828940860924006 0.8685993573149372
193.03 22.493296433199916 30.875907150885173 0.8307589145610688 -0.06549642837499837 0.38808539409288745 0.25362929028706366 0.8836131098339179
193.13 22.551162885852193 30.898793092103016 0.7955164139944929 -0.06006887488181648 0.43354986550831537 0.2350830987310545 0.8678491695445468
193.23 22.60286254352468 30.926643287548 0.7698323874330784 -0.05583626449139011 0.47340694718632065 0.21853978277011918 0.851474331539222
193.33 22.632172344873815 30.945116542028103 0.7569962803128399 -0.054379343644971656 0.470766115830771 0.20972220125344715 0.8552419245288199
193.43 22.65937012535538 30.96118004769615 0.7500907282576459 -0.05020240460041121 0.4664925503429356 0.19474872923660708 0.8613578533383247
193.53 22.68008685864858 30.983274685779858 0.7406881387303939 -0.05089641872357319 0.4620711708090084 0.17769811813589198 0.8673656475093244
193.63 22.70410980597277 31.007172552212623 0.7307744131512726 -0.05303597400653391 0.4482783509231898 0.15629820569603384 0.8785240898523866
193.73 22.73693211157594 31.040138239748853 0.7145955292909353 -0.05873043747998978 0.4354765961886949 0.13623520582140586 0.8878912312778614
193.83 22.771331247686533 31.067031690650662 0.6861307901206727 -0.06540863744796842 0.4324373385975068 0.11153628208802753 0.8923448414777135
193.93 22.80882339991262 31.100641741984912 0.6737390919818399 -0.0703018150978872 0.4139679249854665 0.0949954117107494 0.9025874382191872
194.03 22.85902369163219 31.125538194782283 0.6639847428730066 -0.07054290958697981 0.38946902068197253 0.08445570869680862 0.9144423508918146
194.13 22.90793790715676 31.14888235874664 0.6370686352040569 -0.05798481010974648 0.41328346249369025 0.07595665941370523 0.9055744736444781
194.23 22.947683491054097 31.166247502294397 0.6023083897563775 -0.06720907455983395 0.4377604326672383 0.06219196036254537 0.8944165159220097
194.33 22.984813930614592 31.19116460473321 0.5904051516158569 -0.07144876238163546 0.44324214910599635 0.05802622864788479 0.89166385392643
194.43 23.032130310142744 31.207924159700486 0.5877215739024246 -0.06776172962886294 0.43143550428847816 0.059886569133461624 0.8975997729915459
194.53 23.091828493867595 31.20831750077776 0.5920722380109541 -0.06441752521982023 0.413278624576465 0.05356504709980252 0.9067424919137379
194.63 23.162446781267192 31.19786749845359 0.5879317781645268 -0.0469128392586645 0.4247418643516196 0.033663534626111845 0.9034712505754002
194.73 23.234731115101447 31.17906919943063 0.6194676362530818 -0.02397714577456137 0.43274342833012364 0.005109078797050928 0.9011837321165103
194.83 23.30076258671859 31.161509650152635 0.6742934724488817 -0.008408504368408525 0.43368876125735056 -0.022417042651139717 0.9007445984362762
194.93 23.340817956109913 31.15521992826367 0.7322235778560898 -0.003974697845650043 0.4288142401818939 -0.05940399858037433 0.9014287071903823
195.03 23.37296471935246 31.14157328173589 0.7628245569707335 -0.0002060414517360879 0.431733585085026 -0.08913228062868965 0.8975864892067389
195.13 23.399305039366293 31.139126477082016 0.7877946838166656 0.007494293274816126 0.43108672462178743 -0.10532983993861894 0.8961103147725035
195.23 23.424294814738612 31.145353790657225 0.8011419884958895 0.01895818757510739 0.42728083199077715 -0.12047620924715591 0.8958555468057179
195.33 23.441675137371398 31.152704177452453 0.7995558958942524 0.04249305149976347 0.4328967122661446 -0.1352486876495022 0.8902261339527664
195.43 23.467825929117012 31.15554061435503 0.8019037214448284 0.06788687511547957 0.4497895430826188 -0.1409076669802016 0.8793325699112828
195.53 23.495518412654093 31.15919327502467 0.8276558126251573 0.074555199538248 0.4375263221528343 -0.14672479253984827 0.8840158793253462
195.63 23.515041234261314 31.167906910093777 0.8426364607358925 0.0789758826937651 0.42984701272440884 -0.15011572771063952 0.8868255882069189
195.73 23.52898310940215 31.175954355329008 0.8456865177574385 0.07356675016598675 0.4349763181740591 -0.14965814888165896 0.8848649469670895
195.83 23.54010632457588 31.18857907947854 0.8646761646005963 0.06568837897186991 0.43412566136569813 -0.13920064259839202 0.8876052771992954
195.93 23.555879805490715 31.191224549695118 0.8902164257731662 0.058911896719872764 0.4215217276921237 -0.12585494875204112 0.8961078915972871
196.03 23.5669427134847 31.19210003234715 0.9209547702166607 0.05304482001138095 0.41369171651182063 -0.1208953517042183 0.9007939413072098
196.13 23.571563922755324 31.189702119010835 0.939463350339653 0.03767874056329011 0.40256876418022 -0.1263058426242155 0.9058507254150441
196.23 23.575854720625994 31.19682588263263 0.950265910751419 0.023602023757801203 0.39237308622225603 -0.12730134830461012 0.9106484900348687
196.33 23.587120166920712 31.20275961839033 0.9420981644864141 0.028492267268600664 0.391761651624411 -0.12919444897393953 0.9105052407189805
196.43 23.593496751393456 31.21093156339478 0.9428706127741247 0.03970956136831653 0.39738252803066126 -0.13526232172774924 0.9067603770967917
196.53 23.609789855313544 31.217140440724805 0.9387786265905855 0.04633091519443562 0.395150905194761 -0.1428389678636481 0.9062594759121998
196.63 23.622542026638705 31.228525762860368 0.9354027670962335 0.05063200263867227 0.4045571856227787 -0.14746693926241042 0.9011234020345664
196.73 23.64166182346086 31.23492877042966 0.9328086130023194 0.04899662011924138 0.4078403614814503 -0.15259060140132696 0.8988780112604559
196.83 23.660534427631955 31.23714201687134 0.9339067041805676 0.05474662917576383 0.41309477824157953 -0.15381973767832066 0.8959324746229507
196.93 23.680060406448245 31.247600826947075 0.9304356278123633 0.057392907293202254 0.41564437695222617 -0.15298901737887693 0.8947291023890278
197.03 23.69943795920032 31.26225818480137 0.9165022144963479 0.057039991696504415 0.41681563980855013 -0.15210367367468508 0.8943576657092601
197.13 23.712358030677873 31.27688559995256 0.8908169776094171 0.0622779020672417 0.4299305097163461 -0.15459557864291396 0.887345156516453
197.23 23.740760822118304 31.295287396793498 0.8841131791685252 0.0582613069557485 0.4092750599422837 -0.15279015937486254 0.897638408614099
197.33 23.77331876246029 31.304417552498634 0.8666924612051455 0.06389226032510324 0.3840498295998651 -0.1433997988836651 0.9098681251340702
197.43 23.828821718783207 31.320127713635095 0.8463732063578332 0.05916901984467547 0.4043113933070752 -0.12314027727370054 0.904360435028904
197.53 23.89416152032441 31.326957670766017 0.8277204235473276 0.048661105145387885 0.41346469253242757 -0.11300303302485529 0.902169252082046
197.63 23.959424634121692 31.325700363966952 0.827343664042659 0.03662812030267066 0.40535359512445 -0.10298267025713694 0.9076020126407205
197.73 24.027012863061813 31.314973162957767 0.8367983820878099 0.04018522506693686 0.39913456740032494 -0.09518947777359316 0.9110519788210034
197.83 24.088750600705087 31.302126203922015 0.8593864153208436 0.03677177643251135 0.3870328602744077 -0.1022310302250504 0.9156430625439878
197.93 24.155850421019327 31.293048831802338 0.8702604534798769 0.03420696885094652 0.40501192935842256 -0.10611508344351193 0.9074881869342295
198.03 24.21437555655427 31.288222022534725 0.8606468964127759 0.03759762330908917 0.42576260369404134 -0.11203091044119833 0.8970851125299621
198.13 24.273980737856125 31.280280678460105 0.8549606781837026 0.04499523147834814 0.42734005572581724 -0.12612728772288012 0.8941184559151742
198.23 24.32889144975991 31.275122111147322 0.8434047147791577 0.05690176383912563 0.42545614825393463 -0.14482658915519908 0.8915012699141788
198.33 24.391279128057278 31.27973429717142 0.8360419379121974 0.059284557524916244 0.42943235241660765 -0.15961866888620624 0.886901954265526
198.43 24.454920859404535 31.293747852718955 0.8398096608828947 0.05957298393609523 0.43930407232328045 -0.16397549093208455 0.88123494596998
198.53 24.52079355474343 31.310294757582085 0.8627522292099955 0.06486452390477375 0.4394110322853523 -0.15829582760370728 0.8818463410412188
198.63 24.575075058958088 31.328979901954487 0.882359043274776 0.061115658834963484 0.42070565279291694 -0.15637866157605126 0.8915252908117284
198.73 24.633770471923736 31.326921070942063 0.8749945767443149 0.05409819943502996 0.43134657037648305 -0.15674589695232194 0.8868169173121053
198.83 24.68117843251047 31.332453389535566 0.8607988289135856 0.055063803477340204 0.45216705997452794 -0.15760485053548542 0.8761698685233861
198.93 24.738416058481935 31.328991188100943 0.856377835752202 0.05221102554177947 0.44524210922726276 -0.15562289974093238 0.8802357559534593
199.03 24.805535772259475 31.320368324316433 0.8447614063934679 0.052532489074789246 0.4354151067634953 -0.1482935213440171 0.886376361328038
199.13 24.86613140548512 31.30027932262242 0.8441848624763955 0.05256973928843665 0.4229884325184003 -0.14251634418387296 0.8933119836357487
199.23 24.95207608752186 31.27394438843948 0.8477991251099033 0.05190830187542476 0.40752942610509174 -0.13208817492356426 0.9020964522157408
199.33 25.019350188603354 31.259927572480933 0.8705188037004582 0.06117943863593956 0.4001503671269526 -0.11285087339557949 0.907414701418382
199.43 25.08650649178379 31.243105546404983 0.8727897483881857 0.06732393807095838 0.40205604453424154 -0.09925086915380517 0.90772666006255
199.53 25.152704646234717 31.222816196779224 0.855231795039028 0.08072722857294333 0.4242864883144137 -0.09921984098482954 0.8964482771223893
199.63 25.20665315229614 31.19916101990675 0.838566448558475 0.09272278282640864 0.43818059440584534 -0.11660234069261098 0.8864559472281018
199.73 25.25849196672588 31.176037701787912 0.8241915307126882 0.10089014722760703 0.43980388846454965 -0.14814177450483285 0.8800271203380116
199.83 25.321230339398298 31.150595708673848 0.8115517117302813 0.10708395699333866 0.42830063465569146 -0.18178726912015333 0.8786609023360591
199.93 25.388649490121832 31.13677500466307 0.8156168522240297 0.11416152975077351 0.42109251961329025 -0.211568878197635 0.874578095328764
200.03 25.470747157679295 31.12273917555948 0.8179769463988271 0.11861017129822918 0.4197495345420443 -0.2274907190946769 0.870626170202877
200.13 25.547604400188998 31.11146789934312 0.8281386089961023 0.1298370238932728 0.419351991869814 -0.2334782805114168 0.867625579769747
200.23 25.6182654734293 31.10330571793988 0.835353513282951 0.12869120480329652 0.4215840448317539 -0.23596126626831876 0.8660414238191064
200.33 25.687471689808337 31.095839865204596 0.826848370759451 0.12605304073205842 0.4247569802952429 -0.22966603097358224 0.8665712047082516
200.43 25.76867828238716 31.090178806715333 0.813639365331731 0.12203848657168687 0.4208080658619252 -0.2113871951468284 0.8736948169863401
200.53 25.85038631007477 31.081828189313356 0.7939354066169181 0.11947706247650042 0.4176290064007305 -0.19503450844683093 0.8793593037374586
200.63 25.935319131956902 31.057621353162055 0.7819117408103368 0.11359389166798105 0.4127749930374565 -0.19543122508386856 0.8823377296482732
200.73 26.025134334447515 31.021865142318084 0.783767837368643 0.11210348992618187 0.4095710251284595 -0.20456915770742617 0.8819500227543893
200.83 26.11694887101479 30.996733889657165 0.8081021271065885 0.11234907963700211 0.42103093313501994 -0.2154809015072263 0.8738870743601864
200.93 26.20704576526835 30.963053678007185 0.8404017578241907 0.1084130681506234 0.42646766599465585 -0.22821838505610553 0.8684977289766637
201.03 26.289647698670795 30.937633556138934 0.8787838242501095 0.12334968482964825 0.4342923332748283 -0.22291247743655135 0.863993664278987
201.13 26.381137210467113 30.917620214865156 0.922420530925679 0.13495799057031804 0.4202767054685983 -0.21991777836282878 0.8699367806810107
201.23 26.47447120958502 30.895287301184524 0.9704227664013794 0.1365805288854822 0.39941658278081194 -0.21977618068318885 0.8794945042087365
201.33 26.555056497168046 30.89786322118113 0.9909039514633072 0.1325287369804658 0.3974634986664709 -0.21419047127023402 0.8823725648042361
201.43 26.638097508791056 30.890912626813805 1.0046285820506555 0.1248924202616637 0.4029608239773794 -0.20945685901239963 0.8821294020229203
201.53 26.722525370612058 30.88184194669571 1.0237703777648175 0.12903846742091396 0.40315117259388517 -0.2111747045418799 0.881035442035953
201.63 26.799339310235577 30.870792018372153 1.0416211659848238 0.12535657231192132 0.40446516581725395 -0.21176531835311901 0.8808229727711632
201.73 26.868463669474096 30.855244444172197 1.054242646838393 0.10878524506396646 0.38796541188860895 -0.20942952967593217 0.8909477435485161
201.83 26.948242414276088 30.839100504547073 1.0565460224495942 0.09349108989306865 0.36815659168909176 -0.19665707090086554 0.9039060441058958
201.93 27.028526427558457 30.827336283543108 1.05169403873079 0.08324206580654202 0.35342782313333676 -0.174295765980355 0.9153035115614994
202.03 27.106258669252977 30.797265861059127 1.0462635448977446 0.09292148849905985 0.3678703374222979 -0.16474898426549053 0.910436589776253
202.13 27.179919775084322 30.7832226320492 1.0524582217234837 0.08534773212299582 0.3667411967379244 -0.17390931420478226 0.9099297828236632
202.23 27.249689892872002 30.763180908498423 1.0514836954322264 0.0694023673723558 0.3743070527454728 -0.181070421245739 0.9068026489914998
202.33 27.304863002901374 30.75297226962138 1.0374185798997921 0.06868754352755561 0.3828645110294932 -0.1845150392294207 0.9025801836160944
202.43 27.368410239908666 30.73834343652028 1.0147455489050992 0.07248791390620019 0.38763063812549153 -0.18869476875910743 0.8993788272840865
202.53 27.429908492321243 30.731386528932344 0.991857224634246 0.07886569212185529 0.38810336158107095 -0.19336421498278983 0.8976448427411047
202.63 27.497194456739667 30.72109073164594 0.9550641674168495 0.08194580598872425 0.3721556207766271 -0.1965971560295121 0.9034017030348843
202.73 27.576730483528735 30.720776424429772 0.8984066663284428 0.09633743151471505 0.36924616005322175 -0.19034248829241565 0.9045142949261497
202.83 27.666420425970315 30.727048932209733 0.8573576436529579 0.10464641641773971 0.3630848914950566 -0.18418627924107397 0.9073554450369916
202.93 27.74335441471649 30.721973641747333 0.8520850757950582 0.11592122236166565 0.3287605061018927 -0.1837090571557395 0.9190918246577727
203.03 27.850759166929542 30.715171329427942 0.8458157024427588 0.1300717122535435 0.32500193347165485 -0.18118798539242462 0.9190353675787194
203.13 27.955305822589203 30.701342692953702 0.8338046267743566 0.1713558722503231 0.40971567296604083 -0.1908155872517709 0.8754196959362277
203.23 28.036636947597298 30.676132430258523 0.8527341823292975 0.16819726311492095 0.3471424796517546 -0.22138412507063823 0.8956510752902547
203.33 28.130171595846413 30.65989425718281 0.8332560617759227 0.1354285937090142 0.2666578409499057 -0.2336299201568154 0.925186333812521
203.43 28.218264892602843 30.6629827994527 0.7939668676570341 0.1295016139319219 0.3134573997540529 -0.2080239432622576 0.9174420033757318
203.53 28.292051348589577 30.647041168316125 0.8013331717876672 0.1295621274668189 0.3467273592200001 -0.1902848042194891 0.9092774531339418
203.63 28.370992595017103 30.636333620159757 0.8316647599366309 0.1070568520679676 0.2881121407549476 -0.20918292611037906 0.9283171484997993
203.73 28.418275380651973 30.634978542860157 0.834367081272437 0.0989190575057525 0.2815621552989307 -0.21934821040194338 0.9288832732690687
203.83 28.470055267889148 30.616425516235108 0.8156080833122202 0.10841175629223465 0.32124105724967505 -0.21555217715696484 0.9157446877583494
203.93 28.5213369550721 30.592322080814483 0.8067442958607765 0.11679341070340372 0.3261470317892379 -0.2227316663820223 0.9112507984424614
204.03 28.567047588779612 30.560296041003856 0.7806280218600362 0.12330396839907296 0.3302558710603339 -0.23241124845923664 0.906483426542835
204.13 28.614264965986017 30.539408506725152 0.7701909667264112 0.11959218111034066 0.3430937751519421 -0.24190233984157805 0.8997041900805117
204.23 28.67554912633694 30.515532974946783 0.7675548564337458 0.10510387825208209 0.3394677924868645 -0.24426641392135748 0.9022464805531063
204.33 28.73422574466081 30.488366791767795 0.7724994027508407 0.11556390050748584 0.3366177968030432 -0.23278220323555657 0.9050667873874065
204.43 28.786542684958345 30.443239853387027 0.7709415003158417 0.11953664182381966 0.3265175297764675 -0.23307233857595028 0.9081710075756082
204.53 28.83565668427081 30.395170499343422 0.7664064542832625 0.12562684092235854 0.33333239467323883 -0.24498643894583216 0.9017145092732581
204.63 28.889042687394948 30.35078483341651 0.7669643279511686 0.13311876175643206 0.3469986969686412 -0.2555559704966904 0.8925034708694383
204.73 28.940421282811194 30.291860865123688 0.7553926809166968 0.12925188899823192 0.33184704452376246 -0.26118940093302095 0.8971909412558078
204.83 28.99994535930497 30.231746058357324 0.7475453940305362 0.1198294348608001 0.3235174891139337 -0.2604573301701978 0.9017423800282262
204.93 29.060356406427477 30.16693954836176 0.7476056508133169 0.11775727525022513 0.33574258800734263 -0.25293739907987944 0.8996848397469418
205.03 29.121602500032832 30.110877556936614 0.7653810701149198 0.11826840207918249 0.34670921359053286 -0.2533916686519263 0.8953200369358788
205.13 29.175003613193663 30.077147844966877 0.7958997070666652 0.10568794329240172 0.3282392207304696 -0.24416968471280057 0.9063499532101977
205.23 29.229724130937768 30.056745287216263 0.811343539139976 0.09361748058675086 0.32025825464232255 -0.21679996358939607 0.917424761737811
205.33 29.286958783251094 30.05042063826326 0.811730875347897 0.0923081096797279 0.3350365971949953 -0.20455786625082453 0.9150878486693305
205.43 29.343612153358958 30.02957595302421 0.801144567766109 0.08820885419892048 0.34000039511522356 -0.21377403268555512 0.9115479100473878
205.53 29.397244691088588 30.015469486938148 0.7881008323664507 0.08838248576149486 0.3417267636423206 -0.23157599259284145 0.9065229808867534
205.63 29.46805684243072 30.00046547062765 0.767459595711808 0.09603878161955878 0.3559548563316362 -0.24327530299231936 0.8971565190271708
205.73 29.52424526301284 29.98429514182261 0.7501766907860079 0.10413194741364848 0.37341685967818966 -0.23977766137748766 0.8900691318882277
205.83 29.58796935082458 29.97740075009423 0.7628016921201235 0.10289837092227185 0.3503194673585946 -0.23964812683058326 0.8995871116004974
205.93 29.65516649752201 29.95462337149714 0.7730194152302744 0.10364354004156605 0.3250776930504622 -0.23752939648975732 0.9094846320262117
206.03 29.71316030460262 29.927534353458984 0.7739851657824997 0.11000089338583803 0.33630722654920303 -0.23644732508162453 0.9049253644841906
206.13 29.77812790334449 29.903572609191798 0.7584238732075564 0.11430029666595584 0.3536665192311373 -0.23709333067181404 0.8975757282301878
206.23 29.830797566975626 29.87351443102023 0.7444926829853344 0.10858881173729322 0.3528239341354638 -0.23637532276167889 0.8988050112543704
206.33 29.89037792554336 29.83834182621659 0.7277316187583779 0.09854335401695431 0.3436356161846409 -0.2275184416191262 0.905780950004854
206.43 29.95851223859796 29.79246147276659 0.7244677442993334 0.10194037396313513 0.34402677631847195 -0.21508770678511321 0.9082901605335695
206.53 30.01611437450737 29.746244557776908 0.7281593744524872 0.09973468809898924 0.3459701776603241 -0.2192164695056237 0.9068085617466187
206.63 30.07209888697242 29.705789814115406 0.7428927305278109 0.09047237143858027 0.3460507671854851 -0.22366944979372683 0.9066617857644538
206.73 30.125225055202442 29.68038319983542 0.7379664086861784 0.08343521662464438 0.35362294234837144 -0.21786961922069625 0.9058268092148233
206.83 30.19141640877613 29.66313905987512 0.7266378907416905 0.07764101572939464 0.3728583272235976 -0.20406704103774254 0.901834343579035
206.93 30.235948359808972 29.655207352719383 0.7196207228069832 0.08045292413248711 0.39430698855480595 -0.18779463051095185 0.8959813070185269
207.03 30.28741938752957 29.64605216240055 0.7123181246022987 0.08269383344670432 0.39577706049587974 -0.1811491875187559 0.8964971947286976
207.13 30.324033642339348 29.64935857094486 0.7112716676518575 0.08554971781451268 0.3886408888588204 -0.1892611360992833 0.8976746223723224
207.23 30.369303918770697 29.646752886068192 0.6933267232684643 0.09375853917016697 0.3785944260021693 -0.2031918507610518 0.8981028163395676
207.33 30.420432816811545 29.651113422543844 0.6764803170411584 0.10222881159006407 0.35647372467606026 -0.21902810186256855 0.9024978915714651
207.43 30.49074801654514 29.664303436085337 0.647376848581313 0.1034501897219313 0.3328230270506572 -0.24349672284928392 0.9051166979307105
207.53 30.59642082103632 29.679387435773794 0.6297440642068117 0.12198528585280313 0.34005350859857364 -0.25954607549455183 0.8956109847587769
207.63 30.707678218731985 29.7079364770908 0.6533742850713712 0.1439614479136165 0.3222788177044865 -0.26632666601026145 0.8969289671682326
207.73 30.817669020401684 29.72123784320894 0.6870406361525181 0.13726639864081785 0.29705848640344135 -0.29118669339646164 0.8989574523016713
207.83 30.915404124419283 29.72655755097837 0.7197200182424947 0.14316682639176243 0.2993940468913679 -0.3086656263279398 0.8913988981541884
207.93 30.991183530082004 29.724292385843686 0.7244671537042917 0.1461068454276943 0.31694773409482974 -0.3101245707465557 0.8843187627719915
208.03 31.043121491541914 29.712762781704107 0.7338366382075476 0.14728658781535298 0.30782411429050643 -0.3161762346099489 0.8852025555650245
208.13 31.07663464444953 29.68542242414009 0.745130000634806 0.14477170043332646 0.2790228375430815 -0.33348161421222616 0.8888067415729127
208.23 31.11399777176116 29.653530635676358 0.7426418992283353 0.14768683755745307 0.26369949403159804 -0.34888046948973733 0.8870927757953947
208.33 31.151521239910124 29.6060234916428 0.7368856701503796 0.16841578305256338 0.2720098531464336 -0.372152338790751 0.8712917998825775
208.43 31.179207188225472 29.55633454767188 0.7336356972713568 0.19240167464374267 0.2943647496717118 -0.41082467956790636 0.8411623341560897
208.53 31.20878298617866 29.52759160296544 0.7394042261962208 0.19180965801452513 0.29032995210453494 -0.4475629836096493 0.8237748173534795
208.63 31.228470240919428 29.50739785432546 0.7544705276215952 0.18582834150418376 0.2777983254146657 -0.47367234870116764 0.814819258465662
208.73 31.26052103256607 29.4890916896411 0.7517121955790759 0.1867719749085698 0.28068386266246215 -0.4830852116477758 0.8080603176229213
208.83 31.292272262921056 29.464439438628876 0.7436079890957773 0.1913538032001844 0.27988048220992395 -0.4801178757873623 0.8090348960509653
208.93 31.33073620065389 29.439182701952596 0.7305426950784377 0.19484017742506507 0.27365840855963885 -0.475277999853815 0.8131784573760742
209.03 31.383821333352188 29.419840086780926 0.7188333347719594 0.20039879329784832 0.2795115493383284 -0.4679732927241665 0.8140728559091965
209.13 31.433329895737554 29.40183447234123 0.71978497855739 0.2132868548324321 0.29465969708181683 -0.4527569812454478 0.8140611134336598
209.23 31.47461184178534 29.369231991433317 0.7255884702916292 0.22076670764949002 0.3048799498571172 -0.43097438743909494 0.8201044776979476
209.33 31.52169576391333 29.360271101748626 0.7319204492609932 0.2107554493971131 0.298178176748534 -0.41566626260773226 0.8330026852237997
209.43 31.559294022038006 29.360693412157175 0.7436886331717667 0.19413469834297142 0.28270986876208265 -0.39991963509335154 0.8499712550849059
209.53 31.61692251841896 29.343719767679588 0.7264472731610742 0.18405824102346505 0.29622633692354083 -0.36546816501061363 0.863021170996392
209.63 31.67602817104815 29.327929489036357 0.6967751793283662 0.17809545982636305 0.32323382278589763 -0.32352747611927113 0.871281742717214
209.73 31.746257842769282 29.304330665338096 0.6579102410105623 0.16098330445375975 0.33396844091089123 -0.28145776380925464 0.885059875575766
209.83 31.82638552075398 29.279523717189267 0.6029638122026303 0.13997930069589695 0.3480761360354245 -0.2356265696515326 0.8965092964234047
209.93 31.902802107844472 29.253289056080067 0.5399504230380265 0.12216261030153483 0.3650845368564068 -0.1989209383985046 0.9012325104318624
210.03 31.95971416650122 29.227402411469505 0.45434540581967553 0.1097227981243826 0.3780498605726175 -0.1818968959527944 0.9010841968071124
210.13 32.005574300963396 29.20956116171097 0.34704619292849354 0.117918204961028 0.4233272422802222 -0.16924909812413683 0.8821814357978508
210.23 32.04220958222484 29.187679387482763 0.2661532967238442 0.12316446745460315 0.4755848842741407 -0.1552486245562384 0.8570574055335921
210.33 32.08061471841994 29.171138322945083 0.21684805012154845 0.08350651735981758 0.4859842185289967 -0.15589547529507303 0.8558870262375274
210.43 32.11131192355668 29.13900048537677 0.2134430286891479 0.0669625128000038 0.4566672999527058 -0.16146608065985668 0.8722956516169043
210.53 32.1466018542381 29.119414297234375 0.22245809144106687 0.0785812175872304 0.4286351558665275 -0.1680295199839053 0.8842301599763291
210.63 32.19500517056591 29.083394164407736 0.23862971129721075 0.09922181864833632 0.40598308101332997 -0.18715346839251107 0.8889917591877294
210.73 32.22442668775455 29.05715406439155 0.23614078523754894 0.10502154679534806 0.36165686789321677 -0.21639158831500674 0.9007493908523555
210.83 32.2677261542206 29.028803639095592 0.25116878174599594 0.09788704956620237 0.3462382870532293 -0.2298323019973093 0.9042755592540845
210.93 32.3041919397611 29.00784325212352 0.26098314973859144 0.117049635897564 0.3401499685250395 -0.2367531476746663 0.902521649997827
211.03 32.33026507221336 28.996231266430364 0.26955878973473324 0.12922433971710565 0.3446083399984109 -0.2246256929205807 0.9022690619256357
211.13 32.34925905469037 28.990952566851263 0.2601815373395718 0.1277242552680741 0.3641791278973016 -0.2047084268283353 0.8995301759283258
211.23 32.371970362313036 28.98511678888371 0.25883191092622265 0.11426917141308211 0.37074484323305534 -0.19117362333736895 0.9016337745563475
211.33 32.39792373395116 28.989252103771506 0.2630537237724405 0.09315447892253392 0.36586934275705824 -0.16663605044393534 0.9108755643772841
211.43 32.406704487572846 28.99550398026141 0.27635315325208637 0.07133716135880372 0.35333769154521333 -0.13433106583247173 0.9230485631293078
211.53 32.42503008597159 28.996665488789226 0.27972827582088283 0.06690827292716692 0.3569665489416392 -0.11498162172501591 0.9245957995881688
211.63 32.4387937609473 28.992858132312833 0.28939550330787334 0.06152718334559603 0.3591652437169355 -0.104451677664257 0.9253672678717537
211.73 32.4457545384608 28.990178880813332 0.2760074568518496 0.05688637054253678 0.3705003293011214 -0.09557000685329789 0.9221495652139724
211.83 32.44466271342284 28.99202926088274 0.2705938879270681 0.05917602386568812 0.37529781442167587 -0.0896484688530998 0.9206589491891424
211.93 32.45001613827899 28.99179307591559 0.2721226656652309 0.057193586428816036 0.36775382731485534 -0.08558722855238601 0.9242082246309036
212.03 32.45346629237349 28.990914572758253 0.2773526074148339 0.05266178853384825 0.3627545718673373 -0.08099282444718138 0.9268635385027449
212.13 32.455607670071814 28.99540131423205 0.28188252814223913 0.04683951806511893 0.35773344997305156 -0.07013882036697085 0.9300071957761056
212.23 32.457401146030385 29.006535223352316 0.29435087963737194 0.04027541451289764 0.3504677979367233 -0.04930438307918674 0.9344085248992431
212.33 32.472552205729706 29.024352402406898 0.2989160981673318 0.028553106286511566 0.344171392912056 -0.014298037871217474 0.9383636494107174
212.43 32.46271123925818 29.056181132667096 0.30768285651896315 0.00943336948206852 0.34159745392503066 0.03198151714740954 0.9392546904717066
212.53 32.4690320552049 29.092667555502025 0.3102720262113039 -0.013690690648913702 0.34273639183402327 0.08960875050909614 0.9350479145660662
212.63 32.47167724616362 29.14846054619212 0.316775274524989 -0.039727140083076165 0.3411152864221174 0.15955115609345244 0.9255298721809141
212.73 32.44853245946923 29.203518907670496 0.31470202900755323 -0.06152659317256233 0.334497289905924 0.2393114258609164 0.9094262382571693
212.83 32.43351629784098 29.25242066614164 0.3125762883894144 -0.07999393790870761 0.32979010339285014 0.31773089445833647 0.8853736704401687
212.93 32.41420267462532 29.302799767471633 0.30311627738737074 -0.09267801018933883 0.331796046413774 0.3691802176192288 0.8631501242137154
213.03 32.407057233969866 29.33236430013351 0.29822261817163886 -0.10168189495795439 0.3362297237176925 0.38987125309622733 0.8512407245519105
213.13 32.407020520776925 29.366044094886917 0.288984331263108 -0.10719884037436755 0.3348378642015851 0.38877979940905416 0.8516115786500131
213.23 32.4225089963685 29.394421156112085 0.2963824446084664 -0.10153110907225311 0.3245863106186216 0.379376911442817 0.8604698251035063
213.33 32.439593556302306 29.435627793940395 0.31179628843728435 -0.08911859205156533 0.3037088186574954 0.3703609065331714 0.8732992779868438
213.43 32.46183801792562 29.480647608113042 0.3370239453664342 -0.07777759192736637 0.28418408407610785 0.3607644409107596 0.8848949489776461
213.53 32.47526241888042 29.515673283267418 0.3505522232372573 -0.07307731188867687 0.2794983054126365 0.36863544263962517 0.8835430460302867
213.63 32.47419638540919 29.54648827338492 0.33899459345285626 -0.08673490447499532 0.29326554717403863 0.3879835445766824 0.8694487588835461
213.73 32.484334620490394 29.566592340082817 0.3131176415246658 -0.10289793754352747 0.31033970632555546 0.4115318135075255 0.8507307726879658
213.83 32.49194453210098 29.598677483610963 0.28980582875381317 -0.11511532614315537 0.3174710558006 0.43875932678648377 0.8327369594137628
213.93 32.49586654572814 29.635751512577333 0.283749243788358 -0.13215619253043315 0.3217360040475691 0.46383717845941896 0.8147857119231822
214.03 32.5092208373531 29.66549972721525 0.2715803048656493 -0.15234501211528198 0.3064579904110092 0.48328134404952283 0.805799999932072
214.13 32.52684867094897 29.695169698702603 0.2633636372066125 -0.16039945613969658 0.30431153681533213 0.4906486224024652 0.8005813090284732
214.23 32.55829847743306 29.716985973635758 0.2576357712827238 -0.16532947945495635 0.30633076704125894 0.492885647664453 0.7974279671001386
214.33 32.58164675855084 29.742779232297924 0.252441009245555 -0.17886864368858016 0.29955320123365486 0.4960539830512565 0.7951127805755993
214.43 32.60109954038238 29.77484463288288 0.24021628536665518 -0.18797691301184116 0.3107436075365628 0.498775127060732 0.7869729748696914
214.53 32.61486422773591 29.820923720959218 0.2261083196735726 -0.19080431681471224 0.3179231645043412 0.506200593747346 0.7786395398682571
214.63 32.62460374698718 29.862983481962576 0.21820107419022144 -0.19226195294920145 0.3141143028839042 0.508712213487596 0.778189841889798
214.73 32.62755151111118 29.9241168928423 0.21157040335313057 -0.20177002167073396 0.31242396770037123 0.5032455213863585 0.7800154280307031
214.83 32.63381213566327 29.996341602106618 0.21300353943362688 -0.2069468857145023 0.29137740913131666 0.4977616418505608 0.7902566291042576
214.93 32.634848912711576 30.09480519351124 0.22181270093082056 -0.2102218160989173 0.2693595016807851 0.4940050436508197 0.7995068878614519
215.03 32.625537236299316 30.192646709929868 0.24165521460625577 -0.20940922656803126 0.26959869473655124 0.5064615033924359 0.7918087301905685
215.13 32.61927148554717 30.279882689238235 0.26241506265832615 -0.19328780173029497 0.29622061445346687 0.5157683091312222 0.7803052124463866
215.23 32.61591802656882 30.330593718592777 0.2648016170260559 -0.19073877666404881 0.3078753562351492 0.5146537155223938 0.7771505884954196
215.33 32.6242671877879 30.375876857205164 0.25298111816210533 -0.20227704691493023 0.3145213150768232 0.5014189591988097 0.7802175119860509
215.43 32.632303213582816 30.417925450597366 0.23600817689646195 -0.2105135247451899 0.32188016985358586 0.49275635098941883 0.7805564622203673
215.53 32.63303343277793 30.452828076184307 0.22643263856873885 -0.2101357908926021 0.3242855922533511 0.49951003184602577 0.7753525211979493
215.63 32.63860723328501 30.492588622276536 0.22542261633387717 -0.2115640092906285 0.32411600307719524 0.5080376122741806 0.7694720729414993
215.73 32.64501340758466 30.534744417936192 0.22444538129288588 -0.21529656012839274 0.3164591921125941 0.5133199605269901 0.7681169110551432
215.83 32.66093364759132 30.591881302805263 0.21431991584422305 -0.21669371447372987 0.3101395229445422 0.5184229275113055 0.7668735088956439
215.93 32.68522222762282 30.641382418701465 0.21473612372340156 -0.2132144850657238 0.31578458015756034 0.5159744380589343 0.7671962340644266
216.03 32.7120680691348 30.689340762227566 0.2322838842977937 -0.21637239170232606 0.3249260337607122 0.5053290887738796 0.7695768790267211
216.13 32.724963817769066 30.72643842385755 0.2564534477633806 -0.21888914510204974 0.304543749318549 0.4989330879417612 0.7812851084363464
216.23 32.723898012822396 30.76330132005146 0.2608534215659092 -0.2243808036419048 0.29860879854916433 0.5011874454687959 0.7805749066492597
216.33 32.7181383212511 30.806019728754126 0.259211699758168 -0.22177697081764958 0.30786113264922205 0.5007613166063252 0.7779939601369572
216.43 32.71930894871906 30.84289329958782 0.2648939784197307 -0.21647625514840732 0.31108238805953686 0.49310016633730613 0.7830823741818088
216.53 32.72632191285868 30.880764608322313 0.274007947782501 -0.20405847372138242 0.30522363914371387 0.48113952031363005 0.7960549173284076
216.63 32.73596876521234 30.918879008611295 0.2626488948005593 -0.205391980669866 0.32564367985206655 0.4711800782961176 0.7935739800836333
216.73 32.74319132474885 30.93662676884914 0.24681027273069958 -0.22452024194889997 0.3436344021054625 0.4565227372132544 0.7893624319994882
216.83 32.75943920623789 30.950391217888033 0.2435105412463311 -0.23291496049890117 0.35304821264985076 0.44758994113367956 0.7878901099242775
216.93 32.782114476321276 30.954012299248642 0.24880109516460183 -0.20299985456284841 0.33908564815484976 0.456872686719583 0.7969186472862194
217.03 32.818442868257904 30.95850350714424 0.2563499257585351 -0.18569706832382057 0.3344956518880787 0.4654111408500375 0.7981364091786405
217.13 32.8589619786646 30.97880815828583 0.24244494816297163 -0.19060721394635247 0.35671271703049673 0.4673037358701391 0.786162925825265
217.23 32.90627771326682 31.00224495148818 0.24300754623948917 -0.19751494457524313 0.3660077771572222 0.4564826201869534 0.7865429239381165
217.33 32.945612090388046 31.015915582565224 0.24793775126659923 -0.20357438168882383 0.34824415436827105 0.4561829582117114 0.7932090447703889
217.43 32.95877211907145 31.041964200842614 0.2703009046223132 -0.2123491144341606 0.33791389352235807 0.47107249497717696 0.7866465271261077
217.53 32.94695120990967 31.069448805659892 0.2940032545789503 -0.2140532379233828 0.3330019097983825 0.4959573001473494 0.772863051151818
217.63 32.91997554943175 31.103912613110186 0.31936517749023347 -0.21510232154398876 0.33445537014471177 0.5271821318348688 0.7509657758658468
217.73 32.90370371529877 31.112850759217235 0.344415253412945 -0.18652678945012396 0.32960383080017797 0.5351221925351579 0.7551246987058776
217.83 32.919648500202904 31.114521644332772 0.38412706232584226 -0.13763446933045317 0.3080216483589099 0.512731086597245 0.7894848002534268
217.93 32.94048638804712 31.0982361443801 0.40629215821112186 -0.11953285778979053 0.30293358723607694 0.4730224497373319 0.8186531009392082
218.03 32.96209152990983 31.092544835370088 0.4295548366177393 -0.11463732743395565 0.3023780764343216 0.4322613002721022 0.8417695351684755
218.13 32.98935658310026 31.086143872635734 0.4297958742770204 -0.11030876801370074 0.3071151397596651 0.397979938076257 0.8573938625384016
218.23 33.005120298543375 31.082208956923367 0.42436451726999436 -0.11531628969041904 0.3144891118332131 0.3748720831363189 0.8644476115736738
218.33 33.0300311453145 31.08595944879209 0.4148168153446891 -0.12674464451140524 0.3358141358530929 0.35375982575718645 0.8637237098338585
218.43 33.043055417097584 31.08500133867489 0.4123994912559078 -0.1268452303612763 0.3342912152645426 0.34651415455025647 0.8672298493639797
218.53 33.05782005613582 31.0906431968019 0.41500045070738745 -0.1272681112595733 0.33464303187706723 0.3420367296676969 0.8688082323682091
218.63 33.06438818921963 31.09233805087971 0.4168378121122874 -0.1283261474194532 0.3330051667322292 0.33736105550081974 0.8711070410974152
218.73 33.0724334244125 31.095852055804286 0.41979991213440415 -0.12368031213563395 0.3317407458360704 0.3342663245609799 0.8734513622444318
218.83 33.07212535981555 31.093680332156783 0.4245768608584831 -0.11723644521823688 0.3293485769232534 0.3286948065131782 0.8773510443160615
218.93 33.07660690300775 31.092482615979677 0.4285527188494512 -0.11404327729433097 0.3280086615436128 0.31741567455255276 0.8824124536772382
219.03 33.08285127727199 31.089368586450753 0.4275982528410877 -0.10936464617563331 0.3287482919166662 0.302923119362222 0.8878071403658646
219.13 33.0867679531684 31.079289514108158 0.4308984230316179 -0.10424674896234545 0.3309796417674261 0.2900265179395602 0.8918910869372683
219.23 33.0888631647254 31.072774375317948 0.4324511239362585 -0.09901900910938571 0.3295322270785886 0.27657012756605287 0.8972807318168144
219.33 33.0884322826104 31.063889329525647 0.4363450395753823 -0.09445673511987807 0.3303670901155002 0.26539098092923624 0.9008346897186674
219.43 33.086099974905274 31.053175055644935 0.43871313971311826 -0.09041691486344429 0.32910401998328875 0.2546019194586671 0.9048166599623253
219.53 33.094339071990824 31.046240147063166 0.4422686765917151 -0.08787074206560361 0.32606632722430773 0.24750833263400604 0.908129455648271
219.63 33.09223591933496 31.039402267959172 0.44490368077651654 -0.08651623189708904 0.32562798754603833 0.2470830892619379 0.9085324993338562
219.73 33.09267443414189 31.038668657680404 0.4421065103852189 -0.08734813245326553 0.3262347950218194 0.25903287736936226 0.9048995141537801
219.83 33.09136172006888 31.04631330438428 0.4368072821821971 -0.09345933253975033 0.3311026402507632 0.2834611213927182 0.8951459028778387
219.93 33.07628408937141 31.06275014324671 0.4444436731518854 -0.10494476013347513 0.32976515944697116 0.3261035776678454 0.8797147228321648
220.03 33.05598173223176 31.08641235075049 0.4445895003372131 -0.12001329811652728 0.3227258553975948 0.38713753930436257 0.8553182777156392
220.13 33.01741427454328 31.124383969981167 0.4406613817651547 -0.1411646276446494 0.3233263057183425 0.45378030871574127 0.8183007267223482
220.23 32.976742725943026 31.160786586445926 0.4286915137280263 -0.16230230143929533 0.3247800863096907 0.5123686414068508 0.7782379030778932
220.33 32.934119342235704 31.19787969557949 0.42954635125959806 -0.18224794178192796 0.3204202640912225 0.5529370164702613 0.7472464104249201
220.43 32.89829981783499 31.23732485523971 0.42982418662050204 -0.19797766922338697 0.30841283440916767 0.5773893838502757 0.7295943156834334
220.53 32.87028609788304 31.2675216913263 0.4498811688340269 -0.21864858477729254 0.3100404731760538 0.5901428333188835 0.7126002649803158
220.63 32.83968714854274 31.297683832162786 0.4796089008226163 -0.2322101558824772 0.31478361608453165 0.5890108529330852 0.7071463311626679
220.73 32.83312299619771 31.30884160715527 0.5218062144985469 -0.23917869557960936 0.3102937623578944 0.5812787282041864 0.7131804629684853
220.83 32.83890425641636 31.33511011910818 0.569112551926589 -0.24611700861519803 0.3012826063589803 0.5758634651051175 0.7190524867719834
220.93 32.85204379798704 31.35266619386295 0.6172692953960254 -0.2624250409570019 0.3309395947985033 0.5639268590320166 0.7096467995669412
221.03 32.8662049236795 31.36785566010521 0.6615758844014954 -0.26798958341042545 0.35679684143160195 0.5591207502496911 0.6987571708169881
221.13 32.88879838329492 31.367871598263875 0.7139291087600581 -0.25395075743038253 0.3495362243302953 0.5662921482522697 0.7018879137791774
221.23 32.908044084342826 31.383107678452426 0.7434056721739273 -0.2445216802143053 0.3431634948830279 0.5720772093970643 0.7036871678333396
221.33 32.9318822488755 31.403499650803237 0.768617114973396 -0.23808671814215154 0.3454761751586503 0.5723248439592894 0.7045602884274874
221.43 32.96623475267777 31.43348916705438 0.789720413859297 -0.22866372707841712 0.3372282230945581 0.5743286441884059 0.7100257980748318
221.53 33.00425531643048 31.478666430218148 0.8044156739608217 -0.22508237139816603 0.3393936319087769 0.5696218552156934 0.713919344720522
221.63 33.033533830082774 31.51887687501934 0.8203654724691462 -0.22321724836513168 0.33606377669257986 0.5699628989349845 0.7158054846570034
221.73 33.05115754113311 31.55989439465011 0.8219264931580621 -0.23249801121201527 0.34200189460118824 0.5730041532892766 0.7075631556157334
221.83 33.05329299496769 31.592190654629768 0.8332001768940305 -0.2366994127520867 0.3293419346947417 0.5832587176499929 0.7037872877081736
221.93 33.05191031385461 31.623891377399445 0.8363786187217812 -0.23604592814255207 0.32528563611729366 0.5929237626323753 0.6977915064322262
222.03 33.048921485780006 31.65436670524295 0.8299323826641787 -0.2414864336169711 0.3332818712244922 0.5905890170052006 0.6941268685801524
222.13 33.048325807059776 31.690574040246208 0.8248699292222075 -0.2414002111283861 0.3353469482448041 0.5856312908018892 0.6973552563821257
222.23 33.043149795765096 31.732845100795615 0.8216865702322507 -0.2403479542778785 0.3392563185273117 0.5858635118432005 0.6956306180038988
222.33 33.03893243856384 31.785430684560733 0.8226266992756784 -0.2404609938314424 0.34242144717059464 0.5807035640831166 0.6983619646174585
222.43 33.027270953852224 31.83503196299156 0.8333634810290882 -0.23286477331233332 0.3317808746058068 0.576342020911645 0.7095951828525069
222.53 33.013153084608916 31.884272139645045 0.8480214729154528 -0.2223835915328221 0.32377323177479084 0.5802472661250884 0.7134630633448599
222.63 33.00201169864295 31.93993940131288 0.8730053540898653 -0.22589340739838515 0.3311990874021148 0.5819776295866953 0.7075177535995862
222.73 32.99076841065383 31.983600231555126 0.8985885561118259 -0.22062050698248334 0.3186011283447257 0.5887229712981396 0.7093836592297216
222.83 32.98774050819899 32.026438791969994 0.9062987584716582 -0.22054192946564918 0.30235120887810174 0.5950936593849454 0.7112021796910875
222.93 32.98963991655295 32.070551388674915 0.914143047808581 -0.22049619937474466 0.2980208204454613 0.5980543258019022 0.7105603704344475
223.03 33.00074598498547 32.119769754578236 0.9186757561429946 -0.22159026200625734 0.28993694794917657 0.6011102648199675 0.710985774489183
223.13 33.01536969642174 32.18305581153367 0.917066896006651 -0.2343063501285406 0.29769654684854846 0.6026144732825719 0.7023767485290642
223.23 33.036570741627116 32.23878906359296 0.9336369850986309 -0.2366509291732528 0.29344144345980727 0.6049196269201884 0.7013991031847708
223.33 33.052479932568836 32.287925710048334 0.9624680173497137 -0.22326098664879462 0.2584455490808786 0.6185632065168893 0.7076298393541881
223.43 33.072583135324585 32.326094151146826 0.9820731013384062 -0.23174936821056819 0.26827337844958415 0.6255349973864965 0.6950018645974444
223.53 33.08603784093826 32.37117421372612 0.9961705432242983 -0.21927321031094799 0.26726827619934007 0.6344883721154663 0.69131138673367
223.63 33.09590152568689 32.40427842937873 1.0057361754466814 -0.21753427232069575 0.2620414311516288 0.6342231331377777 0.6940995217681772
223.73 33.102512947736464 32.446076633406655 0.9985025577000239 -0.22882342056529192 0.2679871261985714 0.62000054833942 0.7010150229855627
223.83 33.10292310661292 32.49783220168828 0.9930088748872096 -0.23796517351373064 0.27179531352615066 0.6042226660534159 0.7102216932529616
223.93 33.10325976122507 32.549873300165764 0.997165042385366 -0.23768444083944504 0.26532197327359786 0.5965910545002833 0.7191588633753215
224.03 33.10050037464002 32.60709734631246 1.0057215380968443 -0.23818817279210674 0.27606103766593393 0.5957173294225493 0.7156658167402096
224.13 33.096556432205695 32.6698345143838 1.0240567911548786 -0.24238690368418983 0.30044624885392185 0.5980028340755649 0.7024053323470651
224.23 33.09468192289552 32.722455008743935 1.0514996802731376 -0.2286117588711841 0.29072134311487174 0.6051196572915173 0.705016286849251
224.33 33.09913583270081 32.769577049458945 1.0702712135927532 -0.21655328090567905 0.2781663807739076 0.6094709908777703 0.7101219982612849
224.43 33.10441063980036 32.82104124054515 1.0679361591967647 -0.21685520898221625 0.27959344225730404 0.6117282393815251 0.7075237709979578
224.53 33.116288716581806 32.88150268142177 1.0616768822930427 -0.21814109165926768 0.28034708481433873 0.6124976580244905 0.7061632920793315
224.63 33.1262279764724 32.94352630141022 1.0620650733168218 -0.22297862478389907 0.2781857344348193 0.6169442678817664 0.7016216932038751
224.73 33.141814187618955 33.01663532867688 1.0660630358305747 -0.22422959030750714 0.271486582416534 0.623014901658718 0.6984758826971023
224.83 33.15507422168156 33.08311205021043 1.0775718805603332 -0.23378786088039316 0.2758408430295237 0.6222855181342316 0.6942735767276058
224.93 33.171038700634874 33.144280382250656 1.1006080273226875 -0.2314722505697539 0.2634451504710038 0.6253012841619204 0.6971481578078913
225.03 33.17413238809214 33.19862351989741 1.1076736009408499 -0.23071476896201767 0.26319952260240936 0.6330719136860612 0.6904467095920837
225.13 33.18164879375742 33.25877994559938 1.1094401126937037 -0.22828500488096196 0.25909052289783424 0.6369645914789827 0.6892272242831378
225.23 33.19210320402707 33.317747735401 1.1084860262547793 -0.23247543886247776 0.2613664814112245 0.6334513239743593 0.690204428322179
225.33 33.19580579133381 33.38994579263437 1.0988586825895987 -0.23193332662375576 0.2556555039270556 0.6299063066586972 0.6957479717143565
225.43 33.19664538902103 33.45919019878583 1.1004244883964365 -0.2283860410179214 0.2478308155675022 0.6308138432862084 0.6989231704857052
225.53 33.19650547571438 33.54101832828195 1.1226075801101336 -0.22049619264600556 0.2408912015223625 0.6358660762873463 0.6993047912639115
225.63 33.196712407821316 33.61275082348494 1.1443582501634466 -0.2266133213610019 0.260553375911031 0.6386630621017783 0.6876538620482551
225.73 33.209063027257 33.68537986617955 1.1717504645269015 -0.2047353672450127 0.24522375073985253 0.6391635426866074 0.6995846676224644
225.83 33.22581896807333 33.75245523385502 1.176362464133256 -0.20537216422193735 0.24808863730757877 0.6347212532941693 0.7024266743357241
225.93 33.245399460945904 33.82634674981749 1.1687673628011248 -0.2140811227956074 0.26950411342312575 0.6263004396683081 0.6994887883174906
226.03 33.27132336020669 33.90744354798476 1.1638606329054988 -0.21485248664072495 0.2692443088656774 0.6226444948070211 0.7026092400575519
226.13 33.2929549403063 33.989000080349975 1.1522235212514582 -0.2207823268898202 0.2626755407420624 0.6258932765828756 0.7003672827576498
226.23 33.31920554321774 34.07014385239553 1.1544066831511692 -0.22385645374961582 0.26530948672910204 0.6301096742070539 0.6945940993392236
226.33 33.347476791505684 34.15302065620274 1.156012685651135 -0.23093486058687737 0.27201326172576556 0.6288074840770679 0.690853836625156
226.43 33.36986455284936 34.21882768076858 1.1764690883553564 -0.22508887912044556 0.26232306550191037 0.6307911177869774 0.6947115743407746
226.53 33.393567549364604 34.2851027025199 1.1807993606287448 -0.22991701908186707 0.26785538749353094 0.634097043174207 0.6879771766308288
226.63 33.41172452271596 34.34593065697142 1.189995040548654 -0.22827562077945643 0.26990923387150567 0.6300660569467246 0.6914159459487882
226.73 33.431827245606605 34.40919900443075 1.19273872901715 -0.220724471848627 0.269071270642285 0.6189940457015076 0.7040793493834135
226.83 33.44466536029181 34.48379217233736 1.190625348216024 -0.22358984240560398 0.2782464996833395 0.6041905197728549 0.7124186154246772
226.93 33.45407402863172 34.567218888217226 1.204890969403319 -0.22567239912922238 0.2917461895272615 0.5953946418244677 0.7137656125467926
227.03 33.46561356581592 34.641895270078464 1.231873435243768 -0.20437976478628142 0.2780353247770183 0.6090568050164137 0.7141253938806829
227.13 33.466842488544835 34.72216222623684 1.2444320172147403 -0.19993914482499942 0.283929154221691 0.62022612169635 0.7033691290603444
227.23 33.4816058187526 34.793499519197454 1.2703371787507338 -0.19210590131308608 0.2614647598889073 0.6186139556090356 0.7155754858452494
227.33 33.49597924448022 34.86734381718068 1.2812474345755882 -0.18928478388755665 0.24679253960799089 0.6137942568755581 0.7256178906346376
227.43 33.525706252884056 34.93639016076989 1.2780229382308064 -0.18572142265306615 0.2460320905670867 0.6155070696301561 0.7253459938637618
227.53 33.543949146831 35.00579896809432 1.2705178865581521 -0.18977755323109924 0.24216070879167048 0.6249495003295739 0.7174822600210747
227.63 33.55723291837832 35.07367311692051 1.2814401912647047 -0.196766616168587 0.24149432207901667 0.6319191155227136 0.7096771256016017
227.73 33.5731495586491 35.14075530285309 1.2913529452939765 -0.2025081100106288 0.24219995644422856 0.639941952847874 0.7005740099829469
227.83 33.58165738382454 35.19762097402395 1.3022140718531507 -0.19478521045531869 0.23146636957838984 0.6495408680487164 0.6975519351823185
227.93 33.59780195826033 35.26323192470082 1.2918836539906653 -0.19761020045407782 0.23608397621001814 0.6492292058695442 0.6954969468655975
228.03 33.608155527593944 35.32606967364606 1.27585533758047 -0.2071401526228171 0.25004435586273804 0.6443541790803178 0.6923716264942652
228.13 33.6186361453735 35.40230368414504 1.2662470762412295 -0.20720837477895332 0.2515040679492925 0.6432843285794017 0.6928171951031319
228.23 33.624750531943626 35.477166253799 1.2543653004871713 -0.20923798604229205 0.25341980527574554 0.6428413486346014 0.6919196976359436
228.33 33.625862333632 35.55961035027319 1.257085357309905 -0.20511114320099721 0.2524687934074588 0.64839402061233 0.6883125171928369
228.43 33.62819049966889 35.64078407583569 1.2711708032558449 -0.20491374417655303 0.2606527517147807 0.6513276017881388 0.682526816777166
228.53 33.645933236925714 35.71919571878361 1.2922296793739756 -0.19528835814197346 0.2491913934866642 0.6487760497226619 0.6919940345787997
228.63 33.665461896606274 35.78953655863301 1.2973400075717538 -0.1967895958678775 0.2549730940870375 0.6346211702740251 0.7025087518955668
228.73 33.689907414711435 35.86561672976746 1.290394375892495 -0.2021339632383465 0.26548349911059543 0.6232318664659289 0.7072781724519343
228.83 33.70439944717679 35.926383224411644 1.2871145349625792 -0.21159334181269554 0.27077713148435606 0.6231627760678049 0.7025497543157398
228.93 33.71424309353715 35.99734118365671 1.310085427527748 -0.21691045076046978 0.2706106331489878 0.6200191071235354 0.7037727249470015
229.03 33.715982557694126 36.049785192923345 1.336525798797268 -0.20559158400891228 0.24756213327289725 0.6240304512155315 0.7120611537710921
229.13 33.704838309455546 36.108712286289226 1.3416487233338676 -0.21146883139984263 0.23853948426443355 0.629948161820146 0.7081985323429174
229.23 33.703889898496584 36.166389401316415 1.3434130190667264 -0.21880329324169734 0.23691318056477595 0.6342853334786878 0.7026232130203924
229.33 33.69304580984222 36.22061461854401 1.3453498345561963 -0.21582092363895025 0.23148256966142353 0.6400028619997631 0.7001667554909237
229.43 33.68307746285125 36.28521049444105 1.3473939230588792 -0.21597137589819385 0.23576627457201 0.6441511450329244 0.6948668440211038
229.53 33.67196250670668 36.353443902813204 1.3601986299731224 -0.21244149042471977 0.24314238561020507 0.6462975612853116 0.6914114952346113
229.63 33.66394632719458 36.417359172328695 1.3766618851465828 -0.20973610622984962 0.256822206046897 0.6470705532289779 0.6865513960139409
229.73 33.657840284240564 36.47514846540539 1.3887376315552218 -0.2038450245237711 0.2504029246077003 0.6478829487554645 0.6899226522130852
229.83 33.66234090321948 36.53094054656055 1.3922104638827297 -0.20395190109521927 0.25798259214352276 0.6371396113658829 0.6970665103267308
229.93 33.666632585015705 36.58319722786136 1.3940352994983216 -0.21229053493411332 0.26897217434523646 0.6225237454156767 0.7035985251540978
230.03 33.681850195313885 36.634530452523634 1.3767616126729219 -0.21735842001453046 0.2739352372828784 0.6149935499603271 0.7067515380462606
230.13 33.69214706742518 36.693787216999894 1.372816487591901 -0.2130480733421807 0.27361948023300836 0.6141663092455341 0.708902421402214
230.23 33.71699434449809 36.75464544668078 1.3779601802444184 -0.20920882664627727 0.2768243623983208 0.609752918748723 0.7126017943518416
230.33 33.73367739151442 36.807558844739106 1.391613364642733 -0.2116304982194478 0.2883315362348173 0.5998573445999128 0.715715462712243
230.43 33.75216825152177 36.85118785755928 1.4042914679778589 -0.2026885024166743 0.2831059110172996 0.5964061178981038 0.7232345101478937
230.53 33.75606326972574 36.88976784087622 1.4086570152313749 -0.2014685281190907 0.27835352921205914 0.5913062583673052 0.7295797788921896
230.63 33.753858872208895 36.93353315684366 1.3933514027194558 -0.21195646882943214 0.28612042830820744 0.5860707023536373 0.7278260009568223
230.73 33.749761663201504 36.986851577061785 1.3848811930235703 -0.2180485629709453 0.2832633434454218 0.5856902901646975 0.7274500577037706
230.83 33.74312044070538 37.049188563630764 1.3773414285520367 -0.22029432932282525 0.2906677132145013 0.5844771798838755 0.7248235062122715
230.93 33.7374657768168 37.11650981098317 1.3763474216802154 -0.2214382573322134 0.3073831589579581 0.5791209303828987 0.7218723154209095
231.03 33.72834552820731 37.183288730032466 1.3890128473365235 -0.2299839996109177 0.3248107358228161 0.5782459221002565 0.712205728277743
231.13 33.71916239263078 37.23571223287374 1.4176796347418703 -0.2319461178028846 0.32410998831064053 0.585445373531008 0.7059797649540568
231.23 33.7048628959694 37.27306519837842 1.4460374813174337 -0.20698865049084159 0.290188224098597 0.6028705174749538 0.7137882265223797
231.33 33.69519725049912 37.30482732976943 1.4681768843692462 -0.20408122119571467 0.28273230827917484 0.6127485772956078 0.7091914255210677
231.43 33.691729620258805 37.34163028123365 1.4658699662705155 -0.2051063312024066 0.2839764023875198 0.6162844104297223 0.7053242667376616
231.53 33.693736562315436 37.386498016129316 1.4749665911401835 -0.2014831914813528 0.27570202263937793 0.6180807201367345 0.7080742486902768
231.63 33.69829179181153 37.4403088964716 1.4675816842936344 -0.21269500440303601 0.2797667535075149 0.6171354190383003 0.7040136882918396
231.73 33.70167146732638 37.489825495398314 1.4762259129687287 -0.21504939619476648 0.2689490039735965 0.6219934605692228 0.7032384556229839
231.83 33.7158254202908 37.544019066480516 1.4857164780887726 -0.21495977706405836 0.25965577544527857 0.6352016727054612 0.694902876317738
231.93 33.729411104764274 37.59208969679462 1.5087410541886639 -0.2129580576532657 0.25353775967976694 0.6405326569120069 0.6928819419831623
232.03 33.741108679383466 37.6472953387884 1.528236118022177 -0.20518191648307568 0.2493244693397571 0.6473749987366156 0.6903935842311599
232.13 33.74701342430294 37.70084234189101 1.5242163106294488 -0.20899595214868988 0.2490488242123207 0.6497837408396624 0.6870782090012297
232.23 33.75690759131809 37.75130820087792 1.5227522640693616 -0.22384459710605825 0.2608279049684482 0.6438937183624114 0.6835665876779117
232.33 33.76250678067151 37.805689990960325 1.5091648768985926 -0.23668630216285377 0.26766941231613456 0.6355422148697409 0.684411260279427
232.43 33.76352540435816 37.85463902546505 1.510764866639613 -0.23616224797651408 0.2674249103355427 0.6345767039682688 0.6855827570348271
232.53 33.765351977421 37.90986461702334 1.5176183614361036 -0.22855120974087378 0.26446077533897644 0.6376665147254972 0.6864446509595132
232.63 33.76204539763932 37.97098148011158 1.5241820344944184 -0.2248934097487728 0.2649260764208052 0.6369205193565585 0.6881637743345839
232.73 33.75383044299394 38.029848357831575 1.546903323865432 -0.2319793554913529 0.27575721176600665 0.6311780365782159 0.6868462891550938
232.83 33.74836347865328 38.09184186200229 1.5770714287852834 -0.2420438652625679 0.2898702956487652 0.619031087775278 0.6886149078817633
232.93 33.74339136816235 38.141383396980935 1.6171498769259232 -0.2281929242823602 0.26986907802070936 0.6098924624055019 0.7093164698050306
