1731053508.353606462 0.00000 0.00000 0.00000 0.11483 0.07153 -0.00829 0.99077
1731053508.363606691 0.00000 0.00000 0.00000 0.11483 0.07153 -0.00829 0.99077
1731053508.373606443 0.00000 0.00000 0.00000 0.11483 0.07153 -0.00829 0.99077
1731053508.383606434 0.00000 0.00000 0.00000 0.11483 0.07153 -0.00829 0.99077
1731053508.393606424 0.00002 0.00001 -0.00001 0.11484 0.07153 -0.00831 0.99077
1731053508.403606653 0.00018 0.00011 -0.00010 0.11484 0.07150 -0.00846 0.99077
1731053508.413606405 0.00060 0.00037 -0.00034 0.11485 0.07143 -0.00888 0.99077
1731053508.423606396 0.00143 0.00088 -0.00081 0.11486 0.07128 -0.00968 0.99077
1731053508.433606625 0.00279 0.00171 -0.00159 0.11489 0.07105 -0.01100 0.99077
1731053508.443606615 0.00483 0.00295 -0.00273 0.11493 0.07073 -0.01292 0.99077
1731053508.453606606 0.00769 0.00459 -0.00427 0.11500 0.07042 -0.01537 0.99075
1731053508.463606358 0.01155 0.00665 -0.00622 0.11513 0.07026 -0.01821 0.99070
1731053508.473606586 0.01656 0.00912 -0.00858 0.11533 0.07040 -0.02131 0.99060
1731053508.483606577 0.02288 0.01201 -0.01138 0.11562 0.07094 -0.02455 0.99045
1731053508.493606567 0.03057 0.01526 -0.01460 0.11602 0.07200 -0.02781 0.99024
1731053508.503606319 0.03928 0.01868 -0.01817 0.11651 0.07349 -0.03112 0.98998
1731053508.513606548 0.04856 0.02202 -0.02199 0.11706 0.07527 -0.03450 0.98967
1731053508.523606539 0.05796 0.02504 -0.02596 0.11762 0.07724 -0.03800 0.98932
1731053508.533606529 0.06702 0.02747 -0.02998 0.11817 0.07926 -0.04165 0.98895
1731053508.543606281 0.07541 0.02914 -0.03396 0.11869 0.08123 -0.04548 0.98856
1731053508.553606510 0.08324 0.03004 -0.03782 0.11917 0.08312 -0.04948 0.98815
1731053508.563606739 0.09076 0.03023 -0.04149 0.11961 0.08491 -0.05365 0.98773
1731053508.573606491 0.09818 0.02975 -0.04488 0.12002 0.08660 -0.05797 0.98729
1731053508.583606482 0.10576 0.02867 -0.04794 0.12039 0.08818 -0.06243 0.98683
1731053508.593606472 0.11367 0.02706 -0.05061 0.12073 0.08963 -0.06702 0.98636
1731053508.603606701 0.12193 0.02507 -0.05290 0.12105 0.09092 -0.07174 0.98587
1731053508.613606453 0.13050 0.02289 -0.05487 0.12134 0.09203 -0.07657 0.98536
1731053508.623606443 0.13934 0.02069 -0.05657 0.12163 0.09293 -0.08150 0.98485
1731053508.633606434 0.14843 0.01867 -0.05802 0.12191 0.09360 -0.08654 0.98432
1731053508.643606663 0.15770 0.01695 -0.05928 0.12220 0.09400 -0.09169 0.98378
1731053508.653606415 0.16711 0.01546 -0.06033 0.12247 0.09411 -0.09698 0.98323
1731053508.663606405 0.17655 0.01408 -0.06115 0.12273 0.09389 -0.10244 0.98266
1731053508.673606396 0.18597 0.01270 -0.06172 0.12296 0.09332 -0.10813 0.98208
1731053508.683606625 0.19527 0.01119 -0.06203 0.12314 0.09236 -0.11407 0.98148
1731053508.693606615 0.20454 0.00945 -0.06210 0.12325 0.09099 -0.12031 0.98084
1731053508.703606367 0.21451 0.00747 -0.06206 0.12325 0.08919 -0.12681 0.98019
1731053508.713606596 0.22606 0.00525 -0.06212 0.12308 0.08694 -0.13352 0.97952
1731053508.723606586 0.23996 0.00280 -0.06245 0.12268 0.08425 -0.14039 0.97885
1731053508.733606577 0.25579 0.00018 -0.06299 0.12200 0.08122 -0.14736 0.97816
1731053508.743606329 0.27233 -0.00253 -0.06356 0.12102 0.07803 -0.15433 0.97747
1731053508.753606558 0.28836 -0.00526 -0.06398 0.11969 0.07488 -0.16119 0.97677
1731053508.763606548 0.30334 -0.00808 -0.06415 0.11808 0.07191 -0.16786 0.97607
1731053508.773606539 0.31779 -0.01127 -0.06404 0.11636 0.06924 -0.17424 0.97535
1731053508.783606291 0.33232 -0.01516 -0.06367 0.11473 0.06700 -0.18024 0.97461
1731053508.793606520 0.34740 -0.01996 -0.06305 0.11336 0.06528 -0.18581 0.97384
1731053508.803606749 0.36296 -0.02547 -0.06224 0.11225 0.06409 -0.19098 0.97305
1731053508.813606501 0.37879 -0.03140 -0.06131 0.11140 0.06343 -0.19582 0.97222
1731053508.823606491 0.39469 -0.03742 -0.06033 0.11076 0.06328 -0.20042 0.97137
1731053508.833606482 0.41046 -0.04325 -0.05938 0.11031 0.06363 -0.20485 0.97047
1731053508.843606710 0.42592 -0.04865 -0.05850 0.11003 0.06446 -0.20916 0.96953
1731053508.853606462 0.44110 -0.05363 -0.05770 0.10987 0.06564 -0.21341 0.96854
1731053508.863606453 0.45606 -0.05828 -0.05698 0.10975 0.06703 -0.21763 0.96752
1731053508.873606443 0.47083 -0.06271 -0.05633 0.10963 0.06849 -0.22185 0.96647
1731053508.883606672 0.48549 -0.06699 -0.05576 0.10944 0.06987 -0.22613 0.96541
1731053508.893606424 0.50008 -0.07120 -0.05523 0.10913 0.07105 -0.23047 0.96433
1731053508.903606415 0.51469 -0.07541 -0.05466 0.10874 0.07195 -0.23484 0.96325
1731053508.913606405 0.52936 -0.07966 -0.05397 0.10828 0.07252 -0.23920 0.96219
1731053508.923606634 0.54417 -0.08400 -0.05306 0.10780 0.07269 -0.24348 0.96115
1731053508.933606625 0.55919 -0.08848 -0.05184 0.10731 0.07243 -0.24763 0.96017
1731053508.943606377 0.57444 -0.09315 -0.05025 0.10685 0.07168 -0.25162 0.95924
1731053508.953606606 0.58980 -0.09809 -0.04844 0.10641 0.07051 -0.25546 0.95836
1731053508.963606596 0.60510 -0.10336 -0.04658 0.10597 0.06901 -0.25916 0.95752
1731053508.973606586 0.62018 -0.10904 -0.04488 0.10554 0.06727 -0.26277 0.95671
1731053508.983606339 0.63487 -0.11521 -0.04351 0.10508 0.06538 -0.26629 0.95592
1731053508.993606567 0.64906 -0.12190 -0.04259 0.10461 0.06340 -0.26974 0.95513
1731053509.003606558 0.66286 -0.12896 -0.04201 0.10414 0.06140 -0.27312 0.95435
1731053509.013606548 0.67648 -0.13621 -0.04160 0.10369 0.05942 -0.27641 0.95358
1731053509.023606300 0.69007 -0.14348 -0.04116 0.10330 0.05753 -0.27958 0.95281
1731053509.033606529 0.70382 -0.15056 -0.04053 0.10300 0.05575 -0.28261 0.95206
1731053509.043606520 0.71787 -0.15735 -0.03955 0.10280 0.05414 -0.28550 0.95131
1731053509.053606510 0.73216 -0.16395 -0.03818 0.10267 0.05264 -0.28830 0.95056
1731053509.063606262 0.74659 -0.17057 -0.03639 0.10255 0.05123 -0.29104 0.94982
1731053509.073606491 0.76105 -0.17738 -0.03419 0.10240 0.04985 -0.29379 0.94906
1731053509.083606720 0.77544 -0.18457 -0.03154 0.10217 0.04845 -0.29659 0.94829
1731053509.093606472 0.78969 -0.19226 -0.02848 0.10182 0.04698 -0.29949 0.94749
1731053509.103606462 0.80375 -0.20030 -0.02515 0.10140 0.04545 -0.30248 0.94666
1731053509.113606453 0.81761 -0.20848 -0.02176 0.10097 0.04383 -0.30552 0.94580
1731053509.123606682 0.83126 -0.21659 -0.01851 0.10059 0.04214 -0.30861 0.94492
1731053509.133606434 0.84469 -0.22442 -0.01559 0.10034 0.04035 -0.31171 0.94400
1731053509.143606424 0.85788 -0.23181 -0.01315 0.10024 0.03847 -0.31480 0.94307
1731053509.153606415 0.87088 -0.23881 -0.01112 0.10025 0.03656 -0.31785 0.94212
1731053509.163606644 0.88373 -0.24552 -0.00940 0.10028 0.03468 -0.32082 0.94118
1731053509.173606396 0.89648 -0.25204 -0.00786 0.10027 0.03288 -0.32367 0.94027
1731053509.183606386 0.90917 -0.25849 -0.00640 0.10013 0.03122 -0.32638 0.93940
1731053509.193606615 0.92184 -0.26493 -0.00491 0.09981 0.02976 -0.32891 0.93860
1731053509.203606606 0.93448 -0.27138 -0.00338 0.09931 0.02853 -0.33128 0.93786
1731053509.213606596 0.94708 -0.27783 -0.00181 0.09866 0.02754 -0.33353 0.93716
1731053509.223606348 0.95963 -0.28428 -0.00020 0.09788 0.02680 -0.33567 0.93650
1731053509.233606577 0.97212 -0.29071 0.00144 0.09701 0.02635 -0.33774 0.93586
1731053509.243606567 0.98452 -0.29713 0.00311 0.09605 0.02619 -0.33975 0.93523
1731053509.253606558 0.99683 -0.30351 0.00481 0.09505 0.02634 -0.34175 0.93460
1731053509.263606310 1.00903 -0.30986 0.00654 0.09403 0.02682 -0.34374 0.93396
1731053509.273606539 1.02111 -0.31616 0.00829 0.09300 0.02765 -0.34577 0.93329
1731053509.283606529 1.03305 -0.32242 0.01006 0.09200 0.02884 -0.34785 0.93258
1731053509.293606520 1.04484 -0.32863 0.01187 0.09104 0.03040 -0.35000 0.93182
1731053509.303606272 1.05641 -0.33489 0.01372 0.09013 0.03223 -0.35220 0.93102
1731053509.313606501 1.06770 -0.34129 0.01567 0.08926 0.03422 -0.35441 0.93019
1731053509.323606730 1.07866 -0.34794 0.01775 0.08843 0.03626 -0.35660 0.92935
1731053509.333606482 1.08933 -0.35478 0.01996 0.08761 0.03828 -0.35879 0.92851
1731053509.343606472 1.09984 -0.36168 0.02232 0.08675 0.04021 -0.36100 0.92765
1731053509.353606462 1.11030 -0.36848 0.02481 0.08579 0.04202 -0.36328 0.92677
1731053509.363606691 1.12079 -0.37512 0.02746 0.08473 0.04364 -0.36561 0.92587
1731053509.373606443 1.13126 -0.38165 0.03028 0.08368 0.04507 -0.36795 0.92497
1731053509.383606434 1.14168 -0.38811 0.03331 0.08271 0.04625 -0.37024 0.92409
1731053509.393606424 1.15202 -0.39457 0.03657 0.08193 0.04719 -0.37243 0.92323
1731053509.403606653 1.16227 -0.40104 0.04001 0.08132 0.04791 -0.37457 0.92238
1731053509.413606405 1.17241 -0.40755 0.04361 0.08087 0.04844 -0.37670 0.92153
1731053509.423606396 1.18243 -0.41412 0.04732 0.08057 0.04882 -0.37889 0.92063
1731053509.433606625 1.19233 -0.42078 0.05110 0.08041 0.04909 -0.38120 0.91968
1731053509.443606615 1.20207 -0.42755 0.05491 0.08037 0.04928 -0.38366 0.91865
1731053509.453606606 1.21161 -0.43444 0.05870 0.08046 0.04942 -0.38631 0.91752
1731053509.463606358 1.22088 -0.44148 0.06242 0.08067 0.04953 -0.38917 0.91629
1731053509.473606586 1.22981 -0.44867 0.06601 0.08100 0.04963 -0.39225 0.91494
1731053509.483606577 1.23833 -0.45604 0.06943 0.08146 0.04974 -0.39557 0.91346
1731053509.493606567 1.24640 -0.46359 0.07265 0.08204 0.04989 -0.39914 0.91185
1731053509.503606319 1.25411 -0.47128 0.07574 0.08273 0.05010 -0.40287 0.91013
1731053509.513606548 1.26158 -0.47907 0.07879 0.08350 0.05041 -0.40665 0.90836
1731053509.523606539 1.26892 -0.48690 0.08191 0.08433 0.05084 -0.41038 0.90658
1731053509.533606529 1.27625 -0.49474 0.08519 0.08521 0.05142 -0.41396 0.90484
1731053509.543606281 1.28365 -0.50255 0.08870 0.08611 0.05217 -0.41729 0.90318
1731053509.553606510 1.29110 -0.51033 0.09244 0.08697 0.05304 -0.42039 0.90161
1731053509.563606739 1.29856 -0.51810 0.09636 0.08773 0.05396 -0.42326 0.90013
1731053509.573606491 1.30597 -0.52587 0.10045 0.08833 0.05487 -0.42593 0.89876
1731053509.583606482 1.31328 -0.53367 0.10467 0.08871 0.05569 -0.42841 0.89749
1731053509.593606472 1.32046 -0.54149 0.10894 0.08881 0.05638 -0.43072 0.89633
1731053509.603606701 1.32752 -0.54928 0.11303 0.08864 0.05693 -0.43291 0.89526
1731053509.613606453 1.33451 -0.55696 0.11668 0.08820 0.05734 -0.43501 0.89426
1731053509.623606443 1.34144 -0.56446 0.11965 0.08750 0.05763 -0.43705 0.89331
1731053509.633606434 1.34838 -0.57182 0.12223 0.08659 0.05783 -0.43906 0.89240
1731053509.643606663 1.35535 -0.57913 0.12503 0.08552 0.05800 -0.44105 0.89151
1731053509.653606415 1.36242 -0.58649 0.12866 0.08438 0.05819 -0.44303 0.89063
1731053509.663606405 1.36958 -0.59394 0.13336 0.08322 0.05843 -0.44499 0.88975
1731053509.673606396 1.37678 -0.60146 0.13878 0.08211 0.05872 -0.44690 0.88887
1731053509.683606625 1.38398 -0.60901 0.14452 0.08113 0.05906 -0.44873 0.88801
1731053509.693606615 1.39113 -0.61658 0.15022 0.08032 0.05945 -0.45046 0.88719
1731053509.703606367 1.39823 -0.62416 0.15584 0.07967 0.05986 -0.45207 0.88640
1731053509.713606596 1.40528 -0.63177 0.16138 0.07916 0.06028 -0.45356 0.88565
1731053509.723606586 1.41228 -0.63940 0.16683 0.07877 0.06068 -0.45492 0.88496
1731053509.733606577 1.41926 -0.64708 0.17221 0.07846 0.06105 -0.45615 0.88433
1731053509.743606329 1.42621 -0.65481 0.17750 0.07821 0.06135 -0.45725 0.88377
1731053509.753606558 1.43315 -0.66261 0.18273 0.07800 0.06157 -0.45820 0.88328
1731053509.763606548 1.44008 -0.67047 0.18788 0.07779 0.06169 -0.45900 0.88287
1731053509.773606539 1.44700 -0.67841 0.19296 0.07757 0.06168 -0.45965 0.88255
1731053509.783606291 1.45393 -0.68643 0.19798 0.07730 0.06152 -0.46015 0.88233
1731053509.793606520 1.46087 -0.69454 0.20294 0.07697 0.06120 -0.46048 0.88221
1731053509.803606749 1.46783 -0.70267 0.20785 0.07657 0.06075 -0.46066 0.88218
1731053509.813606501 1.47479 -0.71074 0.21272 0.07609 0.06020 -0.46069 0.88224
1731053509.823606491 1.48177 -0.71867 0.21757 0.07554 0.05958 -0.46059 0.88238
1731053509.833606482 1.48875 -0.72638 0.22241 0.07491 0.05894 -0.46036 0.88260
1731053509.843606710 1.49574 -0.73382 0.22724 0.07421 0.05830 -0.46002 0.88288
1731053509.853606462 1.50273 -0.74103 0.23204 0.07348 0.05771 -0.45956 0.88322
1731053509.863606453 1.50974 -0.74807 0.23677 0.07280 0.05722 -0.45898 0.88361
1731053509.873606443 1.51677 -0.75502 0.24139 0.07222 0.05687 -0.45829 0.88404
1731053509.883606672 1.52381 -0.76194 0.24587 0.07179 0.05669 -0.45748 0.88450
1731053509.893606424 1.53088 -0.76888 0.25018 0.07156 0.05673 -0.45655 0.88500
1731053509.903606415 1.53803 -0.77584 0.25432 0.07145 0.05690 -0.45553 0.88552
1731053509.913606405 1.54533 -0.78279 0.25829 0.07134 0.05713 -0.45443 0.88608
1731053509.923606634 1.55284 -0.78972 0.26210 0.07113 0.05733 -0.45328 0.88667
1731053509.933606625 1.56062 -0.79660 0.26576 0.07072 0.05742 -0.45209 0.88731
1731053509.943606377 1.56870 -0.80341 0.26927 0.07003 0.05733 -0.45090 0.88798
1731053509.953606606 1.57699 -0.81017 0.27270 0.06908 0.05714 -0.44971 0.88867
1731053509.963606596 1.58537 -0.81687 0.27610 0.06794 0.05695 -0.44854 0.88936
1731053509.973606586 1.59371 -0.82353 0.27954 0.06667 0.05686 -0.44740 0.89003
1731053509.983606339 1.60189 -0.83015 0.28309 0.06531 0.05697 -0.44632 0.89067
1731053509.993606567 1.60980 -0.83674 0.28678 0.06392 0.05737 -0.44531 0.89125
1731053510.003606558 1.61744 -0.84330 0.29063 0.06254 0.05801 -0.44436 0.89178
1731053510.013606548 1.62483 -0.84986 0.29462 0.06118 0.05886 -0.44349 0.89225
1731053510.023606300 1.63198 -0.85642 0.29872 0.05988 0.05985 -0.44270 0.89267
1731053510.033606529 1.63891 -0.86300 0.30292 0.05865 0.06094 -0.44198 0.89303
1731053510.043606520 1.64563 -0.86961 0.30720 0.05752 0.06208 -0.44134 0.89334
1731053510.053606510 1.65217 -0.87626 0.31156 0.05651 0.06322 -0.44078 0.89360
1731053510.063606262 1.65853 -0.88295 0.31597 0.05565 0.06430 -0.44031 0.89381
1731053510.073606491 1.66474 -0.88972 0.32042 0.05497 0.06527 -0.43993 0.89397
1731053510.083606720 1.67081 -0.89655 0.32488 0.05448 0.06609 -0.43963 0.89408
1731053510.093606472 1.67676 -0.90348 0.32935 0.05421 0.06672 -0.43944 0.89415
1731053510.103606462 1.68260 -0.91050 0.33381 0.05412 0.06719 -0.43934 0.89417
1731053510.113606453 1.68834 -0.91763 0.33824 0.05419 0.06756 -0.43937 0.89412
1731053510.123606682 1.69402 -0.92487 0.34262 0.05437 0.06788 -0.43954 0.89400
1731053510.133606434 1.69963 -0.93224 0.34694 0.05464 0.06821 -0.43985 0.89381
1731053510.143606424 1.70520 -0.93974 0.35118 0.05496 0.06860 -0.44032 0.89353
1731053510.153606415 1.71075 -0.94738 0.35533 0.05529 0.06910 -0.44096 0.89315
1731053510.163606644 1.71628 -0.95517 0.35936 0.05560 0.06977 -0.44179 0.89267
1731053510.173606396 1.72181 -0.96312 0.36327 0.05586 0.07066 -0.44282 0.89207
1731053510.183606386 1.72737 -0.97124 0.36703 0.05603 0.07183 -0.44407 0.89135
1731053510.193606615 1.73295 -0.97953 0.37065 0.05608 0.07330 -0.44552 0.89050
1731053510.203606606 1.73850 -0.98799 0.37419 0.05606 0.07501 -0.44716 0.88954
1731053510.213606596 1.74396 -0.99658 0.37772 0.05600 0.07688 -0.44892 0.88849
1731053510.223606348 1.74927 -1.00530 0.38134 0.05595 0.07881 -0.45078 0.88739
1731053510.233606577 1.75436 -1.01413 0.38512 0.05594 0.08071 -0.45267 0.88625
1731053510.243606567 1.75919 -1.02303 0.38913 0.05601 0.08251 -0.45457 0.88511
1731053510.253606558 1.76379 -1.03197 0.39336 0.05610 0.08415 -0.45645 0.88398
1731053510.263606310 1.76819 -1.04088 0.39777 0.05614 0.08556 -0.45830 0.88289
1731053510.273606539 1.77244 -1.04972 0.40236 0.05606 0.08669 -0.46009 0.88185
1731053510.283606529 1.77658 -1.05843 0.40709 0.05578 0.08749 -0.46183 0.88088
1731053510.293606520 1.78065 -1.06696 0.41194 0.05526 0.08791 -0.46348 0.88000
1731053510.303606272 1.78468 -1.07532 0.41689 0.05451 0.08801 -0.46506 0.87920
1731053510.313606501 1.78866 -1.08353 0.42194 0.05360 0.08785 -0.46658 0.87847
1731053510.323606730 1.79263 -1.09162 0.42706 0.05256 0.08750 -0.46803 0.87780
1731053510.333606482 1.79658 -1.09960 0.43224 0.05146 0.08701 -0.46942 0.87717
1731053510.343606472 1.80054 -1.10750 0.43747 0.05033 0.08644 -0.47076 0.87657
1731053510.353606462 1.80452 -1.11532 0.44274 0.04923 0.08588 -0.47205 0.87600
1731053510.363606691 1.80853 -1.12311 0.44802 0.04820 0.08537 -0.47330 0.87543
1731053510.373606443 1.81258 -1.13087 0.45331 0.04730 0.08498 -0.47452 0.87486
1731053510.383606434 1.81669 -1.13862 0.45860 0.04657 0.08478 -0.47570 0.87427
1731053510.393606424 1.82088 -1.14638 0.46386 0.04606 0.08481 -0.47686 0.87366
1731053510.403606653 1.82515 -1.15418 0.46908 0.04573 0.08505 -0.47798 0.87305
1731053510.413606405 1.82953 -1.16202 0.47427 0.04556 0.08543 -0.47903 0.87244
1731053510.423606396 1.83401 -1.16992 0.47941 0.04551 0.08591 -0.48001 0.87186
1731053510.433606625 1.83862 -1.17789 0.48448 0.04555 0.08644 -0.48089 0.87132
1731053510.443606615 1.84336 -1.18595 0.48948 0.04566 0.08696 -0.48166 0.87084
1731053510.453606606 1.84825 -1.19410 0.49441 0.04578 0.08744 -0.48229 0.87043
1731053510.463606358 1.85331 -1.20237 0.49924 0.04589 0.08781 -0.48277 0.87012
1731053510.473606586 1.85854 -1.21077 0.50397 0.04597 0.08803 -0.48309 0.86992
1731053510.483606577 1.86396 -1.21932 0.50859 0.04596 0.08805 -0.48321 0.86985
1731053510.493606567 1.86957 -1.22801 0.51310 0.04586 0.08784 -0.48314 0.86992
1731053510.503606319 1.87539 -1.23681 0.51752 0.04566 0.08745 -0.48286 0.87012
1731053510.513606548 1.88139 -1.24568 0.52189 0.04536 0.08700 -0.48240 0.87044
1731053510.523606539 1.88758 -1.25456 0.52623 0.04499 0.08655 -0.48176 0.87086
1731053510.533606529 1.89396 -1.26342 0.53058 0.04454 0.08621 -0.48094 0.87136
1731053510.543606281 1.90050 -1.27221 0.53495 0.04402 0.08603 -0.47997 0.87195
1731053510.553606510 1.90719 -1.28088 0.53934 0.04344 0.08598 -0.47886 0.87259
1731053510.563606739 1.91396 -1.28941 0.54372 0.04280 0.08599 -0.47765 0.87328
1731053510.573606491 1.92079 -1.29774 0.54806 0.04209 0.08600 -0.47637 0.87401
1731053510.583606482 1.92763 -1.30584 0.55234 0.04132 0.08594 -0.47505 0.87478
1731053510.593606472 1.93445 -1.31369 0.55653 0.04050 0.08577 -0.47372 0.87555
1731053510.603606701 1.94124 -1.32128 0.56062 0.03966 0.08550 -0.47239 0.87633
1731053510.613606453 1.94800 -1.32865 0.56461 0.03884 0.08520 -0.47109 0.87710
1731053510.623606443 1.95473 -1.33580 0.56847 0.03808 0.08491 -0.46982 0.87784
1731053510.633606434 1.96143 -1.34277 0.57221 0.03742 0.08467 -0.46862 0.87854
1731053510.643606663 1.96812 -1.34958 0.57580 0.03690 0.08453 -0.46749 0.87918
1731053510.653606415 1.97478 -1.35623 0.57924 0.03657 0.08454 -0.46644 0.87974
1731053510.663606405 1.98141 -1.36276 0.58252 0.03645 0.08474 -0.46551 0.88022
1731053510.673606396 1.98803 -1.36919 0.58563 0.03660 0.08519 -0.46470 0.88060
1731053510.683606625 1.99463 -1.37552 0.58856 0.03705 0.08593 -0.46403 0.88086
1731053510.693606615 2.00121 -1.38180 0.59132 0.03781 0.08698 -0.46352 0.88100
1731053510.703606367 2.00776 -1.38806 0.59404 0.03879 0.08827 -0.46313 0.88103
1731053510.713606596 2.01428 -1.39435 0.59688 0.03986 0.08970 -0.46283 0.88099
1731053510.723606586 2.02075 -1.40071 0.59999 0.04089 0.09118 -0.46261 0.88091
1731053510.733606577 2.02718 -1.40719 0.60352 0.04177 0.09260 -0.46242 0.88082
1731053510.743606329 2.03354 -1.41382 0.60759 0.04239 0.09390 -0.46225 0.88075
1731053510.753606558 2.03983 -1.42060 0.61210 0.04279 0.09506 -0.46209 0.88068
1731053510.763606548 2.04606 -1.42750 0.61694 0.04306 0.09610 -0.46198 0.88062
1731053510.773606539 2.05222 -1.43449 0.62197 0.04327 0.09705 -0.46190 0.88054
1731053510.783606291 2.05830 -1.44157 0.62707 0.04349 0.09791 -0.46189 0.88044
1731053510.793606520 2.06431 -1.44869 0.63213 0.04379 0.09871 -0.46194 0.88031
1731053510.803606749 2.07024 -1.45588 0.63711 0.04417 0.09944 -0.46206 0.88015
1731053510.813606501 2.07610 -1.46313 0.64202 0.04462 0.10012 -0.46226 0.87994
1731053510.823606491 2.08189 -1.47044 0.64683 0.04515 0.10073 -0.46254 0.87970
1731053510.833606482 2.08763 -1.47782 0.65154 0.04574 0.10130 -0.46291 0.87941
1731053510.843606710 2.09331 -1.48527 0.65614 0.04640 0.10181 -0.46337 0.87907
1731053510.853606462 2.09893 -1.49280 0.66063 0.04711 0.10228 -0.46392 0.87869
1731053510.863606453 2.10451 -1.50042 0.66498 0.04787 0.10270 -0.46457 0.87826
1731053510.873606443 2.11005 -1.50812 0.66920 0.04867 0.10308 -0.46533 0.87777
1731053510.883606672 2.11555 -1.51591 0.67327 0.04952 0.10343 -0.46619 0.87722
1731053510.893606424 2.12102 -1.52379 0.67719 0.05039 0.10373 -0.46716 0.87662
1731053510.903606415 2.12645 -1.53174 0.68101 0.05124 0.10392 -0.46818 0.87600
1731053510.913606405 2.13185 -1.53974 0.68478 0.05200 0.10393 -0.46921 0.87541
1731053510.923606634 2.13723 -1.54775 0.68856 0.05263 0.10370 -0.47018 0.87487
1731053510.933606625 2.14258 -1.55576 0.69239 0.05306 0.10314 -0.47106 0.87444
1731053510.943606377 2.14791 -1.56374 0.69633 0.05326 0.10223 -0.47179 0.87414
1731053510.953606606 2.15326 -1.57173 0.70036 0.05327 0.10103 -0.47241 0.87395
1731053510.963606596 2.15866 -1.57974 0.70445 0.05313 0.09965 -0.47297 0.87381
1731053510.973606586 2.16415 -1.58782 0.70859 0.05291 0.09819 -0.47350 0.87370
1731053510.983606339 2.16978 -1.59600 0.71276 0.05266 0.09677 -0.47406 0.87357
1731053510.993606567 2.17557 -1.60430 0.71693 0.05244 0.09547 -0.47468 0.87339
1731053511.003606558 2.18149 -1.61275 0.72102 0.05226 0.09433 -0.47537 0.87315
1731053511.013606548 2.18746 -1.62136 0.72498 0.05216 0.09337 -0.47616 0.87283
1731053511.023606300 2.19345 -1.63014 0.72874 0.05215 0.09261 -0.47703 0.87243
1731053511.033606529 2.19939 -1.63911 0.73221 0.05227 0.09208 -0.47801 0.87195
1731053511.043606520 2.20525 -1.64827 0.73536 0.05253 0.09180 -0.47910 0.87137
1731053511.053606510 2.21103 -1.65758 0.73826 0.05292 0.09176 -0.48026 0.87071
1731053511.063606262 2.21678 -1.66699 0.74100 0.05342 0.09196 -0.48146 0.86999
1731053511.073606491 2.22252 -1.67647 0.74368 0.05404 0.09240 -0.48265 0.86924
1731053511.083606720 2.22828 -1.68596 0.74638 0.05476 0.09307 -0.48382 0.86848
1731053511.093606472 2.23409 -1.69541 0.74919 0.05555 0.09396 -0.48492 0.86772
1731053511.103606462 2.23995 -1.70482 0.75211 0.05639 0.09500 -0.48595 0.86698
1731053511.113606453 2.24585 -1.71418 0.75513 0.05723 0.09613 -0.48691 0.86626
1731053511.123606682 2.25180 -1.72349 0.75825 0.05803 0.09729 -0.48780 0.86557
1731053511.133606434 2.25779 -1.73273 0.76145 0.05875 0.09839 -0.48863 0.86493
1731053511.143606424 2.26381 -1.74190 0.76473 0.05934 0.09938 -0.48940 0.86435
1731053511.153606415 2.26987 -1.75100 0.76807 0.05976 0.10018 -0.49010 0.86383
1731053511.163606644 2.27596 -1.76001 0.77147 0.05996 0.10072 -0.49075 0.86338
1731053511.173606396 2.28208 -1.76894 0.77491 0.05992 0.10094 -0.49134 0.86302
1731053511.183606386 2.28822 -1.77778 0.77839 0.05957 0.10076 -0.49187 0.86276
1731053511.193606615 2.29438 -1.78653 0.78190 0.05892 0.10017 -0.49234 0.86261
1731053511.203606606 2.30048 -1.79522 0.78539 0.05806 0.09934 -0.49271 0.86255
1731053511.213606596 2.30646 -1.80392 0.78884 0.05713 0.09850 -0.49290 0.86260
1731053511.223606348 2.31227 -1.81266 0.79221 0.05626 0.09786 -0.49287 0.86275
1731053511.233606577 2.31796 -1.82141 0.79545 0.05549 0.09748 -0.49258 0.86301
1731053511.243606567 2.32372 -1.83010 0.79853 0.05479 0.09731 -0.49200 0.86340
1731053511.253606558 2.32969 -1.83863 0.80141 0.05417 0.09731 -0.49112 0.86394
1731053511.263606310 2.33595 -1.84699 0.80406 0.05359 0.09741 -0.48998 0.86461
1731053511.273606539 2.34240 -1.85522 0.80650 0.05305 0.09753 -0.48874 0.86534
1731053511.283606529 2.34894 -1.86339 0.80873 0.05252 0.09759 -0.48755 0.86603
1731053511.293606520 2.35549 -1.87156 0.81076 0.05200 0.09754 -0.48654 0.86664
1731053511.303606272 2.36213 -1.87980 0.81253 0.05146 0.09745 -0.48568 0.86716
1731053511.313606501 2.36900 -1.88817 0.81400 0.05087 0.09742 -0.48489 0.86764
1731053511.323606730 2.37618 -1.89674 0.81511 0.05023 0.09756 -0.48410 0.86810
1731053511.333606482 2.38360 -1.90542 0.81591 0.04957 0.09795 -0.48328 0.86856
1731053511.343606472 2.39104 -1.91406 0.81646 0.04900 0.09863 -0.48239 0.86901
1731053511.353606462 2.39831 -1.92251 0.81685 0.04861 0.09966 -0.48142 0.86945
1731053511.363606691 2.40530 -1.93068 0.81713 0.04847 0.10107 -0.48037 0.86987
1731053511.373606443 2.41209 -1.93857 0.81730 0.04858 0.10287 -0.47928 0.87026
1731053511.383606434 2.41874 -1.94617 0.81735 0.04893 0.10508 -0.47817 0.87058
1731053511.393606424 2.42535 -1.95353 0.81727 0.04952 0.10767 -0.47709 0.87083
1731053511.403606653 2.43197 -1.96074 0.81703 0.05036 0.11056 -0.47605 0.87099
1731053511.413606405 2.43865 -1.96795 0.81661 0.05144 0.11367 -0.47504 0.87107
1731053511.423606396 2.44544 -1.97529 0.81598 0.05278 0.11689 -0.47408 0.87109
1731053511.433606625 2.45239 -1.98289 0.81512 0.05437 0.12013 -0.47318 0.87104
1731053511.443606615 2.45953 -1.99085 0.81401 0.05621 0.12329 -0.47234 0.87094
1731053511.453606606 2.46686 -1.99913 0.81271 0.05817 0.12633 -0.47156 0.87080
1731053511.463606358 2.47433 -2.00765 0.81128 0.06015 0.12923 -0.47084 0.87063
1731053511.473606586 2.48191 -2.01633 0.80980 0.06201 0.13194 -0.47020 0.87044
1731053511.483606577 2.48958 -2.02508 0.80833 0.06364 0.13443 -0.46963 0.87025
1731053511.493606567 2.49730 -2.03386 0.80692 0.06493 0.13667 -0.46914 0.87007
1731053511.503606319 2.50507 -2.04264 0.80558 0.06589 0.13866 -0.46872 0.86990
1731053511.513606548 2.51289 -2.05145 0.80428 0.06656 0.14042 -0.46836 0.86976
1731053511.523606539 2.52074 -2.06031 0.80300 0.06698 0.14195 -0.46805 0.86965
1731053511.533606529 2.52863 -2.06921 0.80174 0.06719 0.14326 -0.46779 0.86956
1731053511.543606281 2.53656 -2.07819 0.80046 0.06722 0.14435 -0.46756 0.86950
1731053511.553606510 2.54452 -2.08724 0.79916 0.06711 0.14524 -0.46735 0.86947
1731053511.563606739 2.55250 -2.09640 0.79782 0.06690 0.14592 -0.46716 0.86948
1731053511.573606491 2.56051 -2.10566 0.79642 0.06662 0.14642 -0.46697 0.86952
1731053511.583606482 2.56854 -2.11504 0.79494 0.06631 0.14673 -0.46677 0.86960
1731053511.593606472 2.57658 -2.12456 0.79336 0.06601 0.14687 -0.46656 0.86971
1731053511.603606701 2.58464 -2.13420 0.79171 0.06572 0.14688 -0.46636 0.86984
1731053511.613606453 2.59268 -2.14395 0.79000 0.06546 0.14678 -0.46618 0.86997
1731053511.623606443 2.60072 -2.15380 0.78824 0.06524 0.14663 -0.46606 0.87008
1731053511.633606434 2.60873 -2.16374 0.78646 0.06506 0.14645 -0.46602 0.87014
1731053511.643606663 2.61670 -2.17376 0.78466 0.06494 0.14629 -0.46607 0.87015
1731053511.653606415 2.62462 -2.18384 0.78287 0.06487 0.14618 -0.46625 0.87008
1731053511.663606405 2.63249 -2.19397 0.78110 0.06489 0.14617 -0.46657 0.86991
1731053511.673606396 2.64029 -2.20414 0.77938 0.06498 0.14629 -0.46706 0.86961
1731053511.683606625 2.64801 -2.21435 0.77771 0.06516 0.14658 -0.46775 0.86918
1731053511.693606615 2.65564 -2.22460 0.77612 0.06543 0.14705 -0.46865 0.86860
1731053511.703606367 2.66319 -2.23505 0.77460 0.06569 0.14762 -0.46979 0.86787
1731053511.713606596 2.67066 -2.24588 0.77317 0.06586 0.14815 -0.47119 0.86701
1731053511.723606586 2.67805 -2.25725 0.77182 0.06584 0.14854 -0.47285 0.86603
1731053511.733606577 2.68539 -2.26904 0.77057 0.06565 0.14874 -0.47469 0.86501
1731053511.743606329 2.69272 -2.28095 0.76945 0.06538 0.14875 -0.47654 0.86401
1731053511.753606558 2.70008 -2.29270 0.76849 0.06510 0.14859 -0.47822 0.86313
1731053511.763606548 2.70748 -2.30413 0.76770 0.06487 0.14826 -0.47966 0.86240
1731053511.773606539 2.71491 -2.31534 0.76705 0.06470 0.14782 -0.48090 0.86180
1731053511.783606291 2.72235 -2.32644 0.76653 0.06456 0.14730 -0.48199 0.86129
1731053511.793606520 2.72978 -2.33754 0.76612 0.06445 0.14676 -0.48298 0.86084
1731053511.803606749 2.73720 -2.34864 0.76579 0.06440 0.14623 -0.48389 0.86042
1731053511.813606501 2.74461 -2.35977 0.76550 0.06441 0.14574 -0.48473 0.86003
1731053511.823606491 2.75201 -2.37091 0.76522 0.06452 0.14534 -0.48551 0.85965
1731053511.833606482 2.75941 -2.38207 0.76491 0.06473 0.14506 -0.48624 0.85926
1731053511.843606710 2.76682 -2.39326 0.76453 0.06507 0.14494 -0.48694 0.85886
1731053511.853606462 2.77422 -2.40448 0.76406 0.06555 0.14501 -0.48762 0.85843
1731053511.863606453 2.78163 -2.41572 0.76345 0.06621 0.14532 -0.48828 0.85795
1731053511.873606443 2.78904 -2.42700 0.76266 0.06705 0.14589 -0.48893 0.85742
1731053511.883606672 2.79647 -2.43831 0.76167 0.06810 0.14677 -0.48960 0.85681
1731053511.893606424 2.80390 -2.44966 0.76045 0.06935 0.14797 -0.49028 0.85611
1731053511.903606415 2.81136 -2.46106 0.75906 0.07070 0.14945 -0.49098 0.85534
1731053511.913606405 2.81883 -2.47251 0.75755 0.07205 0.15113 -0.49169 0.85452
1731053511.923606634 2.82633 -2.48404 0.75598 0.07326 0.15294 -0.49242 0.85368
1731053511.933606625 2.83386 -2.49564 0.75442 0.07422 0.15481 -0.49317 0.85282
1731053511.943606377 2.84141 -2.50733 0.75293 0.07484 0.15668 -0.49393 0.85199
1731053511.953606606 2.84897 -2.51912 0.75150 0.07511 0.15844 -0.49470 0.85119
1731053511.963606596 2.85650 -2.53102 0.75013 0.07505 0.16002 -0.49549 0.85044
1731053511.973606586 2.86396 -2.54305 0.74880 0.07466 0.16133 -0.49629 0.84977
1731053511.983606339 2.87134 -2.55523 0.74752 0.07397 0.16226 -0.49709 0.84918
1731053511.993606567 2.87862 -2.56756 0.74627 0.07300 0.16275 -0.49790 0.84869
1731053512.003606558 2.88585 -2.58003 0.74500 0.07179 0.16281 -0.49872 0.84830
1731053512.013606548 2.89311 -2.59266 0.74368 0.07039 0.16247 -0.49955 0.84800
1731053512.023606300 2.90048 -2.60542 0.74226 0.06884 0.16177 -0.50039 0.84777
1731053512.033606529 2.90802 -2.61833 0.74069 0.06718 0.16072 -0.50124 0.84760
1731053512.043606520 2.91580 -2.63136 0.73894 0.06548 0.15938 -0.50209 0.84747
1731053512.053606510 2.92378 -2.64448 0.73705 0.06381 0.15784 -0.50294 0.84739
1731053512.063606262 2.93191 -2.65764 0.73505 0.06226 0.15623 -0.50373 0.84733
1731053512.073606491 2.94015 -2.67081 0.73298 0.06091 0.15466 -0.50444 0.84729
1731053512.083606720 2.94843 -2.68394 0.73090 0.05986 0.15326 -0.50506 0.84726
1731053512.093606472 2.95674 -2.69701 0.72885 0.05918 0.15210 -0.50554 0.84723
1731053512.103606462 2.96517 -2.71004 0.72683 0.05886 0.15119 -0.50588 0.84721
1731053512.113606453 2.97383 -2.72311 0.72487 0.05888 0.15049 -0.50607 0.84722
1731053512.123606682 2.98283 -2.73626 0.72298 0.05923 0.14996 -0.50611 0.84726
1731053512.133606434 2.99208 -2.74947 0.72117 0.05983 0.14953 -0.50602 0.84735
1731053512.143606424 3.00135 -2.76266 0.71943 0.06058 0.14907 -0.50584 0.84749
1731053512.153606415 3.01044 -2.77577 0.71775 0.06138 0.14847 -0.50561 0.84767
1731053512.163606644 3.01925 -2.78874 0.71614 0.06214 0.14775 -0.50536 0.84789
1731053512.173606396 3.02785 -2.80154 0.71463 0.06281 0.14713 -0.50508 0.84811
1731053512.183606386 3.03636 -2.81413 0.71325 0.06333 0.14686 -0.50476 0.84831
1731053512.193606615 3.04484 -2.82651 0.71202 0.06366 0.14713 -0.50440 0.84846
1731053512.203606606 3.05333 -2.83867 0.71092 0.06386 0.14793 -0.50399 0.84855
1731053512.213606596 3.06183 -2.85064 0.70994 0.06398 0.14919 -0.50355 0.84858
1731053512.223606348 3.07035 -2.86245 0.70907 0.06408 0.15085 -0.50306 0.84856
1731053512.233606577 3.07890 -2.87411 0.70828 0.06422 0.15285 -0.50255 0.84850
1731053512.243606567 3.08748 -2.88564 0.70756 0.06447 0.15512 -0.50202 0.84839
1731053512.253606558 3.09611 -2.89707 0.70689 0.06488 0.15759 -0.50146 0.84823
1731053512.263606310 3.10478 -2.90841 0.70625 0.06551 0.16020 -0.50088 0.84803
1731053512.273606539 3.11351 -2.91968 0.70563 0.06643 0.16290 -0.50030 0.84779
1731053512.283606529 3.12230 -2.93092 0.70501 0.06770 0.16561 -0.49971 0.84751
1731053512.293606520 3.13116 -2.94212 0.70438 0.06934 0.16827 -0.49912 0.84720
1731053512.303606272 3.14009 -2.95333 0.70372 0.07129 0.17085 -0.49855 0.84686
1731053512.313606501 3.14907 -2.96456 0.70303 0.07345 0.17330 -0.49801 0.84650
1731053512.323606730 3.15811 -2.97583 0.70230 0.07571 0.17557 -0.49752 0.84612
1731053512.333606482 3.16720 -2.98718 0.70152 0.07797 0.17764 -0.49709 0.84573
1731053512.343606472 3.17633 -2.99861 0.70070 0.08013 0.17947 -0.49674 0.84535
1731053512.353606462 3.18549 -3.01015 0.69982 0.08210 0.18101 -0.49649 0.84498
1731053512.363606691 3.19468 -3.02183 0.69888 0.08377 0.18222 -0.49636 0.84463
1731053512.373606443 3.20390 -3.03367 0.69787 0.08503 0.18307 -0.49636 0.84432
1731053512.383606434 3.21313 -3.04569 0.69678 0.08580 0.18352 -0.49653 0.84405
1731053512.393606424 3.22238 -3.05791 0.69562 0.08599 0.18355 -0.49685 0.84383
1731053512.403606653 3.23162 -3.07031 0.69438 0.08568 0.18319 -0.49734 0.84366
1731053512.413606405 3.24087 -3.08286 0.69309 0.08493 0.18249 -0.49796 0.84351
1731053512.423606396 3.25010 -3.09555 0.69175 0.08385 0.18152 -0.49870 0.84340
1731053512.433606625 3.25931 -3.10835 0.69039 0.08251 0.18032 -0.49953 0.84329
1731053512.443606615 3.26849 -3.12123 0.68901 0.08101 0.17894 -0.50044 0.84319
1731053512.453606606 3.27763 -3.13417 0.68762 0.07944 0.17745 -0.50141 0.84309
1731053512.463606358 3.28672 -3.14714 0.68624 0.07788 0.17588 -0.50241 0.84296
1731053512.473606586 3.29576 -3.16014 0.68488 0.07642 0.17429 -0.50343 0.84282
1731053512.483606577 3.30474 -3.17311 0.68356 0.07515 0.17275 -0.50444 0.84264
1731053512.493606567 3.31364 -3.18606 0.68229 0.07413 0.17129 -0.50546 0.84242
1731053512.503606319 3.32245 -3.19897 0.68108 0.07336 0.16991 -0.50650 0.84214
1731053512.513606548 3.33116 -3.21183 0.67995 0.07280 0.16859 -0.50764 0.84177
1731053512.523606539 3.33975 -3.22465 0.67892 0.07243 0.16734 -0.50892 0.84128
1731053512.533606529 3.34820 -3.23740 0.67800 0.07222 0.16614 -0.51040 0.84064
1731053512.543606281 3.35650 -3.25009 0.67720 0.07215 0.16498 -0.51210 0.83984
1731053512.553606510 3.36466 -3.26268 0.67650 0.07227 0.16393 -0.51391 0.83893
1731053512.563606739 3.37270 -3.27511 0.67584 0.07268 0.16307 -0.51568 0.83797
1731053512.573606491 3.38064 -3.28734 0.67520 0.07342 0.16247 -0.51728 0.83704
1731053512.583606482 3.38849 -3.29932 0.67453 0.07459 0.16221 -0.51856 0.83619
1731053512.593606472 3.39627 -3.31104 0.67381 0.07621 0.16232 -0.51943 0.83548
1731053512.603606701 3.40402 -3.32258 0.67306 0.07816 0.16276 -0.51998 0.83488
1731053512.613606453 3.41176 -3.33405 0.67236 0.08025 0.16344 -0.52035 0.83432
1731053512.623606443 3.41953 -3.34559 0.67174 0.08233 0.16427 -0.52067 0.83375
1731053512.633606434 3.42736 -3.35729 0.67126 0.08421 0.16516 -0.52109 0.83312
1731053512.643606663 3.43528 -3.36926 0.67096 0.08578 0.16604 -0.52171 0.83240
1731053512.653606415 3.44329 -3.38146 0.67082 0.08710 0.16684 -0.52251 0.83160
1731053512.663606405 3.45137 -3.39384 0.67081 0.08828 0.16754 -0.52344 0.83075
1731053512.673606396 3.45952 -3.40634 0.67089 0.08944 0.16808 -0.52445 0.82988
1731053512.683606625 3.46772 -3.41890 0.67104 0.09067 0.16842 -0.52550 0.82902
1731053512.693606615 3.47598 -3.43150 0.67122 0.09208 0.16852 -0.52653 0.82818
1731053512.703606367 3.48427 -3.44410 0.67143 0.09362 0.16838 -0.52755 0.82739
1731053512.713606596 3.49260 -3.45673 0.67165 0.09525 0.16802 -0.52855 0.82664
1731053512.723606586 3.50097 -3.46937 0.67189 0.09691 0.16743 -0.52955 0.82593
1731053512.733606577 3.50937 -3.48204 0.67212 0.09854 0.16664 -0.53053 0.82527
1731053512.743606329 3.51780 -3.49474 0.67234 0.10010 0.16564 -0.53150 0.82465
1731053512.753606558 3.52626 -3.50746 0.67254 0.10152 0.16445 -0.53247 0.82409
1731053512.763606548 3.53473 -3.52021 0.67271 0.10274 0.16308 -0.53343 0.82359
1731053512.773606539 3.54322 -3.53299 0.67285 0.10373 0.16154 -0.53440 0.82314
1731053512.783606291 3.55172 -3.54580 0.67295 0.10441 0.15982 -0.53537 0.82276
1731053512.793606520 3.56023 -3.55866 0.67300 0.10475 0.15796 -0.53634 0.82245
1731053512.803606749 3.56876 -3.57157 0.67300 0.10472 0.15595 -0.53729 0.82221
1731053512.813606501 3.57733 -3.58455 0.67298 0.10433 0.15380 -0.53822 0.82206
1731053512.823606491 3.58595 -3.59761 0.67294 0.10357 0.15154 -0.53909 0.82200
1731053512.833606482 3.59463 -3.61078 0.67288 0.10243 0.14918 -0.53990 0.82205
1731053512.843606710 3.60338 -3.62407 0.67284 0.10093 0.14672 -0.54062 0.82220
1731053512.853606462 3.61219 -3.63749 0.67280 0.09911 0.14417 -0.54123 0.82247
1731053512.863606453 3.62105 -3.65103 0.67278 0.09707 0.14153 -0.54170 0.82287
1731053512.873606443 3.62994 -3.66470 0.67279 0.09486 0.13880 -0.54201 0.82339
1731053512.883606672 3.63885 -3.67850 0.67283 0.09256 0.13598 -0.54213 0.82404
1731053512.893606424 3.64776 -3.69243 0.67291 0.09024 0.13309 -0.54204 0.82483
1731053512.903606415 3.65671 -3.70641 0.67303 0.08795 0.13020 -0.54172 0.82574
1731053512.913606405 3.66569 -3.72037 0.67321 0.08571 0.12740 -0.54118 0.82677
1731053512.923606634 3.67474 -3.73423 0.67344 0.08358 0.12475 -0.54039 0.82791
1731053512.933606625 3.68388 -3.74791 0.67373 0.08158 0.12236 -0.53935 0.82914
1731053512.943606377 3.69311 -3.76135 0.67409 0.07976 0.12028 -0.53806 0.83046
1731053512.953606606 3.70247 -3.77461 0.67450 0.07812 0.11847 -0.53658 0.83183
1731053512.963606596 3.71198 -3.78776 0.67496 0.07668 0.11687 -0.53499 0.83322
1731053512.973606586 3.72165 -3.80088 0.67547 0.07547 0.11540 -0.53334 0.83459
1731053512.983606339 3.73152 -3.81403 0.67602 0.07449 0.11401 -0.53171 0.83590
1731053512.993606567 3.74159 -3.82726 0.67661 0.07375 0.11264 -0.53015 0.83715
1731053513.003606558 3.75181 -3.84054 0.67724 0.07320 0.11130 -0.52862 0.83834
1731053513.013606548 3.76213 -3.85380 0.67793 0.07279 0.10999 -0.52706 0.83953
1731053513.023606300 3.77250 -3.86696 0.67871 0.07245 0.10874 -0.52542 0.84075
1731053513.033606529 3.78285 -3.87996 0.67958 0.07213 0.10757 -0.52363 0.84205
1731053513.043606520 3.79314 -3.89274 0.68054 0.07179 0.10648 -0.52165 0.84344
1731053513.053606510 3.80339 -3.90531 0.68157 0.07147 0.10552 -0.51951 0.84491
1731053513.063606262 3.81362 -3.91767 0.68262 0.07124 0.10473 -0.51725 0.84641
1731053513.073606491 3.82384 -3.92985 0.68365 0.07116 0.10417 -0.51491 0.84791
1731053513.083606720 3.83410 -3.94185 0.68462 0.07131 0.10388 -0.51254 0.84937
1731053513.093606472 3.84440 -3.95370 0.68550 0.07171 0.10389 -0.51018 0.85076
1731053513.103606462 3.85476 -3.96542 0.68629 0.07230 0.10416 -0.50780 0.85209
1731053513.113606453 3.86519 -3.97706 0.68700 0.07297 0.10466 -0.50541 0.85339
1731053513.123606682 3.87569 -3.98867 0.68765 0.07361 0.10533 -0.50298 0.85469
1731053513.133606434 3.88627 -4.00028 0.68826 0.07412 0.10614 -0.50048 0.85601
1731053513.143606424 3.89695 -4.01192 0.68883 0.07442 0.10702 -0.49792 0.85737
1731053513.153606415 3.90773 -4.02363 0.68932 0.07448 0.10791 -0.49531 0.85877
1731053513.163606644 3.91866 -4.03543 0.68965 0.07431 0.10873 -0.49268 0.86019
1731053513.173606396 3.92976 -4.04735 0.68978 0.07391 0.10940 -0.49007 0.86162
1731053513.183606386 3.94106 -4.05941 0.68964 0.07327 0.10986 -0.48751 0.86307
1731053513.193606615 3.95256 -4.07162 0.68919 0.07241 0.11002 -0.48503 0.86452
1731053513.203606606 3.96421 -4.08396 0.68850 0.07133 0.10987 -0.48262 0.86598
1731053513.213606596 3.97592 -4.09641 0.68765 0.07005 0.10940 -0.48029 0.86744
1731053513.223606348 3.98762 -4.10894 0.68672 0.06858 0.10859 -0.47804 0.86890
1731053513.233606577 3.99923 -4.12152 0.68580 0.06695 0.10744 -0.47585 0.87037
1731053513.243606567 4.01069 -4.13412 0.68495 0.06517 0.10594 -0.47373 0.87184
1731053513.253606558 4.02202 -4.14671 0.68423 0.06326 0.10411 -0.47164 0.87333
1731053513.263606310 4.03329 -4.15926 0.68367 0.06124 0.10200 -0.46954 0.87486
1731053513.273606539 4.04453 -4.17174 0.68329 0.05913 0.09963 -0.46738 0.87643
1731053513.283606529 4.05581 -4.18414 0.68314 0.05695 0.09704 -0.46513 0.87806
1731053513.293606520 4.06714 -4.19642 0.68323 0.05474 0.09427 -0.46276 0.87975
1731053513.303606272 4.07850 -4.20861 0.68353 0.05254 0.09141 -0.46036 0.88145
1731053513.313606501 4.08981 -4.22075 0.68398 0.05042 0.08853 -0.45803 0.88308
1731053513.323606730 4.10101 -4.23288 0.68453 0.04844 0.08574 -0.45587 0.88458
1731053513.333606482 4.11205 -4.24503 0.68513 0.04666 0.08311 -0.45398 0.88590
1731053513.343606472 4.12288 -4.25723 0.68574 0.04513 0.08072 -0.45246 0.88698
1731053513.353606462 4.13347 -4.26951 0.68636 0.04382 0.07852 -0.45131 0.88783
1731053513.363606691 4.14384 -4.28187 0.68702 0.04267 0.07648 -0.45053 0.88846
1731053513.373606443 4.15397 -4.29434 0.68773 0.04164 0.07451 -0.45011 0.88888
1731053513.383606434 4.16387 -4.30693 0.68852 0.04068 0.07258 -0.45006 0.88912
1731053513.393606424 4.17353 -4.31966 0.68938 0.03976 0.07064 -0.45034 0.88917
1731053513.403606653 4.18298 -4.33250 0.69031 0.03889 0.06869 -0.45089 0.88908
1731053513.413606405 4.19225 -4.34546 0.69127 0.03811 0.06675 -0.45166 0.88887
1731053513.423606396 4.20135 -4.35851 0.69225 0.03745 0.06486 -0.45255 0.88859
1731053513.433606625 4.21031 -4.37164 0.69321 0.03693 0.06302 -0.45351 0.88825
1731053513.443606615 4.21916 -4.38484 0.69413 0.03660 0.06126 -0.45446 0.88790
1731053513.453606606 4.22793 -4.39809 0.69499 0.03648 0.05960 -0.45533 0.88758
1731053513.463606358 4.23663 -4.41138 0.69575 0.03660 0.05807 -0.45605 0.88731
1731053513.473606586 4.24529 -4.42470 0.69640 0.03699 0.05669 -0.45654 0.88712
1731053513.483606577 4.25393 -4.43803 0.69690 0.03768 0.05547 -0.45674 0.88707
1731053513.493606567 4.26259 -4.45137 0.69718 0.03870 0.05446 -0.45662 0.88715
1731053513.503606319 4.27132 -4.46480 0.69693 0.03995 0.05379 -0.45632 0.88729
1731053513.513606548 4.28017 -4.47842 0.69580 0.04134 0.05363 -0.45603 0.88739
1731053513.523606539 4.28917 -4.49229 0.69347 0.04278 0.05411 -0.45590 0.88735
1731053513.533606529 4.29827 -4.50633 0.69024 0.04428 0.05521 -0.45596 0.88718
1731053513.543606281 4.30731 -4.52034 0.68679 0.04591 0.05681 -0.45613 0.88691
1731053513.553606510 4.31615 -4.53412 0.68381 0.04773 0.05878 -0.45633 0.88659
1731053513.563606739 4.32468 -4.54758 0.68162 0.04976 0.06100 -0.45651 0.88623
1731053513.573606491 4.33286 -4.56074 0.67995 0.05194 0.06335 -0.45672 0.88583
1731053513.583606482 4.34064 -4.57367 0.67853 0.05418 0.06571 -0.45699 0.88539
1731053513.593606472 4.34804 -4.58643 0.67709 0.05642 0.06797 -0.45735 0.88489
1731053513.603606701 4.35518 -4.59908 0.67557 0.05860 0.07007 -0.45778 0.88436
1731053513.613606453 4.36222 -4.61174 0.67395 0.06067 0.07196 -0.45827 0.88382
1731053513.623606443 4.36933 -4.62448 0.67222 0.06261 0.07359 -0.45878 0.88328
1731053513.633606434 4.37666 -4.63739 0.67035 0.06436 0.07491 -0.45929 0.88278
1731053513.643606663 4.38435 -4.65054 0.66833 0.06588 0.07588 -0.45977 0.88233
1731053513.653606415 4.39235 -4.66392 0.66621 0.06714 0.07653 -0.46020 0.88196
1731053513.663606405 4.40061 -4.67752 0.66404 0.06813 0.07688 -0.46053 0.88168
1731053513.673606396 4.40903 -4.69130 0.66185 0.06882 0.07697 -0.46075 0.88151
1731053513.683606625 4.41756 -4.70524 0.65971 0.06920 0.07682 -0.46081 0.88146
1731053513.693606615 4.42613 -4.71931 0.65765 0.06924 0.07647 -0.46070 0.88154
1731053513.703606367 4.43472 -4.73346 0.65566 0.06901 0.07596 -0.46040 0.88176
1731053513.713606596 4.44332 -4.74762 0.65372 0.06856 0.07533 -0.45992 0.88210
1731053513.723606586 4.45194 -4.76173 0.65181 0.06797 0.07461 -0.45927 0.88255
1731053513.733606577 4.46057 -4.77574 0.64990 0.06729 0.07385 -0.45844 0.88309
1731053513.743606329 4.46920 -4.78959 0.64799 0.06659 0.07309 -0.45744 0.88373
1731053513.753606558 4.47783 -4.80329 0.64611 0.06590 0.07238 -0.45628 0.88444
1731053513.763606548 4.48647 -4.81684 0.64428 0.06527 0.07176 -0.45497 0.88521
1731053513.773606539 4.49511 -4.83025 0.64254 0.06473 0.07131 -0.45353 0.88602
1731053513.783606291 4.50377 -4.84355 0.64093 0.06432 0.07107 -0.45197 0.88687
1731053513.793606520 4.51243 -4.85670 0.63951 0.06405 0.07106 -0.45030 0.88774
1731053513.803606749 4.52110 -4.86956 0.63842 0.06390 0.07123 -0.44853 0.88863
1731053513.813606501 4.52978 -4.88194 0.63784 0.06382 0.07147 -0.44667 0.88955
1731053513.823606491 4.53846 -4.89369 0.63791 0.06377 0.07170 -0.44474 0.89051
1731053513.833606482 4.54718 -4.90499 0.63850 0.06366 0.07185 -0.44272 0.89151
1731053513.843606710 4.55600 -4.91623 0.63933 0.06336 0.07184 -0.44062 0.89257
1731053513.853606462 4.56497 -4.92781 0.64007 0.06276 0.07162 -0.43842 0.89371
1731053513.863606453 4.57417 -4.93993 0.64057 0.06186 0.07118 -0.43612 0.89493
1731053513.873606443 4.58369 -4.95251 0.64085 0.06082 0.07062 -0.43369 0.89623
1731053513.883606672 4.59362 -4.96542 0.64096 0.05982 0.07002 -0.43113 0.89758
1731053513.893606424 4.60404 -4.97856 0.64097 0.05903 0.06948 -0.42843 0.89896
1731053513.903606415 4.61479 -4.99180 0.64090 0.05848 0.06902 -0.42562 0.90037
1731053513.913606405 4.62569 -5.00503 0.64079 0.05818 0.06868 -0.42275 0.90176
1731053513.923606634 4.63657 -5.01814 0.64069 0.05815 0.06850 -0.41987 0.90313
1731053513.933606625 4.64724 -5.03100 0.64063 0.05840 0.06849 -0.41700 0.90444
1731053513.943606377 4.65755 -5.04353 0.64064 0.05893 0.06869 -0.41420 0.90568
1731053513.953606606 4.66755 -5.05576 0.64070 0.05972 0.06915 -0.41148 0.90683
1731053513.963606596 4.67729 -5.06774 0.64076 0.06077 0.06995 -0.40888 0.90787
1731053513.973606586 4.68685 -5.07952 0.64080 0.06203 0.07113 -0.40641 0.90880
1731053513.983606339 4.69630 -5.09115 0.64077 0.06349 0.07277 -0.40410 0.90960
1731053513.993606567 4.70572 -5.10269 0.64065 0.06510 0.07487 -0.40196 0.91027
1731053514.003606558 4.71514 -5.11410 0.64039 0.06679 0.07728 -0.39996 0.91082
1731053514.013606548 4.72462 -5.12534 0.63996 0.06843 0.07977 -0.39807 0.91132
1731053514.023606300 4.73421 -5.13639 0.63931 0.06992 0.08215 -0.39625 0.91178
1731053514.033606529 4.74387 -5.14735 0.63847 0.07120 0.08430 -0.39452 0.91224
1731053514.043606520 4.75352 -5.15840 0.63749 0.07220 0.08616 -0.39293 0.91267
1731053514.053606510 4.76309 -5.16972 0.63642 0.07289 0.08768 -0.39153 0.91307
1731053514.063606262 4.77253 -5.18141 0.63531 0.07326 0.08880 -0.39035 0.91344
1731053514.073606491 4.78186 -5.19342 0.63424 0.07335 0.08951 -0.38939 0.91378
1731053514.083606720 4.79110 -5.20571 0.63328 0.07322 0.08978 -0.38864 0.91408
1731053514.093606472 4.80029 -5.21824 0.63246 0.07293 0.08961 -0.38812 0.91434
1731053514.103606462 4.80941 -5.23099 0.63170 0.07253 0.08905 -0.38783 0.91455
1731053514.113606453 4.81847 -5.24396 0.63090 0.07204 0.08814 -0.38778 0.91470
1731053514.123606682 4.82746 -5.25712 0.62994 0.07151 0.08697 -0.38798 0.91477
1731053514.133606434 4.83637 -5.27048 0.62872 0.07098 0.08558 -0.38843 0.91474
1731053514.143606424 4.84519 -5.28402 0.62715 0.07049 0.08404 -0.38915 0.91462
1731053514.153606415 4.85392 -5.29773 0.62527 0.07007 0.08244 -0.39013 0.91438
1731053514.163606644 4.86255 -5.31159 0.62314 0.06979 0.08084 -0.39134 0.91403
1731053514.173606396 4.87106 -5.32559 0.62084 0.06968 0.07934 -0.39277 0.91356
1731053514.183606386 4.87944 -5.33971 0.61842 0.06979 0.07802 -0.39440 0.91296
1731053514.193606615 4.88769 -5.35390 0.61595 0.07015 0.07694 -0.39623 0.91223
1731053514.203606606 4.89587 -5.36798 0.61348 0.07069 0.07608 -0.39827 0.91137
1731053514.213606596 4.90407 -5.38175 0.61107 0.07133 0.07540 -0.40054 0.91038
1731053514.223606348 4.91233 -5.39502 0.60877 0.07199 0.07486 -0.40308 0.90925
1731053514.233606577 4.92059 -5.40796 0.60660 0.07262 0.07444 -0.40593 0.90797
1731053514.243606567 4.92867 -5.42095 0.60461 0.07316 0.07408 -0.40914 0.90651
1731053514.253606558 4.93640 -5.43438 0.60283 0.07355 0.07376 -0.41277 0.90486
1731053514.263606310 4.94370 -5.44842 0.60126 0.07381 0.07345 -0.41683 0.90300
1731053514.273606539 4.95064 -5.46293 0.59989 0.07403 0.07312 -0.42124 0.90096
1731053514.283606529 4.95728 -5.47773 0.59870 0.07432 0.07278 -0.42594 0.89875
1731053514.293606520 4.96370 -5.49266 0.59770 0.07477 0.07241 -0.43084 0.89640
1731053514.303606272 4.96993 -5.50761 0.59691 0.07538 0.07204 -0.43581 0.89398
1731053514.313606501 4.97600 -5.52250 0.59639 0.07615 0.07170 -0.44069 0.89154
1731053514.323606730 4.98192 -5.53725 0.59617 0.07708 0.07141 -0.44535 0.88917
1731053514.333606482 4.98772 -5.55184 0.59620 0.07813 0.07116 -0.44980 0.88685
1731053514.343606472 4.99340 -5.56632 0.59637 0.07928 0.07089 -0.45413 0.88457
1731053514.353606462 4.99898 -5.58075 0.59656 0.08049 0.07056 -0.45843 0.88226
1731053514.363606691 5.00445 -5.59514 0.59671 0.08172 0.07014 -0.46278 0.87991
1731053514.373606443 5.00984 -5.60952 0.59684 0.08293 0.06967 -0.46726 0.87746
1731053514.383606434 5.01512 -5.62389 0.59700 0.08408 0.06916 -0.47191 0.87490
1731053514.393606424 5.02030 -5.63828 0.59716 0.08512 0.06867 -0.47678 0.87219
1731053514.403606653 5.02523 -5.65273 0.59717 0.08612 0.06829 -0.48178 0.86937
1731053514.413606405 5.02976 -5.66728 0.59685 0.08715 0.06813 -0.48680 0.86648
1731053514.423606396 5.03375 -5.68199 0.59601 0.08828 0.06831 -0.49175 0.86355
1731053514.433606625 5.03735 -5.69678 0.59477 0.08953 0.06884 -0.49655 0.86063
1731053514.443606615 5.04089 -5.71154 0.59343 0.09094 0.06964 -0.50117 0.85773
1731053514.453606606 5.04468 -5.72613 0.59227 0.09250 0.07067 -0.50557 0.85490
1731053514.463606358 5.04892 -5.74052 0.59143 0.09419 0.07185 -0.50974 0.85213
1731053514.473606586 5.05354 -5.75481 0.59083 0.09590 0.07308 -0.51371 0.84945
1731053514.483606577 5.05850 -5.76914 0.59034 0.09751 0.07426 -0.51754 0.84683
1731053514.493606567 5.06372 -5.78359 0.58986 0.09892 0.07531 -0.52126 0.84429
1731053514.503606319 5.06913 -5.79815 0.58935 0.10010 0.07618 -0.52488 0.84183
1731053514.513606548 5.07468 -5.81278 0.58880 0.10103 0.07688 -0.52840 0.83945
1731053514.523606539 5.08030 -5.82744 0.58817 0.10169 0.07738 -0.53181 0.83717
1731053514.533606529 5.08591 -5.84209 0.58745 0.10206 0.07767 -0.53512 0.83499
1731053514.543606281 5.09147 -5.85670 0.58661 0.10212 0.07774 -0.53832 0.83291
1731053514.553606510 5.09695 -5.87125 0.58568 0.10191 0.07760 -0.54141 0.83094
1731053514.563606739 5.10235 -5.88576 0.58470 0.10143 0.07726 -0.54439 0.82908
1731053514.573606491 5.10767 -5.90020 0.58370 0.10071 0.07673 -0.54726 0.82733
1731053514.583606482 5.11289 -5.91458 0.58272 0.09978 0.07602 -0.55002 0.82568
1731053514.593606472 5.11802 -5.92890 0.58178 0.09865 0.07514 -0.55265 0.82413
1731053514.603606701 5.12311 -5.94320 0.58086 0.09736 0.07414 -0.55516 0.82269
1731053514.613606453 5.12821 -5.95751 0.57994 0.09596 0.07305 -0.55754 0.82135
1731053514.623606443 5.13339 -5.97188 0.57897 0.09446 0.07193 -0.55977 0.82010
1731053514.633606434 5.13870 -5.98635 0.57795 0.09291 0.07080 -0.56185 0.81895
1731053514.643606663 5.14418 -6.00095 0.57684 0.09134 0.06971 -0.56376 0.81790
1731053514.653606415 5.14983 -6.01563 0.57566 0.08977 0.06867 -0.56550 0.81697
1731053514.663606405 5.15561 -6.03034 0.57445 0.08820 0.06770 -0.56704 0.81615
1731053514.673606396 5.16151 -6.04503 0.57324 0.08665 0.06681 -0.56835 0.81548
1731053514.683606625 5.16750 -6.05965 0.57205 0.08513 0.06600 -0.56941 0.81496
1731053514.693606615 5.17355 -6.07417 0.57092 0.08366 0.06530 -0.57022 0.81461
1731053514.703606367 5.17958 -6.08870 0.56984 0.08223 0.06469 -0.57079 0.81440
1731053514.713606596 5.18552 -6.10336 0.56882 0.08087 0.06419 -0.57117 0.81431
1731053514.723606586 5.19129 -6.11826 0.56785 0.07957 0.06378 -0.57139 0.81432
1731053514.733606577 5.19697 -6.13329 0.56700 0.07836 0.06351 -0.57145 0.81441
1731053514.743606329 5.20277 -6.14817 0.56634 0.07722 0.06344 -0.57136 0.81459
1731053514.753606558 5.20885 -6.16266 0.56594 0.07617 0.06365 -0.57111 0.81485
1731053514.763606548 5.21531 -6.17663 0.56582 0.07520 0.06412 -0.57068 0.81520
1731053514.773606539 5.22208 -6.19024 0.56588 0.07436 0.06477 -0.57009 0.81564
1731053514.783606291 5.22907 -6.20364 0.56600 0.07366 0.06548 -0.56931 0.81619
1731053514.793606520 5.23620 -6.21695 0.56609 0.07313 0.06617 -0.56836 0.81685
1731053514.803606749 5.24345 -6.23021 0.56613 0.07278 0.06688 -0.56723 0.81760
1731053514.813606501 5.25082 -6.24339 0.56610 0.07263 0.06763 -0.56597 0.81843
1731053514.823606491 5.25829 -6.25647 0.56602 0.07267 0.06847 -0.56460 0.81930
1731053514.833606482 5.26585 -6.26946 0.56586 0.07291 0.06946 -0.56313 0.82021
1731053514.843606710 5.27348 -6.28234 0.56563 0.07335 0.07064 -0.56159 0.82112
1731053514.853606462 5.28118 -6.29510 0.56533 0.07401 0.07205 -0.56001 0.82202
1731053514.863606453 5.28894 -6.30772 0.56493 0.07489 0.07373 -0.55841 0.82288
1731053514.873606443 5.29675 -6.32019 0.56445 0.07599 0.07574 -0.55680 0.82369
1731053514.883606672 5.30459 -6.33250 0.56388 0.07732 0.07812 -0.55522 0.82441
1731053514.893606424 5.31245 -6.34463 0.56320 0.07887 0.08089 -0.55368 0.82503
1731053514.903606415 5.32032 -6.35648 0.56245 0.08058 0.08398 -0.55215 0.82558
1731053514.913606405 5.32821 -6.36797 0.56165 0.08235 0.08729 -0.55059 0.82610
1731053514.923606634 5.33610 -6.37902 0.56080 0.08410 0.09075 -0.54898 0.82663
1731053514.933606625 5.34405 -6.38982 0.55986 0.08576 0.09423 -0.54732 0.82717
1731053514.943606377 5.35217 -6.40078 0.55874 0.08728 0.09763 -0.54565 0.82772
1731053514.953606606 5.36055 -6.41226 0.55735 0.08861 0.10081 -0.54401 0.82827
1731053514.963606596 5.36921 -6.42443 0.55566 0.08969 0.10368 -0.54244 0.82883
1731053514.973606586 5.37802 -6.43709 0.55373 0.09052 0.10617 -0.54097 0.82939
1731053514.983606339 5.38684 -6.45001 0.55165 0.09106 0.10824 -0.53963 0.82993
1731053514.993606567 5.39557 -6.46299 0.54947 0.09131 0.10982 -0.53845 0.83047
1731053515.003606558 5.40418 -6.47600 0.54721 0.09129 0.11094 -0.53742 0.83098
1731053515.013606548 5.41269 -6.48904 0.54488 0.09104 0.11163 -0.53654 0.83149
1731053515.023606300 5.42110 -6.50212 0.54250 0.09060 0.11192 -0.53578 0.83199
1731053515.033606529 5.42941 -6.51524 0.54007 0.08999 0.11184 -0.53515 0.83247
1731053515.043606520 5.43765 -6.52840 0.53760 0.08925 0.11143 -0.53463 0.83294
1731053515.053606510 5.44580 -6.54161 0.53511 0.08842 0.11071 -0.53420 0.83340
1731053515.063606262 5.45389 -6.55486 0.53259 0.08752 0.10972 -0.53385 0.83385
1731053515.073606491 5.46192 -6.56817 0.53007 0.08660 0.10849 -0.53357 0.83429
1731053515.083606720 5.46989 -6.58153 0.52755 0.08569 0.10704 -0.53335 0.83470
1731053515.093606472 5.47783 -6.59493 0.52507 0.08481 0.10543 -0.53319 0.83510
1731053515.103606462 5.48579 -6.60827 0.52272 0.08395 0.10371 -0.53310 0.83546
1731053515.113606453 5.49382 -6.62140 0.52065 0.08309 0.10197 -0.53312 0.83575
1731053515.123606682 5.50199 -6.63423 0.51896 0.08221 0.10027 -0.53328 0.83594
1731053515.133606434 5.51022 -6.64685 0.51759 0.08133 0.09861 -0.53359 0.83603
1731053515.143606424 5.51841 -6.65950 0.51637 0.08045 0.09698 -0.53407 0.83600
1731053515.153606415 5.52643 -6.67239 0.51512 0.07961 0.09533 -0.53472 0.83585
1731053515.163606644 5.53420 -6.68565 0.51377 0.07879 0.09366 -0.53557 0.83558
1731053515.173606396 5.54175 -6.69917 0.51238 0.07793 0.09196 -0.53665 0.83515
1731053515.183606386 5.54911 -6.71286 0.51105 0.07697 0.09024 -0.53801 0.83455
1731053515.193606615 5.55632 -6.72667 0.50988 0.07588 0.08855 -0.53967 0.83376
1731053515.203606606 5.56344 -6.74072 0.50904 0.07474 0.08693 -0.54158 0.83279
1731053515.213606596 5.57058 -6.75520 0.50870 0.07365 0.08550 -0.54367 0.83168
1731053515.223606348 5.57779 -6.77026 0.50902 0.07271 0.08432 -0.54586 0.83044
1731053515.233606577 5.58503 -6.78572 0.50986 0.07197 0.08342 -0.54810 0.82912
1731053515.243606567 5.59218 -6.80118 0.51088 0.07143 0.08274 -0.55031 0.82777
1731053515.253606558 5.59911 -6.81625 0.51176 0.07108 0.08224 -0.55243 0.82644
1731053515.263606310 5.60578 -6.83075 0.51232 0.07093 0.08187 -0.55443 0.82515
1731053515.273606539 5.61226 -6.84483 0.51260 0.07096 0.08151 -0.55632 0.82391
1731053515.283606529 5.61863 -6.85867 0.51267 0.07114 0.08106 -0.55814 0.82270
1731053515.293606520 5.62496 -6.87241 0.51258 0.07147 0.08044 -0.55992 0.82153
1731053515.303606272 5.63126 -6.88610 0.51241 0.07193 0.07968 -0.56168 0.82037
1731053515.313606501 5.63750 -6.89972 0.51221 0.07249 0.07882 -0.56345 0.81918
1731053515.323606730 5.64369 -6.91329 0.51205 0.07316 0.07792 -0.56529 0.81794
1731053515.333606482 5.64980 -6.92681 0.51199 0.07392 0.07703 -0.56721 0.81662
1731053515.343606472 5.65583 -6.94026 0.51208 0.07475 0.07620 -0.56925 0.81521
1731053515.353606462 5.66178 -6.95366 0.51228 0.07565 0.07547 -0.57139 0.81369
1731053515.363606691 5.66767 -6.96698 0.51258 0.07664 0.07488 -0.57363 0.81208
1731053515.373606443 5.67352 -6.98023 0.51293 0.07770 0.07449 -0.57593 0.81038
1731053515.383606434 5.67934 -6.99340 0.51330 0.07884 0.07431 -0.57828 0.80861
1731053515.393606424 5.68513 -7.00648 0.51367 0.08007 0.07439 -0.58067 0.80677
1731053515.403606653 5.69080 -7.01950 0.51411 0.08140 0.07463 -0.58308 0.80488
1731053515.413606405 5.69628 -7.03250 0.51470 0.08285 0.07492 -0.58548 0.80296
1731053515.423606396 5.70147 -7.04549 0.51552 0.08444 0.07516 -0.58786 0.80103
1731053515.433606625 5.70646 -7.05851 0.51644 0.08612 0.07528 -0.59021 0.79910
1731053515.443606615 5.71140 -7.07157 0.51725 0.08784 0.07528 -0.59254 0.79719
1731053515.453606606 5.71648 -7.08468 0.51770 0.08953 0.07511 -0.59483 0.79531
1731053515.463606358 5.72174 -7.09790 0.51768 0.09112 0.07479 -0.59708 0.79348
1731053515.473606586 5.72705 -7.11131 0.51726 0.09260 0.07433 -0.59925 0.79171
1731053515.483606577 5.73227 -7.12502 0.51652 0.09393 0.07377 -0.60131 0.79004
1731053515.493606567 5.73728 -7.13911 0.51554 0.09507 0.07314 -0.60323 0.78849
1731053515.503606319 5.74217 -7.15351 0.51436 0.09597 0.07245 -0.60503 0.78707
1731053515.513606548 5.74704 -7.16813 0.51302 0.09657 0.07168 -0.60673 0.78576
1731053515.523606539 5.75201 -7.18288 0.51154 0.09680 0.07084 -0.60835 0.78455
1731053515.533606529 5.75720 -7.19767 0.50996 0.09661 0.06992 -0.60991 0.78345
1731053515.543606281 5.76268 -7.21242 0.50832 0.09595 0.06893 -0.61142 0.78244
1731053515.553606510 5.76841 -7.22712 0.50662 0.09491 0.06788 -0.61287 0.78152
1731053515.563606739 5.77432 -7.24177 0.50486 0.09360 0.06680 -0.61424 0.78069
1731053515.573606491 5.78031 -7.25638 0.50304 0.09212 0.06570 -0.61551 0.77996
1731053515.583606482 5.78631 -7.27094 0.50117 0.09059 0.06461 -0.61666 0.77933
1731053515.593606472 5.79226 -7.28546 0.49926 0.08910 0.06356 -0.61767 0.77878
1731053515.603606701 5.79815 -7.29992 0.49730 0.08769 0.06256 -0.61856 0.77832
1731053515.613606453 5.80398 -7.31434 0.49530 0.08641 0.06166 -0.61932 0.77793
1731053515.623606443 5.80978 -7.32870 0.49328 0.08526 0.06089 -0.61998 0.77759
1731053515.633606434 5.81556 -7.34301 0.49124 0.08430 0.06026 -0.62053 0.77730
1731053515.643606663 5.82132 -7.35724 0.48920 0.08355 0.05982 -0.62101 0.77704
1731053515.653606415 5.82708 -7.37141 0.48715 0.08304 0.05959 -0.62141 0.77679
1731053515.663606405 5.83286 -7.38550 0.48512 0.08281 0.05961 -0.62174 0.77655
1731053515.673606396 5.83865 -7.39952 0.48310 0.08288 0.05989 -0.62203 0.77629
1731053515.683606625 5.84448 -7.41345 0.48111 0.08329 0.06048 -0.62226 0.77601
1731053515.693606615 5.85032 -7.42728 0.47915 0.08405 0.06139 -0.62247 0.77569
1731053515.703606367 5.85602 -7.44091 0.47724 0.08507 0.06260 -0.62264 0.77535
1731053515.713606596 5.86141 -7.45425 0.47536 0.08629 0.06410 -0.62278 0.77498
1731053515.723606586 5.86631 -7.46720 0.47354 0.08759 0.06584 -0.62288 0.77460
1731053515.733606577 5.87089 -7.47980 0.47179 0.08894 0.06781 -0.62293 0.77424
1731053515.743606329 5.87548 -7.49219 0.47013 0.09034 0.06998 -0.62290 0.77391
1731053515.753606558 5.88043 -7.50449 0.46859 0.09177 0.07232 -0.62274 0.77365
1731053515.763606548 5.88590 -7.51679 0.46718 0.09322 0.07477 -0.62247 0.77347
1731053515.773606539 5.89176 -7.52913 0.46587 0.09462 0.07729 -0.62209 0.77336
1731053515.783606291 5.89787 -7.54150 0.46462 0.09592 0.07979 -0.62163 0.77331
1731053515.793606520 5.90409 -7.55392 0.46341 0.09708 0.08222 -0.62113 0.77331
1731053515.803606749 5.91039 -7.56635 0.46222 0.09811 0.08458 -0.62057 0.77338
1731053515.813606501 5.91675 -7.57874 0.46108 0.09904 0.08689 -0.61996 0.77349
1731053515.823606491 5.92315 -7.59103 0.45997 0.09988 0.08915 -0.61929 0.77366
1731053515.833606482 5.92958 -7.60318 0.45891 0.10066 0.09138 -0.61856 0.77389
1731053515.843606710 5.93603 -7.61515 0.45788 0.10140 0.09359 -0.61776 0.77416
1731053515.853606462 5.94248 -7.62697 0.45686 0.10213 0.09580 -0.61692 0.77447
1731053515.863606453 5.94895 -7.63869 0.45580 0.10288 0.09802 -0.61606 0.77478
1731053515.873606443 5.95543 -7.65035 0.45466 0.10367 0.10027 -0.61519 0.77507
1731053515.883606672 5.96193 -7.66199 0.45339 0.10453 0.10255 -0.61435 0.77533
1731053515.893606424 5.96843 -7.67367 0.45196 0.10547 0.10489 -0.61355 0.77552
1731053515.903606415 5.97491 -7.68543 0.45038 0.10645 0.10726 -0.61281 0.77564
1731053515.913606405 5.98133 -7.69731 0.44865 0.10742 0.10966 -0.61215 0.77570
1731053515.923606634 5.98767 -7.70936 0.44679 0.10833 0.11206 -0.61157 0.77569
1731053515.933606625 5.99395 -7.72153 0.44483 0.10916 0.11440 -0.61108 0.77561
1731053515.943606377 6.00025 -7.73376 0.44281 0.10992 0.11660 -0.61070 0.77548
1731053515.953606606 6.00667 -7.74595 0.44076 0.11060 0.11857 -0.61042 0.77531
1731053515.963606596 6.01323 -7.75808 0.43870 0.11119 0.12028 -0.61024 0.77510
1731053515.973606586 6.01986 -7.77021 0.43655 0.11170 0.12174 -0.61014 0.77487
1731053515.983606339 6.02653 -7.78243 0.43428 0.11211 0.12298 -0.61010 0.77465
1731053515.993606567 6.03317 -7.79477 0.43184 0.11243 0.12402 -0.61010 0.77444
1731053516.003606558 6.03977 -7.80725 0.42925 0.11265 0.12487 -0.61015 0.77423
1731053516.013606548 6.04635 -7.81983 0.42656 0.11276 0.12552 -0.61024 0.77404
1731053516.023606300 6.05288 -7.83251 0.42380 0.11278 0.12598 -0.61040 0.77384
1731053516.033606529 6.05939 -7.84527 0.42102 0.11268 0.12626 -0.61061 0.77364
1731053516.043606520 6.06586 -7.85809 0.41825 0.11248 0.12634 -0.61089 0.77343
1731053516.053606510 6.07230 -7.87095 0.41555 0.11218 0.12624 -0.61125 0.77321
1731053516.063606262 6.07871 -7.88383 0.41294 0.11176 0.12595 -0.61169 0.77297
1731053516.073606491 6.08508 -7.89672 0.41047 0.11123 0.12548 -0.61222 0.77271
1731053516.083606720 6.09142 -7.90959 0.40818 0.11059 0.12482 -0.61284 0.77241
1731053516.093606472 6.09772 -7.92247 0.40613 0.10982 0.12399 -0.61357 0.77208
1731053516.103606462 6.10392 -7.93556 0.40443 0.10887 0.12299 -0.61448 0.77165
1731053516.113606453 6.10996 -7.94907 0.40323 0.10767 0.12185 -0.61565 0.77106
1731053516.123606682 6.11578 -7.96321 0.40263 0.10617 0.12059 -0.61715 0.77027
1731053516.133606434 6.12138 -7.97780 0.40254 0.10447 0.11929 -0.61895 0.76926
1731053516.143606424 6.12681 -7.99246 0.40269 0.10277 0.11808 -0.62094 0.76807
1731053516.153606415 6.13212 -8.00677 0.40283 0.10131 0.11705 -0.62302 0.76674
1731053516.163606644 6.13735 -8.02054 0.40285 0.10024 0.11629 -0.62510 0.76530
1731053516.173606396 6.14253 -8.03388 0.40283 0.09966 0.11580 -0.62706 0.76384
1731053516.183606386 6.14770 -8.04691 0.40288 0.09967 0.11556 -0.62881 0.76243
1731053516.193606615 6.15286 -8.05978 0.40308 0.10033 0.11557 -0.63027 0.76114
1731053516.203606606 6.15801 -8.07255 0.40335 0.10152 0.11571 -0.63148 0.75996
1731053516.213606596 6.16310 -8.08528 0.40354 0.10306 0.11588 -0.63251 0.75887
1731053516.223606348 6.16811 -8.09803 0.40356 0.10481 0.11596 -0.63342 0.75786
1731053516.233606577 6.17305 -8.11081 0.40348 0.10661 0.11589 -0.63428 0.75690
1731053516.243606567 6.17791 -8.12358 0.40348 0.10836 0.11564 -0.63513 0.75597
1731053516.253606558 6.18274 -8.13632 0.40377 0.10992 0.11521 -0.63603 0.75506
1731053516.263606310 6.18753 -8.14901 0.40441 0.11125 0.11460 -0.63700 0.75414
1731053516.273606539 6.19227 -8.16162 0.40531 0.11243 0.11389 -0.63802 0.75321
1731053516.283606529 6.19694 -8.17415 0.40634 0.11358 0.11318 -0.63906 0.75226
1731053516.293606520 6.20154 -8.18658 0.40741 0.11476 0.11253 -0.64010 0.75129
1731053516.303606272 6.20609 -8.19892 0.40849 0.11600 0.11195 -0.64114 0.75030
1731053516.313606501 6.21059 -8.21121 0.40958 0.11728 0.11145 -0.64219 0.74928
1731053516.323606730 6.21508 -8.22347 0.41067 0.11861 0.11101 -0.64326 0.74821
1731053516.333606482 6.21957 -8.23572 0.41175 0.11999 0.11063 -0.64436 0.74710
1731053516.343606472 6.22408 -8.24799 0.41282 0.12141 0.11031 -0.64549 0.74594
1731053516.353606462 6.22860 -8.26029 0.41385 0.12285 0.11004 -0.64665 0.74474
1731053516.363606691 6.23313 -8.27265 0.41482 0.12428 0.10981 -0.64785 0.74350
1731053516.373606443 6.23764 -8.28508 0.41572 0.12566 0.10961 -0.64907 0.74223
1731053516.383606434 6.24212 -8.29760 0.41651 0.12699 0.10945 -0.65031 0.74094
1731053516.393606424 6.24657 -8.31025 0.41718 0.12823 0.10930 -0.65156 0.73965
1731053516.403606653 6.25102 -8.32314 0.41762 0.12937 0.10915 -0.65281 0.73837
1731053516.413606405 6.25551 -8.33636 0.41776 0.13040 0.10897 -0.65402 0.73714
1731053516.423606396 6.26007 -8.35003 0.41751 0.13133 0.10873 -0.65518 0.73598
1731053516.433606625 6.26467 -8.36406 0.41693 0.13210 0.10841 -0.65628 0.73491
1731053516.443606615 6.26924 -8.37825 0.41620 0.13264 0.10798 -0.65737 0.73391
1731053516.453606606 6.27372 -8.39243 0.41547 0.13288 0.10739 -0.65846 0.73296
1731053516.463606358 6.27805 -8.40651 0.41481 0.13280 0.10663 -0.65961 0.73206
1731053516.473606586 6.28218 -8.42063 0.41418 0.13240 0.10569 -0.66082 0.73118
1731053516.483606577 6.28610 -8.43496 0.41348 0.13171 0.10454 -0.66212 0.73028
1731053516.493606567 6.28977 -8.44960 0.41267 0.13076 0.10320 -0.66355 0.72935
1731053516.503606319 6.29326 -8.46453 0.41177 0.12955 0.10165 -0.66509 0.72838
1731053516.513606548 6.29663 -8.47967 0.41082 0.12810 0.09992 -0.66674 0.72737
1731053516.523606539 6.29995 -8.49494 0.40983 0.12643 0.09801 -0.66849 0.72631
1731053516.533606529 6.30330 -8.51029 0.40886 0.12455 0.09594 -0.67033 0.72522
1731053516.543606281 6.30674 -8.52564 0.40793 0.12247 0.09372 -0.67224 0.72409
1731053516.553606510 6.31023 -8.54100 0.40704 0.12022 0.09138 -0.67423 0.72292
1731053516.563606739 6.31376 -8.55637 0.40618 0.11782 0.08895 -0.67628 0.72170
1731053516.573606491 6.31728 -8.57177 0.40535 0.11529 0.08646 -0.67838 0.72044
1731053516.583606482 6.32078 -8.58719 0.40454 0.11265 0.08395 -0.68052 0.71913
1731053516.593606472 6.32420 -8.60267 0.40375 0.10993 0.08145 -0.68269 0.71778
1731053516.603606701 6.32746 -8.61825 0.40305 0.10714 0.07897 -0.68488 0.71640
1731053516.613606453 6.33046 -8.63401 0.40250 0.10432 0.07650 -0.68705 0.71500
1731053516.623606443 6.33312 -8.65002 0.40216 0.10147 0.07405 -0.68919 0.71361
1731053516.633606434 6.33554 -8.66616 0.40202 0.09859 0.07164 -0.69128 0.71223
1731053516.643606663 6.33793 -8.68222 0.40201 0.09565 0.06931 -0.69332 0.71088
1731053516.653606415 6.34049 -8.69799 0.40205 0.09260 0.06707 -0.69531 0.70956
1731053516.663606405 6.34334 -8.71338 0.40212 0.08947 0.06497 -0.69722 0.70828
1731053516.673606396 6.34643 -8.72848 0.40221 0.08633 0.06308 -0.69902 0.70706
1731053516.683606625 6.34970 -8.74340 0.40234 0.08328 0.06144 -0.70071 0.70590
1731053516.693606615 6.35310 -8.75823 0.40253 0.08039 0.06010 -0.70224 0.70483
1731053516.703606367 6.35661 -8.77299 0.40280 0.07768 0.05900 -0.70364 0.70383
1731053516.713606596 6.36019 -8.78770 0.40319 0.07518 0.05806 -0.70491 0.70291
1731053516.723606586 6.36384 -8.80237 0.40372 0.07289 0.05720 -0.70607 0.70206
1731053516.733606577 6.36752 -8.81702 0.40443 0.07082 0.05633 -0.70713 0.70127
1731053516.743606329 6.37123 -8.83166 0.40532 0.06900 0.05540 -0.70810 0.70055
1731053516.753606558 6.37497 -8.84629 0.40629 0.06742 0.05445 -0.70896 0.69990
1731053516.763606548 6.37874 -8.86090 0.40722 0.06608 0.05354 -0.70971 0.69934
1731053516.773606539 6.38257 -8.87550 0.40798 0.06499 0.05274 -0.71032 0.69888
1731053516.783606291 6.38645 -8.89008 0.40845 0.06415 0.05211 -0.71079 0.69854
1731053516.793606520 6.39041 -8.90464 0.40855 0.06356 0.05170 -0.71109 0.69831
1731053516.803606749 6.39444 -8.91914 0.40837 0.06326 0.05155 -0.71125 0.69819
1731053516.813606501 6.39855 -8.93354 0.40802 0.06329 0.05167 -0.71128 0.69814
1731053516.823606491 6.40273 -8.94780 0.40763 0.06368 0.05208 -0.71121 0.69815
1731053516.833606482 6.40700 -8.96189 0.40733 0.06450 0.05282 -0.71105 0.69818
1731053516.843606710 6.41134 -8.97578 0.40720 0.06574 0.05388 -0.71082 0.69822
1731053516.853606462 6.41576 -8.98951 0.40722 0.06734 0.05521 -0.71053 0.69826
1731053516.863606453 6.42025 -9.00312 0.40732 0.06919 0.05671 -0.71021 0.69828
1731053516.873606443 6.42479 -9.01667 0.40742 0.07122 0.05831 -0.70986 0.69830
1731053516.883606672 6.42938 -9.03020 0.40748 0.07331 0.05993 -0.70952 0.69830
1731053516.893606424 6.43400 -9.04378 0.40742 0.07537 0.06150 -0.70918 0.69828
1731053516.903606415 6.43859 -9.05748 0.40724 0.07730 0.06303 -0.70885 0.69827
1731053516.913606405 6.44307 -9.07138 0.40695 0.07901 0.06450 -0.70854 0.69826
1731053516.923606634 6.44738 -9.08553 0.40655 0.08041 0.06594 -0.70823 0.69828
1731053516.933606625 6.45155 -9.09987 0.40609 0.08149 0.06731 -0.70795 0.69831
1731053516.943606377 6.45569 -9.11420 0.40563 0.08229 0.06859 -0.70772 0.69832
1731053516.953606606 6.45990 -9.12835 0.40523 0.08285 0.06972 -0.70758 0.69829
1731053516.963606596 6.46423 -9.14224 0.40490 0.08319 0.07070 -0.70752 0.69821
1731053516.973606586 6.46864 -9.15602 0.40456 0.08331 0.07153 -0.70755 0.69808
1731053516.983606339 6.47308 -9.16983 0.40410 0.08321 0.07224 -0.70765 0.69792
1731053516.993606567 6.47749 -9.18380 0.40346 0.08289 0.07283 -0.70781 0.69773
1731053517.003606558 6.48190 -9.19792 0.40265 0.08238 0.07332 -0.70801 0.69754
1731053517.013606548 6.48630 -9.21218 0.40170 0.08171 0.07371 -0.70824 0.69735
1731053517.023606300 6.49072 -9.22654 0.40064 0.08091 0.07403 -0.70847 0.69717
1731053517.033606529 6.49516 -9.24099 0.39949 0.08001 0.07427 -0.70868 0.69703
1731053517.043606520 6.49964 -9.25549 0.39830 0.07906 0.07445 -0.70887 0.69693
1731053517.053606510 6.50417 -9.27002 0.39709 0.07807 0.07457 -0.70902 0.69688
1731053517.063606262 6.50878 -9.28456 0.39589 0.07709 0.07466 -0.70910 0.69690
1731053517.073606491 6.51346 -9.29908 0.39474 0.07614 0.07471 -0.70909 0.69700
1731053517.083606720 6.51823 -9.31356 0.39366 0.07527 0.07474 -0.70899 0.69720
1731053517.093606472 6.52308 -9.32801 0.39267 0.07449 0.07474 -0.70879 0.69749
1731053517.103606462 6.52788 -9.34257 0.39174 0.07376 0.07472 -0.70854 0.69782
1731053517.113606453 6.53245 -9.35743 0.39082 0.07304 0.07462 -0.70831 0.69814
1731053517.123606682 6.53666 -9.37275 0.38986 0.07230 0.07444 -0.70817 0.69837
1731053517.133606434 6.54060 -9.38838 0.38894 0.07147 0.07421 -0.70817 0.69849
1731053517.143606424 6.54448 -9.40399 0.38816 0.07051 0.07396 -0.70832 0.69846
1731053517.153606415 6.54854 -9.41925 0.38766 0.06938 0.07378 -0.70866 0.69824
1731053517.163606644 6.55285 -9.43405 0.38748 0.06810 0.07370 -0.70917 0.69786
1731053517.173606396 6.55730 -9.44863 0.38759 0.06686 0.07379 -0.70975 0.69738
1731053517.183606386 6.56171 -9.46330 0.38793 0.06585 0.07412 -0.71032 0.69686
1731053517.193606615 6.56599 -9.47825 0.38847 0.06521 0.07470 -0.71081 0.69636
1731053517.203606606 6.57015 -9.49343 0.38915 0.06495 0.07548 -0.71118 0.69593
1731053517.213606596 6.57429 -9.50871 0.38994 0.06503 0.07636 -0.71142 0.69557
1731053517.223606348 6.57847 -9.52397 0.39080 0.06540 0.07726 -0.71153 0.69533
1731053517.233606577 6.58278 -9.53907 0.39171 0.06602 0.07807 -0.71149 0.69522
1731053517.243606567 6.58726 -9.55392 0.39262 0.06686 0.07874 -0.71130 0.69525
1731053517.253606558 6.59188 -9.56851 0.39353 0.06785 0.07924 -0.71101 0.69540
1731053517.263606310 6.59656 -9.58287 0.39442 0.06893 0.07960 -0.71067 0.69560
1731053517.273606539 6.60123 -9.59700 0.39530 0.07004 0.07983 -0.71034 0.69581
1731053517.283606529 6.60583 -9.61094 0.39616 0.07112 0.07993 -0.71005 0.69597
1731053517.293606520 6.61030 -9.62470 0.39698 0.07213 0.07991 -0.70986 0.69606
1731053517.303606272 6.61468 -9.63835 0.39778 0.07308 0.07979 -0.70974 0.69610
1731053517.313606501 6.61900 -9.65193 0.39855 0.07403 0.07956 -0.70966 0.69612
1731053517.323606730 6.62332 -9.66550 0.39929 0.07500 0.07923 -0.70956 0.69615
1731053517.333606482 6.62767 -9.67912 0.40001 0.07605 0.07882 -0.70941 0.69623
1731053517.343606472 6.63210 -9.69284 0.40071 0.07719 0.07832 -0.70919 0.69639
1731053517.353606462 6.63659 -9.70663 0.40136 0.07839 0.07779 -0.70889 0.69662
1731053517.363606691 6.64113 -9.72050 0.40194 0.07957 0.07725 -0.70854 0.69690
1731053517.373606443 6.64571 -9.73440 0.40241 0.08069 0.07676 -0.70817 0.69721
1731053517.383606434 6.65032 -9.74833 0.40275 0.08166 0.07636 -0.70778 0.69753
1731053517.393606424 6.65492 -9.76230 0.40293 0.08246 0.07608 -0.70740 0.69785
1731053517.403606653 6.65944 -9.77643 0.40300 0.08309 0.07591 -0.70704 0.69816
1731053517.413606405 6.66379 -9.79089 0.40297 0.08357 0.07581 -0.70670 0.69845
1731053517.423606396 6.66788 -9.80582 0.40289 0.08392 0.07576 -0.70641 0.69872
1731053517.433606625 6.67179 -9.82117 0.40276 0.08413 0.07571 -0.70613 0.69898
1731053517.443606615 6.67564 -9.83671 0.40254 0.08417 0.07564 -0.70586 0.69925
1731053517.453606606 6.67958 -9.85226 0.40220 0.08401 0.07550 -0.70557 0.69958
1731053517.463606358 6.68369 -9.86769 0.40174 0.08364 0.07526 -0.70524 0.69998
1731053517.473606586 6.68793 -9.88304 0.40117 0.08305 0.07492 -0.70489 0.70044
1731053517.483606577 6.69225 -9.89834 0.40051 0.08224 0.07449 -0.70451 0.70097
1731053517.493606567 6.69661 -9.91362 0.39978 0.08122 0.07395 -0.70410 0.70156
1731053517.503606319 6.70101 -9.92889 0.39900 0.08001 0.07333 -0.70365 0.70221
1731053517.513606548 6.70545 -9.94415 0.39817 0.07865 0.07263 -0.70316 0.70292
1731053517.523606539 6.70991 -9.95941 0.39731 0.07716 0.07186 -0.70262 0.70371
1731053517.533606529 6.71441 -9.97465 0.39642 0.07559 0.07103 -0.70202 0.70457
1731053517.543606281 6.71894 -9.98988 0.39553 0.07395 0.07016 -0.70134 0.70550
1731053517.553606510 6.72350 -10.00511 0.39463 0.07228 0.06925 -0.70058 0.70652
1731053517.563606739 6.72808 -10.02032 0.39374 0.07061 0.06831 -0.69974 0.70761
1731053517.573606491 6.73269 -10.03552 0.39288 0.06898 0.06736 -0.69879 0.70880
1731053517.583606482 6.73732 -10.05072 0.39204 0.06741 0.06640 -0.69774 0.71007
1731053517.593606472 6.74198 -10.06590 0.39125 0.06594 0.06545 -0.69658 0.71143
1731053517.603606701 6.74669 -10.08105 0.39053 0.06459 0.06456 -0.69533 0.71286
1731053517.613606453 6.75145 -10.09614 0.38988 0.06338 0.06378 -0.69401 0.71433
1731053517.623606443 6.75629 -10.11115 0.38933 0.06233 0.06317 -0.69263 0.71581
1731053517.633606434 6.76123 -10.12607 0.38890 0.06148 0.06278 -0.69122 0.71728
1731053517.643606663 6.76629 -10.14086 0.38859 0.06083 0.06266 -0.68980 0.71871
1731053517.653606415 6.77145 -10.15554 0.38838 0.06040 0.06280 -0.68835 0.72012
1731053517.663606405 6.77669 -10.17010 0.38823 0.06016 0.06320 -0.68686 0.72153
1731053517.673606396 6.78199 -10.18455 0.38809 0.06012 0.06385 -0.68530 0.72296
1731053517.683606625 6.78735 -10.19888 0.38793 0.06028 0.06473 -0.68366 0.72442
1731053517.693606615 6.79275 -10.21311 0.38772 0.06061 0.06583 -0.68192 0.72594
1731053517.703606367 6.79822 -10.22723 0.38749 0.06112 0.06715 -0.68007 0.72750
1731053517.713606596 6.80381 -10.24124 0.38728 0.06178 0.06866 -0.67812 0.72912
1731053517.723606586 6.80955 -10.25516 0.38712 0.06257 0.07033 -0.67608 0.73079
1731053517.733606577 6.81548 -10.26896 0.38707 0.06349 0.07217 -0.67393 0.73251
1731053517.743606329 6.82164 -10.28267 0.38715 0.06450 0.07413 -0.67170 0.73428
1731053517.753606558 6.82801 -10.29629 0.38734 0.06557 0.07617 -0.66939 0.73608
1731053517.763606548 6.83457 -10.30984 0.38762 0.06665 0.07824 -0.66703 0.73791
1731053517.773606539 6.84127 -10.32333 0.38795 0.06767 0.08026 -0.66464 0.73975
1731053517.783606291 6.84810 -10.33679 0.38832 0.06860 0.08219 -0.66223 0.74161
1731053517.793606520 6.85505 -10.35024 0.38869 0.06937 0.08397 -0.65984 0.74347
1731053517.803606749 6.86212 -10.36383 0.38903 0.06999 0.08565 -0.65745 0.74533
1731053517.813606501 6.86938 -10.37774 0.38929 0.07043 0.08724 -0.65507 0.74720
1731053517.823606491 6.87683 -10.39209 0.38943 0.07068 0.08880 -0.65269 0.74907
1731053517.833606482 6.88442 -10.40675 0.38945 0.07080 0.09032 -0.65031 0.75095
1731053517.843606710 6.89198 -10.42140 0.38933 0.07087 0.09180 -0.64793 0.75282
1731053517.853606462 6.89938 -10.43569 0.38905 0.07097 0.09320 -0.64554 0.75469
1731053517.863606453 6.90656 -10.44952 0.38863 0.07114 0.09452 -0.64316 0.75654
1731053517.873606443 6.91360 -10.46308 0.38805 0.07131 0.09571 -0.64083 0.75835
1731053517.883606672 6.92061 -10.47657 0.38731 0.07138 0.09675 -0.63860 0.76009
1731053517.893606424 6.92768 -10.49019 0.38641 0.07131 0.09760 -0.63651 0.76174
1731053517.903606415 6.93481 -10.50395 0.38537 0.07109 0.09827 -0.63454 0.76331
1731053517.913606405 6.94201 -10.51784 0.38423 0.07074 0.09874 -0.63270 0.76481
1731053517.923606634 6.94929 -10.53184 0.38299 0.07026 0.09902 -0.63095 0.76626
1731053517.933606625 6.95664 -10.54593 0.38169 0.06967 0.09911 -0.62930 0.76767
1731053517.943606377 6.96406 -10.56010 0.38035 0.06899 0.09900 -0.62771 0.76904
1731053517.953606606 6.97155 -10.57432 0.37900 0.06823 0.09869 -0.62617 0.77040
1731053517.963606596 6.97913 -10.58859 0.37765 0.06740 0.09818 -0.62467 0.77175
1731053517.973606586 6.98678 -10.60287 0.37634 0.06652 0.09748 -0.62320 0.77311
1731053517.983606339 6.99450 -10.61717 0.37508 0.06560 0.09657 -0.62172 0.77449
1731053517.993606567 7.00229 -10.63148 0.37391 0.06465 0.09546 -0.62025 0.77589
1731053518.003606558 7.01009 -10.64589 0.37286 0.06374 0.09415 -0.61880 0.77728
1731053518.013606548 7.01782 -10.66050 0.37198 0.06292 0.09267 -0.61741 0.77863
1731053518.023606300 7.02542 -10.67542 0.37130 0.06225 0.09101 -0.61611 0.77990
1731053518.033606529 7.03292 -10.69054 0.37082 0.06169 0.08926 -0.61496 0.78106
1731053518.043606520 7.04040 -10.70562 0.37048 0.06119 0.08749 -0.61397 0.78207
1731053518.053606510 7.04796 -10.72044 0.37024 0.06066 0.08580 -0.61320 0.78291
1731053518.063606262 7.05564 -10.73488 0.37010 0.06008 0.08428 -0.61266 0.78354
1731053518.073606491 7.06337 -10.74906 0.37008 0.05950 0.08304 -0.61231 0.78399
1731053518.083606720 7.07109 -10.76309 0.37023 0.05897 0.08219 -0.61213 0.78426
1731053518.093606472 7.07873 -10.77706 0.37057 0.05855 0.08180 -0.61208 0.78437
1731053518.103606462 7.08618 -10.79093 0.37100 0.05830 0.08182 -0.61207 0.78440
1731053518.113606453 7.09331 -10.80460 0.37142 0.05826 0.08218 -0.61198 0.78443
1731053518.123606682 7.10004 -10.81801 0.37172 0.05848 0.08278 -0.61173 0.78455
1731053518.133606434 7.10651 -10.83121 0.37198 0.05897 0.08359 -0.61128 0.78477
1731053518.143606424 7.11300 -10.84430 0.37237 0.05973 0.08458 -0.61067 0.78509
1731053518.153606415 7.11983 -10.85740 0.37307 0.06074 0.08571 -0.60991 0.78547
1731053518.163606644 7.12712 -10.87059 0.37414 0.06196 0.08692 -0.60905 0.78592
1731053518.173606396 7.13473 -10.88385 0.37550 0.06324 0.08813 -0.60810 0.78641
1731053518.183606386 7.14250 -10.89715 0.37702 0.06446 0.08923 -0.60712 0.78695
1731053518.193606615 7.15031 -10.91049 0.37860 0.06549 0.09015 -0.60612 0.78753
1731053518.203606606 7.15814 -10.92387 0.38022 0.06633 0.09087 -0.60511 0.78816
1731053518.213606596 7.16599 -10.93728 0.38186 0.06700 0.09141 -0.60407 0.78883
1731053518.223606348 7.17386 -10.95074 0.38348 0.06752 0.09177 -0.60301 0.78955
1731053518.233606577 7.18177 -10.96424 0.38508 0.06790 0.09198 -0.60191 0.79034
1731053518.243606567 7.18972 -10.97778 0.38663 0.06817 0.09203 -0.60076 0.79118
1731053518.253606558 7.19772 -10.99138 0.38811 0.06834 0.09194 -0.59956 0.79209
1731053518.263606310 7.20576 -11.00502 0.38950 0.06844 0.09173 -0.59830 0.79306
1731053518.273606539 7.21387 -11.01873 0.39079 0.06848 0.09139 -0.59696 0.79410
1731053518.283606529 7.22205 -11.03248 0.39194 0.06847 0.09095 -0.59554 0.79522
1731053518.293606520 7.23030 -11.04631 0.39294 0.06844 0.09041 -0.59403 0.79641
1731053518.303606272 7.23870 -11.06026 0.39369 0.06837 0.08977 -0.59247 0.79765
1731053518.313606501 7.24730 -11.07439 0.39411 0.06825 0.08907 -0.59088 0.79892
1731053518.323606730 7.25616 -11.08875 0.39411 0.06805 0.08829 -0.58930 0.80019
1731053518.333606482 7.26522 -11.10331 0.39378 0.06777 0.08745 -0.58771 0.80147
1731053518.343606472 7.27435 -11.11794 0.39333 0.06739 0.08652 -0.58609 0.80279
1731053518.353606462 7.28342 -11.13253 0.39294 0.06690 0.08549 -0.58441 0.80417
1731053518.363606691 7.29233 -11.14707 0.39275 0.06630 0.08437 -0.58265 0.80561
1731053518.373606443 7.30102 -11.16166 0.39276 0.06554 0.08320 -0.58082 0.80711
1731053518.383606434 7.30946 -11.17641 0.39298 0.06459 0.08199 -0.57895 0.80866
1731053518.393606424 7.31762 -11.19141 0.39339 0.06343 0.08077 -0.57705 0.81023
1731053518.403606653 7.32559 -11.20659 0.39394 0.06209 0.07955 -0.57511 0.81183
1731053518.413606405 7.33348 -11.22188 0.39451 0.06061 0.07831 -0.57311 0.81347
1731053518.423606396 7.34141 -11.23718 0.39502 0.05902 0.07704 -0.57104 0.81516
1731053518.433606625 7.34950 -11.25241 0.39538 0.05735 0.07574 -0.56889 0.81691
1731053518.443606615 7.35783 -11.26749 0.39552 0.05566 0.07440 -0.56663 0.81872
1731053518.453606606 7.36637 -11.28240 0.39546 0.05398 0.07303 -0.56427 0.82058
1731053518.463606358 7.37504 -11.29713 0.39523 0.05237 0.07163 -0.56181 0.82249
1731053518.473606586 7.38378 -11.31166 0.39488 0.05088 0.07022 -0.55925 0.82445
1731053518.483606577 7.39253 -11.32599 0.39445 0.04956 0.06881 -0.55660 0.82644
1731053518.493606567 7.40122 -11.34011 0.39398 0.04846 0.06743 -0.55385 0.82846
1731053518.503606319 7.40989 -11.35406 0.39349 0.04759 0.06609 -0.55103 0.83050
1731053518.513606548 7.41856 -11.36788 0.39303 0.04696 0.06486 -0.54814 0.83254
1731053518.523606539 7.42726 -11.38164 0.39261 0.04660 0.06378 -0.54521 0.83457
1731053518.533606529 7.43602 -11.39536 0.39226 0.04650 0.06289 -0.54226 0.83657
1731053518.543606281 7.44487 -11.40909 0.39201 0.04668 0.06223 -0.53928 0.83852
1731053518.553606510 7.45382 -11.42282 0.39186 0.04710 0.06182 -0.53630 0.84044
1731053518.563606739 7.46288 -11.43653 0.39178 0.04769 0.06166 -0.53330 0.84233
1731053518.573606491 7.47204 -11.45020 0.39179 0.04841 0.06175 -0.53028 0.84418
1731053518.583606482 7.48131 -11.46381 0.39185 0.04920 0.06211 -0.52726 0.84600
1731053518.593606472 7.49068 -11.47735 0.39197 0.05003 0.06272 -0.52422 0.84779
1731053518.603606701 7.50014 -11.49079 0.39216 0.05088 0.06355 -0.52117 0.84956
1731053518.613606453 7.50964 -11.50412 0.39241 0.05178 0.06452 -0.51810 0.85131
1731053518.623606443 7.51915 -11.51732 0.39272 0.05275 0.06559 -0.51501 0.85304
1731053518.633606434 7.52864 -11.53038 0.39312 0.05379 0.06668 -0.51190 0.85476
1731053518.643606663 7.53808 -11.54326 0.39359 0.05491 0.06775 -0.50878 0.85647
1731053518.653606415 7.54750 -11.55593 0.39416 0.05608 0.06877 -0.50566 0.85816
1731053518.663606405 7.55695 -11.56832 0.39483 0.05725 0.06971 -0.50253 0.85984
1731053518.673606396 7.56645 -11.58040 0.39561 0.05838 0.07056 -0.49942 0.86150
1731053518.683606625 7.57606 -11.59210 0.39653 0.05943 0.07128 -0.49634 0.86315
1731053518.693606615 7.58579 -11.60341 0.39757 0.06036 0.07186 -0.49329 0.86479
1731053518.703606367 7.59560 -11.61448 0.39869 0.06113 0.07226 -0.49028 0.86641
1731053518.713606596 7.60544 -11.62548 0.39983 0.06171 0.07246 -0.48731 0.86803
1731053518.723606586 7.61526 -11.63659 0.40093 0.06206 0.07243 -0.48436 0.86965
1731053518.733606577 7.62500 -11.64800 0.40194 0.06215 0.07214 -0.48144 0.87129
1731053518.743606329 7.63463 -11.65984 0.40280 0.06195 0.07156 -0.47855 0.87295
1731053518.753606558 7.64419 -11.67209 0.40351 0.06149 0.07071 -0.47570 0.87460
1731053518.763606548 7.65374 -11.68469 0.40410 0.06079 0.06960 -0.47291 0.87625
1731053518.773606539 7.66334 -11.69759 0.40457 0.05987 0.06826 -0.47020 0.87788
1731053518.783606291 7.67305 -11.71072 0.40494 0.05876 0.06670 -0.46760 0.87946
1731053518.793606520 7.68292 -11.72403 0.40521 0.05749 0.06495 -0.46511 0.88099
1731053518.803606749 7.69288 -11.73749 0.40540 0.05608 0.06302 -0.46275 0.88247
1731053518.813606501 7.70286 -11.75109 0.40549 0.05454 0.06096 -0.46052 0.88387
1731053518.823606491 7.71279 -11.76479 0.40548 0.05290 0.05880 -0.45844 0.88520
1731053518.833606482 7.72258 -11.77860 0.40537 0.05118 0.05656 -0.45650 0.88645
1731053518.843606710 7.73219 -11.79248 0.40516 0.04939 0.05428 -0.45472 0.88761
1731053518.853606462 7.74162 -11.80643 0.40487 0.04758 0.05198 -0.45306 0.88869
1731053518.863606453 7.75091 -11.82043 0.40451 0.04579 0.04969 -0.45149 0.88971
1731053518.873606443 7.76009 -11.83447 0.40409 0.04404 0.04744 -0.44999 0.89069
1731053518.883606672 7.76921 -11.84854 0.40364 0.04238 0.04525 -0.44851 0.89162
1731053518.893606424 7.77826 -11.86266 0.40315 0.04083 0.04313 -0.44705 0.89253
1731053518.903606415 7.78718 -11.87697 0.40252 0.03943 0.04107 -0.44564 0.89340
1731053518.913606405 7.79586 -11.89163 0.40163 0.03816 0.03901 -0.44432 0.89420
1731053518.923606634 7.80421 -11.90680 0.40037 0.03703 0.03693 -0.44314 0.89493
1731053518.933606625 7.81230 -11.92234 0.39889 0.03602 0.03478 -0.44214 0.89555
1731053518.943606377 7.82028 -11.93795 0.39750 0.03506 0.03255 -0.44137 0.89605
1731053518.953606606 7.82832 -11.95331 0.39650 0.03411 0.03023 -0.44088 0.89641
1731053518.963606596 7.83647 -11.96831 0.39604 0.03312 0.02779 -0.44069 0.89662
1731053518.973606586 7.84467 -11.98309 0.39605 0.03209 0.02523 -0.44082 0.89666
1731053518.983606339 7.85283 -11.99783 0.39641 0.03105 0.02254 -0.44128 0.89655
1731053518.993606567 7.86088 -12.01262 0.39702 0.02999 0.01975 -0.44203 0.89628
1731053519.003606558 7.86868 -12.02715 0.39785 0.02900 0.01699 -0.44295 0.89592
1731053519.013606548 7.87611 -12.04100 0.39883 0.02818 0.01442 -0.44388 0.89553
1731053519.023606300 7.88308 -12.05384 0.39994 0.02762 0.01221 -0.44467 0.89518
1731053519.033606529 7.88973 -12.06594 0.40111 0.02735 0.01035 -0.44529 0.89491
1731053519.043606520 7.89642 -12.07798 0.40228 0.02741 0.00877 -0.44575 0.89469
1731053519.053606510 7.90348 -12.09066 0.40340 0.02780 0.00740 -0.44609 0.89453
1731053519.063606262 7.91104 -12.10427 0.40446 0.02849 0.00616 -0.44634 0.89439
1731053519.073606491 7.91890 -12.11854 0.40549 0.02937 0.00505 -0.44658 0.89425
1731053519.083606720 7.92684 -12.13313 0.40657 0.03031 0.00404 -0.44692 0.89405
1731053519.093606472 7.93467 -12.14776 0.40774 0.03120 0.00312 -0.44740 0.89378
1731053519.103606462 7.94236 -12.16237 0.40897 0.03202 0.00226 -0.44802 0.89345
1731053519.113606453 7.94994 -12.17698 0.41026 0.03277 0.00143 -0.44874 0.89306
1731053519.123606682 7.95742 -12.19159 0.41156 0.03345 0.00060 -0.44952 0.89265
1731053519.133606434 7.96481 -12.20620 0.41285 0.03405 -0.00024 -0.45032 0.89222
1731053519.143606424 7.97215 -12.22082 0.41411 0.03458 -0.00113 -0.45110 0.89180
1731053519.153606415 7.97943 -12.23545 0.41531 0.03504 -0.00210 -0.45184 0.89141
1731053519.163606644 7.98669 -12.25009 0.41641 0.03542 -0.00317 -0.45248 0.89106
1731053519.173606396 7.99393 -12.26476 0.41740 0.03573 -0.00436 -0.45300 0.89078
1731053519.183606386 8.00117 -12.27946 0.41824 0.03595 -0.00571 -0.45336 0.89058
1731053519.193606615 8.00846 -12.29419 0.41893 0.03608 -0.00724 -0.45353 0.89048
1731053519.203606606 8.01586 -12.30898 0.41951 0.03599 -0.00894 -0.45355 0.89046
1731053519.213606596 8.02349 -12.32386 0.42006 0.03555 -0.01080 -0.45346 0.89050
1731053519.223606348 8.03143 -12.33884 0.42064 0.03463 -0.01281 -0.45331 0.89059
1731053519.233606577 8.03961 -12.35391 0.42121 0.03325 -0.01498 -0.45309 0.89072
1731053519.243606567 8.04784 -12.36901 0.42170 0.03148 -0.01730 -0.45277 0.89090
1731053519.253606558 8.05595 -12.38408 0.42199 0.02942 -0.01977 -0.45232 0.89115
1731053519.263606310 8.06389 -12.39909 0.42204 0.02713 -0.02238 -0.45173 0.89146
1731053519.273606539 8.07177 -12.41407 0.42183 0.02464 -0.02507 -0.45105 0.89181
1731053519.283606529 8.07976 -12.42904 0.42135 0.02199 -0.02777 -0.45031 0.89217
1731053519.293606520 8.08795 -12.44403 0.42060 0.01920 -0.03045 -0.44955 0.89253
1731053519.303606272 8.09632 -12.45903 0.41964 0.01633 -0.03309 -0.44875 0.89290
1731053519.313606501 8.10476 -12.47405 0.41851 0.01344 -0.03572 -0.44789 0.89327
1731053519.323606730 8.11320 -12.48907 0.41730 0.01062 -0.03834 -0.44696 0.89367
1731053519.333606482 8.12155 -12.50410 0.41607 0.00791 -0.04096 -0.44592 0.89410
1731053519.343606472 8.12976 -12.51912 0.41486 0.00539 -0.04358 -0.44476 0.89457
1731053519.353606462 8.13786 -12.53409 0.41372 0.00305 -0.04619 -0.44351 0.89507
1731053519.363606691 8.14593 -12.54897 0.41270 0.00092 -0.04873 -0.44219 0.89560
1731053519.373606443 8.15404 -12.56371 0.41181 -0.00100 -0.05117 -0.44081 0.89614
1731053519.383606434 8.16225 -12.57826 0.41110 -0.00270 -0.05348 -0.43942 0.89668
1731053519.393606424 8.17061 -12.59260 0.41059 -0.00418 -0.05561 -0.43803 0.89723
1731053519.403606653 8.17908 -12.60680 0.41024 -0.00545 -0.05755 -0.43666 0.89777
1731053519.413606405 8.18762 -12.62093 0.40999 -0.00650 -0.05929 -0.43532 0.89830
1731053519.423606396 8.19616 -12.63508 0.40981 -0.00735 -0.06081 -0.43402 0.89882
1731053519.433606625 8.20464 -12.64935 0.40963 -0.00800 -0.06209 -0.43278 0.89932
1731053519.443606615 8.21304 -12.66378 0.40941 -0.00846 -0.06313 -0.43160 0.89981
1731053519.453606606 8.22136 -12.67834 0.40917 -0.00875 -0.06391 -0.43046 0.90030
1731053519.463606358 8.22965 -12.69295 0.40891 -0.00891 -0.06445 -0.42931 0.90081
1731053519.473606586 8.23794 -12.70754 0.40866 -0.00895 -0.06475 -0.42813 0.90135
1731053519.483606577 8.24627 -12.72204 0.40844 -0.00891 -0.06480 -0.42688 0.90194
1731053519.493606567 8.25466 -12.73638 0.40825 -0.00881 -0.06462 -0.42554 0.90259
1731053519.503606319 8.26313 -12.75057 0.40810 -0.00867 -0.06422 -0.42411 0.90329
1731053519.513606548 8.27167 -12.76460 0.40797 -0.00848 -0.06362 -0.42261 0.90403
1731053519.523606539 8.28028 -12.77848 0.40786 -0.00826 -0.06284 -0.42107 0.90481
1731053519.533606529 8.28896 -12.79222 0.40775 -0.00801 -0.06188 -0.41949 0.90561
1731053519.543606281 8.29772 -12.80581 0.40764 -0.00774 -0.06077 -0.41791 0.90642
1731053519.553606510 8.30654 -12.81927 0.40751 -0.00746 -0.05953 -0.41633 0.90723
1731053519.563606739 8.31543 -12.83260 0.40737 -0.00716 -0.05818 -0.41479 0.90803
1731053519.573606491 8.32439 -12.84581 0.40719 -0.00687 -0.05672 -0.41329 0.90881
1731053519.583606482 8.33341 -12.85889 0.40697 -0.00658 -0.05518 -0.41185 0.90955
1731053519.593606472 8.34249 -12.87180 0.40673 -0.00631 -0.05360 -0.41049 0.91027
1731053519.603606701 8.35156 -12.88428 0.40660 -0.00611 -0.05207 -0.40914 0.91096
1731053519.613606453 8.36055 -12.89600 0.40674 -0.00605 -0.05073 -0.40775 0.91167
1731053519.623606443 8.36941 -12.90670 0.40729 -0.00619 -0.04968 -0.40623 0.91240
1731053519.633606434 8.37817 -12.91671 0.40807 -0.00654 -0.04894 -0.40461 0.91316
1731053519.643606663 8.38694 -12.92676 0.40873 -0.00711 -0.04850 -0.40293 0.91392
1731053519.653606415 8.39585 -12.93758 0.40889 -0.00789 -0.04833 -0.40126 0.91466
1731053519.663606405 8.40493 -12.94948 0.40840 -0.00888 -0.04840 -0.39961 0.91536
1731053519.673606396 8.41414 -12.96218 0.40743 -0.01008 -0.04873 -0.39798 0.91604
1731053519.683606625 8.42342 -12.97531 0.40615 -0.01148 -0.04934 -0.39633 0.91671
1731053519.693606615 8.43272 -12.98858 0.40473 -0.01307 -0.05021 -0.39466 0.91736
1731053519.703606367 8.44216 -13.00190 0.40322 -0.01474 -0.05123 -0.39297 0.91800
1731053519.713606596 8.45188 -13.01524 0.40163 -0.01634 -0.05223 -0.39130 0.91863
1731053519.723606586 8.46198 -13.02857 0.39998 -0.01776 -0.05308 -0.38967 0.91925
1731053519.733606577 8.47235 -13.04190 0.39824 -0.01900 -0.05379 -0.38807 0.91986
1731053519.743606329 8.48274 -13.05527 0.39634 -0.02019 -0.05444 -0.38647 0.92047
1731053519.753606558 8.49290 -13.06875 0.39423 -0.02141 -0.05512 -0.38482 0.92109
1731053519.763606548 8.50270 -13.08233 0.39190 -0.02271 -0.05586 -0.38313 0.92172
1731053519.773606539 8.51227 -13.09594 0.38943 -0.02401 -0.05656 -0.38144 0.92235
1731053519.783606291 8.52172 -13.10952 0.38692 -0.02520 -0.05712 -0.37980 0.92296
1731053519.793606520 8.53117 -13.12301 0.38442 -0.02622 -0.05745 -0.37825 0.92355
1731053519.803606749 8.54063 -13.13644 0.38198 -0.02708 -0.05758 -0.37683 0.92409
1731053519.813606501 8.55009 -13.14987 0.37959 -0.02781 -0.05753 -0.37560 0.92458
1731053519.823606491 8.55955 -13.16335 0.37726 -0.02844 -0.05734 -0.37460 0.92498
1731053519.833606482 8.56901 -13.17693 0.37500 -0.02899 -0.05706 -0.37386 0.92527
1731053519.843606710 8.57845 -13.19067 0.37282 -0.02948 -0.05670 -0.37344 0.92545
1731053519.853606462 8.58789 -13.20454 0.37071 -0.02985 -0.05627 -0.37330 0.92552
1731053519.863606453 8.59732 -13.21854 0.36866 -0.03003 -0.05574 -0.37342 0.92550
1731053519.873606443 8.60675 -13.23266 0.36667 -0.02993 -0.05510 -0.37378 0.92540
1731053519.883606672 8.61618 -13.24686 0.36473 -0.02950 -0.05433 -0.37434 0.92523
1731053519.893606424 8.62563 -13.26115 0.36284 -0.02865 -0.05342 -0.37508 0.92501
1731053519.903606415 8.63505 -13.27550 0.36101 -0.02742 -0.05236 -0.37594 0.92476
1731053519.913606405 8.64443 -13.28988 0.35925 -0.02582 -0.05112 -0.37690 0.92448
1731053519.923606634 8.65372 -13.30429 0.35757 -0.02388 -0.04971 -0.37791 0.92420
1731053519.933606625 8.66289 -13.31871 0.35600 -0.02163 -0.04811 -0.37892 0.92393
1731053519.943606377 8.67193 -13.33311 0.35454 -0.01910 -0.04633 -0.37991 0.92367
1731053519.953606606 8.68082 -13.34753 0.35316 -0.01639 -0.04442 -0.38094 0.92339
1731053519.963606596 8.68957 -13.36197 0.35186 -0.01357 -0.04247 -0.38210 0.92305
1731053519.973606586 8.69818 -13.37647 0.35060 -0.01074 -0.04056 -0.38346 0.92261
1731053519.983606339 8.70664 -13.39105 0.34936 -0.00799 -0.03877 -0.38510 0.92202
1731053519.993606567 8.71497 -13.40570 0.34813 -0.00538 -0.03715 -0.38709 0.92128
1731053520.003606558 8.72318 -13.42032 0.34698 -0.00285 -0.03560 -0.38933 0.92041
1731053520.013606548 8.73130 -13.43479 0.34601 -0.00031 -0.03399 -0.39170 0.91946
1731053520.023606300 8.73935 -13.44900 0.34527 0.00233 -0.03220 -0.39410 0.91850
1731053520.033606529 8.74734 -13.46303 0.34465 0.00512 -0.03017 -0.39650 0.91752
1731053520.043606520 8.75526 -13.47711 0.34390 0.00807 -0.02788 -0.39891 0.91653
1731053520.053606510 8.76310 -13.49145 0.34278 0.01121 -0.02532 -0.40134 0.91551
1731053520.063606262 8.77086 -13.50614 0.34116 0.01448 -0.02253 -0.40381 0.91445
1731053520.073606491 8.77856 -13.52109 0.33912 0.01773 -0.01960 -0.40629 0.91336
1731053520.083606720 8.78622 -13.53621 0.33675 0.02082 -0.01666 -0.40878 0.91224
1731053520.093606472 8.79382 -13.55139 0.33413 0.02361 -0.01379 -0.41127 0.91110
1731053520.103606462 8.80124 -13.56650 0.33131 0.02609 -0.01099 -0.41375 0.90995
1731053520.113606453 8.80830 -13.58142 0.32834 0.02828 -0.00820 -0.41621 0.90879
1731053520.123606682 8.81487 -13.59605 0.32526 0.03020 -0.00540 -0.41864 0.90763
1731053520.133606434 8.82110 -13.61049 0.32206 0.03187 -0.00256 -0.42104 0.90648
1731053520.143606424 8.82733 -13.62497 0.31872 0.03335 0.00026 -0.42339 0.90534
1731053520.153606415 8.83390 -13.63971 0.31519 0.03467 0.00306 -0.42567 0.90421
1731053520.163606644 8.84094 -13.65482 0.31147 0.03584 0.00577 -0.42788 0.90310
1731053520.173606396 8.84826 -13.67013 0.30763 0.03681 0.00833 -0.43003 0.90203
1731053520.183606386 8.85565 -13.68549 0.30372 0.03751 0.01066 -0.43209 0.90098
1731053520.193606615 8.86294 -13.70078 0.29980 0.03791 0.01271 -0.43409 0.89998
1731053520.203606606 8.87014 -13.71601 0.29585 0.03808 0.01455 -0.43599 0.89903
1731053520.213606596 8.87732 -13.73124 0.29186 0.03810 0.01630 -0.43777 0.89813
1731053520.223606348 8.88453 -13.74651 0.28781 0.03807 0.01805 -0.43942 0.89729
1731053520.233606577 8.89182 -13.76189 0.28366 0.03808 0.01991 -0.44092 0.89652
1731053520.243606567 8.89924 -13.77741 0.27942 0.03820 0.02197 -0.44224 0.89581
1731053520.253606558 8.90678 -13.79304 0.27509 0.03845 0.02421 -0.44337 0.89518
1731053520.263606310 8.91441 -13.80871 0.27073 0.03883 0.02660 -0.44431 0.89463
1731053520.273606539 8.92211 -13.82438 0.26635 0.03933 0.02910 -0.44505 0.89417
1731053520.283606529 8.92986 -13.83998 0.26199 0.03995 0.03167 -0.44558 0.89379
1731053520.293606520 8.93764 -13.85549 0.25770 0.04068 0.03426 -0.44591 0.89350
1731053520.303606272 8.94549 -13.87091 0.25358 0.04148 0.03686 -0.44610 0.89326
1731053520.313606501 8.95350 -13.88627 0.24975 0.04230 0.03942 -0.44623 0.89305
1731053520.323606730 8.96170 -13.90160 0.24633 0.04310 0.04191 -0.44638 0.89282
1731053520.333606482 8.97008 -13.91689 0.24324 0.04391 0.04439 -0.44654 0.89258
1731053520.343606472 8.97855 -13.93211 0.24031 0.04480 0.04694 -0.44667 0.89234
1731053520.353606462 8.98705 -13.94724 0.23736 0.04586 0.04967 -0.44671 0.89212
1731053520.363606691 8.99549 -13.96220 0.23431 0.04711 0.05262 -0.44662 0.89193
1731053520.373606443 9.00383 -13.97679 0.23125 0.04854 0.05575 -0.44638 0.89178
1731053520.383606434 9.01200 -13.99083 0.22827 0.05011 0.05902 -0.44597 0.89169
1731053520.393606424 9.01997 -14.00420 0.22545 0.05180 0.06240 -0.44537 0.89167
1731053520.403606653 9.02782 -14.01704 0.22277 0.05362 0.06588 -0.44465 0.89167
1731053520.413606405 9.03566 -14.02954 0.22018 0.05554 0.06947 -0.44386 0.89167
1731053520.423606396 9.04359 -14.04191 0.21762 0.05758 0.07318 -0.44309 0.89163
1731053520.433606625 9.05170 -14.05434 0.21505 0.05973 0.07701 -0.44239 0.89151
1731053520.443606615 9.06009 -14.06700 0.21243 0.06198 0.08096 -0.44182 0.89129
1731053520.453606606 9.06874 -14.07981 0.20974 0.06429 0.08504 -0.44136 0.89097
1731053520.463606358 9.07763 -14.09268 0.20695 0.06661 0.08923 -0.44096 0.89059
1731053520.473606586 9.08673 -14.10548 0.20407 0.06890 0.09354 -0.44057 0.89017
1731053520.483606577 9.09602 -14.11813 0.20108 0.07112 0.09794 -0.44016 0.88972
1731053520.493606567 9.10547 -14.13053 0.19797 0.07321 0.10244 -0.43969 0.88928
1731053520.503606319 9.11505 -14.14273 0.19475 0.07516 0.10693 -0.43915 0.88886
1731053520.513606548 9.12475 -14.15482 0.19145 0.07694 0.11134 -0.43853 0.88847
1731053520.523606539 9.13454 -14.16687 0.18808 0.07854 0.11556 -0.43783 0.88813
1731053520.533606529 9.14439 -14.17896 0.18465 0.07993 0.11949 -0.43706 0.88787
1731053520.543606281 9.15429 -14.19115 0.18119 0.08109 0.12307 -0.43621 0.88770
1731053520.553606510 9.16421 -14.20348 0.17769 0.08203 0.12625 -0.43531 0.88760
1731053520.563606739 9.17415 -14.21593 0.17414 0.08276 0.12902 -0.43442 0.88757
1731053520.573606491 9.18408 -14.22853 0.17053 0.08329 0.13138 -0.43356 0.88760
1731053520.583606482 9.19398 -14.24127 0.16684 0.08362 0.13329 -0.43278 0.88766
1731053520.593606472 9.20385 -14.25417 0.16308 0.08377 0.13477 -0.43210 0.88776
1731053520.603606701 9.21369 -14.26720 0.15926 0.08375 0.13584 -0.43154 0.88787
1731053520.613606453 9.22350 -14.28037 0.15541 0.08359 0.13655 -0.43108 0.88799
1731053520.623606443 9.23328 -14.29365 0.15155 0.08330 0.13696 -0.43073 0.88813
1731053520.633606434 9.24306 -14.30705 0.14770 0.08292 0.13710 -0.43048 0.88826
1731053520.643606663 9.25282 -14.32053 0.14390 0.08246 0.13704 -0.43033 0.88839
1731053520.653606415 9.26258 -14.33411 0.14016 0.08194 0.13682 -0.43026 0.88850
1731053520.663606405 9.27234 -14.34775 0.13651 0.08138 0.13649 -0.43029 0.88859
1731053520.673606396 9.28211 -14.36145 0.13298 0.08081 0.13609 -0.43039 0.88866
1731053520.683606625 9.29189 -14.37520 0.12958 0.08025 0.13568 -0.43058 0.88868
1731053520.693606615 9.30168 -14.38898 0.12637 0.07970 0.13530 -0.43085 0.88865
1731053520.703606367 9.31143 -14.40272 0.12352 0.07918 0.13497 -0.43126 0.88856
1731053520.713606596 9.32107 -14.41636 0.12122 0.07866 0.13470 -0.43185 0.88835
1731053520.723606586 9.33055 -14.42983 0.11964 0.07815 0.13450 -0.43269 0.88802
1731053520.733606577 9.33989 -14.44320 0.11865 0.07760 0.13437 -0.43382 0.88754
1731053520.743606329 9.34915 -14.45662 0.11794 0.07699 0.13426 -0.43528 0.88689
1731053520.753606558 9.35841 -14.47025 0.11719 0.07628 0.13415 -0.43712 0.88607
1731053520.763606548 9.36770 -14.48415 0.11625 0.07548 0.13405 -0.43931 0.88506
1731053520.773606539 9.37698 -14.49827 0.11523 0.07467 0.13402 -0.44176 0.88392
1731053520.783606291 9.38618 -14.51254 0.11428 0.07390 0.13415 -0.44433 0.88267
1731053520.793606520 9.39529 -14.52690 0.11351 0.07328 0.13451 -0.44693 0.88136
1731053520.803606749 9.40434 -14.54126 0.11292 0.07291 0.13506 -0.44943 0.88003
1731053520.813606501 9.41339 -14.55555 0.11251 0.07290 0.13576 -0.45173 0.87874
1731053520.823606491 9.42250 -14.56968 0.11225 0.07336 0.13658 -0.45373 0.87755
1731053520.833606482 9.43164 -14.58364 0.11212 0.07426 0.13747 -0.45542 0.87646
1731053520.843606710 9.44072 -14.59749 0.11212 0.07549 0.13838 -0.45691 0.87543
1731053520.853606462 9.44967 -14.61125 0.11223 0.07696 0.13926 -0.45828 0.87445
1731053520.863606453 9.45843 -14.62492 0.11245 0.07855 0.14008 -0.45961 0.87348
1731053520.873606443 9.46701 -14.63842 0.11277 0.08015 0.14087 -0.46097 0.87249
1731053520.883606672 9.47541 -14.65167 0.11322 0.08165 0.14166 -0.46241 0.87146
1731053520.893606424 9.48364 -14.66463 0.11380 0.08296 0.14247 -0.46399 0.87036
1731053520.903606415 9.49174 -14.67735 0.11445 0.08411 0.14334 -0.46567 0.86921
1731053520.913606405 9.49977 -14.68993 0.11512 0.08516 0.14428 -0.46741 0.86802
1731053520.923606634 9.50776 -14.70246 0.11575 0.08614 0.14533 -0.46914 0.86681
1731053520.933606625 9.51575 -14.71505 0.11629 0.08713 0.14651 -0.47083 0.86560
1731053520.943606377 9.52380 -14.72777 0.11669 0.08814 0.14783 -0.47244 0.86440
1731053520.953606606 9.53190 -14.74061 0.11692 0.08918 0.14922 -0.47397 0.86321
1731053520.963606596 9.54006 -14.75355 0.11698 0.09021 0.15060 -0.47546 0.86204
1731053520.973606586 9.54829 -14.76658 0.11685 0.09121 0.15188 -0.47694 0.86090
1731053520.983606339 9.55659 -14.77967 0.11652 0.09215 0.15299 -0.47843 0.85977
1731053520.993606567 9.56494 -14.79279 0.11600 0.09301 0.15385 -0.47996 0.85867
1731053521.003606558 9.57334 -14.80584 0.11531 0.09376 0.15445 -0.48149 0.85763
1731053521.013606548 9.58176 -14.81873 0.11449 0.09439 0.15482 -0.48297 0.85666
1731053521.023606300 9.59017 -14.83135 0.11359 0.09487 0.15496 -0.48437 0.85579
1731053521.033606529 9.59862 -14.84378 0.11262 0.09520 0.15486 -0.48566 0.85504
1731053521.043606520 9.60721 -14.85620 0.11159 0.09538 0.15447 -0.48685 0.85441
1731053521.053606510 9.61604 -14.86878 0.11051 0.09542 0.15377 -0.48794 0.85391
1731053521.063606262 9.62513 -14.88160 0.10936 0.09533 0.15277 -0.48890 0.85355
1731053521.073606491 9.63443 -14.89464 0.10810 0.09507 0.15154 -0.48973 0.85332
1731053521.083606720 9.64388 -14.90783 0.10670 0.09463 0.15017 -0.49041 0.85323
1731053521.093606472 9.65341 -14.92114 0.10512 0.09401 0.14872 -0.49092 0.85325
1731053521.103606462 9.66302 -14.93452 0.10339 0.09324 0.14724 -0.49126 0.85340
1731053521.113606453 9.67271 -14.94796 0.10152 0.09237 0.14575 -0.49143 0.85365
1731053521.123606682 9.68247 -14.96143 0.09954 0.09146 0.14429 -0.49141 0.85401
1731053521.133606434 9.69230 -14.97491 0.09748 0.09055 0.14288 -0.49122 0.85445
1731053521.143606424 9.70219 -14.98838 0.09536 0.08970 0.14155 -0.49084 0.85498
1731053521.153606415 9.71216 -15.00181 0.09320 0.08896 0.14033 -0.49028 0.85558
1731053521.163606644 9.72218 -15.01517 0.09102 0.08837 0.13925 -0.48952 0.85625
1731053521.173606396 9.73226 -15.02845 0.08886 0.08800 0.13833 -0.48857 0.85698
1731053521.183606386 9.74240 -15.04161 0.08674 0.08790 0.13762 -0.48743 0.85776
1731053521.193606615 9.75261 -15.05463 0.08468 0.08809 0.13713 -0.48609 0.85858
1731053521.203606606 9.76292 -15.06745 0.08272 0.08855 0.13689 -0.48458 0.85942
1731053521.213606596 9.77341 -15.07999 0.08088 0.08924 0.13693 -0.48291 0.86028
1731053521.223606348 9.78412 -15.09220 0.07922 0.09010 0.13727 -0.48112 0.86114
1731053521.233606577 9.79500 -15.10413 0.07773 0.09109 0.13785 -0.47924 0.86199
1731053521.243606567 9.80596 -15.11591 0.07644 0.09213 0.13856 -0.47732 0.86283
1731053521.253606558 9.81691 -15.12767 0.07535 0.09317 0.13929 -0.47540 0.86366
1731053521.263606310 9.82780 -15.13946 0.07448 0.09414 0.13998 -0.47352 0.86448
1731053521.273606539 9.83865 -15.15114 0.07383 0.09501 0.14064 -0.47169 0.86528
1731053521.283606529 9.84950 -15.16260 0.07342 0.09575 0.14131 -0.46992 0.86605
1731053521.293606520 9.86037 -15.17374 0.07325 0.09635 0.14200 -0.46822 0.86679
1731053521.303606272 9.87127 -15.18460 0.07329 0.09684 0.14275 -0.46657 0.86750
1731053521.313606501 9.88218 -15.19524 0.07349 0.09728 0.14360 -0.46492 0.86820
1731053521.323606730 9.89310 -15.20576 0.07381 0.09774 0.14459 -0.46326 0.86887
1731053521.333606482 9.90402 -15.21621 0.07421 0.09826 0.14576 -0.46154 0.86953
1731053521.343606472 9.91494 -15.22666 0.07463 0.09889 0.14714 -0.45975 0.87018
1731053521.353606462 9.92587 -15.23714 0.07509 0.09955 0.14870 -0.45787 0.87082
1731053521.363606691 9.93680 -15.24766 0.07556 0.10017 0.15039 -0.45592 0.87149
1731053521.373606443 9.94777 -15.25822 0.07605 0.10065 0.15219 -0.45390 0.87217
1731053521.383606434 9.95877 -15.26884 0.07656 0.10092 0.15404 -0.45181 0.87290
1731053521.393606424 9.96982 -15.27951 0.07707 0.10090 0.15590 -0.44967 0.87368
1731053521.403606653 9.98096 -15.29016 0.07753 0.10059 0.15769 -0.44750 0.87450
1731053521.413606405 9.99221 -15.30070 0.07787 0.10001 0.15931 -0.44535 0.87537
1731053521.423606396 10.00362 -15.31105 0.07804 0.09919 0.16069 -0.44326 0.87628
1731053521.433606625 10.01513 -15.32128 0.07800 0.09815 0.16181 -0.44124 0.87720
1731053521.443606615 10.02664 -15.33154 0.07778 0.09693 0.16274 -0.43933 0.87813
1731053521.453606606 10.03805 -15.34199 0.07737 0.09557 0.16352 -0.43754 0.87902
1731053521.463606358 10.04932 -15.35270 0.07677 0.09413 0.16420 -0.43589 0.87987
1731053521.473606586 10.06048 -15.36366 0.07600 0.09268 0.16476 -0.43439 0.88067
1731053521.483606577 10.07157 -15.37481 0.07504 0.09129 0.16521 -0.43305 0.88138
1731053521.493606567 10.08262 -15.38614 0.07391 0.09002 0.16554 -0.43189 0.88202
1731053521.503606319 10.09364 -15.39761 0.07263 0.08889 0.16574 -0.43091 0.88258
1731053521.513606548 10.10461 -15.40922 0.07123 0.08788 0.16579 -0.43013 0.88305
1731053521.523606539 10.11553 -15.42095 0.06974 0.08698 0.16569 -0.42956 0.88344
1731053521.533606529 10.12639 -15.43277 0.06819 0.08619 0.16543 -0.42920 0.88374
1731053521.543606281 10.13718 -15.44469 0.06661 0.08549 0.16498 -0.42907 0.88395
1731053521.553606510 10.14790 -15.45668 0.06503 0.08488 0.16435 -0.42918 0.88407
1731053521.563606739 10.15853 -15.46872 0.06349 0.08436 0.16351 -0.42954 0.88411
1731053521.573606491 10.16907 -15.48080 0.06200 0.08390 0.16246 -0.43016 0.88404
1731053521.583606482 10.17951 -15.49291 0.06061 0.08350 0.16118 -0.43105 0.88388
1731053521.593606472 10.18985 -15.50505 0.05936 0.08318 0.15968 -0.43221 0.88362
1731053521.603606701 10.20012 -15.51730 0.05837 0.08298 0.15803 -0.43366 0.88322
1731053521.613606453 10.21033 -15.52974 0.05780 0.08300 0.15631 -0.43541 0.88267
1731053521.623606443 10.22053 -15.54247 0.05776 0.08331 0.15461 -0.43746 0.88192
1731053521.633606434 10.23066 -15.55543 0.05818 0.08384 0.15295 -0.43979 0.88100
1731053521.643606663 10.24061 -15.56847 0.05880 0.08446 0.15133 -0.44235 0.87994
1731053521.653606415 10.25029 -15.58145 0.05940 0.08504 0.14975 -0.44511 0.87876
1731053521.663606405 10.25964 -15.59430 0.05989 0.08548 0.14818 -0.44802 0.87750
1731053521.673606396 10.26869 -15.60709 0.06036 0.08573 0.14658 -0.45104 0.87620
1731053521.683606625 10.27744 -15.61986 0.06097 0.08577 0.14490 -0.45412 0.87488
1731053521.693606615 10.28592 -15.63269 0.06180 0.08558 0.14312 -0.45724 0.87357
1731053521.703606367 10.29421 -15.64557 0.06285 0.08524 0.14128 -0.46034 0.87227
1731053521.713606596 10.30236 -15.65851 0.06405 0.08483 0.13945 -0.46341 0.87098
1731053521.723606586 10.31044 -15.67151 0.06536 0.08448 0.13770 -0.46640 0.86970
1731053521.733606577 10.31852 -15.68457 0.06673 0.08426 0.13609 -0.46929 0.86842
1731053521.743606329 10.32665 -15.69769 0.06810 0.08426 0.13469 -0.47204 0.86714
1731053521.753606558 10.33481 -15.71087 0.06940 0.08450 0.13353 -0.47466 0.86587
1731053521.763606548 10.34296 -15.72411 0.07056 0.08496 0.13264 -0.47719 0.86457
1731053521.773606539 10.35108 -15.73740 0.07150 0.08564 0.13205 -0.47962 0.86324
1731053521.783606291 10.35913 -15.75074 0.07214 0.08654 0.13179 -0.48199 0.86188
1731053521.793606520 10.36708 -15.76413 0.07244 0.08765 0.13187 -0.48429 0.86046
1731053521.803606749 10.37496 -15.77755 0.07248 0.08895 0.13228 -0.48654 0.85899
1731053521.813606501 10.38279 -15.79098 0.07237 0.09041 0.13298 -0.48872 0.85749
1731053521.823606491 10.39061 -15.80440 0.07219 0.09202 0.13396 -0.49083 0.85596
1731053521.833606482 10.39845 -15.81779 0.07207 0.09375 0.13519 -0.49286 0.85441
1731053521.843606710 10.40632 -15.83114 0.07208 0.09557 0.13661 -0.49482 0.85285
1731053521.853606462 10.41426 -15.84447 0.07221 0.09745 0.13815 -0.49670 0.85130
1731053521.863606453 10.42227 -15.85783 0.07242 0.09934 0.13969 -0.49852 0.84976
1731053521.873606443 10.43036 -15.87125 0.07268 0.10122 0.14114 -0.50030 0.84826
1731053521.883606672 10.43855 -15.88476 0.07295 0.10302 0.14239 -0.50204 0.84680
1731053521.893606424 10.44684 -15.89840 0.07320 0.10471 0.14335 -0.50377 0.84540
1731053521.903606415 10.45522 -15.91215 0.07340 0.10625 0.14400 -0.50548 0.84408
1731053521.913606405 10.46365 -15.92597 0.07354 0.10758 0.14432 -0.50716 0.84285
1731053521.923606634 10.47211 -15.93983 0.07359 0.10867 0.14432 -0.50880 0.84172
1731053521.933606625 10.48058 -15.95370 0.07352 0.10945 0.14396 -0.51040 0.84071
1731053521.943606377 10.48903 -15.96755 0.07333 0.10989 0.14327 -0.51196 0.83982
1731053521.953606606 10.49744 -15.98132 0.07305 0.11003 0.14225 -0.51344 0.83907
1731053521.963606596 10.50581 -15.99496 0.07274 0.10992 0.14095 -0.51481 0.83846
1731053521.973606586 10.51413 -16.00841 0.07243 0.10960 0.13938 -0.51606 0.83800
1731053521.983606339 10.52238 -16.02161 0.07217 0.10912 0.13758 -0.51714 0.83769
1731053521.993606567 10.53055 -16.03453 0.07200 0.10852 0.13558 -0.51804 0.83754
1731053522.003606558 10.53871 -16.04727 0.07190 0.10780 0.13344 -0.51877 0.83752
1731053522.013606548 10.54689 -16.05995 0.07184 0.10696 0.13120 -0.51935 0.83763
1731053522.023606300 10.55515 -16.07269 0.07177 0.10600 0.12890 -0.51980 0.83783
1731053522.033606529 10.56355 -16.08560 0.07167 0.10491 0.12660 -0.52012 0.83812
1731053522.043606520 10.57212 -16.09879 0.07150 0.10370 0.12435 -0.52034 0.83847
1731053522.053606510 10.58085 -16.11220 0.07131 0.10241 0.12217 -0.52044 0.83888
1731053522.063606262 10.58974 -16.12576 0.07112 0.10110 0.12009 -0.52040 0.83937
1731053522.073606491 10.59876 -16.13939 0.07097 0.09982 0.11814 -0.52018 0.83993
1731053522.083606720 10.60788 -16.15301 0.07090 0.09862 0.11634 -0.51978 0.84058
1731053522.093606472 10.61710 -16.16658 0.07096 0.09755 0.11471 -0.51916 0.84131
1731053522.103606462 10.62646 -16.18008 0.07124 0.09656 0.11331 -0.51836 0.84211
1731053522.113606453 10.63599 -16.19356 0.07182 0.09561 0.11217 -0.51739 0.84296
1731053522.123606682 10.64574 -16.20704 0.07281 0.09466 0.11134 -0.51631 0.84384
1731053522.133606434 10.65569 -16.22049 0.07408 0.09370 0.11078 -0.51515 0.84473
1731053522.143606424 10.66581 -16.23386 0.07543 0.09278 0.11044 -0.51399 0.84558
1731053522.153606415 10.67604 -16.24710 0.07661 0.09192 0.11023 -0.51291 0.84636
1731053522.163606644 10.68635 -16.26017 0.07756 0.09114 0.11013 -0.51192 0.84706
1731053522.173606396 10.69669 -16.27308 0.07839 0.09047 0.11012 -0.51097 0.84770
1731053522.183606386 10.70702 -16.28585 0.07924 0.08989 0.11021 -0.51000 0.84833
1731053522.193606615 10.71732 -16.29848 0.08024 0.08941 0.11040 -0.50897 0.84898
1731053522.203606606 10.72757 -16.31097 0.08138 0.08902 0.11070 -0.50787 0.84964
1731053522.213606596 10.73777 -16.32332 0.08263 0.08872 0.11110 -0.50671 0.85031
1731053522.223606348 10.74791 -16.33552 0.08396 0.08850 0.11160 -0.50551 0.85099
1731053522.233606577 10.75800 -16.34756 0.08534 0.08836 0.11220 -0.50426 0.85166
1731053522.243606567 10.76803 -16.35945 0.08674 0.08829 0.11290 -0.50299 0.85233
1731053522.253606558 10.77799 -16.37118 0.08813 0.08827 0.11370 -0.50170 0.85298
1731053522.263606310 10.78789 -16.38274 0.08947 0.08831 0.11459 -0.50041 0.85362
1731053522.273606539 10.79771 -16.39413 0.09075 0.08839 0.11557 -0.49912 0.85423
1731053522.283606529 10.80746 -16.40534 0.09192 0.08852 0.11665 -0.49784 0.85482
1731053522.293606520 10.81715 -16.41639 0.09296 0.08868 0.11782 -0.49659 0.85537
1731053522.303606272 10.82681 -16.42733 0.09388 0.08888 0.11908 -0.49537 0.85588
1731053522.313606501 10.83649 -16.43824 0.09469 0.08911 0.12040 -0.49422 0.85634
1731053522.323606730 10.84626 -16.44918 0.09539 0.08938 0.12178 -0.49313 0.85674
1731053522.333606482 10.85615 -16.46024 0.09599 0.08968 0.12321 -0.49212 0.85708
1731053522.343606472 10.86621 -16.47145 0.09650 0.09002 0.12467 -0.49121 0.85736
1731053522.353606462 10.87641 -16.48283 0.09693 0.09037 0.12614 -0.49041 0.85756
1731053522.363606691 10.88672 -16.49435 0.09728 0.09070 0.12756 -0.48972 0.85771
1731053522.373606443 10.89710 -16.50599 0.09755 0.09097 0.12891 -0.48915 0.85781
1731053522.383606434 10.90751 -16.51773 0.09777 0.09116 0.13015 -0.48871 0.85786
1731053522.393606424 10.91792 -16.52956 0.09792 0.09124 0.13124 -0.48839 0.85786
1731053522.403606653 10.92831 -16.54145 0.09804 0.09119 0.13216 -0.48819 0.85784
1731053522.413606405 10.93868 -16.55339 0.09812 0.09103 0.13291 -0.48813 0.85778
1731053522.423606396 10.94902 -16.56538 0.09820 0.09074 0.13346 -0.48818 0.85769
1731053522.433606625 10.95931 -16.57739 0.09829 0.09031 0.13380 -0.48836 0.85758
1731053522.443606615 10.96955 -16.58941 0.09840 0.08975 0.13393 -0.48864 0.85746
1731053522.453606606 10.97972 -16.60144 0.09856 0.08905 0.13382 -0.48905 0.85732
1731053522.463606358 10.98983 -16.61345 0.09878 0.08820 0.13346 -0.48956 0.85717
1731053522.473606586 10.99985 -16.62544 0.09907 0.08720 0.13284 -0.49018 0.85702
1731053522.483606577 11.00978 -16.63738 0.09946 0.08604 0.13195 -0.49090 0.85686
1731053522.493606567 11.01961 -16.64927 0.09996 0.08474 0.13078 -0.49171 0.85670
1731053522.503606319 11.02935 -16.66111 0.10055 0.08331 0.12937 -0.49262 0.85653
1731053522.513606548 11.03900 -16.67289 0.10122 0.08182 0.12779 -0.49361 0.85634
1731053522.523606539 11.04856 -16.68462 0.10196 0.08030 0.12607 -0.49467 0.85613
1731053522.533606529 11.05804 -16.69629 0.10275 0.07881 0.12427 -0.49579 0.85588
1731053522.543606281 11.06744 -16.70790 0.10357 0.07739 0.12245 -0.49697 0.85559
1731053522.553606510 11.07677 -16.71946 0.10440 0.07608 0.12066 -0.49820 0.85525
1731053522.563606739 11.08603 -16.73095 0.10524 0.07493 0.11895 -0.49947 0.85485
1731053522.573606491 11.09523 -16.74239 0.10607 0.07398 0.11737 -0.50077 0.85439
1731053522.583606482 11.10437 -16.75376 0.10687 0.07329 0.11598 -0.50210 0.85386
1731053522.593606472 11.11346 -16.76507 0.10762 0.07289 0.11482 -0.50345 0.85326
1731053522.603606701 11.12248 -16.77633 0.10834 0.07276 0.11391 -0.50480 0.85259
1731053522.613606453 11.13144 -16.78754 0.10901 0.07287 0.11323 -0.50617 0.85186
1731053522.623606443 11.14033 -16.79870 0.10964 0.07319 0.11278 -0.50753 0.85108
1731053522.633606434 11.14914 -16.80982 0.11024 0.07370 0.11258 -0.50889 0.85025
1731053522.643606663 11.15786 -16.82090 0.11081 0.07437 0.11261 -0.51023 0.84939
1731053522.653606415 11.16649 -16.83195 0.11134 0.07517 0.11288 -0.51154 0.84849
1731053522.663606405 11.17502 -16.84298 0.11184 0.07607 0.11338 -0.51283 0.84756
1731053522.673606396 11.18344 -16.85399 0.11232 0.07705 0.11411 -0.51408 0.84662
1731053522.683606625 11.19175 -16.86499 0.11277 0.07807 0.11508 -0.51529 0.84566
1731053522.693606615 11.19995 -16.87597 0.11319 0.07911 0.11626 -0.51645 0.84469
1731053522.703606367 11.20806 -16.88693 0.11359 0.08017 0.11760 -0.51756 0.84373
1731053522.713606596 11.21610 -16.89784 0.11395 0.08122 0.11904 -0.51864 0.84276
1731053522.723606586 11.22411 -16.90869 0.11428 0.08227 0.12050 -0.51970 0.84180
1731053522.733606577 11.23211 -16.91946 0.11455 0.08331 0.12191 -0.52075 0.84084
1731053522.743606329 11.24013 -16.93014 0.11478 0.08433 0.12322 -0.52179 0.83990
1731053522.753606558 11.24817 -16.94073 0.11495 0.08534 0.12444 -0.52282 0.83898
1731053522.763606548 11.25623 -16.95125 0.11505 0.08636 0.12559 -0.52382 0.83809
1731053522.773606539 11.26429 -16.96172 0.11507 0.08740 0.12670 -0.52477 0.83721
1731053522.783606291 11.27236 -16.97214 0.11500 0.08848 0.12779 -0.52568 0.83636
1731053522.793606520 11.28042 -16.98252 0.11480 0.08960 0.12888 -0.52653 0.83554
1731053522.803606749 11.28847 -16.99288 0.11435 0.09073 0.12998 -0.52731 0.83476
1731053522.813606501 11.29646 -17.00321 0.11347 0.09182 0.13108 -0.52802 0.83402
1731053522.823606491 11.30438 -17.01351 0.11202 0.09284 0.13218 -0.52865 0.83333
1731053522.833606482 11.31223 -17.02383 0.11012 0.09381 0.13326 -0.52922 0.83269
1731053522.843606710 11.32003 -17.03422 0.10807 0.09478 0.13427 -0.52973 0.83209
1731053522.853606462 11.32780 -17.04473 0.10614 0.09581 0.13515 -0.53018 0.83154
1731053522.863606453 11.33558 -17.05539 0.10449 0.09689 0.13589 -0.53059 0.83104
1731053522.873606443 11.34340 -17.06619 0.10300 0.09792 0.13647 -0.53098 0.83057
1731053522.883606672 11.35132 -17.07713 0.10157 0.09880 0.13690 -0.53137 0.83015
1731053522.893606424 11.35936 -17.08819 0.10009 0.09943 0.13717 -0.53179 0.82976
1731053522.903606415 11.36755 -17.09936 0.09855 0.09981 0.13730 -0.53221 0.82942
1731053522.913606405 11.37589 -17.11065 0.09698 0.09998 0.13728 -0.53263 0.82913
1731053522.923606634 11.38438 -17.12204 0.09539 0.09995 0.13712 -0.53302 0.82891
1731053522.933606625 11.39303 -17.13354 0.09380 0.09974 0.13683 -0.53337 0.82876
1731053522.943606377 11.40186 -17.14514 0.09223 0.09939 0.13641 -0.53366 0.82868
1731053522.953606606 11.41085 -17.15683 0.09068 0.09891 0.13585 -0.53388 0.82870
1731053522.963606596 11.42003 -17.16863 0.08919 0.09833 0.13518 -0.53399 0.82880
1731053522.973606586 11.42939 -17.18051 0.08777 0.09767 0.13438 -0.53399 0.82901
1731053522.983606339 11.43895 -17.19247 0.08643 0.09696 0.13347 -0.53386 0.82932
1731053522.993606567 11.44869 -17.20452 0.08519 0.09622 0.13245 -0.53359 0.82975
1731053523.003606558 11.45859 -17.21662 0.08404 0.09547 0.13135 -0.53317 0.83028
1731053523.013606548 11.46858 -17.22875 0.08298 0.09475 0.13019 -0.53260 0.83091
1731053523.023606300 11.47863 -17.24088 0.08200 0.09407 0.12900 -0.53190 0.83162
1731053523.033606529 11.48868 -17.25298 0.08110 0.09345 0.12781 -0.53106 0.83241
1731053523.043606520 11.49868 -17.26504 0.08025 0.09293 0.12665 -0.53010 0.83326
1731053523.053606510 11.50864 -17.27704 0.07943 0.09252 0.12560 -0.52902 0.83415
1731053523.063606262 11.51856 -17.28899 0.07857 0.09223 0.12474 -0.52785 0.83505
1731053523.073606491 11.52844 -17.30091 0.07763 0.09210 0.12414 -0.52659 0.83595
1731053523.083606720 11.53829 -17.31278 0.07656 0.09213 0.12390 -0.52527 0.83681
1731053523.093606472 11.54810 -17.32462 0.07533 0.09235 0.12408 -0.52389 0.83763
1731053523.103606462 11.55793 -17.33642 0.07400 0.09274 0.12471 -0.52245 0.83838
1731053523.113606453 11.56780 -17.34819 0.07267 0.09329 0.12583 -0.52096 0.83908
1731053523.123606682 11.57776 -17.35993 0.07141 0.09400 0.12744 -0.51941 0.83973
1731053523.133606434 11.58785 -17.37164 0.07030 0.09484 0.12959 -0.51779 0.84030
1731053523.143606424 11.59811 -17.38332 0.06941 0.09581 0.13225 -0.51609 0.84082
1731053523.153606415 11.60853 -17.39492 0.06868 0.09686 0.13529 -0.51432 0.84130
1731053523.163606644 11.61913 -17.40641 0.06801 0.09792 0.13853 -0.51246 0.84178
1731053523.173606396 11.62990 -17.41773 0.06733 0.09896 0.14180 -0.51052 0.84230
1731053523.183606386 11.64085 -17.42885 0.06654 0.09991 0.14491 -0.50847 0.84290
1731053523.193606615 11.65197 -17.43973 0.06558 0.10073 0.14773 -0.50634 0.84359
1731053523.203606606 11.66323 -17.45044 0.06452 0.10142 0.15022 -0.50414 0.84439
1731053523.213606596 11.67458 -17.46108 0.06345 0.10199 0.15240 -0.50192 0.84525
1731053523.223606348 11.68599 -17.47172 0.06245 0.10243 0.15425 -0.49970 0.84618
1731053523.233606577 11.69742 -17.48245 0.06162 0.10276 0.15579 -0.49752 0.84714
1731053523.243606567 11.70882 -17.49335 0.06102 0.10297 0.15702 -0.49542 0.84812
1731053523.253606558 11.72023 -17.50440 0.06060 0.10308 0.15797 -0.49339 0.84911
1731053523.263606310 11.73167 -17.51558 0.06031 0.10307 0.15869 -0.49144 0.85011
1731053523.273606539 11.74316 -17.52687 0.06005 0.10295 0.15921 -0.48958 0.85110
1731053523.283606529 11.75473 -17.53824 0.05977 0.10272 0.15957 -0.48779 0.85208
1731053523.293606520 11.76640 -17.54968 0.05940 0.10238 0.15980 -0.48609 0.85305
1731053523.303606272 11.77812 -17.56115 0.05893 0.10196 0.15991 -0.48449 0.85399
1731053523.313606501 11.78982 -17.57263 0.05833 0.10146 0.15991 -0.48300 0.85489
1731053523.323606730 11.80145 -17.58412 0.05760 0.10092 0.15981 -0.48164 0.85574
1731053523.333606482 11.81295 -17.59558 0.05672 0.10035 0.15960 -0.48044 0.85653
1731053523.343606472 11.82427 -17.60702 0.05570 0.09977 0.15929 -0.47939 0.85724
1731053523.353606462 11.83543 -17.61845 0.05455 0.09916 0.15887 -0.47850 0.85788
1731053523.363606691 11.84648 -17.62992 0.05330 0.09852 0.15835 -0.47776 0.85847
1731053523.373606443 11.85746 -17.64148 0.05197 0.09781 0.15772 -0.47716 0.85900
1731053523.383606434 11.86840 -17.65316 0.05060 0.09702 0.15697 -0.47669 0.85948
1731053523.393606424 11.87933 -17.66500 0.04921 0.09614 0.15611 -0.47635 0.85993
1731053523.403606653 11.89025 -17.67700 0.04781 0.09517 0.15514 -0.47616 0.86032
1731053523.413606405 11.90114 -17.68915 0.04641 0.09413 0.15410 -0.47611 0.86064
1731053523.423606396 11.91198 -17.70145 0.04503 0.09304 0.15301 -0.47623 0.86089
1731053523.433606625 11.92276 -17.71390 0.04368 0.09191 0.15188 -0.47654 0.86104
1731053523.443606615 11.93346 -17.72648 0.04236 0.09076 0.15073 -0.47703 0.86109
1731053523.453606606 11.94407 -17.73920 0.04109 0.08961 0.14960 -0.47773 0.86102
1731053523.463606358 11.95457 -17.75204 0.03988 0.08846 0.14849 -0.47865 0.86082
1731053523.473606586 11.96494 -17.76500 0.03874 0.08733 0.14743 -0.47981 0.86048
1731053523.483606577 11.97516 -17.77808 0.03768 0.08624 0.14644 -0.48121 0.85997
1731053523.493606567 11.98523 -17.79126 0.03672 0.08521 0.14554 -0.48286 0.85930
1731053523.503606319 11.99517 -17.80451 0.03587 0.08426 0.14471 -0.48473 0.85848
1731053523.513606548 12.00501 -17.81779 0.03517 0.08340 0.14391 -0.48678 0.85754
1731053523.523606539 12.01477 -17.83107 0.03464 0.08265 0.14312 -0.48896 0.85651
1731053523.533606529 12.02448 -17.84430 0.03430 0.08205 0.14230 -0.49124 0.85540
1731053523.543606281 12.03416 -17.85746 0.03416 0.08160 0.14144 -0.49357 0.85424
1731053523.553606510 12.04379 -17.87054 0.03419 0.08132 0.14053 -0.49590 0.85307
1731053523.563606739 12.05335 -17.88356 0.03433 0.08119 0.13956 -0.49818 0.85191
1731053523.573606491 12.06281 -17.89652 0.03452 0.08122 0.13853 -0.50037 0.85079
1731053523.583606482 12.07214 -17.90944 0.03470 0.08140 0.13745 -0.50241 0.84975
1731053523.593606472 12.08132 -17.92233 0.03484 0.08173 0.13630 -0.50426 0.84880
1731053523.603606701 12.09035 -17.93518 0.03490 0.08221 0.13514 -0.50595 0.84793
1731053523.613606453 12.09924 -17.94800 0.03491 0.08285 0.13399 -0.50751 0.84712
1731053523.623606443 12.10800 -17.96078 0.03485 0.08363 0.13290 -0.50897 0.84634
1731053523.633606434 12.11664 -17.97353 0.03471 0.08456 0.13192 -0.51035 0.84557
1731053523.643606663 12.12515 -17.98624 0.03451 0.08564 0.13108 -0.51170 0.84478
1731053523.653606415 12.13355 -17.99891 0.03423 0.08687 0.13042 -0.51304 0.84394
1731053523.663606405 12.14184 -18.01154 0.03388 0.08825 0.12999 -0.51441 0.84303
1731053523.673606396 12.15003 -18.02414 0.03345 0.08978 0.12983 -0.51583 0.84202
1731053523.683606625 12.15813 -18.03669 0.03294 0.09145 0.12998 -0.51733 0.84090
1731053523.693606615 12.16615 -18.04921 0.03235 0.09326 0.13046 -0.51894 0.83963
1731053523.703606367 12.17410 -18.06172 0.03164 0.09516 0.13119 -0.52063 0.83826
1731053523.713606596 12.18200 -18.07428 0.03080 0.09709 0.13208 -0.52235 0.83682
1731053523.723606586 12.18986 -18.08693 0.02979 0.09899 0.13304 -0.52407 0.83537
1731053523.733606577 12.19771 -18.09970 0.02858 0.10081 0.13398 -0.52575 0.83395
1731053523.743606329 12.20557 -18.11264 0.02717 0.10249 0.13481 -0.52736 0.83260
1731053523.753606558 12.21346 -18.12571 0.02556 0.10402 0.13550 -0.52888 0.83132
1731053523.763606548 12.22141 -18.13891 0.02381 0.10537 0.13605 -0.53033 0.83014
1731053523.773606539 12.22944 -18.15220 0.02195 0.10653 0.13642 -0.53169 0.82906
1731053523.783606291 12.23760 -18.16556 0.02002 0.10748 0.13661 -0.53298 0.82808
1731053523.793606520 12.24589 -18.17896 0.01806 0.10820 0.13661 -0.53418 0.82721
1731053523.803606749 12.25433 -18.19240 0.01607 0.10871 0.13642 -0.53529 0.82646
1731053523.813606501 12.26290 -18.20588 0.01408 0.10901 0.13605 -0.53630 0.82582
1731053523.823606491 12.27161 -18.21939 0.01209 0.10913 0.13552 -0.53721 0.82531
1731053523.833606482 12.28046 -18.23292 0.01011 0.10908 0.13482 -0.53799 0.82492
1731053523.843606710 12.28943 -18.24648 0.00816 0.10886 0.13399 -0.53864 0.82466
1731053523.853606462 12.29854 -18.26006 0.00625 0.10850 0.13302 -0.53916 0.82453
1731053523.863606453 12.30777 -18.27365 0.00438 0.10800 0.13192 -0.53952 0.82453
1731053523.873606443 12.31712 -18.28726 0.00258 0.10738 0.13071 -0.53972 0.82467
1731053523.883606672 12.32659 -18.30088 0.00085 0.10666 0.12940 -0.53975 0.82495
1731053523.893606424 12.33617 -18.31450 -0.00080 0.10585 0.12800 -0.53960 0.82538
1731053523.903606415 12.34586 -18.32810 -0.00239 0.10498 0.12655 -0.53925 0.82594
1731053523.913606405 12.35563 -18.34165 -0.00393 0.10410 0.12510 -0.53870 0.82663
1731053523.923606634 12.36547 -18.35515 -0.00543 0.10323 0.12369 -0.53792 0.82745
1731053523.933606625 12.37536 -18.36855 -0.00691 0.10243 0.12235 -0.53692 0.82840
1731053523.943606377 12.38528 -18.38184 -0.00839 0.10173 0.12115 -0.53568 0.82947
1731053523.953606606 12.39526 -18.39501 -0.00983 0.10116 0.12010 -0.53424 0.83062
1731053523.963606596 12.40530 -18.40809 -0.01122 0.10075 0.11925 -0.53264 0.83182
1731053523.973606586 12.41541 -18.42106 -0.01253 0.10054 0.11863 -0.53093 0.83303
1731053523.983606339 12.42561 -18.43393 -0.01372 0.10057 0.11827 -0.52914 0.83421
1731053523.993606567 12.43588 -18.44669 -0.01480 0.10083 0.11821 -0.52732 0.83534
1731053524.003606558 12.44612 -18.45928 -0.01588 0.10128 0.11846 -0.52551 0.83639
1731053524.013606548 12.45618 -18.47162 -0.01713 0.10182 0.11902 -0.52373 0.83736
1731053524.023606300 12.46594 -18.48364 -0.01868 0.10237 0.11992 -0.52201 0.83824
1731053524.033606529 12.47550 -18.49541 -0.02041 0.10291 0.12116 -0.52033 0.83904
1731053524.043606520 12.48511 -18.50704 -0.02209 0.10347 0.12278 -0.51862 0.83979
1731053524.053606510 12.49500 -18.51867 -0.02345 0.10405 0.12482 -0.51683 0.84053
1731053524.063606262 12.50527 -18.53032 -0.02440 0.10467 0.12724 -0.51492 0.84126
1731053524.073606491 12.51573 -18.54182 -0.02501 0.10532 0.12991 -0.51292 0.84199
1731053524.083606720 12.52619 -18.55299 -0.02543 0.10599 0.13272 -0.51086 0.84272
1731053524.093606472 12.53651 -18.56373 -0.02574 0.10666 0.13554 -0.50876 0.84346
1731053524.103606462 12.54673 -18.57413 -0.02597 0.10729 0.13833 -0.50661 0.84421
1731053524.113606453 12.55695 -18.58437 -0.02612 0.10783 0.14104 -0.50441 0.84501
1731053524.123606682 12.56725 -18.59462 -0.02621 0.10825 0.14364 -0.50214 0.84588
1731053524.133606434 12.57774 -18.60506 -0.02623 0.10849 0.14609 -0.49979 0.84682
1731053524.143606424 12.58850 -18.61581 -0.02621 0.10853 0.14837 -0.49734 0.84786
1731053524.153606415 12.59952 -18.62685 -0.02617 0.10835 0.15045 -0.49482 0.84898
1731053524.163606644 12.61079 -18.63810 -0.02617 0.10796 0.15232 -0.49227 0.85019
1731053524.173606396 12.62229 -18.64949 -0.02624 0.10737 0.15395 -0.48970 0.85145
1731053524.183606386 12.63403 -18.66096 -0.02643 0.10657 0.15534 -0.48715 0.85276
1731053524.193606615 12.64596 -18.67243 -0.02677 0.10558 0.15647 -0.48465 0.85410
1731053524.203606606 12.65803 -18.68394 -0.02724 0.10443 0.15733 -0.48221 0.85546
1731053524.213606596 12.67016 -18.69552 -0.02780 0.10312 0.15792 -0.47987 0.85683
1731053524.223606348 12.68229 -18.70720 -0.02843 0.10169 0.15823 -0.47764 0.85819
1731053524.233606577 12.69434 -18.71902 -0.02908 0.10017 0.15826 -0.47554 0.85952
1731053524.243606567 12.70626 -18.73100 -0.02973 0.09857 0.15801 -0.47360 0.86083
1731053524.253606558 12.71805 -18.74313 -0.03037 0.09690 0.15749 -0.47179 0.86210
1731053524.263606310 12.72975 -18.75536 -0.03100 0.09517 0.15672 -0.47012 0.86335
1731053524.273606539 12.74138 -18.76768 -0.03163 0.09339 0.15574 -0.46856 0.86457
1731053524.283606529 12.75298 -18.78004 -0.03225 0.09155 0.15455 -0.46710 0.86576
1731053524.293606520 12.76457 -18.79242 -0.03286 0.08967 0.15319 -0.46574 0.86694
1731053524.303606272 12.77618 -18.80480 -0.03336 0.08779 0.15167 -0.46451 0.86805
1731053524.313606501 12.78784 -18.81713 -0.03366 0.08596 0.15004 -0.46346 0.86908
1731053524.323606730 12.79958 -18.82939 -0.03369 0.08421 0.14833 -0.46262 0.86999
1731053524.333606482 12.81135 -18.84166 -0.03350 0.08259 0.14660 -0.46205 0.87075
1731053524.343606472 12.82305 -18.85404 -0.03325 0.08112 0.14492 -0.46175 0.87132
1731053524.353606462 12.83458 -18.86667 -0.03311 0.07985 0.14337 -0.46177 0.87169
1731053524.363606691 12.84588 -18.87959 -0.03312 0.07876 0.14196 -0.46210 0.87184
1731053524.373606443 12.85697 -18.89273 -0.03316 0.07774 0.14062 -0.46273 0.87182
1731053524.383606434 12.86783 -18.90600 -0.03309 0.07670 0.13927 -0.46363 0.87164
1731053524.393606424 12.87848 -18.91935 -0.03281 0.07555 0.13786 -0.46479 0.87136
1731053524.403606653 12.88894 -18.93275 -0.03231 0.07432 0.13639 -0.46613 0.87097
1731053524.413606405 12.89922 -18.94619 -0.03165 0.07308 0.13491 -0.46762 0.87051
1731053524.423606396 12.90936 -18.95965 -0.03086 0.07189 0.13345 -0.46919 0.86999
1731053524.433606625 12.91936 -18.97313 -0.02998 0.07080 0.13205 -0.47079 0.86943
1731053524.443606615 12.92924 -18.98660 -0.02904 0.06987 0.13074 -0.47237 0.86885
1731053524.453606606 12.93904 -19.00005 -0.02809 0.06917 0.12957 -0.47386 0.86826
1731053524.463606358 12.94876 -19.01348 -0.02717 0.06876 0.12856 -0.47522 0.86770
1731053524.473606586 12.95844 -19.02687 -0.02630 0.06868 0.12775 -0.47639 0.86719
1731053524.483606577 12.96808 -19.04020 -0.02553 0.06902 0.12719 -0.47732 0.86673
1731053524.493606567 12.97770 -19.05344 -0.02493 0.06979 0.12690 -0.47798 0.86635
1731053524.503606319 12.98720 -19.06642 -0.02464 0.07095 0.12693 -0.47848 0.86597
1731053524.513606548 12.99651 -19.07894 -0.02487 0.07243 0.12732 -0.47896 0.86553
1731053524.523606539 13.00552 -19.09084 -0.02575 0.07414 0.12809 -0.47954 0.86495
1731053524.533606529 13.01431 -19.10229 -0.02715 0.07604 0.12923 -0.48023 0.86423
1731053524.543606281 13.02303 -19.11367 -0.02870 0.07810 0.13070 -0.48099 0.86341
1731053524.553606510 13.03185 -19.12537 -0.03006 0.08027 0.13246 -0.48174 0.86252
1731053524.563606739 13.04084 -19.13755 -0.03109 0.08252 0.13442 -0.48246 0.86160
1731053524.573606491 13.04989 -19.15003 -0.03199 0.08478 0.13648 -0.48317 0.86066
1731053524.583606482 13.05890 -19.16257 -0.03298 0.08702 0.13852 -0.48389 0.85971
1731053524.593606472 13.06780 -19.17503 -0.03423 0.08916 0.14043 -0.48463 0.85876
1731053524.603606701 13.07661 -19.18743 -0.03572 0.09120 0.14215 -0.48539 0.85783
1731053524.613606453 13.08538 -19.19984 -0.03737 0.09313 0.14366 -0.48617 0.85693
1731053524.623606443 13.09415 -19.21235 -0.03910 0.09494 0.14490 -0.48696 0.85607
1731053524.633606434 13.10296 -19.22505 -0.04082 0.09662 0.14584 -0.48776 0.85527
1731053524.643606663 13.11186 -19.23800 -0.04247 0.09815 0.14643 -0.48856 0.85454
1731053524.653606415 13.12086 -19.25118 -0.04408 0.09950 0.14667 -0.48935 0.85389
1731053524.663606405 13.12994 -19.26457 -0.04567 0.10062 0.14654 -0.49013 0.85333
1731053524.673606396 13.13910 -19.27813 -0.04726 0.10148 0.14604 -0.49089 0.85288
1731053524.683606625 13.14835 -19.29183 -0.04891 0.10202 0.14515 -0.49162 0.85254
1731053524.693606615 13.15768 -19.30565 -0.05062 0.10223 0.14389 -0.49232 0.85233
1731053524.703606367 13.16708 -19.31956 -0.05239 0.10213 0.14230 -0.49296 0.85224
1731053524.713606596 13.17654 -19.33355 -0.05420 0.10179 0.14046 -0.49355 0.85225
1731053524.723606586 13.18606 -19.34759 -0.05602 0.10126 0.13843 -0.49405 0.85235
1731053524.733606577 13.19563 -19.36166 -0.05784 0.10058 0.13629 -0.49447 0.85253
1731053524.743606329 13.20525 -19.37575 -0.05964 0.09982 0.13412 -0.49478 0.85279
1731053524.753606558 13.21490 -19.38983 -0.06140 0.09903 0.13197 -0.49496 0.85310
1731053524.763606548 13.22459 -19.40388 -0.06310 0.09825 0.12992 -0.49502 0.85348
1731053524.773606539 13.23430 -19.41789 -0.06472 0.09755 0.12805 -0.49493 0.85389
1731053524.783606291 13.24402 -19.43183 -0.06624 0.09698 0.12641 -0.49468 0.85434
1731053524.793606520 13.25376 -19.44567 -0.06763 0.09658 0.12507 -0.49427 0.85482
1731053524.803606749 13.26356 -19.45937 -0.06887 0.09637 0.12402 -0.49370 0.85533
1731053524.813606501 13.27347 -19.47285 -0.06992 0.09634 0.12322 -0.49297 0.85587
1731053524.823606491 13.28351 -19.48608 -0.07075 0.09649 0.12264 -0.49211 0.85643
1731053524.833606482 13.29374 -19.49906 -0.07141 0.09670 0.12222 -0.49114 0.85703
1731053524.843606710 13.30416 -19.51190 -0.07201 0.09679 0.12187 -0.49008 0.85767
1731053524.853606462 13.31480 -19.52468 -0.07264 0.09657 0.12150 -0.48899 0.85837
1731053524.863606453 13.32563 -19.53744 -0.07333 0.09601 0.12109 -0.48788 0.85912
1731053524.873606443 13.33660 -19.55017 -0.07398 0.09530 0.12067 -0.48674 0.85990
1731053524.883606672 13.34760 -19.56285 -0.07449 0.09462 0.12031 -0.48557 0.86069
1731053524.893606424 13.35859 -19.57546 -0.07477 0.09416 0.12005 -0.48436 0.86146
1731053524.903606415 13.36954 -19.58800 -0.07484 0.09394 0.11991 -0.48310 0.86222
1731053524.913606405 13.38046 -19.60047 -0.07472 0.09393 0.11991 -0.48179 0.86295
1731053524.923606634 13.39135 -19.61285 -0.07444 0.09415 0.12005 -0.48044 0.86365
1731053524.933606625 13.40222 -19.62515 -0.07404 0.09456 0.12036 -0.47905 0.86434
1731053524.943606377 13.41308 -19.63736 -0.07353 0.09517 0.12085 -0.47761 0.86500
1731053524.953606606 13.42391 -19.64948 -0.07296 0.09596 0.12153 -0.47612 0.86564
1731053524.963606596 13.43474 -19.66151 -0.07234 0.09692 0.12242 -0.47458 0.86625
1731053524.973606586 13.44555 -19.67345 -0.07172 0.09805 0.12352 -0.47300 0.86683
1731053524.983606339 13.45636 -19.68529 -0.07111 0.09932 0.12486 -0.47137 0.86739
1731053524.993606567 13.46717 -19.69701 -0.07055 0.10070 0.12642 -0.46969 0.86791
1731053525.003606558 13.47797 -19.70856 -0.07009 0.10206 0.12813 -0.46801 0.86841
1731053525.013606548 13.48877 -19.71986 -0.06978 0.10320 0.12989 -0.46636 0.86890
1731053525.023606300 13.49956 -19.73087 -0.06965 0.10398 0.13159 -0.46480 0.86939
1731053525.033606529 13.51034 -19.74171 -0.06971 0.10439 0.13320 -0.46331 0.86989
1731053525.043606520 13.52112 -19.75261 -0.06991 0.10453 0.13472 -0.46183 0.87042
1731053525.053606510 13.53191 -19.76381 -0.07022 0.10450 0.13617 -0.46031 0.87101
1731053525.063606262 13.54269 -19.77541 -0.07062 0.10436 0.13752 -0.45875 0.87163
1731053525.073606491 13.55343 -19.78725 -0.07113 0.10406 0.13872 -0.45720 0.87229
1731053525.083606720 13.56408 -19.79917 -0.07177 0.10359 0.13971 -0.45572 0.87297
1731053525.093606472 13.57463 -19.81104 -0.07257 0.10291 0.14043 -0.45437 0.87363
1731053525.103606462 13.58509 -19.82288 -0.07351 0.10205 0.14088 -0.45317 0.87429
1731053525.113606453 13.59550 -19.83478 -0.07458 0.10106 0.14107 -0.45210 0.87492
1731053525.123606682 13.60590 -19.84679 -0.07578 0.09998 0.14100 -0.45118 0.87554
1731053525.133606434 13.61632 -19.85899 -0.07708 0.09884 0.14067 -0.45040 0.87612
1731053525.143606424 13.62679 -19.87144 -0.07846 0.09767 0.14010 -0.44978 0.87666
1731053525.153606415 13.63728 -19.88411 -0.07991 0.09651 0.13932 -0.44929 0.87716
1731053525.163606644 13.64779 -19.89695 -0.08140 0.09538 0.13836 -0.44895 0.87761
1731053525.173606396 13.65827 -19.90992 -0.08290 0.09428 0.13726 -0.44874 0.87801
1731053525.183606386 13.66870 -19.92297 -0.08439 0.09325 0.13606 -0.44865 0.87836
1731053525.193606615 13.67907 -19.93608 -0.08581 0.09229 0.13479 -0.44868 0.87863
1731053525.203606606 13.68940 -19.94923 -0.08706 0.09141 0.13345 -0.44889 0.87883
1731053525.213606596 13.69974 -19.96244 -0.08800 0.09061 0.13202 -0.44931 0.87891
1731053525.223606348 13.71012 -19.97571 -0.08851 0.08989 0.13049 -0.44999 0.87886
1731053525.233606577 13.72048 -19.98903 -0.08864 0.08920 0.12890 -0.45096 0.87867
1731053525.243606567 13.73070 -20.00235 -0.08857 0.08848 0.12730 -0.45223 0.87832
1731053525.253606558 13.74066 -20.01567 -0.08848 0.08767 0.12576 -0.45381 0.87781
1731053525.263606310 13.75034 -20.02900 -0.08844 0.08675 0.12432 -0.45568 0.87714
1731053525.273606539 13.75981 -20.04251 -0.08841 0.08575 0.12299 -0.45779 0.87633
1731053525.283606529 13.76917 -20.05633 -0.08830 0.08470 0.12179 -0.46010 0.87539
1731053525.293606520 13.77849 -20.07056 -0.08808 0.08365 0.12073 -0.46256 0.87434
1731053525.303606272 13.78778 -20.08512 -0.08772 0.08264 0.11979 -0.46511 0.87321
1731053525.313606501 13.79700 -20.09986 -0.08725 0.08173 0.11897 -0.46768 0.87203
1731053525.323606730 13.80614 -20.11465 -0.08666 0.08096 0.11826 -0.47022 0.87083
1731053525.333606482 13.81518 -20.12933 -0.08597 0.08039 0.11765 -0.47267 0.86964
1731053525.343606472 13.82409 -20.14379 -0.08518 0.08007 0.11713 -0.47497 0.86849
1731053525.353606462 13.83287 -20.15799 -0.08433 0.08000 0.11672 -0.47712 0.86737
1731053525.363606691 13.84149 -20.17192 -0.08346 0.08021 0.11642 -0.47917 0.86626
1731053525.373606443 13.84997 -20.18557 -0.08259 0.08071 0.11627 -0.48111 0.86516
1731053525.383606434 13.85828 -20.19892 -0.08176 0.08149 0.11628 -0.48296 0.86405
1731053525.393606424 13.86642 -20.21198 -0.08100 0.08258 0.11647 -0.48476 0.86292
1731053525.403606653 13.87442 -20.22482 -0.08032 0.08392 0.11687 -0.48650 0.86175
1731053525.413606405 13.88233 -20.23753 -0.07971 0.08547 0.11754 -0.48819 0.86055
1731053525.423606396 13.89018 -20.25021 -0.07918 0.08718 0.11851 -0.48985 0.85931
1731053525.433606625 13.89802 -20.26296 -0.07872 0.08900 0.11984 -0.49147 0.85801
1731053525.443606615 13.90586 -20.27583 -0.07833 0.09088 0.12154 -0.49307 0.85665
1731053525.453606606 13.91370 -20.28883 -0.07804 0.09279 0.12350 -0.49466 0.85525
1731053525.463606358 13.92153 -20.30191 -0.07786 0.09469 0.12559 -0.49623 0.85383
1731053525.473606586 13.92932 -20.31505 -0.07782 0.09655 0.12768 -0.49779 0.85240
1731053525.483606577 13.93706 -20.32822 -0.07794 0.09833 0.12963 -0.49934 0.85099
1731053525.493606567 13.94475 -20.34138 -0.07823 0.10001 0.13134 -0.50089 0.84962
1731053525.503606319 13.95243 -20.35457 -0.07866 0.10157 0.13276 -0.50245 0.84830
1731053525.513606548 13.96014 -20.36782 -0.07919 0.10300 0.13384 -0.50401 0.84703
1731053525.523606539 13.96796 -20.38115 -0.07976 0.10428 0.13455 -0.50559 0.84581
1731053525.533606529 13.97592 -20.39461 -0.08033 0.10541 0.13487 -0.50720 0.84466
1731053525.543606281 13.98407 -20.40821 -0.08088 0.10637 0.13477 -0.50883 0.84357
1731053525.553606510 13.99240 -20.42197 -0.08142 0.10713 0.13429 -0.51047 0.84256
1731053525.563606739 14.00086 -20.43586 -0.08198 0.10765 0.13348 -0.51209 0.84164
1731053525.573606491 14.00944 -20.44989 -0.08260 0.10790 0.13240 -0.51369 0.84080
1731053525.583606482 14.01810 -20.46405 -0.08330 0.10784 0.13108 -0.51524 0.84007
1731053525.593606472 14.02682 -20.47833 -0.08411 0.10745 0.12958 -0.51673 0.83944
1731053525.603606701 14.03558 -20.49271 -0.08501 0.10676 0.12794 -0.51812 0.83892
1731053525.613606453 14.04439 -20.50717 -0.08599 0.10583 0.12620 -0.51942 0.83850
1731053525.623606443 14.05324 -20.52167 -0.08701 0.10469 0.12438 -0.52059 0.83819
1731053525.633606434 14.06212 -20.53620 -0.08807 0.10341 0.12252 -0.52162 0.83798
1731053525.643606663 14.07105 -20.55073 -0.08914 0.10202 0.12066 -0.52249 0.83787
1731053525.653606415 14.08001 -20.56523 -0.09019 0.10057 0.11883 -0.52319 0.83788
1731053525.663606405 14.08900 -20.57967 -0.09120 0.09911 0.11706 -0.52369 0.83798
1731053525.673606396 14.09802 -20.59404 -0.09216 0.09770 0.11539 -0.52399 0.83820
1731053525.683606625 14.10707 -20.60831 -0.09303 0.09637 0.11386 -0.52405 0.83852
1731053525.693606615 14.11614 -20.62246 -0.09382 0.09517 0.11248 -0.52387 0.83895
1731053525.703606367 14.12526 -20.63652 -0.09459 0.09411 0.11122 -0.52349 0.83948
1731053525.713606596 14.13445 -20.65052 -0.09539 0.09319 0.11003 -0.52293 0.84009
1731053525.723606586 14.14373 -20.66450 -0.09631 0.09241 0.10885 -0.52224 0.84076
1731053525.733606577 14.15309 -20.67838 -0.09724 0.09172 0.10775 -0.52143 0.84148
1731053525.743606329 14.16252 -20.69203 -0.09801 0.09109 0.10682 -0.52053 0.84222
1731053525.753606558 14.17200 -20.70530 -0.09844 0.09045 0.10617 -0.51958 0.84296
1731053525.763606548 14.18152 -20.71816 -0.09847 0.08978 0.10581 -0.51857 0.84370
1731053525.773606539 14.19111 -20.73075 -0.09820 0.08913 0.10563 -0.51751 0.84444
1731053525.783606291 14.20076 -20.74322 -0.09777 0.08854 0.10547 -0.51640 0.84520
1731053525.793606520 14.21051 -20.75570 -0.09729 0.08806 0.10523 -0.51522 0.84600
1731053525.803606749 14.22034 -20.76820 -0.09679 0.08771 0.10495 -0.51397 0.84683
1731053525.813606501 14.23025 -20.78070 -0.09632 0.08752 0.10465 -0.51266 0.84769
1731053525.823606491 14.24025 -20.79318 -0.09590 0.08749 0.10441 -0.51128 0.84855
1731053525.833606482 14.25032 -20.80563 -0.09556 0.08767 0.10426 -0.50983 0.84942
1731053525.843606710 14.26046 -20.81804 -0.09532 0.08806 0.10426 -0.50832 0.85029
1731053525.853606462 14.27067 -20.83038 -0.09522 0.08869 0.10446 -0.50674 0.85114
1731053525.863606453 14.28094 -20.84264 -0.09528 0.08957 0.10490 -0.50509 0.85197
1731053525.873606443 14.29127 -20.85480 -0.09554 0.09074 0.10565 -0.50337 0.85277
1731053525.883606672 14.30166 -20.86685 -0.09602 0.09221 0.10676 -0.50158 0.85353
1731053525.893606424 14.31211 -20.87878 -0.09673 0.09398 0.10824 -0.49972 0.85424
1731053525.903606415 14.32261 -20.89061 -0.09762 0.09594 0.11005 -0.49782 0.85490
1731053525.913606405 14.33319 -20.90236 -0.09861 0.09799 0.11212 -0.49590 0.85552
1731053525.923606634 14.34385 -20.91406 -0.09963 0.09999 0.11437 -0.49398 0.85610
1731053525.933606625 14.35459 -20.92574 -0.10060 0.10183 0.11673 -0.49209 0.85665
1731053525.943606377 14.36543 -20.93741 -0.10147 0.10339 0.11913 -0.49026 0.85718
1731053525.953606606 14.37633 -20.94913 -0.10227 0.10465 0.12148 -0.48850 0.85771
1731053525.963606596 14.38726 -20.96093 -0.10304 0.10560 0.12369 -0.48681 0.85823
1731053525.973606586 14.39819 -20.97284 -0.10383 0.10624 0.12567 -0.48521 0.85878
1731053525.983606339 14.40909 -20.98491 -0.10467 0.10654 0.12734 -0.48369 0.85935
1731053525.993606567 14.41993 -20.99717 -0.10562 0.10652 0.12862 -0.48227 0.85996
1731053526.003606558 14.43071 -21.00961 -0.10665 0.10619 0.12952 -0.48094 0.86061
1731053526.013606548 14.44143 -21.02222 -0.10775 0.10560 0.13007 -0.47970 0.86129
1731053526.023606300 14.45210 -21.03501 -0.10889 0.10478 0.13030 -0.47854 0.86200
1731053526.033606529 14.46271 -21.04794 -0.11006 0.10377 0.13024 -0.47747 0.86272
1731053526.043606520 14.47328 -21.06102 -0.11124 0.10260 0.12990 -0.47647 0.86347
1731053526.053606510 14.48381 -21.07424 -0.11241 0.10130 0.12933 -0.47555 0.86421
1731053526.063606262 14.49430 -21.08757 -0.11354 0.09992 0.12854 -0.47469 0.86496
1731053526.073606491 14.50475 -21.10103 -0.11462 0.09849 0.12757 -0.47390 0.86570
1731053526.083606720 14.51518 -21.11459 -0.11562 0.09705 0.12644 -0.47317 0.86643
1731053526.093606472 14.52557 -21.12823 -0.11654 0.09562 0.12518 -0.47250 0.86714
1731053526.103606462 14.53592 -21.14193 -0.11736 0.09422 0.12381 -0.47194 0.86780
1731053526.113606453 14.54622 -21.15562 -0.11808 0.09287 0.12237 -0.47151 0.86838
1731053526.123606682 14.55646 -21.16925 -0.11871 0.09157 0.12089 -0.47126 0.86886
1731053526.133606434 14.56662 -21.18279 -0.11925 0.09035 0.11938 -0.47125 0.86920
1731053526.143606424 14.57668 -21.19620 -0.11969 0.08920 0.11788 -0.47149 0.86939
1731053526.153606415 14.58664 -21.20952 -0.12003 0.08814 0.11645 -0.47198 0.86943
1731053526.163606644 14.59648 -21.22281 -0.12029 0.08717 0.11516 -0.47270 0.86931
1731053526.173606396 14.60617 -21.23611 -0.12045 0.08628 0.11405 -0.47362 0.86904
1731053526.183606386 14.61572 -21.24949 -0.12052 0.08549 0.11321 -0.47472 0.86863
1731053526.193606615 14.62509 -21.26299 -0.12052 0.08479 0.11267 -0.47597 0.86808
1731053526.203606606 14.63431 -21.27659 -0.12044 0.08421 0.11241 -0.47734 0.86742
1731053526.213606596 14.64339 -21.29025 -0.12030 0.08377 0.11240 -0.47880 0.86666
1731053526.223606348 14.65233 -21.30395 -0.12011 0.08347 0.11259 -0.48031 0.86583
1731053526.233606577 14.66114 -21.31764 -0.11990 0.08334 0.11295 -0.48184 0.86494
1731053526.243606567 14.66985 -21.33130 -0.11967 0.08340 0.11344 -0.48336 0.86403
1731053526.253606558 14.67845 -21.34490 -0.11943 0.08367 0.11402 -0.48482 0.86310
1731053526.263606310 14.68697 -21.35839 -0.11921 0.08415 0.11466 -0.48621 0.86219
1731053526.273606539 14.69541 -21.37174 -0.11901 0.08487 0.11531 -0.48747 0.86132
1731053526.283606529 14.70378 -21.38493 -0.11884 0.08586 0.11594 -0.48858 0.86051
1731053526.293606520 14.71210 -21.39793 -0.11873 0.08710 0.11652 -0.48952 0.85977
1731053526.303606272 14.72037 -21.41081 -0.11866 0.08857 0.11709 -0.49035 0.85907
1731053526.313606501 14.72860 -21.42362 -0.11864 0.09021 0.11769 -0.49115 0.85836
1731053526.323606730 14.73679 -21.43645 -0.11867 0.09195 0.11836 -0.49198 0.85761
1731053526.333606482 14.74495 -21.44935 -0.11873 0.09375 0.11916 -0.49293 0.85676
1731053526.343606472 14.75309 -21.46240 -0.11884 0.09556 0.12010 -0.49403 0.85579
1731053526.353606462 14.76120 -21.47557 -0.11902 0.09739 0.12116 -0.49526 0.85472
1731053526.363606691 14.76930 -21.48883 -0.11927 0.09929 0.12231 -0.49655 0.85359
1731053526.373606443 14.77738 -21.50215 -0.11963 0.10128 0.12350 -0.49782 0.85244
1731053526.383606434 14.78546 -21.51550 -0.12013 0.10339 0.12469 -0.49903 0.85131
1731053526.393606424 14.79352 -21.52887 -0.12079 0.10563 0.12585 -0.50012 0.85023
1731053526.403606653 14.80149 -21.54233 -0.12174 0.10786 0.12693 -0.50115 0.84918
1731053526.413606405 14.80930 -21.55595 -0.12311 0.10992 0.12788 -0.50219 0.84816
1731053526.423606396 14.81688 -21.56981 -0.12502 0.11168 0.12866 -0.50331 0.84715
1731053526.433606625 14.82430 -21.58385 -0.12733 0.11310 0.12923 -0.50450 0.84616
1731053526.443606615 14.83170 -21.59791 -0.12978 0.11424 0.12955 -0.50571 0.84524
1731053526.453606606 14.83925 -21.61183 -0.13208 0.11517 0.12958 -0.50688 0.84441
1731053526.463606358 14.84701 -21.62555 -0.13411 0.11590 0.12932 -0.50796 0.84370
1731053526.473606586 14.85497 -21.63919 -0.13600 0.11642 0.12887 -0.50895 0.84310
1731053526.483606577 14.86309 -21.65283 -0.13789 0.11671 0.12828 -0.50984 0.84261
1731053526.493606567 14.87132 -21.66657 -0.13988 0.11676 0.12765 -0.51062 0.84223
1731053526.503606319 14.87965 -21.68041 -0.14199 0.11657 0.12700 -0.51127 0.84195
1731053526.513606548 14.88809 -21.69433 -0.14419 0.11617 0.12632 -0.51178 0.84180
1731053526.523606539 14.89663 -21.70829 -0.14643 0.11558 0.12565 -0.51214 0.84177
1731053526.533606529 14.90526 -21.72227 -0.14871 0.11481 0.12498 -0.51231 0.84187
1731053526.543606281 14.91398 -21.73626 -0.15098 0.11388 0.12433 -0.51229 0.84210
1731053526.553606510 14.92278 -21.75021 -0.15323 0.11281 0.12371 -0.51205 0.84248
1731053526.563606739 14.93167 -21.76412 -0.15541 0.11162 0.12313 -0.51158 0.84301
1731053526.573606491 14.94063 -21.77795 -0.15750 0.11033 0.12261 -0.51086 0.84369
1731053526.583606482 14.94966 -21.79168 -0.15948 0.10896 0.12216 -0.50987 0.84453
1731053526.593606472 14.95876 -21.80529 -0.16133 0.10753 0.12177 -0.50861 0.84553
1731053526.603606701 14.96799 -21.81881 -0.16316 0.10608 0.12140 -0.50713 0.84666
1731053526.613606453 14.97739 -21.83228 -0.16509 0.10466 0.12101 -0.50548 0.84788
1731053526.623606443 14.98701 -21.84573 -0.16721 0.10330 0.12055 -0.50374 0.84914
1731053526.633606434 14.99684 -21.85913 -0.16941 0.10200 0.12001 -0.50191 0.85046
1731053526.643606663 15.00678 -21.87241 -0.17142 0.10071 0.11943 -0.49996 0.85184
1731053526.653606415 15.01677 -21.88551 -0.17297 0.09939 0.11885 -0.49788 0.85329
1731053526.663606405 15.02676 -21.89838 -0.17390 0.09804 0.11829 -0.49566 0.85482
1731053526.673606396 15.03675 -21.91096 -0.17423 0.09672 0.11777 -0.49331 0.85640
1731053526.683606625 15.04671 -21.92321 -0.17396 0.09553 0.11731 -0.49088 0.85799
1731053526.693606615 15.05667 -21.93511 -0.17315 0.09451 0.11691 -0.48838 0.85958
1731053526.703606367 15.06665 -21.94673 -0.17194 0.09368 0.11659 -0.48583 0.86116
1731053526.713606596 15.07668 -21.95814 -0.17048 0.09301 0.11634 -0.48324 0.86272
1731053526.723606586 15.08681 -21.96943 -0.16892 0.09251 0.11618 -0.48063 0.86426
1731053526.733606577 15.09707 -21.98068 -0.16742 0.09214 0.11610 -0.47799 0.86577
1731053526.743606329 15.10749 -21.99195 -0.16611 0.09190 0.11611 -0.47535 0.86724
1731053526.753606558 15.11805 -22.00325 -0.16496 0.09179 0.11625 -0.47272 0.86867
1731053526.763606548 15.12873 -22.01453 -0.16396 0.09180 0.11655 -0.47011 0.87005
1731053526.773606539 15.13951 -22.02576 -0.16304 0.09193 0.11704 -0.46753 0.87136
1731053526.783606291 15.15036 -22.03691 -0.16218 0.09217 0.11777 -0.46499 0.87259
1731053526.793606520 15.16128 -22.04795 -0.16136 0.09251 0.11875 -0.46251 0.87374
1731053526.803606749 15.17225 -22.05878 -0.16070 0.09289 0.11992 -0.46006 0.87484
1731053526.813606501 15.18331 -22.06928 -0.16033 0.09324 0.12121 -0.45762 0.87590
1731053526.823606491 15.19446 -22.07939 -0.16038 0.09350 0.12255 -0.45516 0.87696
1731053526.833606482 15.20569 -22.08923 -0.16079 0.09364 0.12386 -0.45271 0.87803
1731053526.843606710 15.21696 -22.09910 -0.16136 0.09365 0.12508 -0.45028 0.87911
1731053526.853606462 15.22823 -22.10928 -0.16189 0.09353 0.12617 -0.44790 0.88018
1731053526.863606453 15.23947 -22.11991 -0.16233 0.09328 0.12709 -0.44560 0.88124
1731053526.873606443 15.25069 -22.13089 -0.16276 0.09287 0.12788 -0.44338 0.88229
1731053526.883606672 15.26190 -22.14210 -0.16332 0.09226 0.12857 -0.44124 0.88333
1731053526.893606424 15.27308 -22.15345 -0.16408 0.09144 0.12918 -0.43920 0.88434
1731053526.903606415 15.28426 -22.16497 -0.16506 0.09047 0.12966 -0.43728 0.88532
1731053526.913606405 15.29543 -22.17672 -0.16619 0.08944 0.12996 -0.43551 0.88625
1731053526.923606634 15.30661 -22.18877 -0.16747 0.08841 0.13001 -0.43392 0.88713
1731053526.933606625 15.31777 -22.20103 -0.16886 0.08741 0.12983 -0.43248 0.88795
1731053526.943606377 15.32888 -22.21334 -0.17038 0.08643 0.12947 -0.43117 0.88874
1731053526.953606606 15.33991 -22.22554 -0.17204 0.08546 0.12899 -0.42993 0.88950
1731053526.963606596 15.35083 -22.23756 -0.17382 0.08451 0.12842 -0.42876 0.89024
1731053526.973606586 15.36165 -22.24944 -0.17572 0.08362 0.12776 -0.42770 0.89093
1731053526.983606339 15.37236 -22.26125 -0.17771 0.08283 0.12703 -0.42680 0.89154
1731053526.993606567 15.38299 -22.27304 -0.17976 0.08216 0.12620 -0.42610 0.89205
1731053527.003606558 15.39359 -22.28473 -0.18167 0.08160 0.12531 -0.42565 0.89245
1731053527.013606548 15.40424 -22.29621 -0.18325 0.08113 0.12435 -0.42548 0.89271
1731053527.023606300 15.41500 -22.30739 -0.18431 0.08071 0.12333 -0.42562 0.89282
1731053527.033606529 15.42581 -22.31837 -0.18494 0.08035 0.12228 -0.42607 0.89278
1731053527.043606520 15.43650 -22.32937 -0.18540 0.08003 0.12124 -0.42683 0.89259
1731053527.053606510 15.44691 -22.34061 -0.18595 0.07977 0.12022 -0.42788 0.89225
1731053527.063606262 15.45698 -22.35219 -0.18670 0.07958 0.11925 -0.42921 0.89176
1731053527.073606491 15.46674 -22.36407 -0.18756 0.07952 0.11833 -0.43081 0.89111
1731053527.083606720 15.47626 -22.37616 -0.18840 0.07963 0.11746 -0.43269 0.89030
1731053527.093606472 15.48560 -22.38843 -0.18911 0.07996 0.11662 -0.43483 0.88934
1731053527.103606462 15.49489 -22.40086 -0.18963 0.08044 0.11577 -0.43719 0.88825
1731053527.113606453 15.50425 -22.41349 -0.18989 0.08101 0.11486 -0.43970 0.88708
1731053527.123606682 15.51379 -22.42634 -0.18984 0.08162 0.11386 -0.44230 0.88586
1731053527.133606434 15.52345 -22.43934 -0.18951 0.08226 0.11279 -0.44494 0.88461
1731053527.143606424 15.53302 -22.45242 -0.18902 0.08301 0.11175 -0.44759 0.88334
1731053527.153606415 15.54231 -22.46548 -0.18846 0.08392 0.11084 -0.45020 0.88204
1731053527.163606644 15.55123 -22.47849 -0.18790 0.08502 0.11011 -0.45275 0.88072
1731053527.173606396 15.55985 -22.49145 -0.18735 0.08632 0.10953 -0.45527 0.87937
1731053527.183606386 15.56826 -22.50439 -0.18682 0.08780 0.10908 -0.45777 0.87797
1731053527.193606615 15.57657 -22.51733 -0.18632 0.08945 0.10876 -0.46028 0.87653
1731053527.203606606 15.58480 -22.53030 -0.18588 0.09125 0.10861 -0.46282 0.87503
1731053527.213606596 15.59299 -22.54333 -0.18553 0.09317 0.10873 -0.46541 0.87343
1731053527.223606348 15.60118 -22.55642 -0.18531 0.09521 0.10919 -0.46806 0.87174
1731053527.233606577 15.60934 -22.56956 -0.18522 0.09734 0.10999 -0.47075 0.86995
1731053527.243606567 15.61742 -22.58272 -0.18524 0.09958 0.11110 -0.47344 0.86810
1731053527.253606558 15.62535 -22.59585 -0.18533 0.10195 0.11249 -0.47607 0.86621
1731053527.263606310 15.63313 -22.60893 -0.18549 0.10442 0.11409 -0.47863 0.86429
1731053527.273606539 15.64081 -22.62198 -0.18573 0.10695 0.11577 -0.48113 0.86237
1731053527.283606529 15.64846 -22.63503 -0.18607 0.10949 0.11740 -0.48360 0.86044
1731053527.293606520 15.65608 -22.64806 -0.18652 0.11200 0.11888 -0.48606 0.85853
1731053527.303606272 15.66353 -22.66096 -0.18712 0.11438 0.12011 -0.48851 0.85665
1731053527.313606501 15.67063 -22.67356 -0.18792 0.11654 0.12103 -0.49094 0.85484
1731053527.323606730 15.67721 -22.68574 -0.18896 0.11841 0.12159 -0.49334 0.85312
1731053527.333606482 15.68343 -22.69765 -0.19019 0.12000 0.12179 -0.49569 0.85150
1731053527.343606472 15.68965 -22.70961 -0.19152 0.12139 0.12167 -0.49799 0.84998
1731053527.353606462 15.69625 -22.72196 -0.19287 0.12268 0.12128 -0.50022 0.84854
1731053527.363606691 15.70338 -22.73485 -0.19420 0.12389 0.12066 -0.50235 0.84719
1731053527.373606443 15.71094 -22.74814 -0.19552 0.12493 0.11984 -0.50440 0.84594
1731053527.383606434 15.71874 -22.76170 -0.19689 0.12572 0.11884 -0.50636 0.84479
1731053527.393606424 15.72668 -22.77537 -0.19833 0.12619 0.11770 -0.50825 0.84375
1731053527.403606653 15.73471 -22.78914 -0.19983 0.12637 0.11644 -0.51003 0.84282
1731053527.413606405 15.74284 -22.80297 -0.20136 0.12628 0.11511 -0.51169 0.84201
1731053527.423606396 15.75106 -22.81685 -0.20291 0.12595 0.11372 -0.51321 0.84132
1731053527.433606625 15.75938 -22.83076 -0.20446 0.12543 0.11232 -0.51457 0.84075
1731053527.443606615 15.76779 -22.84469 -0.20599 0.12474 0.11093 -0.51574 0.84032
1731053527.453606606 15.77628 -22.85862 -0.20747 0.12392 0.10959 -0.51671 0.84003
1731053527.463606358 15.78486 -22.87253 -0.20888 0.12300 0.10833 -0.51744 0.83987
1731053527.473606586 15.79352 -22.88641 -0.21021 0.12202 0.10718 -0.51793 0.83986
1731053527.483606577 15.80226 -22.90023 -0.21143 0.12101 0.10618 -0.51815 0.84000
1731053527.493606567 15.81111 -22.91399 -0.21253 0.12001 0.10533 -0.51809 0.84029
1731053527.503606319 15.82021 -22.92770 -0.21355 0.11909 0.10460 -0.51781 0.84069
1731053527.513606548 15.82974 -22.94138 -0.21453 0.11833 0.10392 -0.51737 0.84114
1731053527.523606539 15.83984 -22.95506 -0.21552 0.11780 0.10325 -0.51685 0.84163
1731053527.533606529 15.85041 -22.96870 -0.21648 0.11743 0.10260 -0.51623 0.84213
1731053527.543606281 15.86117 -22.98225 -0.21737 0.11712 0.10204 -0.51549 0.84270
1731053527.553606510 15.87183 -22.99566 -0.21815 0.11672 0.10164 -0.51459 0.84335
1731053527.563606739 15.88227 -23.00891 -0.21876 0.11617 0.10140 -0.51350 0.84412
1731053527.573606491 15.89257 -23.02205 -0.21918 0.11547 0.10123 -0.51227 0.84499
1731053527.583606482 15.90284 -23.03515 -0.21937 0.11464 0.10102 -0.51091 0.84595
1731053527.593606472 15.91317 -23.04825 -0.21930 0.11369 0.10068 -0.50945 0.84699
1731053527.603606701 15.92358 -23.06133 -0.21902 0.11266 0.10025 -0.50791 0.84811
1731053527.613606453 15.93406 -23.07439 -0.21855 0.11159 0.09975 -0.50628 0.84928
1731053527.623606443 15.94460 -23.08739 -0.21793 0.11051 0.09923 -0.50457 0.85050
1731053527.633606434 15.95519 -23.10030 -0.21721 0.10946 0.09873 -0.50279 0.85175
1731053527.643606663 15.96583 -23.11312 -0.21641 0.10848 0.09829 -0.50095 0.85301
1731053527.653606415 15.97651 -23.12581 -0.21559 0.10762 0.09795 -0.49904 0.85428
1731053527.663606405 15.98721 -23.13835 -0.21477 0.10690 0.09776 -0.49707 0.85553
1731053527.673606396 15.99794 -23.15072 -0.21400 0.10637 0.09775 -0.49505 0.85677
1731053527.683606625 16.00868 -23.16290 -0.21331 0.10607 0.09797 -0.49299 0.85797
1731053527.693606615 16.01941 -23.17484 -0.21273 0.10602 0.09845 -0.49089 0.85912
1731053527.703606367 16.03007 -23.18651 -0.21216 0.10617 0.09921 -0.48878 0.86022
1731053527.713606596 16.04058 -23.19782 -0.21152 0.10646 0.10025 -0.48669 0.86125
1731053527.723606586 16.05087 -23.20872 -0.21072 0.10682 0.10158 -0.48463 0.86221
1731053527.733606577 16.06102 -23.21934 -0.20984 0.10720 0.10315 -0.48261 0.86311
1731053527.743606329 16.07117 -23.22991 -0.20908 0.10757 0.10489 -0.48060 0.86397
1731053527.753606558 16.08148 -23.24066 -0.20865 0.10788 0.10671 -0.47858 0.86483
1731053527.763606548 16.09203 -23.25170 -0.20865 0.10808 0.10856 -0.47655 0.86570
1731053527.773606539 16.10278 -23.26294 -0.20905 0.10815 0.11039 -0.47455 0.86656
1731053527.783606291 16.11366 -23.27428 -0.20980 0.10805 0.11217 -0.47261 0.86740
1731053527.793606520 16.12463 -23.28565 -0.21086 0.10774 0.11385 -0.47076 0.86823
1731053527.803606749 16.13565 -23.29704 -0.21217 0.10722 0.11541 -0.46901 0.86903
1731053527.813606501 16.14666 -23.30850 -0.21367 0.10650 0.11681 -0.46737 0.86982
1731053527.823606491 16.15764 -23.32006 -0.21529 0.10561 0.11804 -0.46585 0.87057
1731053527.833606482 16.16853 -23.33176 -0.21699 0.10454 0.11905 -0.46445 0.87131
1731053527.843606710 16.17931 -23.34362 -0.21870 0.10332 0.11984 -0.46319 0.87202
1731053527.853606462 16.18997 -23.35562 -0.22043 0.10198 0.12041 -0.46206 0.87270
1731053527.863606453 16.20053 -23.36776 -0.22216 0.10055 0.12077 -0.46105 0.87335
1731053527.873606443 16.21100 -23.38002 -0.22391 0.09908 0.12093 -0.46016 0.87396
1731053527.883606672 16.22138 -23.39236 -0.22568 0.09761 0.12091 -0.45939 0.87454
1731053527.893606424 16.23170 -23.40478 -0.22744 0.09617 0.12073 -0.45873 0.87507
1731053527.903606415 16.24204 -23.41720 -0.22909 0.09477 0.12037 -0.45821 0.87554
1731053527.913606405 16.25247 -23.42958 -0.23048 0.09340 0.11984 -0.45783 0.87596
1731053527.923606634 16.26307 -23.44185 -0.23151 0.09207 0.11915 -0.45762 0.87630
1731053527.933606625 16.27377 -23.45405 -0.23222 0.09081 0.11829 -0.45760 0.87656
1731053527.943606377 16.28438 -23.46627 -0.23276 0.08967 0.11730 -0.45781 0.87670
1731053527.953606606 16.29474 -23.47860 -0.23330 0.08870 0.11619 -0.45829 0.87670
1731053527.963606596 16.30475 -23.49109 -0.23391 0.08790 0.11498 -0.45907 0.87653
1731053527.973606586 16.31446 -23.50371 -0.23451 0.08722 0.11369 -0.46016 0.87620
1731053527.983606339 16.32393 -23.51643 -0.23505 0.08660 0.11232 -0.46158 0.87569
1731053527.993606567 16.33322 -23.52923 -0.23544 0.08598 0.11091 -0.46334 0.87500
1731053528.003606558 16.34243 -23.54205 -0.23562 0.08540 0.10954 -0.46536 0.87415
1731053528.013606548 16.35166 -23.55485 -0.23552 0.08489 0.10831 -0.46758 0.87317
1731053528.023606300 16.36102 -23.56758 -0.23508 0.08449 0.10732 -0.46992 0.87208
1731053528.033606529 16.37043 -23.58025 -0.23435 0.08425 0.10659 -0.47232 0.87089
1731053528.043606520 16.37973 -23.59294 -0.23349 0.08423 0.10611 -0.47472 0.86965
1731053528.053606510 16.38876 -23.60570 -0.23262 0.08448 0.10584 -0.47707 0.86837
1731053528.063606262 16.39745 -23.61857 -0.23182 0.08503 0.10576 -0.47934 0.86708
1731053528.073606491 16.40587 -23.63149 -0.23107 0.08586 0.10581 -0.48152 0.86578
1731053528.083606720 16.41410 -23.64443 -0.23035 0.08695 0.10592 -0.48364 0.86447
1731053528.093606472 16.42220 -23.65736 -0.22964 0.08826 0.10607 -0.48570 0.86317
1731053528.103606462 16.43007 -23.67033 -0.22895 0.08974 0.10624 -0.48774 0.86184
1731053528.113606453 16.43754 -23.68339 -0.22827 0.09132 0.10647 -0.48980 0.86048
1731053528.123606682 16.44452 -23.69661 -0.22763 0.09293 0.10678 -0.49194 0.85904
1731053528.133606434 16.45109 -23.70994 -0.22705 0.09455 0.10721 -0.49416 0.85754
1731053528.143606424 16.45754 -23.72328 -0.22656 0.09618 0.10784 -0.49643 0.85597
1731053528.153606415 16.46412 -23.73652 -0.22621 0.09783 0.10874 -0.49874 0.85432
1731053528.163606644 16.47095 -23.74961 -0.22601 0.09950 0.10993 -0.50107 0.85261
1731053528.173606396 16.47797 -23.76258 -0.22599 0.10122 0.11137 -0.50336 0.85087
1731053528.183606386 16.48508 -23.77545 -0.22613 0.10301 0.11299 -0.50557 0.84913
1731053528.193606615 16.49218 -23.78825 -0.22648 0.10486 0.11476 -0.50767 0.84741
1731053528.203606606 16.49928 -23.80092 -0.22712 0.10677 0.11659 -0.50968 0.84572
1731053528.213606596 16.50637 -23.81340 -0.22818 0.10870 0.11841 -0.51162 0.84404
1731053528.223606348 16.51346 -23.82563 -0.22976 0.11061 0.12015 -0.51353 0.84239
1731053528.233606577 16.52057 -23.83767 -0.23181 0.11248 0.12171 -0.51543 0.84075
1731053528.243606567 16.52773 -23.84969 -0.23416 0.11424 0.12302 -0.51730 0.83917
1731053528.253606558 16.53495 -23.86183 -0.23665 0.11584 0.12398 -0.51916 0.83766
1731053528.263606310 16.54226 -23.87418 -0.23918 0.11726 0.12455 -0.52099 0.83625
1731053528.273606539 16.54967 -23.88671 -0.24174 0.11848 0.12476 -0.52277 0.83493
1731053528.283606529 16.55717 -23.89938 -0.24433 0.11949 0.12464 -0.52449 0.83373
1731053528.293606520 16.56476 -23.91217 -0.24695 0.12029 0.12423 -0.52612 0.83264
1731053528.303606272 16.57245 -23.92505 -0.24959 0.12088 0.12358 -0.52767 0.83168
1731053528.313606501 16.58022 -23.93802 -0.25224 0.12127 0.12273 -0.52911 0.83083
1731053528.323606730 16.58809 -23.95107 -0.25486 0.12148 0.12174 -0.53043 0.83010
1731053528.333606482 16.59605 -23.96419 -0.25745 0.12151 0.12065 -0.53162 0.82949
1731053528.343606472 16.60409 -23.97738 -0.25999 0.12137 0.11952 -0.53268 0.82900
1731053528.353606462 16.61222 -23.99062 -0.26246 0.12108 0.11839 -0.53358 0.82862
1731053528.363606691 16.62043 -24.00392 -0.26484 0.12065 0.11731 -0.53432 0.82836
1731053528.373606443 16.62872 -24.01725 -0.26711 0.12008 0.11632 -0.53489 0.82822
1731053528.383606434 16.63709 -24.03062 -0.26925 0.11939 0.11549 -0.53527 0.82819
1731053528.393606424 16.64554 -24.04400 -0.27126 0.11860 0.11484 -0.53545 0.82827
1731053528.403606653 16.65408 -24.05737 -0.27310 0.11777 0.11439 -0.53546 0.82845
1731053528.413606405 16.66273 -24.07066 -0.27476 0.11698 0.11412 -0.53530 0.82870
1731053528.423606396 16.67148 -24.08385 -0.27624 0.11631 0.11403 -0.53498 0.82901
1731053528.433606625 16.68034 -24.09693 -0.27752 0.11575 0.11406 -0.53455 0.82937
1731053528.443606615 16.68925 -24.10995 -0.27861 0.11527 0.11414 -0.53403 0.82976
1731053528.453606606 16.69819 -24.12295 -0.27954 0.11481 0.11419 -0.53346 0.83018
1731053528.463606358 16.70714 -24.13596 -0.28028 0.11434 0.11418 -0.53285 0.83064
1731053528.473606586 16.71616 -24.14897 -0.28080 0.11380 0.11412 -0.53213 0.83118
1731053528.483606577 16.72528 -24.16197 -0.28104 0.11316 0.11406 -0.53124 0.83185
1731053528.493606567 16.73454 -24.17495 -0.28097 0.11238 0.11401 -0.53012 0.83267
1731053528.503606319 16.74396 -24.18789 -0.28054 0.11146 0.11389 -0.52882 0.83364
1731053528.513606548 16.75351 -24.20074 -0.27970 0.11044 0.11359 -0.52739 0.83472
1731053528.523606539 16.76321 -24.21348 -0.27842 0.10932 0.11301 -0.52588 0.83590
1731053528.533606529 16.77303 -24.22608 -0.27680 0.10813 0.11219 -0.52428 0.83717
1731053528.543606281 16.78295 -24.23858 -0.27506 0.10691 0.11122 -0.52255 0.83853
1731053528.553606510 16.79294 -24.25097 -0.27340 0.10571 0.11021 -0.52066 0.83999
1731053528.563606739 16.80300 -24.26325 -0.27193 0.10455 0.10925 -0.51860 0.84154
1731053528.573606491 16.81311 -24.27538 -0.27062 0.10349 0.10841 -0.51641 0.84312
1731053528.583606482 16.82327 -24.28732 -0.26941 0.10258 0.10777 -0.51413 0.84471
1731053528.593606472 16.83349 -24.29903 -0.26826 0.10186 0.10738 -0.51180 0.84626
1731053528.603606701 16.84385 -24.31050 -0.26724 0.10133 0.10730 -0.50945 0.84775
1731053528.613606453 16.85447 -24.32171 -0.26641 0.10095 0.10758 -0.50710 0.84917
1731053528.623606443 16.86543 -24.33265 -0.26583 0.10071 0.10827 -0.50478 0.85049
1731053528.633606434 16.87665 -24.34338 -0.26547 0.10056 0.10934 -0.50247 0.85173
1731053528.643606663 16.88792 -24.35401 -0.26521 0.10045 0.11074 -0.50017 0.85292
1731053528.653606415 16.89902 -24.36465 -0.26496 0.10032 0.11242 -0.49786 0.85407
1731053528.663606405 16.90987 -24.37536 -0.26467 0.10013 0.11430 -0.49552 0.85520
1731053528.673606396 16.92052 -24.38616 -0.26445 0.09986 0.11632 -0.49317 0.85632
1731053528.683606625 16.93107 -24.39704 -0.26442 0.09949 0.11838 -0.49083 0.85742
1731053528.693606615 16.94160 -24.40801 -0.26466 0.09900 0.12041 -0.48851 0.85852
1731053528.703606367 16.95218 -24.41910 -0.26528 0.09840 0.12234 -0.48624 0.85960
1731053528.713606596 16.96289 -24.43034 -0.26636 0.09770 0.12411 -0.48404 0.86068
1731053528.723606586 16.97380 -24.44177 -0.26796 0.09689 0.12565 -0.48192 0.86173
1731053528.733606577 16.98484 -24.45336 -0.26999 0.09599 0.12695 -0.47990 0.86276
1731053528.743606329 16.99589 -24.46507 -0.27222 0.09501 0.12803 -0.47800 0.86377
1731053528.753606558 17.00681 -24.47687 -0.27444 0.09396 0.12888 -0.47622 0.86474
1731053528.763606548 17.01756 -24.48872 -0.27654 0.09289 0.12955 -0.47457 0.86566
1731053528.773606539 17.02824 -24.50059 -0.27856 0.09185 0.13006 -0.47304 0.86654
1731053528.783606291 17.03895 -24.51247 -0.28055 0.09091 0.13047 -0.47161 0.86735
1731053528.793606520 17.04978 -24.52432 -0.28256 0.09012 0.13082 -0.47028 0.86810
1731053528.803606749 17.06068 -24.53619 -0.28460 0.08947 0.13111 -0.46905 0.86879
1731053528.813606501 17.07160 -24.54809 -0.28666 0.08892 0.13132 -0.46795 0.86941
1731053528.823606491 17.08246 -24.56008 -0.28873 0.08842 0.13146 -0.46698 0.86996
1731053528.833606482 17.09321 -24.57217 -0.29081 0.08795 0.13150 -0.46615 0.87044
1731053528.843606710 17.10380 -24.58439 -0.29287 0.08747 0.13145 -0.46549 0.87086
1731053528.853606462 17.11423 -24.59673 -0.29489 0.08698 0.13128 -0.46501 0.87119
1731053528.863606453 17.12451 -24.60913 -0.29684 0.08648 0.13099 -0.46474 0.87142
1731053528.873606443 17.13465 -24.62158 -0.29867 0.08599 0.13056 -0.46471 0.87155
1731053528.883606672 17.14468 -24.63404 -0.30037 0.08551 0.12997 -0.46494 0.87156
1731053528.893606424 17.15460 -24.64646 -0.30186 0.08505 0.12922 -0.46546 0.87144
1731053528.903606415 17.16437 -24.65873 -0.30294 0.08460 0.12836 -0.46628 0.87118
1731053528.913606405 17.17397 -24.67076 -0.30341 0.08414 0.12745 -0.46740 0.87076
1731053528.923606634 17.18336 -24.68244 -0.30306 0.08367 0.12654 -0.46882 0.87017
1731053528.933606625 17.19255 -24.69391 -0.30213 0.08322 0.12570 -0.47048 0.86944
1731053528.943606377 17.20159 -24.70545 -0.30111 0.08287 0.12500 -0.47230 0.86858
1731053528.953606606 17.21054 -24.71734 -0.30048 0.08269 0.12453 -0.47420 0.86764
1731053528.963606596 17.21943 -24.72968 -0.30046 0.08271 0.12432 -0.47609 0.86663
1731053528.973606586 17.22825 -24.74230 -0.30082 0.08294 0.12432 -0.47795 0.86558
1731053528.983606339 17.23700 -24.75502 -0.30127 0.08337 0.12450 -0.47975 0.86452
1731053528.993606567 17.24569 -24.76768 -0.30159 0.08400 0.12482 -0.48144 0.86347
1731053529.003606558 17.25431 -24.78025 -0.30176 0.08480 0.12525 -0.48306 0.86242
1731053529.013606548 17.26287 -24.79274 -0.30180 0.08576 0.12579 -0.48461 0.86138
1731053529.023606300 17.27136 -24.80517 -0.30173 0.08683 0.12642 -0.48613 0.86032
1731053529.033606529 17.27979 -24.81753 -0.30158 0.08799 0.12714 -0.48763 0.85925
1731053529.043606520 17.28817 -24.82984 -0.30135 0.08922 0.12793 -0.48914 0.85815
1731053529.053606510 17.29649 -24.84211 -0.30108 0.09050 0.12879 -0.49067 0.85701
1731053529.063606262 17.30475 -24.85434 -0.30079 0.09178 0.12970 -0.49225 0.85583
1731053529.073606491 17.31295 -24.86654 -0.30049 0.09304 0.13065 -0.49390 0.85460
1731053529.083606720 17.32111 -24.87872 -0.30021 0.09427 0.13164 -0.49565 0.85330
1731053529.093606472 17.32921 -24.89089 -0.29999 0.09543 0.13265 -0.49749 0.85194
1731053529.103606462 17.33728 -24.90300 -0.29991 0.09654 0.13369 -0.49935 0.85056
1731053529.113606453 17.34530 -24.91502 -0.30010 0.09761 0.13476 -0.50116 0.84920
1731053529.123606682 17.35330 -24.92690 -0.30064 0.09867 0.13587 -0.50284 0.84791
1731053529.133606434 17.36129 -24.93869 -0.30148 0.09972 0.13695 -0.50438 0.84670
1731053529.143606424 17.36932 -24.95045 -0.30247 0.10073 0.13791 -0.50583 0.84556
1731053529.153606415 17.37741 -24.96227 -0.30344 0.10171 0.13865 -0.50723 0.84448
1731053529.163606644 17.38558 -24.97416 -0.30434 0.10263 0.13914 -0.50860 0.84347
1731053529.173606396 17.39384 -24.98606 -0.30517 0.10347 0.13943 -0.50991 0.84252
1731053529.183606386 17.40220 -24.99791 -0.30599 0.10422 0.13957 -0.51113 0.84166
1731053529.193606615 17.41065 -25.00964 -0.30684 0.10485 0.13963 -0.51225 0.84090
1731053529.203606606 17.41920 -25.02131 -0.30776 0.10535 0.13961 -0.51324 0.84023
1731053529.213606596 17.42786 -25.03298 -0.30877 0.10571 0.13953 -0.51412 0.83966
1731053529.223606348 17.43664 -25.04473 -0.30992 0.10590 0.13938 -0.51490 0.83919
1731053529.233606577 17.44555 -25.05663 -0.31125 0.10590 0.13918 -0.51556 0.83881
1731053529.243606567 17.45459 -25.06872 -0.31277 0.10572 0.13893 -0.51612 0.83854
1731053529.253606558 17.46377 -25.08099 -0.31446 0.10535 0.13865 -0.51655 0.83836
1731053529.263606310 17.47308 -25.09340 -0.31627 0.10482 0.13836 -0.51684 0.83830
1731053529.273606539 17.48251 -25.10592 -0.31817 0.10414 0.13808 -0.51695 0.83836
1731053529.283606529 17.49206 -25.11851 -0.32010 0.10334 0.13784 -0.51687 0.83855
1731053529.293606520 17.50175 -25.13113 -0.32204 0.10242 0.13763 -0.51659 0.83887
1731053529.303606272 17.51164 -25.14377 -0.32393 0.10142 0.13745 -0.51609 0.83933
1731053529.313606501 17.52181 -25.15641 -0.32574 0.10035 0.13724 -0.51541 0.83991
1731053529.323606730 17.53234 -25.16906 -0.32744 0.09923 0.13699 -0.51453 0.84062
1731053529.333606482 17.54315 -25.18167 -0.32900 0.09805 0.13667 -0.51349 0.84145
1731053529.343606472 17.55407 -25.19421 -0.33042 0.09682 0.13625 -0.51229 0.84239
1731053529.353606462 17.56495 -25.20663 -0.33170 0.09550 0.13573 -0.51095 0.84344
1731053529.363606691 17.57571 -25.21893 -0.33282 0.09412 0.13510 -0.50949 0.84458
1731053529.373606443 17.58642 -25.23112 -0.33377 0.09269 0.13439 -0.50790 0.84580
1731053529.383606434 17.59717 -25.24322 -0.33451 0.09126 0.13361 -0.50620 0.84710
1731053529.393606424 17.60804 -25.25525 -0.33505 0.08986 0.13281 -0.50438 0.84846
1731053529.403606653 17.61908 -25.26723 -0.33545 0.08853 0.13202 -0.50243 0.84988
1731053529.413606405 17.63030 -25.27914 -0.33580 0.08732 0.13132 -0.50033 0.85135
1731053529.423606396 17.64174 -25.29098 -0.33620 0.08626 0.13076 -0.49805 0.85288
1731053529.433606625 17.65335 -25.30271 -0.33658 0.08539 0.13040 -0.49560 0.85445
1731053529.443606615 17.66504 -25.31424 -0.33682 0.08475 0.13027 -0.49299 0.85605
1731053529.453606606 17.67673 -25.32550 -0.33677 0.08437 0.13042 -0.49021 0.85765
1731053529.463606358 17.68839 -25.33644 -0.33637 0.08425 0.13085 -0.48729 0.85926
1731053529.473606586 17.70012 -25.34709 -0.33564 0.08429 0.13150 -0.48428 0.86086
1731053529.483606577 17.71202 -25.35745 -0.33459 0.08442 0.13230 -0.48121 0.86244
1731053529.493606567 17.72415 -25.36755 -0.33326 0.08456 0.13319 -0.47814 0.86400
1731053529.503606319 17.73648 -25.37741 -0.33172 0.08469 0.13417 -0.47504 0.86554
1731053529.513606548 17.74896 -25.38706 -0.33005 0.08479 0.13523 -0.47191 0.86708
1731053529.523606539 17.76150 -25.39654 -0.32833 0.08487 0.13637 -0.46871 0.86863
1731053529.533606529 17.77406 -25.40586 -0.32663 0.08489 0.13759 -0.46543 0.87020
1731053529.543606281 17.78658 -25.41507 -0.32503 0.08487 0.13889 -0.46205 0.87179
1731053529.553606510 17.79906 -25.42417 -0.32354 0.08477 0.14021 -0.45859 0.87341
1731053529.563606739 17.81152 -25.43321 -0.32218 0.08458 0.14152 -0.45505 0.87507
1731053529.573606491 17.82396 -25.44220 -0.32095 0.08427 0.14276 -0.45144 0.87677
1731053529.583606482 17.83641 -25.45117 -0.31987 0.08383 0.14387 -0.44779 0.87850
1731053529.593606472 17.84886 -25.46011 -0.31896 0.08324 0.14483 -0.44410 0.88027
1731053529.603606701 17.86131 -25.46893 -0.31823 0.08250 0.14561 -0.44042 0.88205
1731053529.613606453 17.87372 -25.47750 -0.31774 0.08164 0.14623 -0.43682 0.88382
1731053529.623606443 17.88608 -25.48572 -0.31750 0.08068 0.14666 -0.43334 0.88555
1731053529.633606434 17.89841 -25.49370 -0.31751 0.07963 0.14691 -0.43000 0.88723
1731053529.643606663 17.91076 -25.50174 -0.31769 0.07849 0.14695 -0.42679 0.88887
1731053529.653606415 17.92318 -25.51010 -0.31798 0.07729 0.14675 -0.42370 0.89049
1731053529.663606405 17.93572 -25.51890 -0.31837 0.07605 0.14632 -0.42072 0.89208
1731053529.673606396 17.94842 -25.52799 -0.31888 0.07481 0.14571 -0.41786 0.89362
1731053529.683606625 17.96134 -25.53720 -0.31958 0.07362 0.14496 -0.41512 0.89512
1731053529.693606615 17.97449 -25.54639 -0.32050 0.07253 0.14412 -0.41249 0.89656
1731053529.703606367 17.98781 -25.55555 -0.32160 0.07153 0.14323 -0.40997 0.89794
1731053529.713606596 18.00120 -25.56471 -0.32287 0.07061 0.14229 -0.40750 0.89928
1731053529.723606586 18.01457 -25.57390 -0.32427 0.06976 0.14135 -0.40509 0.90059
1731053529.733606577 18.02784 -25.58315 -0.32577 0.06896 0.14042 -0.40269 0.90187
1731053529.743606329 18.04093 -25.59247 -0.32734 0.06822 0.13951 -0.40028 0.90314
1731053529.753606558 18.05386 -25.60186 -0.32893 0.06754 0.13862 -0.39790 0.90438
1731053529.763606548 18.06668 -25.61127 -0.33053 0.06697 0.13772 -0.39556 0.90558
1731053529.773606539 18.07941 -25.62070 -0.33208 0.06653 0.13679 -0.39331 0.90674
1731053529.783606291 18.09211 -25.63010 -0.33356 0.06625 0.13583 -0.39116 0.90783
1731053529.793606520 18.10482 -25.63946 -0.33495 0.06614 0.13479 -0.38915 0.90885
1731053529.803606749 18.11758 -25.64873 -0.33630 0.06611 0.13366 -0.38731 0.90981
1731053529.813606501 18.13047 -25.65790 -0.33766 0.06606 0.13242 -0.38565 0.91070
1731053529.823606491 18.14354 -25.66694 -0.33908 0.06587 0.13102 -0.38420 0.91153
1731053529.833606482 18.15672 -25.67587 -0.34049 0.06553 0.12954 -0.38296 0.91229
1731053529.843606710 18.16989 -25.68479 -0.34175 0.06507 0.12806 -0.38191 0.91297
1731053529.853606462 18.18292 -25.69377 -0.34269 0.06450 0.12668 -0.38103 0.91357
1731053529.863606453 18.19575 -25.70280 -0.34325 0.06387 0.12549 -0.38026 0.91410
1731053529.873606443 18.20838 -25.71174 -0.34349 0.06324 0.12455 -0.37945 0.91461
1731053529.883606672 18.22083 -25.72045 -0.34348 0.06267 0.12392 -0.37848 0.91513
1731053529.893606424 18.23314 -25.72882 -0.34330 0.06221 0.12364 -0.37723 0.91572
1731053529.903606415 18.24535 -25.73687 -0.34298 0.06189 0.12369 -0.37572 0.91636
1731053529.913606405 18.25750 -25.74469 -0.34256 0.06172 0.12402 -0.37397 0.91704
1731053529.923606634 18.26967 -25.75233 -0.34205 0.06169 0.12458 -0.37203 0.91775
1731053529.933606625 18.28189 -25.75987 -0.34149 0.06182 0.12534 -0.36994 0.91848
1731053529.943606377 18.29421 -25.76736 -0.34091 0.06211 0.12626 -0.36774 0.91922
1731053529.953606606 18.30662 -25.77478 -0.34033 0.06254 0.12731 -0.36545 0.91996
1731053529.963606596 18.31912 -25.78207 -0.33978 0.06308 0.12848 -0.36309 0.92069
1731053529.973606586 18.33168 -25.78921 -0.33927 0.06370 0.12974 -0.36070 0.92142
1731053529.983606339 18.34429 -25.79614 -0.33884 0.06436 0.13109 -0.35829 0.92212
1731053529.993606567 18.35695 -25.80285 -0.33849 0.06504 0.13249 -0.35589 0.92280
1731053530.003606558 18.36963 -25.80935 -0.33821 0.06573 0.13390 -0.35350 0.92347
1731053530.013606548 18.38236 -25.81571 -0.33796 0.06640 0.13528 -0.35112 0.92413
1731053530.023606300 18.39512 -25.82197 -0.33771 0.06705 0.13657 -0.34874 0.92479
1731053530.033606529 18.40791 -25.82819 -0.33743 0.06765 0.13772 -0.34637 0.92546
1731053530.043606520 18.42074 -25.83439 -0.33710 0.06821 0.13869 -0.34400 0.92616
1731053530.053606510 18.43361 -25.84056 -0.33673 0.06868 0.13947 -0.34163 0.92689
1731053530.063606262 18.44651 -25.84666 -0.33634 0.06906 0.14006 -0.33923 0.92765
1731053530.073606491 18.45945 -25.85264 -0.33595 0.06932 0.14047 -0.33678 0.92846
1731053530.083606720 18.47243 -25.85847 -0.33559 0.06944 0.14068 -0.33428 0.92933
1731053530.093606472 18.48546 -25.86412 -0.33526 0.06939 0.14071 -0.33170 0.93025
1731053530.103606462 18.49856 -25.86964 -0.33501 0.06918 0.14055 -0.32903 0.93124
1731053530.113606453 18.51177 -25.87508 -0.33485 0.06877 0.14021 -0.32626 0.93229
1731053530.123606682 18.52513 -25.88050 -0.33481 0.06816 0.13971 -0.32339 0.93341
1731053530.133606434 18.53866 -25.88595 -0.33492 0.06734 0.13904 -0.32038 0.93461
1731053530.143606424 18.55240 -25.89148 -0.33520 0.06628 0.13822 -0.31724 0.93587
1731053530.153606415 18.56631 -25.89707 -0.33563 0.06501 0.13727 -0.31397 0.93721
1731053530.163606644 18.58039 -25.90270 -0.33619 0.06353 0.13622 -0.31054 0.93860
1731053530.173606396 18.59460 -25.90833 -0.33685 0.06187 0.13510 -0.30698 0.94005
1731053530.183606386 18.60890 -25.91394 -0.33761 0.06002 0.13392 -0.30326 0.94154
1731053530.193606615 18.62328 -25.91948 -0.33846 0.05802 0.13273 -0.29940 0.94307
1731053530.203606606 18.63763 -25.92480 -0.33949 0.05593 0.13155 -0.29538 0.94463
1731053530.213606596 18.65187 -25.92975 -0.34081 0.05382 0.13043 -0.29120 0.94620
1731053530.223606348 18.66591 -25.93417 -0.34252 0.05176 0.12939 -0.28686 0.94778
1731053530.233606577 18.67981 -25.93816 -0.34450 0.04976 0.12845 -0.28236 0.94937
1731053530.243606567 18.69368 -25.94195 -0.34649 0.04779 0.12758 -0.27774 0.95095
1731053530.253606558 18.70766 -25.94578 -0.34824 0.04582 0.12675 -0.27301 0.95252
1731053530.263606310 18.72180 -25.94976 -0.34963 0.04385 0.12595 -0.26820 0.95409
1731053530.273606539 18.73607 -25.95381 -0.35074 0.04190 0.12516 -0.26333 0.95564
1731053530.283606529 18.75040 -25.95784 -0.35167 0.03999 0.12435 -0.25840 0.95717
1731053530.293606520 18.76478 -25.96176 -0.35250 0.03814 0.12351 -0.25342 0.95868
1731053530.303606272 18.77931 -25.96550 -0.35325 0.03641 0.12264 -0.24841 0.96017
1731053530.313606501 18.79412 -25.96899 -0.35391 0.03481 0.12176 -0.24334 0.96164
1731053530.323606730 18.80933 -25.97216 -0.35450 0.03341 0.12086 -0.23821 0.96308
1731053530.333606482 18.82482 -25.97505 -0.35500 0.03219 0.12002 -0.23300 0.96450
1731053530.343606472 18.84033 -25.97773 -0.35539 0.03117 0.11934 -0.22769 0.96589
1731053530.353606462 18.85559 -25.98028 -0.35564 0.03033 0.11890 -0.22225 0.96724
1731053530.363606691 18.87047 -25.98273 -0.35577 0.02965 0.11876 -0.21667 0.96854
1731053530.373606443 18.88508 -25.98504 -0.35581 0.02908 0.11883 -0.21096 0.96981
1731053530.383606434 18.89954 -25.98717 -0.35581 0.02859 0.11904 -0.20513 0.97105
1731053530.393606424 18.91395 -25.98903 -0.35583 0.02813 0.11934 -0.19920 0.97226
1731053530.403606653 18.92833 -25.99042 -0.35588 0.02772 0.11978 -0.19322 0.97342
1731053530.413606405 18.94269 -25.99108 -0.35602 0.02736 0.12041 -0.18723 0.97452
1731053530.423606396 18.95702 -25.99080 -0.35626 0.02709 0.12131 -0.18129 0.97554
1731053530.433606625 18.97132 -25.98977 -0.35657 0.02688 0.12250 -0.17540 0.97648
1731053530.443606615 18.98561 -25.98847 -0.35690 0.02670 0.12398 -0.16952 0.97733
1731053530.453606606 18.99987 -25.98735 -0.35717 0.02651 0.12575 -0.16365 0.97811
1731053530.463606358 19.01411 -25.98664 -0.35737 0.02631 0.12778 -0.15775 0.97882
1731053530.473606586 19.02834 -25.98620 -0.35757 0.02611 0.12996 -0.15183 0.97948
1731053530.483606577 19.04256 -25.98586 -0.35787 0.02593 0.13222 -0.14591 0.98008
1731053530.493606567 19.05679 -25.98545 -0.35830 0.02577 0.13445 -0.14000 0.98064
1731053530.503606319 19.07107 -25.98483 -0.35873 0.02564 0.13659 -0.13411 0.98117
1731053530.513606548 19.08544 -25.98387 -0.35899 0.02551 0.13861 -0.12827 0.98167
1731053530.523606539 19.09995 -25.98245 -0.35893 0.02538 0.14045 -0.12249 0.98215
1731053530.533606529 19.11459 -25.98071 -0.35868 0.02526 0.14210 -0.11680 0.98261
1731053530.543606281 19.12930 -25.97896 -0.35857 0.02517 0.14355 -0.11123 0.98305
1731053530.553606510 19.14401 -25.97749 -0.35893 0.02513 0.14481 -0.10580 0.98347
1731053530.563606739 19.15867 -25.97636 -0.35991 0.02518 0.14592 -0.10052 0.98385
1731053530.573606491 19.17320 -25.97530 -0.36143 0.02532 0.14694 -0.09541 0.98421
1731053530.583606482 19.18754 -25.97396 -0.36338 0.02558 0.14796 -0.09044 0.98452
1731053530.593606472 19.20164 -25.97212 -0.36565 0.02597 0.14905 -0.08564 0.98477
1731053530.603606701 19.21556 -25.96988 -0.36817 0.02647 0.15019 -0.08098 0.98498
1731053530.613606453 19.22936 -25.96747 -0.37088 0.02706 0.15137 -0.07650 0.98514
1731053530.623606443 19.24312 -25.96506 -0.37370 0.02770 0.15255 -0.07218 0.98527
1731053530.633606434 19.25692 -25.96289 -0.37655 0.02839 0.15371 -0.06803 0.98536
1731053530.643606663 19.27082 -25.96109 -0.37939 0.02909 0.15482 -0.06407 0.98543
1731053530.653606415 19.28480 -25.95962 -0.38218 0.02975 0.15582 -0.06028 0.98550
1731053530.663606405 19.29884 -25.95840 -0.38488 0.03032 0.15664 -0.05666 0.98556
1731053530.673606396 19.31292 -25.95734 -0.38747 0.03077 0.15722 -0.05321 0.98565
1731053530.683606625 19.32700 -25.95633 -0.38993 0.03104 0.15749 -0.04992 0.98577
1731053530.693606615 19.34108 -25.95530 -0.39223 0.03110 0.15741 -0.04679 0.98593
1731053530.703606367 19.35522 -25.95419 -0.39437 0.03100 0.15703 -0.04381 0.98614
1731053530.713606596 19.36950 -25.95295 -0.39636 0.03083 0.15642 -0.04098 0.98636
1731053530.723606586 19.38398 -25.95156 -0.39819 0.03064 0.15568 -0.03831 0.98659
1731053530.733606577 19.39860 -25.95007 -0.39987 0.03043 0.15483 -0.03582 0.98682
1731053530.743606329 19.41321 -25.94859 -0.40137 0.03016 0.15393 -0.03356 0.98705
1731053530.753606558 19.42767 -25.94725 -0.40268 0.02978 0.15300 -0.03157 0.98727
1731053530.763606548 19.44186 -25.94602 -0.40383 0.02930 0.15213 -0.02981 0.98748
1731053530.773606539 19.45572 -25.94464 -0.40488 0.02882 0.15152 -0.02806 0.98764
1731053530.783606291 19.46917 -25.94283 -0.40592 0.02845 0.15135 -0.02611 0.98773
1731053530.793606520 19.48218 -25.94040 -0.40699 0.02826 0.15177 -0.02380 0.98773
1731053530.803606749 19.49483 -25.93748 -0.40806 0.02823 0.15268 -0.02119 0.98765
1731053530.813606501 19.50724 -25.93427 -0.40907 0.02830 0.15392 -0.01843 0.98751
1731053530.823606491 19.51950 -25.93098 -0.40996 0.02845 0.15535 -0.01564 0.98733
1731053530.833606482 19.53174 -25.92781 -0.41066 0.02861 0.15681 -0.01296 0.98713
1731053530.843606710 19.54403 -25.92492 -0.41114 0.02876 0.15819 -0.01049 0.98693
1731053530.853606462 19.55634 -25.92220 -0.41141 0.02889 0.15955 -0.00821 0.98673
1731053530.863606453 19.56864 -25.91947 -0.41152 0.02904 0.16099 -0.00607 0.98651
1731053530.873606443 19.58087 -25.91657 -0.41149 0.02922 0.16260 -0.00402 0.98625
1731053530.883606672 19.59297 -25.91334 -0.41136 0.02945 0.16450 -0.00203 0.98594
1731053530.893606424 19.60493 -25.90965 -0.41117 0.02975 0.16674 -0.00003 0.98555
1731053530.903606415 19.61675 -25.90562 -0.41095 0.03009 0.16930 0.00198 0.98510
1731053530.913606405 19.62847 -25.90142 -0.41073 0.03046 0.17212 0.00401 0.98460
1731053530.923606634 19.64013 -25.89719 -0.41053 0.03082 0.17514 0.00608 0.98404
1731053530.933606625 19.65175 -25.89312 -0.41038 0.03114 0.17830 0.00819 0.98345
1731053530.943606377 19.66339 -25.88931 -0.41031 0.03141 0.18153 0.01035 0.98283
1731053530.953606606 19.67507 -25.88570 -0.41032 0.03161 0.18473 0.01255 0.98220
1731053530.963606596 19.68684 -25.88218 -0.41041 0.03174 0.18775 0.01478 0.98159
1731053530.973606586 19.69873 -25.87864 -0.41058 0.03180 0.19049 0.01702 0.98103
1731053530.983606339 19.71080 -25.87495 -0.41083 0.03179 0.19281 0.01926 0.98053
1731053530.993606567 19.72308 -25.87104 -0.41116 0.03169 0.19463 0.02150 0.98013
1731053531.003606558 19.73552 -25.86694 -0.41159 0.03151 0.19598 0.02375 0.97981
1731053531.013606548 19.74810 -25.86273 -0.41211 0.03123 0.19692 0.02605 0.97958
1731053531.023606300 19.76079 -25.85846 -0.41275 0.03085 0.19753 0.02841 0.97940
1731053531.033606529 19.77353 -25.85421 -0.41352 0.03035 0.19787 0.03087 0.97927
1731053531.043606520 19.78630 -25.85002 -0.41441 0.02974 0.19800 0.03344 0.97918
1731053531.053606510 19.79911 -25.84585 -0.41545 0.02902 0.19794 0.03613 0.97912
1731053531.063606262 19.81196 -25.84163 -0.41664 0.02820 0.19770 0.03892 0.97908
1731053531.073606491 19.82487 -25.83730 -0.41798 0.02729 0.19731 0.04180 0.97907
1731053531.083606720 19.83784 -25.83279 -0.41947 0.02630 0.19676 0.04476 0.97908
1731053531.093606472 19.85089 -25.82807 -0.42113 0.02525 0.19607 0.04780 0.97910
1731053531.103606462 19.86401 -25.82316 -0.42291 0.02418 0.19528 0.05089 0.97913
1731053531.113606453 19.87721 -25.81815 -0.42475 0.02315 0.19441 0.05404 0.97916
1731053531.123606682 19.89047 -25.81309 -0.42662 0.02220 0.19349 0.05724 0.97918
1731053531.133606434 19.90379 -25.80806 -0.42846 0.02139 0.19255 0.06049 0.97919
1731053531.143606424 19.91717 -25.80310 -0.43023 0.02075 0.19163 0.06377 0.97917
1731053531.153606415 19.93059 -25.79819 -0.43191 0.02023 0.19071 0.06710 0.97914
1731053531.163606644 19.94402 -25.79330 -0.43350 0.01979 0.18980 0.07048 0.97909
1731053531.173606396 19.95744 -25.78840 -0.43497 0.01934 0.18888 0.07391 0.97902
1731053531.183606386 19.97083 -25.78347 -0.43632 0.01883 0.18796 0.07741 0.97894
1731053531.193606615 19.98415 -25.77843 -0.43756 0.01823 0.18703 0.08097 0.97884
1731053531.203606606 19.99730 -25.77309 -0.43874 0.01763 0.18616 0.08461 0.97871
1731053531.213606596 20.01014 -25.76722 -0.43995 0.01715 0.18542 0.08833 0.97853
1731053531.223606348 20.02259 -25.76065 -0.44126 0.01690 0.18486 0.09214 0.97829
1731053531.233606577 20.03473 -25.75353 -0.44258 0.01683 0.18455 0.09609 0.97797
1731053531.243606567 20.04679 -25.74629 -0.44375 0.01680 0.18455 0.10023 0.97756
1731053531.253606558 20.05899 -25.73933 -0.44458 0.01667 0.18489 0.10464 0.97703
1731053531.263606310 20.07143 -25.73284 -0.44500 0.01637 0.18554 0.10932 0.97640
1731053531.273606539 20.08401 -25.72667 -0.44508 0.01592 0.18627 0.11421 0.97571
1731053531.283606529 20.09658 -25.72062 -0.44493 0.01536 0.18686 0.11921 0.97500
1731053531.293606520 20.10903 -25.71445 -0.44459 0.01473 0.18714 0.12426 0.97433
1731053531.303606272 20.12132 -25.70779 -0.44404 0.01403 0.18709 0.12937 0.97369
1731053531.313606501 20.13338 -25.70020 -0.44321 0.01326 0.18675 0.13453 0.97306
1731053531.323606730 20.14519 -25.69131 -0.44205 0.01243 0.18617 0.13978 0.97245
1731053531.333606482 20.15673 -25.68144 -0.44061 0.01158 0.18547 0.14512 0.97181
1731053531.343606472 20.16804 -25.67138 -0.43907 0.01071 0.18484 0.15060 0.97110
1731053531.353606462 20.17915 -25.66189 -0.43756 0.00988 0.18445 0.15624 0.97029
1731053531.363606691 20.19006 -25.65334 -0.43618 0.00906 0.18442 0.16204 0.96936
1731053531.373606443 20.20076 -25.64545 -0.43492 0.00822 0.18468 0.16794 0.96831
1731053531.383606434 20.21125 -25.63788 -0.43376 0.00727 0.18520 0.17390 0.96716
1731053531.393606424 20.22151 -25.63031 -0.43270 0.00618 0.18593 0.17984 0.96595
1731053531.403606653 20.23160 -25.62243 -0.43176 0.00495 0.18679 0.18572 0.96467
1731053531.413606405 20.24157 -25.61395 -0.43098 0.00362 0.18774 0.19147 0.96337
1731053531.423606396 20.25150 -25.60463 -0.43038 0.00220 0.18872 0.19703 0.96206
1731053531.433606625 20.26140 -25.59470 -0.42998 0.00074 0.18970 0.20242 0.96075
1731053531.443606615 20.27126 -25.58475 -0.42976 -0.00071 0.19070 0.20767 0.95943
1731053531.453606606 20.28108 -25.57533 -0.42970 -0.00210 0.19173 0.21282 0.95809
1731053531.463606358 20.29085 -25.56670 -0.42980 -0.00339 0.19279 0.21788 0.95674
1731053531.473606586 20.30062 -25.55864 -0.43010 -0.00456 0.19387 0.22285 0.95537
1731053531.483606577 20.31042 -25.55089 -0.43061 -0.00560 0.19494 0.22769 0.95400
1731053531.493606567 20.32027 -25.54318 -0.43137 -0.00649 0.19599 0.23239 0.95265
1731053531.503606319 20.33008 -25.53526 -0.43236 -0.00725 0.19696 0.23693 0.95133
1731053531.513606548 20.33976 -25.52686 -0.43353 -0.00791 0.19779 0.24130 0.95005
1731053531.523606539 20.34922 -25.51776 -0.43487 -0.00850 0.19844 0.24550 0.94883
1731053531.533606529 20.35855 -25.50817 -0.43636 -0.00902 0.19891 0.24951 0.94768
1731053531.543606281 20.36796 -25.49857 -0.43801 -0.00944 0.19925 0.25335 0.94659
1731053531.553606510 20.37766 -25.48947 -0.43982 -0.00974 0.19949 0.25701 0.94554
1731053531.563606739 20.38774 -25.48107 -0.44178 -0.00991 0.19966 0.26051 0.94455
1731053531.573606491 20.39811 -25.47320 -0.44381 -0.00996 0.19971 0.26384 0.94361
1731053531.583606482 20.40867 -25.46561 -0.44587 -0.00990 0.19961 0.26699 0.94275
1731053531.593606472 20.41931 -25.45807 -0.44788 -0.00974 0.19932 0.26996 0.94196
1731053531.603606701 20.43001 -25.45032 -0.44987 -0.00949 0.19888 0.27275 0.94126
1731053531.613606453 20.44072 -25.44208 -0.45186 -0.00919 0.19830 0.27534 0.94063
1731053531.623606443 20.45143 -25.43312 -0.45385 -0.00887 0.19763 0.27773 0.94007
1731053531.633606434 20.46213 -25.42368 -0.45581 -0.00851 0.19685 0.27990 0.93959
1731053531.643606663 20.47286 -25.41430 -0.45761 -0.00812 0.19597 0.28182 0.93921
1731053531.653606415 20.48365 -25.40550 -0.45917 -0.00768 0.19497 0.28345 0.93893
1731053531.663606405 20.49451 -25.39754 -0.46041 -0.00721 0.19388 0.28480 0.93875
1731053531.673606396 20.50543 -25.39019 -0.46137 -0.00674 0.19279 0.28587 0.93865
1731053531.683606625 20.51640 -25.38321 -0.46205 -0.00632 0.19180 0.28669 0.93861
1731053531.693606615 20.52744 -25.37630 -0.46250 -0.00597 0.19100 0.28726 0.93860
1731053531.703606367 20.53862 -25.36906 -0.46276 -0.00568 0.19044 0.28760 0.93861
1731053531.713606596 20.55000 -25.36101 -0.46286 -0.00540 0.19018 0.28772 0.93863
1731053531.723606586 20.56168 -25.35177 -0.46285 -0.00509 0.19024 0.28762 0.93865
1731053531.733606577 20.57352 -25.34162 -0.46271 -0.00476 0.19060 0.28736 0.93866
1731053531.743606329 20.58528 -25.33130 -0.46236 -0.00439 0.19119 0.28700 0.93865
1731053531.753606558 20.59675 -25.32154 -0.46175 -0.00401 0.19193 0.28664 0.93861
1731053531.763606548 20.60782 -25.31271 -0.46086 -0.00360 0.19277 0.28630 0.93854
1731053531.773606539 20.61864 -25.30465 -0.45975 -0.00316 0.19365 0.28593 0.93847
1731053531.783606291 20.62937 -25.29712 -0.45852 -0.00266 0.19455 0.28549 0.93842
1731053531.793606520 20.64013 -25.28994 -0.45722 -0.00208 0.19542 0.28492 0.93842
1731053531.803606749 20.65096 -25.28303 -0.45589 -0.00146 0.19628 0.28422 0.93845
1731053531.813606501 20.66183 -25.27634 -0.45454 -0.00079 0.19712 0.28342 0.93852
1731053531.823606491 20.67273 -25.26982 -0.45321 -0.00011 0.19795 0.28250 0.93862
1731053531.833606482 20.68365 -25.26342 -0.45189 0.00057 0.19878 0.28149 0.93875
1731053531.843606710 20.69458 -25.25709 -0.45063 0.00122 0.19961 0.28039 0.93890
1731053531.853606462 20.70551 -25.25079 -0.44943 0.00183 0.20045 0.27921 0.93907
1731053531.863606453 20.71642 -25.24446 -0.44832 0.00238 0.20130 0.27796 0.93926
1731053531.873606443 20.72730 -25.23806 -0.44731 0.00284 0.20218 0.27666 0.93946
1731053531.883606672 20.73814 -25.23154 -0.44642 0.00321 0.20309 0.27530 0.93966
1731053531.893606424 20.74893 -25.22487 -0.44568 0.00346 0.20401 0.27390 0.93987
1731053531.903606415 20.75971 -25.21812 -0.44503 0.00363 0.20485 0.27248 0.94009
1731053531.913606405 20.77051 -25.21139 -0.44446 0.00378 0.20549 0.27106 0.94036
1731053531.923606634 20.78138 -25.20477 -0.44391 0.00393 0.20583 0.26966 0.94069
1731053531.933606625 20.79235 -25.19834 -0.44335 0.00414 0.20574 0.26830 0.94110
1731053531.943606377 20.80346 -25.19218 -0.44276 0.00444 0.20514 0.26700 0.94160
1731053531.953606606 20.81469 -25.18625 -0.44215 0.00485 0.20403 0.26577 0.94219
1731053531.963606596 20.82604 -25.18048 -0.44157 0.00538 0.20244 0.26462 0.94285
1731053531.973606586 20.83749 -25.17482 -0.44106 0.00603 0.20040 0.26357 0.94357
1731053531.983606339 20.84903 -25.16921 -0.44067 0.00682 0.19795 0.26263 0.94435
1731053531.993606567 20.86063 -25.16352 -0.44041 0.00775 0.19514 0.26180 0.94516
1731053532.003606558 20.87226 -25.15737 -0.44031 0.00881 0.19210 0.26112 0.94596
1731053532.013606548 20.88389 -25.15033 -0.44036 0.01000 0.18900 0.26061 0.94671
1731053532.023606300 20.89548 -25.14201 -0.44056 0.01131 0.18600 0.26029 0.94738
1731053532.033606529 20.90702 -25.13263 -0.44089 0.01267 0.18314 0.26014 0.94796
1731053532.043606520 20.91852 -25.12284 -0.44131 0.01396 0.18043 0.26009 0.94847
1731053532.053606510 20.92999 -25.11326 -0.44179 0.01509 0.17784 0.26008 0.94895
1731053532.063606262 20.94146 -25.10424 -0.44231 0.01601 0.17537 0.26009 0.94939
1731053532.073606491 20.95295 -25.09569 -0.44286 0.01676 0.17301 0.26016 0.94979
1731053532.083606720 20.96450 -25.08746 -0.44347 0.01740 0.17073 0.26035 0.95014
1731053532.093606472 20.97615 -25.07944 -0.44414 0.01798 0.16853 0.26069 0.95043
1731053532.103606462 20.98789 -25.07159 -0.44486 0.01851 0.16640 0.26121 0.95065
1731053532.113606453 20.99971 -25.06391 -0.44561 0.01901 0.16435 0.26188 0.95081
1731053532.123606682 21.01160 -25.05637 -0.44638 0.01950 0.16240 0.26271 0.95091
1731053532.133606434 21.02356 -25.04895 -0.44716 0.01998 0.16053 0.26369 0.95095
1731053532.143606424 21.03558 -25.04164 -0.44794 0.02048 0.15877 0.26481 0.95092
1731053532.153606415 21.04765 -25.03443 -0.44871 0.02099 0.15711 0.26608 0.95083
1731053532.163606644 21.05975 -25.02729 -0.44944 0.02154 0.15556 0.26750 0.95067
1731053532.173606396 21.07190 -25.02022 -0.45012 0.02214 0.15413 0.26904 0.95046
1731053532.183606386 21.08407 -25.01319 -0.45075 0.02280 0.15283 0.27071 0.95018
1731053532.193606615 21.09622 -25.00614 -0.45128 0.02351 0.15167 0.27252 0.94983
1731053532.203606606 21.10816 -24.99880 -0.45157 0.02417 0.15082 0.27447 0.94939
1731053532.213606596 21.11968 -24.99086 -0.45142 0.02465 0.15045 0.27659 0.94882
1731053532.223606348 21.13057 -24.98204 -0.45068 0.02484 0.15069 0.27889 0.94810
1731053532.233606577 21.14099 -24.97258 -0.44949 0.02477 0.15142 0.28136 0.94726
1731053532.243606567 21.15129 -24.96305 -0.44814 0.02459 0.15231 0.28396 0.94634
1731053532.253606558 21.16184 -24.95401 -0.44693 0.02442 0.15305 0.28665 0.94542
1731053532.263606310 21.17278 -24.94561 -0.44604 0.02436 0.15347 0.28940 0.94451
1731053532.273606539 21.18392 -24.93728 -0.44545 0.02438 0.15364 0.29222 0.94361
1731053532.283606529 21.19504 -24.92841 -0.44511 0.02447 0.15367 0.29511 0.94271
1731053532.293606520 21.20598 -24.91856 -0.44498 0.02459 0.15364 0.29807 0.94178
1731053532.303606272 21.21669 -24.90797 -0.44497 0.02469 0.15369 0.30109 0.94081
1731053532.313606501 21.22721 -24.89707 -0.44502 0.02472 0.15396 0.30413 0.93978
1731053532.323606730 21.23755 -24.88627 -0.44503 0.02460 0.15458 0.30718 0.93869
1731053532.333606482 21.24774 -24.87599 -0.44493 0.02429 0.15570 0.31021 0.93752
1731053532.343606472 21.25777 -24.86652 -0.44465 0.02372 0.15739 0.31319 0.93626
1731053532.353606462 21.26768 -24.85771 -0.44422 0.02292 0.15954 0.31613 0.93493
1731053532.363606691 21.27745 -24.84930 -0.44368 0.02189 0.16199 0.31901 0.93355
1731053532.373606443 21.28711 -24.84102 -0.44308 0.02067 0.16457 0.32182 0.93216
1731053532.383606434 21.29664 -24.83259 -0.44246 0.01928 0.16712 0.32458 0.93078
1731053532.393606424 21.30607 -24.82381 -0.44186 0.01773 0.16949 0.32726 0.92944
1731053532.403606653 21.31547 -24.81478 -0.44130 0.01609 0.17161 0.32988 0.92815
1731053532.413606405 21.32489 -24.80565 -0.44081 0.01440 0.17342 0.33246 0.92692
1731053532.423606396 21.33443 -24.79657 -0.44039 0.01272 0.17487 0.33499 0.92576
1731053532.433606625 21.34414 -24.78771 -0.44008 0.01111 0.17590 0.33751 0.92468
1731053532.443606615 21.35409 -24.77917 -0.43989 0.00960 0.17646 0.34000 0.92367
1731053532.453606606 21.36426 -24.77091 -0.43980 0.00822 0.17659 0.34244 0.92276
1731053532.463606358 21.37460 -24.76284 -0.43979 0.00698 0.17630 0.34482 0.92194
1731053532.473606586 21.38507 -24.75488 -0.43985 0.00588 0.17563 0.34710 0.92122
1731053532.483606577 21.39565 -24.74694 -0.43995 0.00495 0.17460 0.34925 0.92061
1731053532.493606567 21.40629 -24.73896 -0.44008 0.00419 0.17326 0.35125 0.92010
1731053532.503606319 21.41704 -24.73095 -0.44024 0.00362 0.17163 0.35308 0.91971
1731053532.513606548 21.42792 -24.72297 -0.44044 0.00323 0.16973 0.35474 0.91942
1731053532.523606539 21.43898 -24.71506 -0.44068 0.00304 0.16760 0.35621 0.91925
1731053532.533606529 21.45026 -24.70726 -0.44096 0.00305 0.16524 0.35749 0.91918
1731053532.543606281 21.46179 -24.69962 -0.44128 0.00327 0.16271 0.35857 0.91921
1731053532.553606510 21.47354 -24.69213 -0.44162 0.00367 0.16007 0.35944 0.91933
1731053532.563606739 21.48548 -24.68479 -0.44194 0.00421 0.15739 0.36011 0.91953
1731053532.573606491 21.49759 -24.67760 -0.44223 0.00486 0.15475 0.36057 0.91979
1731053532.583606482 21.50983 -24.67056 -0.44244 0.00557 0.15224 0.36082 0.92011
1731053532.593606472 21.52215 -24.66359 -0.44259 0.00632 0.14990 0.36086 0.92047
1731053532.603606701 21.53441 -24.65635 -0.44282 0.00710 0.14778 0.36063 0.92090
1731053532.613606453 21.54648 -24.64843 -0.44335 0.00790 0.14586 0.36009 0.92141
1731053532.623606443 21.55821 -24.63949 -0.44431 0.00871 0.14417 0.35918 0.92202
1731053532.633606434 21.56973 -24.62988 -0.44556 0.00949 0.14264 0.35790 0.92275
1731053532.643606663 21.58128 -24.62039 -0.44670 0.01018 0.14121 0.35624 0.92361
1731053532.653606415 21.59313 -24.61182 -0.44735 0.01070 0.13977 0.35423 0.92459
1731053532.663606405 21.60540 -24.60451 -0.44733 0.01104 0.13829 0.35190 0.92570
1731053532.673606396 21.61800 -24.59815 -0.44676 0.01123 0.13674 0.34931 0.92691
1731053532.683606625 21.63082 -24.59234 -0.44580 0.01132 0.13510 0.34654 0.92819
1731053532.693606615 21.64380 -24.58664 -0.44458 0.01134 0.13336 0.34366 0.92951
1731053532.703606367 21.65711 -24.58048 -0.44313 0.01136 0.13151 0.34072 0.93085
1731053532.713606596 21.67094 -24.57319 -0.44147 0.01144 0.12953 0.33778 0.93220
1731053532.723606586 21.68549 -24.56425 -0.43960 0.01165 0.12740 0.33491 0.93352
1731053532.733606577 21.70051 -24.55415 -0.43754 0.01200 0.12511 0.33214 0.93482
1731053532.743606329 21.71556 -24.54407 -0.43533 0.01251 0.12266 0.32949 0.93608
1731053532.753606558 21.73015 -24.53519 -0.43298 0.01320 0.12003 0.32697 0.93729
1731053532.763606548 21.74407 -24.52804 -0.43053 0.01407 0.11722 0.32460 0.93845
1731053532.773606539 21.75751 -24.52215 -0.42801 0.01516 0.11423 0.32233 0.93959
1731053532.783606291 21.77069 -24.51696 -0.42545 0.01648 0.11106 0.32011 0.94070
1731053532.793606520 21.78378 -24.51192 -0.42290 0.01803 0.10772 0.31791 0.94181
1731053532.803606749 21.79672 -24.50650 -0.42048 0.01972 0.10435 0.31575 0.94288
1731053532.813606501 21.80940 -24.50021 -0.41831 0.02144 0.10112 0.31364 0.94390
1731053532.823606491 21.82173 -24.49261 -0.41650 0.02309 0.09818 0.31162 0.94484
1731053532.833606482 21.83380 -24.48407 -0.41501 0.02458 0.09563 0.30968 0.94570
1731053532.843606710 21.84580 -24.47548 -0.41370 0.02589 0.09355 0.30783 0.94648
1731053532.853606462 21.85793 -24.46776 -0.41243 0.02695 0.09200 0.30606 0.94717
1731053532.863606453 21.87029 -24.46130 -0.41115 0.02777 0.09097 0.30436 0.94780
1731053532.873606443 21.88283 -24.45572 -0.40996 0.02836 0.09038 0.30271 0.94836
1731053532.883606672 21.89547 -24.45057 -0.40896 0.02877 0.09014 0.30106 0.94890
1731053532.893606424 21.90815 -24.44544 -0.40825 0.02902 0.09013 0.29941 0.94942
1731053532.903606415 21.92083 -24.43996 -0.40791 0.02913 0.09028 0.29777 0.94991
1731053532.913606405 21.93351 -24.43382 -0.40805 0.02912 0.09048 0.29617 0.95040
1731053532.923606634 21.94615 -24.42673 -0.40872 0.02899 0.09066 0.29464 0.95086
1731053532.933606625 21.95880 -24.41892 -0.40984 0.02879 0.09078 0.29320 0.95130
1731053532.943606377 21.97153 -24.41097 -0.41123 0.02853 0.09086 0.29186 0.95171
1731053532.953606606 21.98440 -24.40345 -0.41272 0.02825 0.09090 0.29062 0.95209
1731053532.963606596 21.99738 -24.39652 -0.41420 0.02797 0.09092 0.28950 0.95244
1731053532.973606586 22.01026 -24.38971 -0.41564 0.02770 0.09088 0.28851 0.95275
1731053532.983606339 22.02284 -24.38248 -0.41705 0.02741 0.09075 0.28766 0.95303
1731053532.993606567 22.03497 -24.37444 -0.41843 0.02713 0.09053 0.28696 0.95327
1731053533.003606558 22.04678 -24.36576 -0.41985 0.02685 0.09030 0.28644 0.95346
1731053533.013606548 22.05844 -24.35678 -0.42138 0.02658 0.09018 0.28612 0.95357
1731053533.023606300 22.07017 -24.34779 -0.42309 0.02635 0.09027 0.28602 0.95360
1731053533.033606529 22.08214 -24.33911 -0.42505 0.02616 0.09069 0.28618 0.95352
1731053533.043606520 22.09451 -24.33099 -0.42730 0.02601 0.09149 0.28659 0.95332
1731053533.053606510 22.10722 -24.32338 -0.42980 0.02592 0.09259 0.28725 0.95302
1731053533.063606262 22.12017 -24.31613 -0.43245 0.02586 0.09383 0.28812 0.95263
1731053533.073606491 22.13328 -24.30913 -0.43517 0.02583 0.09509 0.28918 0.95219
1731053533.083606720 22.14645 -24.30225 -0.43789 0.02582 0.09621 0.29039 0.95171
1731053533.093606472 22.15957 -24.29528 -0.44052 0.02582 0.09709 0.29173 0.95121
1731053533.103606462 22.17251 -24.28774 -0.44299 0.02584 0.09777 0.29318 0.95069
1731053533.113606453 22.18513 -24.27910 -0.44524 0.02587 0.09829 0.29472 0.95016
1731053533.123606682 22.19730 -24.26887 -0.44721 0.02591 0.09872 0.29635 0.94961
1731053533.133606434 22.20912 -24.25749 -0.44892 0.02593 0.09917 0.29808 0.94902
1731053533.143606424 22.22084 -24.24594 -0.45042 0.02591 0.09979 0.29998 0.94836
1731053533.153606415 22.23270 -24.23522 -0.45180 0.02580 0.10073 0.30210 0.94759
1731053533.163606644 22.24478 -24.22568 -0.45304 0.02561 0.10203 0.30446 0.94670
1731053533.173606396 22.25692 -24.21670 -0.45406 0.02538 0.10357 0.30700 0.94572
1731053533.183606386 22.26892 -24.20756 -0.45475 0.02517 0.10520 0.30967 0.94467
1731053533.193606615 22.28062 -24.19772 -0.45503 0.02503 0.10683 0.31243 0.94358
1731053533.203606606 22.29204 -24.18729 -0.45500 0.02493 0.10845 0.31527 0.94246
1731053533.213606596 22.30320 -24.17657 -0.45475 0.02483 0.11008 0.31818 0.94129
1731053533.223606348 22.31414 -24.16583 -0.45440 0.02469 0.11174 0.32117 0.94008
1731053533.233606577 22.32491 -24.15538 -0.45406 0.02446 0.11346 0.32422 0.93884
1731053533.243606567 22.33553 -24.14543 -0.45381 0.02411 0.11526 0.32733 0.93755
1731053533.253606558 22.34603 -24.13595 -0.45368 0.02364 0.11717 0.33048 0.93621
1731053533.263606310 22.35641 -24.12684 -0.45363 0.02307 0.11926 0.33367 0.93483
1731053533.273606539 22.36668 -24.11800 -0.45366 0.02238 0.12155 0.33687 0.93341
1731053533.283606529 22.37685 -24.10933 -0.45374 0.02160 0.12408 0.34006 0.93193
1731053533.293606520 22.38692 -24.10075 -0.45386 0.02073 0.12688 0.34323 0.93041
1731053533.303606272 22.39677 -24.09223 -0.45402 0.01976 0.12977 0.34635 0.92887
1731053533.313606501 22.40629 -24.08374 -0.45422 0.01873 0.13257 0.34942 0.92735
1731053533.323606730 22.41538 -24.07526 -0.45444 0.01762 0.13510 0.35241 0.92588
1731053533.333606482 22.42420 -24.06680 -0.45473 0.01647 0.13731 0.35533 0.92445
1731053533.343606472 22.43309 -24.05838 -0.45512 0.01532 0.13924 0.35819 0.92308
1731053533.353606462 22.44241 -24.05004 -0.45567 0.01423 0.14093 0.36101 0.92174
1731053533.363606691 22.45231 -24.04177 -0.45641 0.01321 0.14240 0.36379 0.92044
1731053533.373606443 22.46266 -24.03359 -0.45731 0.01229 0.14366 0.36650 0.91918
1731053533.383606434 22.47332 -24.02547 -0.45837 0.01147 0.14473 0.36911 0.91798
1731053533.393606424 22.48416 -24.01734 -0.45956 0.01077 0.14560 0.37159 0.91685
1731053533.403606653 22.49521 -24.00878 -0.46090 0.01019 0.14628 0.37389 0.91581
1731053533.413606405 22.50655 -23.99932 -0.46242 0.00972 0.14676 0.37596 0.91489
1731053533.423606396 22.51822 -23.98852 -0.46413 0.00937 0.14703 0.37776 0.91411
1731053533.433606625 22.53018 -23.97680 -0.46603 0.00913 0.14713 0.37929 0.91346
1731053533.443606615 22.54227 -23.96510 -0.46808 0.00900 0.14711 0.38061 0.91291
1731053533.453606606 22.55438 -23.95437 -0.47027 0.00898 0.14702 0.38178 0.91244
1731053533.463606358 22.56644 -23.94503 -0.47255 0.00905 0.14690 0.38282 0.91202
1731053533.473606586 22.57848 -23.93670 -0.47487 0.00917 0.14679 0.38373 0.91166
1731053533.483606577 22.59057 -23.92892 -0.47718 0.00933 0.14669 0.38452 0.91134
1731053533.493606567 22.60267 -23.92129 -0.47940 0.00950 0.14662 0.38516 0.91108
1731053533.503606319 22.61443 -23.91350 -0.48132 0.00967 0.14659 0.38564 0.91088
1731053533.513606548 22.62543 -23.90533 -0.48274 0.00984 0.14659 0.38592 0.91076
1731053533.523606539 22.63531 -23.89653 -0.48346 0.01003 0.14661 0.38597 0.91073
1731053533.533606529 22.64439 -23.88735 -0.48364 0.01022 0.14666 0.38576 0.91081
1731053533.543606281 22.65347 -23.87827 -0.48371 0.01038 0.14673 0.38526 0.91101
1731053533.553606510 22.66334 -23.86981 -0.48405 0.01051 0.14683 0.38445 0.91133
1731053533.563606739 22.67436 -23.86219 -0.48483 0.01061 0.14697 0.38332 0.91179
1731053533.573606491 22.68623 -23.85522 -0.48585 0.01069 0.14714 0.38187 0.91236
1731053533.583606482 22.69857 -23.84866 -0.48688 0.01080 0.14735 0.38011 0.91306
1731053533.593606472 22.71110 -23.84222 -0.48778 0.01096 0.14762 0.37804 0.91388
1731053533.603606701 22.72378 -23.83547 -0.48867 0.01118 0.14796 0.37571 0.91478
1731053533.613606453 22.73662 -23.82788 -0.48977 0.01146 0.14839 0.37316 0.91575
1731053533.623606443 22.74966 -23.81903 -0.49125 0.01179 0.14893 0.37043 0.91677
1731053533.633606434 22.76286 -23.80932 -0.49296 0.01217 0.14954 0.36759 0.91780
1731053533.643606663 22.77612 -23.79969 -0.49455 0.01256 0.15019 0.36474 0.91883
1731053533.653606415 22.78936 -23.79106 -0.49565 0.01296 0.15083 0.36196 0.91982
1731053533.663606405 22.80252 -23.78384 -0.49611 0.01336 0.15146 0.35929 0.92076
1731053533.673606396 22.81560 -23.77761 -0.49616 0.01378 0.15214 0.35667 0.92165
1731053533.683606625 22.82858 -23.77188 -0.49603 0.01425 0.15294 0.35406 0.92252
1731053533.693606615 22.84148 -23.76625 -0.49593 0.01479 0.15394 0.35141 0.92336
1731053533.703606367 22.85429 -23.76067 -0.49588 0.01537 0.15514 0.34869 0.92418
1731053533.713606596 22.86705 -23.75521 -0.49584 0.01594 0.15655 0.34590 0.92498
1731053533.723606586 22.87977 -23.74991 -0.49578 0.01648 0.15817 0.34304 0.92576
1731053533.733606577 22.89247 -23.74484 -0.49569 0.01695 0.16001 0.34009 0.92652
1731053533.743606329 22.90515 -23.74001 -0.49555 0.01732 0.16204 0.33706 0.92727
1731053533.753606558 22.91778 -23.73528 -0.49537 0.01761 0.16416 0.33398 0.92801
1731053533.763606548 22.93033 -23.73045 -0.49519 0.01786 0.16622 0.33088 0.92875
1731053533.773606539 22.94273 -23.72534 -0.49505 0.01811 0.16807 0.32782 0.92949
1731053533.783606291 22.95495 -23.71978 -0.49498 0.01838 0.16959 0.32484 0.93026
1731053533.793606520 22.96697 -23.71364 -0.49500 0.01871 0.17066 0.32196 0.93106
1731053533.803606749 22.97884 -23.70709 -0.49512 0.01912 0.17129 0.31919 0.93188
1731053533.813606501 22.99068 -23.70035 -0.49532 0.01961 0.17152 0.31653 0.93274
1731053533.823606491 23.00255 -23.69366 -0.49562 0.02020 0.17140 0.31395 0.93362
1731053533.833606482 23.01457 -23.68726 -0.49599 0.02089 0.17096 0.31144 0.93453
1731053533.843606710 23.02678 -23.68130 -0.49643 0.02169 0.17024 0.30900 0.93545
1731053533.853606462 23.03914 -23.67566 -0.49693 0.02257 0.16929 0.30665 0.93638
1731053533.863606453 23.05158 -23.67015 -0.49747 0.02351 0.16813 0.30438 0.93730
1731053533.873606443 23.06401 -23.66457 -0.49802 0.02447 0.16681 0.30221 0.93821
1731053533.883606672 23.07636 -23.65873 -0.49857 0.02542 0.16537 0.30015 0.93910
1731053533.893606424 23.08859 -23.65249 -0.49910 0.02633 0.16383 0.29822 0.93996
1731053533.903606415 23.10073 -23.64588 -0.49968 0.02720 0.16221 0.29642 0.94079
1731053533.913606405 23.11287 -23.63899 -0.50036 0.02802 0.16054 0.29475 0.94157
1731053533.923606634 23.12508 -23.63190 -0.50120 0.02878 0.15882 0.29323 0.94232
1731053533.933606625 23.13743 -23.62470 -0.50227 0.02947 0.15706 0.29186 0.94302
1731053533.943606377 23.14999 -23.61747 -0.50361 0.03010 0.15530 0.29064 0.94367
1731053533.953606606 23.16273 -23.61023 -0.50519 0.03067 0.15357 0.28957 0.94426
1731053533.963606596 23.17559 -23.60301 -0.50696 0.03118 0.15191 0.28867 0.94479
1731053533.973606586 23.18854 -23.59582 -0.50885 0.03165 0.15039 0.28794 0.94524
1731053533.983606339 23.20153 -23.58870 -0.51084 0.03208 0.14903 0.28737 0.94561
1731053533.993606567 23.21452 -23.58165 -0.51285 0.03248 0.14789 0.28698 0.94589
1731053534.003606558 23.22750 -23.57467 -0.51488 0.03284 0.14699 0.28677 0.94609
1731053534.013606548 23.24047 -23.56775 -0.51691 0.03315 0.14632 0.28672 0.94619
1731053534.023606300 23.25341 -23.56089 -0.51892 0.03340 0.14590 0.28684 0.94621
1731053534.033606529 23.26634 -23.55406 -0.52089 0.03358 0.14573 0.28713 0.94615
1731053534.043606520 23.27923 -23.54726 -0.52281 0.03368 0.14583 0.28758 0.94599
1731053534.053606510 23.29210 -23.54048 -0.52467 0.03368 0.14621 0.28819 0.94575
1731053534.063606262 23.30493 -23.53371 -0.52644 0.03357 0.14687 0.28896 0.94541
1731053534.073606491 23.31773 -23.52694 -0.52811 0.03335 0.14782 0.28988 0.94499
1731053534.083606720 23.33048 -23.52015 -0.52967 0.03301 0.14908 0.29095 0.94448
1731053534.093606472 23.34314 -23.51327 -0.53109 0.03254 0.15061 0.29217 0.94387
1731053534.103606462 23.35554 -23.50591 -0.53233 0.03200 0.15230 0.29356 0.94319
1731053534.113606453 23.36742 -23.49763 -0.53334 0.03148 0.15400 0.29514 0.94244
1731053534.123606682 23.37859 -23.48804 -0.53409 0.03103 0.15555 0.29693 0.94163
1731053534.133606434 23.38920 -23.47750 -0.53462 0.03068 0.15693 0.29889 0.94080
1731053534.143606424 23.39961 -23.46687 -0.53504 0.03041 0.15816 0.30100 0.93993
1731053534.153606415 23.41020 -23.45699 -0.53544 0.03020 0.15930 0.30319 0.93904
1731053534.163606644 23.42114 -23.44820 -0.53585 0.03002 0.16039 0.30545 0.93812
1731053534.173606396 23.43228 -23.44006 -0.53613 0.02979 0.16157 0.30776 0.93717
1731053534.183606386 23.44346 -23.43205 -0.53616 0.02944 0.16296 0.31013 0.93616
1731053534.193606615 23.45453 -23.42376 -0.53585 0.02890 0.16463 0.31256 0.93508
1731053534.203606606 23.46547 -23.41523 -0.53529 0.02818 0.16658 0.31502 0.93393
1731053534.213606596 23.47626 -23.40660 -0.53463 0.02730 0.16873 0.31749 0.93273
1731053534.223606348 23.48691 -23.39800 -0.53401 0.02628 0.17104 0.31994 0.93150
1731053534.233606577 23.49743 -23.38960 -0.53357 0.02513 0.17344 0.32234 0.93026
1731053534.243606567 23.50780 -23.38148 -0.53342 0.02387 0.17588 0.32468 0.92902
1731053534.253606558 23.51808 -23.37362 -0.53355 0.02252 0.17830 0.32695 0.92780
1731053534.263606310 23.52832 -23.36597 -0.53394 0.02107 0.18064 0.32916 0.92659
1731053534.273606539 23.53856 -23.35846 -0.53453 0.01953 0.18286 0.33132 0.92542
1731053534.283606529 23.54885 -23.35102 -0.53531 0.01791 0.18490 0.33343 0.92429
1731053534.293606520 23.55924 -23.34358 -0.53625 0.01623 0.18671 0.33549 0.92321
1731053534.303606272 23.56968 -23.33592 -0.53745 0.01451 0.18833 0.33748 0.92219
1731053534.313606501 23.58013 -23.32780 -0.53904 0.01280 0.18980 0.33940 0.92121
1731053534.323606730 23.59054 -23.31901 -0.54112 0.01114 0.19116 0.34121 0.92028
1731053534.333606482 23.60095 -23.30976 -0.54362 0.00955 0.19242 0.34290 0.91940
1731053534.343606472 23.61145 -23.30050 -0.54633 0.00801 0.19355 0.34445 0.91860
1731053534.353606462 23.62213 -23.29169 -0.54906 0.00652 0.19452 0.34584 0.91789
1731053534.363606691 23.63303 -23.28355 -0.55170 0.00508 0.19533 0.34706 0.91726
1731053534.373606443 23.64413 -23.27589 -0.55427 0.00375 0.19598 0.34813 0.91672
1731053534.383606434 23.65538 -23.26850 -0.55683 0.00254 0.19649 0.34905 0.91627
1731053534.393606424 23.66672 -23.26117 -0.55933 0.00151 0.19688 0.34982 0.91589
1731053534.403606653 23.67799 -23.25362 -0.56151 0.00063 0.19720 0.35042 0.91560
1731053534.413606405 23.68900 -23.24559 -0.56301 -0.00009 0.19745 0.35082 0.91539
1731053534.423606396 23.69957 -23.23683 -0.56354 -0.00069 0.19769 0.35101 0.91527
1731053534.433606625 23.70986 -23.22758 -0.56334 -0.00117 0.19783 0.35100 0.91524
1731053534.443606615 23.72027 -23.21836 -0.56298 -0.00154 0.19777 0.35085 0.91531
1731053534.453606606 23.73116 -23.20969 -0.56303 -0.00179 0.19737 0.35062 0.91548
1731053534.463606358 23.74270 -23.20181 -0.56373 -0.00194 0.19660 0.35032 0.91576
1731053534.473606586 23.75472 -23.19450 -0.56481 -0.00203 0.19549 0.34993 0.91615
1731053534.483606577 23.76701 -23.18753 -0.56592 -0.00208 0.19412 0.34941 0.91664
1731053534.493606567 23.77940 -23.18065 -0.56685 -0.00211 0.19252 0.34871 0.91724
1731053534.503606319 23.79179 -23.17354 -0.56773 -0.00209 0.19069 0.34779 0.91797
1731053534.513606548 23.80410 -23.16589 -0.56883 -0.00201 0.18860 0.34661 0.91885
1731053534.523606539 23.81628 -23.15743 -0.57034 -0.00184 0.18623 0.34512 0.91989
1731053534.533606529 23.82837 -23.14841 -0.57207 -0.00161 0.18364 0.34333 0.92108
1731053534.543606281 23.84055 -23.13945 -0.57356 -0.00142 0.18097 0.34126 0.92238
1731053534.553606510 23.85296 -23.13114 -0.57433 -0.00133 0.17833 0.33893 0.92375
1731053534.563606739 23.86568 -23.12363 -0.57420 -0.00136 0.17585 0.33640 0.92515
1731053534.573606491 23.87866 -23.11636 -0.57341 -0.00140 0.17361 0.33376 0.92653
1731053534.583606482 23.89184 -23.10872 -0.57223 -0.00132 0.17172 0.33110 0.92784
1731053534.593606472 23.90518 -23.10026 -0.57088 -0.00103 0.17025 0.32849 0.92904
1731053534.603606701 23.91859 -23.09121 -0.56943 -0.00052 0.16915 0.32594 0.93013
1731053534.613606453 23.93203 -23.08196 -0.56790 0.00018 0.16837 0.32344 0.93115
1731053534.623606443 23.94542 -23.07290 -0.56629 0.00104 0.16784 0.32098 0.93210
1731053534.633606434 23.95871 -23.06443 -0.56463 0.00204 0.16752 0.31853 0.93299
1731053534.643606663 23.97184 -23.05684 -0.56293 0.00314 0.16734 0.31610 0.93385
1731053534.653606415 23.98482 -23.05007 -0.56121 0.00427 0.16729 0.31366 0.93467
1731053534.663606405 23.99768 -23.04394 -0.55951 0.00535 0.16736 0.31122 0.93547
1731053534.673606396 24.01046 -23.03829 -0.55784 0.00629 0.16754 0.30876 0.93625
1731053534.683606625 24.02316 -23.03296 -0.55624 0.00702 0.16782 0.30628 0.93701
1731053534.693606615 24.03586 -23.02772 -0.55474 0.00747 0.16820 0.30378 0.93775
1731053534.703606367 24.04871 -23.02222 -0.55342 0.00769 0.16870 0.30129 0.93846
1731053534.713606596 24.06190 -23.01603 -0.55238 0.00775 0.16935 0.29885 0.93912
1731053534.723606586 24.07560 -23.00879 -0.55169 0.00769 0.17018 0.29651 0.93971
1731053534.733606577 24.08967 -23.00078 -0.55129 0.00758 0.17108 0.29426 0.94026
1731053534.743606329 24.10377 -22.99273 -0.55100 0.00744 0.17188 0.29209 0.94079
1731053534.753606558 24.11753 -22.98533 -0.55063 0.00730 0.17241 0.28995 0.94135
1731053534.763606548 24.13082 -22.97884 -0.55011 0.00720 0.17258 0.28785 0.94197
1731053534.773606539 24.14376 -22.97280 -0.54950 0.00715 0.17238 0.28578 0.94264
1731053534.783606291 24.15653 -22.96669 -0.54885 0.00720 0.17183 0.28376 0.94335
1731053534.793606520 24.16925 -22.96010 -0.54824 0.00735 0.17093 0.28180 0.94409
1731053534.803606749 24.18201 -22.95310 -0.54770 0.00762 0.16970 0.27992 0.94487
1731053534.813606501 24.19486 -22.94587 -0.54726 0.00801 0.16811 0.27814 0.94568
1731053534.823606491 24.20783 -22.93858 -0.54695 0.00854 0.16615 0.27646 0.94652
1731053534.833606482 24.22097 -22.93141 -0.54679 0.00922 0.16382 0.27491 0.94737
1731053534.843606710 24.23432 -22.92449 -0.54680 0.01003 0.16110 0.27349 0.94823
1731053534.853606462 24.24777 -22.91777 -0.54694 0.01097 0.15802 0.27222 0.94911
1731053534.863606453 24.26121 -22.91113 -0.54718 0.01202 0.15456 0.27110 0.94999
1731053534.873606443 24.27451 -22.90447 -0.54746 0.01315 0.15075 0.27011 0.95086
1731053534.883606672 24.28756 -22.89768 -0.54773 0.01433 0.14659 0.26928 0.95173
1731053534.893606424 24.30026 -22.89067 -0.54797 0.01555 0.14211 0.26859 0.95259
1731053534.903606415 24.31270 -22.88340 -0.54818 0.01677 0.13742 0.26806 0.95340
1731053534.913606405 24.32496 -22.87584 -0.54840 0.01798 0.13265 0.26773 0.95415
1731053534.923606634 24.33717 -22.86797 -0.54867 0.01914 0.12792 0.26760 0.95481
1731053534.933606625 24.34943 -22.85975 -0.54901 0.02023 0.12337 0.26770 0.95536
1731053534.943606377 24.36181 -22.85118 -0.54945 0.02123 0.11912 0.26804 0.95578
1731053534.953606606 24.37433 -22.84235 -0.54997 0.02212 0.11523 0.26862 0.95607
1731053534.963606596 24.38694 -22.83337 -0.55055 0.02290 0.11179 0.26940 0.95624
1731053534.973606586 24.39964 -22.82436 -0.55116 0.02356 0.10885 0.27036 0.95630
1731053534.983606339 24.41238 -22.81542 -0.55178 0.02409 0.10649 0.27148 0.95623
1731053534.993606567 24.42516 -22.80665 -0.55239 0.02448 0.10474 0.27274 0.95605
1731053535.003606558 24.43793 -22.79804 -0.55298 0.02475 0.10360 0.27413 0.95578
1731053535.013606548 24.45068 -22.78955 -0.55356 0.02489 0.10300 0.27564 0.95540
1731053535.023606300 24.46336 -22.78116 -0.55413 0.02492 0.10292 0.27727 0.95494
1731053535.033606529 24.47596 -22.77285 -0.55469 0.02484 0.10329 0.27901 0.95439
1731053535.043606520 24.48845 -22.76457 -0.55524 0.02467 0.10408 0.28086 0.95377
1731053535.053606510 24.50079 -22.75630 -0.55577 0.02440 0.10524 0.28280 0.95308
1731053535.063606262 24.51296 -22.74801 -0.55631 0.02406 0.10673 0.28484 0.95231
1731053535.073606491 24.52492 -22.73968 -0.55683 0.02363 0.10849 0.28696 0.95149
1731053535.083606720 24.53666 -22.73126 -0.55736 0.02315 0.11050 0.28916 0.95060
1731053535.093606472 24.54814 -22.72275 -0.55787 0.02260 0.11269 0.29144 0.94966
1731053535.103606462 24.55939 -22.71419 -0.55837 0.02198 0.11508 0.29378 0.94867
1731053535.113606453 24.57043 -22.70561 -0.55883 0.02131 0.11764 0.29619 0.94762
1731053535.123606682 24.58127 -22.69708 -0.55924 0.02056 0.12038 0.29866 0.94651
1731053535.133606434 24.59196 -22.68864 -0.55957 0.01974 0.12328 0.30118 0.94536
1731053535.143606424 24.60250 -22.68032 -0.55983 0.01884 0.12632 0.30376 0.94415
1731053535.153606415 24.61294 -22.67212 -0.56001 0.01786 0.12941 0.30637 0.94291
1731053535.163606644 24.62330 -22.66402 -0.56014 0.01678 0.13241 0.30901 0.94165
1731053535.173606396 24.63362 -22.65598 -0.56024 0.01560 0.13522 0.31168 0.94039
1731053535.183606386 24.64393 -22.64798 -0.56032 0.01430 0.13771 0.31436 0.93915
1731053535.193606615 24.65426 -22.63992 -0.56040 0.01289 0.13979 0.31705 0.93796
1731053535.203606606 24.66459 -22.63142 -0.56050 0.01141 0.14147 0.31975 0.93681
1731053535.213606596 24.67489 -22.62199 -0.56065 0.00993 0.14278 0.32246 0.93570
1731053535.223606348 24.68515 -22.61123 -0.56088 0.00852 0.14375 0.32519 0.93462
1731053535.233606577 24.69538 -22.59942 -0.56124 0.00718 0.14443 0.32790 0.93358
1731053535.243606567 24.70562 -22.58730 -0.56175 0.00592 0.14485 0.33054 0.93259
1731053535.253606558 24.71591 -22.57560 -0.56248 0.00474 0.14506 0.33307 0.93167
1731053535.263606310 24.72631 -22.56469 -0.56343 0.00364 0.14507 0.33543 0.93082
1731053535.273606539 24.73685 -22.55442 -0.56458 0.00266 0.14490 0.33765 0.93005
1731053535.283606529 24.74759 -22.54457 -0.56588 0.00182 0.14453 0.33973 0.92935
1731053535.293606520 24.75856 -22.53497 -0.56731 0.00117 0.14398 0.34166 0.92873
1731053535.303606272 24.76977 -22.52558 -0.56884 0.00068 0.14327 0.34346 0.92817
1731053535.313606501 24.78119 -22.51637 -0.57045 0.00034 0.14244 0.34512 0.92769
1731053535.323606730 24.79281 -22.50735 -0.57214 0.00013 0.14152 0.34664 0.92726
1731053535.333606482 24.80463 -22.49851 -0.57388 0.00004 0.14053 0.34800 0.92690
1731053535.343606472 24.81662 -22.48983 -0.57566 0.00004 0.13952 0.34921 0.92660
1731053535.353606462 24.82877 -22.48131 -0.57746 0.00012 0.13850 0.35027 0.92635
1731053535.363606691 24.84108 -22.47294 -0.57926 0.00026 0.13752 0.35116 0.92616
1731053535.373606443 24.85353 -22.46470 -0.58106 0.00044 0.13661 0.35189 0.92602
1731053535.383606434 24.86610 -22.45660 -0.58283 0.00063 0.13580 0.35245 0.92592
1731053535.393606424 24.87878 -22.44860 -0.58453 0.00084 0.13510 0.35284 0.92588
1731053535.403606653 24.89157 -22.44068 -0.58601 0.00108 0.13452 0.35301 0.92590
1731053535.413606405 24.90446 -22.43276 -0.58709 0.00136 0.13401 0.35294 0.92600
1731053535.423606396 24.91743 -22.42481 -0.58764 0.00171 0.13356 0.35259 0.92619
1731053535.433606625 24.93049 -22.41690 -0.58774 0.00210 0.13317 0.35194 0.92650
1731053535.443606615 24.94363 -22.40914 -0.58768 0.00248 0.13285 0.35097 0.92691
1731053535.453606606 24.95684 -22.40166 -0.58773 0.00278 0.13261 0.34968 0.92743
1731053535.463606358 24.97012 -22.39445 -0.58805 0.00300 0.13247 0.34806 0.92806
1731053535.473606586 24.98342 -22.38729 -0.58857 0.00316 0.13242 0.34616 0.92878
1731053535.483606577 24.99668 -22.37994 -0.58923 0.00331 0.13247 0.34403 0.92956
1731053535.493606567 25.00987 -22.37221 -0.58996 0.00346 0.13261 0.34170 0.93040
1731053535.503606319 25.02302 -22.36426 -0.59071 0.00365 0.13288 0.33921 0.93127
1731053535.513606548 25.03616 -22.35632 -0.59140 0.00386 0.13329 0.33659 0.93216
1731053535.523606539 25.04932 -22.34859 -0.59198 0.00413 0.13389 0.33387 0.93305
1731053535.533606529 25.06254 -22.34130 -0.59238 0.00445 0.13470 0.33108 0.93393
1731053535.543606281 25.07585 -22.33462 -0.59257 0.00483 0.13574 0.32826 0.93477
1731053535.553606510 25.08922 -22.32852 -0.59259 0.00527 0.13703 0.32539 0.93558
1731053535.563606739 25.10264 -22.32290 -0.59250 0.00578 0.13857 0.32246 0.93637
1731053535.573606491 25.11609 -22.31767 -0.59236 0.00635 0.14037 0.31948 0.93712
1731053535.583606482 25.12954 -22.31275 -0.59222 0.00699 0.14245 0.31642 0.93784
1731053535.593606472 25.14298 -22.30801 -0.59213 0.00768 0.14479 0.31329 0.93852
1731053535.603606701 25.15647 -22.30323 -0.59196 0.00837 0.14736 0.31008 0.93918
1731053535.613606453 25.17010 -22.29815 -0.59157 0.00899 0.15011 0.30681 0.93981
1731053535.623606443 25.18394 -22.29253 -0.59084 0.00948 0.15300 0.30350 0.94042
1731053535.633606434 25.19792 -22.28654 -0.58990 0.00985 0.15596 0.30015 0.94101
1731053535.643606663 25.21192 -22.28057 -0.58902 0.01015 0.15889 0.29677 0.94158
1731053535.653606415 25.22580 -22.27504 -0.58851 0.01042 0.16172 0.29340 0.94215
1731053535.663606405 25.23951 -22.27012 -0.58849 0.01069 0.16438 0.29003 0.94273
1731053535.673606396 25.25311 -22.26563 -0.58889 0.01096 0.16678 0.28670 0.94333
1731053535.683606625 25.26668 -22.26135 -0.58960 0.01124 0.16889 0.28339 0.94395
1731053535.693606615 25.28024 -22.25701 -0.59054 0.01151 0.17064 0.28015 0.94460
1731053535.703606367 25.29368 -22.25213 -0.59164 0.01181 0.17202 0.27698 0.94528
1731053535.713606596 25.30684 -22.24617 -0.59288 0.01218 0.17304 0.27392 0.94598
1731053535.723606586 25.31958 -22.23865 -0.59422 0.01265 0.17368 0.27099 0.94670
1731053535.733606577 25.33203 -22.22994 -0.59565 0.01323 0.17395 0.26819 0.94744
1731053535.743606329 25.34449 -22.22096 -0.59723 0.01390 0.17385 0.26551 0.94820
1731053535.753606558 25.35726 -22.21261 -0.59896 0.01464 0.17337 0.26292 0.94900
1731053535.763606548 25.37049 -22.20533 -0.60087 0.01543 0.17257 0.26041 0.94983
1731053535.773606539 25.38408 -22.19882 -0.60294 0.01619 0.17151 0.25800 0.95066
1731053535.783606291 25.39791 -22.19272 -0.60513 0.01688 0.17031 0.25570 0.95149
1731053535.793606520 25.41189 -22.18673 -0.60744 0.01744 0.16904 0.25351 0.95229
1731053535.803606749 25.42598 -22.18077 -0.60982 0.01787 0.16774 0.25146 0.95305
1731053535.813606501 25.44016 -22.17484 -0.61226 0.01820 0.16642 0.24955 0.95378
1731053535.823606491 25.45442 -22.16894 -0.61471 0.01844 0.16510 0.24781 0.95446
1731053535.833606482 25.46873 -22.16304 -0.61716 0.01862 0.16380 0.24624 0.95509
1731053535.843606710 25.48307 -22.15715 -0.61956 0.01875 0.16253 0.24486 0.95565
1731053535.853606462 25.49743 -22.15125 -0.62190 0.01886 0.16132 0.24369 0.95616
1731053535.863606453 25.51178 -22.14534 -0.62414 0.01895 0.16017 0.24274 0.95659
1731053535.873606443 25.52610 -22.13940 -0.62625 0.01906 0.15911 0.24203 0.95695
1731053535.883606672 25.54037 -22.13344 -0.62821 0.01920 0.15815 0.24156 0.95722
1731053535.893606424 25.55459 -22.12739 -0.62997 0.01939 0.15730 0.24135 0.95741
1731053535.903606415 25.56875 -22.12098 -0.63146 0.01963 0.15654 0.24136 0.95753
1731053535.913606405 25.58288 -22.11390 -0.63261 0.01991 0.15584 0.24152 0.95759
1731053535.923606634 25.59698 -22.10588 -0.63334 0.02022 0.15517 0.24181 0.95762
1731053535.933606625 25.61106 -22.09717 -0.63372 0.02053 0.15455 0.24220 0.95762
1731053535.943606377 25.62509 -22.08833 -0.63389 0.02077 0.15404 0.24273 0.95756
1731053535.953606606 25.63908 -22.07995 -0.63401 0.02090 0.15369 0.24341 0.95744
1731053535.963606596 25.65301 -22.07219 -0.63415 0.02090 0.15351 0.24427 0.95725
1731053535.973606586 25.66692 -22.06461 -0.63431 0.02081 0.15348 0.24530 0.95699
1731053535.983606339 25.68082 -22.05670 -0.63446 0.02071 0.15357 0.24650 0.95667
1731053535.993606567 25.69473 -22.04808 -0.63459 0.02064 0.15374 0.24788 0.95629
1731053536.003606558 25.70858 -22.03892 -0.63465 0.02060 0.15402 0.24943 0.95585
1731053536.013606548 25.72231 -22.02947 -0.63463 0.02058 0.15441 0.25112 0.95534
1731053536.023606300 25.73584 -22.02003 -0.63449 0.02058 0.15495 0.25295 0.95477
1731053536.033606529 25.74909 -22.01086 -0.63420 0.02058 0.15565 0.25490 0.95413
1731053536.043606520 25.76201 -22.00218 -0.63375 0.02058 0.15653 0.25696 0.95344
1731053536.053606510 25.77464 -21.99394 -0.63316 0.02052 0.15756 0.25910 0.95269
1731053536.063606262 25.78704 -21.98603 -0.63246 0.02035 0.15872 0.26127 0.95191
1731053536.073606491 25.79927 -21.97834 -0.63171 0.02001 0.15998 0.26343 0.95111
1731053536.083606720 25.81139 -21.97074 -0.63092 0.01944 0.16131 0.26555 0.95031
1731053536.093606472 25.82339 -21.96314 -0.63011 0.01860 0.16268 0.26760 0.94951
1731053536.103606462 25.83507 -21.95540 -0.62915 0.01757 0.16406 0.26962 0.94873
1731053536.113606453 25.84613 -21.94739 -0.62789 0.01642 0.16539 0.27166 0.94793
1731053536.123606682 25.85635 -21.93901 -0.62620 0.01524 0.16665 0.27377 0.94713
1731053536.133606434 25.86599 -21.93037 -0.62425 0.01403 0.16779 0.27594 0.94631
1731053536.143606424 25.87566 -21.92172 -0.62244 0.01278 0.16878 0.27816 0.94550
1731053536.153606415 25.88597 -21.91331 -0.62113 0.01144 0.16957 0.28039 0.94472
1731053536.163606644 25.89720 -21.90525 -0.62051 0.01003 0.17014 0.28260 0.94397
1731053536.173606396 25.90911 -21.89746 -0.62041 0.00859 0.17048 0.28476 0.94328
1731053536.183606386 25.92142 -21.88982 -0.62065 0.00718 0.17056 0.28685 0.94264
1731053536.193606615 25.93391 -21.88220 -0.62108 0.00585 0.17039 0.28883 0.94208
1731053536.203606606 25.94657 -21.87440 -0.62174 0.00462 0.16996 0.29068 0.94159
1731053536.213606596 25.95944 -21.86623 -0.62268 0.00351 0.16928 0.29236 0.94120
1731053536.223606348 25.97255 -21.85751 -0.62396 0.00254 0.16834 0.29387 0.94090
1731053536.233606577 25.98586 -21.84840 -0.62553 0.00173 0.16722 0.29518 0.94069
1731053536.243606567 25.99926 -21.83932 -0.62725 0.00105 0.16599 0.29629 0.94056
1731053536.253606558 26.01265 -21.83066 -0.62898 0.00052 0.16475 0.29720 0.94049
1731053536.263606310 26.02599 -21.82260 -0.63065 0.00012 0.16356 0.29792 0.94047
1731053536.273606539 26.03931 -21.81501 -0.63225 -0.00016 0.16240 0.29847 0.94050
1731053536.283606529 26.05265 -21.80769 -0.63380 -0.00031 0.16127 0.29886 0.94057
1731053536.293606520 26.06605 -21.80045 -0.63532 -0.00035 0.16015 0.29910 0.94069
1731053536.303606272 26.07951 -21.79308 -0.63684 -0.00023 0.15901 0.29915 0.94086
1731053536.313606501 26.09307 -21.78532 -0.63841 0.00007 0.15783 0.29898 0.94112
1731053536.323606730 26.10674 -21.77696 -0.64006 0.00059 0.15659 0.29854 0.94146
1731053536.333606482 26.12049 -21.76823 -0.64171 0.00130 0.15530 0.29781 0.94191
1731053536.343606472 26.13429 -21.75959 -0.64322 0.00215 0.15398 0.29679 0.94245
1731053536.353606462 26.14811 -21.75154 -0.64445 0.00309 0.15266 0.29548 0.94307
1731053536.363606691 26.16192 -21.74429 -0.64534 0.00406 0.15137 0.29386 0.94378
1731053536.373606443 26.17577 -21.73768 -0.64594 0.00496 0.15008 0.29189 0.94459
1731053536.383606434 26.18969 -21.73153 -0.64634 0.00572 0.14879 0.28951 0.94552
1731053536.393606424 26.20371 -21.72565 -0.64658 0.00629 0.14748 0.28669 0.94658
1731053536.403606653 26.21783 -21.71988 -0.64670 0.00667 0.14614 0.28349 0.94775
1731053536.413606405 26.23203 -21.71406 -0.64670 0.00694 0.14475 0.27999 0.94900
1731053536.423606396 26.24630 -21.70806 -0.64658 0.00713 0.14330 0.27628 0.95031
1731053536.433606625 26.26062 -21.70198 -0.64633 0.00729 0.14184 0.27245 0.95163
1731053536.443606615 26.27498 -21.69603 -0.64595 0.00750 0.14045 0.26857 0.95294
1731053536.453606606 26.28936 -21.69046 -0.64543 0.00778 0.13921 0.26472 0.95419
1731053536.463606358 26.30373 -21.68537 -0.64480 0.00822 0.13819 0.26098 0.95537
1731053536.473606586 26.31805 -21.68066 -0.64412 0.00890 0.13743 0.25736 0.95645
1731053536.483606577 26.33227 -21.67622 -0.64345 0.00991 0.13697 0.25389 0.95743
1731053536.493606567 26.34638 -21.67191 -0.64283 0.01129 0.13686 0.25059 0.95830
1731053536.503606319 26.36051 -21.66742 -0.64220 0.01292 0.13708 0.24744 0.95907
1731053536.513606548 26.37479 -21.66239 -0.64145 0.01465 0.13761 0.24442 0.95975
1731053536.523606539 26.38936 -21.65654 -0.64048 0.01630 0.13844 0.24148 0.96034
1731053536.533606529 26.40411 -21.65009 -0.63939 0.01780 0.13957 0.23863 0.96086
1731053536.543606281 26.41880 -21.64364 -0.63839 0.01908 0.14102 0.23583 0.96132
1731053536.553606510 26.43318 -21.63779 -0.63768 0.02010 0.14280 0.23309 0.96170
1731053536.563606739 26.44713 -21.63277 -0.63737 0.02085 0.14489 0.23038 0.96203
1731053536.573606491 26.46077 -21.62835 -0.63742 0.02137 0.14727 0.22773 0.96229
1731053536.583606482 26.47423 -21.62422 -0.63778 0.02171 0.14988 0.22514 0.96249
1731053536.593606472 26.48761 -21.62004 -0.63839 0.02192 0.15266 0.22261 0.96263
1731053536.603606701 26.50090 -21.61534 -0.63927 0.02199 0.15549 0.22011 0.96275
1731053536.613606453 26.51410 -21.60960 -0.64047 0.02194 0.15826 0.21760 0.96287
1731053536.623606443 26.52717 -21.60238 -0.64199 0.02177 0.16083 0.21506 0.96302
1731053536.633606434 26.54011 -21.59404 -0.64374 0.02153 0.16310 0.21250 0.96321
1731053536.643606663 26.55292 -21.58546 -0.64552 0.02132 0.16499 0.20996 0.96345
1731053536.653606415 26.56559 -21.57750 -0.64715 0.02123 0.16641 0.20749 0.96374
1731053536.663606405 26.57817 -21.57058 -0.64856 0.02130 0.16734 0.20513 0.96409
1731053536.673606396 26.59078 -21.56436 -0.64990 0.02149 0.16777 0.20289 0.96448
1731053536.683606625 26.60355 -21.55843 -0.65131 0.02178 0.16775 0.20080 0.96492
1731053536.693606615 26.61657 -21.55248 -0.65291 0.02214 0.16730 0.19889 0.96538
1731053536.703606367 26.62984 -21.54642 -0.65470 0.02253 0.16647 0.19716 0.96587
1731053536.713606596 26.64333 -21.54027 -0.65664 0.02294 0.16532 0.19563 0.96637
1731053536.723606586 26.65701 -21.53403 -0.65868 0.02335 0.16391 0.19430 0.96687
1731053536.733606577 26.67084 -21.52770 -0.66078 0.02375 0.16231 0.19317 0.96735
1731053536.743606329 26.68480 -21.52127 -0.66290 0.02412 0.16057 0.19227 0.96782
1731053536.753606558 26.69885 -21.51476 -0.66500 0.02443 0.15875 0.19158 0.96824
1731053536.763606548 26.71297 -21.50815 -0.66704 0.02467 0.15692 0.19113 0.96863
1731053536.773606539 26.72712 -21.50147 -0.66897 0.02483 0.15513 0.19092 0.96895
1731053536.783606291 26.74127 -21.49470 -0.67076 0.02488 0.15344 0.19095 0.96921
1731053536.793606520 26.75541 -21.48777 -0.67237 0.02482 0.15191 0.19124 0.96940
1731053536.803606749 26.76953 -21.48037 -0.67386 0.02471 0.15052 0.19174 0.96952
1731053536.813606501 26.78366 -21.47209 -0.67529 0.02461 0.14924 0.19241 0.96959
1731053536.823606491 26.79782 -21.46259 -0.67669 0.02460 0.14807 0.19322 0.96961
1731053536.833606482 26.81196 -21.45220 -0.67805 0.02463 0.14702 0.19416 0.96958
1731053536.843606710 26.82603 -21.44167 -0.67924 0.02457 0.14614 0.19524 0.96950
1731053536.853606462 26.83996 -21.43176 -0.68016 0.02431 0.14549 0.19648 0.96935
1731053536.863606453 26.85372 -21.42280 -0.68078 0.02379 0.14504 0.19788 0.96914
1731053536.873606443 26.86731 -21.41443 -0.68118 0.02303 0.14470 0.19947 0.96889
1731053536.883606672 26.88076 -21.40624 -0.68145 0.02209 0.14433 0.20124 0.96860
1731053536.893606424 26.89406 -21.39791 -0.68165 0.02099 0.14385 0.20321 0.96828
1731053536.903606415 26.90726 -21.38939 -0.68176 0.01982 0.14323 0.20536 0.96795
1731053536.913606405 26.92037 -21.38073 -0.68176 0.01865 0.14248 0.20769 0.96758
1731053536.923606634 26.93342 -21.37199 -0.68160 0.01757 0.14160 0.21017 0.96720
1731053536.933606625 26.94644 -21.36320 -0.68126 0.01666 0.14060 0.21279 0.96679
1731053536.943606377 26.95944 -21.35441 -0.68071 0.01598 0.13950 0.21554 0.96635
1731053536.953606606 26.97238 -21.34561 -0.68000 0.01551 0.13842 0.21839 0.96587
1731053536.963606596 26.98522 -21.33682 -0.67917 0.01522 0.13748 0.22133 0.96534
1731053536.973606586 26.99789 -21.32803 -0.67829 0.01505 0.13682 0.22432 0.96475
1731053536.983606339 27.01036 -21.31925 -0.67741 0.01497 0.13656 0.22734 0.96408
1731053536.993606567 27.02256 -21.31045 -0.67656 0.01494 0.13683 0.23037 0.96332
1731053537.003606558 27.03438 -21.30151 -0.67564 0.01489 0.13763 0.23334 0.96249
1731053537.013606548 27.04571 -21.29230 -0.67455 0.01476 0.13896 0.23620 0.96160
1731053537.023606300 27.05644 -21.28270 -0.67317 0.01448 0.14080 0.23890 0.96067
1731053537.033606529 27.06674 -21.27282 -0.67163 0.01398 0.14306 0.24142 0.95972
1731053537.043606520 27.07695 -21.26296 -0.67022 0.01324 0.14561 0.24381 0.95874
1731053537.053606510 27.08739 -21.25337 -0.66920 0.01218 0.14831 0.24612 0.95775
1731053537.063606262 27.09824 -21.24420 -0.66870 0.01082 0.15103 0.24837 0.95676
1731053537.073606491 27.10939 -21.23532 -0.66862 0.00924 0.15367 0.25055 0.95579
1731053537.083606720 27.12075 -21.22663 -0.66883 0.00755 0.15610 0.25267 0.95485
1731053537.093606472 27.13224 -21.21797 -0.66924 0.00584 0.15823 0.25471 0.95397
1731053537.103606462 27.14395 -21.20915 -0.66982 0.00415 0.15999 0.25667 0.95316
1731053537.113606453 27.15604 -21.19993 -0.67057 0.00254 0.16132 0.25854 0.95243
1731053537.123606682 27.16864 -21.19011 -0.67150 0.00104 0.16218 0.26031 0.95181
1731053537.133606434 27.18162 -21.17988 -0.67259 -0.00033 0.16258 0.26196 0.95129
1731053537.143606424 27.19473 -21.16964 -0.67384 -0.00157 0.16257 0.26351 0.95086
1731053537.153606415 27.20771 -21.15980 -0.67523 -0.00271 0.16219 0.26496 0.95052
1731053537.163606644 27.22043 -21.15054 -0.67676 -0.00373 0.16154 0.26630 0.95025
1731053537.173606396 27.23296 -21.14172 -0.67844 -0.00462 0.16077 0.26755 0.95003
1731053537.183606386 27.24541 -21.13314 -0.68028 -0.00535 0.16005 0.26869 0.94982
1731053537.193606615 27.25785 -21.12462 -0.68226 -0.00591 0.15951 0.26972 0.94962
1731053537.203606606 27.27026 -21.11599 -0.68434 -0.00629 0.15920 0.27064 0.94940
1731053537.213606596 27.28263 -21.10707 -0.68644 -0.00649 0.15916 0.27145 0.94918
1731053537.223606348 27.29490 -21.09770 -0.68848 -0.00650 0.15940 0.27212 0.94895
1731053537.233606577 27.30712 -21.08802 -0.69041 -0.00636 0.15981 0.27264 0.94873
1731053537.243606567 27.31931 -21.07834 -0.69219 -0.00613 0.16017 0.27298 0.94857
1731053537.253606558 27.33154 -21.06897 -0.69378 -0.00585 0.16027 0.27309 0.94853
1731053537.263606310 27.34384 -21.06007 -0.69514 -0.00554 0.15999 0.27295 0.94861
1731053537.273606539 27.35623 -21.05152 -0.69630 -0.00519 0.15937 0.27259 0.94883
1731053537.283606529 27.36873 -21.04318 -0.69726 -0.00476 0.15844 0.27200 0.94915
1731053537.293606520 27.38136 -21.03491 -0.69804 -0.00425 0.15725 0.27120 0.94958
1731053537.303606272 27.39406 -21.02651 -0.69863 -0.00368 0.15587 0.27020 0.95010
1731053537.313606501 27.40679 -21.01775 -0.69903 -0.00312 0.15437 0.26901 0.95068
1731053537.323606730 27.41950 -21.00845 -0.69925 -0.00262 0.15282 0.26764 0.95132
1731053537.333606482 27.43227 -20.99874 -0.69929 -0.00216 0.15134 0.26613 0.95198
1731053537.343606472 27.44524 -20.98896 -0.69919 -0.00172 0.15007 0.26452 0.95263
1731053537.353606462 27.45857 -20.97946 -0.69898 -0.00123 0.14916 0.26288 0.95323
1731053537.363606691 27.47227 -20.97042 -0.69866 -0.00066 0.14865 0.26124 0.95376
1731053537.373606443 27.48617 -20.96177 -0.69821 0.00006 0.14842 0.25959 0.95425
1731053537.383606434 27.50008 -20.95343 -0.69759 0.00100 0.14835 0.25792 0.95471
1731053537.393606424 27.51385 -20.94533 -0.69678 0.00220 0.14832 0.25624 0.95516
1731053537.403606653 27.52744 -20.93743 -0.69581 0.00364 0.14833 0.25454 0.95561
1731053537.413606405 27.54088 -20.92973 -0.69471 0.00525 0.14839 0.25284 0.95605
1731053537.423606396 27.55419 -20.92222 -0.69351 0.00699 0.14852 0.25112 0.95647
1731053537.433606625 27.56737 -20.91488 -0.69225 0.00880 0.14873 0.24941 0.95687
1731053537.443606615 27.58045 -20.90771 -0.69095 0.01065 0.14904 0.24770 0.95725
1731053537.453606606 27.59343 -20.90069 -0.68964 0.01247 0.14946 0.24600 0.95760
1731053537.463606358 27.60635 -20.89381 -0.68837 0.01422 0.15001 0.24431 0.95792
1731053537.473606586 27.61920 -20.88706 -0.68716 0.01585 0.15071 0.24265 0.95821
1731053537.483606577 27.63201 -20.88044 -0.68604 0.01730 0.15157 0.24100 0.95846
1731053537.493606567 27.64476 -20.87389 -0.68503 0.01854 0.15261 0.23939 0.95868
1731053537.503606319 27.65733 -20.86728 -0.68411 0.01956 0.15386 0.23781 0.95885
1731053537.513606548 27.66959 -20.86042 -0.68324 0.02036 0.15537 0.23626 0.95897
1731053537.523606539 27.68139 -20.85316 -0.68238 0.02097 0.15716 0.23476 0.95903
1731053537.533606529 27.69288 -20.84561 -0.68159 0.02142 0.15916 0.23328 0.95906
1731053537.543606281 27.70437 -20.83805 -0.68099 0.02178 0.16120 0.23178 0.95907
1731053537.553606510 27.71616 -20.83077 -0.68069 0.02208 0.16314 0.23025 0.95911
1731053537.563606739 27.72841 -20.82385 -0.68073 0.02240 0.16483 0.22865 0.95919
1731053537.573606491 27.74105 -20.81706 -0.68101 0.02277 0.16618 0.22703 0.95933
1731053537.583606482 27.75399 -20.81018 -0.68144 0.02321 0.16710 0.22542 0.95954
1731053537.593606472 27.76715 -20.80300 -0.68193 0.02376 0.16752 0.22384 0.95983
1731053537.603606701 27.78048 -20.79560 -0.68248 0.02440 0.16745 0.22230 0.96018
1731053537.613606453 27.79394 -20.78807 -0.68313 0.02511 0.16694 0.22081 0.96060
1731053537.623606443 27.80748 -20.78055 -0.68390 0.02585 0.16603 0.21938 0.96106
1731053537.633606434 27.82107 -20.77313 -0.68482 0.02661 0.16476 0.21800 0.96157
1731053537.643606663 27.83466 -20.76590 -0.68591 0.02735 0.16318 0.21668 0.96212
1731053537.653606415 27.84826 -20.75878 -0.68718 0.02807 0.16133 0.21543 0.96269
1731053537.663606405 27.86189 -20.75165 -0.68862 0.02875 0.15924 0.21423 0.96329
1731053537.673606396 27.87555 -20.74439 -0.69023 0.02937 0.15696 0.21311 0.96389
1731053537.683606625 27.88926 -20.73688 -0.69200 0.02991 0.15454 0.21204 0.96450
1731053537.693606615 27.90302 -20.72905 -0.69392 0.03036 0.15200 0.21105 0.96511
1731053537.703606367 27.91680 -20.72097 -0.69594 0.03075 0.14939 0.21016 0.96570
1731053537.713606596 27.93059 -20.71278 -0.69797 0.03110 0.14673 0.20941 0.96626
1731053537.723606586 27.94435 -20.70460 -0.69994 0.03143 0.14407 0.20884 0.96677
1731053537.733606577 27.95805 -20.69655 -0.70178 0.03177 0.14144 0.20848 0.96722
1731053537.743606329 27.97167 -20.68874 -0.70343 0.03213 0.13888 0.20836 0.96761
1731053537.753606558 27.98522 -20.68112 -0.70489 0.03252 0.13643 0.20848 0.96792
1731053537.763606548 27.99872 -20.67365 -0.70617 0.03294 0.13414 0.20878 0.96816
1731053537.773606539 28.01216 -20.66625 -0.70728 0.03339 0.13209 0.20926 0.96832
1731053537.783606291 28.02557 -20.65888 -0.70823 0.03385 0.13031 0.20987 0.96841
1731053537.793606520 28.03892 -20.65147 -0.70903 0.03432 0.12885 0.21060 0.96844
1731053537.803606749 28.05204 -20.64396 -0.70959 0.03472 0.12769 0.21139 0.96840
1731053537.813606501 28.06474 -20.63627 -0.70983 0.03497 0.12680 0.21221 0.96833
1731053537.823606491 28.07684 -20.62834 -0.70968 0.03501 0.12616 0.21300 0.96824
1731053537.833606482 28.08854 -20.62014 -0.70923 0.03487 0.12571 0.21376 0.96814
1731053537.843606710 28.10030 -20.61169 -0.70869 0.03468 0.12537 0.21450 0.96802
1731053537.853606462 28.11257 -20.60297 -0.70826 0.03458 0.12508 0.21524 0.96790
1731053537.863606453 28.12551 -20.59405 -0.70804 0.03463 0.12481 0.21597 0.96777
1731053537.873606443 28.13881 -20.58508 -0.70790 0.03480 0.12454 0.21666 0.96764
1731053537.883606672 28.15215 -20.57619 -0.70770 0.03507 0.12428 0.21731 0.96752
1731053537.893606424 28.16526 -20.56751 -0.70735 0.03540 0.12404 0.21787 0.96742
1731053537.903606415 28.17812 -20.55907 -0.70685 0.03577 0.12384 0.21834 0.96732
1731053537.913606405 28.19074 -20.55084 -0.70622 0.03612 0.12369 0.21871 0.96724
1731053537.923606634 28.20317 -20.54282 -0.70550 0.03643 0.12363 0.21896 0.96718
1731053537.933606625 28.21544 -20.53498 -0.70471 0.03666 0.12367 0.21909 0.96714
1731053537.943606377 28.22758 -20.52733 -0.70389 0.03676 0.12384 0.21909 0.96712
1731053537.953606606 28.23961 -20.51984 -0.70307 0.03670 0.12416 0.21894 0.96711
1731053537.963606596 28.25158 -20.51251 -0.70228 0.03644 0.12465 0.21864 0.96713
1731053537.973606586 28.26352 -20.50532 -0.70154 0.03594 0.12533 0.21816 0.96716
1731053537.983606339 28.27545 -20.49826 -0.70090 0.03517 0.12624 0.21751 0.96722
1731053537.993606567 28.28739 -20.49132 -0.70036 0.03412 0.12737 0.21668 0.96730
1731053538.003606558 28.29928 -20.48448 -0.69991 0.03297 0.12866 0.21572 0.96738
1731053538.013606548 28.31102 -20.47772 -0.69954 0.03190 0.13002 0.21468 0.96747
1731053538.023606300 28.32255 -20.47102 -0.69920 0.03112 0.13137 0.21361 0.96755
1731053538.033606529 28.33394 -20.46441 -0.69894 0.03065 0.13260 0.21250 0.96764
1731053538.043606520 28.34538 -20.45790 -0.69880 0.03043 0.13361 0.21132 0.96776
1731053538.053606510 28.35706 -20.45153 -0.69884 0.03037 0.13428 0.21002 0.96796
1731053538.063606262 28.36906 -20.44530 -0.69907 0.03046 0.13453 0.20858 0.96823
1731053538.073606491 28.38135 -20.43920 -0.69946 0.03068 0.13436 0.20701 0.96858
1731053538.083606720 28.39389 -20.43323 -0.69995 0.03105 0.13376 0.20533 0.96901
1731053538.093606472 28.40664 -20.42738 -0.70052 0.03159 0.13273 0.20356 0.96951
1731053538.103606462 28.41955 -20.42163 -0.70116 0.03226 0.13133 0.20170 0.97007
1731053538.113606453 28.43259 -20.41599 -0.70191 0.03307 0.12964 0.19977 0.97067
1731053538.123606682 28.44573 -20.41043 -0.70278 0.03399 0.12773 0.19777 0.97130
1731053538.133606434 28.45893 -20.40496 -0.70380 0.03501 0.12568 0.19573 0.97194
1731053538.143606424 28.47216 -20.39958 -0.70498 0.03610 0.12356 0.19363 0.97259
1731053538.153606415 28.48542 -20.39428 -0.70630 0.03726 0.12142 0.19147 0.97325
1731053538.163606644 28.49872 -20.38910 -0.70774 0.03845 0.11934 0.18922 0.97390
1731053538.173606396 28.51206 -20.38406 -0.70929 0.03968 0.11736 0.18685 0.97455
1731053538.183606386 28.52544 -20.37915 -0.71092 0.04091 0.11555 0.18434 0.97519
1731053538.193606615 28.53886 -20.37439 -0.71260 0.04213 0.11395 0.18167 0.97583
1731053538.203606606 28.55229 -20.36964 -0.71426 0.04330 0.11256 0.17878 0.97647
1731053538.213606596 28.56568 -20.36476 -0.71583 0.04439 0.11139 0.17564 0.97713
1731053538.223606348 28.57900 -20.35961 -0.71724 0.04536 0.11040 0.17219 0.97781
1731053538.233606577 28.59228 -20.35434 -0.71850 0.04622 0.10959 0.16844 0.97851
1731053538.243606567 28.60563 -20.34922 -0.71966 0.04698 0.10892 0.16437 0.97924
1731053538.253606558 28.61912 -20.34455 -0.72078 0.04768 0.10836 0.15999 0.97999
1731053538.263606310 28.63280 -20.34048 -0.72186 0.04833 0.10788 0.15531 0.98077
1731053538.273606539 28.64662 -20.33690 -0.72288 0.04890 0.10753 0.15033 0.98155
1731053538.283606529 28.66054 -20.33367 -0.72380 0.04939 0.10731 0.14508 0.98234
1731053538.293606520 28.67450 -20.33067 -0.72460 0.04977 0.10724 0.13956 0.98313
1731053538.303606272 28.68850 -20.32771 -0.72526 0.05011 0.10728 0.13383 0.98390
1731053538.313606501 28.70252 -20.32464 -0.72577 0.05047 0.10738 0.12796 0.98466
1731053538.323606730 28.71656 -20.32128 -0.72614 0.05092 0.10749 0.12200 0.98538
1731053538.333606482 28.73059 -20.31775 -0.72639 0.05151 0.10758 0.11597 0.98606
1731053538.343606472 28.74458 -20.31435 -0.72654 0.05230 0.10762 0.10988 0.98672
1731053538.353606462 28.75850 -20.31136 -0.72662 0.05334 0.10760 0.10373 0.98733
1731053538.363606691 28.77232 -20.30891 -0.72667 0.05462 0.10754 0.09752 0.98790
1731053538.373606443 28.78608 -20.30691 -0.72670 0.05609 0.10750 0.09125 0.98842
1731053538.383606434 28.79979 -20.30524 -0.72673 0.05767 0.10758 0.08493 0.98888
1731053538.393606424 28.81348 -20.30379 -0.72679 0.05929 0.10783 0.07858 0.98928
1731053538.403606653 28.82720 -20.30254 -0.72694 0.06091 0.10827 0.07222 0.98962
1731053538.413606405 28.84101 -20.30147 -0.72726 0.06251 0.10890 0.06589 0.98990
1731053538.423606396 28.85496 -20.30057 -0.72779 0.06404 0.10969 0.05962 0.99011
1731053538.433606625 28.86899 -20.29983 -0.72852 0.06549 0.11063 0.05343 0.99026
1731053538.443606615 28.88299 -20.29921 -0.72935 0.06683 0.11166 0.04731 0.99037
1731053538.453606606 28.89684 -20.29868 -0.73017 0.06806 0.11273 0.04126 0.99043
1731053538.463606358 28.91048 -20.29821 -0.73095 0.06918 0.11379 0.03528 0.99047
1731053538.473606586 28.92398 -20.29780 -0.73171 0.07020 0.11478 0.02938 0.99047
1731053538.483606577 28.93740 -20.29741 -0.73251 0.07116 0.11566 0.02359 0.99046
1731053538.493606567 28.95084 -20.29699 -0.73338 0.07206 0.11635 0.01790 0.99043
1731053538.503606319 28.96447 -20.29633 -0.73437 0.07292 0.11683 0.01234 0.99039
1731053538.513606548 28.97851 -20.29516 -0.73554 0.07373 0.11705 0.00690 0.99036
1731053538.523606539 28.99312 -20.29326 -0.73693 0.07448 0.11700 0.00161 0.99033
1731053538.533606529 29.00816 -20.29082 -0.73853 0.07522 0.11665 -0.00355 0.99031
1731053538.543606281 29.02323 -20.28833 -0.74026 0.07598 0.11603 -0.00855 0.99030
1731053538.553606510 29.03797 -20.28625 -0.74206 0.07681 0.11515 -0.01338 0.99028
1731053538.563606739 29.05221 -20.28477 -0.74388 0.07774 0.11403 -0.01805 0.99027
1731053538.573606491 29.06614 -20.28361 -0.74574 0.07870 0.11268 -0.02253 0.99025
1731053538.583606482 29.07996 -20.28247 -0.74764 0.07967 0.11115 -0.02681 0.99024
1731053538.593606472 29.09386 -20.28109 -0.74958 0.08058 0.10945 -0.03087 0.99024
1731053538.603606701 29.10785 -20.27952 -0.75158 0.08145 0.10766 -0.03471 0.99024
1731053538.613606453 29.12193 -20.27785 -0.75368 0.08226 0.10585 -0.03830 0.99023
1731053538.623606443 29.13608 -20.27618 -0.75588 0.08301 0.10409 -0.04164 0.99022
1731053538.633606434 29.15030 -20.27463 -0.75822 0.08371 0.10246 -0.04470 0.99020
1731053538.643606663 29.16456 -20.27326 -0.76071 0.08435 0.10102 -0.04747 0.99016
1731053538.653606415 29.17883 -20.27206 -0.76330 0.08493 0.09978 -0.04997 0.99012
1731053538.663606405 29.19304 -20.27099 -0.76594 0.08546 0.09873 -0.05220 0.99006
1731053538.673606396 29.20715 -20.27000 -0.76858 0.08594 0.09789 -0.05417 0.99000
1731053538.683606625 29.22109 -20.26905 -0.77114 0.08637 0.09726 -0.05589 0.98993
1731053538.693606615 29.23485 -20.26810 -0.77361 0.08676 0.09682 -0.05738 0.98985
1731053538.703606367 29.24848 -20.26715 -0.77598 0.08709 0.09657 -0.05867 0.98977
1731053538.713606596 29.26204 -20.26620 -0.77827 0.08738 0.09651 -0.05979 0.98968
1731053538.723606586 29.27561 -20.26525 -0.78052 0.08763 0.09661 -0.06079 0.98959
1731053538.733606577 29.28926 -20.26430 -0.78275 0.08783 0.09688 -0.06170 0.98949
1731053538.743606329 29.30305 -20.26335 -0.78497 0.08799 0.09728 -0.06254 0.98939
1731053538.753606558 29.31700 -20.26239 -0.78714 0.08811 0.09780 -0.06333 0.98927
1731053538.763606548 29.33108 -20.26144 -0.78919 0.08820 0.09840 -0.06406 0.98916
1731053538.773606539 29.34529 -20.26048 -0.79109 0.08829 0.09905 -0.06473 0.98904
1731053538.783606291 29.35963 -20.25950 -0.79278 0.08837 0.09971 -0.06535 0.98893
1731053538.793606520 29.37407 -20.25852 -0.79421 0.08846 0.10034 -0.06592 0.98882
1731053538.803606749 29.38856 -20.25750 -0.79542 0.08852 0.10094 -0.06645 0.98872
1731053538.813606501 29.40305 -20.25643 -0.79647 0.08855 0.10149 -0.06698 0.98862
1731053538.823606491 29.41747 -20.25530 -0.79740 0.08850 0.10198 -0.06752 0.98854
1731053538.833606482 29.43176 -20.25407 -0.79826 0.08835 0.10239 -0.06810 0.98847
1731053538.843606710 29.44588 -20.25273 -0.79910 0.08808 0.10272 -0.06874 0.98841
1731053538.853606462 29.45981 -20.25129 -0.79990 0.08775 0.10309 -0.06943 0.98836
1731053538.863606453 29.47354 -20.24975 -0.80063 0.08741 0.10362 -0.07014 0.98828
1731053538.873606443 29.48708 -20.24811 -0.80126 0.08711 0.10443 -0.07086 0.98817
1731053538.883606672 29.50042 -20.24638 -0.80176 0.08692 0.10563 -0.07157 0.98801
1731053538.893606424 29.51356 -20.24456 -0.80212 0.08688 0.10734 -0.07225 0.98778
1731053538.903606415 29.52655 -20.24268 -0.80240 0.08696 0.10948 -0.07291 0.98749
1731053538.913606405 29.53942 -20.24077 -0.80267 0.08712 0.11198 -0.07356 0.98715
1731053538.923606634 29.55221 -20.23887 -0.80300 0.08731 0.11475 -0.07422 0.98676
1731053538.933606625 29.56498 -20.23699 -0.80345 0.08748 0.11771 -0.07490 0.98635
1731053538.943606377 29.57776 -20.23517 -0.80409 0.08762 0.12076 -0.07562 0.98591
1731053538.953606606 29.59056 -20.23341 -0.80489 0.08769 0.12382 -0.07637 0.98547
1731053538.963606596 29.60340 -20.23171 -0.80583 0.08771 0.12678 -0.07716 0.98503
1731053538.973606586 29.61630 -20.23007 -0.80686 0.08767 0.12955 -0.07801 0.98460
1731053538.983606339 29.62926 -20.22849 -0.80794 0.08758 0.13204 -0.07890 0.98421
1731053538.993606567 29.64229 -20.22698 -0.80907 0.08743 0.13415 -0.07985 0.98386
1731053539.003606558 29.65541 -20.22556 -0.81025 0.08722 0.13588 -0.08088 0.98356
1731053539.013606548 29.66862 -20.22425 -0.81150 0.08693 0.13722 -0.08199 0.98331
1731053539.023606300 29.68194 -20.22306 -0.81287 0.08657 0.13816 -0.08320 0.98310
1731053539.033606529 29.69537 -20.22204 -0.81438 0.08612 0.13872 -0.08453 0.98295
1731053539.043606520 29.70892 -20.22118 -0.81604 0.08559 0.13888 -0.08599 0.98285
1731053539.053606510 29.72257 -20.22050 -0.81783 0.08500 0.13872 -0.08757 0.98278
1731053539.063606262 29.73633 -20.21998 -0.81971 0.08440 0.13831 -0.08929 0.98274
1731053539.073606491 29.75016 -20.21961 -0.82164 0.08384 0.13772 -0.09113 0.98270
1731053539.083606720 29.76406 -20.21939 -0.82358 0.08334 0.13702 -0.09309 0.98266
1731053539.093606472 29.77802 -20.21930 -0.82550 0.08295 0.13629 -0.09519 0.98259
1731053539.103606462 29.79202 -20.21935 -0.82743 0.08267 0.13555 -0.09740 0.98250
1731053539.113606453 29.80605 -20.21954 -0.82941 0.08252 0.13483 -0.09975 0.98238
1731053539.123606682 29.82008 -20.21985 -0.83147 0.08250 0.13417 -0.10222 0.98221
1731053539.133606434 29.83411 -20.22029 -0.83365 0.08262 0.13360 -0.10482 0.98201
1731053539.143606424 29.84811 -20.22087 -0.83598 0.08288 0.13312 -0.10755 0.98175
1731053539.153606415 29.86209 -20.22158 -0.83843 0.08330 0.13273 -0.11045 0.98145
1731053539.163606644 29.87602 -20.22246 -0.84094 0.08389 0.13240 -0.11354 0.98109
1731053539.173606396 29.88990 -20.22350 -0.84346 0.08466 0.13208 -0.11686 0.98068
1731053539.183606386 29.90372 -20.22473 -0.84596 0.08562 0.13175 -0.12044 0.98021
1731053539.193606615 29.91747 -20.22616 -0.84838 0.08675 0.13139 -0.12432 0.97967
1731053539.203606606 29.93118 -20.22783 -0.85073 0.08800 0.13103 -0.12851 0.97907
1731053539.213606596 29.94485 -20.22977 -0.85302 0.08928 0.13069 -0.13304 0.97839
1731053539.223606348 29.95851 -20.23202 -0.85526 0.09050 0.13040 -0.13791 0.97764
1731053539.233606577 29.97213 -20.23457 -0.85739 0.09162 0.13016 -0.14312 0.97682
1731053539.243606567 29.98567 -20.23738 -0.85936 0.09263 0.12997 -0.14864 0.97593
1731053539.253606558 29.99910 -20.24042 -0.86110 0.09349 0.12980 -0.15447 0.97496
1731053539.263606310 30.01239 -20.24365 -0.86258 0.09423 0.12965 -0.16055 0.97393
1731053539.273606539 30.02555 -20.24705 -0.86382 0.09488 0.12952 -0.16683 0.97283
1731053539.283606529 30.03857 -20.25062 -0.86486 0.09551 0.12941 -0.17326 0.97165
1731053539.293606520 30.05145 -20.25433 -0.86571 0.09618 0.12933 -0.17979 0.97041
1731053539.303606272 30.06422 -20.25816 -0.86635 0.09692 0.12927 -0.18644 0.96909
1731053539.313606501 30.07686 -20.26208 -0.86674 0.09777 0.12922 -0.19321 0.96768
1731053539.323606730 30.08937 -20.26607 -0.86685 0.09877 0.12918 -0.20014 0.96618
1731053539.333606482 30.10176 -20.27016 -0.86676 0.09992 0.12916 -0.20719 0.96458
1731053539.343606472 30.11398 -20.27440 -0.86662 0.10121 0.12917 -0.21435 0.96287
1731053539.353606462 30.12602 -20.27884 -0.86657 0.10263 0.12924 -0.22158 0.96108
1731053539.363606691 30.13788 -20.28351 -0.86668 0.10414 0.12940 -0.22884 0.95919
1731053539.373606443 30.14956 -20.28835 -0.86688 0.10568 0.12969 -0.23607 0.95723
1731053539.383606434 30.16111 -20.29332 -0.86709 0.10719 0.13017 -0.24323 0.95520
1731053539.393606424 30.17255 -20.29837 -0.86728 0.10860 0.13088 -0.25028 0.95312
1731053539.403606653 30.18398 -20.30352 -0.86756 0.10988 0.13181 -0.25717 0.95101
1731053539.413606405 30.19554 -20.30879 -0.86808 0.11101 0.13293 -0.26389 0.94888
1731053539.423606396 30.20731 -20.31420 -0.86900 0.11198 0.13422 -0.27042 0.94674
1731053539.433606625 30.21923 -20.31971 -0.87025 0.11281 0.13564 -0.27673 0.94461
1731053539.443606615 30.23111 -20.32523 -0.87165 0.11359 0.13715 -0.28287 0.94248
1731053539.453606606 30.24276 -20.33066 -0.87300 0.11437 0.13873 -0.28883 0.94035
1731053539.463606358 30.25413 -20.33597 -0.87423 0.11519 0.14036 -0.29462 0.93820
1731053539.473606586 30.26531 -20.34120 -0.87541 0.11600 0.14207 -0.30024 0.93606
1731053539.483606577 30.27643 -20.34637 -0.87661 0.11675 0.14391 -0.30566 0.93393
1731053539.493606567 30.28761 -20.35153 -0.87793 0.11741 0.14591 -0.31088 0.93181
1731053539.503606319 30.29888 -20.35670 -0.87940 0.11801 0.14809 -0.31590 0.92971
1731053539.513606548 30.31024 -20.36186 -0.88106 0.11857 0.15048 -0.32072 0.92760
1731053539.523606539 30.32171 -20.36704 -0.88293 0.11912 0.15308 -0.32534 0.92549
1731053539.533606529 30.33329 -20.37222 -0.88504 0.11968 0.15581 -0.32975 0.92340
1731053539.543606281 30.34497 -20.37742 -0.88735 0.12021 0.15853 -0.33393 0.92136
1731053539.553606510 30.35673 -20.38261 -0.88986 0.12068 0.16107 -0.33785 0.91943
1731053539.563606739 30.36859 -20.38782 -0.89254 0.12108 0.16335 -0.34149 0.91763
1731053539.573606491 30.38054 -20.39304 -0.89529 0.12139 0.16530 -0.34489 0.91597
1731053539.583606482 30.39262 -20.39828 -0.89805 0.12157 0.16690 -0.34806 0.91445
1731053539.593606472 30.40483 -20.40356 -0.90074 0.12160 0.16811 -0.35102 0.91309
1731053539.603606701 30.41717 -20.40894 -0.90337 0.12147 0.16891 -0.35379 0.91189
1731053539.613606453 30.42964 -20.41447 -0.90595 0.12118 0.16931 -0.35637 0.91085
1731053539.623606443 30.44224 -20.42023 -0.90848 0.12072 0.16928 -0.35877 0.90998
1731053539.633606434 30.45495 -20.42614 -0.91094 0.12010 0.16890 -0.36097 0.90926
1731053539.643606663 30.46774 -20.43207 -0.91330 0.11938 0.16828 -0.36294 0.90868
1731053539.653606415 30.48058 -20.43788 -0.91552 0.11859 0.16753 -0.36467 0.90823
1731053539.663606405 30.49345 -20.44352 -0.91757 0.11778 0.16677 -0.36613 0.90789
1731053539.673606396 30.50636 -20.44902 -0.91945 0.11705 0.16619 -0.36736 0.90760
1731053539.683606625 30.51933 -20.45444 -0.92113 0.11647 0.16593 -0.36837 0.90731
1731053539.693606615 30.53236 -20.45984 -0.92260 0.11612 0.16612 -0.36920 0.90698
1731053539.703606367 30.54543 -20.46528 -0.92377 0.11591 0.16665 -0.36988 0.90663
1731053539.713606596 30.55852 -20.47081 -0.92455 0.11578 0.16736 -0.37046 0.90628
1731053539.723606586 30.57159 -20.47649 -0.92484 0.11562 0.16810 -0.37098 0.90595
1731053539.733606577 30.58465 -20.48227 -0.92470 0.11534 0.16870 -0.37146 0.90568
1731053539.743606329 30.59774 -20.48805 -0.92424 0.11483 0.16899 -0.37191 0.90551
1731053539.753606558 30.61088 -20.49375 -0.92360 0.11398 0.16879 -0.37235 0.90547
1731053539.763606548 30.62406 -20.49929 -0.92285 0.11280 0.16811 -0.37276 0.90557
1731053539.773606539 30.63724 -20.50466 -0.92199 0.11145 0.16721 -0.37312 0.90576
1731053539.783606291 30.65036 -20.50983 -0.92101 0.11012 0.16636 -0.37335 0.90598
1731053539.793606520 30.66339 -20.51481 -0.91992 0.10897 0.16581 -0.37343 0.90619
1731053539.803606749 30.67632 -20.51960 -0.91874 0.10801 0.16561 -0.37336 0.90637
1731053539.813606501 30.68916 -20.52423 -0.91749 0.10724 0.16575 -0.37316 0.90652
1731053539.823606491 30.70192 -20.52872 -0.91620 0.10666 0.16623 -0.37284 0.90663
1731053539.833606482 30.71460 -20.53309 -0.91490 0.10625 0.16705 -0.37241 0.90671
1731053539.843606710 30.72723 -20.53736 -0.91361 0.10602 0.16821 -0.37188 0.90674
1731053539.853606462 30.73980 -20.54156 -0.91236 0.10596 0.16971 -0.37128 0.90671
1731053539.863606453 30.75233 -20.54570 -0.91118 0.10606 0.17154 -0.37061 0.90663
1731053539.873606443 30.76482 -20.54981 -0.91010 0.10632 0.17372 -0.36989 0.90648
1731053539.883606672 30.77728 -20.55391 -0.90913 0.10672 0.17622 -0.36913 0.90626
1731053539.893606424 30.78975 -20.55804 -0.90832 0.10724 0.17902 -0.36834 0.90597
1731053539.903606415 30.80227 -20.56228 -0.90769 0.10774 0.18186 -0.36755 0.90566
1731053539.913606405 30.81495 -20.56673 -0.90729 0.10805 0.18446 -0.36678 0.90541
1731053539.923606634 30.82786 -20.57148 -0.90716 0.10802 0.18655 -0.36605 0.90528
1731053539.933606625 30.84094 -20.57649 -0.90727 0.10768 0.18814 -0.36536 0.90528
1731053539.943606377 30.85409 -20.58163 -0.90755 0.10717 0.18939 -0.36467 0.90535
1731053539.953606606 30.86717 -20.58677 -0.90792 0.10664 0.19048 -0.36397 0.90547
1731053539.963606596 30.88014 -20.59187 -0.90835 0.10616 0.19151 -0.36324 0.90560
1731053539.973606586 30.89307 -20.59705 -0.90890 0.10570 0.19244 -0.36253 0.90574
1731053539.983606339 30.90604 -20.60243 -0.90962 0.10521 0.19323 -0.36189 0.90588
1731053539.993606567 30.91910 -20.60811 -0.91053 0.10466 0.19385 -0.36136 0.90603
1731053540.003606558 30.93225 -20.61405 -0.91163 0.10406 0.19431 -0.36093 0.90617
1731053540.013606548 30.94546 -20.62017 -0.91290 0.10346 0.19464 -0.36060 0.90630
1731053540.023606300 30.95870 -20.62640 -0.91432 0.10287 0.19488 -0.36037 0.90641
1731053540.033606529 30.97193 -20.63267 -0.91585 0.10232 0.19504 -0.36022 0.90649
1731053540.043606520 30.98514 -20.63891 -0.91749 0.10186 0.19515 -0.36017 0.90654
1731053540.053606510 30.99832 -20.64512 -0.91918 0.10147 0.19520 -0.36020 0.90656
1731053540.063606262 31.01147 -20.65131 -0.92089 0.10118 0.19518 -0.36033 0.90655
1731053540.073606491 31.02458 -20.65750 -0.92259 0.10097 0.19508 -0.36055 0.90650
1731053540.083606720 31.03767 -20.66369 -0.92423 0.10086 0.19488 -0.36088 0.90643
1731053540.093606472 31.05073 -20.66991 -0.92577 0.10084 0.19457 -0.36133 0.90632
1731053540.103606462 31.06383 -20.67627 -0.92721 0.10089 0.19413 -0.36195 0.90616
1731053540.113606453 31.07703 -20.68292 -0.92851 0.10097 0.19351 -0.36279 0.90595
1731053540.123606682 31.09039 -20.68996 -0.92967 0.10107 0.19271 -0.36391 0.90566
1731053540.133606434 31.10382 -20.69733 -0.93067 0.10115 0.19176 -0.36532 0.90528
1731053540.143606424 31.11716 -20.70483 -0.93151 0.10117 0.19075 -0.36698 0.90482
1731053540.153606415 31.13024 -20.71225 -0.93218 0.10112 0.18976 -0.36886 0.90428
1731053540.163606644 31.14296 -20.71950 -0.93267 0.10099 0.18888 -0.37091 0.90363
1731053540.173606396 31.15539 -20.72666 -0.93297 0.10085 0.18823 -0.37313 0.90287
1731053540.183606386 31.16760 -20.73380 -0.93309 0.10078 0.18789 -0.37549 0.90197
1731053540.193606615 31.17963 -20.74103 -0.93303 0.10082 0.18795 -0.37796 0.90092
1731053540.203606606 31.19147 -20.74844 -0.93279 0.10102 0.18840 -0.38048 0.89974
1731053540.213606596 31.20310 -20.75614 -0.93235 0.10139 0.18923 -0.38301 0.89845
1731053540.223606348 31.21449 -20.76420 -0.93173 0.10194 0.19041 -0.38548 0.89708
1731053540.233606577 31.22568 -20.77255 -0.93095 0.10268 0.19184 -0.38790 0.89565
1731053540.243606567 31.23674 -20.78097 -0.93004 0.10356 0.19340 -0.39032 0.89416
1731053540.253606558 31.24773 -20.78927 -0.92903 0.10457 0.19494 -0.39277 0.89263
1731053540.263606310 31.25870 -20.79736 -0.92795 0.10568 0.19641 -0.39527 0.89108
1731053540.273606539 31.26961 -20.80537 -0.92681 0.10686 0.19780 -0.39783 0.88949
1731053540.283606529 31.28045 -20.81345 -0.92562 0.10810 0.19913 -0.40046 0.88786
1731053540.293606520 31.29118 -20.82169 -0.92438 0.10937 0.20042 -0.40313 0.88621
1731053540.303606272 31.30183 -20.83009 -0.92311 0.11068 0.20166 -0.40581 0.88453
1731053540.313606501 31.31240 -20.83861 -0.92181 0.11204 0.20286 -0.40848 0.88286
1731053540.323606730 31.32292 -20.84720 -0.92047 0.11346 0.20401 -0.41108 0.88121
1731053540.333606482 31.33340 -20.85582 -0.91911 0.11495 0.20509 -0.41357 0.87959
1731053540.343606472 31.34386 -20.86445 -0.91772 0.11651 0.20611 -0.41594 0.87803
1731053540.353606462 31.35431 -20.87308 -0.91634 0.11812 0.20701 -0.41818 0.87654
1731053540.363606691 31.36476 -20.88174 -0.91498 0.11973 0.20776 -0.42032 0.87512
1731053540.373606443 31.37521 -20.89043 -0.91369 0.12130 0.20831 -0.42237 0.87378
1731053540.383606434 31.38568 -20.89918 -0.91249 0.12278 0.20862 -0.42436 0.87254
1731053540.393606424 31.39618 -20.90801 -0.91141 0.12414 0.20864 -0.42630 0.87139
1731053540.403606653 31.40671 -20.91699 -0.91052 0.12532 0.20841 -0.42822 0.87034
1731053540.413606405 31.41729 -20.92620 -0.90989 0.12628 0.20796 -0.43015 0.86935
1731053540.423606396 31.42792 -20.93572 -0.90958 0.12696 0.20735 -0.43211 0.86843
1731053540.433606625 31.43864 -20.94551 -0.90954 0.12739 0.20659 -0.43410 0.86756
1731053540.443606615 31.44947 -20.95549 -0.90964 0.12761 0.20570 -0.43608 0.86674
1731053540.453606606 31.46043 -20.96556 -0.90976 0.12769 0.20469 -0.43802 0.86599
1731053540.463606358 31.47154 -20.97567 -0.90981 0.12765 0.20359 -0.43990 0.86530
1731053540.473606586 31.48274 -20.98583 -0.90985 0.12749 0.20241 -0.44170 0.86469
1731053540.483606577 31.49399 -20.99605 -0.90989 0.12717 0.20116 -0.44340 0.86415
1731053540.493606567 31.50525 -21.00635 -0.90997 0.12670 0.19985 -0.44500 0.86370
1731053540.503606319 31.51650 -21.01670 -0.91008 0.12609 0.19850 -0.44647 0.86335
1731053540.513606548 31.52776 -21.02710 -0.91021 0.12537 0.19709 -0.44781 0.86308
1731053540.523606539 31.53902 -21.03752 -0.91035 0.12455 0.19563 -0.44902 0.86290
1731053540.533606529 31.55028 -21.04796 -0.91048 0.12368 0.19413 -0.45008 0.86281
1731053540.543606281 31.56153 -21.05840 -0.91058 0.12277 0.19258 -0.45099 0.86282
1731053540.553606510 31.57278 -21.06882 -0.91066 0.12184 0.19099 -0.45173 0.86291
1731053540.563606739 31.58403 -21.07922 -0.91068 0.12094 0.18936 -0.45229 0.86310
1731053540.573606491 31.59527 -21.08956 -0.91064 0.12007 0.18769 -0.45267 0.86339
1731053540.583606482 31.60651 -21.09984 -0.91052 0.11927 0.18598 -0.45287 0.86377
1731053540.593606472 31.61775 -21.11008 -0.91031 0.11856 0.18424 -0.45286 0.86424
1731053540.603606701 31.62898 -21.12038 -0.90996 0.11802 0.18251 -0.45268 0.86478
1731053540.613606453 31.64019 -21.13092 -0.90944 0.11768 0.18083 -0.45233 0.86536
1731053540.623606443 31.65138 -21.14182 -0.90871 0.11762 0.17924 -0.45185 0.86595
1731053540.633606434 31.66258 -21.15295 -0.90775 0.11777 0.17781 -0.45126 0.86653
1731053540.643606663 31.67381 -21.16402 -0.90661 0.11803 0.17656 -0.45059 0.86710
1731053540.653606415 31.68511 -21.17476 -0.90531 0.11830 0.17557 -0.44989 0.86763
1731053540.663606405 31.69648 -21.18506 -0.90391 0.11848 0.17484 -0.44915 0.86813
1731053540.673606396 31.70792 -21.19513 -0.90252 0.11856 0.17436 -0.44839 0.86862
1731053540.683606625 31.71941 -21.20520 -0.90126 0.11852 0.17410 -0.44757 0.86909
1731053540.693606615 31.73094 -21.21544 -0.90022 0.11835 0.17404 -0.44669 0.86958
1731053540.703606367 31.74248 -21.22579 -0.89929 0.11809 0.17415 -0.44575 0.87008
1731053540.713606596 31.75401 -21.23611 -0.89837 0.11778 0.17441 -0.44471 0.87060
1731053540.723606586 31.76551 -21.24629 -0.89732 0.11745 0.17478 -0.44359 0.87114
1731053540.733606577 31.77697 -21.25619 -0.89602 0.11715 0.17525 -0.44236 0.87171
1731053540.743606329 31.78835 -21.26573 -0.89437 0.11692 0.17578 -0.44102 0.87231
1731053540.753606558 31.79968 -21.27493 -0.89243 0.11676 0.17638 -0.43958 0.87294
1731053540.763606548 31.81096 -21.28385 -0.89026 0.11667 0.17704 -0.43805 0.87359
1731053540.773606539 31.82222 -21.29253 -0.88795 0.11665 0.17777 -0.43645 0.87425
1731053540.783606291 31.83345 -21.30104 -0.88557 0.11669 0.17858 -0.43478 0.87491
1731053540.793606520 31.84469 -21.30945 -0.88318 0.11678 0.17944 -0.43307 0.87557
1731053540.803606749 31.85596 -21.31789 -0.88082 0.11687 0.18031 -0.43132 0.87624
1731053540.813606501 31.86726 -21.32653 -0.87852 0.11690 0.18112 -0.42955 0.87693
1731053540.823606491 31.87862 -21.33549 -0.87629 0.11682 0.18181 -0.42777 0.87767
1731053540.833606482 31.89004 -21.34471 -0.87416 0.11660 0.18237 -0.42600 0.87845
1731053540.843606710 31.90149 -21.35397 -0.87214 0.11627 0.18284 -0.42424 0.87924
1731053540.853606462 31.91296 -21.36305 -0.87027 0.11585 0.18325 -0.42252 0.88004
1731053540.863606453 31.92444 -21.37186 -0.86856 0.11535 0.18365 -0.42084 0.88083
1731053540.873606443 31.93594 -21.38050 -0.86705 0.11479 0.18405 -0.41922 0.88159
1731053540.883606672 31.94745 -21.38909 -0.86576 0.11419 0.18450 -0.41766 0.88231
1731053540.893606424 31.95899 -21.39772 -0.86474 0.11356 0.18500 -0.41619 0.88299
1731053540.903606415 31.97061 -21.40646 -0.86403 0.11289 0.18554 -0.41480 0.88361
1731053540.913606405 31.98237 -21.41536 -0.86369 0.11216 0.18607 -0.41353 0.88419
1731053540.923606634 31.99432 -21.42446 -0.86377 0.11137 0.18656 -0.41237 0.88473
1731053540.933606625 32.00643 -21.43373 -0.86418 0.11055 0.18700 -0.41134 0.88522
1731053540.943606377 32.01858 -21.44311 -0.86477 0.10974 0.18740 -0.41039 0.88567
1731053540.953606606 32.03067 -21.45252 -0.86541 0.10899 0.18777 -0.40952 0.88609
1731053540.963606596 32.04267 -21.46193 -0.86601 0.10832 0.18809 -0.40872 0.88648
1731053540.973606586 32.05461 -21.47136 -0.86657 0.10773 0.18833 -0.40799 0.88683
1731053540.983606339 32.06654 -21.48086 -0.86714 0.10719 0.18844 -0.40736 0.88716
1731053540.993606567 32.07850 -21.49045 -0.86772 0.10668 0.18839 -0.40685 0.88747
1731053541.003606558 32.09053 -21.50021 -0.86830 0.10621 0.18818 -0.40646 0.88775
1731053541.013606548 32.10268 -21.51021 -0.86887 0.10577 0.18783 -0.40620 0.88800
1731053541.023606300 32.11495 -21.52049 -0.86940 0.10537 0.18735 -0.40607 0.88820
1731053541.033606529 32.12731 -21.53099 -0.86986 0.10499 0.18669 -0.40612 0.88837
1731053541.043606520 32.13963 -21.54154 -0.87018 0.10461 0.18574 -0.40635 0.88850
1731053541.053606510 32.15181 -21.55199 -0.87031 0.10421 0.18443 -0.40682 0.88861
1731053541.063606262 32.16379 -21.56225 -0.87021 0.10378 0.18274 -0.40753 0.88868
1731053541.073606491 32.17561 -21.57237 -0.86986 0.10329 0.18085 -0.40849 0.88869
1731053541.083606720 32.18730 -21.58241 -0.86924 0.10271 0.17893 -0.40970 0.88859
1731053541.093606472 32.19889 -21.59246 -0.86836 0.10204 0.17712 -0.41116 0.88835
1731053541.103606462 32.21039 -21.60267 -0.86723 0.10131 0.17552 -0.41287 0.88795
1731053541.113606453 32.22179 -21.61321 -0.86591 0.10059 0.17423 -0.41484 0.88738
1731053541.123606682 32.23309 -21.62425 -0.86442 0.09993 0.17330 -0.41704 0.88660
1731053541.133606434 32.24427 -21.63566 -0.86280 0.09936 0.17272 -0.41944 0.88564
1731053541.143606424 32.25531 -21.64717 -0.86108 0.09887 0.17240 -0.42197 0.88456
1731053541.153606415 32.26619 -21.65850 -0.85927 0.09848 0.17224 -0.42457 0.88339
1731053541.163606644 32.27691 -21.66955 -0.85740 0.09820 0.17218 -0.42717 0.88218
1731053541.173606396 32.28747 -21.68054 -0.85553 0.09808 0.17219 -0.42969 0.88096
1731053541.183606386 32.29789 -21.69168 -0.85370 0.09816 0.17227 -0.43207 0.87977
1731053541.193606615 32.30819 -21.70316 -0.85193 0.09847 0.17237 -0.43426 0.87864
1731053541.203606606 32.31838 -21.71487 -0.85023 0.09902 0.17251 -0.43626 0.87756
1731053541.213606596 32.32848 -21.72666 -0.84859 0.09978 0.17265 -0.43813 0.87652
1731053541.223606348 32.33851 -21.73838 -0.84697 0.10074 0.17280 -0.43989 0.87550
1731053541.233606577 32.34849 -21.74988 -0.84537 0.10189 0.17294 -0.44157 0.87449
1731053541.243606567 32.35842 -21.76103 -0.84377 0.10320 0.17309 -0.44321 0.87347
1731053541.253606558 32.36830 -21.77187 -0.84219 0.10462 0.17332 -0.44481 0.87244
1731053541.263606310 32.37815 -21.78247 -0.84064 0.10610 0.17374 -0.44637 0.87139
1731053541.273606539 32.38795 -21.79288 -0.83915 0.10758 0.17444 -0.44788 0.87029
1731053541.283606529 32.39771 -21.80317 -0.83773 0.10899 0.17552 -0.44935 0.86913
1731053541.293606520 32.40742 -21.81343 -0.83643 0.11031 0.17705 -0.45078 0.86792
1731053541.303606272 32.41712 -21.82374 -0.83544 0.11156 0.17893 -0.45215 0.86666
1731053541.313606501 32.42681 -21.83421 -0.83495 0.11280 0.18104 -0.45348 0.86537
1731053541.323606730 32.43654 -21.84493 -0.83517 0.11407 0.18324 -0.45475 0.86407
1731053541.333606482 32.44627 -21.85582 -0.83593 0.11541 0.18547 -0.45596 0.86277
1731053541.343606472 32.45598 -21.86668 -0.83690 0.11686 0.18772 -0.45710 0.86149
1731053541.353606462 32.46563 -21.87734 -0.83770 0.11844 0.18997 -0.45817 0.86021
1731053541.363606691 32.47521 -21.88774 -0.83819 0.12014 0.19214 -0.45916 0.85897
1731053541.373606443 32.48476 -21.89804 -0.83850 0.12187 0.19411 -0.46012 0.85776
1731053541.383606434 32.49432 -21.90843 -0.83879 0.12356 0.19574 -0.46109 0.85663
1731053541.393606424 32.50392 -21.91907 -0.83919 0.12513 0.19693 -0.46208 0.85559
1731053541.403606653 32.51357 -21.92993 -0.83968 0.12654 0.19767 -0.46310 0.85467
1731053541.413606405 32.52329 -21.94095 -0.84021 0.12775 0.19798 -0.46412 0.85386
1731053541.423606396 32.53308 -21.95208 -0.84071 0.12875 0.19788 -0.46511 0.85319
1731053541.433606625 32.54293 -21.96327 -0.84114 0.12950 0.19739 -0.46606 0.85267
1731053541.443606615 32.55287 -21.97447 -0.84145 0.12997 0.19654 -0.46695 0.85231
1731053541.453606606 32.56288 -21.98568 -0.84162 0.13016 0.19540 -0.46777 0.85210
1731053541.463606358 32.57295 -21.99692 -0.84166 0.13006 0.19403 -0.46852 0.85201
1731053541.473606586 32.58310 -22.00820 -0.84155 0.12968 0.19251 -0.46921 0.85204
1731053541.483606577 32.59330 -22.01955 -0.84130 0.12900 0.19091 -0.46984 0.85215
1731053541.493606567 32.60357 -22.03100 -0.84092 0.12804 0.18929 -0.47040 0.85235
1731053541.503606319 32.61389 -22.04268 -0.84045 0.12688 0.18765 -0.47087 0.85263
1731053541.513606548 32.62428 -22.05475 -0.83995 0.12563 0.18596 -0.47124 0.85298
1731053541.523606539 32.63474 -22.06736 -0.83948 0.12438 0.18421 -0.47149 0.85340
1731053541.533606529 32.64525 -22.08031 -0.83897 0.12321 0.18245 -0.47159 0.85389
1731053541.543606281 32.65576 -22.09324 -0.83827 0.12216 0.18074 -0.47153 0.85444
1731053541.553606510 32.66623 -22.10577 -0.83723 0.12129 0.17916 -0.47131 0.85502
1731053541.563606739 32.67665 -22.11774 -0.83578 0.12060 0.17774 -0.47090 0.85564
1731053541.573606491 32.68704 -22.12929 -0.83400 0.12006 0.17641 -0.47036 0.85629
1731053541.583606482 32.69745 -22.14060 -0.83194 0.11962 0.17511 -0.46970 0.85698
1731053541.593606472 32.70788 -22.15183 -0.82966 0.11925 0.17377 -0.46894 0.85772
1731053541.603606701 32.71832 -22.16307 -0.82709 0.11885 0.17239 -0.46813 0.85850
1731053541.613606453 32.72872 -22.17439 -0.82415 0.11832 0.17095 -0.46728 0.85932
1731053541.623606443 32.73905 -22.18587 -0.82076 0.11759 0.16947 -0.46642 0.86018
1731053541.633606434 32.74932 -22.19738 -0.81700 0.11671 0.16795 -0.46553 0.86108
1731053541.643606663 32.75960 -22.20874 -0.81304 0.11584 0.16640 -0.46456 0.86202
1731053541.653606415 32.76994 -22.21975 -0.80906 0.11513 0.16486 -0.46347 0.86299
1731053541.663606405 32.78040 -22.23031 -0.80522 0.11466 0.16336 -0.46225 0.86400
1731053541.673606396 32.79103 -22.24059 -0.80158 0.11438 0.16201 -0.46092 0.86500
1731053541.683606625 32.80186 -22.25071 -0.79822 0.11423 0.16090 -0.45950 0.86598
1731053541.693606615 32.81294 -22.26081 -0.79520 0.11417 0.16011 -0.45804 0.86691
1731053541.703606367 32.82420 -22.27086 -0.79242 0.11414 0.15966 -0.45653 0.86779
1731053541.713606596 32.83555 -22.28079 -0.78976 0.11412 0.15957 -0.45500 0.86861
1731053541.723606586 32.84691 -22.29054 -0.78712 0.11407 0.15983 -0.45345 0.86938
1731053541.733606577 32.85819 -22.30004 -0.78437 0.11395 0.16045 -0.45191 0.87008
1731053541.743606329 32.86934 -22.30927 -0.78143 0.11373 0.16143 -0.45037 0.87073
1731053541.753606558 32.88035 -22.31825 -0.77835 0.11342 0.16269 -0.44882 0.87134
1731053541.763606548 32.89129 -22.32707 -0.77522 0.11304 0.16415 -0.44722 0.87193
1731053541.773606539 32.90217 -22.33578 -0.77210 0.11262 0.16574 -0.44556 0.87254
1731053541.783606291 32.91305 -22.34445 -0.76908 0.11216 0.16738 -0.44379 0.87319
1731053541.793606520 32.92393 -22.35315 -0.76620 0.11168 0.16898 -0.44190 0.87390
1731053541.803606749 32.93474 -22.36191 -0.76329 0.11120 0.17050 -0.43993 0.87466
1731053541.813606501 32.94540 -22.37078 -0.76011 0.11071 0.17191 -0.43793 0.87545
1731053541.823606491 32.95583 -22.37978 -0.75647 0.11023 0.17317 -0.43593 0.87626
1731053541.833606482 32.96609 -22.38891 -0.75259 0.10972 0.17424 -0.43397 0.87708
1731053541.843606710 32.97638 -22.39816 -0.74888 0.10914 0.17507 -0.43209 0.87792
1731053541.853606462 32.98687 -22.40750 -0.74581 0.10843 0.17562 -0.43029 0.87878
1731053541.863606453 32.99763 -22.41692 -0.74356 0.10759 0.17586 -0.42862 0.87965
1731053541.873606443 33.00861 -22.42643 -0.74196 0.10664 0.17582 -0.42706 0.88053
1731053541.883606672 33.01972 -22.43603 -0.74077 0.10560 0.17554 -0.42563 0.88141
1731053541.893606424 33.03093 -22.44577 -0.73988 0.10453 0.17505 -0.42433 0.88226
1731053541.903606415 33.04234 -22.45578 -0.73950 0.10347 0.17447 -0.42314 0.88307
1731053541.913606405 33.05411 -22.46621 -0.73992 0.10249 0.17392 -0.42204 0.88382
1731053541.923606634 33.06638 -22.47720 -0.74142 0.10164 0.17351 -0.42102 0.88448
1731053541.933606625 33.07899 -22.48860 -0.74371 0.10100 0.17330 -0.42008 0.88504
1731053541.943606377 33.09162 -22.50007 -0.74620 0.10060 0.17332 -0.41924 0.88548
1731053541.953606606 33.10393 -22.51125 -0.74827 0.10052 0.17359 -0.41852 0.88578
1731053541.963606596 33.11578 -22.52198 -0.74964 0.10077 0.17412 -0.41794 0.88592
1731053541.973606586 33.12729 -22.53238 -0.75047 0.10130 0.17491 -0.41754 0.88589
1731053541.983606339 33.13860 -22.54256 -0.75096 0.10205 0.17598 -0.41736 0.88568
1731053541.993606567 33.14980 -22.55263 -0.75132 0.10298 0.17731 -0.41742 0.88528
1731053542.003606558 33.16084 -22.56260 -0.75164 0.10400 0.17882 -0.41771 0.88472
1731053542.013606548 33.17161 -22.57247 -0.75198 0.10502 0.18044 -0.41821 0.88403
1731053542.023606300 33.18202 -22.58222 -0.75241 0.10598 0.18206 -0.41890 0.88326
1731053542.033606529 33.19213 -22.59188 -0.75284 0.10679 0.18360 -0.41982 0.88240
1731053542.043606520 33.20210 -22.60150 -0.75307 0.10741 0.18500 -0.42105 0.88145
1731053542.053606510 33.21211 -22.61113 -0.75293 0.10778 0.18617 -0.42264 0.88040
1731053542.063606262 33.22223 -22.62080 -0.75230 0.10787 0.18708 -0.42463 0.87923
1731053542.073606491 33.23245 -22.63056 -0.75123 0.10775 0.18774 -0.42700 0.87796
1731053542.083606720 33.24272 -22.64045 -0.74975 0.10747 0.18816 -0.42970 0.87659
1731053542.093606472 33.25300 -22.65054 -0.74794 0.10712 0.18837 -0.43268 0.87512
1731053542.103606462 33.26320 -22.66097 -0.74594 0.10682 0.18832 -0.43581 0.87361
1731053542.113606453 33.27321 -22.67191 -0.74393 0.10675 0.18797 -0.43893 0.87213
1731053542.123606682 33.28295 -22.68352 -0.74207 0.10704 0.18729 -0.44190 0.87074
1731053542.133606434 33.29248 -22.69557 -0.74028 0.10769 0.18622 -0.44468 0.86947
1731053542.143606424 33.30193 -22.70766 -0.73834 0.10858 0.18472 -0.44733 0.86832
1731053542.153606415 33.31146 -22.71936 -0.73601 0.10960 0.18275 -0.44987 0.86730
1731053542.163606644 33.32113 -22.73052 -0.73321 0.11063 0.18029 -0.45237 0.86638
1731053542.173606396 33.33094 -22.74142 -0.73002 0.11156 0.17739 -0.45484 0.86557
1731053542.183606386 33.34084 -22.75239 -0.72655 0.11227 0.17408 -0.45735 0.86483
1731053542.193606615 33.35081 -22.76367 -0.72289 0.11266 0.17042 -0.45991 0.86415
1731053542.203606606 33.36081 -22.77521 -0.71909 0.11277 0.16652 -0.46250 0.86351
1731053542.213606596 33.37081 -22.78687 -0.71517 0.11267 0.16251 -0.46509 0.86290
1731053542.223606348 33.38077 -22.79853 -0.71117 0.11243 0.15850 -0.46763 0.86230
1731053542.233606577 33.39067 -22.81006 -0.70711 0.11212 0.15464 -0.47009 0.86170
1731053542.243606567 33.40047 -22.82136 -0.70303 0.11179 0.15100 -0.47245 0.86110
1731053542.253606558 33.41019 -22.83244 -0.69896 0.11146 0.14760 -0.47470 0.86049
1731053542.263606310 33.41986 -22.84337 -0.69494 0.11114 0.14440 -0.47684 0.85989
1731053542.273606539 33.42949 -22.85419 -0.69102 0.11081 0.14137 -0.47889 0.85930
1731053542.283606529 33.43911 -22.86496 -0.68724 0.11050 0.13848 -0.48084 0.85872
1731053542.293606520 33.44873 -22.87573 -0.68364 0.11019 0.13571 -0.48270 0.85816
1731053542.303606272 33.45839 -22.88659 -0.68032 0.10988 0.13302 -0.48448 0.85762
1731053542.313606501 33.46810 -22.89764 -0.67739 0.10954 0.13043 -0.48619 0.85709
1731053542.323606730 33.47788 -22.90896 -0.67493 0.10917 0.12791 -0.48786 0.85657
1731053542.333606482 33.48772 -22.92049 -0.67282 0.10875 0.12546 -0.48946 0.85607
1731053542.343606472 33.49761 -22.93208 -0.67082 0.10830 0.12309 -0.49100 0.85560
1731053542.353606462 33.50753 -22.94358 -0.66867 0.10782 0.12081 -0.49244 0.85515
1731053542.363606691 33.51748 -22.95493 -0.66629 0.10731 0.11862 -0.49378 0.85475
1731053542.373606443 33.52749 -22.96618 -0.66381 0.10669 0.11652 -0.49498 0.85442
1731053542.383606434 33.53760 -22.97739 -0.66139 0.10592 0.11452 -0.49602 0.85418
1731053542.393606424 33.54782 -22.98862 -0.65915 0.10495 0.11261 -0.49687 0.85406
1731053542.403606653 33.55817 -22.99987 -0.65711 0.10379 0.11080 -0.49754 0.85405
1731053542.413606405 33.56862 -23.01111 -0.65523 0.10246 0.10910 -0.49803 0.85415
1731053542.423606396 33.57918 -23.02233 -0.65348 0.10100 0.10751 -0.49834 0.85434
1731053542.433606625 33.58983 -23.03352 -0.65185 0.09944 0.10603 -0.49847 0.85464
1731053542.443606615 33.60056 -23.04465 -0.65030 0.09780 0.10467 -0.49842 0.85502
1731053542.453606606 33.61138 -23.05571 -0.64881 0.09612 0.10343 -0.49820 0.85549
1731053542.463606358 33.62226 -23.06668 -0.64735 0.09442 0.10231 -0.49781 0.85604
1731053542.473606586 33.63320 -23.07755 -0.64589 0.09273 0.10133 -0.49725 0.85667
1731053542.483606577 33.64419 -23.08829 -0.64441 0.09108 0.10048 -0.49652 0.85736
1731053542.493606567 33.65521 -23.09892 -0.64290 0.08952 0.09978 -0.49563 0.85813
1731053542.503606319 33.66619 -23.10953 -0.64142 0.08816 0.09923 -0.49452 0.85897
1731053542.513606548 33.67702 -23.12024 -0.64004 0.08711 0.09887 -0.49315 0.85991
1731053542.523606539 33.68764 -23.13116 -0.63883 0.08650 0.09870 -0.49147 0.86095
1731053542.533606529 33.69813 -23.14218 -0.63771 0.08624 0.09874 -0.48948 0.86210
1731053542.543606281 33.70869 -23.15307 -0.63649 0.08613 0.09894 -0.48723 0.86336
1731053542.553606510 33.71952 -23.16357 -0.63498 0.08598 0.09929 -0.48474 0.86474
1731053542.563606739 33.73074 -23.17362 -0.63315 0.08565 0.09973 -0.48206 0.86622
1731053542.573606491 33.74232 -23.18342 -0.63112 0.08510 0.10018 -0.47925 0.86778
1731053542.583606482 33.75425 -23.19318 -0.62907 0.08428 0.10053 -0.47638 0.86940
1731053542.593606472 33.76648 -23.20306 -0.62712 0.08319 0.10071 -0.47350 0.87105
1731053542.603606701 33.77894 -23.21300 -0.62526 0.08189 0.10075 -0.47062 0.87273
1731053542.613606453 33.79157 -23.22286 -0.62342 0.08047 0.10071 -0.46773 0.87442
1731053542.623606443 33.80428 -23.23254 -0.62155 0.07899 0.10062 -0.46483 0.87611
1731053542.633606434 33.81700 -23.24190 -0.61959 0.07755 0.10055 -0.46190 0.87780
1731053542.643606663 33.82968 -23.25086 -0.61751 0.07623 0.10054 -0.45894 0.87946
1731053542.653606415 33.84231 -23.25943 -0.61533 0.07506 0.10067 -0.45598 0.88109
1731053542.663606405 33.85492 -23.26765 -0.61312 0.07410 0.10100 -0.45304 0.88265
1731053542.673606396 33.86752 -23.27558 -0.61092 0.07338 0.10161 -0.45014 0.88412
1731053542.683606625 33.88015 -23.28327 -0.60879 0.07296 0.10258 -0.44732 0.88547
1731053542.693606615 33.89277 -23.29076 -0.60676 0.07284 0.10395 -0.44458 0.88670
1731053542.703606367 33.90525 -23.29815 -0.60478 0.07300 0.10568 -0.44190 0.88782
1731053542.713606596 33.91738 -23.30553 -0.60280 0.07337 0.10770 -0.43922 0.88888
1731053542.723606586 33.92902 -23.31299 -0.60074 0.07389 0.10995 -0.43649 0.88990
1731053542.733606577 33.94031 -23.32050 -0.59867 0.07447 0.11233 -0.43369 0.89092
1731053542.743606329 33.95164 -23.32795 -0.59674 0.07500 0.11472 -0.43083 0.89196
1731053542.753606558 33.96338 -23.33526 -0.59506 0.07538 0.11701 -0.42791 0.89304
1731053542.763606548 33.97573 -23.34239 -0.59371 0.07553 0.11911 -0.42493 0.89417
1731053542.773606539 33.98859 -23.34945 -0.59268 0.07542 0.12100 -0.42192 0.89535
1731053542.783606291 34.00186 -23.35656 -0.59193 0.07502 0.12265 -0.41892 0.89657
1731053542.793606520 34.01543 -23.36379 -0.59143 0.07432 0.12405 -0.41594 0.89782
1731053542.803606749 34.02923 -23.37116 -0.59109 0.07334 0.12518 -0.41301 0.89910
1731053542.813606501 34.04319 -23.37862 -0.59082 0.07213 0.12606 -0.41013 0.90039
1731053542.823606491 34.05723 -23.38616 -0.59054 0.07071 0.12668 -0.40731 0.90169
1731053542.833606482 34.07130 -23.39374 -0.59014 0.06912 0.12704 -0.40457 0.90300
1731053542.843606710 34.08533 -23.40134 -0.58956 0.06741 0.12716 -0.40191 0.90430
1731053542.853606462 34.09933 -23.40893 -0.58883 0.06562 0.12705 -0.39934 0.90558
1731053542.863606453 34.11333 -23.41649 -0.58803 0.06382 0.12676 -0.39684 0.90685
1731053542.873606443 34.12734 -23.42400 -0.58721 0.06204 0.12630 -0.39441 0.90810
1731053542.883606672 34.14139 -23.43142 -0.58644 0.06035 0.12572 -0.39205 0.90931
1731053542.893606424 34.15549 -23.43874 -0.58576 0.05880 0.12504 -0.38975 0.91050
1731053542.903606415 34.16963 -23.44595 -0.58517 0.05741 0.12430 -0.38752 0.91164
1731053542.913606405 34.18382 -23.45305 -0.58466 0.05618 0.12356 -0.38537 0.91273
1731053542.923606634 34.19803 -23.46003 -0.58419 0.05512 0.12286 -0.38329 0.91376
1731053542.933606625 34.21226 -23.46688 -0.58376 0.05424 0.12225 -0.38129 0.91473
1731053542.943606377 34.22650 -23.47360 -0.58335 0.05356 0.12177 -0.37938 0.91563
1731053542.953606606 34.24074 -23.48019 -0.58293 0.05308 0.12146 -0.37756 0.91645
1731053542.963606596 34.25496 -23.48664 -0.58248 0.05282 0.12138 -0.37584 0.91718
1731053542.973606586 34.26916 -23.49294 -0.58200 0.05277 0.12157 -0.37423 0.91782
1731053542.983606339 34.28333 -23.49909 -0.58145 0.05296 0.12208 -0.37271 0.91836
1731053542.993606567 34.29744 -23.50510 -0.58083 0.05338 0.12295 -0.37130 0.91879
1731053543.003606558 34.31144 -23.51101 -0.58013 0.05392 0.12424 -0.36995 0.91912
1731053543.013606548 34.32525 -23.51687 -0.57937 0.05449 0.12603 -0.36862 0.91938
1731053543.023606300 34.33881 -23.52273 -0.57856 0.05498 0.12837 -0.36726 0.91958
1731053543.033606529 34.35220 -23.52857 -0.57766 0.05539 0.13122 -0.36579 0.91973
1731053543.043606520 34.36555 -23.53428 -0.57665 0.05575 0.13447 -0.36416 0.91989
1731053543.053606510 34.37903 -23.53980 -0.57550 0.05611 0.13800 -0.36230 0.92008
1731053543.063606262 34.39268 -23.54512 -0.57424 0.05651 0.14170 -0.36019 0.92032
1731053543.073606491 34.40641 -23.55041 -0.57299 0.05694 0.14543 -0.35794 0.92059
1731053543.083606720 34.42012 -23.55586 -0.57189 0.05741 0.14903 -0.35562 0.92088
1731053543.093606472 34.43373 -23.56159 -0.57102 0.05791 0.15237 -0.35333 0.92119
1731053543.103606462 34.44724 -23.56749 -0.57031 0.05844 0.15539 -0.35106 0.92152
1731053543.113606453 34.46070 -23.57342 -0.56961 0.05901 0.15803 -0.34879 0.92189
1731053543.123606682 34.47417 -23.57924 -0.56879 0.05960 0.16025 -0.34651 0.92233
1731053543.133606434 34.48767 -23.58477 -0.56773 0.06023 0.16198 -0.34419 0.92286
1731053543.143606424 34.50125 -23.58992 -0.56631 0.06089 0.16321 -0.34181 0.92348
1731053543.153606415 34.51489 -23.59471 -0.56461 0.06155 0.16400 -0.33937 0.92420
1731053543.163606644 34.52859 -23.59918 -0.56272 0.06221 0.16444 -0.33687 0.92499
1731053543.173606396 34.54233 -23.60341 -0.56073 0.06282 0.16462 -0.33430 0.92585
1731053543.183606386 34.55610 -23.60746 -0.55873 0.06338 0.16464 -0.33165 0.92676
1731053543.193606615 34.56985 -23.61137 -0.55681 0.06384 0.16459 -0.32892 0.92771
1731053543.203606606 34.58347 -23.61519 -0.55491 0.06418 0.16454 -0.32613 0.92868
1731053543.213606596 34.59681 -23.61895 -0.55299 0.06436 0.16456 -0.32329 0.92966
1731053543.223606348 34.60976 -23.62269 -0.55098 0.06432 0.16471 -0.32044 0.93062
1731053543.233606577 34.62246 -23.62638 -0.54893 0.06409 0.16496 -0.31756 0.93158
1731053543.243606567 34.63522 -23.62998 -0.54697 0.06367 0.16525 -0.31463 0.93255
1731053543.253606558 34.64836 -23.63343 -0.54521 0.06310 0.16549 -0.31162 0.93356
1731053543.263606310 34.66202 -23.63673 -0.54373 0.06241 0.16561 -0.30852 0.93461
1731053543.273606539 34.67608 -23.63991 -0.54251 0.06161 0.16555 -0.30534 0.93572
1731053543.283606529 34.69039 -23.64302 -0.54153 0.06073 0.16526 -0.30206 0.93689
1731053543.293606520 34.70484 -23.64609 -0.54077 0.05978 0.16470 -0.29871 0.93812
1731053543.303606272 34.71937 -23.64904 -0.54019 0.05874 0.16388 -0.29526 0.93942
1731053543.313606501 34.73399 -23.65177 -0.53975 0.05758 0.16283 -0.29172 0.94078
1731053543.323606730 34.74866 -23.65422 -0.53942 0.05628 0.16157 -0.28809 0.94219
1731053543.333606482 34.76342 -23.65643 -0.53921 0.05485 0.16016 -0.28437 0.94365
1731053543.343606472 34.77827 -23.65857 -0.53910 0.05336 0.15867 -0.28056 0.94513
1731053543.353606462 34.79327 -23.66079 -0.53912 0.05187 0.15715 -0.27665 0.94661
1731053543.363606691 34.80841 -23.66315 -0.53927 0.05042 0.15567 -0.27263 0.94810
1731053543.373606443 34.82365 -23.66557 -0.53956 0.04904 0.15426 -0.26846 0.94959
1731053543.383606434 34.83894 -23.66796 -0.53998 0.04778 0.15296 -0.26411 0.95109
1731053543.393606424 34.85423 -23.67021 -0.54053 0.04664 0.15179 -0.25955 0.95259
1731053543.403606653 34.86944 -23.67228 -0.54123 0.04560 0.15074 -0.25477 0.95409
1731053543.413606405 34.88449 -23.67409 -0.54208 0.04459 0.14977 -0.24978 0.95561
1731053543.423606396 34.89933 -23.67561 -0.54309 0.04358 0.14886 -0.24460 0.95714
1731053543.433606625 34.91402 -23.67687 -0.54420 0.04255 0.14801 -0.23925 0.95867
1731053543.443606615 34.92870 -23.67798 -0.54531 0.04151 0.14723 -0.23376 0.96019
1731053543.453606606 34.94354 -23.67906 -0.54634 0.04046 0.14651 -0.22816 0.96169
1731053543.463606358 34.95860 -23.68014 -0.54724 0.03940 0.14590 -0.22246 0.96316
1731053543.473606586 34.97381 -23.68117 -0.54804 0.03833 0.14540 -0.21664 0.96460
1731053543.483606577 34.98911 -23.68209 -0.54880 0.03725 0.14507 -0.21071 0.96601
1731053543.493606567 35.00442 -23.68287 -0.54952 0.03614 0.14490 -0.20463 0.96738
1731053543.503606319 35.01969 -23.68362 -0.55015 0.03495 0.14484 -0.19843 0.96872
1731053543.513606548 35.03488 -23.68446 -0.55064 0.03360 0.14478 -0.19210 0.97005
1731053543.523606539 35.04995 -23.68552 -0.55091 0.03202 0.14465 -0.18566 0.97138
1731053543.533606529 35.06493 -23.68668 -0.55098 0.03022 0.14445 -0.17910 0.97270
1731053543.543606281 35.07991 -23.68768 -0.55093 0.02830 0.14424 -0.17244 0.97399
1731053543.553606510 35.09498 -23.68823 -0.55083 0.02632 0.14408 -0.16566 0.97525
1731053543.563606739 35.11016 -23.68823 -0.55071 0.02437 0.14400 -0.15878 0.97645
1731053543.573606491 35.12540 -23.68777 -0.55057 0.02253 0.14401 -0.15182 0.97760
1731053543.583606482 35.14063 -23.68698 -0.55039 0.02089 0.14412 -0.14480 0.97869
1731053543.593606472 35.15584 -23.68594 -0.55018 0.01952 0.14432 -0.13775 0.97970
1731053543.603606701 35.17108 -23.68459 -0.54998 0.01839 0.14467 -0.13070 0.98064
1731053543.613606453 35.18648 -23.68285 -0.54986 0.01749 0.14521 -0.12367 0.98149
1731053543.623606443 35.20212 -23.68064 -0.54987 0.01677 0.14600 -0.11669 0.98224
1731053543.633606434 35.21790 -23.67803 -0.55001 0.01623 0.14706 -0.10981 0.98288
1731053543.643606663 35.23357 -23.67522 -0.55022 0.01585 0.14843 -0.10307 0.98341
1731053543.653606415 35.24890 -23.67239 -0.55044 0.01563 0.15013 -0.09651 0.98382
1731053543.663606405 35.26379 -23.66963 -0.55063 0.01554 0.15219 -0.09013 0.98411
1731053543.673606396 35.27833 -23.66684 -0.55080 0.01557 0.15462 -0.08390 0.98428
1731053543.683606625 35.29263 -23.66395 -0.55096 0.01567 0.15745 -0.07776 0.98434
1731053543.693606615 35.30676 -23.66092 -0.55113 0.01582 0.16067 -0.07168 0.98428
1731053543.703606367 35.32050 -23.65794 -0.55129 0.01597 0.16411 -0.06563 0.98413
1731053543.713606596 35.33359 -23.65528 -0.55146 0.01607 0.16756 -0.05964 0.98392
1731053543.723606586 35.34580 -23.65315 -0.55164 0.01607 0.17085 -0.05368 0.98370
1731053543.733606577 35.35740 -23.65141 -0.55186 0.01594 0.17383 -0.04778 0.98349
1731053543.743606329 35.36895 -23.64965 -0.55223 0.01566 0.17642 -0.04196 0.98330
1731053543.753606558 35.38102 -23.64749 -0.55281 0.01521 0.17855 -0.03622 0.98315
1731053543.763606548 35.39388 -23.64474 -0.55364 0.01460 0.18017 -0.03059 0.98305
1731053543.773606539 35.40731 -23.64159 -0.55468 0.01387 0.18136 -0.02504 0.98300
1731053543.783606291 35.42107 -23.63821 -0.55587 0.01306 0.18217 -0.01959 0.98299
1731053543.793606520 35.43497 -23.63473 -0.55720 0.01222 0.18266 -0.01421 0.98300
1731053543.803606749 35.44914 -23.63098 -0.55868 0.01140 0.18289 -0.00894 0.98303
1731053543.813606501 35.46373 -23.62673 -0.56034 0.01064 0.18292 -0.00378 0.98306
1731053543.823606491 35.47890 -23.62177 -0.56222 0.01000 0.18282 0.00123 0.98310
1731053543.833606482 35.49450 -23.61630 -0.56429 0.00947 0.18263 0.00610 0.98312
1731053543.843606710 35.51018 -23.61081 -0.56651 0.00903 0.18242 0.01084 0.98312
1731053543.853606462 35.52560 -23.60577 -0.56882 0.00865 0.18227 0.01548 0.98309
1731053543.863606453 35.54059 -23.60138 -0.57118 0.00830 0.18221 0.02003 0.98302
1731053543.873606443 35.55530 -23.59743 -0.57355 0.00802 0.18223 0.02448 0.98292
1731053543.883606672 35.56988 -23.59369 -0.57588 0.00781 0.18234 0.02884 0.98278
1731053543.893606424 35.58441 -23.58994 -0.57812 0.00768 0.18251 0.03310 0.98262
1731053543.903606415 35.59863 -23.58616 -0.58025 0.00763 0.18273 0.03722 0.98243
1731053543.913606405 35.61217 -23.58232 -0.58222 0.00765 0.18295 0.04119 0.98223
1731053543.923606634 35.62474 -23.57842 -0.58398 0.00773 0.18313 0.04495 0.98203
1731053543.933606625 35.63660 -23.57448 -0.58554 0.00783 0.18325 0.04849 0.98184
1731053543.943606377 35.64839 -23.57051 -0.58694 0.00791 0.18329 0.05181 0.98166
1731053543.953606606 35.66075 -23.56651 -0.58821 0.00791 0.18321 0.05489 0.98151
1731053543.963606596 35.67399 -23.56250 -0.58936 0.00779 0.18303 0.05775 0.98138
1731053543.973606586 35.68784 -23.55849 -0.59035 0.00754 0.18279 0.06038 0.98127
1731053543.983606339 35.70203 -23.55448 -0.59115 0.00714 0.18254 0.06281 0.98117
1731053543.993606567 35.71631 -23.55049 -0.59175 0.00658 0.18231 0.06504 0.98106
1731053544.003606558 35.73068 -23.54651 -0.59218 0.00591 0.18212 0.06711 0.98097
1731053544.013606548 35.74519 -23.54254 -0.59248 0.00516 0.18194 0.06906 0.98087
1731053544.023606300 35.75987 -23.53855 -0.59271 0.00440 0.18175 0.07092 0.98077
1731053544.033606529 35.77468 -23.53452 -0.59285 0.00365 0.18156 0.07271 0.98068
1731053544.043606520 35.78954 -23.53036 -0.59285 0.00295 0.18137 0.07448 0.98059
1731053544.053606510 35.80436 -23.52602 -0.59266 0.00232 0.18119 0.07623 0.98049
1731053544.063606262 35.81907 -23.52147 -0.59227 0.00181 0.18103 0.07800 0.98038
1731053544.073606491 35.83367 -23.51680 -0.59167 0.00150 0.18090 0.07979 0.98026
1731053544.083606720 35.84814 -23.51209 -0.59090 0.00150 0.18082 0.08161 0.98012
1731053544.093606472 35.86249 -23.50741 -0.58996 0.00184 0.18080 0.08346 0.97997
1731053544.103606462 35.87673 -23.50277 -0.58888 0.00251 0.18082 0.08532 0.97981
1731053544.113606453 35.89084 -23.49816 -0.58770 0.00341 0.18087 0.08718 0.97963
1731053544.123606682 35.90485 -23.49358 -0.58642 0.00450 0.18094 0.08903 0.97945
1731053544.133606434 35.91876 -23.48902 -0.58509 0.00569 0.18102 0.09084 0.97926
1731053544.143606424 35.93258 -23.48447 -0.58372 0.00693 0.18108 0.09260 0.97908
1731053544.153606415 35.94630 -23.47992 -0.58235 0.00813 0.18111 0.09429 0.97890
1731053544.163606644 35.95994 -23.47537 -0.58099 0.00924 0.18110 0.09589 0.97873
1731053544.173606396 35.97351 -23.47081 -0.57967 0.01019 0.18104 0.09739 0.97859
1731053544.183606386 35.98700 -23.46624 -0.57842 0.01090 0.18090 0.09877 0.97847
1731053544.193606615 36.00045 -23.46164 -0.57726 0.01133 0.18070 0.10003 0.97837
1731053544.203606606 36.01393 -23.45699 -0.57618 0.01150 0.18055 0.10125 0.97827
1731053544.213606596 36.02754 -23.45225 -0.57515 0.01147 0.18059 0.10251 0.97814
1731053544.223606348 36.04138 -23.44741 -0.57416 0.01127 0.18092 0.10390 0.97793
1731053544.233606577 36.05537 -23.44246 -0.57324 0.01098 0.18152 0.10541 0.97766
1731053544.243606567 36.06934 -23.43742 -0.57242 0.01063 0.18225 0.10699 0.97736
1731053544.253606558 36.08312 -23.43232 -0.57173 0.01028 0.18297 0.10856 0.97705
1731053544.263606310 36.09665 -23.42716 -0.57121 0.00998 0.18355 0.11013 0.97677
1731053544.273606539 36.11002 -23.42196 -0.57085 0.00971 0.18389 0.11174 0.97653
1731053544.283606529 36.12333 -23.41670 -0.57063 0.00948 0.18389 0.11346 0.97633
1731053544.293606520 36.13670 -23.41136 -0.57056 0.00928 0.18346 0.11534 0.97619
1731053544.303606272 36.15023 -23.40575 -0.57062 0.00912 0.18261 0.11738 0.97611
1731053544.313606501 36.16401 -23.39963 -0.57078 0.00898 0.18139 0.11959 0.97607
1731053544.323606730 36.17814 -23.39282 -0.57102 0.00887 0.17983 0.12195 0.97607
1731053544.333606482 36.19256 -23.38550 -0.57135 0.00877 0.17800 0.12447 0.97609
1731053544.343606472 36.20709 -23.37810 -0.57178 0.00868 0.17601 0.12710 0.97611
1731053544.353606462 36.22159 -23.37106 -0.57232 0.00862 0.17396 0.12984 0.97612
1731053544.363606691 36.23595 -23.36458 -0.57299 0.00856 0.17194 0.13266 0.97610
1731053544.373606443 36.25017 -23.35846 -0.57377 0.00851 0.16996 0.13558 0.97604
1731053544.383606434 36.26425 -23.35250 -0.57466 0.00843 0.16807 0.13860 0.97595
1731053544.393606424 36.27820 -23.34654 -0.57565 0.00834 0.16629 0.14172 0.97580
1731053544.403606653 36.29207 -23.34054 -0.57670 0.00824 0.16460 0.14494 0.97562
1731053544.413606405 36.30591 -23.33453 -0.57778 0.00819 0.16298 0.14822 0.97540
1731053544.423606396 36.31977 -23.32850 -0.57886 0.00822 0.16142 0.15154 0.97515
1731053544.433606625 36.33370 -23.32249 -0.57988 0.00837 0.15989 0.15488 0.97487
1731053544.443606615 36.34774 -23.31650 -0.58083 0.00866 0.15837 0.15823 0.97458
1731053544.453606606 36.36188 -23.31052 -0.58167 0.00908 0.15682 0.16157 0.97428
1731053544.463606358 36.37609 -23.30454 -0.58237 0.00962 0.15518 0.16489 0.97398
1731053544.473606586 36.39033 -23.29857 -0.58291 0.01025 0.15341 0.16818 0.97369
1731053544.483606577 36.40459 -23.29259 -0.58326 0.01097 0.15144 0.17144 0.97342
1731053544.493606567 36.41882 -23.28658 -0.58340 0.01172 0.14928 0.17468 0.97317
1731053544.503606319 36.43297 -23.28042 -0.58330 0.01242 0.14701 0.17792 0.97292
1731053544.513606548 36.44696 -23.27398 -0.58294 0.01297 0.14478 0.18122 0.97264
1731053544.523606539 36.46073 -23.26715 -0.58230 0.01325 0.14272 0.18463 0.97230
1731053544.533606529 36.47432 -23.26000 -0.58143 0.01326 0.14084 0.18815 0.97190
1731053544.543606281 36.48785 -23.25278 -0.58042 0.01305 0.13908 0.19177 0.97145
1731053544.553606510 36.50141 -23.24569 -0.57937 0.01268 0.13736 0.19547 0.97096
1731053544.563606739 36.51503 -23.23881 -0.57837 0.01219 0.13570 0.19925 0.97043
1731053544.573606491 36.52859 -23.23196 -0.57753 0.01168 0.13423 0.20311 0.96984
1731053544.583606482 36.54195 -23.22494 -0.57692 0.01120 0.13311 0.20708 0.96916
1731053544.593606472 36.55501 -23.21763 -0.57664 0.01083 0.13245 0.21114 0.96838
1731053544.603606701 36.56777 -23.21006 -0.57660 0.01053 0.13228 0.21527 0.96750
1731053544.613606453 36.58025 -23.20236 -0.57670 0.01026 0.13263 0.21939 0.96652
1731053544.623606443 36.59249 -23.19463 -0.57685 0.00996 0.13350 0.22347 0.96547
1731053544.633606434 36.60450 -23.18698 -0.57694 0.00960 0.13490 0.22744 0.96436
1731053544.643606663 36.61633 -23.17949 -0.57690 0.00912 0.13684 0.23126 0.96318
1731053544.653606415 36.62798 -23.17216 -0.57676 0.00851 0.13933 0.23495 0.96193
1731053544.663606405 36.63947 -23.16494 -0.57659 0.00777 0.14239 0.23851 0.96061
1731053544.673606396 36.65083 -23.15779 -0.57646 0.00688 0.14601 0.24199 0.95921
1731053544.683606625 36.66205 -23.15067 -0.57642 0.00583 0.15021 0.24538 0.95770
1731053544.693606615 36.67317 -23.14354 -0.57655 0.00462 0.15494 0.24873 0.95609
1731053544.703606367 36.68421 -23.13627 -0.57689 0.00329 0.15991 0.25204 0.95441
1731053544.713606596 36.69520 -23.12876 -0.57746 0.00187 0.16480 0.25534 0.95270
1731053544.723606586 36.70618 -23.12087 -0.57831 0.00040 0.16928 0.25864 0.95102
1731053544.733606577 36.71716 -23.11274 -0.57939 -0.00113 0.17320 0.26195 0.94941
1731053544.743606329 36.72821 -23.10460 -0.58063 -0.00276 0.17650 0.26521 0.94789
1731053544.753606558 36.73936 -23.09670 -0.58193 -0.00452 0.17915 0.26840 0.94649
1731053544.763606548 36.75058 -23.08912 -0.58328 -0.00641 0.18113 0.27148 0.94522
1731053544.773606539 36.76180 -23.08163 -0.58474 -0.00832 0.18250 0.27450 0.94407
1731053544.783606291 36.77290 -23.07400 -0.58637 -0.01018 0.18329 0.27746 0.94304
1731053544.793606520 36.78381 -23.06607 -0.58822 -0.01190 0.18358 0.28038 0.94210
1731053544.803606749 36.79461 -23.05789 -0.59028 -0.01343 0.18346 0.28326 0.94124
1731053544.813606501 36.80542 -23.04960 -0.59251 -0.01477 0.18306 0.28609 0.94044
1731053544.823606491 36.81635 -23.04131 -0.59487 -0.01588 0.18248 0.28886 0.93968
1731053544.833606482 36.82750 -23.03317 -0.59734 -0.01675 0.18185 0.29155 0.93896
1731053544.843606710 36.83898 -23.02526 -0.59986 -0.01736 0.18127 0.29415 0.93825
1731053544.853606462 36.85074 -23.01756 -0.60244 -0.01775 0.18077 0.29665 0.93755
1731053544.863606453 36.86274 -23.01002 -0.60504 -0.01796 0.18037 0.29901 0.93688
1731053544.873606443 36.87492 -23.00258 -0.60767 -0.01801 0.18009 0.30123 0.93622
1731053544.883606672 36.88723 -22.99519 -0.61030 -0.01796 0.17995 0.30327 0.93559
1731053544.893606424 36.89962 -22.98778 -0.61292 -0.01784 0.17996 0.30512 0.93499
1731053544.903606415 36.91208 -22.98022 -0.61554 -0.01767 0.18011 0.30676 0.93442
1731053544.913606405 36.92460 -22.97234 -0.61818 -0.01745 0.18038 0.30818 0.93391
1731053544.923606634 36.93718 -22.96402 -0.62085 -0.01722 0.18075 0.30936 0.93345
1731053544.933606625 36.94980 -22.95539 -0.62345 -0.01696 0.18117 0.31029 0.93306
1731053544.943606377 36.96246 -22.94675 -0.62585 -0.01664 0.18156 0.31096 0.93277
1731053544.953606606 36.97516 -22.93841 -0.62790 -0.01623 0.18186 0.31135 0.93259
1731053544.963606596 36.98789 -22.93052 -0.62951 -0.01574 0.18202 0.31146 0.93253
1731053544.973606586 37.00069 -22.92298 -0.63074 -0.01524 0.18207 0.31128 0.93259
1731053544.983606339 37.01359 -22.91568 -0.63165 -0.01480 0.18203 0.31081 0.93276
1731053544.993606567 37.02665 -22.90846 -0.63223 -0.01445 0.18194 0.31005 0.93304
1731053545.003606558 37.03998 -22.90092 -0.63234 -0.01413 0.18178 0.30906 0.93340
1731053545.013606548 37.05375 -22.89263 -0.63175 -0.01376 0.18153 0.30791 0.93384
1731053545.023606300 37.06807 -22.88321 -0.63031 -0.01325 0.18119 0.30666 0.93432
1731053545.033606529 37.08277 -22.87299 -0.62815 -0.01252 0.18076 0.30538 0.93483
1731053545.043606520 37.09742 -22.86278 -0.62564 -0.01151 0.18024 0.30410 0.93536
1731053545.053606510 37.11163 -22.85337 -0.62314 -0.01013 0.17964 0.30286 0.93590
1731053545.063606262 37.12524 -22.84515 -0.62085 -0.00842 0.17900 0.30167 0.93642
1731053545.073606491 37.13841 -22.83785 -0.61870 -0.00652 0.17838 0.30046 0.93694
1731053545.083606720 37.15138 -22.83115 -0.61661 -0.00461 0.17786 0.29917 0.93747
1731053545.093606472 37.16431 -22.82478 -0.61451 -0.00283 0.17751 0.29774 0.93799
1731053545.103606462 37.17724 -22.81864 -0.61240 -0.00120 0.17731 0.29618 0.93853
1731053545.113606453 37.19015 -22.81271 -0.61028 0.00029 0.17728 0.29451 0.93906
1731053545.123606682 37.20303 -22.80694 -0.60816 0.00163 0.17739 0.29274 0.93959
1731053545.133606434 37.21587 -22.80129 -0.60607 0.00284 0.17764 0.29090 0.94011
1731053545.143606424 37.22867 -22.79572 -0.60402 0.00392 0.17803 0.28899 0.94062
1731053545.153606415 37.24141 -22.79020 -0.60201 0.00488 0.17853 0.28704 0.94112
1731053545.163606644 37.25407 -22.78468 -0.60005 0.00571 0.17914 0.28507 0.94160
1731053545.173606396 37.26666 -22.77912 -0.59817 0.00643 0.17986 0.28309 0.94206
1731053545.183606386 37.27916 -22.77350 -0.59637 0.00704 0.18066 0.28112 0.94249
1731053545.193606615 37.29158 -22.76777 -0.59466 0.00756 0.18153 0.27917 0.94290
1731053545.203606606 37.30396 -22.76198 -0.59305 0.00805 0.18231 0.27726 0.94331
1731053545.213606596 37.31638 -22.75615 -0.59155 0.00858 0.18283 0.27539 0.94375
1731053545.223606348 37.32890 -22.75035 -0.59014 0.00922 0.18293 0.27356 0.94426
1731053545.233606577 37.34160 -22.74460 -0.58885 0.01005 0.18244 0.27177 0.94486
1731053545.243606567 37.35453 -22.73894 -0.58766 0.01113 0.18121 0.27004 0.94558
1731053545.253606558 37.36767 -22.73336 -0.58658 0.01244 0.17929 0.26837 0.94640
1731053545.263606310 37.38099 -22.72783 -0.58560 0.01395 0.17672 0.26677 0.94732
1731053545.273606539 37.39447 -22.72232 -0.58472 0.01562 0.17356 0.26526 0.94830
1731053545.283606529 37.40807 -22.71682 -0.58394 0.01742 0.16988 0.26384 0.94933
1731053545.293606520 37.42177 -22.71128 -0.58324 0.01932 0.16576 0.26254 0.95038
1731053545.303606272 37.43555 -22.70559 -0.58263 0.02127 0.16132 0.26134 0.95143
1731053545.313606501 37.44940 -22.69961 -0.58210 0.02322 0.15672 0.26027 0.95245
1731053545.323606730 37.46329 -22.69324 -0.58165 0.02511 0.15209 0.25932 0.95341
1731053545.333606482 37.47725 -22.68654 -0.58126 0.02690 0.14746 0.25847 0.95432
1731053545.343606472 37.49129 -22.67969 -0.58087 0.02856 0.14276 0.25768 0.95520
1731053545.353606462 37.50542 -22.67286 -0.58044 0.03006 0.13793 0.25689 0.95608
1731053545.363606691 37.51965 -22.66616 -0.57996 0.03137 0.13300 0.25608 0.95695
1731053545.373606443 37.53395 -22.65959 -0.57947 0.03253 0.12818 0.25531 0.95777
1731053545.383606434 37.54828 -22.65314 -0.57903 0.03355 0.12371 0.25461 0.95851
1731053545.393606424 37.56260 -22.64679 -0.57867 0.03445 0.11976 0.25403 0.95913
1731053545.403606653 37.57691 -22.64052 -0.57838 0.03523 0.11635 0.25358 0.95965
1731053545.413606405 37.59120 -22.63432 -0.57814 0.03590 0.11342 0.25323 0.96006
1731053545.423606396 37.60546 -22.62815 -0.57793 0.03645 0.11094 0.25300 0.96039
1731053545.433606625 37.61968 -22.62201 -0.57771 0.03688 0.10887 0.25288 0.96065
1731053545.443606615 37.63386 -22.61588 -0.57747 0.03718 0.10717 0.25286 0.96083
1731053545.453606606 37.64800 -22.60972 -0.57717 0.03737 0.10580 0.25294 0.96095
1731053545.463606358 37.66207 -22.60353 -0.57681 0.03743 0.10473 0.25311 0.96102
1731053545.473606586 37.67609 -22.59729 -0.57634 0.03736 0.10390 0.25336 0.96105
1731053545.483606577 37.69004 -22.59096 -0.57576 0.03716 0.10329 0.25369 0.96104
1731053545.493606567 37.70391 -22.58455 -0.57503 0.03683 0.10284 0.25411 0.96099
1731053545.503606319 37.71772 -22.57806 -0.57419 0.03639 0.10249 0.25462 0.96091
1731053545.513606548 37.73148 -22.57151 -0.57323 0.03585 0.10218 0.25524 0.96079
1731053545.523606539 37.74519 -22.56490 -0.57220 0.03521 0.10183 0.25600 0.96065
1731053545.533606529 37.75888 -22.55827 -0.57110 0.03450 0.10138 0.25692 0.96048
1731053545.543606281 37.77254 -22.55159 -0.56996 0.03374 0.10078 0.25800 0.96028
1731053545.553606510 37.78618 -22.54479 -0.56883 0.03296 0.10008 0.25926 0.96004
1731053545.563606739 37.79980 -22.53774 -0.56776 0.03220 0.09934 0.26068 0.95976
1731053545.573606491 37.81338 -22.53033 -0.56678 0.03151 0.09862 0.26227 0.95943
1731053545.583606482 37.82694 -22.52245 -0.56595 0.03094 0.09799 0.26401 0.95903
1731053545.593606472 37.84045 -22.51404 -0.56531 0.03049 0.09751 0.26589 0.95857
1731053545.603606701 37.85386 -22.50523 -0.56480 0.03014 0.09724 0.26788 0.95806
1731053545.613606453 37.86710 -22.49624 -0.56438 0.02983 0.09724 0.26992 0.95749
1731053545.623606443 37.88011 -22.48725 -0.56398 0.02950 0.09756 0.27197 0.95689
1731053545.633606434 37.89282 -22.47846 -0.56355 0.02909 0.09824 0.27397 0.95626
1731053545.643606663 37.90519 -22.47001 -0.56306 0.02856 0.09934 0.27590 0.95561
1731053545.653606415 37.91726 -22.46188 -0.56255 0.02789 0.10082 0.27776 0.95494
1731053545.663606405 37.92911 -22.45397 -0.56208 0.02708 0.10264 0.27959 0.95423
1731053545.673606396 37.94079 -22.44620 -0.56173 0.02614 0.10475 0.28142 0.95349
1731053545.683606625 37.95237 -22.43850 -0.56156 0.02505 0.10710 0.28329 0.95271
1731053545.693606615 37.96390 -22.43075 -0.56163 0.02384 0.10965 0.28521 0.95187
1731053545.703606367 37.97527 -22.42284 -0.56201 0.02256 0.11228 0.28719 0.95100
1731053545.713606596 37.98634 -22.41461 -0.56278 0.02131 0.11488 0.28923 0.95010
1731053545.723606586 37.99701 -22.40596 -0.56399 0.02015 0.11734 0.29133 0.94919
1731053545.733606577 38.00737 -22.39697 -0.56564 0.01907 0.11966 0.29345 0.94826
1731053545.743606329 38.01765 -22.38786 -0.56766 0.01803 0.12189 0.29555 0.94735
1731053545.753606558 38.02809 -22.37886 -0.57000 0.01696 0.12408 0.29761 0.94644
1731053545.763606548 38.03881 -22.37007 -0.57263 0.01586 0.12629 0.29960 0.94554
1731053545.773606539 38.04975 -22.36144 -0.57554 0.01481 0.12854 0.30153 0.94464
1731053545.783606291 38.06085 -22.35290 -0.57873 0.01387 0.13086 0.30340 0.94373
1731053545.793606520 38.07204 -22.34439 -0.58220 0.01313 0.13327 0.30522 0.94282
1731053545.803606749 38.08331 -22.33590 -0.58591 0.01259 0.13572 0.30698 0.94190
1731053545.813606501 38.09467 -22.32742 -0.58980 0.01223 0.13816 0.30867 0.94100
1731053545.823606491 38.10611 -22.31897 -0.59381 0.01205 0.14052 0.31028 0.94013
1731053545.833606482 38.11765 -22.31053 -0.59790 0.01204 0.14274 0.31179 0.93929
1731053545.843606710 38.12928 -22.30211 -0.60201 0.01220 0.14475 0.31319 0.93852
1731053545.853606462 38.14101 -22.29370 -0.60609 0.01252 0.14650 0.31447 0.93781
1731053545.863606453 38.15283 -22.28530 -0.61008 0.01299 0.14793 0.31562 0.93720
1731053545.873606443 38.16477 -22.27692 -0.61394 0.01360 0.14897 0.31662 0.93668
1731053545.883606672 38.17680 -22.26855 -0.61760 0.01434 0.14957 0.31747 0.93629
1731053545.893606424 38.18893 -22.26016 -0.62101 0.01521 0.14969 0.31815 0.93602
1731053545.903606415 38.20105 -22.25157 -0.62407 0.01622 0.14947 0.31864 0.93588
1731053545.913606405 38.21305 -22.24257 -0.62667 0.01737 0.14908 0.31891 0.93583
1731053545.923606634 38.22483 -22.23298 -0.62872 0.01868 0.14867 0.31893 0.93586
1731053545.933606625 38.23648 -22.22299 -0.63028 0.02014 0.14821 0.31872 0.93597
1731053545.943606377 38.24822 -22.21302 -0.63149 0.02170 0.14756 0.31829 0.93619
1731053545.953606606 38.26023 -22.20351 -0.63248 0.02334 0.14658 0.31765 0.93652
1731053545.963606596 38.27263 -22.19466 -0.63334 0.02503 0.14521 0.31683 0.93697
1731053545.973606586 38.28535 -22.18631 -0.63401 0.02676 0.14352 0.31579 0.93753
1731053545.983606339 38.29831 -22.17831 -0.63444 0.02851 0.14159 0.31451 0.93820
1731053545.993606567 38.31145 -22.17044 -0.63460 0.03029 0.13949 0.31299 0.93897
1731053546.003606558 38.32479 -22.16243 -0.63447 0.03204 0.13723 0.31128 0.93981
1731053546.013606548 38.33841 -22.15398 -0.63409 0.03376 0.13478 0.30946 0.94071
1731053546.023606300 38.35234 -22.14481 -0.63345 0.03541 0.13213 0.30758 0.94164
1731053546.033606529 38.36653 -22.13516 -0.63256 0.03700 0.12932 0.30567 0.94259
1731053546.043606520 38.38082 -22.12557 -0.63141 0.03854 0.12638 0.30371 0.94356
1731053546.053606510 38.39508 -22.11658 -0.62997 0.04007 0.12336 0.30169 0.94454
1731053546.063606262 38.40917 -22.10845 -0.62828 0.04160 0.12035 0.29960 0.94553
1731053546.073606491 38.42299 -22.10099 -0.62638 0.04314 0.11749 0.29744 0.94650
1731053546.083606720 38.43641 -22.09394 -0.62435 0.04469 0.11493 0.29522 0.94744
1731053546.093606472 38.44936 -22.08712 -0.62226 0.04626 0.11277 0.29293 0.94833
1731053546.103606462 38.46196 -22.08047 -0.62014 0.04778 0.11106 0.29057 0.94919
1731053546.113606453 38.47435 -22.07397 -0.61802 0.04918 0.10979 0.28814 0.95000
1731053546.123606682 38.48668 -22.06762 -0.61594 0.05037 0.10898 0.28563 0.95079
1731053546.133606434 38.49909 -22.06140 -0.61392 0.05129 0.10864 0.28304 0.95155
1731053546.143606424 38.51171 -22.05530 -0.61200 0.05188 0.10874 0.28037 0.95230
1731053546.153606415 38.52451 -22.04930 -0.61020 0.05219 0.10917 0.27763 0.95304
1731053546.163606644 38.53745 -22.04339 -0.60852 0.05230 0.10979 0.27487 0.95376
1731053546.173606396 38.55049 -22.03756 -0.60698 0.05229 0.11045 0.27210 0.95448
1731053546.183606386 38.56358 -22.03180 -0.60560 0.05223 0.11102 0.26936 0.95519
1731053546.193606615 38.57667 -22.02606 -0.60440 0.05219 0.11138 0.26667 0.95591
1731053546.203606606 38.58979 -22.02021 -0.60349 0.05218 0.11153 0.26405 0.95662
1731053546.213606596 38.60295 -22.01412 -0.60296 0.05223 0.11149 0.26151 0.95732
1731053546.223606348 38.61616 -22.00763 -0.60292 0.05233 0.11131 0.25904 0.95800
1731053546.233606577 38.62945 -22.00086 -0.60331 0.05250 0.11097 0.25667 0.95867
1731053546.243606567 38.64280 -21.99405 -0.60394 0.05276 0.11047 0.25440 0.95932
1731053546.253606558 38.65623 -21.98745 -0.60464 0.05311 0.10981 0.25223 0.95995
1731053546.263606310 38.66973 -21.98118 -0.60533 0.05356 0.10895 0.25017 0.96056
1731053546.273606539 38.68331 -21.97511 -0.60606 0.05411 0.10787 0.24822 0.96116
1731053546.283606529 38.69697 -21.96912 -0.60689 0.05476 0.10652 0.24641 0.96174
1731053546.293606520 38.71072 -21.96308 -0.60788 0.05548 0.10489 0.24473 0.96230
1731053546.303606272 38.72452 -21.95687 -0.60909 0.05625 0.10303 0.24318 0.96285
1731053546.313606501 38.73837 -21.95036 -0.61058 0.05702 0.10101 0.24174 0.96338
1731053546.323606730 38.75223 -21.94345 -0.61238 0.05773 0.09890 0.24042 0.96389
1731053546.333606482 38.76613 -21.93623 -0.61447 0.05839 0.09674 0.23922 0.96437
1731053546.343606472 38.78011 -21.92890 -0.61676 0.05903 0.09453 0.23816 0.96481
1731053546.353606462 38.79423 -21.92166 -0.61916 0.05968 0.09228 0.23725 0.96521
1731053546.363606691 38.80846 -21.91457 -0.62161 0.06033 0.09007 0.23651 0.96556
1731053546.373606443 38.82269 -21.90745 -0.62405 0.06096 0.08806 0.23596 0.96584
1731053546.383606434 38.83681 -21.90013 -0.62644 0.06152 0.08645 0.23559 0.96604
1731053546.393606424 38.85071 -21.89246 -0.62874 0.06199 0.08539 0.23542 0.96615
1731053546.403606653 38.86443 -21.88451 -0.63102 0.06238 0.08493 0.23544 0.96616
1731053546.413606405 38.87803 -21.87638 -0.63336 0.06269 0.08511 0.23563 0.96608
1731053546.423606396 38.89158 -21.86820 -0.63582 0.06295 0.08594 0.23600 0.96590
1731053546.433606625 38.90514 -21.86009 -0.63849 0.06316 0.08746 0.23653 0.96562
1731053546.443606615 38.91876 -21.85213 -0.64142 0.06333 0.08969 0.23721 0.96523
1731053546.453606606 38.93241 -21.84430 -0.64455 0.06342 0.09260 0.23801 0.96476
1731053546.463606358 38.94605 -21.83658 -0.64781 0.06337 0.09616 0.23890 0.96419
1731053546.473606586 38.95966 -21.82892 -0.65111 0.06311 0.10034 0.23986 0.96354
1731053546.483606577 38.97317 -21.82127 -0.65438 0.06259 0.10510 0.24085 0.96282
1731053546.493606567 38.98654 -21.81359 -0.65758 0.06177 0.11037 0.24185 0.96203
1731053546.503606319 38.99957 -21.80572 -0.66091 0.06069 0.11590 0.24284 0.96121
1731053546.513606548 39.01206 -21.79748 -0.66459 0.05942 0.12138 0.24378 0.96037
1731053546.523606539 39.02382 -21.78874 -0.66883 0.05803 0.12653 0.24468 0.95956
1731053546.533606529 39.03501 -21.77964 -0.67341 0.05660 0.13126 0.24555 0.95879
1731053546.543606281 39.04597 -21.77048 -0.67781 0.05521 0.13560 0.24644 0.95804
1731053546.553606510 39.05708 -21.76160 -0.68154 0.05395 0.13956 0.24740 0.95729
1731053546.563606739 39.06853 -21.75311 -0.68437 0.05285 0.14316 0.24845 0.95655
1731053546.573606491 39.08022 -21.74483 -0.68647 0.05188 0.14641 0.24958 0.95582
1731053546.583606482 39.09206 -21.73653 -0.68806 0.05098 0.14931 0.25074 0.95511
1731053546.593606472 39.10392 -21.72806 -0.68934 0.05011 0.15189 0.25193 0.95444
1731053546.603606701 39.11576 -21.71944 -0.69038 0.04923 0.15425 0.25314 0.95378
1731053546.613606453 39.12751 -21.71075 -0.69124 0.04830 0.15649 0.25436 0.95314
1731053546.623606443 39.13912 -21.70209 -0.69199 0.04730 0.15873 0.25560 0.95249
1731053546.633606434 39.15052 -21.69352 -0.69268 0.04617 0.16108 0.25685 0.95181
1731053546.643606663 39.16169 -21.68511 -0.69337 0.04489 0.16360 0.25812 0.95110
1731053546.653606415 39.17267 -21.67685 -0.69407 0.04349 0.16623 0.25942 0.95036
1731053546.663606405 39.18351 -21.66871 -0.69480 0.04199 0.16882 0.26077 0.94960
1731053546.673606396 39.19429 -21.66065 -0.69557 0.04043 0.17126 0.26221 0.94883
1731053546.683606625 39.20507 -21.65265 -0.69639 0.03883 0.17342 0.26374 0.94808
1731053546.693606615 39.21586 -21.64467 -0.69726 0.03722 0.17519 0.26538 0.94736
1731053546.703606367 39.22652 -21.63662 -0.69802 0.03564 0.17657 0.26709 0.94669
1731053546.713606596 39.23684 -21.62841 -0.69852 0.03410 0.17754 0.26882 0.94607
1731053546.723606586 39.24666 -21.61997 -0.69863 0.03263 0.17812 0.27053 0.94553
1731053546.733606577 39.25611 -21.61130 -0.69844 0.03122 0.17830 0.27219 0.94506
1731053546.743606329 39.26557 -21.60249 -0.69824 0.02983 0.17808 0.27381 0.94468
1731053546.753606558 39.27538 -21.59360 -0.69831 0.02843 0.17748 0.27539 0.94438
1731053546.763606548 39.28572 -21.58470 -0.69881 0.02701 0.17654 0.27691 0.94415
1731053546.773606539 39.29647 -21.57582 -0.69969 0.02561 0.17542 0.27839 0.94397
1731053546.783606291 39.30750 -21.56700 -0.70089 0.02424 0.17425 0.27982 0.94379
1731053546.793606520 39.31869 -21.55828 -0.70236 0.02294 0.17317 0.28121 0.94361
1731053546.803606749 39.33002 -21.54965 -0.70405 0.02173 0.17219 0.28253 0.94343
1731053546.813606501 39.34147 -21.54113 -0.70593 0.02061 0.17132 0.28377 0.94324
1731053546.823606491 39.35304 -21.53271 -0.70796 0.01959 0.17057 0.28491 0.94305
1731053546.833606482 39.36472 -21.52439 -0.71011 0.01868 0.16992 0.28593 0.94288
1731053546.843606710 39.37652 -21.51617 -0.71233 0.01788 0.16938 0.28681 0.94272
1731053546.853606462 39.38841 -21.50806 -0.71460 0.01721 0.16896 0.28754 0.94259
1731053546.863606453 39.40039 -21.50005 -0.71687 0.01667 0.16864 0.28809 0.94249
1731053546.873606443 39.41246 -21.49214 -0.71911 0.01627 0.16845 0.28845 0.94242
1731053546.883606672 39.42461 -21.48433 -0.72129 0.01602 0.16836 0.28860 0.94240
1731053546.893606424 39.43687 -21.47658 -0.72334 0.01593 0.16837 0.28852 0.94242
1731053546.903606415 39.44946 -21.46857 -0.72514 0.01600 0.16835 0.28821 0.94252
1731053546.913606405 39.46263 -21.45998 -0.72656 0.01624 0.16813 0.28768 0.94271
1731053546.923606634 39.47661 -21.45050 -0.72745 0.01666 0.16759 0.28693 0.94303
1731053546.933606625 39.49121 -21.44042 -0.72793 0.01721 0.16678 0.28597 0.94346
1731053546.943606377 39.50600 -21.43039 -0.72821 0.01781 0.16586 0.28479 0.94397
1731053546.953606606 39.52055 -21.42107 -0.72852 0.01837 0.16500 0.28340 0.94452
1731053546.963606596 39.53465 -21.41273 -0.72899 0.01886 0.16427 0.28180 0.94512
1731053546.973606586 39.54842 -21.40500 -0.72956 0.01929 0.16361 0.27999 0.94576
1731053546.983606339 39.56200 -21.39748 -0.73013 0.01971 0.16290 0.27796 0.94647
1731053546.993606567 39.57552 -21.38984 -0.73066 0.02013 0.16210 0.27571 0.94726
1731053547.003606558 39.58901 -21.38213 -0.73111 0.02057 0.16131 0.27324 0.94810
1731053547.013606548 39.60250 -21.37445 -0.73148 0.02101 0.16067 0.27058 0.94896
1731053547.023606300 39.61599 -21.36694 -0.73176 0.02146 0.16031 0.26774 0.94982
1731053547.033606529 39.62950 -21.35969 -0.73196 0.02191 0.16038 0.26474 0.95064
1731053547.043606520 39.64304 -21.35281 -0.73205 0.02237 0.16097 0.26159 0.95140
1731053547.053606510 39.65664 -21.34626 -0.73207 0.02283 0.16210 0.25832 0.95209
1731053547.063606262 39.67028 -21.33996 -0.73203 0.02326 0.16370 0.25496 0.95271
1731053547.073606491 39.68399 -21.33385 -0.73197 0.02368 0.16576 0.25153 0.95326
1731053547.083606720 39.69778 -21.32786 -0.73190 0.02405 0.16821 0.24805 0.95373
1731053547.093606472 39.71165 -21.32193 -0.73185 0.02439 0.17103 0.24456 0.95412
1731053547.103606462 39.72555 -21.31607 -0.73184 0.02468 0.17409 0.24107 0.95445
1731053547.113606453 39.73943 -21.31030 -0.73188 0.02494 0.17730 0.23760 0.95472
1731053547.123606682 39.75324 -21.30463 -0.73197 0.02516 0.18054 0.23418 0.95495
1731053547.133606434 39.76692 -21.29909 -0.73215 0.02534 0.18368 0.23082 0.95516
1731053547.143606424 39.78044 -21.29370 -0.73241 0.02549 0.18664 0.22755 0.95537
1731053547.153606415 39.79383 -21.28841 -0.73276 0.02561 0.18936 0.22439 0.95558
1731053547.163606644 39.80713 -21.28320 -0.73319 0.02570 0.19180 0.22135 0.95580
1731053547.173606396 39.82039 -21.27804 -0.73370 0.02577 0.19390 0.21845 0.95604
1731053547.183606386 39.83364 -21.27290 -0.73428 0.02582 0.19564 0.21572 0.95631
1731053547.193606615 39.84694 -21.26773 -0.73496 0.02586 0.19697 0.21317 0.95661
1731053547.203606606 39.86028 -21.26245 -0.73582 0.02593 0.19791 0.21076 0.95694
1731053547.213606596 39.87367 -21.25700 -0.73702 0.02609 0.19846 0.20849 0.95732
1731053547.223606348 39.88711 -21.25129 -0.73866 0.02638 0.19866 0.20632 0.95774
1731053547.233606577 39.90063 -21.24535 -0.74063 0.02681 0.19853 0.20425 0.95820
1731053547.243606567 39.91425 -21.23926 -0.74267 0.02734 0.19810 0.20231 0.95869
1731053547.253606558 39.92802 -21.23309 -0.74453 0.02794 0.19741 0.20053 0.95919
1731053547.263606310 39.94194 -21.22690 -0.74611 0.02856 0.19649 0.19891 0.95969
1731053547.273606539 39.95601 -21.22069 -0.74752 0.02917 0.19539 0.19746 0.96020
1731053547.283606529 39.97019 -21.21447 -0.74891 0.02971 0.19417 0.19617 0.96069
1731053547.293606520 39.98448 -21.20825 -0.75038 0.03016 0.19285 0.19504 0.96117
1731053547.303606272 39.99887 -21.20201 -0.75195 0.03051 0.19148 0.19407 0.96164
1731053547.313606501 40.01333 -21.19575 -0.75359 0.03075 0.19005 0.19325 0.96207
1731053547.323606730 40.02786 -21.18947 -0.75528 0.03090 0.18860 0.19260 0.96249
1731053547.333606482 40.04245 -21.18317 -0.75700 0.03095 0.18714 0.19211 0.96287
1731053547.343606472 40.05709 -21.17683 -0.75873 0.03092 0.18568 0.19179 0.96321
1731053547.353606462 40.07177 -21.17046 -0.76045 0.03079 0.18425 0.19164 0.96352
1731053547.363606691 40.08647 -21.16405 -0.76214 0.03058 0.18286 0.19166 0.96379
1731053547.373606443 40.10118 -21.15759 -0.76379 0.03030 0.18154 0.19185 0.96401
1731053547.383606434 40.11590 -21.15108 -0.76536 0.02993 0.18029 0.19222 0.96418
1731053547.393606424 40.13060 -21.14450 -0.76684 0.02950 0.17914 0.19276 0.96430
1731053547.403606653 40.14523 -21.13772 -0.76823 0.02906 0.17817 0.19343 0.96436
1731053547.413606405 40.15973 -21.13061 -0.76951 0.02865 0.17744 0.19421 0.96435
1731053547.423606396 40.17405 -21.12305 -0.77069 0.02834 0.17701 0.19505 0.96427
1731053547.433606625 40.18821 -21.11514 -0.77173 0.02808 0.17688 0.19594 0.96412
1731053547.443606615 40.20229 -21.10711 -0.77256 0.02777 0.17697 0.19691 0.96392
1731053547.453606606 40.21637 -21.09921 -0.77313 0.02731 0.17722 0.19796 0.96367
1731053547.463606358 40.23048 -21.09155 -0.77344 0.02670 0.17755 0.19911 0.96339
1731053547.473606586 40.24456 -21.08405 -0.77352 0.02603 0.17793 0.20038 0.96307
1731053547.483606577 40.25853 -21.07661 -0.77344 0.02544 0.17829 0.20177 0.96273
1731053547.493606567 40.27236 -21.06911 -0.77326 0.02503 0.17859 0.20329 0.96237
1731053547.503606319 40.28610 -21.06131 -0.77307 0.02477 0.17889 0.20495 0.96197
1731053547.513606548 40.29987 -21.05293 -0.77297 0.02461 0.17927 0.20673 0.96152
1731053547.523606539 40.31374 -21.04373 -0.77302 0.02452 0.17978 0.20864 0.96102
1731053547.533606529 40.32761 -21.03392 -0.77314 0.02443 0.18047 0.21063 0.96045
1731053547.543606281 40.34127 -21.02404 -0.77314 0.02428 0.18138 0.21267 0.95984
1731053547.553606510 40.35453 -21.01459 -0.77281 0.02401 0.18251 0.21471 0.95917
1731053547.563606739 40.36729 -21.00581 -0.77209 0.02360 0.18389 0.21674 0.95846
1731053547.573606491 40.37968 -20.99753 -0.77113 0.02310 0.18547 0.21872 0.95772
1731053547.583606482 40.39182 -20.98953 -0.77011 0.02256 0.18723 0.22067 0.95694
1731053547.593606472 40.40382 -20.98162 -0.76914 0.02201 0.18913 0.22256 0.95615
1731053547.603606701 40.41566 -20.97369 -0.76821 0.02143 0.19107 0.22439 0.95534
1731053547.613606453 40.42731 -20.96564 -0.76724 0.02079 0.19296 0.22617 0.95456
1731053547.623606443 40.43875 -20.95740 -0.76618 0.02005 0.19471 0.22789 0.95381
1731053547.633606434 40.45006 -20.94903 -0.76508 0.01924 0.19628 0.22957 0.95310
1731053547.643606663 40.46141 -20.94067 -0.76407 0.01841 0.19768 0.23125 0.95242
1731053547.653606415 40.47297 -20.93246 -0.76327 0.01760 0.19894 0.23298 0.95175
1731053547.663606405 40.48483 -20.92448 -0.76276 0.01685 0.20003 0.23476 0.95110
1731053547.673606396 40.49693 -20.91667 -0.76252 0.01614 0.20091 0.23654 0.95049
1731053547.683606625 40.50922 -20.90898 -0.76253 0.01544 0.20152 0.23828 0.94993
1731053547.693606615 40.52164 -20.90131 -0.76277 0.01474 0.20182 0.23993 0.94947
1731053547.703606367 40.53419 -20.89344 -0.76317 0.01402 0.20180 0.24150 0.94908
1731053547.713606596 40.54686 -20.88510 -0.76365 0.01329 0.20147 0.24299 0.94878
1731053547.723606586 40.55966 -20.87607 -0.76414 0.01253 0.20086 0.24440 0.94856
1731053547.733606577 40.57252 -20.86655 -0.76467 0.01178 0.19999 0.24572 0.94841
1731053547.743606329 40.58537 -20.85698 -0.76533 0.01112 0.19891 0.24696 0.94832
1731053547.753606558 40.59812 -20.84785 -0.76622 0.01059 0.19767 0.24810 0.94829
1731053547.763606548 40.61075 -20.83933 -0.76738 0.01022 0.19631 0.24914 0.94831
1731053547.773606539 40.62338 -20.83124 -0.76877 0.00993 0.19483 0.25009 0.94837
1731053547.783606291 40.63612 -20.82335 -0.77033 0.00966 0.19326 0.25094 0.94847
1731053547.793606520 40.64907 -20.81545 -0.77201 0.00934 0.19161 0.25169 0.94860
1731053547.803606749 40.66224 -20.80752 -0.77379 0.00900 0.18990 0.25234 0.94878
1731053547.813606501 40.67559 -20.79960 -0.77562 0.00865 0.18816 0.25285 0.94899
1731053547.823606491 40.68913 -20.79169 -0.77748 0.00831 0.18639 0.25321 0.94925
1731053547.833606482 40.70281 -20.78382 -0.77934 0.00802 0.18462 0.25341 0.94954
1731053547.843606710 40.71663 -20.77601 -0.78117 0.00779 0.18288 0.25341 0.94988
1731053547.853606462 40.73056 -20.76829 -0.78295 0.00765 0.18116 0.25320 0.95027
1731053547.863606453 40.74458 -20.76067 -0.78463 0.00763 0.17951 0.25276 0.95070
1731053547.873606443 40.75868 -20.75317 -0.78619 0.00774 0.17792 0.25208 0.95118
1731053547.883606672 40.77283 -20.74581 -0.78760 0.00802 0.17643 0.25112 0.95171
1731053547.893606424 40.78704 -20.73860 -0.78883 0.00847 0.17504 0.24988 0.95229
1731053547.903606415 40.80141 -20.73139 -0.78982 0.00903 0.17369 0.24836 0.95293
1731053547.913606405 40.81608 -20.72406 -0.79055 0.00964 0.17231 0.24654 0.95364
1731053547.923606634 40.83116 -20.71646 -0.79095 0.01023 0.17083 0.24445 0.95444
1731053547.933606625 40.84653 -20.70872 -0.79107 0.01078 0.16933 0.24212 0.95530
1731053547.943606377 40.86194 -20.70112 -0.79099 0.01132 0.16799 0.23961 0.95616
1731053547.953606606 40.87712 -20.69396 -0.79080 0.01188 0.16698 0.23699 0.95698
1731053547.963606596 40.89196 -20.68729 -0.79060 0.01246 0.16640 0.23430 0.95774
1731053547.973606586 40.90656 -20.68083 -0.79050 0.01306 0.16624 0.23155 0.95842
1731053547.983606339 40.92105 -20.67428 -0.79061 0.01368 0.16650 0.22875 0.95904
1731053547.993606567 40.93552 -20.66742 -0.79101 0.01431 0.16716 0.22588 0.95960
1731053548.003606558 40.94996 -20.66033 -0.79160 0.01493 0.16817 0.22295 0.96010
1731053548.013606548 40.96436 -20.65322 -0.79225 0.01553 0.16950 0.21992 0.96056
1731053548.023606300 40.97868 -20.64626 -0.79282 0.01609 0.17109 0.21677 0.96098
1731053548.033606529 40.99290 -20.63964 -0.79318 0.01660 0.17291 0.21348 0.96138
1731053548.043606520 41.00699 -20.63351 -0.79324 0.01704 0.17492 0.21004 0.96177
1731053548.053606510 41.02092 -20.62782 -0.79304 0.01741 0.17712 0.20651 0.96212
1731053548.063606262 41.03466 -20.62247 -0.79269 0.01772 0.17952 0.20294 0.96243
1731053548.073606491 41.04818 -20.61738 -0.79228 0.01796 0.18212 0.19939 0.96268
1731053548.083606720 41.06146 -20.61245 -0.79190 0.01816 0.18495 0.19593 0.96285
1731053548.093606472 41.07449 -20.60760 -0.79164 0.01830 0.18798 0.19259 0.96293
1731053548.103606462 41.08735 -20.60281 -0.79148 0.01839 0.19106 0.18938 0.96296
1731053548.113606453 41.10016 -20.59805 -0.79137 0.01846 0.19402 0.18623 0.96298
1731053548.123606682 41.11303 -20.59332 -0.79129 0.01850 0.19669 0.18312 0.96304
1731053548.133606434 41.12608 -20.58858 -0.79118 0.01852 0.19889 0.18001 0.96317
1731053548.143606424 41.13939 -20.58384 -0.79103 0.01853 0.20048 0.17687 0.96342
1731053548.153606415 41.15294 -20.57907 -0.79088 0.01857 0.20152 0.17374 0.96377
1731053548.163606644 41.16671 -20.57427 -0.79075 0.01866 0.20211 0.17064 0.96420
1731053548.173606396 41.18065 -20.56944 -0.79071 0.01884 0.20233 0.16763 0.96468
1731053548.183606386 41.19472 -20.56456 -0.79080 0.01913 0.20228 0.16474 0.96518
1731053548.193606615 41.20891 -20.55965 -0.79102 0.01956 0.20203 0.16200 0.96569
1731053548.203606606 41.22329 -20.55467 -0.79125 0.02013 0.20161 0.15941 0.96620
1731053548.213606596 41.23798 -20.54962 -0.79135 0.02081 0.20101 0.15695 0.96671
1731053548.223606348 41.25305 -20.54448 -0.79117 0.02159 0.20022 0.15462 0.96723
1731053548.233606577 41.26844 -20.53932 -0.79094 0.02242 0.19923 0.15243 0.96777
1731053548.243606567 41.28399 -20.53427 -0.79111 0.02325 0.19798 0.15037 0.96832
1731053548.253606558 41.29953 -20.52942 -0.79213 0.02399 0.19644 0.14846 0.96891
1731053548.263606310 41.31499 -20.52480 -0.79414 0.02461 0.19465 0.14672 0.96952
1731053548.273606539 41.33040 -20.52027 -0.79684 0.02511 0.19276 0.14516 0.97012
1731053548.283606529 41.34581 -20.51567 -0.79989 0.02546 0.19094 0.14381 0.97068
1731053548.293606520 41.36126 -20.51087 -0.80299 0.02568 0.18931 0.14267 0.97116
1731053548.303606272 41.37673 -20.50588 -0.80607 0.02577 0.18790 0.14175 0.97156
1731053548.313606501 41.39222 -20.50068 -0.80912 0.02577 0.18670 0.14104 0.97190
1731053548.323606730 41.40772 -20.49531 -0.81211 0.02568 0.18571 0.14054 0.97216
1731053548.333606482 41.42320 -20.48977 -0.81503 0.02554 0.18490 0.14023 0.97236
1731053548.343606472 41.43865 -20.48407 -0.81787 0.02536 0.18428 0.14013 0.97250
1731053548.353606462 41.45405 -20.47823 -0.82059 0.02515 0.18384 0.14022 0.97258
1731053548.363606691 41.46940 -20.47226 -0.82320 0.02496 0.18355 0.14050 0.97260
1731053548.373606443 41.48467 -20.46616 -0.82566 0.02479 0.18343 0.14097 0.97256
1731053548.383606434 41.49986 -20.45997 -0.82796 0.02466 0.18345 0.14161 0.97246
1731053548.393606424 41.51495 -20.45365 -0.83008 0.02458 0.18359 0.14243 0.97232
1731053548.403606653 41.52998 -20.44710 -0.83206 0.02451 0.18378 0.14340 0.97214
1731053548.413606405 41.54499 -20.44018 -0.83391 0.02437 0.18393 0.14451 0.97195
1731053548.423606396 41.56002 -20.43275 -0.83566 0.02411 0.18394 0.14573 0.97177
1731053548.433606625 41.57507 -20.42493 -0.83723 0.02373 0.18378 0.14709 0.97161
1731053548.443606615 41.59009 -20.41695 -0.83849 0.02326 0.18340 0.14861 0.97146
1731053548.453606606 41.60506 -20.40905 -0.83931 0.02274 0.18277 0.15031 0.97133
1731053548.463606358 41.61994 -20.40135 -0.83965 0.02221 0.18190 0.15222 0.97121
1731053548.473606586 41.63473 -20.39378 -0.83961 0.02173 0.18081 0.15431 0.97109
1731053548.483606577 41.64942 -20.38623 -0.83933 0.02136 0.17956 0.15656 0.97097
1731053548.493606567 41.66397 -20.37861 -0.83888 0.02113 0.17820 0.15896 0.97084
1731053548.503606319 41.67827 -20.37086 -0.83830 0.02101 0.17685 0.16152 0.97067
1731053548.513606548 41.69219 -20.36292 -0.83756 0.02094 0.17564 0.16424 0.97043
1731053548.523606539 41.70558 -20.35472 -0.83665 0.02088 0.17469 0.16712 0.97011
1731053548.533606529 41.71855 -20.34633 -0.83558 0.02080 0.17407 0.17013 0.96970
1731053548.543606281 41.73129 -20.33787 -0.83438 0.02072 0.17382 0.17325 0.96920
1731053548.553606510 41.74402 -20.32947 -0.83305 0.02064 0.17396 0.17641 0.96860
1731053548.563606739 41.75686 -20.32120 -0.83163 0.02055 0.17448 0.17960 0.96793
1731053548.573606491 41.76977 -20.31304 -0.83017 0.02034 0.17525 0.18279 0.96719
1731053548.583606482 41.78272 -20.30495 -0.82869 0.01994 0.17619 0.18596 0.96643
1731053548.593606472 41.79563 -20.29689 -0.82721 0.01928 0.17718 0.18909 0.96565
1731053548.603606701 41.80829 -20.28884 -0.82553 0.01836 0.17814 0.19219 0.96488
1731053548.613606453 41.82047 -20.28075 -0.82340 0.01725 0.17898 0.19525 0.96413
1731053548.623606443 41.83197 -20.27259 -0.82062 0.01597 0.17963 0.19828 0.96341
1731053548.633606434 41.84303 -20.26438 -0.81743 0.01459 0.18006 0.20126 0.96274
1731053548.643606663 41.85415 -20.25618 -0.81436 0.01316 0.18026 0.20420 0.96210
1731053548.653606415 41.86584 -20.24803 -0.81192 0.01174 0.18023 0.20709 0.96151
1731053548.663606405 41.87832 -20.23997 -0.81037 0.01039 0.17996 0.20992 0.96096
1731053548.673606396 41.89140 -20.23196 -0.80948 0.00910 0.17939 0.21265 0.96048
1731053548.683606625 41.90486 -20.22398 -0.80903 0.00787 0.17850 0.21526 0.96007
1731053548.693606615 41.91854 -20.21598 -0.80880 0.00673 0.17723 0.21772 0.95976
1731053548.703606367 41.93263 -20.20775 -0.80884 0.00571 0.17557 0.22002 0.95955
1731053548.713606596 41.94741 -20.19904 -0.80922 0.00489 0.17346 0.22217 0.95944
1731053548.723606586 41.96312 -20.18967 -0.81001 0.00431 0.17090 0.22414 0.95944
1731053548.733606577 41.97950 -20.17983 -0.81112 0.00399 0.16792 0.22596 0.95955
1731053548.743606329 41.99604 -20.17001 -0.81238 0.00389 0.16458 0.22762 0.95973
1731053548.753606558 42.01219 -20.16071 -0.81361 0.00400 0.16095 0.22912 0.95999
1731053548.763606548 42.02767 -20.15211 -0.81475 0.00427 0.15711 0.23047 0.96030
1731053548.773606539 42.04257 -20.14399 -0.81587 0.00470 0.15313 0.23162 0.96067
1731053548.783606291 42.05703 -20.13607 -0.81707 0.00523 0.14910 0.23254 0.96108
1731053548.793606520 42.07118 -20.12815 -0.81842 0.00585 0.14510 0.23319 0.96153
1731053548.803606749 42.08514 -20.12025 -0.81987 0.00656 0.14117 0.23356 0.96202
1731053548.813606501 42.09903 -20.11245 -0.82137 0.00735 0.13737 0.23360 0.96255
1731053548.823606491 42.11294 -20.10483 -0.82284 0.00823 0.13375 0.23331 0.96313
1731053548.833606482 42.12699 -20.09748 -0.82422 0.00920 0.13036 0.23265 0.96374
1731053548.843606710 42.14128 -20.09045 -0.82545 0.01026 0.12726 0.23160 0.96440
1731053548.853606462 42.15578 -20.08376 -0.82653 0.01136 0.12452 0.23016 0.96509
1731053548.863606453 42.17045 -20.07737 -0.82747 0.01248 0.12224 0.22832 0.96580
1731053548.873606443 42.18525 -20.07127 -0.82828 0.01357 0.12049 0.22610 0.96653
1731053548.883606672 42.20015 -20.06543 -0.82895 0.01459 0.11936 0.22348 0.96726
1731053548.893606424 42.21509 -20.05982 -0.82949 0.01550 0.11890 0.22048 0.96799
1731053548.903606415 42.23005 -20.05434 -0.82982 0.01627 0.11904 0.21720 0.96870
1731053548.913606405 42.24501 -20.04886 -0.82983 0.01684 0.11969 0.21375 0.96938
1731053548.923606634 42.25995 -20.04328 -0.82945 0.01719 0.12073 0.21024 0.97001
1731053548.933606625 42.27485 -20.03767 -0.82876 0.01735 0.12208 0.20671 0.97060
1731053548.943606377 42.28975 -20.03222 -0.82795 0.01740 0.12362 0.20315 0.97116
1731053548.953606606 42.30466 -20.02711 -0.82720 0.01743 0.12524 0.19958 0.97169
1731053548.963606596 42.31959 -20.02244 -0.82662 0.01749 0.12689 0.19599 0.97220
1731053548.973606586 42.33452 -20.01812 -0.82614 0.01762 0.12862 0.19235 0.97270
1731053548.983606339 42.34943 -20.01407 -0.82567 0.01785 0.13046 0.18865 0.97318
1731053548.993606567 42.36433 -20.01015 -0.82517 0.01819 0.13248 0.18488 0.97362
1731053549.003606558 42.37945 -20.00613 -0.82472 0.01864 0.13476 0.18106 0.97402
1731053549.013606548 42.39504 -20.00174 -0.82440 0.01917 0.13741 0.17722 0.97434
1731053549.023606300 42.41133 -19.99673 -0.82432 0.01977 0.14050 0.17339 0.97458
1731053549.033606529 42.42809 -19.99131 -0.82445 0.02044 0.14404 0.16960 0.97472
1731053549.043606520 42.44478 -19.98595 -0.82467 0.02116 0.14797 0.16585 0.97476
1731053549.053606510 42.46087 -19.98114 -0.82488 0.02192 0.15223 0.16217 0.97470
1731053549.063606262 42.47614 -19.97710 -0.82503 0.02270 0.15669 0.15857 0.97457
1731053549.073606491 42.49079 -19.97366 -0.82513 0.02346 0.16113 0.15504 0.97440
1731053549.083606720 42.50509 -19.97063 -0.82523 0.02415 0.16534 0.15157 0.97422
1731053549.093606472 42.51925 -19.96783 -0.82535 0.02476 0.16911 0.14817 0.97408
1731053549.103606462 42.53338 -19.96514 -0.82551 0.02530 0.17238 0.14484 0.97400
1731053549.113606453 42.54752 -19.96247 -0.82573 0.02584 0.17511 0.14160 0.97397
1731053549.123606682 42.56176 -19.95972 -0.82602 0.02641 0.17725 0.13847 0.97402
1731053549.133606434 42.57615 -19.95680 -0.82640 0.02706 0.17877 0.13547 0.97414
1731053549.143606424 42.59074 -19.95363 -0.82688 0.02783 0.17965 0.13261 0.97435
1731053549.153606415 42.60550 -19.95015 -0.82748 0.02870 0.17992 0.12991 0.97464
1731053549.163606644 42.62038 -19.94636 -0.82820 0.02965 0.17962 0.12739 0.97500
1731053549.173606396 42.63535 -19.94221 -0.82906 0.03064 0.17881 0.12505 0.97542
1731053549.183606386 42.65034 -19.93769 -0.83007 0.03165 0.17754 0.12291 0.97590
1731053549.193606615 42.66533 -19.93279 -0.83123 0.03265 0.17585 0.12098 0.97641
1731053549.203606606 42.68034 -19.92761 -0.83252 0.03360 0.17383 0.11926 0.97695
1731053549.213606596 42.69542 -19.92228 -0.83388 0.03449 0.17157 0.11772 0.97751
1731053549.223606348 42.71061 -19.91691 -0.83530 0.03528 0.16914 0.11634 0.97807
1731053549.233606577 42.72594 -19.91164 -0.83672 0.03593 0.16663 0.11512 0.97862
1731053549.243606567 42.74145 -19.90655 -0.83813 0.03644 0.16413 0.11405 0.97915
1731053549.253606558 42.75710 -19.90162 -0.83953 0.03682 0.16173 0.11315 0.97963
1731053549.263606310 42.77282 -19.89681 -0.84093 0.03707 0.15953 0.11248 0.98006
1731053549.273606539 42.78857 -19.89206 -0.84235 0.03723 0.15763 0.11207 0.98041
1731053549.283606529 42.80428 -19.88732 -0.84380 0.03731 0.15610 0.11197 0.98066
1731053549.293606520 42.81992 -19.88257 -0.84532 0.03734 0.15504 0.11220 0.98081
1731053549.303606272 42.83545 -19.87783 -0.84697 0.03735 0.15437 0.11271 0.98085
1731053549.313606501 42.85084 -19.87317 -0.84883 0.03735 0.15403 0.11347 0.98082
1731053549.323606730 42.86608 -19.86863 -0.85097 0.03738 0.15394 0.11439 0.98072
1731053549.333606482 42.88121 -19.86415 -0.85326 0.03742 0.15411 0.11549 0.98057
1731053549.343606472 42.89632 -19.85958 -0.85540 0.03740 0.15462 0.11676 0.98034
1731053549.353606462 42.91148 -19.85479 -0.85713 0.03729 0.15555 0.11823 0.98002
1731053549.363606691 42.92673 -19.84970 -0.85833 0.03704 0.15686 0.11989 0.97962
1731053549.373606443 42.94204 -19.84436 -0.85909 0.03670 0.15839 0.12176 0.97915
1731053549.383606434 42.95736 -19.83884 -0.85957 0.03629 0.15995 0.12382 0.97866
1731053549.393606424 42.97266 -19.83317 -0.85986 0.03582 0.16138 0.12609 0.97815
1731053549.403606653 42.98801 -19.82734 -0.86002 0.03532 0.16259 0.12855 0.97765
1731053549.413606405 43.00348 -19.82135 -0.86010 0.03479 0.16352 0.13120 0.97716
1731053549.423606396 43.01913 -19.81516 -0.86012 0.03425 0.16411 0.13403 0.97669
1731053549.433606625 43.03487 -19.80881 -0.86007 0.03372 0.16440 0.13703 0.97625
1731053549.443606615 43.05048 -19.80232 -0.85987 0.03327 0.16449 0.14017 0.97580
1731053549.453606606 43.06577 -19.79573 -0.85948 0.03293 0.16447 0.14343 0.97534
1731053549.463606358 43.08061 -19.78904 -0.85889 0.03271 0.16447 0.14678 0.97485
1731053549.473606586 43.09496 -19.78217 -0.85816 0.03257 0.16459 0.15015 0.97432
1731053549.483606577 43.10883 -19.77502 -0.85736 0.03245 0.16495 0.15347 0.97375
1731053549.493606567 43.12223 -19.76755 -0.85654 0.03231 0.16565 0.15671 0.97312
1731053549.503606319 43.13525 -19.75984 -0.85573 0.03212 0.16668 0.15985 0.97244
1731053549.513606548 43.14799 -19.75201 -0.85494 0.03184 0.16803 0.16291 0.97171
1731053549.523606539 43.16058 -19.74420 -0.85418 0.03147 0.16968 0.16592 0.97092
1731053549.533606529 43.17311 -19.73652 -0.85347 0.03096 0.17161 0.16890 0.97009
1731053549.543606281 43.18569 -19.72907 -0.85282 0.03030 0.17378 0.17184 0.96920
1731053549.553606510 43.19834 -19.72183 -0.85225 0.02952 0.17607 0.17478 0.96829
1731053549.563606739 43.21107 -19.71474 -0.85177 0.02866 0.17838 0.17771 0.96736
1731053549.573606491 43.22389 -19.70777 -0.85139 0.02775 0.18055 0.18064 0.96644
1731053549.583606482 43.23680 -19.70086 -0.85115 0.02684 0.18248 0.18359 0.96554
1731053549.593606472 43.24982 -19.69393 -0.85103 0.02595 0.18405 0.18656 0.96470
1731053549.603606701 43.26290 -19.68685 -0.85089 0.02508 0.18521 0.18952 0.96392
1731053549.613606453 43.27600 -19.67943 -0.85060 0.02424 0.18594 0.19242 0.96323
1731053549.623606443 43.28909 -19.67153 -0.85001 0.02340 0.18622 0.19524 0.96263
1731053549.633606434 43.30222 -19.66328 -0.84925 0.02259 0.18604 0.19797 0.96213
1731053549.643606663 43.31550 -19.65500 -0.84864 0.02181 0.18543 0.20063 0.96171
1731053549.653606415 43.32905 -19.64702 -0.84845 0.02108 0.18443 0.20324 0.96137
1731053549.663606405 43.34293 -19.63943 -0.84885 0.02041 0.18308 0.20580 0.96110
1731053549.673606396 43.35716 -19.63207 -0.84975 0.01979 0.18145 0.20827 0.96089
1731053549.683606625 43.37176 -19.62470 -0.85107 0.01921 0.17961 0.21063 0.96073
1731053549.693606615 43.38672 -19.61716 -0.85270 0.01869 0.17763 0.21286 0.96062
1731053549.703606367 43.40195 -19.60949 -0.85455 0.01820 0.17556 0.21496 0.96054
1731053549.713606596 43.41733 -19.60178 -0.85651 0.01774 0.17346 0.21694 0.96049
1731053549.723606586 43.43275 -19.59411 -0.85849 0.01731 0.17137 0.21883 0.96044
1731053549.733606577 43.44812 -19.58658 -0.86038 0.01688 0.16935 0.22063 0.96039
1731053549.743606329 43.46333 -19.57925 -0.86210 0.01647 0.16745 0.22236 0.96034
1731053549.753606558 43.47839 -19.57212 -0.86365 0.01607 0.16569 0.22397 0.96028
1731053549.763606548 43.49334 -19.56516 -0.86506 0.01570 0.16409 0.22542 0.96021
1731053549.773606539 43.50820 -19.55834 -0.86633 0.01536 0.16270 0.22669 0.96016
1731053549.783606291 43.52300 -19.55164 -0.86749 0.01507 0.16153 0.22771 0.96012
1731053549.793606520 43.53777 -19.54502 -0.86854 0.01484 0.16060 0.22846 0.96010
1731053549.803606749 43.55252 -19.53853 -0.86944 0.01460 0.15986 0.22889 0.96012
1731053549.813606501 43.56726 -19.53218 -0.87011 0.01431 0.15926 0.22898 0.96021
1731053549.823606491 43.58200 -19.52602 -0.87049 0.01392 0.15874 0.22870 0.96037
1731053549.833606482 43.59678 -19.52004 -0.87060 0.01342 0.15823 0.22803 0.96062
1731053549.843606710 43.61165 -19.51422 -0.87053 0.01280 0.15770 0.22700 0.96096
1731053549.853606462 43.62665 -19.50856 -0.87033 0.01209 0.15710 0.22561 0.96139
1731053549.863606453 43.64180 -19.50302 -0.87003 0.01132 0.15639 0.22393 0.96191
1731053549.873606443 43.65705 -19.49756 -0.86954 0.01058 0.15563 0.22202 0.96248
1731053549.883606672 43.67235 -19.49210 -0.86877 0.00998 0.15487 0.21999 0.96308
1731053549.893606424 43.68765 -19.48663 -0.86765 0.00958 0.15414 0.21791 0.96367
1731053549.903606415 43.70295 -19.48116 -0.86624 0.00943 0.15348 0.21580 0.96425
1731053549.913606405 43.71823 -19.47576 -0.86461 0.00951 0.15293 0.21368 0.96481
1731053549.923606634 43.73349 -19.47046 -0.86286 0.00986 0.15252 0.21155 0.96534
1731053549.933606625 43.74873 -19.46532 -0.86105 0.01046 0.15230 0.20942 0.96583
1731053549.943606377 43.76394 -19.46039 -0.85927 0.01134 0.15229 0.20730 0.96629
1731053549.953606606 43.77911 -19.45565 -0.85751 0.01243 0.15246 0.20515 0.96670
1731053549.963606596 43.79424 -19.45108 -0.85579 0.01367 0.15279 0.20295 0.96710
1731053549.973606586 43.80932 -19.44667 -0.85408 0.01501 0.15325 0.20067 0.96748
1731053549.983606339 43.82434 -19.44240 -0.85240 0.01638 0.15380 0.19829 0.96786
1731053549.993606567 43.83932 -19.43824 -0.85078 0.01773 0.15443 0.19577 0.96825
1731053550.003606558 43.85435 -19.43412 -0.84941 0.01901 0.15516 0.19318 0.96863
1731053550.013606548 43.86953 -19.42994 -0.84853 0.02019 0.15605 0.19055 0.96898
1731053550.023606300 43.88495 -19.42563 -0.84833 0.02123 0.15712 0.18795 0.96930
1731053550.033606529 43.90053 -19.42122 -0.84868 0.02215 0.15836 0.18540 0.96957
1731053550.043606520 43.91608 -19.41682 -0.84920 0.02300 0.15972 0.18291 0.96980
1731053550.053606510 43.93141 -19.41253 -0.84953 0.02382 0.16116 0.18048 0.96999
1731053550.063606262 43.94644 -19.40841 -0.84951 0.02464 0.16263 0.17812 0.97016
1731053550.073606491 43.96127 -19.40439 -0.84931 0.02541 0.16407 0.17585 0.97031
1731053550.083606720 43.97603 -19.40040 -0.84917 0.02611 0.16542 0.17367 0.97046
1731053550.093606472 43.99079 -19.39639 -0.84923 0.02669 0.16664 0.17160 0.97060
1731053550.103606462 44.00551 -19.39242 -0.84948 0.02719 0.16774 0.16963 0.97075
1731053550.113606453 44.02011 -19.38857 -0.84984 0.02762 0.16878 0.16777 0.97088
1731053550.123606682 44.03452 -19.38492 -0.85027 0.02801 0.16977 0.16603 0.97099
1731053550.133606434 44.04882 -19.38138 -0.85080 0.02837 0.17066 0.16442 0.97110
1731053550.143606424 44.06318 -19.37778 -0.85151 0.02871 0.17130 0.16294 0.97123
1731053550.153606415 44.07779 -19.37392 -0.85250 0.02902 0.17158 0.16160 0.97139
1731053550.163606644 44.09276 -19.36972 -0.85378 0.02931 0.17142 0.16043 0.97161
1731053550.173606396 44.10808 -19.36517 -0.85523 0.02952 0.17084 0.15940 0.97187
1731053550.183606386 44.12377 -19.36030 -0.85672 0.02963 0.16986 0.15854 0.97218
1731053550.193606615 44.13979 -19.35514 -0.85813 0.02959 0.16854 0.15784 0.97253
1731053550.203606606 44.15605 -19.34976 -0.85947 0.02943 0.16695 0.15732 0.97289
1731053550.213606596 44.17244 -19.34427 -0.86074 0.02921 0.16520 0.15701 0.97324
1731053550.223606348 44.18885 -19.33874 -0.86198 0.02894 0.16340 0.15695 0.97357
1731053550.233606577 44.20516 -19.33327 -0.86319 0.02869 0.16165 0.15714 0.97383
1731053550.243606567 44.22128 -19.32793 -0.86439 0.02848 0.16002 0.15762 0.97403
1731053550.253606558 44.23723 -19.32270 -0.86556 0.02833 0.15852 0.15835 0.97416
1731053550.263606310 44.25304 -19.31754 -0.86665 0.02828 0.15708 0.15929 0.97425
1731053550.273606539 44.26874 -19.31243 -0.86764 0.02836 0.15566 0.16041 0.97429
1731053550.283606529 44.28437 -19.30731 -0.86848 0.02857 0.15423 0.16168 0.97430
1731053550.293606520 44.29996 -19.30214 -0.86917 0.02894 0.15277 0.16305 0.97429
1731053550.303606272 44.31554 -19.29678 -0.86976 0.02936 0.15135 0.16451 0.97425
1731053550.313606501 44.33115 -19.29106 -0.87032 0.02975 0.15007 0.16604 0.97418
1731053550.323606730 44.34682 -19.28484 -0.87092 0.02999 0.14902 0.16763 0.97406
1731053550.333606482 44.36253 -19.27823 -0.87147 0.03005 0.14817 0.16928 0.97390
1731053550.343606472 44.37822 -19.27150 -0.87177 0.02989 0.14743 0.17099 0.97372
1731053550.353606462 44.39386 -19.26490 -0.87166 0.02952 0.14669 0.17275 0.97353
1731053550.363606691 44.40942 -19.25853 -0.87105 0.02895 0.14588 0.17458 0.97335
1731053550.373606443 44.42488 -19.25218 -0.87008 0.02825 0.14497 0.17650 0.97316
1731053550.383606434 44.44026 -19.24564 -0.86888 0.02752 0.14394 0.17851 0.97296
1731053550.393606424 44.45554 -19.23875 -0.86757 0.02684 0.14279 0.18064 0.97276
1731053550.403606653 44.47071 -19.23156 -0.86615 0.02623 0.14155 0.18287 0.97254
1731053550.413606405 44.48572 -19.22419 -0.86464 0.02574 0.14026 0.18520 0.97230
1731053550.423606396 44.50055 -19.21675 -0.86302 0.02539 0.13898 0.18762 0.97203
1731053550.433606625 44.51516 -19.20936 -0.86128 0.02522 0.13774 0.19012 0.97172
1731053550.443606615 44.52954 -19.20210 -0.85944 0.02523 0.13660 0.19268 0.97138
1731053550.453606606 44.54370 -19.19496 -0.85751 0.02537 0.13552 0.19527 0.97101
1731053550.463606358 44.55767 -19.18790 -0.85551 0.02558 0.13448 0.19785 0.97063
1731053550.473606586 44.57150 -19.18088 -0.85346 0.02579 0.13344 0.20038 0.97024
1731053550.483606577 44.58520 -19.17386 -0.85139 0.02592 0.13238 0.20281 0.96988
1731053550.493606567 44.59879 -19.16679 -0.84932 0.02593 0.13125 0.20513 0.96955
1731053550.503606319 44.61213 -19.15965 -0.84725 0.02583 0.13002 0.20735 0.96924
1731053550.513606548 44.62507 -19.15238 -0.84518 0.02565 0.12864 0.20953 0.96896
1731053550.523606539 44.63748 -19.14495 -0.84312 0.02543 0.12705 0.21172 0.96870
1731053550.533606529 44.64952 -19.13740 -0.84112 0.02521 0.12524 0.21392 0.96846
1731053550.543606281 44.66154 -19.12985 -0.83929 0.02502 0.12319 0.21614 0.96824
1731053550.553606510 44.67392 -19.12238 -0.83772 0.02491 0.12087 0.21836 0.96803
1731053550.563606739 44.68682 -19.11506 -0.83644 0.02488 0.11831 0.22058 0.96785
1731053550.573606491 44.70010 -19.10783 -0.83542 0.02490 0.11559 0.22276 0.96768
1731053550.583606482 44.71361 -19.10065 -0.83462 0.02492 0.11279 0.22490 0.96751
1731053550.593606472 44.72723 -19.09345 -0.83402 0.02492 0.10998 0.22696 0.96735
1731053550.603606701 44.74096 -19.08615 -0.83365 0.02489 0.10714 0.22891 0.96721
1731053550.613606453 44.75487 -19.07863 -0.83361 0.02485 0.10420 0.23073 0.96710
1731053550.623606443 44.76899 -19.07082 -0.83394 0.02481 0.10113 0.23240 0.96703
1731053550.633606434 44.78331 -19.06279 -0.83461 0.02478 0.09795 0.23389 0.96700
1731053550.643606663 44.79773 -19.05477 -0.83551 0.02477 0.09475 0.23522 0.96700
1731053550.653606415 44.81217 -19.04695 -0.83654 0.02479 0.09159 0.23638 0.96702
1731053550.663606405 44.82663 -19.03942 -0.83764 0.02484 0.08853 0.23738 0.96705
1731053550.673606396 44.84120 -19.03202 -0.83882 0.02492 0.08557 0.23821 0.96712
1731053550.683606625 44.85596 -19.02460 -0.84012 0.02503 0.08270 0.23884 0.96721
1731053550.693606615 44.87099 -19.01703 -0.84155 0.02518 0.07991 0.23928 0.96733
1731053550.703606367 44.88624 -19.00936 -0.84307 0.02539 0.07719 0.23950 0.96749
1731053550.713606596 44.90164 -19.00169 -0.84463 0.02568 0.07451 0.23948 0.96770
1731053550.723606586 44.91709 -18.99411 -0.84616 0.02607 0.07186 0.23919 0.96796
1731053550.733606577 44.93254 -18.98671 -0.84763 0.02657 0.06920 0.23862 0.96828
1731053550.743606329 44.94790 -18.97957 -0.84897 0.02722 0.06654 0.23775 0.96866
1731053550.753606558 44.96321 -18.97270 -0.85018 0.02800 0.06387 0.23656 0.96911
1731053550.763606548 44.97848 -18.96605 -0.85125 0.02889 0.06123 0.23504 0.96962
1731053550.773606539 44.99375 -18.95963 -0.85215 0.02989 0.05865 0.23319 0.97020
1731053550.783606291 45.00905 -18.95341 -0.85289 0.03099 0.05616 0.23100 0.97084
1731053550.793606520 45.02441 -18.94738 -0.85342 0.03217 0.05377 0.22845 0.97154
1731053550.803606749 45.03982 -18.94160 -0.85368 0.03341 0.05150 0.22555 0.97229
1731053550.813606501 45.05529 -18.93618 -0.85356 0.03469 0.04938 0.22231 0.97311
1731053550.823606491 45.07080 -18.93116 -0.85297 0.03597 0.04742 0.21874 0.97397
1731053550.833606482 45.08637 -18.92650 -0.85197 0.03726 0.04560 0.21488 0.97486
1731053550.843606710 45.10200 -18.92205 -0.85075 0.03857 0.04386 0.21082 0.97578
1731053550.853606462 45.11771 -18.91766 -0.84948 0.03990 0.04216 0.20662 0.97670
1731053550.863606453 45.13350 -18.91323 -0.84824 0.04128 0.04047 0.20236 0.97760
1731053550.873606443 45.14933 -18.90873 -0.84701 0.04273 0.03883 0.19804 0.97849
1731053550.883606672 45.16520 -18.90415 -0.84573 0.04428 0.03726 0.19370 0.97935
1731053550.893606424 45.18108 -18.89948 -0.84437 0.04594 0.03581 0.18935 0.98018
1731053550.903606415 45.19693 -18.89479 -0.84295 0.04766 0.03455 0.18499 0.98098
1731053550.913606405 45.21274 -18.89016 -0.84151 0.04937 0.03353 0.18062 0.98174
1731053550.923606634 45.22845 -18.88568 -0.84009 0.05099 0.03283 0.17623 0.98248
1731053550.933606625 45.24405 -18.88144 -0.83872 0.05247 0.03251 0.17184 0.98319
1731053550.943606377 45.25951 -18.87748 -0.83744 0.05373 0.03263 0.16743 0.98388
1731053550.953606606 45.27484 -18.87379 -0.83627 0.05477 0.03318 0.16304 0.98454
1731053550.963606596 45.29006 -18.87031 -0.83522 0.05559 0.03415 0.15869 0.98517
1731053550.973606586 45.30521 -18.86696 -0.83431 0.05618 0.03552 0.15444 0.98576
1731053550.983606339 45.32029 -18.86370 -0.83356 0.05654 0.03727 0.15030 0.98632
1731053550.993606567 45.33534 -18.86047 -0.83299 0.05669 0.03935 0.14631 0.98683
1731053551.003606558 45.35035 -18.85721 -0.83263 0.05667 0.04161 0.14248 0.98730
1731053551.013606548 45.36535 -18.85388 -0.83252 0.05655 0.04388 0.13881 0.98773
1731053551.023606300 45.38033 -18.85044 -0.83269 0.05638 0.04598 0.13532 0.98813
1731053551.033606529 45.39532 -18.84688 -0.83314 0.05621 0.04787 0.13200 0.98850
1731053551.043606520 45.41034 -18.84325 -0.83380 0.05604 0.04957 0.12883 0.98884
1731053551.053606510 45.42542 -18.83958 -0.83463 0.05589 0.05113 0.12580 0.98916
1731053551.063606262 45.44058 -18.83588 -0.83561 0.05577 0.05253 0.12291 0.98946
1731053551.073606491 45.45582 -18.83214 -0.83680 0.05566 0.05372 0.12018 0.98973
1731053551.083606720 45.47115 -18.82832 -0.83824 0.05555 0.05461 0.11762 0.99000
1731053551.093606472 45.48656 -18.82444 -0.83995 0.05541 0.05518 0.11526 0.99025
1731053551.103606462 45.50203 -18.82060 -0.84184 0.05527 0.05558 0.11309 0.99049
1731053551.113606453 45.51752 -18.81696 -0.84378 0.05513 0.05598 0.11114 0.99069
1731053551.123606682 45.53301 -18.81363 -0.84565 0.05503 0.05655 0.10940 0.99086
1731053551.133606434 45.54853 -18.81051 -0.84750 0.05493 0.05732 0.10788 0.99099
1731053551.143606424 45.56410 -18.80731 -0.84948 0.05481 0.05823 0.10658 0.99108
1731053551.153606415 45.57978 -18.80376 -0.85173 0.05462 0.05920 0.10551 0.99115
1731053551.163606644 45.59559 -18.79972 -0.85432 0.05434 0.06020 0.10467 0.99119
1731053551.173606396 45.61151 -18.79529 -0.85716 0.05400 0.06125 0.10407 0.99121
1731053551.183606386 45.62749 -18.79058 -0.86016 0.05361 0.06234 0.10371 0.99120
1731053551.193606615 45.64352 -18.78569 -0.86324 0.05319 0.06350 0.10360 0.99116
1731053551.203606606 45.65956 -18.78066 -0.86634 0.05275 0.06470 0.10374 0.99109
1731053551.213606596 45.67559 -18.77553 -0.86942 0.05228 0.06594 0.10413 0.99100
1731053551.223606348 45.69157 -18.77033 -0.87244 0.05178 0.06718 0.10476 0.99087
1731053551.233606577 45.70749 -18.76508 -0.87537 0.05125 0.06840 0.10564 0.99072
1731053551.243606567 45.72331 -18.75981 -0.87815 0.05070 0.06961 0.10676 0.99055
1731053551.253606558 45.73904 -18.75450 -0.88079 0.05013 0.07091 0.10812 0.99034
1731053551.263606310 45.75469 -18.74911 -0.88330 0.04955 0.07242 0.10972 0.99008
1731053551.273606539 45.77027 -18.74361 -0.88568 0.04895 0.07426 0.11155 0.98977
1731053551.283606529 45.78579 -18.73796 -0.88794 0.04836 0.07654 0.11362 0.98939
1731053551.293606520 45.80124 -18.73214 -0.89007 0.04775 0.07936 0.11590 0.98893
1731053551.303606272 45.81651 -18.72612 -0.89196 0.04707 0.08256 0.11836 0.98841
1731053551.313606501 45.83150 -18.71988 -0.89352 0.04621 0.08599 0.12095 0.98785
1731053551.323606730 45.84611 -18.71339 -0.89465 0.04511 0.08947 0.12362 0.98726
1731053551.333606482 45.86042 -18.70668 -0.89544 0.04382 0.09298 0.12636 0.98664
1731053551.343606472 45.87463 -18.69981 -0.89613 0.04250 0.09659 0.12916 0.98599
1731053551.353606462 45.88895 -18.69285 -0.89694 0.04130 0.10035 0.13203 0.98529
1731053551.363606691 45.90346 -18.68582 -0.89797 0.04027 0.10429 0.13498 0.98452
1731053551.373606443 45.91803 -18.67870 -0.89912 0.03932 0.10841 0.13806 0.98369
1731053551.383606434 45.93253 -18.67146 -0.90028 0.03832 0.11266 0.14129 0.98279
1731053551.393606424 45.94682 -18.66408 -0.90135 0.03720 0.11704 0.14470 0.98183
1731053551.403606653 45.96090 -18.65654 -0.90236 0.03599 0.12151 0.14818 0.98081
1731053551.413606405 45.97476 -18.64881 -0.90336 0.03477 0.12605 0.15165 0.97975
1731053551.423606396 45.98840 -18.64090 -0.90440 0.03359 0.13065 0.15498 0.97866
1731053551.433606625 46.00188 -18.63287 -0.90549 0.03244 0.13526 0.15817 0.97756
1731053551.443606615 46.01525 -18.62483 -0.90660 0.03128 0.13987 0.16126 0.97645
1731053551.453606606 46.02858 -18.61690 -0.90773 0.03005 0.14442 0.16429 0.97532
1731053551.463606358 46.04195 -18.60910 -0.90886 0.02873 0.14885 0.16728 0.97419
1731053551.473606586 46.05537 -18.60125 -0.91003 0.02733 0.15305 0.17026 0.97306
1731053551.483606577 46.06888 -18.59316 -0.91127 0.02588 0.15691 0.17325 0.97195
1731053551.493606567 46.08250 -18.58472 -0.91262 0.02439 0.16033 0.17628 0.97089
1731053551.503606319 46.09621 -18.57600 -0.91405 0.02291 0.16329 0.17932 0.96988
1731053551.513606548 46.11000 -18.56716 -0.91557 0.02146 0.16579 0.18234 0.96892
1731053551.523606539 46.12385 -18.55833 -0.91715 0.02009 0.16782 0.18532 0.96803
1731053551.533606529 46.13774 -18.54967 -0.91877 0.01883 0.16940 0.18823 0.96722
1731053551.543606281 46.15163 -18.54129 -0.92043 0.01770 0.17052 0.19105 0.96649
1731053551.553606510 46.16550 -18.53320 -0.92210 0.01671 0.17120 0.19378 0.96585
1731053551.563606739 46.17929 -18.52536 -0.92377 0.01585 0.17147 0.19640 0.96528
1731053551.573606491 46.19296 -18.51775 -0.92542 0.01511 0.17135 0.19892 0.96480
1731053551.583606482 46.20647 -18.51035 -0.92704 0.01448 0.17087 0.20133 0.96440
1731053551.593606472 46.21980 -18.50312 -0.92862 0.01396 0.17005 0.20362 0.96407
1731053551.603606701 46.23303 -18.49602 -0.93016 0.01354 0.16897 0.20578 0.96380
1731053551.613606453 46.24628 -18.48897 -0.93168 0.01324 0.16769 0.20782 0.96360
1731053551.623606443 46.25967 -18.48194 -0.93317 0.01305 0.16629 0.20970 0.96343
1731053551.633606434 46.27331 -18.47486 -0.93466 0.01297 0.16484 0.21144 0.96330
1731053551.643606663 46.28729 -18.46769 -0.93613 0.01300 0.16340 0.21300 0.96320
1731053551.653606415 46.30158 -18.46046 -0.93757 0.01316 0.16197 0.21438 0.96314
1731053551.663606405 46.31611 -18.45323 -0.93896 0.01346 0.16052 0.21555 0.96311
1731053551.673606396 46.33082 -18.44604 -0.94026 0.01390 0.15903 0.21649 0.96314
1731053551.683606625 46.34566 -18.43895 -0.94144 0.01450 0.15749 0.21718 0.96323
1731053551.693606615 46.36057 -18.43196 -0.94246 0.01525 0.15588 0.21759 0.96339
1731053551.703606367 46.37561 -18.42492 -0.94316 0.01610 0.15426 0.21766 0.96362
1731053551.713606596 46.39085 -18.41761 -0.94337 0.01698 0.15269 0.21734 0.96393
1731053551.723606586 46.40632 -18.40987 -0.94295 0.01783 0.15123 0.21658 0.96431
1731053551.733606577 46.42199 -18.40189 -0.94201 0.01861 0.14988 0.21537 0.96478
1731053551.743606329 46.43775 -18.39408 -0.94084 0.01928 0.14862 0.21373 0.96533
1731053551.753606558 46.45348 -18.38686 -0.93975 0.01984 0.14741 0.21166 0.96596
1731053551.763606548 46.46916 -18.38040 -0.93889 0.02025 0.14627 0.20923 0.96665
1731053551.773606539 46.48489 -18.37445 -0.93822 0.02055 0.14524 0.20654 0.96738
1731053551.783606291 46.50077 -18.36874 -0.93768 0.02073 0.14435 0.20371 0.96811
1731053551.793606520 46.51687 -18.36307 -0.93720 0.02081 0.14367 0.20084 0.96881
1731053551.803606749 46.53314 -18.35743 -0.93675 0.02083 0.14321 0.19794 0.96947
1731053551.813606501 46.54945 -18.35190 -0.93630 0.02083 0.14302 0.19502 0.97009
1731053551.823606491 46.56571 -18.34654 -0.93583 0.02085 0.14311 0.19207 0.97067
1731053551.833606482 46.58179 -18.34141 -0.93530 0.02091 0.14352 0.18910 0.97119
1731053551.843606710 46.59762 -18.33658 -0.93470 0.02106 0.14425 0.18610 0.97166
1731053551.853606462 46.61321 -18.33201 -0.93406 0.02125 0.14531 0.18304 0.97207
1731053551.863606453 46.62857 -18.32769 -0.93342 0.02146 0.14667 0.17990 0.97245
1731053551.873606443 46.64373 -18.32357 -0.93283 0.02165 0.14831 0.17664 0.97280
1731053551.883606672 46.65873 -18.31964 -0.93234 0.02178 0.15022 0.17324 0.97311
1731053551.893606424 46.67358 -18.31585 -0.93198 0.02183 0.15237 0.16967 0.97341
1731053551.903606415 46.68820 -18.31222 -0.93176 0.02182 0.15477 0.16599 0.97366
1731053551.913606405 46.70251 -18.30872 -0.93169 0.02177 0.15739 0.16227 0.97387
1731053551.923606634 46.71645 -18.30536 -0.93177 0.02173 0.16023 0.15857 0.97402
1731053551.933606625 46.73011 -18.30208 -0.93199 0.02173 0.16323 0.15493 0.97411
1731053551.943606377 46.74369 -18.29882 -0.93233 0.02181 0.16628 0.15135 0.97415
1731053551.953606606 46.75740 -18.29550 -0.93279 0.02201 0.16929 0.14783 0.97417
1731053551.963606596 46.77134 -18.29209 -0.93337 0.02234 0.17213 0.14440 0.97418
1731053551.973606586 46.78546 -18.28861 -0.93409 0.02282 0.17468 0.14105 0.97420
1731053551.983606339 46.79970 -18.28508 -0.93499 0.02343 0.17680 0.13778 0.97427
1731053551.993606567 46.81400 -18.28152 -0.93608 0.02416 0.17838 0.13460 0.97441
1731053552.003606558 46.82846 -18.27788 -0.93732 0.02496 0.17943 0.13155 0.97462
1731053552.013606548 46.84319 -18.27411 -0.93868 0.02579 0.17997 0.12865 0.97488
1731053552.023606300 46.85827 -18.27017 -0.94010 0.02658 0.18003 0.12594 0.97520
1731053552.033606529 46.87366 -18.26607 -0.94160 0.02734 0.17970 0.12341 0.97557
1731053552.043606520 46.88919 -18.26187 -0.94324 0.02806 0.17905 0.12107 0.97596
1731053552.053606510 46.90473 -18.25763 -0.94505 0.02877 0.17818 0.11888 0.97637
1731053552.063606262 46.92016 -18.25341 -0.94706 0.02945 0.17719 0.11683 0.97677
1731053552.073606491 46.93546 -18.24921 -0.94918 0.03005 0.17616 0.11495 0.97716
1731053552.083606720 46.95063 -18.24507 -0.95135 0.03051 0.17520 0.11323 0.97752
1731053552.093606472 46.96565 -18.24100 -0.95350 0.03079 0.17438 0.11168 0.97784
1731053552.103606462 46.98059 -18.23695 -0.95563 0.03091 0.17369 0.11031 0.97811
1731053552.113606453 46.99555 -18.23286 -0.95773 0.03088 0.17310 0.10914 0.97835
1731053552.123606682 47.01059 -18.22869 -0.95982 0.03075 0.17258 0.10817 0.97855
1731053552.133606434 47.02580 -18.22437 -0.96191 0.03054 0.17212 0.10740 0.97873
1731053552.143606424 47.04124 -18.21987 -0.96397 0.03028 0.17168 0.10685 0.97887
1731053552.153606415 47.05688 -18.21519 -0.96599 0.03001 0.17125 0.10652 0.97899
1731053552.163606644 47.07264 -18.21036 -0.96791 0.02980 0.17082 0.10639 0.97909
1731053552.173606396 47.08848 -18.20538 -0.96969 0.02968 0.17037 0.10648 0.97916
1731053552.183606386 47.10432 -18.20028 -0.97128 0.02972 0.16989 0.10678 0.97921
1731053552.193606615 47.12013 -18.19506 -0.97262 0.02995 0.16938 0.10727 0.97924
1731053552.203606606 47.13595 -18.18960 -0.97358 0.03032 0.16887 0.10796 0.97924
1731053552.213606596 47.15186 -18.18378 -0.97402 0.03077 0.16841 0.10881 0.97921
1731053552.223606348 47.16790 -18.17748 -0.97382 0.03124 0.16805 0.10982 0.97914
1731053552.233606577 47.18405 -18.17080 -0.97305 0.03167 0.16770 0.11099 0.97906
1731053552.243606567 47.20021 -18.16393 -0.97194 0.03201 0.16720 0.11238 0.97897
1731053552.253606558 47.21629 -18.15710 -0.97071 0.03220 0.16639 0.11401 0.97892
1731053552.263606310 47.23222 -18.15038 -0.96948 0.03222 0.16519 0.11589 0.97890
1731053552.273606539 47.24795 -18.14365 -0.96816 0.03211 0.16367 0.11794 0.97891
1731053552.283606529 47.26343 -18.13676 -0.96667 0.03192 0.16190 0.12011 0.97895
1731053552.293606520 47.27864 -18.12959 -0.96494 0.03167 0.15996 0.12232 0.97900
1731053552.303606272 47.29358 -18.12219 -0.96300 0.03140 0.15797 0.12458 0.97905
1731053552.313606501 47.30826 -18.11460 -0.96092 0.03111 0.15604 0.12687 0.97907
1731053552.323606730 47.32270 -18.10690 -0.95874 0.03083 0.15430 0.12921 0.97905
1731053552.333606482 47.33690 -18.09915 -0.95653 0.03056 0.15287 0.13159 0.97897
1731053552.343606472 47.35089 -18.09140 -0.95433 0.03031 0.15184 0.13402 0.97881
1731053552.353606462 47.36469 -18.08365 -0.95217 0.03005 0.15121 0.13649 0.97857
1731053552.363606691 47.37834 -18.07588 -0.95004 0.02974 0.15096 0.13900 0.97827
1731053552.373606443 47.39186 -18.06809 -0.94795 0.02934 0.15106 0.14153 0.97790
1731053552.383606434 47.40529 -18.06026 -0.94591 0.02881 0.15148 0.14408 0.97748
1731053552.393606424 47.41864 -18.05235 -0.94395 0.02810 0.15217 0.14664 0.97701
1731053552.403606653 47.43191 -18.04430 -0.94214 0.02724 0.15301 0.14922 0.97651
1731053552.413606405 47.44507 -18.03598 -0.94061 0.02622 0.15387 0.15183 0.97600
1731053552.423606396 47.45810 -18.02732 -0.93943 0.02506 0.15461 0.15449 0.97550
1731053552.433606625 47.47105 -18.01841 -0.93858 0.02380 0.15517 0.15718 0.97501
1731053552.443606615 47.48406 -18.00948 -0.93795 0.02247 0.15553 0.15991 0.97454
1731053552.453606606 47.49721 -18.00074 -0.93741 0.02112 0.15565 0.16267 0.97410
1731053552.463606358 47.51059 -17.99230 -0.93692 0.01980 0.15551 0.16544 0.97368
1731053552.473606586 47.52416 -17.98407 -0.93650 0.01853 0.15506 0.16818 0.97331
1731053552.483606577 47.53788 -17.97593 -0.93620 0.01735 0.15427 0.17087 0.97299
1731053552.493606567 47.55174 -17.96781 -0.93608 0.01631 0.15309 0.17347 0.97273
1731053552.503606319 47.56574 -17.95962 -0.93618 0.01541 0.15156 0.17596 0.97254
1731053552.513606548 47.57991 -17.95130 -0.93659 0.01469 0.14974 0.17832 0.97240
1731053552.523606539 47.59426 -17.94282 -0.93734 0.01417 0.14767 0.18053 0.97232
1731053552.533606529 47.60876 -17.93421 -0.93838 0.01385 0.14540 0.18258 0.97228
1731053552.543606281 47.62336 -17.92562 -0.93959 0.01371 0.14297 0.18447 0.97229
1731053552.553606510 47.63800 -17.91717 -0.94085 0.01375 0.14044 0.18619 0.97233
1731053552.563606739 47.65264 -17.90893 -0.94207 0.01393 0.13785 0.18776 0.97239
1731053552.573606491 47.66731 -17.90086 -0.94328 0.01424 0.13529 0.18915 0.97248
1731053552.583606482 47.68203 -17.89291 -0.94449 0.01461 0.13284 0.19037 0.97257
1731053552.593606472 47.69681 -17.88503 -0.94571 0.01503 0.13056 0.19139 0.97268
1731053552.603606701 47.71166 -17.87719 -0.94692 0.01551 0.12848 0.19217 0.97279
1731053552.613606453 47.72662 -17.86932 -0.94807 0.01606 0.12664 0.19266 0.97293
1731053552.623606443 47.74168 -17.86140 -0.94915 0.01669 0.12506 0.19280 0.97309
1731053552.633606434 47.75681 -17.85348 -0.95011 0.01739 0.12372 0.19259 0.97329
1731053552.643606663 47.77198 -17.84569 -0.95095 0.01809 0.12257 0.19206 0.97353
1731053552.653606415 47.78712 -17.83816 -0.95165 0.01873 0.12156 0.19122 0.97381
1731053552.663606405 47.80223 -17.83096 -0.95219 0.01931 0.12068 0.19010 0.97413
1731053552.673606396 47.81735 -17.82406 -0.95260 0.01985 0.11993 0.18865 0.97449
1731053552.683606625 47.83251 -17.81742 -0.95290 0.02039 0.11931 0.18685 0.97490
1731053552.693606615 47.84777 -17.81101 -0.95308 0.02095 0.11884 0.18470 0.97536
1731053552.703606367 47.86305 -17.80477 -0.95301 0.02149 0.11851 0.18223 0.97585
1731053552.713606596 47.87829 -17.79864 -0.95253 0.02195 0.11829 0.17950 0.97637
1731053552.723606586 47.89342 -17.79255 -0.95149 0.02227 0.11818 0.17656 0.97692
1731053552.733606577 47.90848 -17.78656 -0.95000 0.02248 0.11822 0.17347 0.97746
1731053552.743606329 47.92356 -17.78076 -0.94833 0.02264 0.11849 0.17033 0.97798
1731053552.753606558 47.93873 -17.77527 -0.94674 0.02282 0.11906 0.16720 0.97844
1731053552.763606548 47.95403 -17.77014 -0.94539 0.02306 0.11997 0.16413 0.97885
1731053552.773606539 47.96940 -17.76535 -0.94425 0.02340 0.12114 0.16109 0.97920
1731053552.783606291 47.98478 -17.76086 -0.94330 0.02387 0.12252 0.15806 0.97951
1731053552.793606520 48.00009 -17.75663 -0.94250 0.02447 0.12405 0.15502 0.97979
1731053552.803606749 48.01535 -17.75263 -0.94180 0.02518 0.12569 0.15195 0.98004
1731053552.813606501 48.03052 -17.74881 -0.94119 0.02593 0.12744 0.14884 0.98027
1731053552.823606491 48.04562 -17.74514 -0.94061 0.02667 0.12926 0.14569 0.98049
1731053552.833606482 48.06064 -17.74158 -0.94004 0.02735 0.13114 0.14247 0.98069
1731053552.843606710 48.07558 -17.73808 -0.93944 0.02792 0.13307 0.13919 0.98089
1731053552.853606462 48.09044 -17.73465 -0.93886 0.02840 0.13506 0.13588 0.98107
1731053552.863606453 48.10524 -17.73127 -0.93833 0.02883 0.13711 0.13257 0.98122
1731053552.873606443 48.11998 -17.72794 -0.93790 0.02924 0.13923 0.12930 0.98135
1731053552.883606672 48.13467 -17.72464 -0.93763 0.02966 0.14144 0.12610 0.98143
1731053552.893606424 48.14932 -17.72138 -0.93754 0.03011 0.14372 0.12301 0.98148
1731053552.903606415 48.16392 -17.71817 -0.93768 0.03058 0.14595 0.12003 0.98151
1731053552.913606405 48.17846 -17.71501 -0.93806 0.03100 0.14797 0.11715 0.98154
1731053552.923606634 48.19294 -17.71192 -0.93871 0.03135 0.14964 0.11437 0.98160
1731053552.933606625 48.20742 -17.70886 -0.93963 0.03166 0.15094 0.11168 0.98170
1731053552.943606377 48.22203 -17.70573 -0.94082 0.03201 0.15188 0.10910 0.98184
1731053552.953606606 48.23688 -17.70248 -0.94226 0.03248 0.15250 0.10662 0.98200
1731053552.963606596 48.25202 -17.69906 -0.94394 0.03310 0.15284 0.10426 0.98218
1731053552.973606586 48.26740 -17.69553 -0.94580 0.03379 0.15295 0.10200 0.98237
1731053552.983606339 48.28295 -17.69194 -0.94782 0.03450 0.15289 0.09985 0.98258
1731053552.993606567 48.29862 -17.68833 -0.94995 0.03516 0.15269 0.09781 0.98279
1731053553.003606558 48.31440 -17.68472 -0.95216 0.03578 0.15238 0.09588 0.98301
1731053553.013606548 48.33027 -17.68110 -0.95445 0.03636 0.15197 0.09406 0.98323
1731053553.023606300 48.34623 -17.67749 -0.95679 0.03692 0.15145 0.09237 0.98345
1731053553.033606529 48.36229 -17.67388 -0.95916 0.03746 0.15085 0.09080 0.98366
1731053553.043606520 48.37842 -17.67027 -0.96154 0.03800 0.15017 0.08938 0.98388
1731053553.053606510 48.39462 -17.66667 -0.96392 0.03855 0.14941 0.08809 0.98409
1731053553.063606262 48.41090 -17.66307 -0.96628 0.03912 0.14859 0.08695 0.98429
1731053553.073606491 48.42724 -17.65949 -0.96860 0.03973 0.14772 0.08597 0.98448
1731053553.083606720 48.44363 -17.65592 -0.97086 0.04037 0.14681 0.08514 0.98467
1731053553.093606472 48.46004 -17.65237 -0.97303 0.04106 0.14585 0.08448 0.98484
1731053553.103606462 48.47630 -17.64884 -0.97499 0.04182 0.14483 0.08399 0.98500
1731053553.113606453 48.49222 -17.64536 -0.97660 0.04264 0.14372 0.08367 0.98515
1731053553.123606682 48.50761 -17.64192 -0.97775 0.04354 0.14250 0.08352 0.98530
1731053553.133606434 48.52262 -17.63851 -0.97852 0.04450 0.14121 0.08351 0.98545
1731053553.143606424 48.53757 -17.63507 -0.97910 0.04552 0.13993 0.08360 0.98557
1731053553.153606415 48.55280 -17.63157 -0.97972 0.04660 0.13874 0.08376 0.98568
1731053553.163606644 48.56847 -17.62799 -0.98042 0.04768 0.13768 0.08395 0.98576
1731053553.173606396 48.58446 -17.62432 -0.98109 0.04864 0.13673 0.08418 0.98583
1731053553.183606386 48.60062 -17.62060 -0.98157 0.04938 0.13587 0.08446 0.98588
1731053553.193606615 48.61685 -17.61679 -0.98173 0.04982 0.13506 0.08479 0.98594
1731053553.203606606 48.63322 -17.61281 -0.98161 0.04996 0.13427 0.08515 0.98601
1731053553.213606596 48.64984 -17.60854 -0.98126 0.04987 0.13344 0.08551 0.98610
1731053553.223606348 48.66681 -17.60386 -0.98075 0.04961 0.13251 0.08586 0.98621
1731053553.233606577 48.68400 -17.59890 -0.98010 0.04921 0.13152 0.08617 0.98633
1731053553.243606567 48.70111 -17.59394 -0.97935 0.04873 0.13051 0.08645 0.98647
1731053553.253606558 48.71789 -17.58925 -0.97851 0.04819 0.12956 0.08669 0.98660
1731053553.263606310 48.73417 -17.58493 -0.97761 0.04766 0.12876 0.08689 0.98671
1731053553.273606539 48.75000 -17.58084 -0.97668 0.04721 0.12829 0.08706 0.98678
1731053553.283606529 48.76545 -17.57682 -0.97577 0.04690 0.12834 0.08724 0.98677
1731053553.293606520 48.78058 -17.57272 -0.97491 0.04679 0.12902 0.08744 0.98667
1731053553.303606272 48.79547 -17.56855 -0.97410 0.04685 0.13028 0.08763 0.98649
1731053553.313606501 48.81021 -17.56436 -0.97334 0.04704 0.13201 0.08780 0.98623
1731053553.323606730 48.82488 -17.56017 -0.97262 0.04731 0.13410 0.08793 0.98592
1731053553.333606482 48.83956 -17.55603 -0.97196 0.04762 0.13643 0.08798 0.98558
1731053553.343606472 48.85433 -17.55197 -0.97134 0.04791 0.13891 0.08795 0.98523
1731053553.353606462 48.86920 -17.54800 -0.97079 0.04815 0.14144 0.08784 0.98487
1731053553.363606691 48.88417 -17.54411 -0.97031 0.04832 0.14392 0.08768 0.98451
1731053553.373606443 48.89926 -17.54031 -0.96994 0.04835 0.14626 0.08747 0.98418
1731053553.383606434 48.91445 -17.53659 -0.96967 0.04824 0.14837 0.08725 0.98389
1731053553.393606424 48.92976 -17.53296 -0.96953 0.04793 0.15018 0.08703 0.98365
1731053553.403606653 48.94516 -17.52940 -0.96949 0.04747 0.15170 0.08679 0.98346
1731053553.413606405 48.96066 -17.52591 -0.96952 0.04689 0.15295 0.08653 0.98332
1731053553.423606396 48.97623 -17.52247 -0.96960 0.04621 0.15395 0.08621 0.98323
1731053553.433606625 48.99189 -17.51909 -0.96977 0.04544 0.15466 0.08584 0.98318
1731053553.443606615 49.00769 -17.51574 -0.97013 0.04456 0.15500 0.08543 0.98320
1731053553.453606606 49.02366 -17.51242 -0.97078 0.04357 0.15489 0.08496 0.98331
1731053553.463606358 49.03981 -17.50914 -0.97176 0.04249 0.15430 0.08445 0.98349
1731053553.473606586 49.05612 -17.50590 -0.97298 0.04142 0.15333 0.08391 0.98373
1731053553.483606577 49.07254 -17.50272 -0.97436 0.04050 0.15206 0.08334 0.98402
1731053553.493606567 49.08906 -17.49961 -0.97582 0.03981 0.15059 0.08274 0.98432
1731053553.503606319 49.10565 -17.49657 -0.97733 0.03936 0.14897 0.08209 0.98464
1731053553.513606548 49.12230 -17.49363 -0.97886 0.03914 0.14725 0.08136 0.98497
1731053553.523606539 49.13899 -17.49079 -0.98041 0.03915 0.14547 0.08051 0.98530
1731053553.533606529 49.15570 -17.48806 -0.98196 0.03936 0.14369 0.07952 0.98564
1731053553.543606281 49.17242 -17.48544 -0.98347 0.03979 0.14195 0.07836 0.98597
1731053553.553606510 49.18914 -17.48296 -0.98494 0.04041 0.14029 0.07698 0.98629
1731053553.563606739 49.20582 -17.48061 -0.98635 0.04122 0.13877 0.07537 0.98659
1731053553.573606491 49.22247 -17.47842 -0.98767 0.04220 0.13744 0.07349 0.98688
1731053553.583606482 49.23907 -17.47638 -0.98888 0.04336 0.13633 0.07130 0.98714
1731053553.593606472 49.25560 -17.47450 -0.98996 0.04466 0.13548 0.06879 0.98738
1731053553.603606701 49.27212 -17.47278 -0.99080 0.04606 0.13481 0.06594 0.98760
1731053553.613606453 49.28869 -17.47118 -0.99130 0.04751 0.13423 0.06277 0.98782
1731053553.623606443 49.30537 -17.46970 -0.99135 0.04895 0.13364 0.05927 0.98804
1731053553.633606434 49.32216 -17.46834 -0.99102 0.05035 0.13307 0.05549 0.98827
1731053553.643606663 49.33901 -17.46713 -0.99045 0.05172 0.13262 0.05150 0.98848
1731053553.653606415 49.35588 -17.46607 -0.98978 0.05305 0.13236 0.04737 0.98865
1731053553.663606405 49.37273 -17.46520 -0.98910 0.05436 0.13233 0.04314 0.98877
1731053553.673606396 49.38952 -17.46453 -0.98835 0.05569 0.13243 0.03885 0.98886
1731053553.683606625 49.40621 -17.46408 -0.98747 0.05708 0.13256 0.03454 0.98893
1731053553.693606615 49.42277 -17.46385 -0.98641 0.05856 0.13262 0.03022 0.98897
1731053553.703606367 49.43920 -17.46382 -0.98520 0.06010 0.13258 0.02591 0.98901
1731053553.713606596 49.45554 -17.46396 -0.98385 0.06168 0.13241 0.02158 0.98904
1731053553.723606586 49.47180 -17.46426 -0.98240 0.06324 0.13207 0.01723 0.98907
1731053553.733606577 49.48801 -17.46468 -0.98088 0.06476 0.13155 0.01284 0.98911
1731053553.743606329 49.50419 -17.46519 -0.97931 0.06620 0.13084 0.00843 0.98915
1731053553.753606558 49.52034 -17.46579 -0.97772 0.06759 0.13001 0.00402 0.98920
1731053553.763606548 49.53647 -17.46647 -0.97614 0.06896 0.12916 -0.00033 0.98922
1731053553.773606539 49.55258 -17.46723 -0.97459 0.07034 0.12840 -0.00456 0.98921
1731053553.783606291 49.56867 -17.46805 -0.97309 0.07178 0.12782 -0.00862 0.98916
1731053553.793606520 49.58473 -17.46894 -0.97167 0.07327 0.12750 -0.01249 0.98905
1731053553.803606749 49.60074 -17.46992 -0.97029 0.07478 0.12742 -0.01618 0.98889
1731053553.813606501 49.61667 -17.47100 -0.96891 0.07621 0.12752 -0.01974 0.98871
1731053553.823606491 49.63248 -17.47223 -0.96753 0.07752 0.12775 -0.02321 0.98850
1731053553.833606482 49.64822 -17.47356 -0.96618 0.07869 0.12805 -0.02663 0.98828
1731053553.843606710 49.66396 -17.47493 -0.96500 0.07976 0.12836 -0.03003 0.98806
1731053553.853606462 49.67978 -17.47630 -0.96411 0.08078 0.12861 -0.03345 0.98783
1731053553.863606453 49.69572 -17.47762 -0.96355 0.08175 0.12876 -0.03689 0.98761
1731053553.873606443 49.71178 -17.47892 -0.96327 0.08264 0.12881 -0.04035 0.98740
1731053553.883606672 49.72792 -17.48020 -0.96320 0.08339 0.12877 -0.04378 0.98719
1731053553.893606424 49.74415 -17.48148 -0.96330 0.08398 0.12864 -0.04719 0.98700
1731053553.903606415 49.76055 -17.48276 -0.96366 0.08446 0.12840 -0.05053 0.98683
1731053553.913606405 49.77724 -17.48402 -0.96438 0.08489 0.12800 -0.05381 0.98667
1731053553.923606634 49.79429 -17.48527 -0.96556 0.08533 0.12740 -0.05700 0.98653
1731053553.933606625 49.81164 -17.48652 -0.96712 0.08576 0.12661 -0.06009 0.98641
1731053553.943606377 49.82907 -17.48778 -0.96885 0.08613 0.12563 -0.06309 0.98632
1731053553.953606606 49.84640 -17.48908 -0.97053 0.08636 0.12448 -0.06599 0.98625
1731053553.963606596 49.86351 -17.49043 -0.97204 0.08645 0.12317 -0.06879 0.98622
1731053553.973606586 49.88050 -17.49185 -0.97340 0.08640 0.12169 -0.07148 0.98621
1731053553.983606339 49.89745 -17.49334 -0.97462 0.08626 0.12005 -0.07405 0.98624
1731053553.993606567 49.91444 -17.49492 -0.97574 0.08604 0.11825 -0.07647 0.98629
1731053554.003606558 49.93144 -17.49654 -0.97677 0.08577 0.11637 -0.07874 0.98636
1731053554.013606548 49.94841 -17.49817 -0.97775 0.08547 0.11444 -0.08082 0.98644
1731053554.023606300 49.96531 -17.49978 -0.97868 0.08515 0.11255 -0.08271 0.98653
1731053554.033606529 49.98209 -17.50132 -0.97961 0.08483 0.11076 -0.08439 0.98662
1731053554.043606520 49.99874 -17.50277 -0.98054 0.08453 0.10913 -0.08583 0.98670
1731053554.053606510 50.01526 -17.50413 -0.98146 0.08424 0.10775 -0.08707 0.98677
1731053554.063606262 50.03171 -17.50539 -0.98232 0.08396 0.10669 -0.08814 0.98681
1731053554.073606491 50.04811 -17.50658 -0.98311 0.08369 0.10605 -0.08907 0.98682
1731053554.083606720 50.06450 -17.50770 -0.98379 0.08344 0.10589 -0.08988 0.98679
1731053554.093606472 50.08091 -17.50876 -0.98433 0.08319 0.10629 -0.09061 0.98670
1731053554.103606462 50.09733 -17.50978 -0.98477 0.08293 0.10717 -0.09131 0.98656
1731053554.113606453 50.11372 -17.51077 -0.98511 0.08267 0.10845 -0.09202 0.98637
1731053554.123606682 50.13007 -17.51177 -0.98538 0.08238 0.11006 -0.09279 0.98615
1731053554.133606434 50.14636 -17.51275 -0.98558 0.08209 0.11191 -0.09358 0.98589
1731053554.143606424 50.16257 -17.51367 -0.98573 0.08184 0.11395 -0.09436 0.98560
1731053554.153606415 50.17871 -17.51451 -0.98579 0.08165 0.11610 -0.09507 0.98530
1731053554.163606644 50.19476 -17.51523 -0.98576 0.08153 0.11831 -0.09567 0.98499
1731053554.173606396 50.21072 -17.51582 -0.98557 0.08138 0.12049 -0.09619 0.98469
1731053554.183606386 50.22659 -17.51626 -0.98516 0.08115 0.12255 -0.09663 0.98441
1731053554.193606615 50.24237 -17.51655 -0.98447 0.08075 0.12443 -0.09701 0.98417
1731053554.203606606 50.25807 -17.51669 -0.98353 0.08020 0.12612 -0.09733 0.98397
1731053554.213606596 50.27372 -17.51670 -0.98241 0.07951 0.12762 -0.09759 0.98380
1731053554.223606348 50.28931 -17.51661 -0.98113 0.07871 0.12894 -0.09779 0.98368
1731053554.233606577 50.30488 -17.51642 -0.97976 0.07782 0.13008 -0.09792 0.98358
1731053554.243606567 50.32042 -17.51616 -0.97833 0.07685 0.13106 -0.09799 0.98352
1731053554.253606558 50.33596 -17.51584 -0.97691 0.07583 0.13187 -0.09800 0.98349
1731053554.263606310 50.35152 -17.51548 -0.97553 0.07478 0.13252 -0.09794 0.98349
1731053554.273606539 50.36709 -17.51509 -0.97424 0.07372 0.13302 -0.09781 0.98352
1731053554.283606529 50.38271 -17.51470 -0.97310 0.07267 0.13337 -0.09762 0.98357
1731053554.293606520 50.39837 -17.51430 -0.97214 0.07165 0.13357 -0.09736 0.98364
1731053554.303606272 50.41400 -17.51386 -0.97137 0.07071 0.13363 -0.09708 0.98373
1731053554.313606501 50.42953 -17.51329 -0.97079 0.06989 0.13353 -0.09680 0.98383
1731053554.323606730 50.44490 -17.51255 -0.97040 0.06924 0.13327 -0.09656 0.98393
1731053554.333606482 50.46016 -17.51170 -0.97020 0.06875 0.13282 -0.09638 0.98404
1731053554.343606472 50.47545 -17.51086 -0.97019 0.06837 0.13217 -0.09623 0.98417
1731053554.353606462 50.49092 -17.51015 -0.97036 0.06806 0.13127 -0.09610 0.98433
1731053554.363606691 50.50665 -17.50965 -0.97072 0.06778 0.13011 -0.09600 0.98451
1731053554.373606443 50.52264 -17.50934 -0.97123 0.06751 0.12868 -0.09597 0.98472
1731053554.383606434 50.53888 -17.50920 -0.97186 0.06723 0.12699 -0.09603 0.98495
1731053554.393606424 50.55534 -17.50920 -0.97260 0.06692 0.12504 -0.09621 0.98521
1731053554.403606653 50.57198 -17.50930 -0.97345 0.06658 0.12290 -0.09648 0.98547
1731053554.413606405 50.58875 -17.50946 -0.97441 0.06623 0.12064 -0.09680 0.98574
1731053554.423606396 50.60559 -17.50965 -0.97549 0.06587 0.11833 -0.09713 0.98601
1731053554.433606625 50.62245 -17.50981 -0.97670 0.06550 0.11606 -0.09744 0.98628
1731053554.443606615 50.63928 -17.50991 -0.97804 0.06513 0.11389 -0.09769 0.98653
1731053554.453606606 50.65608 -17.50996 -0.97948 0.06476 0.11185 -0.09789 0.98677
1731053554.463606358 50.67286 -17.50997 -0.98099 0.06437 0.10999 -0.09807 0.98699
1731053554.473606586 50.68961 -17.50994 -0.98253 0.06395 0.10833 -0.09825 0.98718
1731053554.483606577 50.70635 -17.50989 -0.98408 0.06349 0.10692 -0.09846 0.98734
1731053554.493606567 50.72307 -17.50982 -0.98557 0.06299 0.10577 -0.09870 0.98747
1731053554.503606319 50.73966 -17.50973 -0.98693 0.06247 0.10487 -0.09898 0.98757
1731053554.513606548 50.75602 -17.50960 -0.98804 0.06196 0.10419 -0.09929 0.98765
1731053554.523606539 50.77204 -17.50943 -0.98882 0.06147 0.10371 -0.09962 0.98769
1731053554.533606529 50.78781 -17.50923 -0.98931 0.06104 0.10345 -0.09998 0.98771
1731053554.543606281 50.80350 -17.50900 -0.98967 0.06068 0.10342 -0.10039 0.98770
1731053554.553606510 50.81929 -17.50878 -0.99004 0.06043 0.10366 -0.10086 0.98764
1731053554.563606739 50.83528 -17.50855 -0.99048 0.06029 0.10420 -0.10139 0.98754
1731053554.573606491 50.85140 -17.50831 -0.99094 0.06024 0.10501 -0.10191 0.98740
1731053554.583606482 50.86758 -17.50805 -0.99134 0.06027 0.10611 -0.10239 0.98723
1731053554.593606472 50.88373 -17.50774 -0.99163 0.06035 0.10747 -0.10278 0.98704
1731053554.603606701 50.89981 -17.50740 -0.99186 0.06046 0.10900 -0.10306 0.98683
1731053554.613606453 50.91579 -17.50703 -0.99211 0.06056 0.11061 -0.10320 0.98663
1731053554.623606443 50.93163 -17.50663 -0.99244 0.06063 0.11221 -0.10320 0.98645
1731053554.633606434 50.94735 -17.50620 -0.99279 0.06068 0.11374 -0.10308 0.98628
1731053554.643606663 50.96301 -17.50572 -0.99302 0.06076 0.11520 -0.10290 0.98613
1731053554.653606415 50.97866 -17.50517 -0.99298 0.06094 0.11657 -0.10271 0.98598
1731053554.663606405 50.99431 -17.50456 -0.99260 0.06123 0.11788 -0.10254 0.98582
1731053554.673606396 51.00993 -17.50391 -0.99191 0.06160 0.11914 -0.10240 0.98566
1731053554.683606625 51.02548 -17.50325 -0.99097 0.06199 0.12039 -0.10230 0.98549
1731053554.693606615 51.04091 -17.50261 -0.98981 0.06238 0.12166 -0.10222 0.98532
1731053554.703606367 51.05626 -17.50197 -0.98852 0.06274 0.12294 -0.10217 0.98514
1731053554.713606596 51.07154 -17.50135 -0.98718 0.06308 0.12422 -0.10212 0.98497
1731053554.723606586 51.08679 -17.50073 -0.98588 0.06337 0.12549 -0.10207 0.98479
1731053554.733606577 51.10204 -17.50011 -0.98469 0.06361 0.12673 -0.10200 0.98463
1731053554.743606329 51.11732 -17.49949 -0.98369 0.06379 0.12794 -0.10190 0.98447
1731053554.753606558 51.13265 -17.49887 -0.98288 0.06391 0.12907 -0.10175 0.98433
1731053554.763606548 51.14806 -17.49825 -0.98224 0.06399 0.13009 -0.10155 0.98421
1731053554.773606539 51.16356 -17.49764 -0.98177 0.06403 0.13098 -0.10128 0.98412
1731053554.783606291 51.17918 -17.49704 -0.98145 0.06403 0.13170 -0.10094 0.98406
1731053554.793606520 51.19494 -17.49646 -0.98127 0.06400 0.13221 -0.10051 0.98403
1731053554.803606749 51.21088 -17.49590 -0.98131 0.06391 0.13247 -0.10001 0.98406
1731053554.813606501 51.22706 -17.49537 -0.98161 0.06375 0.13243 -0.09944 0.98413
1731053554.823606491 51.24351 -17.49488 -0.98224 0.06347 0.13207 -0.09882 0.98426
1731053554.833606482 51.26020 -17.49440 -0.98316 0.06311 0.13138 -0.09815 0.98444
1731053554.843606710 51.27705 -17.49390 -0.98424 0.06270 0.13042 -0.09743 0.98467
1731053554.853606462 51.29397 -17.49334 -0.98537 0.06228 0.12925 -0.09666 0.98492
1731053554.863606453 51.31093 -17.49271 -0.98651 0.06186 0.12791 -0.09584 0.98520
1731053554.873606443 51.32790 -17.49203 -0.98768 0.06143 0.12648 -0.09497 0.98550
1731053554.883606672 51.34490 -17.49134 -0.98895 0.06097 0.12503 -0.09405 0.98580
1731053554.893606424 51.36193 -17.49066 -0.99035 0.06045 0.12363 -0.09307 0.98610
1731053554.903606415 51.37896 -17.49000 -0.99187 0.05989 0.12228 -0.09204 0.98640
1731053554.913606405 51.39598 -17.48934 -0.99346 0.05927 0.12099 -0.09095 0.98670
1731053554.923606634 51.41297 -17.48869 -0.99510 0.05861 0.11975 -0.08981 0.98699
1731053554.933606625 51.42991 -17.48803 -0.99675 0.05791 0.11857 -0.08862 0.98729
1731053554.943606377 51.44679 -17.48736 -0.99839 0.05718 0.11744 -0.08738 0.98758
1731053554.953606606 51.46359 -17.48667 -0.99998 0.05642 0.11636 -0.08608 0.98786
1731053554.963606596 51.48029 -17.48595 -1.00149 0.05564 0.11534 -0.08473 0.98814
1731053554.973606586 51.49687 -17.48521 -1.00288 0.05484 0.11437 -0.08333 0.98842
1731053554.983606339 51.51332 -17.48442 -1.00413 0.05403 0.11346 -0.08189 0.98869
1731053554.993606567 51.52962 -17.48360 -1.00522 0.05322 0.11261 -0.08039 0.98895
1731053555.003606558 51.54575 -17.48276 -1.00621 0.05244 0.11186 -0.07886 0.98920
1731053555.013606548 51.56171 -17.48194 -1.00720 0.05175 0.11124 -0.07728 0.98943
1731053555.023606300 51.57748 -17.48116 -1.00824 0.05116 0.11081 -0.07568 0.98963
1731053555.033606529 51.59313 -17.48040 -1.00926 0.05064 0.11055 -0.07402 0.98982
1731053555.043606520 51.60876 -17.47958 -1.01011 0.05006 0.11043 -0.07226 0.98999
1731053555.053606510 51.62446 -17.47866 -1.01059 0.04930 0.11041 -0.07038 0.99016
1731053555.063606262 51.64026 -17.47759 -1.01064 0.04836 0.11047 -0.06837 0.99035
1731053555.073606491 51.65605 -17.47637 -1.01031 0.04737 0.11059 -0.06628 0.99052
1731053555.083606720 51.67171 -17.47503 -1.00964 0.04650 0.11074 -0.06418 0.99068
1731053555.093606472 51.68716 -17.47356 -1.00871 0.04586 0.11094 -0.06213 0.99082
1731053555.103606462 51.70241 -17.47198 -1.00758 0.04545 0.11128 -0.06010 0.99093
1731053555.113606453 51.71752 -17.47028 -1.00632 0.04525 0.11186 -0.05808 0.99099
1731053555.123606682 51.73254 -17.46846 -1.00499 0.04522 0.11279 -0.05604 0.99101
1731053555.133606434 51.74751 -17.46653 -1.00365 0.04532 0.11418 -0.05396 0.99096
1731053555.143606424 51.76249 -17.46449 -1.00237 0.04553 0.11610 -0.05183 0.99084
1731053555.153606415 51.77747 -17.46234 -1.00116 0.04579 0.11850 -0.04968 0.99065
1731053555.163606644 51.79246 -17.46012 -1.00000 0.04606 0.12129 -0.04753 0.99041
1731053555.173606396 51.80746 -17.45784 -0.99891 0.04629 0.12438 -0.04543 0.99011
1731053555.183606386 51.82246 -17.45552 -0.99787 0.04643 0.12767 -0.04340 0.98978
1731053555.193606615 51.83749 -17.45318 -0.99692 0.04644 0.13107 -0.04148 0.98942
1731053555.203606606 51.85263 -17.45084 -0.99619 0.04627 0.13441 -0.03965 0.98905
1731053555.213606596 51.86800 -17.44856 -0.99583 0.04589 0.13753 -0.03787 0.98871
1731053555.223606348 51.88367 -17.44635 -0.99600 0.04528 0.14027 -0.03614 0.98842
1731053555.233606577 51.89959 -17.44419 -0.99658 0.04446 0.14262 -0.03442 0.98818
1731053555.243606567 51.91558 -17.44205 -0.99735 0.04351 0.14462 -0.03271 0.98799
1731053555.253606558 51.93147 -17.43988 -0.99803 0.04249 0.14637 -0.03098 0.98783
1731053555.263606310 51.94719 -17.43764 -0.99855 0.04144 0.14786 -0.02924 0.98771
1731053555.273606539 51.96281 -17.43538 -0.99901 0.04037 0.14904 -0.02753 0.98762
1731053555.283606529 51.97843 -17.43311 -0.99957 0.03929 0.14982 -0.02586 0.98759
1731053555.293606520 51.99411 -17.43086 -1.00032 0.03822 0.15015 -0.02428 0.98763
1731053555.303606272 52.00980 -17.42862 -1.00124 0.03720 0.15008 -0.02278 0.98771
1731053555.313606501 52.02542 -17.42638 -1.00225 0.03628 0.14967 -0.02135 0.98784
1731053555.323606730 52.04091 -17.42412 -1.00328 0.03552 0.14898 -0.02000 0.98800
1731053555.333606482 52.05633 -17.42186 -1.00436 0.03493 0.14810 -0.01869 0.98818
1731053555.343606472 52.07179 -17.41958 -1.00557 0.03447 0.14710 -0.01741 0.98837
1731053555.353606462 52.08745 -17.41731 -1.00703 0.03412 0.14606 -0.01613 0.98856
1731053555.363606691 52.10334 -17.41505 -1.00875 0.03388 0.14503 -0.01484 0.98874
1731053555.373606443 52.11938 -17.41281 -1.01067 0.03373 0.14401 -0.01355 0.98891
1731053555.383606434 52.13549 -17.41058 -1.01274 0.03367 0.14298 -0.01227 0.98908
1731053555.393606424 52.15161 -17.40837 -1.01488 0.03371 0.14193 -0.01102 0.98924
1731053555.403606653 52.16776 -17.40620 -1.01706 0.03381 0.14082 -0.00983 0.98941
1731053555.413606405 52.18403 -17.40410 -1.01923 0.03392 0.13957 -0.00873 0.98959
1731053555.423606396 52.20045 -17.40208 -1.02136 0.03400 0.13815 -0.00774 0.98980
1731053555.433606625 52.21696 -17.40013 -1.02337 0.03401 0.13650 -0.00689 0.99003
1731053555.443606615 52.23340 -17.39819 -1.02517 0.03397 0.13460 -0.00617 0.99030
1731053555.453606606 52.24962 -17.39623 -1.02666 0.03385 0.13239 -0.00558 0.99060
1731053555.463606358 52.26556 -17.39424 -1.02782 0.03367 0.12989 -0.00514 0.99094
1731053555.473606586 52.28129 -17.39226 -1.02871 0.03348 0.12717 -0.00488 0.99130
1731053555.483606577 52.29690 -17.39034 -1.02943 0.03331 0.12429 -0.00483 0.99167
1731053555.493606567 52.31247 -17.38853 -1.03005 0.03321 0.12136 -0.00502 0.99204
1731053555.503606319 52.32806 -17.38688 -1.03061 0.03319 0.11858 -0.00541 0.99237
1731053555.513606548 52.34370 -17.38546 -1.03112 0.03324 0.11618 -0.00595 0.99265
1731053555.523606539 52.35943 -17.38431 -1.03161 0.03339 0.11435 -0.00659 0.99286
1731053555.533606529 52.37519 -17.38339 -1.03198 0.03367 0.11314 -0.00727 0.99298
1731053555.543606281 52.39089 -17.38260 -1.03207 0.03417 0.11243 -0.00794 0.99304
1731053555.553606510 52.40640 -17.38185 -1.03172 0.03496 0.11215 -0.00856 0.99304
1731053555.563606739 52.42170 -17.38108 -1.03091 0.03607 0.11218 -0.00910 0.99299
1731053555.573606491 52.43685 -17.38032 -1.02982 0.03745 0.11243 -0.00962 0.99291
1731053555.583606482 52.45194 -17.37960 -1.02863 0.03900 0.11279 -0.01017 0.99280
1731053555.593606472 52.46705 -17.37894 -1.02751 0.04068 0.11318 -0.01080 0.99268
1731053555.603606701 52.48218 -17.37834 -1.02649 0.04244 0.11360 -0.01152 0.99255
1731053555.613606453 52.49732 -17.37782 -1.02557 0.04424 0.11407 -0.01234 0.99241
1731053555.623606443 52.51247 -17.37737 -1.02474 0.04604 0.11461 -0.01326 0.99225
1731053555.633606434 52.52761 -17.37701 -1.02401 0.04781 0.11523 -0.01429 0.99208
1731053555.643606663 52.54275 -17.37673 -1.02337 0.04950 0.11596 -0.01542 0.99190
1731053555.653606415 52.55787 -17.37654 -1.02283 0.05108 0.11681 -0.01666 0.99170
1731053555.663606405 52.57296 -17.37644 -1.02238 0.05251 0.11781 -0.01802 0.99148
1731053555.673606396 52.58801 -17.37645 -1.02202 0.05376 0.11897 -0.01949 0.99125
1731053555.683606625 52.60303 -17.37655 -1.02175 0.05478 0.12031 -0.02109 0.99100
1731053555.693606615 52.61797 -17.37676 -1.02157 0.05556 0.12183 -0.02282 0.99073
1731053555.703606367 52.63277 -17.37706 -1.02148 0.05620 0.12346 -0.02462 0.99045
1731053555.713606596 52.64730 -17.37741 -1.02147 0.05680 0.12510 -0.02648 0.99016
1731053555.723606586 52.66148 -17.37780 -1.02155 0.05748 0.12666 -0.02833 0.98987
1731053555.733606577 52.67545 -17.37824 -1.02176 0.05825 0.12809 -0.03019 0.98959
1731053555.743606329 52.68946 -17.37875 -1.02217 0.05909 0.12935 -0.03207 0.98932
1731053555.753606558 52.70380 -17.37935 -1.02287 0.05996 0.13040 -0.03398 0.98906
1731053555.763606548 52.71860 -17.38007 -1.02389 0.06084 0.13122 -0.03592 0.98883
1731053555.773606539 52.73383 -17.38092 -1.02526 0.06175 0.13183 -0.03784 0.98862
1731053555.783606291 52.74942 -17.38191 -1.02699 0.06270 0.13222 -0.03970 0.98844
1731053555.793606520 52.76530 -17.38304 -1.02907 0.06369 0.13241 -0.04144 0.98828
1731053555.803606749 52.78143 -17.38429 -1.03144 0.06468 0.13245 -0.04308 0.98814
1731053555.813606501 52.79772 -17.38562 -1.03401 0.06563 0.13238 -0.04462 0.98802
1731053555.823606491 52.81412 -17.38700 -1.03670 0.06649 0.13225 -0.04607 0.98791
1731053555.833606482 52.83056 -17.38838 -1.03942 0.06720 0.13210 -0.04745 0.98782
1731053555.843606710 52.84699 -17.38974 -1.04211 0.06772 0.13198 -0.04876 0.98773
1731053555.853606462 52.86342 -17.39107 -1.04476 0.06805 0.13193 -0.04996 0.98766
1731053555.863606453 52.87985 -17.39238 -1.04738 0.06819 0.13198 -0.05101 0.98759
1731053555.873606443 52.89632 -17.39367 -1.04996 0.06812 0.13219 -0.05186 0.98752
1731053555.883606672 52.91284 -17.39494 -1.05252 0.06785 0.13259 -0.05247 0.98745
1731053555.893606424 52.92940 -17.39619 -1.05506 0.06739 0.13320 -0.05280 0.98738
1731053555.903606415 52.94590 -17.39738 -1.05757 0.06682 0.13401 -0.05286 0.98731
1731053555.913606405 52.96221 -17.39846 -1.06004 0.06621 0.13498 -0.05267 0.98723
1731053555.923606634 52.97821 -17.39937 -1.06247 0.06566 0.13607 -0.05224 0.98714
1731053555.933606625 52.99395 -17.40015 -1.06482 0.06520 0.13729 -0.05159 0.98703
1731053555.943606377 53.00961 -17.40086 -1.06705 0.06481 0.13867 -0.05077 0.98691
1731053555.953606606 53.02533 -17.40157 -1.06913 0.06449 0.14023 -0.04980 0.98676
1731053555.963606596 53.04121 -17.40229 -1.07101 0.06421 0.14195 -0.04871 0.98659
1731053555.973606586 53.05720 -17.40299 -1.07265 0.06392 0.14373 -0.04752 0.98641
1731053555.983606339 53.07323 -17.40363 -1.07402 0.06355 0.14550 -0.04626 0.98623
1731053555.993606567 53.08929 -17.40417 -1.07508 0.06305 0.14715 -0.04493 0.98608
1731053556.003606558 53.10540 -17.40460 -1.07579 0.06241 0.14858 -0.04356 0.98597
1731053556.013606548 53.12165 -17.40492 -1.07611 0.06163 0.14967 -0.04213 0.98591
1731053556.023606300 53.13809 -17.40514 -1.07601 0.06070 0.15032 -0.04064 0.98594
1731053556.033606529 53.15462 -17.40525 -1.07556 0.05967 0.15055 -0.03910 0.98602
1731053556.043606520 53.17102 -17.40524 -1.07489 0.05862 0.15051 -0.03749 0.98616
1731053556.053606510 53.18708 -17.40510 -1.07415 0.05763 0.15030 -0.03581 0.98631
1731053556.063606262 53.20273 -17.40483 -1.07339 0.05677 0.15004 -0.03406 0.98646
1731053556.073606491 53.21806 -17.40442 -1.07259 0.05609 0.14983 -0.03223 0.98659
1731053556.083606720 53.23318 -17.40387 -1.07171 0.05562 0.14979 -0.03032 0.98669
1731053556.093606472 53.24818 -17.40318 -1.07072 0.05539 0.14999 -0.02835 0.98673
1731053556.103606462 53.26310 -17.40236 -1.06963 0.05538 0.15041 -0.02631 0.98672
1731053556.113606453 53.27796 -17.40144 -1.06849 0.05553 0.15102 -0.02422 0.98667
1731053556.123606682 53.29278 -17.40044 -1.06731 0.05581 0.15177 -0.02207 0.98659
1731053556.133606434 53.30756 -17.39935 -1.06614 0.05615 0.15263 -0.01989 0.98649
1731053556.143606424 53.32233 -17.39822 -1.06500 0.05653 0.15356 -0.01768 0.98636
1731053556.153606415 53.33710 -17.39704 -1.06393 0.05688 0.15451 -0.01544 0.98623
1731053556.163606644 53.35190 -17.39584 -1.06295 0.05717 0.15545 -0.01318 0.98610
1731053556.173606396 53.36673 -17.39464 -1.06211 0.05734 0.15633 -0.01092 0.98598
1731053556.183606386 53.38161 -17.39345 -1.06143 0.05736 0.15712 -0.00865 0.98588
1731053556.193606615 53.39657 -17.39227 -1.06093 0.05718 0.15779 -0.00640 0.98580
1731053556.203606606 53.41160 -17.39111 -1.06062 0.05684 0.15840 -0.00417 0.98573
1731053556.213606596 53.42672 -17.38993 -1.06050 0.05638 0.15903 -0.00198 0.98566
1731053556.223606348 53.44193 -17.38871 -1.06055 0.05585 0.15972 0.00015 0.98558
1731053556.233606577 53.45724 -17.38749 -1.06079 0.05526 0.16049 0.00219 0.98549
1731053556.243606567 53.47261 -17.38633 -1.06127 0.05460 0.16126 0.00411 0.98539
1731053556.253606558 53.48804 -17.38531 -1.06202 0.05387 0.16199 0.00589 0.98530
1731053556.263606310 53.50349 -17.38445 -1.06303 0.05307 0.16262 0.00748 0.98523
1731053556.273606539 53.51896 -17.38375 -1.06426 0.05219 0.16314 0.00889 0.98518
1731053556.283606529 53.53442 -17.38320 -1.06566 0.05123 0.16351 0.01011 0.98516
1731053556.293606520 53.54985 -17.38277 -1.06719 0.05021 0.16374 0.01112 0.98516
1731053556.303606272 53.56528 -17.38246 -1.06886 0.04914 0.16388 0.01195 0.98518
1731053556.313606501 53.58075 -17.38228 -1.07065 0.04805 0.16400 0.01261 0.98521
1731053556.323606730 53.59628 -17.38221 -1.07260 0.04698 0.16418 0.01313 0.98522
1731053556.333606482 53.61193 -17.38227 -1.07470 0.04595 0.16449 0.01352 0.98521
1731053556.343606472 53.62771 -17.38244 -1.07695 0.04499 0.16500 0.01381 0.98517
1731053556.353606462 53.64360 -17.38272 -1.07931 0.04411 0.16565 0.01396 0.98510
1731053556.363606691 53.65958 -17.38311 -1.08173 0.04332 0.16638 0.01395 0.98501
1731053556.373606443 53.67562 -17.38360 -1.08415 0.04263 0.16714 0.01376 0.98492
1731053556.383606434 53.69168 -17.38419 -1.08651 0.04205 0.16785 0.01337 0.98482
1731053556.393606424 53.70773 -17.38489 -1.08877 0.04158 0.16847 0.01274 0.98475
1731053556.403606653 53.72378 -17.38571 -1.09094 0.04118 0.16896 0.01184 0.98469
1731053556.413606405 53.73980 -17.38668 -1.09302 0.04078 0.16933 0.01065 0.98466
1731053556.423606396 53.75581 -17.38783 -1.09503 0.04036 0.16954 0.00913 0.98465
1731053556.433606625 53.77179 -17.38914 -1.09693 0.03986 0.16962 0.00728 0.98468
1731053556.443606615 53.78774 -17.39059 -1.09863 0.03928 0.16960 0.00511 0.98472
1731053556.453606606 53.80366 -17.39213 -1.10006 0.03860 0.16953 0.00265 0.98477
1731053556.463606358 53.81955 -17.39375 -1.10118 0.03783 0.16943 -0.00008 0.98482
1731053556.473606586 53.83539 -17.39547 -1.10199 0.03706 0.16933 -0.00295 0.98486
1731053556.483606577 53.85118 -17.39730 -1.10251 0.03636 0.16928 -0.00586 0.98488
1731053556.493606567 53.86690 -17.39926 -1.10275 0.03581 0.16930 -0.00873 0.98488
1731053556.503606319 53.88254 -17.40132 -1.10278 0.03548 0.16942 -0.01153 0.98484
1731053556.513606548 53.89808 -17.40345 -1.10265 0.03539 0.16967 -0.01430 0.98476
1731053556.523606539 53.91350 -17.40565 -1.10241 0.03562 0.17007 -0.01703 0.98464
1731053556.533606529 53.92877 -17.40789 -1.10213 0.03619 0.17065 -0.01975 0.98447
1731053556.543606281 53.94389 -17.41014 -1.10186 0.03714 0.17144 -0.02247 0.98424
1731053556.553606510 53.95884 -17.41241 -1.10158 0.03839 0.17240 -0.02521 0.98395
1731053556.563606739 53.97361 -17.41472 -1.10129 0.03983 0.17354 -0.02800 0.98362
1731053556.573606491 53.98822 -17.41707 -1.10096 0.04137 0.17482 -0.03087 0.98325
1731053556.583606482 54.00263 -17.41948 -1.10057 0.04289 0.17622 -0.03385 0.98283
1731053556.593606472 54.01687 -17.42195 -1.10012 0.04432 0.17773 -0.03694 0.98239
1731053556.603606701 54.03098 -17.42448 -1.09964 0.04564 0.17935 -0.04011 0.98191
1731053556.613606453 54.04499 -17.42706 -1.09914 0.04683 0.18108 -0.04331 0.98140
1731053556.623606443 54.05897 -17.42968 -1.09868 0.04792 0.18294 -0.04650 0.98085
1731053556.633606434 54.07296 -17.43232 -1.09828 0.04889 0.18491 -0.04962 0.98028
1731053556.643606663 54.08700 -17.43498 -1.09797 0.04974 0.18701 -0.05263 0.97969
1731053556.653606415 54.10110 -17.43764 -1.09774 0.05051 0.18911 -0.05553 0.97908
1731053556.663606405 54.11526 -17.44030 -1.09760 0.05121 0.19112 -0.05835 0.97849
1731053556.673606396 54.12948 -17.44292 -1.09754 0.05187 0.19291 -0.06108 0.97794
1731053556.683606625 54.14375 -17.44551 -1.09755 0.05252 0.19437 -0.06375 0.97745
1731053556.693606615 54.15807 -17.44806 -1.09762 0.05317 0.19539 -0.06637 0.97703
1731053556.703606367 54.17249 -17.45056 -1.09778 0.05382 0.19597 -0.06892 0.97670
1731053556.713606596 54.18704 -17.45302 -1.09801 0.05447 0.19611 -0.07137 0.97646
1731053556.723606586 54.20176 -17.45547 -1.09833 0.05510 0.19581 -0.07372 0.97631
1731053556.733606577 54.21669 -17.45791 -1.09874 0.05571 0.19507 -0.07593 0.97626
1731053556.743606329 54.23185 -17.46034 -1.09925 0.05627 0.19391 -0.07801 0.97629
1731053556.753606558 54.24723 -17.46275 -1.09986 0.05678 0.19237 -0.07993 0.97641
1731053556.763606548 54.26281 -17.46514 -1.10055 0.05718 0.19049 -0.08173 0.97661
1731053556.773606539 54.27855 -17.46749 -1.10132 0.05745 0.18831 -0.08339 0.97687
1731053556.783606291 54.29443 -17.46979 -1.10216 0.05755 0.18589 -0.08494 0.97720
1731053556.793606520 54.31042 -17.47203 -1.10307 0.05747 0.18328 -0.08638 0.97757
1731053556.803606749 54.32652 -17.47422 -1.10401 0.05721 0.18052 -0.08769 0.97798
1731053556.813606501 54.34270 -17.47639 -1.10496 0.05679 0.17771 -0.08886 0.97842
1731053556.823606491 54.35896 -17.47857 -1.10588 0.05623 0.17489 -0.08988 0.97886
1731053556.833606482 54.37530 -17.48076 -1.10675 0.05554 0.17214 -0.09074 0.97931
1731053556.843606710 54.39170 -17.48299 -1.10754 0.05474 0.16952 -0.09141 0.97975
1731053556.853606462 54.40813 -17.48524 -1.10823 0.05385 0.16701 -0.09189 0.98019
1731053556.863606453 54.42460 -17.48746 -1.10883 0.05289 0.16459 -0.09214 0.98062
1731053556.873606443 54.44106 -17.48962 -1.10931 0.05186 0.16223 -0.09215 0.98107
1731053556.883606672 54.45752 -17.49169 -1.10969 0.05080 0.15991 -0.09189 0.98153
1731053556.893606424 54.47398 -17.49363 -1.10996 0.04972 0.15760 -0.09136 0.98201
1731053556.903606415 54.49062 -17.49531 -1.11022 0.04863 0.15532 -0.09057 0.98250
1731053556.913606405 54.50766 -17.49662 -1.11057 0.04757 0.15308 -0.08955 0.98300
1731053556.923606634 54.52529 -17.49745 -1.11112 0.04657 0.15090 -0.08833 0.98349
1731053556.933606625 54.54335 -17.49787 -1.11173 0.04560 0.14877 -0.08690 0.98399
1731053556.943606377 54.56147 -17.49808 -1.11216 0.04464 0.14669 -0.08523 0.98449
1731053556.953606606 54.57927 -17.49828 -1.11215 0.04365 0.14465 -0.08330 0.98500
1731053556.963606596 54.59654 -17.49857 -1.11157 0.04264 0.14262 -0.08109 0.98553
1731053556.973606586 54.61331 -17.49889 -1.11050 0.04164 0.14057 -0.07866 0.98606
1731053556.983606339 54.62965 -17.49919 -1.10902 0.04070 0.13846 -0.07603 0.98661
1731053556.993606567 54.64562 -17.49939 -1.10723 0.03987 0.13628 -0.07324 0.98716
1731053557.003606558 54.66130 -17.49947 -1.10521 0.03916 0.13410 -0.07032 0.98769
1731053557.013606548 54.67680 -17.49940 -1.10307 0.03858 0.13204 -0.06731 0.98820
1731053557.023606300 54.69221 -17.49917 -1.10091 0.03813 0.13021 -0.06422 0.98867
1731053557.033606529 54.70761 -17.49875 -1.09882 0.03784 0.12870 -0.06109 0.98908
1731053557.043606520 54.72309 -17.49812 -1.09689 0.03770 0.12762 -0.05794 0.98941
1731053557.053606510 54.73862 -17.49730 -1.09512 0.03770 0.12699 -0.05477 0.98967
1731053557.063606262 54.75418 -17.49634 -1.09351 0.03782 0.12685 -0.05160 0.98986
1731053557.073606491 54.76973 -17.49525 -1.09206 0.03804 0.12721 -0.04844 0.98996
1731053557.083606720 54.78523 -17.49408 -1.09076 0.03834 0.12810 -0.04527 0.98999
1731053557.093606472 54.80068 -17.49285 -1.08961 0.03869 0.12950 -0.04213 0.98993
1731053557.103606462 54.81616 -17.49162 -1.08857 0.03900 0.13125 -0.03901 0.98981
1731053557.113606453 54.83178 -17.49043 -1.08762 0.03918 0.13315 -0.03596 0.98967
1731053557.123606682 54.84766 -17.48933 -1.08674 0.03915 0.13500 -0.03297 0.98952
1731053557.133606434 54.86373 -17.48832 -1.08595 0.03889 0.13671 -0.03006 0.98939
1731053557.143606424 54.87986 -17.48736 -1.08529 0.03848 0.13820 -0.02722 0.98928
1731053557.153606415 54.89591 -17.48641 -1.08481 0.03796 0.13944 -0.02445 0.98920
1731053557.163606644 54.91181 -17.48547 -1.08455 0.03740 0.14038 -0.02175 0.98915
1731053557.173606396 54.92765 -17.48457 -1.08452 0.03679 0.14101 -0.01912 0.98914
1731053557.183606386 54.94350 -17.48374 -1.08473 0.03617 0.14132 -0.01656 0.98916
1731053557.193606615 54.95945 -17.48301 -1.08517 0.03554 0.14129 -0.01410 0.98923
1731053557.203606606 54.97547 -17.48244 -1.08577 0.03492 0.14092 -0.01174 0.98934
1731053557.213606596 54.99155 -17.48207 -1.08644 0.03436 0.14021 -0.00949 0.98948
1731053557.223606348 55.00767 -17.48194 -1.08709 0.03385 0.13919 -0.00735 0.98966
1731053557.233606577 55.02383 -17.48202 -1.08775 0.03343 0.13789 -0.00535 0.98987
1731053557.243606567 55.04008 -17.48221 -1.08851 0.03308 0.13641 -0.00349 0.99009
1731053557.253606558 55.05647 -17.48242 -1.08947 0.03280 0.13483 -0.00180 0.99032
1731053557.263606310 55.07301 -17.48262 -1.09065 0.03260 0.13321 -0.00027 0.99055
1731053557.273606539 55.08966 -17.48282 -1.09197 0.03249 0.13153 0.00109 0.99078
1731053557.283606529 55.10639 -17.48307 -1.09334 0.03247 0.12974 0.00228 0.99101
1731053557.293606520 55.12314 -17.48341 -1.09468 0.03255 0.12786 0.00333 0.99125
1731053557.303606272 55.13982 -17.48390 -1.09585 0.03267 0.12593 0.00423 0.99149
1731053557.313606501 55.15635 -17.48462 -1.09672 0.03277 0.12403 0.00498 0.99172
1731053557.323606730 55.17263 -17.48563 -1.09718 0.03279 0.12224 0.00559 0.99194
1731053557.333606482 55.18871 -17.48688 -1.09728 0.03272 0.12053 0.00603 0.99215
1731053557.343606472 55.20474 -17.48823 -1.09723 0.03260 0.11885 0.00624 0.99236
1731053557.353606462 55.22085 -17.48956 -1.09721 0.03245 0.11712 0.00616 0.99257
1731053557.363606691 55.23712 -17.49082 -1.09729 0.03229 0.11531 0.00575 0.99279
1731053557.373606443 55.25349 -17.49207 -1.09736 0.03212 0.11337 0.00498 0.99302
1731053557.383606434 55.26991 -17.49340 -1.09730 0.03192 0.11131 0.00384 0.99327
1731053557.393606424 55.28632 -17.49485 -1.09702 0.03168 0.10909 0.00231 0.99352
1731053557.403606653 55.30266 -17.49642 -1.09659 0.03140 0.10674 0.00046 0.99379
1731053557.413606405 55.31888 -17.49805 -1.09613 0.03110 0.10428 -0.00162 0.99406
1731053557.423606396 55.33493 -17.49973 -1.09572 0.03078 0.10173 -0.00384 0.99433
1731053557.433606625 55.35088 -17.50147 -1.09532 0.03051 0.09910 -0.00615 0.99459
1731053557.443606615 55.36683 -17.50335 -1.09479 0.03035 0.09643 -0.00849 0.99484
1731053557.453606606 55.38291 -17.50545 -1.09399 0.03041 0.09374 -0.01082 0.99507
1731053557.463606358 55.39918 -17.50778 -1.09286 0.03071 0.09109 -0.01309 0.99528
1731053557.473606586 55.41556 -17.51026 -1.09148 0.03120 0.08858 -0.01524 0.99546
1731053557.483606577 55.43197 -17.51282 -1.08996 0.03182 0.08635 -0.01722 0.99561
1731053557.493606567 55.44835 -17.51539 -1.08838 0.03252 0.08448 -0.01901 0.99571
1731053557.503606319 55.46468 -17.51796 -1.08689 0.03332 0.08300 -0.02068 0.99578
1731053557.513606548 55.48094 -17.52052 -1.08560 0.03426 0.08192 -0.02232 0.99580
1731053557.523606539 55.49713 -17.52308 -1.08463 0.03538 0.08122 -0.02402 0.99578
1731053557.533606529 55.51322 -17.52566 -1.08398 0.03664 0.08097 -0.02582 0.99571
1731053557.543606281 55.52919 -17.52829 -1.08353 0.03797 0.08124 -0.02772 0.99559
1731053557.553606510 55.54503 -17.53100 -1.08317 0.03931 0.08211 -0.02970 0.99541
1731053557.563606739 55.56073 -17.53380 -1.08286 0.04063 0.08360 -0.03178 0.99516
1731053557.573606491 55.57631 -17.53667 -1.08262 0.04196 0.08565 -0.03394 0.99486
1731053557.583606482 55.59182 -17.53959 -1.08251 0.04335 0.08821 -0.03621 0.99450
1731053557.593606472 55.60728 -17.54254 -1.08253 0.04482 0.09119 -0.03857 0.99408
1731053557.603606701 55.62275 -17.54556 -1.08260 0.04637 0.09444 -0.04099 0.99360
1731053557.613606453 55.63829 -17.54870 -1.08262 0.04797 0.09779 -0.04346 0.99310
1731053557.623606443 55.65395 -17.55199 -1.08248 0.04960 0.10107 -0.04593 0.99258
1731053557.633606434 55.66969 -17.55535 -1.08231 0.05125 0.10415 -0.04840 0.99206
1731053557.643606663 55.68543 -17.55865 -1.08236 0.05291 0.10694 -0.05085 0.99155
1731053557.653606415 55.70108 -17.56174 -1.08287 0.05458 0.10931 -0.05327 0.99108
1731053557.663606405 55.71661 -17.56456 -1.08394 0.05624 0.11119 -0.05566 0.99064
1731053557.673606396 55.73214 -17.56723 -1.08542 0.05781 0.11250 -0.05801 0.99027
1731053557.683606625 55.74776 -17.56988 -1.08711 0.05925 0.11321 -0.06031 0.98997
1731053557.693606615 55.76355 -17.57260 -1.08889 0.06050 0.11326 -0.06256 0.98975
1731053557.703606367 55.77953 -17.57541 -1.09070 0.06154 0.11273 -0.06474 0.98960
1731053557.713606596 55.79567 -17.57829 -1.09255 0.06240 0.11172 -0.06686 0.98952
1731053557.723606586 55.81196 -17.58125 -1.09444 0.06307 0.11030 -0.06890 0.98950
1731053557.733606577 55.82836 -17.58426 -1.09636 0.06356 0.10858 -0.07088 0.98952
1731053557.743606329 55.84487 -17.58731 -1.09830 0.06387 0.10664 -0.07277 0.98957
1731053557.753606558 55.86147 -17.59041 -1.10026 0.06403 0.10457 -0.07458 0.98965
1731053557.763606548 55.87812 -17.59352 -1.10224 0.06402 0.10247 -0.07630 0.98974
1731053557.773606539 55.89482 -17.59666 -1.10423 0.06387 0.10043 -0.07792 0.98983
1731053557.783606291 55.91155 -17.59980 -1.10624 0.06357 0.09853 -0.07945 0.98992
1731053557.793606520 55.92828 -17.60293 -1.10824 0.06314 0.09687 -0.08087 0.98999
1731053557.803606749 55.94500 -17.60605 -1.11023 0.06262 0.09546 -0.08217 0.99006
1731053557.813606501 55.96171 -17.60913 -1.11220 0.06205 0.09433 -0.08332 0.99011
1731053557.823606491 55.97837 -17.61218 -1.11413 0.06148 0.09351 -0.08430 0.99014
1731053557.833606482 55.99499 -17.61516 -1.11601 0.06097 0.09302 -0.08508 0.99015
1731053557.843606710 56.01156 -17.61809 -1.11782 0.06054 0.09286 -0.08565 0.99014
1731053557.853606462 56.02810 -17.62093 -1.11955 0.06017 0.09305 -0.08604 0.99011
1731053557.863606453 56.04464 -17.62371 -1.12121 0.05984 0.09355 -0.08627 0.99006
1731053557.873606443 56.06123 -17.62640 -1.12278 0.05951 0.09437 -0.08638 0.99000
1731053557.883606672 56.07790 -17.62900 -1.12425 0.05915 0.09549 -0.08641 0.98991
1731053557.893606424 56.09467 -17.63151 -1.12563 0.05874 0.09690 -0.08637 0.98980
1731053557.903606415 56.11148 -17.63392 -1.12690 0.05831 0.09853 -0.08623 0.98967
1731053557.913606405 56.12828 -17.63619 -1.12809 0.05792 0.10034 -0.08598 0.98954
1731053557.923606634 56.14499 -17.63832 -1.12918 0.05761 0.10226 -0.08556 0.98940
1731053557.933606625 56.16156 -17.64029 -1.13017 0.05743 0.10424 -0.08494 0.98925
1731053557.943606377 56.17793 -17.64209 -1.13108 0.05742 0.10623 -0.08411 0.98911
1731053557.953606606 56.19412 -17.64370 -1.13189 0.05751 0.10828 -0.08309 0.98897
1731053557.963606596 56.21017 -17.64515 -1.13260 0.05766 0.11044 -0.08195 0.98882
1731053557.973606586 56.22611 -17.64644 -1.13322 0.05780 0.11276 -0.08072 0.98865
1731053557.983606339 56.24199 -17.64757 -1.13374 0.05786 0.11530 -0.07946 0.98845
1731053557.993606567 56.25783 -17.64856 -1.13416 0.05780 0.11810 -0.07822 0.98823
1731053558.003606558 56.27362 -17.64942 -1.13455 0.05763 0.12112 -0.07700 0.98797
1731053558.013606548 56.28934 -17.65016 -1.13494 0.05736 0.12428 -0.07583 0.98768
1731053558.023606300 56.30497 -17.65082 -1.13541 0.05703 0.12752 -0.07471 0.98737
1731053558.033606529 56.32051 -17.65140 -1.13600 0.05666 0.13078 -0.07366 0.98705
1731053558.043606520 56.33593 -17.65193 -1.13677 0.05628 0.13399 -0.07269 0.98671
1731053558.053606510 56.35124 -17.65242 -1.13767 0.05590 0.13709 -0.07180 0.98637
1731053558.063606262 56.36645 -17.65289 -1.13867 0.05555 0.14003 -0.07101 0.98603
1731053558.073606491 56.38156 -17.65333 -1.13971 0.05525 0.14276 -0.07033 0.98571
1731053558.083606720 56.39658 -17.65378 -1.14077 0.05503 0.14521 -0.06975 0.98540
1731053558.093606472 56.41152 -17.65424 -1.14180 0.05490 0.14736 -0.06929 0.98512
1731053558.103606462 56.42646 -17.65473 -1.14284 0.05488 0.14917 -0.06896 0.98488
1731053558.113606453 56.44145 -17.65528 -1.14396 0.05496 0.15065 -0.06875 0.98466
1731053558.123606682 56.45656 -17.65591 -1.14519 0.05516 0.15180 -0.06867 0.98448
1731053558.133606434 56.47186 -17.65665 -1.14659 0.05548 0.15260 -0.06872 0.98433
1731053558.143606424 56.48741 -17.65751 -1.14821 0.05591 0.15305 -0.06891 0.98423
1731053558.153606415 56.50320 -17.65850 -1.15000 0.05645 0.15314 -0.06925 0.98416
1731053558.163606644 56.51919 -17.65962 -1.15191 0.05707 0.15285 -0.06976 0.98413
1731053558.173606396 56.53537 -17.66087 -1.15391 0.05776 0.15217 -0.07045 0.98415
1731053558.183606386 56.55171 -17.66226 -1.15593 0.05848 0.15109 -0.07134 0.98421
1731053558.193606615 56.56820 -17.66377 -1.15796 0.05923 0.14959 -0.07244 0.98431
1731053558.203606606 56.58484 -17.66539 -1.16009 0.05997 0.14773 -0.07375 0.98445
1731053558.213606596 56.60165 -17.66709 -1.16247 0.06068 0.14556 -0.07527 0.98461
1731053558.223606348 56.61867 -17.66886 -1.16519 0.06132 0.14315 -0.07698 0.98480
1731053558.233606577 56.63582 -17.67070 -1.16812 0.06191 0.14057 -0.07886 0.98498
1731053558.243606567 56.65299 -17.67265 -1.17095 0.06243 0.13794 -0.08090 0.98515
1731053558.253606558 56.67009 -17.67476 -1.17338 0.06292 0.13536 -0.08304 0.98530
1731053558.263606310 56.68705 -17.67703 -1.17526 0.06338 0.13287 -0.08529 0.98542
1731053558.273606539 56.70389 -17.67945 -1.17666 0.06381 0.13044 -0.08765 0.98551
1731053558.283606529 56.72065 -17.68201 -1.17767 0.06423 0.12802 -0.09014 0.98558
1731053558.293606520 56.73733 -17.68469 -1.17838 0.06463 0.12558 -0.09277 0.98562
1731053558.303606272 56.75389 -17.68751 -1.17879 0.06496 0.12314 -0.09554 0.98564
1731053558.313606501 56.77026 -17.69050 -1.17889 0.06517 0.12075 -0.09847 0.98563
1731053558.323606730 56.78636 -17.69368 -1.17868 0.06522 0.11846 -0.10157 0.98559
1731053558.333606482 56.80226 -17.69703 -1.17820 0.06511 0.11632 -0.10485 0.98551
1731053558.343606472 56.81807 -17.70051 -1.17755 0.06494 0.11438 -0.10829 0.98538
1731053558.353606462 56.83392 -17.70406 -1.17680 0.06476 0.11269 -0.11189 0.98518
1731053558.363606691 56.84986 -17.70766 -1.17600 0.06463 0.11128 -0.11562 0.98492
1731053558.373606443 56.86581 -17.71130 -1.17513 0.06457 0.11016 -0.11941 0.98460
1731053558.383606434 56.88170 -17.71498 -1.17419 0.06460 0.10936 -0.12319 0.98422
1731053558.393606424 56.89747 -17.71870 -1.17315 0.06472 0.10886 -0.12689 0.98380
1731053558.403606653 56.91310 -17.72246 -1.17203 0.06495 0.10861 -0.13052 0.98334
1731053558.413606405 56.92859 -17.72627 -1.17085 0.06529 0.10856 -0.13410 0.98284
1731053558.423606396 56.94396 -17.73012 -1.16962 0.06574 0.10863 -0.13765 0.98231
1731053558.433606625 56.95920 -17.73401 -1.16835 0.06630 0.10875 -0.14118 0.98176
1731053558.443606615 56.97432 -17.73795 -1.16708 0.06697 0.10890 -0.14471 0.98118
1731053558.453606606 56.98934 -17.74192 -1.16580 0.06771 0.10910 -0.14822 0.98058
1731053558.463606358 57.00425 -17.74594 -1.16455 0.06848 0.10941 -0.15169 0.97996
1731053558.473606586 57.01906 -17.75000 -1.16333 0.06926 0.10991 -0.15511 0.97932
1731053558.483606577 57.03379 -17.75408 -1.16217 0.06999 0.11066 -0.15845 0.97865
1731053558.493606567 57.04845 -17.75820 -1.16106 0.07066 0.11169 -0.16169 0.97795
1731053558.503606319 57.06305 -17.76233 -1.15992 0.07129 0.11298 -0.16480 0.97724
1731053558.513606548 57.07761 -17.76647 -1.15865 0.07189 0.11449 -0.16775 0.97652
1731053558.523606539 57.09214 -17.77061 -1.15716 0.07249 0.11617 -0.17052 0.97579
1731053558.533606529 57.10665 -17.77476 -1.15558 0.07309 0.11794 -0.17314 0.97507
1731053558.543606281 57.12116 -17.77890 -1.15415 0.07364 0.11972 -0.17566 0.97436
1731053558.553606510 57.13568 -17.78304 -1.15314 0.07410 0.12141 -0.17816 0.97367
1731053558.563606739 57.15020 -17.78719 -1.15265 0.07447 0.12294 -0.18068 0.97298
1731053558.573606491 57.16474 -17.79134 -1.15262 0.07476 0.12425 -0.18318 0.97233
1731053558.583606482 57.17930 -17.79547 -1.15295 0.07501 0.12530 -0.18565 0.97170
1731053558.593606472 57.19389 -17.79960 -1.15357 0.07526 0.12603 -0.18807 0.97112
1731053558.603606701 57.20853 -17.80373 -1.15443 0.07550 0.12643 -0.19041 0.97060
1731053558.613606453 57.22321 -17.80785 -1.15550 0.07572 0.12646 -0.19268 0.97013
1731053558.623606443 57.23795 -17.81199 -1.15673 0.07594 0.12610 -0.19487 0.96972
1731053558.633606434 57.25277 -17.81614 -1.15809 0.07613 0.12533 -0.19694 0.96939
1731053558.643606663 57.26767 -17.82032 -1.15955 0.07629 0.12415 -0.19892 0.96912
1731053558.653606415 57.28265 -17.82452 -1.16109 0.07642 0.12260 -0.20078 0.96893
1731053558.663606405 57.29773 -17.82877 -1.16268 0.07647 0.12076 -0.20256 0.96878
1731053558.673606396 57.31290 -17.83305 -1.16430 0.07644 0.11869 -0.20425 0.96869
1731053558.683606625 57.32817 -17.83739 -1.16594 0.07630 0.11647 -0.20586 0.96862
1731053558.693606615 57.34354 -17.84178 -1.16758 0.07604 0.11417 -0.20741 0.96859
1731053558.703606367 57.35900 -17.84621 -1.16920 0.07568 0.11182 -0.20889 0.96857
1731053558.713606596 57.37454 -17.85067 -1.17080 0.07524 0.10945 -0.21029 0.96858
1731053558.723606586 57.39015 -17.85515 -1.17238 0.07475 0.10711 -0.21159 0.96859
1731053558.733606577 57.40579 -17.85964 -1.17393 0.07423 0.10481 -0.21279 0.96862
1731053558.743606329 57.42147 -17.86412 -1.17545 0.07371 0.10261 -0.21388 0.96866
1731053558.753606558 57.43717 -17.86858 -1.17692 0.07321 0.10052 -0.21484 0.96870
1731053558.763606548 57.45287 -17.87301 -1.17834 0.07277 0.09859 -0.21568 0.96875
1731053558.773606539 57.46856 -17.87740 -1.17971 0.07241 0.09685 -0.21637 0.96879
1731053558.783606291 57.48422 -17.88172 -1.18102 0.07215 0.09533 -0.21691 0.96884
1731053558.793606520 57.49987 -17.88600 -1.18226 0.07201 0.09408 -0.21731 0.96889
1731053558.803606749 57.51563 -17.89029 -1.18342 0.07196 0.09318 -0.21762 0.96891
1731053558.813606501 57.53166 -17.89469 -1.18447 0.07196 0.09275 -0.21790 0.96889
1731053558.823606491 57.54807 -17.89927 -1.18541 0.07197 0.09287 -0.21822 0.96880
1731053558.833606482 57.56475 -17.90394 -1.18617 0.07197 0.09351 -0.21857 0.96866
1731053558.843606710 57.58140 -17.90853 -1.18671 0.07195 0.09459 -0.21891 0.96848
1731053558.853606462 57.59771 -17.91285 -1.18696 0.07190 0.09599 -0.21917 0.96829
1731053558.863606453 57.61357 -17.91682 -1.18692 0.07184 0.09762 -0.21934 0.96809
1731053558.873606443 57.62909 -17.92053 -1.18665 0.07180 0.09938 -0.21944 0.96789
1731053558.883606672 57.64440 -17.92406 -1.18624 0.07179 0.10118 -0.21948 0.96770
1731053558.893606424 57.65963 -17.92749 -1.18576 0.07185 0.10294 -0.21950 0.96750
1731053558.903606415 57.67481 -17.93084 -1.18522 0.07198 0.10464 -0.21949 0.96731
1731053558.913606405 57.68994 -17.93411 -1.18464 0.07215 0.10629 -0.21947 0.96712
1731053558.923606634 57.70503 -17.93730 -1.18403 0.07237 0.10790 -0.21947 0.96693
1731053558.933606625 57.72009 -17.94042 -1.18340 0.07260 0.10946 -0.21947 0.96674
1731053558.943606377 57.73512 -17.94347 -1.18277 0.07285 0.11099 -0.21951 0.96653
1731053558.953606606 57.75013 -17.94646 -1.18215 0.07310 0.11248 -0.21959 0.96633
1731053558.963606596 57.76512 -17.94939 -1.18155 0.07334 0.11395 -0.21972 0.96611
1731053558.973606586 57.78011 -17.95225 -1.18098 0.07356 0.11539 -0.21991 0.96588
1731053558.983606339 57.79509 -17.95506 -1.18045 0.07374 0.11681 -0.22018 0.96563
1731053558.993606567 57.81009 -17.95783 -1.17998 0.07388 0.11820 -0.22053 0.96537
1731053559.003606558 57.82509 -17.96060 -1.17954 0.07402 0.11955 -0.22091 0.96511
1731053559.013606548 57.84012 -17.96344 -1.17911 0.07420 0.12080 -0.22128 0.96485
1731053559.023606300 57.85519 -17.96639 -1.17869 0.07448 0.12192 -0.22160 0.96462
1731053559.033606529 57.87027 -17.96944 -1.17831 0.07483 0.12287 -0.22186 0.96441
1731053559.043606520 57.88538 -17.97256 -1.17807 0.07519 0.12363 -0.22212 0.96422
1731053559.053606510 57.90050 -17.97569 -1.17805 0.07548 0.12414 -0.22241 0.96407
1731053559.063606262 57.91560 -17.97883 -1.17827 0.07568 0.12440 -0.22274 0.96394
1731053559.073606491 57.93064 -17.98200 -1.17868 0.07578 0.12440 -0.22310 0.96385
1731053559.083606720 57.94556 -17.98522 -1.17918 0.07578 0.12415 -0.22346 0.96380
1731053559.093606472 57.96034 -17.98854 -1.17973 0.07569 0.12365 -0.22380 0.96379
1731053559.103606462 57.97505 -17.99194 -1.18034 0.07550 0.12292 -0.22411 0.96383
1731053559.113606453 57.98975 -17.99539 -1.18104 0.07523 0.12196 -0.22441 0.96390
1731053559.123606682 58.00453 -17.99889 -1.18187 0.07489 0.12080 -0.22471 0.96401
1731053559.133606434 58.01947 -18.00242 -1.18285 0.07447 0.11943 -0.22501 0.96414
1731053559.143606424 58.03462 -18.00597 -1.18401 0.07400 0.11788 -0.22531 0.96429
1731053559.153606415 58.04999 -18.00952 -1.18530 0.07347 0.11618 -0.22563 0.96447
1731053559.163606644 58.06552 -18.01308 -1.18667 0.07290 0.11436 -0.22597 0.96465
1731053559.173606396 58.08120 -18.01665 -1.18805 0.07229 0.11246 -0.22633 0.96483
1731053559.183606386 58.09698 -18.02023 -1.18938 0.07166 0.11052 -0.22672 0.96501
1731053559.193606615 58.11284 -18.02382 -1.19064 0.07103 0.10857 -0.22713 0.96518
1731053559.203606606 58.12877 -18.02745 -1.19183 0.07044 0.10665 -0.22759 0.96533
1731053559.213606596 58.14479 -18.03115 -1.19301 0.06997 0.10479 -0.22810 0.96545
1731053559.223606348 58.16089 -18.03495 -1.19422 0.06965 0.10301 -0.22869 0.96553
1731053559.233606577 58.17704 -18.03882 -1.19539 0.06948 0.10128 -0.22936 0.96556
1731053559.243606567 58.19315 -18.04271 -1.19642 0.06938 0.09956 -0.23016 0.96556
1731053559.253606558 58.20916 -18.04655 -1.19719 0.06928 0.09776 -0.23112 0.96552
1731053559.263606310 58.22504 -18.05032 -1.19762 0.06912 0.09586 -0.23227 0.96544
1731053559.273606539 58.24081 -18.05408 -1.19771 0.06890 0.09392 -0.23369 0.96531
1731053559.283606529 58.25653 -18.05789 -1.19748 0.06859 0.09197 -0.23543 0.96510
1731053559.293606520 58.27220 -18.06178 -1.19694 0.06818 0.09006 -0.23754 0.96479
1731053559.303606272 58.28779 -18.06581 -1.19618 0.06771 0.08823 -0.23992 0.96440
1731053559.313606501 58.30322 -18.06999 -1.19531 0.06722 0.08650 -0.24247 0.96395
1731053559.323606730 58.31843 -18.07436 -1.19442 0.06673 0.08491 -0.24507 0.96347
1731053559.333606482 58.33347 -18.07887 -1.19351 0.06631 0.08345 -0.24765 0.96297
1731053559.343606472 58.34844 -18.08347 -1.19247 0.06601 0.08212 -0.25021 0.96244
1731053559.353606462 58.36347 -18.08809 -1.19124 0.06587 0.08091 -0.25269 0.96190
1731053559.363606691 58.37859 -18.09270 -1.18976 0.06593 0.07982 -0.25510 0.96136
1731053559.373606443 58.39375 -18.09734 -1.18808 0.06617 0.07882 -0.25743 0.96080
1731053559.383606434 58.40888 -18.10206 -1.18626 0.06656 0.07794 -0.25969 0.96024
1731053559.393606424 58.42392 -18.10689 -1.18435 0.06708 0.07715 -0.26189 0.95967
1731053559.403606653 58.43888 -18.11181 -1.18238 0.06768 0.07651 -0.26404 0.95909
1731053559.413606405 58.45373 -18.11678 -1.18040 0.06827 0.07604 -0.26616 0.95850
1731053559.423606396 58.46850 -18.12178 -1.17845 0.06882 0.07580 -0.26826 0.95789
1731053559.433606625 58.48317 -18.12678 -1.17657 0.06924 0.07583 -0.27036 0.95727
1731053559.443606615 58.49775 -18.13174 -1.17481 0.06950 0.07615 -0.27247 0.95663
1731053559.453606606 58.51225 -18.13666 -1.17319 0.06961 0.07677 -0.27456 0.95597
1731053559.463606358 58.52668 -18.14153 -1.17173 0.06962 0.07767 -0.27662 0.95530
1731053559.473606586 58.54106 -18.14635 -1.17047 0.06955 0.07884 -0.27860 0.95463
1731053559.483606577 58.55541 -18.15110 -1.16941 0.06946 0.08027 -0.28049 0.95397
1731053559.493606567 58.56974 -18.15579 -1.16860 0.06937 0.08193 -0.28227 0.95331
1731053559.503606319 58.58411 -18.16041 -1.16806 0.06932 0.08370 -0.28395 0.95266
1731053559.513606548 58.59858 -18.16495 -1.16785 0.06933 0.08543 -0.28555 0.95203
1731053559.523606539 58.61322 -18.16942 -1.16800 0.06941 0.08699 -0.28709 0.95142
1731053559.533606529 58.62800 -18.17382 -1.16845 0.06956 0.08830 -0.28859 0.95083
1731053559.543606281 58.64287 -18.17820 -1.16907 0.06971 0.08932 -0.29004 0.95028
1731053559.553606510 58.65776 -18.18259 -1.16974 0.06982 0.09003 -0.29146 0.94977
1731053559.563606739 58.67265 -18.18704 -1.17042 0.06987 0.09036 -0.29283 0.94932
1731053559.573606491 58.68757 -18.19165 -1.17119 0.06989 0.09028 -0.29412 0.94893
1731053559.583606482 58.70257 -18.19649 -1.17216 0.06990 0.08972 -0.29530 0.94861
1731053559.593606472 58.71769 -18.20163 -1.17338 0.06991 0.08865 -0.29636 0.94838
1731053559.603606701 58.73293 -18.20701 -1.17482 0.06990 0.08710 -0.29730 0.94823
1731053559.613606453 58.74830 -18.21255 -1.17639 0.06983 0.08512 -0.29813 0.94816
1731053559.623606443 58.76380 -18.21814 -1.17804 0.06965 0.08275 -0.29885 0.94815
1731053559.633606434 58.77944 -18.22372 -1.17966 0.06933 0.08004 -0.29950 0.94820
1731053559.643606663 58.79522 -18.22920 -1.18122 0.06884 0.07703 -0.30007 0.94831
1731053559.653606415 58.81111 -18.23465 -1.18268 0.06818 0.07372 -0.30055 0.94847
1731053559.663606405 58.82705 -18.24011 -1.18403 0.06738 0.07011 -0.30091 0.94868
1731053559.673606396 58.84301 -18.24567 -1.18528 0.06645 0.06621 -0.30113 0.94896
1731053559.683606625 58.85895 -18.25138 -1.18642 0.06542 0.06201 -0.30120 0.94929
1731053559.693606615 58.87482 -18.25729 -1.18743 0.06430 0.05754 -0.30110 0.94968
1731053559.703606367 58.89065 -18.26328 -1.18830 0.06314 0.05290 -0.30080 0.95012
1731053559.713606596 58.90643 -18.26921 -1.18902 0.06197 0.04823 -0.30032 0.95060
1731053559.723606586 58.92217 -18.27495 -1.18955 0.06084 0.04367 -0.29964 0.95111
1731053559.733606577 58.93789 -18.28033 -1.18990 0.05978 0.03935 -0.29876 0.95164
1731053559.743606329 58.95361 -18.28528 -1.19004 0.05881 0.03539 -0.29769 0.95219
1731053559.753606558 58.96935 -18.28984 -1.19001 0.05794 0.03183 -0.29644 0.95276
1731053559.763606548 58.98514 -18.29410 -1.18985 0.05713 0.02873 -0.29505 0.95334
1731053559.773606539 59.00102 -18.29817 -1.18960 0.05635 0.02610 -0.29354 0.95393
1731053559.783606291 59.01702 -18.30215 -1.18929 0.05558 0.02399 -0.29194 0.95452
1731053559.793606520 59.03316 -18.30611 -1.18898 0.05480 0.02243 -0.29028 0.95511
1731053559.803606749 59.04942 -18.31007 -1.18866 0.05402 0.02137 -0.28857 0.95570
1731053559.813606501 59.06575 -18.31404 -1.18836 0.05326 0.02079 -0.28679 0.95629
1731053559.823606491 59.08212 -18.31802 -1.18806 0.05254 0.02064 -0.28495 0.95688
1731053559.833606482 59.09848 -18.32201 -1.18779 0.05187 0.02089 -0.28306 0.95747
1731053559.843606710 59.11479 -18.32601 -1.18755 0.05127 0.02149 -0.28110 0.95807
1731053559.853606462 59.13102 -18.33003 -1.18735 0.05077 0.02240 -0.27907 0.95867
1731053559.863606453 59.14712 -18.33408 -1.18720 0.05038 0.02360 -0.27698 0.95926
1731053559.873606443 59.16306 -18.33814 -1.18710 0.05013 0.02503 -0.27483 0.95986
1731053559.883606672 59.17878 -18.34223 -1.18706 0.05002 0.02666 -0.27261 0.96045
1731053559.893606424 59.19428 -18.34635 -1.18709 0.05007 0.02845 -0.27032 0.96105
1731053559.903606415 59.20960 -18.35042 -1.18718 0.05025 0.03043 -0.26796 0.96164
1731053559.913606405 59.22479 -18.35441 -1.18732 0.05054 0.03262 -0.26551 0.96223
1731053559.923606634 59.23993 -18.35823 -1.18750 0.05091 0.03503 -0.26297 0.96282
1731053559.933606625 59.25508 -18.36183 -1.18770 0.05132 0.03770 -0.26034 0.96342
1731053559.943606377 59.27029 -18.36517 -1.18791 0.05174 0.04061 -0.25761 0.96401
1731053559.953606606 59.28557 -18.36829 -1.18815 0.05212 0.04367 -0.25481 0.96460
1731053559.963606596 59.30092 -18.37126 -1.18841 0.05240 0.04673 -0.25198 0.96518
1731053559.973606586 59.31632 -18.37414 -1.18870 0.05252 0.04964 -0.24915 0.96577
1731053559.983606339 59.33179 -18.37700 -1.18902 0.05243 0.05229 -0.24635 0.96635
1731053559.993606567 59.34732 -18.37986 -1.18937 0.05209 0.05454 -0.24363 0.96693
1731053560.003606558 59.36296 -18.38256 -1.18962 0.05156 0.05638 -0.24097 0.96752
1731053560.013606548 59.37875 -18.38492 -1.18966 0.05089 0.05783 -0.23836 0.96812
1731053560.023606300 59.39475 -18.38676 -1.18937 0.05016 0.05888 -0.23581 0.96872
1731053560.033606529 59.41086 -18.38829 -1.18891 0.04939 0.05952 -0.23331 0.96932
1731053560.043606520 59.42694 -18.38998 -1.18865 0.04860 0.05974 -0.23091 0.96992
1731053560.053606510 59.44281 -18.39226 -1.18891 0.04779 0.05949 -0.22863 0.97052
1731053560.063606262 59.45845 -18.39533 -1.18985 0.04700 0.05882 -0.22647 0.97110
1731053560.073606491 59.47396 -18.39894 -1.19130 0.04625 0.05783 -0.22441 0.97168
1731053560.083606720 59.48949 -18.40282 -1.19308 0.04560 0.05666 -0.22242 0.97223
1731053560.093606472 59.50516 -18.40675 -1.19501 0.04507 0.05540 -0.22048 0.97277
1731053560.103606462 59.52095 -18.41070 -1.19706 0.04467 0.05410 -0.21862 0.97329
1731053560.113606453 59.53684 -18.41467 -1.19921 0.04439 0.05279 -0.21686 0.97376
1731053560.123606682 59.55281 -18.41869 -1.20142 0.04422 0.05151 -0.21524 0.97420
1731053560.133606434 59.56882 -18.42277 -1.20367 0.04414 0.05029 -0.21381 0.97458
1731053560.143606424 59.58486 -18.42693 -1.20595 0.04413 0.04915 -0.21259 0.97491
1731053560.153606415 59.60089 -18.43117 -1.20824 0.04420 0.04813 -0.21161 0.97517
1731053560.163606644 59.61689 -18.43552 -1.21051 0.04433 0.04726 -0.21092 0.97535
1731053560.173606396 59.63282 -18.43999 -1.21273 0.04450 0.04657 -0.21054 0.97546
1731053560.183606386 59.64866 -18.44459 -1.21490 0.04471 0.04609 -0.21052 0.97548
1731053560.193606615 59.66442 -18.44934 -1.21697 0.04494 0.04584 -0.21087 0.97540
1731053560.203606606 59.68017 -18.45430 -1.21892 0.04521 0.04572 -0.21161 0.97524
1731053560.213606596 59.69603 -18.45953 -1.22069 0.04552 0.04564 -0.21273 0.97498
1731053560.223606348 59.71209 -18.46508 -1.22224 0.04587 0.04551 -0.21424 0.97464
1731053560.233606577 59.72828 -18.47091 -1.22356 0.04621 0.04523 -0.21613 0.97422
1731053560.243606567 59.74437 -18.47697 -1.22468 0.04647 0.04476 -0.21843 0.97372
1731053560.253606558 59.76015 -18.48316 -1.22562 0.04655 0.04404 -0.22114 0.97313
1731053560.263606310 59.77552 -18.48947 -1.22643 0.04643 0.04305 -0.22426 0.97247
1731053560.273606539 59.79049 -18.49597 -1.22719 0.04616 0.04182 -0.22768 0.97174
1731053560.283606529 59.80511 -18.50272 -1.22800 0.04580 0.04042 -0.23133 0.97096
1731053560.293606520 59.81941 -18.50978 -1.22893 0.04540 0.03890 -0.23513 0.97012
1731053560.303606272 59.83347 -18.51709 -1.22993 0.04505 0.03740 -0.23901 0.96925
1731053560.313606501 59.84733 -18.52458 -1.23091 0.04480 0.03606 -0.24291 0.96834
1731053560.323606730 59.86107 -18.53218 -1.23180 0.04473 0.03504 -0.24677 0.96741
1731053560.333606482 59.87475 -18.53982 -1.23253 0.04492 0.03448 -0.25054 0.96645
1731053560.343606472 59.88842 -18.54742 -1.23303 0.04542 0.03450 -0.25418 0.96547
1731053560.353606462 59.90207 -18.55501 -1.23337 0.04621 0.03510 -0.25773 0.96447
1731053560.363606691 59.91566 -18.56260 -1.23361 0.04724 0.03626 -0.26124 0.96343
1731053560.373606443 59.92918 -18.57022 -1.23385 0.04845 0.03794 -0.26477 0.96235
1731053560.383606434 59.94260 -18.57789 -1.23416 0.04981 0.04013 -0.26838 0.96119
1731053560.393606424 59.95589 -18.58563 -1.23456 0.05127 0.04278 -0.27210 0.95995
1731053560.403606653 59.96904 -18.59341 -1.23487 0.05280 0.04587 -0.27592 0.95863
1731053560.413606405 59.98204 -18.60117 -1.23486 0.05435 0.04934 -0.27983 0.95724
1731053560.423606396 59.99487 -18.60889 -1.23433 0.05590 0.05316 -0.28380 0.95578
1731053560.433606625 60.00759 -18.61656 -1.23347 0.05744 0.05726 -0.28778 0.95426
1731053560.443606615 60.02032 -18.62423 -1.23273 0.05900 0.06156 -0.29170 0.95270
1731053560.453606606 60.03316 -18.63194 -1.23258 0.06062 0.06598 -0.29553 0.95112
1731053560.463606358 60.04616 -18.63971 -1.23323 0.06231 0.07043 -0.29921 0.94954
1731053560.473606586 60.05927 -18.64749 -1.23453 0.06412 0.07476 -0.30277 0.94796
1731053560.483606577 60.07248 -18.65527 -1.23633 0.06609 0.07883 -0.30619 0.94639
1731053560.493606567 60.08574 -18.66305 -1.23849 0.06824 0.08252 -0.30950 0.94485
1731053560.503606319 60.09914 -18.67104 -1.24114 0.07054 0.08583 -0.31267 0.94334
1731053560.513606548 60.11276 -18.67946 -1.24442 0.07296 0.08880 -0.31565 0.94189
1731053560.523606539 60.12669 -18.68853 -1.24847 0.07543 0.09144 -0.31843 0.94051
1731053560.533606529 60.14087 -18.69805 -1.25308 0.07789 0.09364 -0.32099 0.93922
1731053560.543606281 60.15515 -18.70759 -1.25783 0.08024 0.09524 -0.32336 0.93804
1731053560.553606510 60.16939 -18.71671 -1.26228 0.08240 0.09604 -0.32556 0.93701
1731053560.563606739 60.18350 -18.72523 -1.26619 0.08431 0.09601 -0.32760 0.93614
1731053560.573606491 60.19745 -18.73337 -1.26962 0.08594 0.09527 -0.32951 0.93539
1731053560.583606482 60.21124 -18.74141 -1.27265 0.08729 0.09400 -0.33131 0.93476
1731053560.593606472 60.22485 -18.74955 -1.27537 0.08834 0.09236 -0.33301 0.93422
1731053560.603606701 60.23837 -18.75779 -1.27787 0.08911 0.09049 -0.33458 0.93377
1731053560.613606453 60.25187 -18.76610 -1.28026 0.08963 0.08855 -0.33601 0.93339
1731053560.623606443 60.26541 -18.77444 -1.28265 0.08993 0.08668 -0.33724 0.93310
1731053560.633606434 60.27909 -18.78276 -1.28516 0.09002 0.08503 -0.33826 0.93287
1731053560.643606663 60.29296 -18.79104 -1.28784 0.08993 0.08371 -0.33903 0.93272
1731053560.653606415 60.30699 -18.79924 -1.29067 0.08968 0.08272 -0.33958 0.93263
1731053560.663606405 60.32114 -18.80735 -1.29356 0.08926 0.08198 -0.33991 0.93262
1731053560.673606396 60.33537 -18.81537 -1.29644 0.08868 0.08146 -0.34005 0.93267
1731053560.683606625 60.34963 -18.82326 -1.29923 0.08795 0.08109 -0.34002 0.93278
1731053560.693606615 60.36389 -18.83106 -1.30184 0.08707 0.08082 -0.33984 0.93295
1731053560.703606367 60.37814 -18.83893 -1.30410 0.08598 0.08054 -0.33953 0.93319
1731053560.713606596 60.39239 -18.84710 -1.30582 0.08464 0.08017 -0.33910 0.93350
1731053560.723606586 60.40665 -18.85574 -1.30685 0.08298 0.07961 -0.33859 0.93388
1731053560.733606577 60.42097 -18.86469 -1.30729 0.08105 0.07887 -0.33797 0.93434
1731053560.743606329 60.43540 -18.87357 -1.30740 0.07893 0.07799 -0.33721 0.93487
1731053560.753606558 60.45000 -18.88199 -1.30747 0.07670 0.07704 -0.33629 0.93546
1731053560.763606548 60.46477 -18.88977 -1.30767 0.07446 0.07610 -0.33519 0.93611
1731053560.773606539 60.47967 -18.89707 -1.30799 0.07231 0.07526 -0.33390 0.93681
1731053560.783606291 60.49464 -18.90407 -1.30842 0.07034 0.07463 -0.33243 0.93754
1731053560.793606520 60.50962 -18.91093 -1.30894 0.06864 0.07429 -0.33077 0.93828
1731053560.803606749 60.52458 -18.91763 -1.30951 0.06723 0.07431 -0.32895 0.93902
1731053560.813606501 60.53950 -18.92412 -1.31010 0.06611 0.07472 -0.32700 0.93974
1731053560.823606491 60.55437 -18.93034 -1.31065 0.06528 0.07558 -0.32494 0.94045
1731053560.833606482 60.56914 -18.93625 -1.31114 0.06474 0.07692 -0.32281 0.94111
1731053560.843606710 60.58382 -18.94180 -1.31154 0.06450 0.07879 -0.32062 0.94172
1731053560.853606462 60.59836 -18.94703 -1.31187 0.06452 0.08117 -0.31837 0.94228
1731053560.863606453 60.61276 -18.95197 -1.31218 0.06475 0.08402 -0.31607 0.94279
1731053560.873606443 60.62698 -18.95666 -1.31251 0.06515 0.08731 -0.31370 0.94325
1731053560.883606672 60.64101 -18.96113 -1.31292 0.06568 0.09103 -0.31127 0.94367
1731053560.893606424 60.65485 -18.96544 -1.31343 0.06628 0.09512 -0.30878 0.94404
1731053560.903606415 60.66856 -18.96962 -1.31404 0.06691 0.09943 -0.30623 0.94438
1731053560.913606405 60.68224 -18.97374 -1.31474 0.06750 0.10383 -0.30365 0.94470
1731053560.923606634 60.69598 -18.97785 -1.31552 0.06800 0.10814 -0.30106 0.94501
1731053560.933606625 60.70987 -18.98200 -1.31637 0.06834 0.11221 -0.29847 0.94533
1731053560.943606377 60.72399 -18.98624 -1.31726 0.06849 0.11591 -0.29590 0.94568
1731053560.953606606 60.73834 -18.99055 -1.31817 0.06844 0.11918 -0.29338 0.94607
1731053560.963606596 60.75288 -18.99492 -1.31908 0.06822 0.12199 -0.29091 0.94649
1731053560.973606586 60.76761 -18.99933 -1.31996 0.06783 0.12430 -0.28852 0.94695
1731053560.983606339 60.78249 -19.00375 -1.32077 0.06730 0.12609 -0.28621 0.94745
1731053560.993606567 60.79752 -19.00818 -1.32151 0.06665 0.12732 -0.28401 0.94799
1731053561.003606558 60.81267 -19.01265 -1.32223 0.06591 0.12804 -0.28189 0.94858
1731053561.013606548 60.82793 -19.01717 -1.32301 0.06512 0.12827 -0.27986 0.94920
1731053561.023606300 60.84328 -19.02180 -1.32392 0.06432 0.12807 -0.27789 0.94986
1731053561.033606529 60.85872 -19.02655 -1.32503 0.06355 0.12747 -0.27598 0.95055
1731053561.043606520 60.87423 -19.03147 -1.32640 0.06284 0.12651 -0.27411 0.95127
1731053561.053606510 60.88981 -19.03653 -1.32798 0.06220 0.12529 -0.27229 0.95199
1731053561.063606262 60.90543 -19.04171 -1.32971 0.06163 0.12389 -0.27053 0.95271
1731053561.073606491 60.92111 -19.04700 -1.33153 0.06112 0.12239 -0.26884 0.95342
1731053561.083606720 60.93683 -19.05237 -1.33338 0.06067 0.12090 -0.26722 0.95409
1731053561.093606472 60.95259 -19.05780 -1.33520 0.06029 0.11947 -0.26569 0.95473
1731053561.103606462 60.96834 -19.06328 -1.33703 0.06000 0.11808 -0.26425 0.95532
1731053561.113606453 60.98405 -19.06879 -1.33891 0.05984 0.11667 -0.26293 0.95586
1731053561.123606682 60.99968 -19.07434 -1.34088 0.05981 0.11521 -0.26173 0.95637
1731053561.133606434 61.01523 -19.07992 -1.34286 0.05992 0.11369 -0.26069 0.95683
1731053561.143606424 61.03072 -19.08555 -1.34470 0.06011 0.11216 -0.25981 0.95724
1731053561.153606415 61.04618 -19.09126 -1.34624 0.06033 0.11064 -0.25911 0.95759
1731053561.163606644 61.06161 -19.09707 -1.34742 0.06055 0.10915 -0.25865 0.95787
1731053561.173606396 61.07699 -19.10297 -1.34828 0.06071 0.10762 -0.25848 0.95808
1731053561.183606386 61.09231 -19.10898 -1.34886 0.06078 0.10600 -0.25867 0.95821
1731053561.193606615 61.10759 -19.11511 -1.34922 0.06071 0.10426 -0.25927 0.95824
1731053561.203606606 61.12297 -19.12138 -1.34941 0.06052 0.10252 -0.26024 0.95818
1731053561.213606596 61.13862 -19.12779 -1.34945 0.06024 0.10093 -0.26154 0.95801
1731053561.223606348 61.15469 -19.13437 -1.34940 0.05989 0.09962 -0.26309 0.95774
1731053561.233606577 61.17103 -19.14110 -1.34922 0.05953 0.09863 -0.26483 0.95739
1731053561.243606567 61.18731 -19.14794 -1.34888 0.05921 0.09788 -0.26669 0.95697
1731053561.253606558 61.20317 -19.15485 -1.34832 0.05901 0.09730 -0.26857 0.95651
1731053561.263606310 61.21840 -19.16182 -1.34749 0.05896 0.09686 -0.27044 0.95603
1731053561.273606539 61.23296 -19.16887 -1.34638 0.05910 0.09653 -0.27232 0.95553
1731053561.283606529 61.24683 -19.17602 -1.34496 0.05943 0.09628 -0.27421 0.95499
1731053561.293606520 61.26002 -19.18329 -1.34325 0.05998 0.09609 -0.27614 0.95442
1731053561.303606272 61.27269 -19.19066 -1.34132 0.06071 0.09597 -0.27810 0.95381
1731053561.313606501 61.28502 -19.19808 -1.33932 0.06158 0.09592 -0.28010 0.95318
1731053561.323606730 61.29722 -19.20551 -1.33736 0.06257 0.09596 -0.28214 0.95251
1731053561.333606482 61.30946 -19.21291 -1.33556 0.06362 0.09609 -0.28420 0.95181
1731053561.343606472 61.32191 -19.22025 -1.33402 0.06471 0.09632 -0.28630 0.95109
1731053561.353606462 61.33454 -19.22754 -1.33275 0.06583 0.09666 -0.28839 0.95034
1731053561.363606691 61.34730 -19.23479 -1.33174 0.06698 0.09711 -0.29046 0.94959
1731053561.373606443 61.36013 -19.24202 -1.33097 0.06817 0.09768 -0.29247 0.94883
1731053561.383606434 61.37297 -19.24924 -1.33043 0.06940 0.09837 -0.29440 0.94807
1731053561.393606424 61.38579 -19.25647 -1.33012 0.07066 0.09918 -0.29622 0.94732
1731053561.403606653 61.39863 -19.26377 -1.33011 0.07190 0.10003 -0.29796 0.94659
1731053561.413606405 61.41155 -19.27122 -1.33049 0.07307 0.10086 -0.29966 0.94588
1731053561.423606396 61.42461 -19.27886 -1.33134 0.07411 0.10158 -0.30134 0.94519
1731053561.433606625 61.43780 -19.28664 -1.33259 0.07506 0.10216 -0.30300 0.94452
1731053561.443606615 61.45106 -19.29443 -1.33409 0.07595 0.10261 -0.30463 0.94387
1731053561.453606606 61.46434 -19.30208 -1.33567 0.07687 0.10295 -0.30622 0.94325
1731053561.463606358 61.47763 -19.30954 -1.33727 0.07783 0.10318 -0.30774 0.94265
1731053561.473606586 61.49096 -19.31687 -1.33898 0.07884 0.10325 -0.30918 0.94209
1731053561.483606577 61.50438 -19.32415 -1.34089 0.07988 0.10316 -0.31054 0.94156
1731053561.493606567 61.51790 -19.33148 -1.34308 0.08096 0.10288 -0.31180 0.94108
1731053561.503606319 61.53147 -19.33911 -1.34544 0.08204 0.10247 -0.31294 0.94066
1731053561.513606548 61.54501 -19.34732 -1.34784 0.08310 0.10202 -0.31392 0.94029
1731053561.523606539 61.55845 -19.35636 -1.35017 0.08408 0.10159 -0.31471 0.93998
1731053561.533606529 61.57186 -19.36600 -1.35245 0.08499 0.10123 -0.31531 0.93974
1731053561.543606281 61.58540 -19.37575 -1.35486 0.08578 0.10096 -0.31576 0.93955
1731053561.553606510 61.59922 -19.38512 -1.35754 0.08645 0.10081 -0.31606 0.93940
1731053561.563606739 61.61339 -19.39387 -1.36054 0.08699 0.10081 -0.31624 0.93929
1731053561.573606491 61.62784 -19.40218 -1.36376 0.08743 0.10097 -0.31627 0.93922
1731053561.583606482 61.64248 -19.41029 -1.36708 0.08778 0.10132 -0.31614 0.93919
1731053561.593606472 61.65723 -19.41839 -1.37040 0.08806 0.10188 -0.31581 0.93922
1731053561.603606701 61.67202 -19.42655 -1.37374 0.08831 0.10265 -0.31526 0.93930
1731053561.613606453 61.68676 -19.43485 -1.37715 0.08855 0.10364 -0.31444 0.93944
1731053561.623606443 61.70139 -19.44331 -1.38067 0.08880 0.10485 -0.31332 0.93965
1731053561.633606434 61.71594 -19.45186 -1.38423 0.08910 0.10624 -0.31193 0.93993
1731053561.643606663 61.73047 -19.46036 -1.38770 0.08946 0.10772 -0.31033 0.94026
1731053561.653606415 61.74507 -19.46865 -1.39095 0.08992 0.10921 -0.30857 0.94062
1731053561.663606405 61.75979 -19.47665 -1.39388 0.09047 0.11069 -0.30671 0.94101
1731053561.673606396 61.77462 -19.48443 -1.39650 0.09107 0.11219 -0.30473 0.94141
1731053561.683606625 61.78956 -19.49205 -1.39877 0.09168 0.11374 -0.30262 0.94185
1731053561.693606615 61.80460 -19.49957 -1.40070 0.09224 0.11536 -0.30038 0.94231
1731053561.703606367 61.81977 -19.50708 -1.40224 0.09268 0.11695 -0.29801 0.94283
1731053561.713606596 61.83506 -19.51465 -1.40334 0.09291 0.11840 -0.29552 0.94341
1731053561.723606586 61.85050 -19.52234 -1.40397 0.09286 0.11958 -0.29289 0.94408
1731053561.733606577 61.86602 -19.53006 -1.40420 0.09254 0.12049 -0.29014 0.94485
1731053561.743606329 61.88154 -19.53765 -1.40416 0.09202 0.12119 -0.28727 0.94569
1731053561.753606558 61.89697 -19.54490 -1.40399 0.09138 0.12173 -0.28428 0.94658
1731053561.763606548 61.91221 -19.55172 -1.40376 0.09067 0.12219 -0.28118 0.94752
1731053561.773606539 61.92719 -19.55813 -1.40337 0.08991 0.12266 -0.27798 0.94847
1731053561.783606291 61.94183 -19.56415 -1.40275 0.08914 0.12322 -0.27468 0.94943
1731053561.793606520 61.95606 -19.56983 -1.40183 0.08836 0.12394 -0.27130 0.95038
1731053561.803606749 61.97000 -19.57522 -1.40067 0.08760 0.12485 -0.26785 0.95131
1731053561.813606501 61.98375 -19.58039 -1.39936 0.08688 0.12594 -0.26433 0.95222
1731053561.823606491 61.99745 -19.58540 -1.39799 0.08623 0.12720 -0.26076 0.95310
1731053561.833606482 62.01121 -19.59032 -1.39663 0.08567 0.12863 -0.25714 0.95394
1731053561.843606710 62.02514 -19.59521 -1.39536 0.08519 0.13020 -0.25349 0.95474
1731053561.853606462 62.03923 -19.60009 -1.39419 0.08475 0.13186 -0.24981 0.95552
1731053561.863606453 62.05347 -19.60498 -1.39309 0.08427 0.13349 -0.24612 0.95630
1731053561.873606443 62.06781 -19.60989 -1.39206 0.08368 0.13501 -0.24243 0.95708
1731053561.883606672 62.08224 -19.61486 -1.39107 0.08290 0.13633 -0.23875 0.95788
1731053561.893606424 62.09675 -19.61987 -1.39013 0.08188 0.13735 -0.23510 0.95873
1731053561.903606415 62.11144 -19.62489 -1.38924 0.08066 0.13803 -0.23149 0.95961
1731053561.913606405 62.12642 -19.62987 -1.38842 0.07934 0.13831 -0.22795 0.96053
1731053561.923606634 62.14180 -19.63477 -1.38767 0.07796 0.13815 -0.22449 0.96148
1731053561.933606625 62.15747 -19.63964 -1.38703 0.07656 0.13754 -0.22113 0.96246
1731053561.943606377 62.17323 -19.64461 -1.38654 0.07514 0.13655 -0.21786 0.96346
1731053561.953606606 62.18885 -19.64982 -1.38625 0.07367 0.13521 -0.21468 0.96447
1731053561.963606596 62.20419 -19.65533 -1.38616 0.07219 0.13359 -0.21161 0.96549
1731053561.973606586 62.21922 -19.66115 -1.38629 0.07072 0.13176 -0.20866 0.96649
1731053561.983606339 62.23391 -19.66726 -1.38661 0.06933 0.12981 -0.20588 0.96745
1731053561.993606567 62.24828 -19.67365 -1.38711 0.06804 0.12780 -0.20327 0.96836
1731053562.003606558 62.26243 -19.68029 -1.38776 0.06687 0.12578 -0.20085 0.96921
1731053562.013606548 62.27648 -19.68712 -1.38850 0.06579 0.12377 -0.19861 0.97000
1731053562.023606300 62.29058 -19.69409 -1.38930 0.06480 0.12179 -0.19656 0.97074
1731053562.033606529 62.30483 -19.70116 -1.39012 0.06390 0.11988 -0.19469 0.97141
1731053562.043606520 62.31935 -19.70829 -1.39092 0.06306 0.11805 -0.19302 0.97203
1731053562.053606510 62.33410 -19.71550 -1.39166 0.06227 0.11624 -0.19156 0.97258
1731053562.063606262 62.34901 -19.72282 -1.39234 0.06150 0.11440 -0.19036 0.97308
1731053562.073606491 62.36400 -19.73028 -1.39291 0.06072 0.11245 -0.18946 0.97354
1731053562.083606720 62.37902 -19.73790 -1.39336 0.05991 0.11034 -0.18888 0.97394
1731053562.093606472 62.39401 -19.74571 -1.39366 0.05905 0.10800 -0.18865 0.97430
1731053562.103606462 62.40902 -19.75377 -1.39381 0.05815 0.10545 -0.18877 0.97461
1731053562.113606453 62.42411 -19.76212 -1.39379 0.05725 0.10271 -0.18924 0.97486
1731053562.123606682 62.43934 -19.77080 -1.39360 0.05637 0.09981 -0.19005 0.97506
1731053562.133606434 62.45461 -19.77979 -1.39322 0.05551 0.09678 -0.19123 0.97518
1731053562.143606424 62.46975 -19.78898 -1.39265 0.05464 0.09368 -0.19284 0.97522
1731053562.153606415 62.48460 -19.79829 -1.39188 0.05376 0.09057 -0.19493 0.97515
1731053562.163606644 62.49909 -19.80764 -1.39091 0.05288 0.08749 -0.19753 0.97495
1731053562.173606396 62.51337 -19.81698 -1.38981 0.05207 0.08449 -0.20060 0.97463
1731053562.183606386 62.52760 -19.82622 -1.38863 0.05141 0.08160 -0.20408 0.97419
1731053562.193606615 62.54189 -19.83536 -1.38742 0.05097 0.07888 -0.20793 0.97363
1731053562.203606606 62.55618 -19.84445 -1.38619 0.05079 0.07635 -0.21207 0.97294
1731053562.213606596 62.57036 -19.85360 -1.38493 0.05091 0.07406 -0.21641 0.97216
1731053562.223606348 62.58433 -19.86293 -1.38366 0.05136 0.07205 -0.22087 0.97128
1731053562.233606577 62.59796 -19.87252 -1.38238 0.05217 0.07035 -0.22538 0.97033
1731053562.243606567 62.61118 -19.88247 -1.38108 0.05337 0.06899 -0.22986 0.96931
1731053562.253606558 62.62400 -19.89274 -1.37981 0.05490 0.06797 -0.23433 0.96822
1731053562.263606310 62.63647 -19.90326 -1.37859 0.05669 0.06728 -0.23885 0.96706
1731053562.273606539 62.64863 -19.91399 -1.37745 0.05866 0.06691 -0.24345 0.96582
1731053562.283606529 62.66053 -19.92485 -1.37643 0.06075 0.06686 -0.24818 0.96449
1731053562.293606520 62.67219 -19.93584 -1.37555 0.06288 0.06709 -0.25308 0.96307
1731053562.303606272 62.68352 -19.94708 -1.37477 0.06486 0.06760 -0.25816 0.96155
1731053562.313606501 62.69445 -19.95872 -1.37403 0.06654 0.06834 -0.26345 0.95995
1731053562.323606730 62.70489 -19.97091 -1.37329 0.06775 0.06929 -0.26896 0.95827
1731053562.333606482 62.71497 -19.98349 -1.37259 0.06853 0.07046 -0.27461 0.95652
1731053562.343606472 62.72499 -19.99616 -1.37207 0.06908 0.07188 -0.28030 0.95472
1731053562.353606462 62.73520 -20.00856 -1.37183 0.06958 0.07358 -0.28590 0.95289
1731053562.363606691 62.74574 -20.02057 -1.37193 0.07015 0.07551 -0.29135 0.95105
1731053562.373606443 62.75653 -20.03228 -1.37237 0.07082 0.07754 -0.29665 0.94919
1731053562.383606434 62.76744 -20.04386 -1.37312 0.07160 0.07948 -0.30181 0.94735
1731053562.393606424 62.77835 -20.05546 -1.37414 0.07249 0.08119 -0.30682 0.94552
1731053562.403606653 62.78911 -20.06738 -1.37534 0.07343 0.08260 -0.31170 0.94373
1731053562.413606405 62.79955 -20.07993 -1.37662 0.07432 0.08368 -0.31645 0.94199
1731053562.423606396 62.80952 -20.09337 -1.37787 0.07510 0.08437 -0.32105 0.94030
1731053562.433606625 62.81919 -20.10746 -1.37915 0.07576 0.08466 -0.32552 0.93869
1731053562.443606615 62.82891 -20.12161 -1.38057 0.07631 0.08459 -0.32982 0.93714
1731053562.453606606 62.83905 -20.13522 -1.38226 0.07679 0.08417 -0.33395 0.93568
1731053562.463606358 62.84973 -20.14803 -1.38429 0.07721 0.08345 -0.33789 0.93429
1731053562.473606586 62.86080 -20.16030 -1.38668 0.07755 0.08251 -0.34165 0.93298
1731053562.483606577 62.87205 -20.17233 -1.38942 0.07779 0.08144 -0.34524 0.93173
1731053562.493606567 62.88331 -20.18435 -1.39251 0.07792 0.08034 -0.34864 0.93055
1731053562.503606319 62.89457 -20.19641 -1.39585 0.07794 0.07926 -0.35187 0.92943
1731053562.513606548 62.90587 -20.20848 -1.39934 0.07789 0.07827 -0.35492 0.92835
1731053562.523606539 62.91722 -20.22053 -1.40288 0.07777 0.07743 -0.35781 0.92732
1731053562.533606529 62.92866 -20.23254 -1.40635 0.07761 0.07680 -0.36053 0.92634
1731053562.543606281 62.94020 -20.24449 -1.40966 0.07742 0.07642 -0.36308 0.92539
1731053562.553606510 62.95184 -20.25636 -1.41282 0.07720 0.07629 -0.36545 0.92448
1731053562.563606739 62.96357 -20.26811 -1.41582 0.07697 0.07639 -0.36763 0.92363
1731053562.573606491 62.97536 -20.27972 -1.41869 0.07673 0.07671 -0.36959 0.92284
1731053562.583606482 62.98721 -20.29118 -1.42142 0.07647 0.07721 -0.37133 0.92212
1731053562.593606472 62.99912 -20.30250 -1.42402 0.07620 0.07789 -0.37282 0.92148
1731053562.603606701 63.01113 -20.31388 -1.42641 0.07589 0.07869 -0.37410 0.92092
1731053562.613606453 63.02331 -20.32558 -1.42852 0.07550 0.07957 -0.37521 0.92043
1731053562.623606443 63.03573 -20.33782 -1.43028 0.07500 0.08050 -0.37615 0.92000
1731053562.633606434 63.04835 -20.35041 -1.43172 0.07437 0.08148 -0.37694 0.91965
1731053562.643606663 63.06110 -20.36294 -1.43296 0.07361 0.08251 -0.37751 0.91938
1731053562.653606415 63.07390 -20.37497 -1.43412 0.07273 0.08362 -0.37785 0.91921
1731053562.663606405 63.08667 -20.38628 -1.43525 0.07176 0.08484 -0.37793 0.91914
1731053562.673606396 63.09933 -20.39693 -1.43630 0.07082 0.08619 -0.37777 0.91916
1731053562.683606625 63.11179 -20.40703 -1.43721 0.07003 0.08773 -0.37737 0.91923
1731053562.693606615 63.12402 -20.41667 -1.43792 0.06947 0.08947 -0.37676 0.91936
1731053562.703606367 63.13608 -20.42589 -1.43847 0.06917 0.09145 -0.37596 0.91951
1731053562.713606596 63.14806 -20.43475 -1.43890 0.06911 0.09370 -0.37498 0.91969
1731053562.723606586 63.16005 -20.44328 -1.43924 0.06928 0.09624 -0.37385 0.91988
1731053562.733606577 63.17216 -20.45152 -1.43953 0.06967 0.09909 -0.37258 0.92006
1731053562.743606329 63.18446 -20.45952 -1.43981 0.07026 0.10227 -0.37119 0.92023
1731053562.753606558 63.19694 -20.46728 -1.44010 0.07100 0.10574 -0.36968 0.92039
1731053562.763606548 63.20960 -20.47480 -1.44041 0.07180 0.10946 -0.36803 0.92055
1731053562.773606539 63.22243 -20.48208 -1.44078 0.07262 0.11338 -0.36624 0.92073
1731053562.783606291 63.23540 -20.48911 -1.44121 0.07337 0.11746 -0.36430 0.92093
1731053562.793606520 63.24850 -20.49591 -1.44171 0.07401 0.12164 -0.36220 0.92116
1731053562.803606749 63.26172 -20.50252 -1.44229 0.07451 0.12585 -0.35997 0.92143
1731053562.813606501 63.27505 -20.50901 -1.44293 0.07487 0.13001 -0.35764 0.92173
1731053562.823606491 63.28845 -20.51543 -1.44362 0.07510 0.13403 -0.35522 0.92207
1731053562.833606482 63.30192 -20.52185 -1.44435 0.07518 0.13785 -0.35275 0.92245
1731053562.843606710 63.31545 -20.52830 -1.44511 0.07511 0.14137 -0.35025 0.92288
1731053562.853606462 63.32905 -20.53479 -1.44588 0.07488 0.14451 -0.34775 0.92335
1731053562.863606453 63.34273 -20.54127 -1.44667 0.07447 0.14720 -0.34528 0.92389
1731053562.873606443 63.35651 -20.54774 -1.44746 0.07385 0.14936 -0.34286 0.92449
1731053562.883606672 63.37042 -20.55416 -1.44824 0.07302 0.15090 -0.34051 0.92517
1731053562.893606424 63.38445 -20.56052 -1.44902 0.07197 0.15177 -0.33827 0.92594
1731053562.903606415 63.39861 -20.56686 -1.44983 0.07076 0.15203 -0.33612 0.92677
1731053562.913606405 63.41286 -20.57324 -1.45069 0.06946 0.15176 -0.33407 0.92765
1731053562.923606634 63.42720 -20.57971 -1.45164 0.06815 0.15105 -0.33210 0.92857
1731053562.933606625 63.44161 -20.58631 -1.45273 0.06691 0.14999 -0.33021 0.92951
1731053562.943606377 63.45606 -20.59310 -1.45397 0.06579 0.14866 -0.32839 0.93045
1731053562.953606606 63.47053 -20.60005 -1.45535 0.06481 0.14711 -0.32665 0.93138
1731053562.963606596 63.48502 -20.60712 -1.45683 0.06400 0.14540 -0.32500 0.93228
1731053562.973606586 63.49948 -20.61428 -1.45837 0.06336 0.14357 -0.32344 0.93314
1731053562.983606339 63.51392 -20.62149 -1.45995 0.06290 0.14169 -0.32200 0.93396
1731053562.993606567 63.52826 -20.62878 -1.46154 0.06262 0.13978 -0.32067 0.93472
1731053563.003606558 63.54239 -20.63641 -1.46309 0.06249 0.13784 -0.31951 0.93542
1731053563.013606548 63.55613 -20.64471 -1.46459 0.06245 0.13583 -0.31856 0.93604
1731053563.023606300 63.56934 -20.65396 -1.46599 0.06246 0.13373 -0.31786 0.93658
1731053563.033606529 63.58216 -20.66391 -1.46727 0.06247 0.13152 -0.31746 0.93703
1731053563.043606520 63.59489 -20.67399 -1.46838 0.06244 0.12919 -0.31736 0.93739
1731053563.053606510 63.60783 -20.68360 -1.46929 0.06231 0.12674 -0.31758 0.93765
1731053563.063606262 63.62113 -20.69250 -1.46998 0.06210 0.12421 -0.31813 0.93782
1731053563.073606491 63.63463 -20.70094 -1.47050 0.06187 0.12171 -0.31903 0.93786
1731053563.083606720 63.64815 -20.70923 -1.47089 0.06167 0.11935 -0.32027 0.93775
1731053563.093606472 63.66159 -20.71757 -1.47115 0.06159 0.11726 -0.32186 0.93748
1731053563.103606462 63.67499 -20.72580 -1.47117 0.06162 0.11554 -0.32371 0.93705
1731053563.113606453 63.68846 -20.73365 -1.47081 0.06181 0.11431 -0.32576 0.93648
1731053563.123606682 63.70208 -20.74090 -1.46994 0.06215 0.11367 -0.32791 0.93578
1731053563.133606434 63.71575 -20.74773 -1.46868 0.06271 0.11359 -0.33015 0.93497
1731053563.143606424 63.72923 -20.75457 -1.46728 0.06352 0.11399 -0.33243 0.93406
1731053563.153606415 63.74229 -20.76187 -1.46598 0.06464 0.11476 -0.33475 0.93306
1731053563.163606644 63.75480 -20.76985 -1.46493 0.06608 0.11581 -0.33712 0.93197
1731053563.173606396 63.76681 -20.77844 -1.46412 0.06777 0.11704 -0.33958 0.93080
1731053563.183606386 63.77837 -20.78751 -1.46349 0.06961 0.11833 -0.34221 0.92954
1731053563.193606615 63.78956 -20.79695 -1.46301 0.07154 0.11962 -0.34502 0.92819
1731053563.203606606 63.80044 -20.80665 -1.46263 0.07350 0.12088 -0.34802 0.92675
1731053563.213606596 63.81107 -20.81649 -1.46228 0.07544 0.12213 -0.35115 0.92525
1731053563.223606348 63.82152 -20.82639 -1.46192 0.07732 0.12339 -0.35439 0.92369
1731053563.233606577 63.83185 -20.83623 -1.46147 0.07908 0.12467 -0.35771 0.92209
1731053563.243606567 63.84211 -20.84593 -1.46090 0.08070 0.12596 -0.36106 0.92046
1731053563.253606558 63.85234 -20.85551 -1.46024 0.08217 0.12722 -0.36443 0.91883
1731053563.263606310 63.86252 -20.86498 -1.45956 0.08353 0.12840 -0.36779 0.91721
1731053563.273606539 63.87269 -20.87439 -1.45891 0.08478 0.12944 -0.37112 0.91560
1731053563.283606529 63.88283 -20.88377 -1.45835 0.08595 0.13027 -0.37439 0.91404
1731053563.293606520 63.89299 -20.89318 -1.45794 0.08704 0.13086 -0.37758 0.91254
1731053563.303606272 63.90327 -20.90288 -1.45775 0.08805 0.13119 -0.38072 0.91109
1731053563.313606501 63.91380 -20.91315 -1.45786 0.08893 0.13129 -0.38381 0.90969
1731053563.323606730 63.92469 -20.92423 -1.45834 0.08967 0.13115 -0.38687 0.90834
1731053563.333606482 63.93586 -20.93592 -1.45913 0.09028 0.13078 -0.38991 0.90704
1731053563.343606472 63.94710 -20.94769 -1.46012 0.09081 0.13015 -0.39292 0.90577
1731053563.353606462 63.95820 -20.95904 -1.46119 0.09130 0.12926 -0.39590 0.90456
1731053563.363606691 63.96905 -20.96975 -1.46227 0.09176 0.12810 -0.39883 0.90339
1731053563.373606443 63.97971 -20.98006 -1.46338 0.09219 0.12677 -0.40169 0.90226
1731053563.383606434 63.99026 -20.99025 -1.46455 0.09258 0.12531 -0.40446 0.90119
1731053563.393606424 64.00076 -21.00056 -1.46580 0.09290 0.12381 -0.40713 0.90016
1731053563.403606653 64.01127 -21.01100 -1.46712 0.09314 0.12228 -0.40968 0.89919
1731053563.413606405 64.02185 -21.02154 -1.46853 0.09325 0.12072 -0.41212 0.89827
1731053563.423606396 64.03255 -21.03217 -1.47001 0.09320 0.11916 -0.41444 0.89741
1731053563.433606625 64.04343 -21.04283 -1.47157 0.09297 0.11760 -0.41666 0.89662
1731053563.443606615 64.05453 -21.05352 -1.47320 0.09253 0.11605 -0.41875 0.89589
1731053563.453606606 64.06585 -21.06421 -1.47486 0.09192 0.11455 -0.42069 0.89524
1731053563.463606358 64.07736 -21.07490 -1.47650 0.09118 0.11312 -0.42243 0.89467
1731053563.473606586 64.08903 -21.08559 -1.47808 0.09034 0.11178 -0.42395 0.89421
1731053563.483606577 64.10084 -21.09625 -1.47955 0.08946 0.11057 -0.42520 0.89385
1731053563.493606567 64.11275 -21.10691 -1.48087 0.08856 0.10951 -0.42616 0.89362
1731053563.503606319 64.12456 -21.11769 -1.48204 0.08768 0.10858 -0.42683 0.89350
1731053563.513606548 64.13609 -21.12875 -1.48306 0.08681 0.10775 -0.42722 0.89350
1731053563.523606539 64.14715 -21.14021 -1.48394 0.08598 0.10700 -0.42734 0.89361
1731053563.533606529 64.15789 -21.15195 -1.48469 0.08523 0.10634 -0.42724 0.89381
1731053563.543606281 64.16867 -21.16365 -1.48531 0.08464 0.10575 -0.42694 0.89408
1731053563.553606510 64.17984 -21.17501 -1.48583 0.08427 0.10527 -0.42648 0.89439
1731053563.563606739 64.19158 -21.18588 -1.48623 0.08414 0.10491 -0.42590 0.89472
1731053563.573606491 64.20376 -21.19639 -1.48645 0.08419 0.10473 -0.42517 0.89508
1731053563.583606482 64.21623 -21.20667 -1.48644 0.08433 0.10480 -0.42428 0.89548
1731053563.593606472 64.22887 -21.21684 -1.48615 0.08453 0.10515 -0.42323 0.89592
1731053563.603606701 64.24157 -21.22705 -1.48561 0.08476 0.10568 -0.42205 0.89639
1731053563.613606453 64.25428 -21.23743 -1.48484 0.08503 0.10627 -0.42080 0.89689
1731053563.623606443 64.26693 -21.24810 -1.48389 0.08536 0.10679 -0.41952 0.89739
1731053563.633606434 64.27951 -21.25893 -1.48278 0.08571 0.10719 -0.41822 0.89792
1731053563.643606663 64.29210 -21.26965 -1.48153 0.08605 0.10748 -0.41687 0.89848
1731053563.653606415 64.30475 -21.28001 -1.48017 0.08631 0.10765 -0.41545 0.89909
1731053563.663606405 64.31751 -21.28987 -1.47875 0.08652 0.10772 -0.41394 0.89976
1731053563.673606396 64.33037 -21.29928 -1.47743 0.08675 0.10781 -0.41232 0.90047
1731053563.683606625 64.34337 -21.30832 -1.47632 0.08708 0.10801 -0.41059 0.90120
1731053563.693606615 64.35649 -21.31707 -1.47554 0.08760 0.10842 -0.40873 0.90195
1731053563.703606367 64.36968 -21.32559 -1.47501 0.08825 0.10905 -0.40679 0.90269
1731053563.713606596 64.38290 -21.33394 -1.47460 0.08897 0.10994 -0.40478 0.90341
1731053563.723606586 64.39607 -21.34215 -1.47419 0.08970 0.11110 -0.40275 0.90410
1731053563.733606577 64.40914 -21.35030 -1.47366 0.09037 0.11256 -0.40071 0.90476
1731053563.743606329 64.42207 -21.35842 -1.47293 0.09093 0.11432 -0.39871 0.90537
1731053563.753606558 64.43487 -21.36654 -1.47205 0.09134 0.11629 -0.39674 0.90594
1731053563.763606548 64.44757 -21.37469 -1.47113 0.09157 0.11836 -0.39481 0.90649
1731053563.773606539 64.46021 -21.38288 -1.47024 0.09161 0.12043 -0.39292 0.90704
1731053563.783606291 64.47282 -21.39115 -1.46951 0.09141 0.12240 -0.39108 0.90759
1731053563.793606520 64.48543 -21.39953 -1.46899 0.09098 0.12416 -0.38928 0.90817
1731053563.803606749 64.49807 -21.40817 -1.46874 0.09040 0.12568 -0.38751 0.90877
1731053563.813606501 64.51079 -21.41724 -1.46879 0.08974 0.12693 -0.38577 0.90940
1731053563.823606491 64.52359 -21.42687 -1.46914 0.08911 0.12788 -0.38406 0.91006
1731053563.833606482 64.53641 -21.43688 -1.46971 0.08848 0.12850 -0.38238 0.91074
1731053563.843606710 64.54911 -21.44688 -1.47032 0.08777 0.12878 -0.38078 0.91144
1731053563.853606462 64.56156 -21.45647 -1.47081 0.08689 0.12869 -0.37929 0.91216
1731053563.863606453 64.57372 -21.46552 -1.47112 0.08582 0.12825 -0.37793 0.91288
1731053563.873606443 64.58573 -21.47428 -1.47140 0.08467 0.12753 -0.37671 0.91360
1731053563.883606672 64.59773 -21.48305 -1.47179 0.08353 0.12661 -0.37560 0.91428
1731053563.893606424 64.60985 -21.49206 -1.47242 0.08249 0.12555 -0.37462 0.91493
1731053563.903606415 64.62208 -21.50135 -1.47327 0.08156 0.12438 -0.37376 0.91552
1731053563.913606405 64.63438 -21.51090 -1.47431 0.08075 0.12313 -0.37305 0.91605
1731053563.923606634 64.64674 -21.52066 -1.47548 0.08006 0.12180 -0.37250 0.91651
1731053563.933606625 64.65910 -21.53063 -1.47675 0.07950 0.12042 -0.37213 0.91690
1731053563.943606377 64.67146 -21.54077 -1.47807 0.07907 0.11901 -0.37195 0.91719
1731053563.953606606 64.68376 -21.55106 -1.47939 0.07876 0.11758 -0.37197 0.91739
1731053563.963606596 64.69598 -21.56148 -1.48068 0.07859 0.11616 -0.37222 0.91749
1731053563.973606586 64.70810 -21.57199 -1.48189 0.07856 0.11476 -0.37270 0.91747
1731053563.983606339 64.72007 -21.58258 -1.48297 0.07866 0.11340 -0.37343 0.91733
1731053563.993606567 64.73188 -21.59328 -1.48391 0.07888 0.11209 -0.37444 0.91706
1731053564.003606558 64.74363 -21.60442 -1.48474 0.07911 0.11076 -0.37577 0.91666
1731053564.013606548 64.75542 -21.61638 -1.48553 0.07919 0.10935 -0.37749 0.91612
1731053564.023606300 64.76733 -21.62950 -1.48632 0.07902 0.10779 -0.37964 0.91543
1731053564.033606529 64.77928 -21.64350 -1.48705 0.07858 0.10612 -0.38223 0.91459
1731053564.043606520 64.79105 -21.65771 -1.48754 0.07798 0.10444 -0.38519 0.91358
1731053564.053606510 64.80243 -21.67146 -1.48763 0.07730 0.10285 -0.38850 0.91242
1731053564.063606262 64.81330 -21.68443 -1.48725 0.07663 0.10142 -0.39208 0.91111
1731053564.073606491 64.82367 -21.69690 -1.48642 0.07600 0.10016 -0.39584 0.90967
1731053564.083606720 64.83357 -21.70917 -1.48521 0.07546 0.09906 -0.39968 0.90816
1731053564.093606472 64.84303 -21.72148 -1.48366 0.07505 0.09815 -0.40353 0.90659
1731053564.103606462 64.85213 -21.73387 -1.48188 0.07482 0.09741 -0.40738 0.90496
1731053564.113606453 64.86091 -21.74630 -1.47996 0.07482 0.09686 -0.41123 0.90328
1731053564.123606682 64.86947 -21.75872 -1.47801 0.07511 0.09649 -0.41511 0.90152
1731053564.133606434 64.87786 -21.77110 -1.47613 0.07573 0.09631 -0.41900 0.89968
1731053564.143606424 64.88615 -21.78341 -1.47439 0.07671 0.09631 -0.42294 0.89776
1731053564.153606415 64.89433 -21.79565 -1.47280 0.07796 0.09647 -0.42693 0.89574
1731053564.163606644 64.90240 -21.80785 -1.47131 0.07939 0.09676 -0.43100 0.89363
1731053564.173606396 64.91034 -21.82001 -1.46990 0.08088 0.09716 -0.43517 0.89143
1731053564.183606386 64.91814 -21.83216 -1.46853 0.08233 0.09763 -0.43947 0.88913
1731053564.193606615 64.92578 -21.84433 -1.46720 0.08363 0.09816 -0.44390 0.88675
1731053564.203606606 64.93319 -21.85663 -1.46598 0.08478 0.09878 -0.44839 0.88431
1731053564.213606596 64.94030 -21.86920 -1.46496 0.08577 0.09954 -0.45286 0.88185
1731053564.223606348 64.94706 -21.88215 -1.46424 0.08659 0.10048 -0.45722 0.87941
1731053564.233606577 64.95357 -21.89537 -1.46379 0.08729 0.10153 -0.46145 0.87700
1731053564.243606567 64.96005 -21.90860 -1.46355 0.08793 0.10259 -0.46558 0.87463
1731053564.253606558 64.96674 -21.92160 -1.46344 0.08858 0.10351 -0.46963 0.87229
1731053564.263606310 64.97374 -21.93424 -1.46343 0.08927 0.10424 -0.47361 0.86997
1731053564.273606539 64.98100 -21.94665 -1.46355 0.08999 0.10476 -0.47751 0.86770
1731053564.283606529 64.98846 -21.95895 -1.46383 0.09073 0.10509 -0.48131 0.86549
1731053564.293606520 64.99606 -21.97128 -1.46432 0.09145 0.10522 -0.48500 0.86333
1731053564.303606272 65.00378 -21.98381 -1.46512 0.09215 0.10509 -0.48859 0.86125
1731053564.313606501 65.01165 -21.99668 -1.46634 0.09281 0.10462 -0.49209 0.85924
1731053564.323606730 65.01965 -22.01005 -1.46808 0.09344 0.10376 -0.49550 0.85731
1731053564.333606482 65.02769 -22.02392 -1.47023 0.09403 0.10253 -0.49882 0.85547
1731053564.343606472 65.03561 -22.03817 -1.47256 0.09459 0.10102 -0.50203 0.85370
1731053564.353606462 65.04325 -22.05269 -1.47484 0.09513 0.09931 -0.50514 0.85201
1731053564.363606691 65.05058 -22.06737 -1.47696 0.09563 0.09750 -0.50812 0.85039
1731053564.373606443 65.05779 -22.08208 -1.47900 0.09607 0.09569 -0.51094 0.84885
1731053564.383606434 65.06508 -22.09669 -1.48106 0.09640 0.09398 -0.51356 0.84743
1731053564.393606424 65.07261 -22.11110 -1.48322 0.09660 0.09244 -0.51594 0.84613
1731053564.403606653 65.08040 -22.12530 -1.48548 0.09668 0.09111 -0.51809 0.84495
1731053564.413606405 65.08845 -22.13929 -1.48781 0.09667 0.08999 -0.51999 0.84390
1731053564.423606396 65.09674 -22.15309 -1.49019 0.09659 0.08909 -0.52163 0.84299
1731053564.433606625 65.10525 -22.16671 -1.49259 0.09648 0.08842 -0.52303 0.84221
1731053564.443606615 65.11397 -22.18015 -1.49499 0.09635 0.08799 -0.52416 0.84157
1731053564.453606606 65.12288 -22.19343 -1.49736 0.09624 0.08782 -0.52502 0.84106
1731053564.463606358 65.13198 -22.20657 -1.49968 0.09617 0.08790 -0.52560 0.84069
1731053564.473606586 65.14125 -22.21956 -1.50192 0.09616 0.08824 -0.52591 0.84047
1731053564.483606577 65.15067 -22.23242 -1.50407 0.09626 0.08887 -0.52592 0.84038
1731053564.493606567 65.16020 -22.24518 -1.50608 0.09645 0.08977 -0.52565 0.84043
1731053564.503606319 65.16973 -22.25789 -1.50792 0.09666 0.09087 -0.52513 0.84062
1731053564.513606548 65.17911 -22.27064 -1.50955 0.09679 0.09208 -0.52438 0.84094
1731053564.523606539 65.18821 -22.28349 -1.51090 0.09675 0.09333 -0.52346 0.84138
1731053564.533606529 65.19716 -22.29640 -1.51199 0.09652 0.09462 -0.52237 0.84194
1731053564.543606281 65.20628 -22.30922 -1.51284 0.09616 0.09599 -0.52108 0.84262
1731053564.553606510 65.21586 -22.32184 -1.51348 0.09572 0.09751 -0.51957 0.84343
1731053564.563606739 65.22603 -22.33417 -1.51393 0.09526 0.09916 -0.51783 0.84436
1731053564.573606491 65.23665 -22.34622 -1.51420 0.09484 0.10089 -0.51586 0.84541
1731053564.583606482 65.24756 -22.35800 -1.51429 0.09454 0.10260 -0.51365 0.84658
1731053564.593606472 65.25861 -22.36957 -1.51424 0.09441 0.10423 -0.51120 0.84788
1731053564.603606701 65.26982 -22.38107 -1.51414 0.09447 0.10580 -0.50855 0.84927
1731053564.613606453 65.28119 -22.39269 -1.51408 0.09473 0.10732 -0.50574 0.85073
1731053564.623606443 65.29274 -22.40459 -1.51416 0.09521 0.10882 -0.50281 0.85222
1731053564.633606434 65.30446 -22.41663 -1.51432 0.09586 0.11033 -0.49981 0.85372
1731053564.643606663 65.31627 -22.42844 -1.51440 0.09663 0.11189 -0.49677 0.85520
1731053564.653606415 65.32810 -22.43969 -1.51423 0.09745 0.11352 -0.49373 0.85665
1731053564.663606405 65.33993 -22.45018 -1.51373 0.09826 0.11525 -0.49073 0.85805
1731053564.673606396 65.35181 -22.45994 -1.51291 0.09898 0.11704 -0.48776 0.85941
1731053564.683606625 65.36377 -22.46905 -1.51183 0.09955 0.11885 -0.48484 0.86075
1731053564.693606615 65.37585 -22.47761 -1.51052 0.09989 0.12065 -0.48195 0.86209
1731053564.703606367 65.38802 -22.48578 -1.50910 0.10001 0.12240 -0.47910 0.86341
1731053564.713606596 65.40023 -22.49380 -1.50765 0.09994 0.12406 -0.47627 0.86475
1731053564.723606586 65.41244 -22.50185 -1.50630 0.09968 0.12559 -0.47347 0.86609
1731053564.733606577 65.42460 -22.51017 -1.50516 0.09927 0.12694 -0.47069 0.86746
1731053564.743606329 65.43668 -22.51890 -1.50429 0.09871 0.12809 -0.46792 0.86885
1731053564.753606558 65.44864 -22.52806 -1.50367 0.09800 0.12898 -0.46519 0.87026
1731053564.763606548 65.46046 -22.53762 -1.50322 0.09712 0.12958 -0.46253 0.87169
1731053564.773606539 65.47210 -22.54754 -1.50287 0.09608 0.12986 -0.45997 0.87312
1731053564.783606291 65.48356 -22.55779 -1.50256 0.09485 0.12978 -0.45752 0.87455
1731053564.793606520 65.49481 -22.56832 -1.50223 0.09344 0.12932 -0.45522 0.87597
1731053564.803606749 65.50591 -22.57910 -1.50190 0.09187 0.12847 -0.45308 0.87737
1731053564.813606501 65.51693 -22.59006 -1.50158 0.09017 0.12726 -0.45108 0.87875
1731053564.823606491 65.52792 -22.60114 -1.50131 0.08837 0.12572 -0.44924 0.88010
1731053564.833606482 65.53897 -22.61231 -1.50110 0.08650 0.12384 -0.44755 0.88141
1731053564.843606710 65.55011 -22.62350 -1.50099 0.08460 0.12167 -0.44602 0.88267
1731053564.853606462 65.56134 -22.63473 -1.50093 0.08266 0.11923 -0.44467 0.88387
1731053564.863606453 65.57260 -22.64601 -1.50091 0.08071 0.11654 -0.44351 0.88499
1731053564.873606443 65.58386 -22.65736 -1.50089 0.07875 0.11364 -0.44255 0.88602
1731053564.883606672 65.59508 -22.66879 -1.50084 0.07679 0.11056 -0.44182 0.88695
1731053564.893606424 65.60625 -22.68035 -1.50074 0.07484 0.10734 -0.44132 0.88776
1731053564.903606415 65.61749 -22.69223 -1.50059 0.07295 0.10404 -0.44107 0.88843
1731053564.913606405 65.62893 -22.70463 -1.50042 0.07114 0.10074 -0.44105 0.88897
1731053564.923606634 65.64070 -22.71776 -1.50024 0.06945 0.09749 -0.44126 0.88936
1731053564.933606625 65.65264 -22.73140 -1.50002 0.06790 0.09433 -0.44173 0.88959
1731053564.943606377 65.66445 -22.74512 -1.49966 0.06644 0.09128 -0.44246 0.88965
1731053564.953606606 65.67578 -22.75848 -1.49907 0.06507 0.08835 -0.44349 0.88954
1731053564.963606596 65.68647 -22.77131 -1.49821 0.06376 0.08553 -0.44481 0.88925
1731053564.973606586 65.69653 -22.78387 -1.49707 0.06253 0.08283 -0.44644 0.88878
1731053564.983606339 65.70602 -22.79645 -1.49568 0.06138 0.08023 -0.44836 0.88813
1731053564.993606567 65.71498 -22.80930 -1.49405 0.06034 0.07773 -0.45056 0.88731
1731053565.003606558 65.72353 -22.82237 -1.49225 0.05940 0.07534 -0.45301 0.88633
1731053565.013606548 65.73178 -22.83559 -1.49033 0.05857 0.07310 -0.45567 0.88521
1731053565.023606300 65.73984 -22.84887 -1.48837 0.05787 0.07103 -0.45848 0.88397
1731053565.033606529 65.74785 -22.86211 -1.48642 0.05728 0.06915 -0.46139 0.88264
1731053565.043606520 65.75588 -22.87525 -1.48454 0.05684 0.06748 -0.46439 0.88123
1731053565.053606510 65.76392 -22.88827 -1.48276 0.05659 0.06605 -0.46744 0.87973
1731053565.063606262 65.77192 -22.90119 -1.48109 0.05660 0.06487 -0.47056 0.87816
1731053565.073606491 65.77984 -22.91400 -1.47954 0.05694 0.06395 -0.47374 0.87649
1731053565.083606720 65.78761 -22.92673 -1.47811 0.05766 0.06329 -0.47698 0.87473
1731053565.093606472 65.79521 -22.93939 -1.47686 0.05882 0.06292 -0.48029 0.87287
1731053565.103606462 65.80259 -22.95211 -1.47591 0.06035 0.06290 -0.48366 0.87091
1731053565.113606453 65.80969 -22.96503 -1.47542 0.06218 0.06327 -0.48710 0.86883
1731053565.123606682 65.81648 -22.97828 -1.47553 0.06425 0.06408 -0.49061 0.86664
1731053565.133606434 65.82302 -22.99176 -1.47611 0.06648 0.06534 -0.49417 0.86435
1731053565.143606424 65.82941 -23.00524 -1.47686 0.06880 0.06703 -0.49774 0.86199
1731053565.153606415 65.83578 -23.01847 -1.47749 0.07116 0.06913 -0.50127 0.85958
1731053565.163606644 65.84219 -23.03136 -1.47785 0.07350 0.07156 -0.50475 0.85715
1731053565.173606396 65.84864 -23.04399 -1.47804 0.07575 0.07415 -0.50817 0.85471
1731053565.183606386 65.85511 -23.05648 -1.47821 0.07787 0.07671 -0.51154 0.85228
1731053565.193606615 65.86158 -23.06892 -1.47843 0.07980 0.07911 -0.51487 0.84987
1731053565.203606606 65.86794 -23.08120 -1.47864 0.08157 0.08124 -0.51816 0.84750
1731053565.213606596 65.87406 -23.09319 -1.47872 0.08318 0.08306 -0.52141 0.84517
1731053565.223606348 65.87983 -23.10478 -1.47857 0.08465 0.08449 -0.52462 0.84289
1731053565.233606577 65.88538 -23.11609 -1.47833 0.08601 0.08552 -0.52779 0.84067
1731053565.243606567 65.89096 -23.12741 -1.47824 0.08726 0.08613 -0.53091 0.83851
1731053565.253606558 65.89684 -23.13902 -1.47856 0.08841 0.08633 -0.53396 0.83643
1731053565.263606310 65.90311 -23.15117 -1.47943 0.08948 0.08612 -0.53696 0.83442
1731053565.273606539 65.90959 -23.16402 -1.48073 0.09046 0.08558 -0.53988 0.83248
1731053565.283606529 65.91610 -23.17773 -1.48237 0.09135 0.08475 -0.54272 0.83062
1731053565.293606520 65.92249 -23.19238 -1.48424 0.09214 0.08371 -0.54548 0.82883
1731053565.303606272 65.92880 -23.20771 -1.48627 0.09281 0.08252 -0.54815 0.82711
1731053565.313606501 65.93511 -23.22342 -1.48840 0.09334 0.08125 -0.55074 0.82545
1731053565.323606730 65.94153 -23.23919 -1.49057 0.09372 0.07995 -0.55323 0.82387
1731053565.333606482 65.94813 -23.25468 -1.49273 0.09391 0.07871 -0.55564 0.82235
1731053565.343606472 65.95499 -23.26965 -1.49483 0.09391 0.07758 -0.55794 0.82089
1731053565.353606462 65.96208 -23.28414 -1.49685 0.09377 0.07659 -0.56011 0.81952
1731053565.363606691 65.96937 -23.29826 -1.49879 0.09353 0.07578 -0.56211 0.81826
1731053565.373606443 65.97683 -23.31212 -1.50065 0.09324 0.07518 -0.56389 0.81712
1731053565.383606434 65.98442 -23.32583 -1.50242 0.09296 0.07481 -0.56541 0.81613
1731053565.393606424 65.99208 -23.33948 -1.50408 0.09272 0.07469 -0.56665 0.81531
1731053565.403606653 65.99971 -23.35303 -1.50558 0.09253 0.07474 -0.56762 0.81465
1731053565.413606405 66.00716 -23.36640 -1.50686 0.09235 0.07490 -0.56833 0.81416
1731053565.423606396 66.01433 -23.37954 -1.50785 0.09218 0.07506 -0.56880 0.81384
1731053565.433606625 66.02135 -23.39249 -1.50859 0.09201 0.07524 -0.56906 0.81366
1731053565.443606615 66.02847 -23.40538 -1.50914 0.09184 0.07549 -0.56913 0.81361
1731053565.453606606 66.03598 -23.41831 -1.50960 0.09170 0.07585 -0.56906 0.81364
1731053565.463606358 66.04399 -23.43134 -1.50999 0.09157 0.07637 -0.56883 0.81376
1731053565.473606586 66.05243 -23.44440 -1.51028 0.09147 0.07708 -0.56845 0.81398
1731053565.483606577 66.06117 -23.45742 -1.51041 0.09138 0.07801 -0.56787 0.81430
1731053565.493606567 66.07012 -23.47035 -1.51038 0.09132 0.07917 -0.56709 0.81474
1731053565.503606319 66.07915 -23.48310 -1.51028 0.09131 0.08051 -0.56610 0.81530
1731053565.513606548 66.08815 -23.49562 -1.51026 0.09139 0.08197 -0.56493 0.81595
1731053565.523606539 66.09702 -23.50785 -1.51045 0.09158 0.08349 -0.56359 0.81671
1731053565.533606529 66.10584 -23.51979 -1.51076 0.09191 0.08505 -0.56207 0.81756
1731053565.543606281 66.11480 -23.53150 -1.51098 0.09238 0.08665 -0.56037 0.81850
1731053565.553606510 66.12410 -23.54302 -1.51091 0.09303 0.08831 -0.55849 0.81954
1731053565.563606739 66.13381 -23.55444 -1.51044 0.09385 0.09004 -0.55641 0.82066
1731053565.573606491 66.14385 -23.56583 -1.50958 0.09485 0.09187 -0.55417 0.82187
1731053565.583606482 66.15415 -23.57730 -1.50840 0.09602 0.09384 -0.55175 0.82313
1731053565.593606472 66.16462 -23.58891 -1.50694 0.09735 0.09596 -0.54919 0.82444
1731053565.603606701 66.17522 -23.60059 -1.50530 0.09874 0.09821 -0.54651 0.82579
1731053565.613606453 66.18593 -23.61223 -1.50360 0.10008 0.10055 -0.54374 0.82718
1731053565.623606443 66.19672 -23.62373 -1.50195 0.10126 0.10294 -0.54091 0.82860
1731053565.633606434 66.20758 -23.63499 -1.50047 0.10217 0.10532 -0.53804 0.83005
1731053565.643606663 66.21849 -23.64594 -1.49926 0.10272 0.10767 -0.53518 0.83153
1731053565.653606415 66.22946 -23.65668 -1.49837 0.10294 0.10997 -0.53233 0.83303
1731053565.663606405 66.24051 -23.66733 -1.49784 0.10288 0.11219 -0.52950 0.83454
1731053565.673606396 66.25166 -23.67804 -1.49769 0.10259 0.11431 -0.52669 0.83606
1731053565.683606625 66.26292 -23.68894 -1.49797 0.10211 0.11632 -0.52394 0.83758
1731053565.693606615 66.27430 -23.70012 -1.49869 0.10150 0.11818 -0.52123 0.83908
1731053565.703606367 66.28577 -23.71152 -1.49975 0.10077 0.11986 -0.51858 0.84057
1731053565.713606596 66.29726 -23.72307 -1.50100 0.09996 0.12131 -0.51599 0.84205
1731053565.723606586 66.30872 -23.73466 -1.50233 0.09909 0.12248 -0.51348 0.84352
1731053565.733606577 66.32010 -23.74620 -1.50360 0.09817 0.12332 -0.51105 0.84497
1731053565.743606329 66.33135 -23.75764 -1.50471 0.09724 0.12379 -0.50872 0.84642
1731053565.753606558 66.34249 -23.76899 -1.50566 0.09626 0.12384 -0.50649 0.84786
1731053565.763606548 66.35351 -23.78031 -1.50648 0.09522 0.12345 -0.50438 0.84929
1731053565.773606539 66.36446 -23.79165 -1.50720 0.09410 0.12257 -0.50241 0.85071
1731053565.783606291 66.37534 -23.80306 -1.50783 0.09288 0.12117 -0.50058 0.85212
1731053565.793606520 66.38614 -23.81462 -1.50839 0.09153 0.11922 -0.49891 0.85352
1731053565.803606749 66.39678 -23.82650 -1.50880 0.09007 0.11680 -0.49742 0.85488
1731053565.813606501 66.40710 -23.83890 -1.50893 0.08848 0.11399 -0.49611 0.85618
1731053565.823606491 66.41701 -23.85199 -1.50870 0.08679 0.11089 -0.49500 0.85741
1731053565.833606482 66.42660 -23.86560 -1.50817 0.08503 0.10758 -0.49410 0.85852
1731053565.843606710 66.43610 -23.87934 -1.50751 0.08329 0.10414 -0.49341 0.85951
1731053565.853606462 66.44571 -23.89282 -1.50689 0.08165 0.10066 -0.49294 0.86035
1731053565.863606453 66.45554 -23.90586 -1.50638 0.08016 0.09718 -0.49271 0.86102
1731053565.873606443 66.46548 -23.91860 -1.50590 0.07876 0.09375 -0.49274 0.86152
1731053565.883606672 66.47540 -23.93119 -1.50536 0.07744 0.09037 -0.49304 0.86183
1731053565.893606424 66.48518 -23.94381 -1.50468 0.07616 0.08706 -0.49363 0.86195
1731053565.903606415 66.49476 -23.95653 -1.50384 0.07494 0.08386 -0.49454 0.86185
1731053565.913606405 66.50410 -23.96945 -1.50284 0.07381 0.08078 -0.49578 0.86153
1731053565.923606634 66.51316 -23.98263 -1.50168 0.07280 0.07785 -0.49738 0.86096
1731053565.933606625 66.52196 -23.99605 -1.50035 0.07190 0.07507 -0.49931 0.86016
1731053565.943606377 66.53056 -24.00958 -1.49885 0.07107 0.07242 -0.50156 0.85915
1731053565.953606606 66.53903 -24.02312 -1.49717 0.07027 0.06988 -0.50409 0.85794
1731053565.963606596 66.54734 -24.03670 -1.49528 0.06950 0.06744 -0.50687 0.85657
1731053565.973606586 66.55532 -24.05052 -1.49313 0.06882 0.06511 -0.50980 0.85506
1731053565.983606339 66.56280 -24.06483 -1.49066 0.06828 0.06290 -0.51283 0.85346
1731053565.993606567 66.56966 -24.07976 -1.48782 0.06793 0.06081 -0.51588 0.85179
1731053566.003606558 66.57600 -24.09515 -1.48472 0.06781 0.05884 -0.51896 0.85007
1731053566.013606548 66.58198 -24.11073 -1.48150 0.06794 0.05699 -0.52207 0.84828
1731053566.023606300 66.58778 -24.12624 -1.47829 0.06836 0.05525 -0.52523 0.84641
1731053566.033606529 66.59354 -24.14141 -1.47522 0.06909 0.05362 -0.52845 0.84444
1731053566.043606520 66.59941 -24.15606 -1.47241 0.07014 0.05211 -0.53175 0.84238
1731053566.053606510 66.60536 -24.17023 -1.46982 0.07144 0.05075 -0.53511 0.84022
1731053566.063606262 66.61134 -24.18404 -1.46744 0.07289 0.04959 -0.53856 0.83796
1731053566.073606491 66.61729 -24.19761 -1.46520 0.07439 0.04867 -0.54210 0.83560
1731053566.083606720 66.62317 -24.21106 -1.46308 0.07587 0.04805 -0.54573 0.83314
1731053566.093606472 66.62893 -24.22451 -1.46107 0.07724 0.04774 -0.54944 0.83059
1731053566.103606462 66.63460 -24.23804 -1.45926 0.07853 0.04773 -0.55318 0.82797
1731053566.113606453 66.64024 -24.25176 -1.45780 0.07979 0.04796 -0.55690 0.82534
1731053566.123606682 66.64590 -24.26574 -1.45682 0.08107 0.04839 -0.56054 0.82273
1731053566.133606434 66.65156 -24.27990 -1.45624 0.08239 0.04900 -0.56408 0.82013
1731053566.143606424 66.65717 -24.29402 -1.45592 0.08375 0.04978 -0.56755 0.81755
1731053566.153606415 66.66270 -24.30792 -1.45567 0.08512 0.05072 -0.57097 0.81497
1731053566.163606644 66.66812 -24.32151 -1.45543 0.08650 0.05176 -0.57434 0.81239
1731053566.173606396 66.67349 -24.33490 -1.45523 0.08784 0.05279 -0.57764 0.80983
1731053566.183606386 66.67886 -24.34819 -1.45516 0.08911 0.05370 -0.58087 0.80732
1731053566.193606615 66.68424 -24.36153 -1.45530 0.09028 0.05439 -0.58400 0.80488
1731053566.203606606 66.68951 -24.37520 -1.45595 0.09132 0.05487 -0.58701 0.80254
1731053566.213606596 66.69449 -24.38950 -1.45745 0.09226 0.05515 -0.58987 0.80031
1731053566.223606348 66.69904 -24.40469 -1.46008 0.09306 0.05525 -0.59258 0.79821
1731053566.233606577 66.70317 -24.42057 -1.46357 0.09372 0.05516 -0.59514 0.79623
1731053566.243606567 66.70704 -24.43661 -1.46731 0.09417 0.05487 -0.59760 0.79435
1731053566.253606558 66.71078 -24.45230 -1.47068 0.09436 0.05436 -0.60001 0.79254
1731053566.263606310 66.71452 -24.46739 -1.47340 0.09430 0.05367 -0.60238 0.79080
1731053566.273606539 66.71838 -24.48204 -1.47567 0.09407 0.05293 -0.60465 0.78915
1731053566.283606529 66.72244 -24.49647 -1.47777 0.09374 0.05229 -0.60678 0.78759
1731053566.293606520 66.72680 -24.51083 -1.47988 0.09340 0.05188 -0.60872 0.78616
1731053566.303606272 66.73146 -24.52517 -1.48206 0.09307 0.05171 -0.61047 0.78485
1731053566.313606501 66.73639 -24.53947 -1.48426 0.09277 0.05177 -0.61202 0.78367
1731053566.323606730 66.74159 -24.55373 -1.48649 0.09252 0.05206 -0.61337 0.78263
1731053566.333606482 66.74704 -24.56793 -1.48871 0.09233 0.05258 -0.61450 0.78172
1731053566.343606472 66.75271 -24.58207 -1.49091 0.09222 0.05332 -0.61543 0.78096
1731053566.353606462 66.75860 -24.59615 -1.49306 0.09220 0.05428 -0.61615 0.78033
1731053566.363606691 66.76469 -24.61014 -1.49516 0.09230 0.05544 -0.61664 0.77985
1731053566.373606443 66.77096 -24.62405 -1.49718 0.09252 0.05681 -0.61691 0.77951
1731053566.383606434 66.77740 -24.63787 -1.49910 0.09288 0.05837 -0.61696 0.77931
1731053566.393606424 66.78396 -24.65163 -1.50094 0.09338 0.06012 -0.61678 0.77926
1731053566.403606653 66.79054 -24.66554 -1.50280 0.09396 0.06199 -0.61642 0.77933
1731053566.413606405 66.79700 -24.67985 -1.50483 0.09452 0.06392 -0.61592 0.77950
1731053566.423606396 66.80323 -24.69477 -1.50715 0.09499 0.06583 -0.61533 0.77975
1731053566.433606625 66.80935 -24.71010 -1.50961 0.09533 0.06771 -0.61464 0.78010
1731053566.443606615 66.81565 -24.72540 -1.51186 0.09554 0.06954 -0.61380 0.78057
1731053566.453606606 66.82240 -24.74019 -1.51358 0.09562 0.07132 -0.61277 0.78121
1731053566.463606358 66.82974 -24.75430 -1.51459 0.09560 0.07303 -0.61153 0.78203
1731053566.473606586 66.83759 -24.76792 -1.51498 0.09555 0.07465 -0.61006 0.78302
1731053566.483606577 66.84582 -24.78130 -1.51487 0.09555 0.07616 -0.60839 0.78417
1731053566.493606567 66.85436 -24.79464 -1.51435 0.09566 0.07755 -0.60651 0.78548
1731053566.503606319 66.86313 -24.80792 -1.51355 0.09589 0.07886 -0.60445 0.78691
1731053566.513606548 66.87209 -24.82108 -1.51256 0.09622 0.08015 -0.60222 0.78845
1731053566.523606539 66.88118 -24.83403 -1.51149 0.09664 0.08147 -0.59985 0.79007
1731053566.533606529 66.89036 -24.84673 -1.51045 0.09716 0.08288 -0.59735 0.79175
1731053566.543606281 66.89956 -24.85911 -1.50952 0.09774 0.08443 -0.59475 0.79347
1731053566.553606510 66.90880 -24.87121 -1.50871 0.09835 0.08610 -0.59208 0.79521
1731053566.563606739 66.91807 -24.88310 -1.50801 0.09894 0.08784 -0.58937 0.79696
1731053566.573606491 66.92736 -24.89484 -1.50741 0.09946 0.08964 -0.58664 0.79870
1731053566.583606482 66.93668 -24.90647 -1.50690 0.09985 0.09145 -0.58394 0.80042
1731053566.593606472 66.94605 -24.91805 -1.50646 0.10008 0.09326 -0.58129 0.80212
1731053566.603606701 66.95551 -24.92959 -1.50608 0.10018 0.09505 -0.57866 0.80379
1731053566.613606453 66.96513 -24.94109 -1.50573 0.10019 0.09682 -0.57605 0.80545
1731053566.623606443 66.97497 -24.95254 -1.50539 0.10013 0.09856 -0.57343 0.80712
1731053566.633606434 66.98492 -24.96397 -1.50507 0.10002 0.10023 -0.57081 0.80878
1731053566.643606663 66.99472 -24.97539 -1.50480 0.09985 0.10179 -0.56824 0.81042
1731053566.653606415 67.00415 -24.98684 -1.50460 0.09961 0.10316 -0.56573 0.81202
1731053566.663606405 67.01314 -24.99834 -1.50449 0.09929 0.10429 -0.56334 0.81358
1731053566.673606396 67.02184 -25.00993 -1.50453 0.09884 0.10517 -0.56105 0.81510
1731053566.683606625 67.03045 -25.02164 -1.50474 0.09821 0.10574 -0.55890 0.81658
1731053566.693606615 67.03910 -25.03350 -1.50515 0.09739 0.10599 -0.55688 0.81803
1731053566.703606367 67.04782 -25.04551 -1.50575 0.09638 0.10592 -0.55500 0.81943
1731053566.713606596 67.05660 -25.05766 -1.50650 0.09523 0.10557 -0.55326 0.82079
1731053566.723606586 67.06543 -25.06994 -1.50738 0.09395 0.10496 -0.55167 0.82208
1731053566.733606577 67.07428 -25.08235 -1.50836 0.09258 0.10410 -0.55021 0.82332
1731053566.743606329 67.08315 -25.09487 -1.50941 0.09116 0.10303 -0.54891 0.82448
1731053566.753606558 67.09202 -25.10750 -1.51049 0.08971 0.10178 -0.54775 0.82557
1731053566.763606548 67.10088 -25.12023 -1.51159 0.08826 0.10036 -0.54674 0.82657
1731053566.773606539 67.10972 -25.13305 -1.51268 0.08684 0.09880 -0.54587 0.82748
1731053566.783606291 67.11852 -25.14595 -1.51371 0.08549 0.09712 -0.54516 0.82829
1731053566.793606520 67.12728 -25.15898 -1.51467 0.08422 0.09535 -0.54460 0.82899
1731053566.803606749 67.13608 -25.17235 -1.51548 0.08306 0.09349 -0.54422 0.82957
1731053566.813606501 67.14501 -25.18636 -1.51608 0.08202 0.09155 -0.54405 0.83000
1731053566.823606491 67.15412 -25.20123 -1.51641 0.08111 0.08952 -0.54410 0.83028
1731053566.833606482 67.16332 -25.21674 -1.51648 0.08029 0.08739 -0.54440 0.83039
1731053566.843606710 67.17237 -25.23236 -1.51638 0.07951 0.08511 -0.54497 0.83033
1731053566.853606462 67.18104 -25.24757 -1.51619 0.07872 0.08264 -0.54581 0.83010
1731053566.863606453 67.18917 -25.26218 -1.51592 0.07786 0.08000 -0.54694 0.82969
1731053566.873606443 67.19672 -25.27656 -1.51550 0.07690 0.07723 -0.54840 0.82909
1731053566.883606672 67.20368 -25.29108 -1.51485 0.07582 0.07440 -0.55020 0.82825
1731053566.893606424 67.21003 -25.30606 -1.51391 0.07460 0.07156 -0.55236 0.82717
1731053566.903606415 67.21590 -25.32143 -1.51272 0.07330 0.06872 -0.55486 0.82586
1731053566.913606405 67.22143 -25.33702 -1.51131 0.07200 0.06587 -0.55764 0.82433
1731053566.923606634 67.22675 -25.35268 -1.50975 0.07077 0.06301 -0.56066 0.82261
1731053566.933606625 67.23202 -25.36826 -1.50809 0.06969 0.06013 -0.56388 0.82071
1731053566.943606377 67.23734 -25.38361 -1.50637 0.06884 0.05724 -0.56726 0.81866
1731053566.953606606 67.24270 -25.39875 -1.50463 0.06826 0.05442 -0.57073 0.81648
1731053566.963606596 67.24807 -25.41367 -1.50289 0.06803 0.05174 -0.57425 0.81420
1731053566.973606586 67.25340 -25.42841 -1.50119 0.06819 0.04930 -0.57776 0.81186
1731053566.983606339 67.25865 -25.44298 -1.49955 0.06880 0.04719 -0.58121 0.80947
1731053566.993606567 67.26374 -25.45741 -1.49802 0.06990 0.04548 -0.58454 0.80707
1731053567.003606558 67.26837 -25.47176 -1.49675 0.07149 0.04421 -0.58776 0.80466
1731053567.013606548 67.27221 -25.48608 -1.49589 0.07353 0.04342 -0.59087 0.80224
1731053567.023606300 67.27495 -25.50043 -1.49561 0.07601 0.04313 -0.59386 0.79981
1731053567.033606529 67.27688 -25.51480 -1.49578 0.07880 0.04335 -0.59679 0.79734
1731053567.043606520 67.27863 -25.52913 -1.49615 0.08177 0.04405 -0.59971 0.79481
1731053567.053606510 67.28083 -25.54338 -1.49647 0.08474 0.04523 -0.60270 0.79216
1731053567.063606262 67.28378 -25.55753 -1.49660 0.08760 0.04684 -0.60578 0.78941
1731053567.073606491 67.28726 -25.57159 -1.49665 0.09032 0.04881 -0.60889 0.78659
1731053567.083606720 67.29099 -25.58562 -1.49673 0.09285 0.05106 -0.61198 0.78374
1731053567.093606472 67.29477 -25.59966 -1.49699 0.09518 0.05349 -0.61501 0.78092
1731053567.103606462 67.29858 -25.61388 -1.49766 0.09734 0.05594 -0.61800 0.77812
1731053567.113606453 67.30246 -25.62846 -1.49899 0.09937 0.05824 -0.62096 0.77533
1731053567.123606682 67.30643 -25.64357 -1.50121 0.10131 0.06020 -0.62393 0.77255
1731053567.133606434 67.31049 -25.65907 -1.50411 0.10318 0.06178 -0.62689 0.76977
1731053567.143606424 67.31458 -25.67463 -1.50725 0.10494 0.06301 -0.62981 0.76704
1731053567.153606415 67.31865 -25.68994 -1.51015 0.10658 0.06390 -0.63268 0.76438
1731053567.163606644 67.32267 -25.70486 -1.51258 0.10808 0.06446 -0.63547 0.76180
1731053567.173606396 67.32664 -25.71959 -1.51463 0.10944 0.06465 -0.63817 0.75933
1731053567.183606386 67.33055 -25.73432 -1.51644 0.11064 0.06443 -0.64077 0.75698
1731053567.193606615 67.33441 -25.74923 -1.51811 0.11167 0.06380 -0.64326 0.75477
1731053567.203606606 67.33826 -25.76431 -1.51973 0.11250 0.06285 -0.64564 0.75269
1731053567.213606596 67.34213 -25.77951 -1.52137 0.11313 0.06169 -0.64792 0.75073
1731053567.223606348 67.34607 -25.79478 -1.52310 0.11353 0.06046 -0.65013 0.74886
1731053567.233606577 67.35013 -25.81009 -1.52499 0.11369 0.05927 -0.65225 0.74708
1731053567.243606567 67.35434 -25.82539 -1.52710 0.11361 0.05822 -0.65430 0.74538
1731053567.253606558 67.35869 -25.84067 -1.52939 0.11334 0.05738 -0.65626 0.74377
1731053567.263606310 67.36317 -25.85593 -1.53183 0.11298 0.05678 -0.65807 0.74226
1731053567.273606539 67.36777 -25.87117 -1.53437 0.11261 0.05646 -0.65972 0.74088
1731053567.283606529 67.37248 -25.88637 -1.53696 0.11231 0.05646 -0.66115 0.73964
1731053567.293606520 67.37724 -25.90159 -1.53957 0.11215 0.05680 -0.66236 0.73856
1731053567.303606272 67.38189 -25.91708 -1.54217 0.11211 0.05739 -0.66334 0.73764
1731053567.313606501 67.38620 -25.93312 -1.54472 0.11217 0.05814 -0.66411 0.73689
1731053567.323606730 67.39001 -25.94998 -1.54720 0.11230 0.05896 -0.66467 0.73629
1731053567.333606482 67.39350 -25.96740 -1.54957 0.11250 0.05985 -0.66506 0.73584
1731053567.343606472 67.39712 -25.98480 -1.55176 0.11277 0.06088 -0.66532 0.73548
1731053567.353606462 67.40130 -26.00159 -1.55371 0.11313 0.06213 -0.66548 0.73518
1731053567.363606691 67.40623 -26.01751 -1.55542 0.11357 0.06363 -0.66555 0.73491
1731053567.373606443 67.41176 -26.03276 -1.55689 0.11410 0.06532 -0.66551 0.73472
1731053567.383606434 67.41768 -26.04758 -1.55817 0.11471 0.06716 -0.66534 0.73461
1731053567.393606424 67.42379 -26.06220 -1.55929 0.11540 0.06910 -0.66501 0.73462
1731053567.403606653 67.42991 -26.07684 -1.56032 0.11612 0.07112 -0.66449 0.73478
1731053567.413606405 67.43587 -26.09167 -1.56133 0.11683 0.07321 -0.66377 0.73512
1731053567.423606396 67.44152 -26.10686 -1.56240 0.11750 0.07533 -0.66282 0.73565
1731053567.433606625 67.44700 -26.12225 -1.56345 0.11815 0.07747 -0.66164 0.73639
1731053567.443606615 67.45266 -26.13749 -1.56430 0.11885 0.07956 -0.66024 0.73731
1731053567.453606606 67.45884 -26.15221 -1.56481 0.11966 0.08156 -0.65863 0.73840
1731053567.463606358 67.46568 -26.16627 -1.56490 0.12060 0.08347 -0.65684 0.73962
1731053567.473606586 67.47304 -26.17978 -1.56465 0.12161 0.08534 -0.65490 0.74097
1731053567.483606577 67.48075 -26.19292 -1.56415 0.12262 0.08724 -0.65283 0.74241
1731053567.493606567 67.48864 -26.20582 -1.56349 0.12359 0.08920 -0.65066 0.74392
1731053567.503606319 67.49668 -26.21854 -1.56270 0.12446 0.09123 -0.64841 0.74549
1731053567.513606548 67.50485 -26.23113 -1.56184 0.12524 0.09332 -0.64608 0.74712
1731053567.523606539 67.51314 -26.24363 -1.56093 0.12587 0.09544 -0.64369 0.74881
1731053567.533606529 67.52154 -26.25606 -1.56001 0.12635 0.09758 -0.64124 0.75055
1731053567.543606281 67.53002 -26.26848 -1.55912 0.12665 0.09973 -0.63875 0.75234
1731053567.553606510 67.53859 -26.28092 -1.55826 0.12674 0.10183 -0.63623 0.75417
1731053567.563606739 67.54724 -26.29341 -1.55743 0.12660 0.10385 -0.63369 0.75606
1731053567.573606491 67.55596 -26.30600 -1.55661 0.12619 0.10572 -0.63115 0.75799
1731053567.583606482 67.56474 -26.31870 -1.55582 0.12551 0.10740 -0.62862 0.75997
1731053567.593606472 67.57359 -26.33156 -1.55505 0.12451 0.10885 -0.62610 0.76200
1731053567.603606701 67.58248 -26.34457 -1.55432 0.12320 0.11002 -0.62363 0.76407
1731053567.613606453 67.59140 -26.35772 -1.55367 0.12158 0.11090 -0.62121 0.76617
1731053567.623606443 67.60035 -26.37100 -1.55311 0.11964 0.11144 -0.61888 0.76828
1731053567.633606434 67.60931 -26.38440 -1.55268 0.11739 0.11161 -0.61664 0.77040
1731053567.643606663 67.61826 -26.39792 -1.55240 0.11483 0.11140 -0.61451 0.77252
1731053567.653606415 67.62718 -26.41160 -1.55226 0.11206 0.11082 -0.61250 0.77460
1731053567.663606405 67.63603 -26.42552 -1.55222 0.10917 0.10990 -0.61060 0.77664
1731053567.673606396 67.64480 -26.43972 -1.55228 0.10625 0.10866 -0.60882 0.77861
1731053567.683606625 67.65344 -26.45428 -1.55240 0.10342 0.10714 -0.60716 0.78050
1731053567.693606615 67.66194 -26.46920 -1.55258 0.10074 0.10536 -0.60562 0.78229
1731053567.703606367 67.67033 -26.48440 -1.55278 0.09823 0.10334 -0.60421 0.78397
1731053567.713606596 67.67864 -26.49973 -1.55297 0.09588 0.10111 -0.60293 0.78553
1731053567.723606586 67.68691 -26.51508 -1.55312 0.09369 0.09868 -0.60178 0.78698
1731053567.733606577 67.69517 -26.53029 -1.55321 0.09166 0.09609 -0.60077 0.78831
1731053567.743606329 67.70346 -26.54528 -1.55320 0.08976 0.09333 -0.59992 0.78951
1731053567.753606558 67.71173 -26.56007 -1.55309 0.08796 0.09041 -0.59924 0.79057
1731053567.763606548 67.71996 -26.57472 -1.55286 0.08622 0.08732 -0.59877 0.79146
1731053567.773606539 67.72809 -26.58929 -1.55249 0.08451 0.08403 -0.59855 0.79217
1731053567.783606291 67.73610 -26.60385 -1.55196 0.08278 0.08054 -0.59860 0.79268
1731053567.793606520 67.74392 -26.61845 -1.55128 0.08101 0.07686 -0.59895 0.79296
1731053567.803606749 67.75140 -26.63312 -1.55043 0.07933 0.07313 -0.59960 0.79299
1731053567.813606501 67.75841 -26.64788 -1.54945 0.07784 0.06954 -0.60053 0.79276
1731053567.823606491 67.76479 -26.66276 -1.54833 0.07670 0.06624 -0.60173 0.79224
1731053567.833606482 67.77067 -26.67773 -1.54711 0.07591 0.06334 -0.60318 0.79146
1731053567.843606710 67.77630 -26.69271 -1.54579 0.07542 0.06087 -0.60483 0.79044
1731053567.853606462 67.78197 -26.70766 -1.54441 0.07518 0.05886 -0.60665 0.78922
1731053567.863606453 67.78776 -26.72253 -1.54300 0.07519 0.05734 -0.60861 0.78782
1731053567.873606443 67.79354 -26.73729 -1.54162 0.07548 0.05628 -0.61068 0.78626
1731053567.883606672 67.79911 -26.75192 -1.54032 0.07611 0.05564 -0.61286 0.78455
1731053567.893606424 67.80434 -26.76641 -1.53914 0.07711 0.05539 -0.61512 0.78270
1731053567.903606415 67.80924 -26.78075 -1.53805 0.07848 0.05551 -0.61746 0.78071
1731053567.913606405 67.81385 -26.79497 -1.53700 0.08018 0.05597 -0.61989 0.77857
1731053567.923606634 67.81820 -26.80906 -1.53595 0.08217 0.05674 -0.62241 0.77630
1731053567.933606625 67.82233 -26.82304 -1.53484 0.08442 0.05779 -0.62502 0.77387
1731053567.943606377 67.82629 -26.83692 -1.53364 0.08690 0.05910 -0.62773 0.77131
1731053567.953606606 67.83009 -26.85071 -1.53238 0.08950 0.06062 -0.63050 0.76863
1731053567.963606596 67.83373 -26.86445 -1.53111 0.09212 0.06232 -0.63331 0.76587
1731053567.973606586 67.83724 -26.87816 -1.52985 0.09465 0.06417 -0.63612 0.76307
1731053567.983606339 67.84061 -26.89187 -1.52867 0.09699 0.06612 -0.63892 0.76027
1731053567.993606567 67.84385 -26.90561 -1.52760 0.09904 0.06812 -0.64166 0.75751
1731053568.003606558 67.84683 -26.91946 -1.52677 0.10085 0.07008 -0.64435 0.75480
1731053568.013606548 67.84942 -26.93353 -1.52629 0.10246 0.07188 -0.64698 0.75216
1731053568.023606300 67.85151 -26.94790 -1.52627 0.10393 0.07342 -0.64954 0.74960
1731053568.033606529 67.85326 -26.96247 -1.52665 0.10525 0.07469 -0.65205 0.74711
1731053568.043606520 67.85497 -26.97704 -1.52723 0.10640 0.07573 -0.65452 0.74468
1731053568.053606510 67.85697 -26.99143 -1.52783 0.10734 0.07660 -0.65700 0.74227
1731053568.063606262 67.85940 -27.00553 -1.52837 0.10807 0.07731 -0.65947 0.73990
1731053568.073606491 67.86215 -27.01945 -1.52895 0.10863 0.07781 -0.66193 0.73756
1731053568.083606720 67.86508 -27.03327 -1.52967 0.10906 0.07805 -0.66435 0.73529
1731053568.093606472 67.86803 -27.04710 -1.53063 0.10940 0.07801 -0.66672 0.73310
1731053568.103606462 67.87088 -27.06111 -1.53190 0.10964 0.07771 -0.66903 0.73098
1731053568.113606453 67.87347 -27.07546 -1.53351 0.10974 0.07721 -0.67128 0.72896
1731053568.123606682 67.87568 -27.09029 -1.53552 0.10968 0.07655 -0.67345 0.72703
1731053568.133606434 67.87762 -27.10549 -1.53785 0.10948 0.07581 -0.67556 0.72518
1731053568.143606424 67.87955 -27.12077 -1.54034 0.10917 0.07505 -0.67762 0.72338
1731053568.153606415 67.88175 -27.13585 -1.54284 0.10881 0.07434 -0.67964 0.72161
1731053568.163606644 67.88433 -27.15060 -1.54529 0.10843 0.07374 -0.68162 0.71986
1731053568.173606396 67.88717 -27.16513 -1.54772 0.10811 0.07326 -0.68353 0.71814
1731053568.183606386 67.89014 -27.17957 -1.55019 0.10789 0.07293 -0.68534 0.71649
1731053568.193606615 67.89312 -27.19406 -1.55273 0.10783 0.07276 -0.68701 0.71491
1731053568.203606606 67.89601 -27.20883 -1.55521 0.10794 0.07276 -0.68852 0.71344
1731053568.213606596 67.89873 -27.22414 -1.55745 0.10824 0.07290 -0.68984 0.71211
1731053568.223606348 67.90121 -27.24021 -1.55930 0.10872 0.07318 -0.69092 0.71095
1731053568.233606577 67.90356 -27.25679 -1.56080 0.10931 0.07356 -0.69177 0.70999
1731053568.243606567 67.90599 -27.27339 -1.56213 0.10988 0.07398 -0.69241 0.70924
1731053568.253606558 67.90873 -27.28950 -1.56346 0.11032 0.07439 -0.69284 0.70871
1731053568.263606310 67.91189 -27.30489 -1.56486 0.11055 0.07475 -0.69309 0.70839
1731053568.273606539 67.91539 -27.31979 -1.56623 0.11056 0.07502 -0.69321 0.70825
1731053568.283606529 67.91914 -27.33446 -1.56748 0.11036 0.07517 -0.69322 0.70825
1731053568.293606520 67.92305 -27.34915 -1.56852 0.10993 0.07517 -0.69315 0.70838
1731053568.303606272 67.92697 -27.36407 -1.56938 0.10920 0.07506 -0.69299 0.70866
1731053568.313606501 67.93076 -27.37941 -1.57008 0.10811 0.07488 -0.69272 0.70911
1731053568.323606730 67.93429 -27.39534 -1.57068 0.10661 0.07468 -0.69230 0.70977
1731053568.333606482 67.93770 -27.41167 -1.57112 0.10481 0.07445 -0.69172 0.71063
1731053568.343606472 67.94129 -27.42800 -1.57134 0.10299 0.07418 -0.69096 0.71166
1731053568.353606462 67.94537 -27.44392 -1.57125 0.10138 0.07387 -0.69002 0.71284
1731053568.363606691 67.95006 -27.45926 -1.57084 0.10015 0.07355 -0.68889 0.71414
1731053568.373606443 67.95521 -27.47420 -1.57019 0.09929 0.07328 -0.68758 0.71554
1731053568.383606434 67.96063 -27.48895 -1.56940 0.09879 0.07317 -0.68611 0.71704
1731053568.393606424 67.96617 -27.50368 -1.56855 0.09863 0.07328 -0.68448 0.71860
1731053568.403606653 67.97182 -27.51835 -1.56770 0.09885 0.07363 -0.68270 0.72023
1731053568.413606405 67.97760 -27.53289 -1.56687 0.09944 0.07423 -0.68078 0.72190
1731053568.423606396 67.98351 -27.54723 -1.56611 0.10044 0.07507 -0.67873 0.72360
1731053568.433606625 67.98957 -27.56128 -1.56545 0.10186 0.07614 -0.67655 0.72533
1731053568.443606615 67.99580 -27.57500 -1.56491 0.10367 0.07746 -0.67426 0.72707
1731053568.453606606 68.00217 -27.58840 -1.56447 0.10575 0.07901 -0.67186 0.72882
1731053568.463606358 68.00864 -27.60153 -1.56406 0.10790 0.08075 -0.66937 0.73060
1731053568.473606586 68.01519 -27.61443 -1.56363 0.10994 0.08268 -0.66682 0.73241
1731053568.483606577 68.02179 -27.62713 -1.56313 0.11170 0.08477 -0.66423 0.73426
1731053568.493606567 68.02840 -27.63968 -1.56253 0.11303 0.08698 -0.66161 0.73616
1731053568.503606319 68.03503 -27.65213 -1.56187 0.11389 0.08924 -0.65899 0.73810
1731053568.513606548 68.04169 -27.66456 -1.56121 0.11430 0.09142 -0.65639 0.74009
1731053568.523606539 68.04838 -27.67701 -1.56060 0.11426 0.09343 -0.65383 0.74211
1731053568.533606529 68.05513 -27.68955 -1.56011 0.11379 0.09517 -0.65132 0.74416
1731053568.543606281 68.06192 -27.70224 -1.55978 0.11289 0.09653 -0.64889 0.74625
1731053568.553606510 68.06874 -27.71513 -1.55965 0.11161 0.09748 -0.64655 0.74834
1731053568.563606739 68.07555 -27.72826 -1.55976 0.11001 0.09798 -0.64433 0.75043
1731053568.573606491 68.08234 -27.74167 -1.56013 0.10814 0.09802 -0.64223 0.75249
1731053568.583606482 68.08906 -27.75541 -1.56079 0.10605 0.09755 -0.64028 0.75451
1731053568.593606472 68.09569 -27.76949 -1.56175 0.10380 0.09656 -0.63848 0.75647
1731053568.603606701 68.10225 -27.78385 -1.56294 0.10147 0.09513 -0.63683 0.75835
1731053568.613606453 68.10875 -27.79839 -1.56427 0.09913 0.09333 -0.63532 0.76015
1731053568.623606443 68.11521 -27.81300 -1.56564 0.09686 0.09125 -0.63394 0.76185
1731053568.633606434 68.12165 -27.82759 -1.56698 0.09474 0.08898 -0.63267 0.76344
1731053568.643606663 68.12807 -27.84207 -1.56819 0.09282 0.08658 -0.63152 0.76490
1731053568.653606415 68.13445 -27.85647 -1.56929 0.09109 0.08413 -0.63051 0.76621
1731053568.663606405 68.14076 -27.87082 -1.57027 0.08950 0.08167 -0.62968 0.76735
1731053568.673606396 68.14698 -27.88514 -1.57114 0.08802 0.07924 -0.62906 0.76828
1731053568.683606625 68.15308 -27.89948 -1.57192 0.08661 0.07690 -0.62868 0.76899
1731053568.693606615 68.15901 -27.91386 -1.57262 0.08524 0.07469 -0.62857 0.76945
1731053568.703606367 68.16464 -27.92831 -1.57321 0.08389 0.07256 -0.62874 0.76966
1731053568.713606596 68.16985 -27.94286 -1.57370 0.08258 0.07048 -0.62919 0.76963
1731053568.723606586 68.17451 -27.95754 -1.57407 0.08130 0.06839 -0.62992 0.76936
1731053568.733606577 68.17869 -27.97229 -1.57432 0.08004 0.06629 -0.63095 0.76883
1731053568.743606329 68.18261 -27.98706 -1.57446 0.07877 0.06417 -0.63226 0.76806
1731053568.753606558 68.18646 -28.00178 -1.57450 0.07748 0.06207 -0.63388 0.76703
1731053568.763606548 68.19032 -28.01645 -1.57442 0.07618 0.06001 -0.63579 0.76575
1731053568.773606539 68.19404 -28.03118 -1.57419 0.07492 0.05807 -0.63796 0.76422
1731053568.783606291 68.19747 -28.04610 -1.57377 0.07378 0.05634 -0.64036 0.76244
1731053568.793606520 68.20048 -28.06130 -1.57313 0.07281 0.05487 -0.64297 0.76044
1731053568.803606749 68.20313 -28.07669 -1.57229 0.07208 0.05366 -0.64575 0.75825
1731053568.813606501 68.20549 -28.09214 -1.57132 0.07164 0.05266 -0.64864 0.75588
1731053568.823606491 68.20766 -28.10752 -1.57025 0.07154 0.05186 -0.65163 0.75337
1731053568.833606482 68.20972 -28.12270 -1.56914 0.07184 0.05122 -0.65466 0.75076
1731053568.843606710 68.21174 -28.13757 -1.56802 0.07258 0.05071 -0.65770 0.74805
1731053568.853606462 68.21370 -28.15215 -1.56691 0.07375 0.05034 -0.66078 0.74525
1731053568.863606453 68.21556 -28.16648 -1.56585 0.07533 0.05013 -0.66392 0.74231
1731053568.873606443 68.21729 -28.18060 -1.56483 0.07729 0.05008 -0.66713 0.73923
1731053568.883606672 68.21885 -28.19456 -1.56387 0.07960 0.05021 -0.67044 0.73597
1731053568.893606424 68.22017 -28.20841 -1.56301 0.08224 0.05053 -0.67387 0.73252
1731053568.903606415 68.22107 -28.22226 -1.56232 0.08509 0.05103 -0.67738 0.72891
1731053568.913606405 68.22134 -28.23625 -1.56188 0.08804 0.05171 -0.68092 0.72520
1731053568.923606634 68.22079 -28.25048 -1.56177 0.09097 0.05256 -0.68445 0.72145
1731053568.933606625 68.21966 -28.26488 -1.56193 0.09386 0.05358 -0.68793 0.71768
1731053568.943606377 68.21842 -28.27924 -1.56220 0.09670 0.05478 -0.69132 0.71395
1731053568.953606606 68.21756 -28.29336 -1.56245 0.09952 0.05616 -0.69458 0.71029
1731053568.963606596 68.21730 -28.30715 -1.56261 0.10230 0.05766 -0.69768 0.70672
1731053568.973606586 68.21747 -28.32070 -1.56275 0.10494 0.05917 -0.70064 0.70327
1731053568.983606339 68.21789 -28.33412 -1.56296 0.10734 0.06054 -0.70348 0.69995
1731053568.993606567 68.21839 -28.34749 -1.56329 0.10944 0.06164 -0.70621 0.69677
1731053569.003606558 68.21893 -28.36079 -1.56360 0.11119 0.06243 -0.70884 0.69375
1731053569.013606548 68.21949 -28.37396 -1.56370 0.11256 0.06285 -0.71139 0.69088
1731053569.023606300 68.22005 -28.38696 -1.56345 0.11355 0.06287 -0.71386 0.68816
1731053569.033606529 68.22057 -28.39999 -1.56300 0.11415 0.06250 -0.71625 0.68560
1731053569.043606520 68.22098 -28.41339 -1.56274 0.11437 0.06174 -0.71856 0.68321
1731053569.053606510 68.22120 -28.42749 -1.56302 0.11422 0.06065 -0.72077 0.68100
1731053569.063606262 68.22125 -28.44239 -1.56400 0.11373 0.05927 -0.72288 0.67897
1731053569.073606491 68.22124 -28.45783 -1.56548 0.11298 0.05776 -0.72488 0.67709
1731053569.083606720 68.22132 -28.47351 -1.56722 0.11205 0.05625 -0.72678 0.67533
1731053569.093606472 68.22161 -28.48918 -1.56904 0.11103 0.05487 -0.72856 0.67369
1731053569.103606462 68.22211 -28.50479 -1.57088 0.10992 0.05363 -0.73022 0.67217
1731053569.113606453 68.22283 -28.52033 -1.57273 0.10875 0.05251 -0.73174 0.67079
1731053569.123606682 68.22375 -28.53583 -1.57456 0.10753 0.05151 -0.73311 0.66957
1731053569.133606434 68.22488 -28.55127 -1.57636 0.10627 0.05062 -0.73432 0.66852
1731053569.143606424 68.22621 -28.56667 -1.57809 0.10499 0.04981 -0.73533 0.66767
1731053569.153606415 68.22773 -28.58201 -1.57976 0.10369 0.04909 -0.73615 0.66703
1731053569.163606644 68.22944 -28.59731 -1.58133 0.10240 0.04843 -0.73675 0.66661
1731053569.173606396 68.23133 -28.61257 -1.58279 0.10112 0.04783 -0.73712 0.66644
1731053569.183606386 68.23340 -28.62779 -1.58411 0.09988 0.04727 -0.73724 0.66654
1731053569.193606615 68.23564 -28.64302 -1.58527 0.09867 0.04674 -0.73711 0.66690
1731053569.203606606 68.23805 -28.65850 -1.58618 0.09752 0.04622 -0.73676 0.66748
1731053569.213606596 68.24061 -28.67452 -1.58676 0.09642 0.04568 -0.73627 0.66822
1731053569.223606348 68.24332 -28.69132 -1.58691 0.09538 0.04512 -0.73567 0.66907
1731053569.233606577 68.24619 -28.70870 -1.58672 0.09445 0.04459 -0.73497 0.67000
1731053569.243606567 68.24925 -28.72613 -1.58633 0.09370 0.04422 -0.73416 0.67103
1731053569.253606558 68.25253 -28.74311 -1.58589 0.09320 0.04413 -0.73319 0.67216
1731053569.263606310 68.25602 -28.75942 -1.58552 0.09296 0.04434 -0.73207 0.67339
1731053569.273606539 68.25965 -28.77531 -1.58520 0.09291 0.04477 -0.73080 0.67476
1731053569.283606529 68.26336 -28.79105 -1.58492 0.09299 0.04529 -0.72937 0.67626
1731053569.293606520 68.26711 -28.80688 -1.58467 0.09312 0.04582 -0.72779 0.67790
1731053569.303606272 68.27093 -28.82276 -1.58441 0.09332 0.04636 -0.72606 0.67969
1731053569.313606501 68.27488 -28.83862 -1.58410 0.09361 0.04695 -0.72417 0.68162
1731053569.323606730 68.27900 -28.85435 -1.58371 0.09401 0.04760 -0.72213 0.68368
1731053569.333606482 68.28335 -28.86988 -1.58319 0.09456 0.04836 -0.71993 0.68587
1731053569.343606472 68.28797 -28.88513 -1.58252 0.09526 0.04923 -0.71758 0.68817
1731053569.353606462 68.29284 -28.90012 -1.58172 0.09610 0.05026 -0.71511 0.69055
1731053569.363606691 68.29792 -28.91489 -1.58083 0.09709 0.05147 -0.71253 0.69298
1731053569.373606443 68.30319 -28.92947 -1.57987 0.09819 0.05289 -0.70989 0.69542
1731053569.383606434 68.30861 -28.94392 -1.57889 0.09940 0.05454 -0.70722 0.69785
1731053569.393606424 68.31413 -28.95826 -1.57793 0.10068 0.05645 -0.70453 0.70022
1731053569.403606653 68.31963 -28.97257 -1.57707 0.10194 0.05857 -0.70185 0.70256
1731053569.413606405 68.32496 -28.98691 -1.57642 0.10306 0.06086 -0.69919 0.70485
1731053569.423606396 68.33001 -29.00134 -1.57606 0.10393 0.06326 -0.69655 0.70711
1731053569.433606625 68.33484 -29.01584 -1.57597 0.10456 0.06573 -0.69395 0.70935
1731053569.443606615 68.33962 -29.03036 -1.57607 0.10505 0.06820 -0.69137 0.71157
1731053569.453606606 68.34454 -29.04482 -1.57628 0.10545 0.07061 -0.68881 0.71375
1731053569.463606358 68.34968 -29.05921 -1.57653 0.10581 0.07290 -0.68627 0.71591
1731053569.473606586 68.35496 -29.07359 -1.57686 0.10605 0.07502 -0.68377 0.71804
1731053569.483606577 68.36029 -29.08799 -1.57728 0.10609 0.07693 -0.68135 0.72013
1731053569.493606567 68.36557 -29.10250 -1.57780 0.10589 0.07857 -0.67901 0.72219
1731053569.503606319 68.37077 -29.11720 -1.57838 0.10548 0.07992 -0.67678 0.72420
1731053569.513606548 68.37585 -29.13220 -1.57897 0.10492 0.08093 -0.67466 0.72614
1731053569.523606539 68.38078 -29.14758 -1.57951 0.10426 0.08157 -0.67268 0.72800
1731053569.533606529 68.38556 -29.16325 -1.58008 0.10351 0.08187 -0.67083 0.72977
1731053569.543606281 68.39022 -29.17901 -1.58078 0.10267 0.08187 -0.66910 0.73148
1731053569.553606510 68.39480 -29.19466 -1.58174 0.10170 0.08161 -0.66747 0.73313
1731053569.563606739 68.39930 -29.21011 -1.58298 0.10062 0.08114 -0.66595 0.73472
1731053569.573606491 68.40373 -29.22542 -1.58441 0.09949 0.08050 -0.66452 0.73623
1731053569.583606482 68.40805 -29.24069 -1.58590 0.09837 0.07974 -0.66321 0.73764
1731053569.593606472 68.41228 -29.25598 -1.58734 0.09730 0.07891 -0.66203 0.73894
1731053569.603606701 68.41642 -29.27138 -1.58873 0.09632 0.07798 -0.66101 0.74007
1731053569.613606453 68.42046 -29.28693 -1.59007 0.09545 0.07693 -0.66021 0.74101
1731053569.623606443 68.42442 -29.30269 -1.59136 0.09472 0.07574 -0.65967 0.74170
1731053569.633606434 68.42825 -29.31859 -1.59259 0.09408 0.07444 -0.65944 0.74213
1731053569.643606663 68.43189 -29.33448 -1.59369 0.09347 0.07308 -0.65952 0.74226
1731053569.653606415 68.43528 -29.35021 -1.59464 0.09282 0.07171 -0.65996 0.74208
1731053569.663606405 68.43838 -29.36572 -1.59539 0.09212 0.07037 -0.66077 0.74158
1731053569.673606396 68.44121 -29.38106 -1.59595 0.09143 0.06904 -0.66192 0.74077
1731053569.683606625 68.44379 -29.39632 -1.59631 0.09080 0.06769 -0.66342 0.73963
1731053569.693606615 68.44610 -29.41157 -1.59647 0.09030 0.06632 -0.66524 0.73818
1731053569.703606367 68.44800 -29.42695 -1.59636 0.08998 0.06499 -0.66733 0.73645
1731053569.713606596 68.44927 -29.44260 -1.59593 0.08987 0.06378 -0.66963 0.73447
1731053569.723606586 68.44976 -29.45866 -1.59512 0.09000 0.06276 -0.67209 0.73230
1731053569.733606577 68.44961 -29.47500 -1.59399 0.09033 0.06189 -0.67468 0.72995
1731053569.743606329 68.44919 -29.49136 -1.59269 0.09076 0.06108 -0.67738 0.72745
1731053569.753606558 68.44886 -29.50745 -1.59134 0.09120 0.06024 -0.68020 0.72483
1731053569.763606548 68.44878 -29.52315 -1.59006 0.09164 0.05931 -0.68310 0.72212
1731053569.773606539 68.44878 -29.53853 -1.58885 0.09216 0.05834 -0.68609 0.71930
1731053569.783606291 68.44866 -29.55369 -1.58775 0.09286 0.05736 -0.68913 0.71637
1731053569.793606520 68.44829 -29.56871 -1.58675 0.09383 0.05641 -0.69220 0.71335
1731053569.803606749 68.44766 -29.58359 -1.58584 0.09509 0.05556 -0.69531 0.71022
1731053569.813606501 68.44683 -29.59833 -1.58499 0.09665 0.05487 -0.69842 0.70700
1731053569.823606491 68.44585 -29.61290 -1.58417 0.09852 0.05439 -0.70153 0.70369
1731053569.833606482 68.44476 -29.62729 -1.58335 0.10070 0.05419 -0.70463 0.70030
1731053569.843606710 68.44362 -29.64149 -1.58251 0.10320 0.05431 -0.70770 0.69683
1731053569.853606462 68.44244 -29.65552 -1.58168 0.10590 0.05472 -0.71071 0.69332
1731053569.863606453 68.44122 -29.66941 -1.58092 0.10872 0.05539 -0.71364 0.68980
1731053569.873606443 68.43996 -29.68318 -1.58025 0.11154 0.05627 -0.71648 0.68633
1731053569.883606672 68.43869 -29.69687 -1.57973 0.11425 0.05733 -0.71920 0.68294
1731053569.893606424 68.43738 -29.71050 -1.57938 0.11676 0.05852 -0.72179 0.67968
1731053569.903606415 68.43602 -29.72413 -1.57918 0.11903 0.05978 -0.72427 0.67653
1731053569.913606405 68.43457 -29.73784 -1.57910 0.12104 0.06105 -0.72666 0.67348
1731053569.923606634 68.43299 -29.75169 -1.57911 0.12277 0.06227 -0.72900 0.67053
1731053569.933606625 68.43129 -29.76573 -1.57923 0.12422 0.06342 -0.73127 0.66768
1731053569.943606377 68.42950 -29.78002 -1.57955 0.12542 0.06446 -0.73347 0.66493
1731053569.953606606 68.42766 -29.79459 -1.58014 0.12640 0.06537 -0.73560 0.66230
1731053569.963606596 68.42582 -29.80945 -1.58102 0.12717 0.06614 -0.73764 0.65980
1731053569.973606586 68.42404 -29.82450 -1.58216 0.12773 0.06670 -0.73961 0.65743
1731053569.983606339 68.42238 -29.83966 -1.58351 0.12805 0.06703 -0.74152 0.65518
1731053569.993606567 68.42090 -29.85486 -1.58501 0.12814 0.06709 -0.74335 0.65307
1731053570.003606558 68.41960 -29.87007 -1.58664 0.12801 0.06691 -0.74512 0.65110
1731053570.013606548 68.41846 -29.88531 -1.58838 0.12767 0.06653 -0.74680 0.64927
1731053570.023606300 68.41748 -29.90058 -1.59020 0.12715 0.06601 -0.74840 0.64759
1731053570.033606529 68.41663 -29.91587 -1.59208 0.12647 0.06537 -0.74991 0.64604
1731053570.043606520 68.41592 -29.93120 -1.59399 0.12563 0.06467 -0.75131 0.64465
1731053570.053606510 68.41533 -29.94656 -1.59590 0.12467 0.06394 -0.75259 0.64341
1731053570.063606262 68.41484 -29.96196 -1.59780 0.12360 0.06324 -0.75376 0.64231
1731053570.073606491 68.41444 -29.97740 -1.59965 0.12245 0.06259 -0.75480 0.64138
1731053570.083606720 68.41413 -29.99289 -1.60143 0.12122 0.06205 -0.75571 0.64060
1731053570.093606472 68.41386 -30.00844 -1.60313 0.11994 0.06165 -0.75646 0.63999
1731053570.103606462 68.41350 -30.02415 -1.60475 0.11866 0.06136 -0.75702 0.63959
1731053570.113606453 68.41289 -30.04013 -1.60632 0.11743 0.06116 -0.75735 0.63944
1731053570.123606682 68.41189 -30.05648 -1.60785 0.11628 0.06103 -0.75740 0.63960
1731053570.133606434 68.41067 -30.07309 -1.60928 0.11524 0.06093 -0.75719 0.64005
1731053570.143606424 68.40955 -30.08972 -1.61053 0.11430 0.06083 -0.75676 0.64074
1731053570.153606415 68.40890 -30.10615 -1.61149 0.11345 0.06071 -0.75615 0.64162
1731053570.163606644 68.40886 -30.12226 -1.61213 0.11265 0.06057 -0.75540 0.64266
1731053570.173606396 68.40933 -30.13816 -1.61245 0.11179 0.06047 -0.75448 0.64390
1731053570.183606386 68.41016 -30.15397 -1.61247 0.11078 0.06045 -0.75338 0.64537
1731053570.193606615 68.41123 -30.16982 -1.61222 0.10953 0.06055 -0.75209 0.64707
1731053570.203606606 68.41239 -30.18583 -1.61173 0.10807 0.06075 -0.75064 0.64898
1731053570.213606596 68.41351 -30.20214 -1.61105 0.10645 0.06099 -0.74904 0.65106
1731053570.223606348 68.41449 -30.21885 -1.61021 0.10475 0.06121 -0.74732 0.65329
1731053570.233606577 68.41541 -30.23582 -1.60923 0.10306 0.06140 -0.74548 0.65564
1731053570.243606567 68.41651 -30.25275 -1.60813 0.10152 0.06154 -0.74351 0.65811
1731053570.253606558 68.41803 -30.26935 -1.60691 0.10026 0.06165 -0.74137 0.66069
1731053570.263606310 68.42007 -30.28547 -1.60558 0.09937 0.06172 -0.73909 0.66337
1731053570.273606539 68.42255 -30.30119 -1.60418 0.09883 0.06180 -0.73670 0.66610
1731053570.283606529 68.42536 -30.31662 -1.60272 0.09864 0.06193 -0.73423 0.66884
1731053570.293606520 68.42842 -30.33185 -1.60127 0.09879 0.06216 -0.73173 0.67152
1731053570.303606272 68.43173 -30.34692 -1.59997 0.09928 0.06252 -0.72925 0.67412
1731053570.313606501 68.43530 -30.36187 -1.59900 0.10011 0.06306 -0.72680 0.67658
1731053570.323606730 68.43914 -30.37671 -1.59853 0.10128 0.06382 -0.72443 0.67887
1731053570.333606482 68.44318 -30.39146 -1.59845 0.10276 0.06482 -0.72214 0.68100
1731053570.343606472 68.44728 -30.40612 -1.59853 0.10447 0.06601 -0.71988 0.68301
1731053570.353606462 68.45131 -30.42070 -1.59852 0.10634 0.06739 -0.71762 0.68496
1731053570.363606691 68.45517 -30.43521 -1.59827 0.10830 0.06892 -0.71536 0.68686
1731053570.373606443 68.45883 -30.44971 -1.59784 0.11030 0.07052 -0.71310 0.68873
1731053570.383606434 68.46224 -30.46423 -1.59728 0.11226 0.07215 -0.71087 0.69055
1731053570.393606424 68.46540 -30.47883 -1.59664 0.11412 0.07372 -0.70868 0.69232
1731053570.403606653 68.46835 -30.49351 -1.59600 0.11580 0.07519 -0.70657 0.69405
1731053570.413606405 68.47114 -30.50827 -1.59540 0.11719 0.07651 -0.70454 0.69572
1731053570.423606396 68.47382 -30.52312 -1.59490 0.11820 0.07762 -0.70264 0.69735
1731053570.433606625 68.47647 -30.53806 -1.59457 0.11874 0.07848 -0.70088 0.69894
1731053570.443606615 68.47910 -30.55310 -1.59444 0.11874 0.07903 -0.69928 0.70048
1731053570.453606606 68.48172 -30.56827 -1.59456 0.11823 0.07927 -0.69783 0.70198
1731053570.463606358 68.48430 -30.58360 -1.59493 0.11728 0.07918 -0.69653 0.70344
1731053570.473606586 68.48679 -30.59912 -1.59556 0.11594 0.07877 -0.69535 0.70487
1731053570.483606577 68.48917 -30.61487 -1.59649 0.11429 0.07802 -0.69430 0.70626
1731053570.493606567 68.49142 -30.63086 -1.59769 0.11237 0.07693 -0.69335 0.70761
1731053570.503606319 68.49356 -30.64704 -1.59908 0.11028 0.07558 -0.69251 0.70891
1731053570.513606548 68.49559 -30.66332 -1.60056 0.10808 0.07404 -0.69177 0.71013
1731053570.523606539 68.49754 -30.67964 -1.60201 0.10585 0.07239 -0.69114 0.71126
1731053570.533606529 68.49942 -30.69591 -1.60332 0.10368 0.07071 -0.69060 0.71226
1731053570.543606281 68.50126 -30.71208 -1.60441 0.10162 0.06908 -0.69017 0.71314
1731053570.553606510 68.50303 -30.72814 -1.60526 0.09967 0.06749 -0.68987 0.71386
1731053570.563606739 68.50473 -30.74410 -1.60589 0.09781 0.06594 -0.68971 0.71441
1731053570.573606491 68.50633 -30.75997 -1.60631 0.09601 0.06445 -0.68972 0.71479
1731053570.583606482 68.50782 -30.77577 -1.60654 0.09425 0.06299 -0.68991 0.71496
1731053570.593606472 68.50916 -30.79154 -1.60656 0.09252 0.06158 -0.69031 0.71493
1731053570.603606701 68.51024 -30.80751 -1.60629 0.09085 0.06024 -0.69091 0.71468
1731053570.613606453 68.51091 -30.82393 -1.60560 0.08929 0.05898 -0.69172 0.71420
1731053570.623606443 68.51107 -30.84102 -1.60439 0.08788 0.05784 -0.69273 0.71348
1731053570.633606434 68.51081 -30.85858 -1.60277 0.08665 0.05688 -0.69395 0.71252
1731053570.643606663 68.51035 -30.87615 -1.60099 0.08563 0.05621 -0.69538 0.71130
1731053570.653606415 68.50993 -30.89326 -1.59928 0.08486 0.05590 -0.69702 0.70982
1731053570.663606405 68.50963 -30.90965 -1.59777 0.08437 0.05601 -0.69884 0.70807
1731053570.673606396 68.50930 -30.92542 -1.59638 0.08417 0.05644 -0.70081 0.70611
1731053570.683606625 68.50878 -30.94070 -1.59503 0.08429 0.05714 -0.70287 0.70399
1731053570.693606615 68.50796 -30.95560 -1.59364 0.08475 0.05801 -0.70498 0.70175
1731053570.703606367 68.50685 -30.97020 -1.59220 0.08552 0.05901 -0.70713 0.69941
1731053570.713606596 68.50555 -30.98456 -1.59073 0.08661 0.06004 -0.70933 0.69695
1731053570.723606586 68.50413 -30.99875 -1.58925 0.08799 0.06106 -0.71159 0.69439
1731053570.733606577 68.50267 -31.01284 -1.58775 0.08965 0.06200 -0.71390 0.69171
1731053570.743606329 68.50122 -31.02687 -1.58626 0.09157 0.06280 -0.71629 0.68892
1731053570.753606558 68.49979 -31.04086 -1.58478 0.09366 0.06348 -0.71872 0.68603
1731053570.763606548 68.49834 -31.05480 -1.58334 0.09585 0.06407 -0.72120 0.68307
1731053570.773606539 68.49685 -31.06868 -1.58194 0.09805 0.06462 -0.72370 0.68005
1731053570.783606291 68.49530 -31.08250 -1.58060 0.10018 0.06514 -0.72623 0.67699
1731053570.793606520 68.49366 -31.09627 -1.57933 0.10218 0.06567 -0.72875 0.67392
1731053570.803606749 68.49194 -31.11005 -1.57812 0.10404 0.06618 -0.73125 0.67088
1731053570.813606501 68.49015 -31.12390 -1.57696 0.10575 0.06664 -0.73365 0.66793
1731053570.823606491 68.48830 -31.13790 -1.57583 0.10733 0.06703 -0.73594 0.66511
1731053570.833606482 68.48643 -31.15201 -1.57477 0.10876 0.06732 -0.73810 0.66245
1731053570.843606710 68.48458 -31.16617 -1.57387 0.11001 0.06752 -0.74017 0.65992
1731053570.853606462 68.48280 -31.18030 -1.57318 0.11106 0.06764 -0.74216 0.65749
1731053570.863606453 68.48111 -31.19436 -1.57276 0.11188 0.06768 -0.74408 0.65517
1731053570.873606443 68.47951 -31.20840 -1.57262 0.11248 0.06767 -0.74594 0.65295
1731053570.883606672 68.47798 -31.22246 -1.57276 0.11290 0.06765 -0.74772 0.65084
1731053570.893606424 68.47646 -31.23660 -1.57320 0.11313 0.06762 -0.74943 0.64884
1731053570.903606415 68.47475 -31.25090 -1.57399 0.11323 0.06760 -0.75104 0.64695
1731053570.913606405 68.47259 -31.26546 -1.57518 0.11326 0.06757 -0.75256 0.64518
1731053570.923606634 68.46977 -31.28035 -1.57682 0.11327 0.06754 -0.75396 0.64355
1731053570.933606625 68.46649 -31.29550 -1.57884 0.11327 0.06751 -0.75524 0.64204
1731053570.943606377 68.46325 -31.31075 -1.58110 0.11326 0.06752 -0.75641 0.64067
1731053570.953606606 68.46052 -31.32593 -1.58346 0.11326 0.06757 -0.75745 0.63944
1731053570.963606596 68.45853 -31.34097 -1.58585 0.11324 0.06770 -0.75837 0.63834
1731053570.973606586 68.45708 -31.35593 -1.58831 0.11318 0.06792 -0.75917 0.63737
1731053570.983606339 68.45593 -31.37089 -1.59086 0.11307 0.06823 -0.75986 0.63653
1731053570.993606567 68.45488 -31.38592 -1.59353 0.11289 0.06866 -0.76044 0.63583
1731053571.003606558 68.45384 -31.40110 -1.59621 0.11263 0.06920 -0.76089 0.63527
1731053571.013606548 68.45275 -31.41653 -1.59876 0.11232 0.06984 -0.76121 0.63487
1731053571.023606300 68.45155 -31.43228 -1.60107 0.11197 0.07057 -0.76138 0.63465
1731053571.033606529 68.45033 -31.44826 -1.60315 0.11159 0.07138 -0.76137 0.63464
1731053571.043606520 68.44924 -31.46430 -1.60511 0.11123 0.07222 -0.76114 0.63489
1731053571.053606510 68.44845 -31.48023 -1.60704 0.11090 0.07308 -0.76065 0.63544
1731053571.063606262 68.44803 -31.49597 -1.60897 0.11061 0.07388 -0.75988 0.63630
1731053571.073606491 68.44794 -31.51160 -1.61081 0.11031 0.07453 -0.75890 0.63746
1731053571.083606720 68.44811 -31.52719 -1.61245 0.10995 0.07491 -0.75772 0.63887
1731053571.093606472 68.44850 -31.54287 -1.61382 0.10949 0.07496 -0.75641 0.64050
1731053571.103606462 68.44904 -31.55885 -1.61493 0.10894 0.07484 -0.75495 0.64232
1731053571.113606453 68.44965 -31.57535 -1.61584 0.10833 0.07476 -0.75336 0.64430
1731053571.123606682 68.45027 -31.59259 -1.61658 0.10769 0.07492 -0.75163 0.64641
1731053571.133606434 68.45099 -31.61030 -1.61710 0.10708 0.07533 -0.74973 0.64866
1731053571.143606424 68.45196 -31.62792 -1.61728 0.10658 0.07589 -0.74763 0.65110
1731053571.153606415 68.45336 -31.64492 -1.61699 0.10628 0.07651 -0.74529 0.65375
1731053571.163606644 68.45525 -31.66104 -1.61618 0.10615 0.07714 -0.74269 0.65665
1731053571.173606396 68.45760 -31.67648 -1.61489 0.10603 0.07781 -0.73987 0.65977
1731053571.183606386 68.46034 -31.69150 -1.61318 0.10575 0.07857 -0.73685 0.66310
1731053571.193606615 68.46338 -31.70632 -1.61109 0.10517 0.07943 -0.73364 0.66663
1731053571.203606606 68.46644 -31.72108 -1.60869 0.10433 0.08037 -0.73026 0.67035
1731053571.213606596 68.46919 -31.73592 -1.60607 0.10329 0.08131 -0.72669 0.67427
1731053571.223606348 68.47136 -31.75093 -1.60329 0.10210 0.08219 -0.72292 0.67838
1731053571.233606577 68.47315 -31.76606 -1.60039 0.10081 0.08297 -0.71894 0.68270
1731053571.243606567 68.47510 -31.78114 -1.59738 0.09940 0.08363 -0.71472 0.68724
1731053571.253606558 68.47770 -31.79602 -1.59427 0.09788 0.08413 -0.71025 0.69201
1731053571.263606310 68.48120 -31.81063 -1.59105 0.09622 0.08445 -0.70554 0.69701
1731053571.273606539 68.48535 -31.82504 -1.58775 0.09430 0.08456 -0.70062 0.70220
1731053571.283606529 68.48989 -31.83935 -1.58436 0.09202 0.08443 -0.69557 0.70752
1731053571.293606520 68.49459 -31.85365 -1.58088 0.08930 0.08402 -0.69043 0.71293
1731053571.303606272 68.49933 -31.86804 -1.57732 0.08622 0.08339 -0.68523 0.71839
1731053571.313606501 68.50404 -31.88257 -1.57369 0.08291 0.08260 -0.67999 0.72382
1731053571.323606730 68.50865 -31.89731 -1.56999 0.07949 0.08169 -0.67475 0.72920
1731053571.333606482 68.51318 -31.91220 -1.56633 0.07602 0.08066 -0.66950 0.73450
1731053571.343606472 68.51772 -31.92711 -1.56289 0.07255 0.07947 -0.66423 0.73974
1731053571.353606462 68.52234 -31.94190 -1.55984 0.06911 0.07807 -0.65893 0.74494
1731053571.363606691 68.52707 -31.95651 -1.55724 0.06577 0.07648 -0.65360 0.75009
1731053571.373606443 68.53187 -31.97102 -1.55504 0.06262 0.07482 -0.64828 0.75513
1731053571.383606434 68.53669 -31.98550 -1.55315 0.05978 0.07321 -0.64298 0.76002
1731053571.393606424 68.54148 -32.00006 -1.55152 0.05733 0.07177 -0.63776 0.76474
1731053571.403606653 68.54614 -32.01475 -1.55022 0.05519 0.07049 -0.63264 0.76925
1731053571.413606405 68.55061 -32.02967 -1.54933 0.05327 0.06934 -0.62766 0.77356
1731053571.423606396 68.55480 -32.04486 -1.54892 0.05149 0.06828 -0.62284 0.77766
1731053571.433606625 68.55876 -32.06026 -1.54889 0.04983 0.06732 -0.61820 0.78155
1731053571.443606615 68.56263 -32.07573 -1.54900 0.04829 0.06651 -0.61370 0.78525
1731053571.453606606 68.56652 -32.09112 -1.54902 0.04689 0.06587 -0.60935 0.78877
1731053571.463606358 68.57050 -32.10635 -1.54883 0.04560 0.06537 -0.60514 0.79212
1731053571.473606586 68.57448 -32.12150 -1.54843 0.04424 0.06486 -0.60108 0.79532
1731053571.483606577 68.57841 -32.13664 -1.54789 0.04267 0.06418 -0.59720 0.79838
1731053571.493606567 68.58220 -32.15182 -1.54724 0.04077 0.06320 -0.59350 0.80131
1731053571.503606319 68.58572 -32.16703 -1.54656 0.03857 0.06194 -0.59001 0.80409
1731053571.513606548 68.58888 -32.18225 -1.54594 0.03616 0.06046 -0.58674 0.80671
1731053571.523606539 68.59155 -32.19746 -1.54545 0.03364 0.05881 -0.58370 0.80914
1731053571.533606529 68.59384 -32.21261 -1.54501 0.03108 0.05704 -0.58091 0.81137
1731053571.543606281 68.59596 -32.22769 -1.54439 0.02854 0.05519 -0.57841 0.81338
1731053571.553606510 68.59812 -32.24267 -1.54339 0.02608 0.05331 -0.57621 0.81514
1731053571.563606739 68.60041 -32.25753 -1.54192 0.02371 0.05142 -0.57435 0.81665
1731053571.573606491 68.60274 -32.27232 -1.54005 0.02133 0.04952 -0.57283 0.81790
1731053571.583606482 68.60496 -32.28705 -1.53787 0.01882 0.04760 -0.57169 0.81887
1731053571.593606472 68.60694 -32.30181 -1.53545 0.01609 0.04564 -0.57093 0.81957
1731053571.603606701 68.60851 -32.31683 -1.53277 0.01315 0.04349 -0.57057 0.81999
1731053571.613606453 68.60949 -32.33240 -1.52979 0.01004 0.04098 -0.57059 0.82015
1731053571.623606443 68.60972 -32.34877 -1.52647 0.00680 0.03795 -0.57099 0.82005
1731053571.633606434 68.60938 -32.36574 -1.52290 0.00365 0.03447 -0.57169 0.81974
1731053571.643606663 68.60881 -32.38283 -1.51919 0.00093 0.03075 -0.57255 0.81929
1731053571.653606415 68.60840 -32.39956 -1.51549 -0.00103 0.02700 -0.57345 0.81880
1731053571.663606405 68.60830 -32.41569 -1.51187 -0.00213 0.02334 -0.57430 0.81831
1731053571.673606396 68.60838 -32.43137 -1.50832 -0.00264 0.01979 -0.57512 0.81782
1731053571.683606625 68.60846 -32.44676 -1.50483 -0.00285 0.01634 -0.57593 0.81733
1731053571.693606615 68.60844 -32.46201 -1.50138 -0.00303 0.01298 -0.57675 0.81681
1731053571.703606367 68.60839 -32.47723 -1.49796 -0.00331 0.00965 -0.57766 0.81622
1731053571.713606596 68.60841 -32.49247 -1.49456 -0.00382 0.00630 -0.57873 0.81549
1731053571.723606586 68.60863 -32.50781 -1.49118 -0.00465 0.00287 -0.58005 0.81457
1731053571.733606577 68.60895 -32.52317 -1.48785 -0.00569 -0.00049 -0.58159 0.81346
1731053571.743606329 68.60919 -32.53842 -1.48459 -0.00672 -0.00350 -0.58328 0.81224
1731053571.753606558 68.60915 -32.55341 -1.48146 -0.00748 -0.00591 -0.58504 0.81095
1731053571.763606548 68.60875 -32.56807 -1.47850 -0.00782 -0.00761 -0.58684 0.80963
1731053571.773606539 68.60808 -32.58249 -1.47576 -0.00767 -0.00872 -0.58866 0.80830
1731053571.783606291 68.60725 -32.59674 -1.47327 -0.00700 -0.00940 -0.59049 0.80696
1731053571.793606520 68.60633 -32.61093 -1.47105 -0.00580 -0.00982 -0.59233 0.80561
1731053571.803606749 68.60527 -32.62521 -1.46901 -0.00431 -0.01014 -0.59418 0.80426
1731053571.813606501 68.60394 -32.63974 -1.46702 -0.00283 -0.01054 -0.59604 0.80288
1731053571.823606491 68.60227 -32.65467 -1.46498 -0.00163 -0.01119 -0.59790 0.80149
1731053571.833606482 68.60036 -32.66991 -1.46293 -0.00082 -0.01212 -0.59977 0.80008
1731053571.843606710 68.59843 -32.68522 -1.46101 -0.00041 -0.01328 -0.60162 0.79868
1731053571.853606462 68.59673 -32.70036 -1.45938 -0.00038 -0.01462 -0.60343 0.79728
1731053571.863606453 68.59535 -32.71522 -1.45809 -0.00073 -0.01613 -0.60519 0.79592
1731053571.873606443 68.59420 -32.72992 -1.45709 -0.00141 -0.01785 -0.60685 0.79461
1731053571.883606672 68.59316 -32.74458 -1.45630 -0.00240 -0.01981 -0.60840 0.79338
1731053571.893606424 68.59213 -32.75936 -1.45567 -0.00367 -0.02204 -0.60980 0.79224
1731053571.903606415 68.59099 -32.77453 -1.45525 -0.00531 -0.02455 -0.61106 0.79118
1731053571.913606405 68.58961 -32.79044 -1.45511 -0.00742 -0.02734 -0.61219 0.79020
1731053571.923606634 68.58790 -32.80734 -1.45531 -0.01009 -0.03042 -0.61321 0.78927
1731053571.933606625 68.58594 -32.82495 -1.45572 -0.01331 -0.03381 -0.61409 0.78840
1731053571.943606377 68.58391 -32.84264 -1.45613 -0.01698 -0.03758 -0.61484 0.78757
1731053571.953606606 68.58203 -32.85976 -1.45630 -0.02098 -0.04178 -0.61544 0.78679
1731053571.963606596 68.58037 -32.87603 -1.45612 -0.02523 -0.04639 -0.61588 0.78606
1731053571.973606586 68.57886 -32.89167 -1.45568 -0.02960 -0.05127 -0.61618 0.78537
1731053571.983606339 68.57742 -32.90698 -1.45508 -0.03399 -0.05629 -0.61635 0.78472
1731053571.993606567 68.57595 -32.92221 -1.45439 -0.03830 -0.06132 -0.61641 0.78410
1731053572.003606558 68.57434 -32.93743 -1.45364 -0.04245 -0.06626 -0.61637 0.78352
1731053572.013606548 68.57249 -32.95270 -1.45283 -0.04638 -0.07101 -0.61623 0.78299
1731053572.023606300 68.57030 -32.96804 -1.45197 -0.05003 -0.07549 -0.61600 0.78252
1731053572.033606529 68.56786 -32.98343 -1.45107 -0.05346 -0.07971 -0.61568 0.78213
1731053572.043606520 68.56542 -32.99880 -1.45016 -0.05679 -0.08374 -0.61527 0.78180
1731053572.053606510 68.56321 -33.01407 -1.44925 -0.06014 -0.08765 -0.61476 0.78152
1731053572.063606262 68.56131 -33.02927 -1.44836 -0.06358 -0.09147 -0.61412 0.78131
1731053572.073606491 68.55955 -33.04453 -1.44744 -0.06706 -0.09516 -0.61334 0.78119
1731053572.083606720 68.55774 -33.06002 -1.44648 -0.07055 -0.09869 -0.61239 0.78119
1731053572.093606472 68.55575 -33.07585 -1.44545 -0.07400 -0.10202 -0.61126 0.78133
1731053572.103606462 68.55366 -33.09192 -1.44436 -0.07742 -0.10516 -0.60996 0.78160
1731053572.113606453 68.55160 -33.10809 -1.44321 -0.08080 -0.10813 -0.60853 0.78197
1731053572.123606682 68.54970 -33.12423 -1.44201 -0.08415 -0.11093 -0.60698 0.78242
1731053572.133606434 68.54810 -33.14019 -1.44076 -0.08747 -0.11358 -0.60536 0.78293
1731053572.143606424 68.54689 -33.15587 -1.43948 -0.09075 -0.11609 -0.60368 0.78349
1731053572.153606415 68.54605 -33.17128 -1.43819 -0.09391 -0.11846 -0.60195 0.78409
1731053572.163606644 68.54551 -33.18647 -1.43695 -0.09685 -0.12069 -0.60018 0.78475
1731053572.173606396 68.54520 -33.20148 -1.43578 -0.09948 -0.12278 -0.59838 0.78548
1731053572.183606386 68.54505 -33.21637 -1.43472 -0.10170 -0.12472 -0.59654 0.78628
1731053572.193606615 68.54500 -33.23119 -1.43382 -0.10340 -0.12649 -0.59470 0.78717
1731053572.203606606 68.54496 -33.24597 -1.43319 -0.10440 -0.12788 -0.59294 0.78815
1731053572.213606596 68.54487 -33.26075 -1.43295 -0.10452 -0.12868 -0.59134 0.78920
1731053572.223606348 68.54466 -33.27556 -1.43320 -0.10356 -0.12867 -0.59001 0.79032
1731053572.233606577 68.54435 -33.29041 -1.43391 -0.10158 -0.12780 -0.58897 0.79150
1731053572.243606567 68.54403 -33.30529 -1.43495 -0.09874 -0.12611 -0.58820 0.79270
1731053572.253606558 68.54380 -33.32018 -1.43619 -0.09521 -0.12366 -0.58768 0.79390
1731053572.263606310 68.54369 -33.33507 -1.43757 -0.09112 -0.12050 -0.58739 0.79508
1731053572.273606539 68.54366 -33.34999 -1.43912 -0.08656 -0.11668 -0.58728 0.79624
1731053572.283606529 68.54364 -33.36493 -1.44088 -0.08159 -0.11228 -0.58731 0.79738
1731053572.293606520 68.54359 -33.37989 -1.44290 -0.07632 -0.10735 -0.58742 0.79849
1731053572.303606272 68.54356 -33.39480 -1.44517 -0.07084 -0.10202 -0.58761 0.79955
1731053572.313606501 68.54363 -33.40954 -1.44764 -0.06529 -0.09642 -0.58790 0.80051
1731053572.323606730 68.54384 -33.42405 -1.45032 -0.05979 -0.09067 -0.58828 0.80133
1731053572.333606482 68.54412 -33.43841 -1.45322 -0.05440 -0.08482 -0.58876 0.80200
1731053572.343606472 68.54427 -33.45285 -1.45640 -0.04911 -0.07888 -0.58933 0.80253
1731053572.353606462 68.54413 -33.46759 -1.45991 -0.04393 -0.07284 -0.58998 0.80292
1731053572.363606691 68.54360 -33.48273 -1.46378 -0.03889 -0.06674 -0.59073 0.80316
1731053572.373606443 68.54274 -33.49818 -1.46795 -0.03406 -0.06060 -0.59157 0.80325
1731053572.383606434 68.54162 -33.51384 -1.47241 -0.02948 -0.05447 -0.59251 0.80318
1731053572.393606424 68.54024 -33.52966 -1.47709 -0.02518 -0.04840 -0.59357 0.80293
1731053572.403606653 68.53821 -33.54601 -1.48190 -0.02107 -0.04239 -0.59478 0.80250
1731053572.413606405 68.53508 -33.56330 -1.48671 -0.01700 -0.03645 -0.59615 0.80187
1731053572.423606396 68.53045 -33.58190 -1.49142 -0.01284 -0.03059 -0.59771 0.80103
1731053572.433606625 68.52467 -33.60145 -1.49605 -0.00860 -0.02487 -0.59948 0.79996
1731053572.443606615 68.51858 -33.62111 -1.50073 -0.00440 -0.01937 -0.60147 0.79865
1731053572.453606606 68.51302 -33.64006 -1.50558 -0.00034 -0.01418 -0.60371 0.79707
1731053572.463606358 68.50838 -33.65792 -1.51063 0.00350 -0.00936 -0.60621 0.79524
1731053572.473606586 68.50430 -33.67504 -1.51581 0.00710 -0.00492 -0.60896 0.79316
1731053572.483606577 68.50037 -33.69183 -1.52101 0.01045 -0.00084 -0.61193 0.79084
1731053572.493606567 68.49627 -33.70859 -1.52615 0.01354 0.00288 -0.61513 0.78831
1731053572.503606319 68.49200 -33.72529 -1.53113 0.01649 0.00626 -0.61854 0.78556
1731053572.513606548 68.48760 -33.74177 -1.53585 0.01940 0.00932 -0.62217 0.78259
1731053572.523606539 68.48315 -33.75793 -1.54023 0.02241 0.01211 -0.62601 0.77940
1731053572.533606529 68.47859 -33.77384 -1.54429 0.02560 0.01467 -0.63007 0.77597
1731053572.543606281 68.47381 -33.78971 -1.54812 0.02901 0.01712 -0.63440 0.77227
1731053572.553606510 68.46869 -33.80578 -1.55181 0.03271 0.01953 -0.63902 0.76825
1731053572.563606739 68.46318 -33.82208 -1.55541 0.03675 0.02200 -0.64390 0.76391
1731053572.573606491 68.45735 -33.83848 -1.55887 0.04118 0.02458 -0.64894 0.75932
1731053572.583606482 68.45128 -33.85477 -1.56215 0.04605 0.02732 -0.65405 0.75455
1731053572.593606472 68.44503 -33.87078 -1.56519 0.05136 0.03027 -0.65915 0.74965
1731053572.603606701 68.43852 -33.88638 -1.56784 0.05699 0.03334 -0.66423 0.74460
1731053572.613606453 68.43167 -33.90143 -1.56991 0.06276 0.03643 -0.66935 0.73940
1731053572.623606443 68.42438 -33.91582 -1.57128 0.06849 0.03943 -0.67453 0.73401
1731053572.633606434 68.41675 -33.92967 -1.57205 0.07406 0.04223 -0.67982 0.72840
1731053572.643606663 68.40898 -33.94325 -1.57250 0.07935 0.04474 -0.68529 0.72255
1731053572.653606415 68.40125 -33.95680 -1.57293 0.08424 0.04687 -0.69097 0.71642
1731053572.663606405 68.39365 -33.97048 -1.57348 0.08874 0.04860 -0.69688 0.71001
1731053572.673606396 68.38611 -33.98419 -1.57410 0.09297 0.05007 -0.70293 0.70338
1731053572.683606625 68.37855 -33.99787 -1.57473 0.09710 0.05140 -0.70901 0.69659
1731053572.693606615 68.37091 -34.01142 -1.57531 0.10124 0.05269 -0.71505 0.68969
1731053572.703606367 68.36328 -34.02486 -1.57584 0.10541 0.05388 -0.72101 0.68274
1731053572.713606596 68.35577 -34.03822 -1.57632 0.10956 0.05487 -0.72687 0.67576
1731053572.723606586 68.34847 -34.05152 -1.57678 0.11365 0.05558 -0.73261 0.66879
1731053572.733606577 68.34132 -34.06476 -1.57723 0.11763 0.05604 -0.73822 0.66186
1731053572.743606329 68.33413 -34.07792 -1.57769 0.12140 0.05637 -0.74370 0.65497
1731053572.753606558 68.32672 -34.09098 -1.57819 0.12488 0.05671 -0.74907 0.64814
1731053572.763606548 68.31903 -34.10395 -1.57873 0.12801 0.05709 -0.75432 0.64137
1731053572.773606539 68.31113 -34.11684 -1.57933 0.13085 0.05738 -0.75950 0.63463
1731053572.783606291 68.30315 -34.12970 -1.58000 0.13344 0.05746 -0.76461 0.62790
1731053572.793606520 68.29517 -34.14255 -1.58072 0.13580 0.05724 -0.76968 0.62118
1731053572.803606749 68.28718 -34.15547 -1.58140 0.13789 0.05679 -0.77470 0.61449
1731053572.813606501 68.27918 -34.16851 -1.58190 0.13962 0.05622 -0.77966 0.60784
1731053572.823606491 68.27114 -34.18173 -1.58212 0.14094 0.05565 -0.78455 0.60127
1731053572.833606482 68.26308 -34.19509 -1.58218 0.14185 0.05506 -0.78934 0.59480
1731053572.843606710 68.25508 -34.20846 -1.58236 0.14238 0.05439 -0.79403 0.58846
1731053572.853606462 68.24716 -34.22173 -1.58293 0.14258 0.05356 -0.79859 0.58229
1731053572.863606453 68.23938 -34.23485 -1.58400 0.14253 0.05257 -0.80300 0.57629
1731053572.873606443 68.23170 -34.24786 -1.58544 0.14234 0.05150 -0.80727 0.57044
1731053572.883606672 68.22412 -34.26084 -1.58707 0.14214 0.05043 -0.81138 0.56472
1731053572.893606424 68.21658 -34.27387 -1.58876 0.14201 0.04944 -0.81534 0.55912
1731053572.903606415 68.20886 -34.28706 -1.59043 0.14190 0.04855 -0.81913 0.55365
1731053572.913606405 68.20070 -34.30055 -1.59200 0.14173 0.04778 -0.82276 0.54835
1731053572.923606634 68.19189 -34.31445 -1.59341 0.14144 0.04713 -0.82623 0.54325
1731053572.933606625 68.18264 -34.32864 -1.59474 0.14103 0.04662 -0.82952 0.53835
1731053572.943606377 68.17346 -34.34286 -1.59613 0.14060 0.04623 -0.83265 0.53365
1731053572.953606606 68.16484 -34.35685 -1.59771 0.14023 0.04598 -0.83560 0.52914
1731053572.963606596 68.15701 -34.37048 -1.59953 0.13996 0.04584 -0.83837 0.52482
1731053572.973606586 68.14980 -34.38386 -1.60148 0.13976 0.04578 -0.84097 0.52070
1731053572.983606339 68.14297 -34.39714 -1.60342 0.13963 0.04575 -0.84340 0.51680
1731053572.993606567 68.13630 -34.41044 -1.60525 0.13953 0.04573 -0.84567 0.51312
1731053573.003606558 68.12958 -34.42395 -1.60705 0.13946 0.04570 -0.84776 0.50967
1731053573.013606548 68.12257 -34.43786 -1.60889 0.13939 0.04571 -0.84969 0.50646
1731053573.023606300 68.11507 -34.45232 -1.61087 0.13934 0.04576 -0.85147 0.50348
1731053573.033606529 68.10729 -34.46719 -1.61293 0.13929 0.04586 -0.85308 0.50076
1731053573.043606520 68.09966 -34.48215 -1.61493 0.13925 0.04603 -0.85451 0.49830
1731053573.053606510 68.09262 -34.49685 -1.61673 0.13924 0.04627 -0.85576 0.49614
1731053573.063606262 68.08640 -34.51116 -1.61826 0.13926 0.04658 -0.85681 0.49428
1731053573.073606491 68.08079 -34.52526 -1.61956 0.13931 0.04699 -0.85766 0.49274
1731053573.083606720 68.07560 -34.53936 -1.62067 0.13939 0.04753 -0.85831 0.49155
1731053573.093606472 68.07064 -34.55364 -1.62160 0.13953 0.04818 -0.85873 0.49070
1731053573.103606462 68.06580 -34.56807 -1.62225 0.13981 0.04892 -0.85898 0.49012
1731053573.113606453 68.06098 -34.58260 -1.62249 0.14035 0.04968 -0.85907 0.48972
1731053573.123606682 68.05612 -34.59719 -1.62222 0.14127 0.05041 -0.85905 0.48942
1731053573.133606434 68.05134 -34.61178 -1.62156 0.14255 0.05114 -0.85892 0.48920
1731053573.143606424 68.04687 -34.62634 -1.62082 0.14414 0.05196 -0.85866 0.48910
1731053573.153606415 68.04295 -34.64082 -1.62028 0.14595 0.05294 -0.85825 0.48918
1731053573.163606644 68.03968 -34.65520 -1.62009 0.14796 0.05414 -0.85768 0.48945
1731053573.173606396 68.03692 -34.66943 -1.62012 0.15019 0.05550 -0.85696 0.48988
1731053573.183606386 68.03450 -34.68349 -1.62025 0.15266 0.05698 -0.85611 0.49043
1731053573.193606615 68.03229 -34.69737 -1.62036 0.15538 0.05855 -0.85515 0.49108
1731053573.203606606 68.03024 -34.71112 -1.62041 0.15823 0.06019 -0.85408 0.49182
1731053573.213606596 68.02835 -34.72484 -1.62041 0.16109 0.06188 -0.85295 0.49265
1731053573.223606348 68.02661 -34.73862 -1.62035 0.16382 0.06361 -0.85176 0.49358
1731053573.233606577 68.02500 -34.75253 -1.62021 0.16629 0.06538 -0.85056 0.49460
1731053573.243606567 68.02352 -34.76665 -1.61999 0.16836 0.06715 -0.84936 0.49572
1731053573.253606558 68.02213 -34.78098 -1.61970 0.16995 0.06885 -0.84819 0.49694
1731053573.263606310 68.02080 -34.79549 -1.61932 0.17098 0.07040 -0.84710 0.49823
1731053573.273606539 68.01949 -34.81017 -1.61887 0.17135 0.07171 -0.84611 0.49959
1731053573.283606529 68.01817 -34.82501 -1.61835 0.17100 0.07270 -0.84526 0.50102
1731053573.293606520 68.01678 -34.84001 -1.61774 0.16984 0.07329 -0.84456 0.50249
1731053573.303606272 68.01512 -34.85531 -1.61700 0.16788 0.07348 -0.84402 0.50403
1731053573.313606501 68.01297 -34.87108 -1.61605 0.16513 0.07326 -0.84362 0.50564
1731053573.323606730 68.01012 -34.88745 -1.61484 0.16162 0.07264 -0.84333 0.50734
1731053573.333606482 68.00675 -34.90430 -1.61341 0.15737 0.07157 -0.84314 0.50913
1731053573.343606472 68.00326 -34.92133 -1.61187 0.15239 0.07001 -0.84305 0.51102
1731053573.353606462 68.00008 -34.93822 -1.61033 0.14671 0.06788 -0.84303 0.51300
1731053573.363606691 67.99739 -34.95485 -1.60884 0.14035 0.06518 -0.84306 0.51508
1731053573.373606443 67.99503 -34.97128 -1.60738 0.13334 0.06194 -0.84312 0.51724
1731053573.383606434 67.99283 -34.98762 -1.60592 0.12571 0.05821 -0.84316 0.51950
1731053573.393606424 67.99063 -35.00397 -1.60447 0.11750 0.05406 -0.84318 0.52184
1731053573.403606653 67.98838 -35.02031 -1.60310 0.10881 0.04957 -0.84314 0.52423
1731053573.413606405 67.98605 -35.03662 -1.60191 0.09972 0.04486 -0.84304 0.52663
1731053573.423606396 67.98361 -35.05287 -1.60098 0.09035 0.04002 -0.84286 0.52898
1731053573.433606625 67.98112 -35.06906 -1.60021 0.08083 0.03513 -0.84261 0.53126
1731053573.443606615 67.97863 -35.08516 -1.59938 0.07135 0.03019 -0.84231 0.53340
1731053573.453606606 67.97624 -35.10118 -1.59825 0.06209 0.02526 -0.84197 0.53535
1731053573.463606358 67.97388 -35.11714 -1.59673 0.05318 0.02037 -0.84162 0.53706
1731053573.473606586 67.97130 -35.13314 -1.59487 0.04465 0.01565 -0.84133 0.53844
1731053573.483606577 67.96821 -35.14928 -1.59279 0.03653 0.01121 -0.84116 0.53943
1731053573.493606567 67.96443 -35.16562 -1.59057 0.02888 0.00714 -0.84116 0.53997
1731053573.503606319 67.96008 -35.18207 -1.58826 0.02181 0.00348 -0.84131 0.54010
1731053573.513606548 67.95539 -35.19848 -1.58592 0.01542 0.00023 -0.84161 0.53987
1731053573.523606539 67.95058 -35.21474 -1.58359 0.00983 -0.00259 -0.84204 0.53933
1731053573.533606529 67.94587 -35.23070 -1.58134 0.00516 -0.00498 -0.84257 0.53853
1731053573.543606281 67.94143 -35.24626 -1.57920 0.00149 -0.00693 -0.84321 0.53754
1731053573.553606510 67.93724 -35.26145 -1.57719 -0.00117 -0.00843 -0.84394 0.53637
1731053573.563606739 67.93320 -35.27633 -1.57533 -0.00287 -0.00950 -0.84476 0.53505
1731053573.573606491 67.92923 -35.29093 -1.57363 -0.00365 -0.01014 -0.84567 0.53359
1731053573.583606482 67.92524 -35.30533 -1.57212 -0.00354 -0.01035 -0.84666 0.53203
1731053573.593606472 67.92117 -35.31953 -1.57081 -0.00258 -0.01013 -0.84771 0.53036
1731053573.603606701 67.91695 -35.33344 -1.56982 -0.00077 -0.00950 -0.84886 0.52854
1731053573.613606453 67.91254 -35.34690 -1.56926 0.00188 -0.00842 -0.85013 0.52650
1731053573.623606443 67.90790 -35.35978 -1.56924 0.00536 -0.00691 -0.85155 0.52420
1731053573.633606434 67.90306 -35.37222 -1.56968 0.00960 -0.00501 -0.85308 0.52167
1731053573.643606663 67.89808 -35.38449 -1.57036 0.01451 -0.00277 -0.85466 0.51897
1731053573.653606415 67.89305 -35.39686 -1.57107 0.02001 -0.00027 -0.85623 0.51620
1731053573.663606405 67.88800 -35.40948 -1.57171 0.02597 0.00244 -0.85774 0.51342
1731053573.673606396 67.88294 -35.42223 -1.57233 0.03227 0.00534 -0.85917 0.51065
1731053573.683606625 67.87789 -35.43497 -1.57301 0.03879 0.00842 -0.86050 0.50790
1731053573.693606615 67.87281 -35.44763 -1.57380 0.04538 0.01163 -0.86172 0.50521
1731053573.703606367 67.86749 -35.46029 -1.57474 0.05186 0.01488 -0.86286 0.50256
1731053573.713606596 67.86167 -35.47312 -1.57584 0.05804 0.01809 -0.86393 0.49993
1731053573.723606586 67.85513 -35.48623 -1.57710 0.06374 0.02114 -0.86497 0.49732
1731053573.733606577 67.84803 -35.49957 -1.57849 0.06889 0.02404 -0.86598 0.49473
1731053573.743606329 67.84076 -35.51294 -1.57991 0.07345 0.02681 -0.86695 0.49222
1731053573.753606558 67.83373 -35.52617 -1.58128 0.07741 0.02949 -0.86790 0.48979
1731053573.763606548 67.82714 -35.53917 -1.58258 0.08080 0.03208 -0.86880 0.48748
1731053573.773606539 67.82087 -35.55207 -1.58389 0.08370 0.03448 -0.86966 0.48528
1731053573.783606291 67.81479 -35.56499 -1.58531 0.08620 0.03661 -0.87049 0.48320
1731053573.793606520 67.80879 -35.57803 -1.58691 0.08838 0.03841 -0.87128 0.48123
1731053573.803606749 67.80284 -35.59122 -1.58868 0.09027 0.03988 -0.87204 0.47938
1731053573.813606501 67.79693 -35.60456 -1.59058 0.09190 0.04107 -0.87276 0.47766
1731053573.823606491 67.79108 -35.61802 -1.59257 0.09328 0.04202 -0.87344 0.47606
1731053573.833606482 67.78527 -35.63163 -1.59462 0.09443 0.04276 -0.87408 0.47459
1731053573.843606710 67.77950 -35.64536 -1.59670 0.09536 0.04332 -0.87468 0.47326
1731053573.853606462 67.77377 -35.65922 -1.59876 0.09610 0.04376 -0.87522 0.47206
1731053573.863606453 67.76808 -35.67320 -1.60077 0.09667 0.04411 -0.87571 0.47101
1731053573.873606443 67.76242 -35.68731 -1.60269 0.09708 0.04439 -0.87614 0.47010
1731053573.883606672 67.75680 -35.70153 -1.60450 0.09736 0.04466 -0.87650 0.46933
1731053573.893606424 67.75119 -35.71586 -1.60617 0.09749 0.04494 -0.87680 0.46872
1731053573.903606415 67.74554 -35.73035 -1.60781 0.09744 0.04520 -0.87704 0.46826
1731053573.913606405 67.73975 -35.74504 -1.60953 0.09711 0.04540 -0.87722 0.46797
1731053573.923606634 67.73376 -35.75994 -1.61143 0.09644 0.04551 -0.87735 0.46785
1731053573.933606625 67.72766 -35.77500 -1.61342 0.09557 0.04551 -0.87742 0.46790
1731053573.943606377 67.72162 -35.79010 -1.61529 0.09474 0.04541 -0.87740 0.46812
1731053573.953606606 67.71584 -35.80510 -1.61683 0.09419 0.04521 -0.87727 0.46850
1731053573.963606596 67.71041 -35.81997 -1.61791 0.09405 0.04496 -0.87700 0.46904
1731053573.973606586 67.70525 -35.83476 -1.61860 0.09427 0.04476 -0.87661 0.46975
1731053573.983606339 67.70031 -35.84956 -1.61896 0.09477 0.04473 -0.87608 0.47063
1731053573.993606567 67.69549 -35.86443 -1.61902 0.09550 0.04494 -0.87542 0.47169
1731053574.003606558 67.69075 -35.87941 -1.61865 0.09634 0.04542 -0.87464 0.47292
1731053574.013606548 67.68601 -35.89452 -1.61770 0.09720 0.04615 -0.87375 0.47432
1731053574.023606300 67.68124 -35.90979 -1.61603 0.09797 0.04714 -0.87277 0.47587
1731053574.033606529 67.67651 -35.92516 -1.61380 0.09854 0.04826 -0.87171 0.47758
1731053574.043606520 67.67194 -35.94051 -1.61134 0.09881 0.04937 -0.87059 0.47945
1731053574.053606510 67.66769 -35.95573 -1.60900 0.09867 0.05028 -0.86943 0.48149
1731053574.063606262 67.66379 -35.97081 -1.60697 0.09814 0.05094 -0.86822 0.48370
1731053574.073606491 67.66011 -35.98584 -1.60524 0.09742 0.05143 -0.86694 0.48609
1731053574.083606720 67.65651 -36.00094 -1.60378 0.09669 0.05185 -0.86554 0.48867
1731053574.093606472 67.65287 -36.01620 -1.60252 0.09615 0.05229 -0.86402 0.49142
1731053574.103606462 67.64926 -36.03156 -1.60140 0.09587 0.05277 -0.86236 0.49432
1731053574.113606453 67.64574 -36.04693 -1.60031 0.09589 0.05331 -0.86060 0.49732
1731053574.123606682 67.64241 -36.06220 -1.59918 0.09625 0.05392 -0.85876 0.50036
1731053574.133606434 67.63935 -36.07729 -1.59791 0.09700 0.05462 -0.85685 0.50341
1731053574.143606424 67.63661 -36.09213 -1.59643 0.09816 0.05540 -0.85490 0.50641
1731053574.153606415 67.63416 -36.10674 -1.59479 0.09961 0.05629 -0.85292 0.50935
1731053574.163606644 67.63192 -36.12121 -1.59306 0.10123 0.05729 -0.85093 0.51224
1731053574.173606396 67.62981 -36.13559 -1.59130 0.10286 0.05841 -0.84895 0.51506
1731053574.183606386 67.62776 -36.14994 -1.58958 0.10438 0.05965 -0.84700 0.51782
1731053574.193606615 67.62569 -36.16434 -1.58795 0.10567 0.06100 -0.84509 0.52052
1731053574.203606606 67.62343 -36.17884 -1.58636 0.10670 0.06241 -0.84323 0.52315
1731053574.213606596 67.62080 -36.19354 -1.58475 0.10749 0.06380 -0.84141 0.52575
1731053574.223606348 67.61764 -36.20850 -1.58306 0.10802 0.06509 -0.83963 0.52831
1731053574.233606577 67.61408 -36.22366 -1.58136 0.10830 0.06622 -0.83791 0.53085
1731053574.243606567 67.61039 -36.23890 -1.57981 0.10831 0.06715 -0.83625 0.53333
1731053574.253606558 67.60688 -36.25409 -1.57856 0.10807 0.06782 -0.83468 0.53575
1731053574.263606310 67.60365 -36.26917 -1.57768 0.10758 0.06822 -0.83320 0.53810
1731053574.273606539 67.60059 -36.28419 -1.57716 0.10689 0.06836 -0.83182 0.54035
1731053574.283606529 67.59753 -36.29921 -1.57695 0.10603 0.06828 -0.83054 0.54249
1731053574.293606520 67.59432 -36.31428 -1.57701 0.10505 0.06799 -0.82937 0.54451
1731053574.303606272 67.59074 -36.32946 -1.57728 0.10392 0.06751 -0.82830 0.54641
1731053574.313606501 67.58658 -36.34481 -1.57768 0.10263 0.06685 -0.82734 0.54818
1731053574.323606730 67.58165 -36.36036 -1.57813 0.10116 0.06602 -0.82649 0.54983
1731053574.333606482 67.57614 -36.37605 -1.57864 0.09955 0.06506 -0.82576 0.55134
1731053574.343606472 67.57044 -36.39172 -1.57924 0.09788 0.06397 -0.82515 0.55268
1731053574.353606462 67.56499 -36.40723 -1.57997 0.09623 0.06277 -0.82467 0.55383
1731053574.363606691 67.55995 -36.42250 -1.58084 0.09464 0.06148 -0.82432 0.55476
1731053574.373606443 67.55515 -36.43756 -1.58182 0.09308 0.06007 -0.82413 0.55547
1731053574.383606434 67.55038 -36.45246 -1.58287 0.09150 0.05852 -0.82410 0.55593
1731053574.393606424 67.54549 -36.46724 -1.58392 0.08988 0.05681 -0.82427 0.55612
1731053574.403606653 67.54046 -36.48191 -1.58482 0.08824 0.05492 -0.82465 0.55602
1731053574.413606405 67.53536 -36.49646 -1.58535 0.08658 0.05287 -0.82525 0.55558
1731053574.423606396 67.53022 -36.51090 -1.58534 0.08493 0.05064 -0.82609 0.55479
1731053574.433606625 67.52500 -36.52520 -1.58488 0.08332 0.04825 -0.82719 0.55361
1731053574.443606615 67.51959 -36.53931 -1.58427 0.08176 0.04570 -0.82854 0.55204
1731053574.453606606 67.51389 -36.55320 -1.58377 0.08028 0.04300 -0.83014 0.55007
1731053574.463606358 67.50785 -36.56683 -1.58351 0.07891 0.04020 -0.83197 0.54771
1731053574.473606586 67.50155 -36.58024 -1.58336 0.07770 0.03742 -0.83400 0.54498
1731053574.483606577 67.49505 -36.59343 -1.58317 0.07673 0.03477 -0.83618 0.54195
1731053574.493606567 67.48837 -36.60645 -1.58285 0.07602 0.03232 -0.83847 0.53865
1731053574.503606319 67.48129 -36.61940 -1.58241 0.07541 0.03004 -0.84086 0.53513
1731053574.513606548 67.47354 -36.63238 -1.58192 0.07474 0.02785 -0.84334 0.53144
1731053574.523606539 67.46488 -36.64550 -1.58145 0.07382 0.02567 -0.84589 0.52760
1731053574.533606529 67.45555 -36.65868 -1.58097 0.07275 0.02348 -0.84851 0.52363
1731053574.543606281 67.44608 -36.67170 -1.58039 0.07173 0.02128 -0.85117 0.51953
1731053574.553606510 67.43699 -36.68437 -1.57963 0.07101 0.01907 -0.85386 0.51528
1731053574.563606739 67.42855 -36.69658 -1.57867 0.07071 0.01687 -0.85657 0.51088
1731053574.573606491 67.42057 -36.70841 -1.57755 0.07082 0.01467 -0.85931 0.50632
1731053574.583606482 67.41280 -36.71996 -1.57635 0.07129 0.01247 -0.86206 0.50161
1731053574.593606472 67.40504 -36.73132 -1.57510 0.07209 0.01028 -0.86483 0.49675
1731053574.603606701 67.39711 -36.74266 -1.57384 0.07316 0.00820 -0.86761 0.49176
1731053574.613606453 67.38882 -36.75414 -1.57258 0.07447 0.00630 -0.87038 0.48668
1731053574.623606443 67.38004 -36.76591 -1.57133 0.07597 0.00467 -0.87311 0.48154
1731053574.633606434 67.37092 -36.77786 -1.57011 0.07760 0.00334 -0.87581 0.47637
1731053574.643606663 67.36182 -36.78974 -1.56896 0.07933 0.00225 -0.87844 0.47122
1731053574.653606415 67.35310 -36.80126 -1.56790 0.08111 0.00139 -0.88100 0.46611
1731053574.663606405 67.34494 -36.81232 -1.56694 0.08288 0.00071 -0.88348 0.46108
1731053574.673606396 67.33719 -36.82308 -1.56606 0.08458 0.00016 -0.88586 0.45617
1731053574.683606625 67.32968 -36.83372 -1.56524 0.08612 -0.00029 -0.88815 0.45141
1731053574.693606615 67.32224 -36.84439 -1.56447 0.08744 -0.00069 -0.89033 0.44684
1731053574.703606367 67.31462 -36.85522 -1.56381 0.08854 -0.00110 -0.89240 0.44247
1731053574.713606596 67.30658 -36.86632 -1.56331 0.08944 -0.00157 -0.89435 0.43833
1731053574.723606586 67.29789 -36.87779 -1.56304 0.09013 -0.00215 -0.89617 0.43445
1731053574.733606577 67.28876 -36.88963 -1.56302 0.09064 -0.00282 -0.89787 0.43081
1731053574.743606329 67.27966 -36.90176 -1.56325 0.09094 -0.00353 -0.89948 0.42738
1731053574.753606558 67.27107 -36.91412 -1.56376 0.09104 -0.00421 -0.90101 0.42412
1731053574.763606548 67.26319 -36.92664 -1.56453 0.09093 -0.00486 -0.90247 0.42102
1731053574.773606539 67.25578 -36.93929 -1.56550 0.09063 -0.00552 -0.90385 0.41810
1731053574.783606291 67.24857 -36.95201 -1.56663 0.09013 -0.00622 -0.90514 0.41541
1731053574.793606520 67.24134 -36.96476 -1.56786 0.08946 -0.00701 -0.90632 0.41296
1731053574.803606749 67.23404 -36.97756 -1.56919 0.08864 -0.00787 -0.90739 0.41076
1731053574.813606501 67.22669 -36.99040 -1.57060 0.08771 -0.00877 -0.90834 0.40884
1731053574.823606491 67.21930 -37.00329 -1.57209 0.08670 -0.00968 -0.90917 0.40719
1731053574.833606482 67.21188 -37.01625 -1.57363 0.08567 -0.01056 -0.90987 0.40582
1731053574.843606710 67.20444 -37.02929 -1.57523 0.08463 -0.01140 -0.91043 0.40476
1731053574.853606462 67.19699 -37.04242 -1.57688 0.08363 -0.01216 -0.91085 0.40399
1731053574.863606453 67.18954 -37.05565 -1.57855 0.08270 -0.01281 -0.91112 0.40355
1731053574.873606443 67.18210 -37.06898 -1.58025 0.08189 -0.01332 -0.91124 0.40343
1731053574.883606672 67.17469 -37.08243 -1.58197 0.08122 -0.01366 -0.91120 0.40364
1731053574.893606424 67.16732 -37.09600 -1.58369 0.08074 -0.01381 -0.91100 0.40419
1731053574.903606415 67.16002 -37.10969 -1.58539 0.08050 -0.01374 -0.91064 0.40504
1731053574.913606405 67.15285 -37.12349 -1.58705 0.08056 -0.01344 -0.91015 0.40615
1731053574.923606634 67.14585 -37.13738 -1.58865 0.08096 -0.01289 -0.90953 0.40748
1731053574.933606625 67.13906 -37.15137 -1.59017 0.08177 -0.01206 -0.90879 0.40899
1731053574.943606377 67.13251 -37.16543 -1.59158 0.08302 -0.01096 -0.90795 0.41063
1731053574.953606606 67.12619 -37.17957 -1.59286 0.08464 -0.00962 -0.90702 0.41239
1731053574.963606596 67.12006 -37.19377 -1.59402 0.08655 -0.00811 -0.90601 0.41424
1731053574.973606586 67.11408 -37.20802 -1.59502 0.08868 -0.00650 -0.90493 0.41617
1731053574.983606339 67.10823 -37.22232 -1.59587 0.09093 -0.00484 -0.90380 0.41815
1731053574.993606567 67.10248 -37.23666 -1.59655 0.09324 -0.00318 -0.90263 0.42019
1731053575.003606558 67.09689 -37.25102 -1.59709 0.09569 -0.00151 -0.90140 0.42227
1731053575.013606548 67.09151 -37.26540 -1.59756 0.09836 0.00020 -0.90011 0.42440
1731053575.023606300 67.08641 -37.27977 -1.59799 0.10134 0.00197 -0.89875 0.42659
1731053575.033606529 67.08164 -37.29412 -1.59842 0.10471 0.00383 -0.89729 0.42883
1731053575.043606520 67.07725 -37.30845 -1.59890 0.10854 0.00580 -0.89572 0.43113
1731053575.053606510 67.07320 -37.32273 -1.59943 0.11277 0.00788 -0.89406 0.43345
1731053575.063606262 67.06943 -37.33696 -1.60002 0.11732 0.01007 -0.89233 0.43575
1731053575.073606491 67.06586 -37.35112 -1.60067 0.12210 0.01236 -0.89056 0.43799
1731053575.083606720 67.06245 -37.36520 -1.60137 0.12705 0.01475 -0.88877 0.44015
1731053575.093606472 67.05909 -37.37921 -1.60212 0.13206 0.01724 -0.88698 0.44219
1731053575.103606462 67.05553 -37.39326 -1.60293 0.13699 0.01982 -0.88518 0.44417
1731053575.113606453 67.05149 -37.40751 -1.60378 0.14171 0.02247 -0.88338 0.44616
1731053575.123606682 67.04670 -37.42207 -1.60468 0.14608 0.02519 -0.88156 0.44820
1731053575.133606434 67.04138 -37.43687 -1.60558 0.15003 0.02792 -0.87973 0.45031
1731053575.143606424 67.03600 -37.45170 -1.60644 0.15355 0.03058 -0.87792 0.45248
1731053575.153606415 67.03106 -37.46634 -1.60722 0.15663 0.03308 -0.87614 0.45470
1731053575.163606644 67.02669 -37.48076 -1.60794 0.15921 0.03538 -0.87441 0.45695
1731053575.173606396 67.02251 -37.49524 -1.60867 0.16115 0.03745 -0.87279 0.45921
1731053575.183606386 67.01810 -37.51006 -1.60952 0.16232 0.03930 -0.87130 0.46146
1731053575.193606615 67.01311 -37.52543 -1.61057 0.16263 0.04093 -0.86998 0.46369
1731053575.203606606 67.00764 -37.54123 -1.61177 0.16217 0.04233 -0.86883 0.46588
1731053575.213606596 67.00190 -37.55726 -1.61306 0.16109 0.04355 -0.86782 0.46802
1731053575.223606348 66.99608 -37.57331 -1.61439 0.15954 0.04460 -0.86693 0.47010
1731053575.233606577 66.99039 -37.58918 -1.61568 0.15765 0.04550 -0.86614 0.47210
1731053575.243606567 66.98496 -37.60470 -1.61689 0.15557 0.04627 -0.86543 0.47401
1731053575.253606558 66.97974 -37.61988 -1.61802 0.15339 0.04693 -0.86480 0.47581
1731053575.263606310 66.97463 -37.63474 -1.61909 0.15123 0.04750 -0.86421 0.47750
1731053575.273606539 66.96951 -37.64933 -1.62010 0.14916 0.04800 -0.86368 0.47906
1731053575.283606529 66.96428 -37.66368 -1.62109 0.14729 0.04845 -0.86318 0.48049
1731053575.293606520 66.95885 -37.67783 -1.62206 0.14570 0.04886 -0.86272 0.48177
1731053575.303606272 66.95325 -37.69184 -1.62300 0.14435 0.04922 -0.86230 0.48289
1731053575.313606501 66.94756 -37.70575 -1.62393 0.14320 0.04953 -0.86194 0.48384
1731053575.323606730 66.94184 -37.71963 -1.62484 0.14220 0.04977 -0.86166 0.48462
1731053575.333606482 66.93614 -37.73351 -1.62573 0.14129 0.04993 -0.86147 0.48520
1731053575.343606472 66.93052 -37.74746 -1.62658 0.14045 0.05001 -0.86138 0.48559
1731053575.353606462 66.92495 -37.76144 -1.62739 0.13966 0.05001 -0.86141 0.48576
1731053575.363606691 66.91939 -37.77544 -1.62810 0.13893 0.04994 -0.86157 0.48570
1731053575.373606443 66.91380 -37.78942 -1.62871 0.13828 0.04981 -0.86185 0.48541
1731053575.383606434 66.90812 -37.80336 -1.62917 0.13770 0.04962 -0.86226 0.48486
1731053575.393606424 66.90232 -37.81724 -1.62944 0.13723 0.04941 -0.86280 0.48406
1731053575.403606653 66.89630 -37.83112 -1.62945 0.13701 0.04925 -0.86342 0.48302
1731053575.413606405 66.88996 -37.84508 -1.62911 0.13717 0.04923 -0.86409 0.48178
1731053575.423606396 66.88321 -37.85916 -1.62834 0.13787 0.04943 -0.86475 0.48037
1731053575.433606625 66.87615 -37.87330 -1.62723 0.13907 0.04984 -0.86538 0.47884
1731053575.443606615 66.86899 -37.88731 -1.62599 0.14062 0.05037 -0.86598 0.47725
1731053575.453606606 66.86192 -37.90102 -1.62480 0.14237 0.05093 -0.86655 0.47564
1731053575.463606358 66.85504 -37.91433 -1.62378 0.14422 0.05146 -0.86710 0.47402
1731053575.473606586 66.84830 -37.92724 -1.62285 0.14618 0.05195 -0.86767 0.47232
1731053575.483606577 66.84162 -37.93978 -1.62194 0.14823 0.05239 -0.86829 0.47048
1731053575.493606567 66.83492 -37.95196 -1.62099 0.15037 0.05278 -0.86900 0.46844
1731053575.503606319 66.82817 -37.96386 -1.62000 0.15268 0.05313 -0.86978 0.46620
1731053575.513606548 66.82134 -37.97554 -1.61900 0.15519 0.05349 -0.87061 0.46379
1731053575.523606539 66.81439 -37.98705 -1.61802 0.15798 0.05388 -0.87144 0.46123
1731053575.533606529 66.80730 -37.99848 -1.61709 0.16111 0.05433 -0.87225 0.45855
1731053575.543606281 66.80004 -38.00988 -1.61621 0.16461 0.05486 -0.87302 0.45577
1731053575.553606510 66.79264 -38.02125 -1.61541 0.16839 0.05544 -0.87374 0.45293
1731053575.563606739 66.78515 -38.03259 -1.61470 0.17233 0.05605 -0.87442 0.45005
1731053575.573606491 66.77758 -38.04388 -1.61407 0.17630 0.05666 -0.87507 0.44718
1731053575.583606482 66.76999 -38.05513 -1.61355 0.18020 0.05722 -0.87568 0.44433
1731053575.593606472 66.76234 -38.06637 -1.61315 0.18391 0.05771 -0.87629 0.44155
1731053575.603606701 66.75437 -38.07785 -1.61292 0.18734 0.05815 -0.87690 0.43883
1731053575.613606453 66.74576 -38.08985 -1.61293 0.19042 0.05855 -0.87754 0.43616
1731053575.623606443 66.73622 -38.10262 -1.61324 0.19309 0.05893 -0.87824 0.43352
1731053575.633606434 66.72598 -38.11595 -1.61385 0.19535 0.05925 -0.87899 0.43093
1731053575.643606663 66.71556 -38.12934 -1.61470 0.19730 0.05943 -0.87975 0.42846
1731053575.653606415 66.70552 -38.14230 -1.61576 0.19903 0.05940 -0.88049 0.42615
1731053575.663606405 66.69610 -38.15460 -1.61696 0.20054 0.05913 -0.88120 0.42401
1731053575.673606396 66.68714 -38.16647 -1.61824 0.20175 0.05866 -0.88191 0.42202
1731053575.683606625 66.67842 -38.17815 -1.61951 0.20258 0.05804 -0.88265 0.42015
1731053575.693606615 66.66979 -38.18984 -1.62073 0.20294 0.05734 -0.88345 0.41838
1731053575.703606367 66.66120 -38.20160 -1.62187 0.20286 0.05655 -0.88430 0.41672
1731053575.713606596 66.65264 -38.21342 -1.62294 0.20236 0.05570 -0.88520 0.41518
1731053575.723606586 66.64411 -38.22528 -1.62394 0.20149 0.05480 -0.88611 0.41376
1731053575.733606577 66.63562 -38.23721 -1.62487 0.20028 0.05384 -0.88704 0.41250
1731053575.743606329 66.62715 -38.24918 -1.62573 0.19875 0.05285 -0.88796 0.41139
1731053575.753606558 66.61870 -38.26120 -1.62653 0.19696 0.05183 -0.88885 0.41044
1731053575.763606548 66.61027 -38.27327 -1.62726 0.19493 0.05078 -0.88971 0.40969
1731053575.773606539 66.60186 -38.28538 -1.62793 0.19270 0.04973 -0.89051 0.40913
1731053575.783606291 66.59345 -38.29753 -1.62854 0.19030 0.04869 -0.89125 0.40877
1731053575.793606520 66.58506 -38.30975 -1.62908 0.18779 0.04765 -0.89189 0.40864
1731053575.803606749 66.57666 -38.32220 -1.62950 0.18528 0.04662 -0.89243 0.40874
1731053575.813606501 66.56823 -38.33506 -1.62976 0.18293 0.04562 -0.89281 0.40907
1731053575.823606491 66.55977 -38.34849 -1.62981 0.18084 0.04465 -0.89303 0.40964
1731053575.833606482 66.55131 -38.36236 -1.62967 0.17909 0.04373 -0.89306 0.41043
1731053575.843606710 66.54292 -38.37634 -1.62939 0.17768 0.04291 -0.89295 0.41137
1731053575.853606462 66.53467 -38.39007 -1.62903 0.17660 0.04222 -0.89272 0.41241
1731053575.863606453 66.52659 -38.40342 -1.62861 0.17588 0.04171 -0.89237 0.41353
1731053575.873606443 66.51868 -38.41649 -1.62812 0.17552 0.04144 -0.89191 0.41469
1731053575.883606672 66.51093 -38.42941 -1.62751 0.17552 0.04147 -0.89135 0.41589
1731053575.893606424 66.50333 -38.44231 -1.62678 0.17591 0.04184 -0.89068 0.41712
1731053575.903606415 66.49577 -38.45517 -1.62594 0.17661 0.04252 -0.88992 0.41838
1731053575.913606405 66.48817 -38.46797 -1.62501 0.17757 0.04343 -0.88906 0.41970
1731053575.923606634 66.48044 -38.48066 -1.62403 0.17874 0.04453 -0.88812 0.42109
1731053575.933606625 66.47272 -38.49326 -1.62296 0.18006 0.04580 -0.88709 0.42256
1731053575.943606377 66.46529 -38.50579 -1.62174 0.18153 0.04724 -0.88596 0.42414
1731053575.953606606 66.45845 -38.51827 -1.62029 0.18312 0.04887 -0.88472 0.42585
1731053575.963606596 66.45225 -38.53076 -1.61861 0.18477 0.05066 -0.88338 0.42771
1731053575.973606586 66.44642 -38.54335 -1.61681 0.18641 0.05256 -0.88196 0.42970
1731053575.983606339 66.44067 -38.55614 -1.61498 0.18791 0.05449 -0.88049 0.43181
1731053575.993606567 66.43477 -38.56919 -1.61323 0.18921 0.05640 -0.87900 0.43402
1731053576.003606558 66.42875 -38.58242 -1.61154 0.19030 0.05827 -0.87750 0.43632
1731053576.013606548 66.42272 -38.59574 -1.60988 0.19119 0.06012 -0.87599 0.43872
1731053576.023606300 66.41677 -38.60904 -1.60824 0.19189 0.06193 -0.87446 0.44121
1731053576.033606529 66.41101 -38.62222 -1.60657 0.19240 0.06372 -0.87291 0.44378
1731053576.043606520 66.40551 -38.63520 -1.60486 0.19276 0.06548 -0.87136 0.44642
1731053576.053606510 66.40023 -38.64799 -1.60317 0.19301 0.06719 -0.86979 0.44910
1731053576.063606262 66.39508 -38.66066 -1.60153 0.19323 0.06882 -0.86823 0.45178
1731053576.073606491 66.39000 -38.67325 -1.60002 0.19347 0.07034 -0.86668 0.45442
1731053576.083606720 66.38490 -38.68581 -1.59868 0.19381 0.07173 -0.86514 0.45698
1731053576.093606472 66.37972 -38.69839 -1.59756 0.19429 0.07296 -0.86363 0.45943
1731053576.103606462 66.37446 -38.71105 -1.59659 0.19481 0.07405 -0.86218 0.46175
1731053576.113606453 66.36915 -38.72384 -1.59572 0.19528 0.07501 -0.86083 0.46391
1731053576.123606682 66.36378 -38.73681 -1.59487 0.19557 0.07586 -0.85961 0.46591
1731053576.133606434 66.35834 -38.74994 -1.59408 0.19566 0.07657 -0.85853 0.46774
1731053576.143606424 66.35275 -38.76316 -1.59345 0.19554 0.07707 -0.85758 0.46944
1731053576.153606415 66.34695 -38.77640 -1.59304 0.19523 0.07732 -0.85676 0.47102
1731053576.163606644 66.34090 -38.78965 -1.59295 0.19470 0.07730 -0.85607 0.47251
1731053576.173606396 66.33452 -38.80297 -1.59320 0.19393 0.07702 -0.85549 0.47391
1731053576.183606386 66.32776 -38.81644 -1.59382 0.19290 0.07651 -0.85504 0.47523
1731053576.193606615 66.32060 -38.83011 -1.59481 0.19158 0.07582 -0.85471 0.47647
1731053576.203606606 66.31312 -38.84393 -1.59605 0.18999 0.07494 -0.85450 0.47762
1731053576.213606596 66.30541 -38.85780 -1.59740 0.18817 0.07391 -0.85441 0.47865
1731053576.223606348 66.29761 -38.87163 -1.59872 0.18616 0.07273 -0.85445 0.47955
1731053576.233606577 66.28980 -38.88533 -1.59984 0.18399 0.07143 -0.85461 0.48030
1731053576.243606567 66.28207 -38.89882 -1.60066 0.18169 0.07002 -0.85490 0.48087
1731053576.253606558 66.27440 -38.91211 -1.60116 0.17929 0.06849 -0.85532 0.48125
1731053576.263606310 66.26676 -38.92521 -1.60136 0.17682 0.06685 -0.85587 0.48140
1731053576.273606539 66.25908 -38.93813 -1.60128 0.17432 0.06510 -0.85658 0.48130
1731053576.283606529 66.25133 -38.95089 -1.60095 0.17180 0.06323 -0.85743 0.48093
1731053576.293606520 66.24343 -38.96352 -1.60035 0.16929 0.06125 -0.85845 0.48027
1731053576.303606272 66.23516 -38.97606 -1.59936 0.16682 0.05923 -0.85962 0.47929
1731053576.313606501 66.22629 -38.98859 -1.59784 0.16439 0.05723 -0.86095 0.47798
1731053576.323606730 66.21660 -39.00114 -1.59568 0.16204 0.05531 -0.86244 0.47632
1731053576.333606482 66.20629 -39.01367 -1.59300 0.15982 0.05352 -0.86406 0.47433
1731053576.343606472 66.19577 -39.02604 -1.59009 0.15779 0.05185 -0.86579 0.47204
1731053576.353606462 66.18550 -39.03811 -1.58727 0.15604 0.05033 -0.86758 0.46948
1731053576.363606691 66.17567 -39.04985 -1.58467 0.15456 0.04893 -0.86944 0.46669
1731053576.373606443 66.16609 -39.06130 -1.58219 0.15323 0.04757 -0.87134 0.46371
1731053576.383606434 66.15657 -39.07256 -1.57970 0.15193 0.04618 -0.87329 0.46059
1731053576.393606424 66.14694 -39.08368 -1.57711 0.15058 0.04469 -0.87530 0.45737
1731053576.403606653 66.13719 -39.09467 -1.57440 0.14924 0.04310 -0.87733 0.45406
1731053576.413606405 66.12735 -39.10551 -1.57161 0.14803 0.04143 -0.87936 0.45066
1731053576.423606396 66.11747 -39.11621 -1.56876 0.14706 0.03968 -0.88137 0.44719
1731053576.433606625 66.10756 -39.12675 -1.56586 0.14645 0.03787 -0.88335 0.44364
1731053576.443606615 66.09768 -39.13712 -1.56294 0.14627 0.03602 -0.88526 0.44003
1731053576.453606606 66.08780 -39.14734 -1.56001 0.14646 0.03414 -0.88712 0.43636
1731053576.463606358 66.07795 -39.15740 -1.55708 0.14693 0.03227 -0.88892 0.43265
1731053576.473606586 66.06812 -39.16731 -1.55414 0.14759 0.03045 -0.89069 0.42892
1731053576.483606577 66.05830 -39.17707 -1.55121 0.14834 0.02869 -0.89241 0.42517
1731053576.493606567 66.04849 -39.18672 -1.54830 0.14910 0.02703 -0.89411 0.42144
1731053576.503606319 66.03860 -39.19630 -1.54547 0.14979 0.02548 -0.89578 0.41771
1731053576.513606548 66.02856 -39.20590 -1.54279 0.15036 0.02408 -0.89744 0.41402
1731053576.523606539 66.01827 -39.21558 -1.54033 0.15076 0.02284 -0.89908 0.41037
1731053576.533606529 66.00782 -39.22533 -1.53806 0.15098 0.02172 -0.90070 0.40677
1731053576.543606281 65.99738 -39.23505 -1.53595 0.15106 0.02067 -0.90231 0.40323
1731053576.553606510 65.98713 -39.24466 -1.53393 0.15103 0.01961 -0.90388 0.39976
1731053576.563606739 65.97713 -39.25418 -1.53202 0.15092 0.01849 -0.90542 0.39635
1731053576.573606491 65.96726 -39.26375 -1.53031 0.15069 0.01726 -0.90693 0.39304
1731053576.583606482 65.95740 -39.27352 -1.52889 0.15033 0.01590 -0.90840 0.38982
1731053576.593606472 65.94744 -39.28364 -1.52785 0.14979 0.01437 -0.90984 0.38670
1731053576.603606701 65.93738 -39.29402 -1.52712 0.14905 0.01270 -0.91127 0.38369
1731053576.613606453 65.92725 -39.30459 -1.52661 0.14809 0.01090 -0.91267 0.38076
1731053576.623606443 65.91710 -39.31525 -1.52624 0.14688 0.00901 -0.91407 0.37791
1731053576.633606434 65.90695 -39.32590 -1.52592 0.14540 0.00704 -0.91547 0.37513
1731053576.643606663 65.89683 -39.33646 -1.52559 0.14362 0.00504 -0.91688 0.37240
1731053576.653606415 65.88669 -39.34699 -1.52522 0.14156 0.00303 -0.91828 0.36975
1731053576.663606405 65.87651 -39.35755 -1.52481 0.13927 0.00107 -0.91966 0.36718
1731053576.673606396 65.86622 -39.36820 -1.52436 0.13677 -0.00080 -0.92102 0.36471
1731053576.683606625 65.85579 -39.37902 -1.52387 0.13408 -0.00254 -0.92235 0.36234
1731053576.693606615 65.84519 -39.39004 -1.52334 0.13126 -0.00412 -0.92362 0.36011
1731053576.703606367 65.83449 -39.40122 -1.52278 0.12832 -0.00555 -0.92482 0.35806
1731053576.713606596 65.82376 -39.41250 -1.52217 0.12530 -0.00686 -0.92594 0.35622
1731053576.723606586 65.81310 -39.42379 -1.52153 0.12224 -0.00808 -0.92693 0.35466
1731053576.733606577 65.80257 -39.43504 -1.52085 0.11917 -0.00924 -0.92780 0.35342
1731053576.743606329 65.79225 -39.44620 -1.52015 0.11613 -0.01036 -0.92850 0.35254
1731053576.753606558 65.78207 -39.45735 -1.51944 0.11316 -0.01142 -0.92907 0.35199
1731053576.763606548 65.77194 -39.46861 -1.51877 0.11026 -0.01240 -0.92950 0.35174
1731053576.773606539 65.76177 -39.48007 -1.51817 0.10749 -0.01327 -0.92981 0.35174
1731053576.783606291 65.75149 -39.49185 -1.51767 0.10487 -0.01400 -0.93001 0.35197
1731053576.793606520 65.74103 -39.50402 -1.51729 0.10242 -0.01457 -0.93012 0.35239
1731053576.803606749 65.73049 -39.51649 -1.51695 0.10019 -0.01496 -0.93013 0.35299
1731053576.813606501 65.72002 -39.52914 -1.51659 0.09821 -0.01517 -0.93005 0.35374
1731053576.823606491 65.70974 -39.54185 -1.51611 0.09651 -0.01518 -0.92988 0.35465
1731053576.833606482 65.69979 -39.55450 -1.51543 0.09513 -0.01499 -0.92962 0.35571
1731053576.843606710 65.69027 -39.56698 -1.51449 0.09409 -0.01458 -0.92928 0.35689
1731053576.853606462 65.68110 -39.57937 -1.51335 0.09336 -0.01401 -0.92886 0.35820
1731053576.863606453 65.67220 -39.59176 -1.51208 0.09291 -0.01334 -0.92835 0.35965
1731053576.873606443 65.66345 -39.60423 -1.51075 0.09268 -0.01260 -0.92777 0.36124
1731053576.883606672 65.65475 -39.61688 -1.50945 0.09265 -0.01186 -0.92711 0.36296
1731053576.893606424 65.64603 -39.62977 -1.50823 0.09278 -0.01116 -0.92638 0.36482
1731053576.903606415 65.63739 -39.64284 -1.50708 0.09311 -0.01048 -0.92558 0.36678
1731053576.913606405 65.62891 -39.65599 -1.50596 0.09369 -0.00980 -0.92472 0.36881
1731053576.923606634 65.62073 -39.66911 -1.50485 0.09457 -0.00908 -0.92381 0.37087
1731053576.933606625 65.61295 -39.68210 -1.50371 0.09580 -0.00830 -0.92287 0.37292
1731053576.943606377 65.60565 -39.69489 -1.50251 0.09740 -0.00745 -0.92189 0.37494
1731053576.953606606 65.59878 -39.70745 -1.50124 0.09929 -0.00652 -0.92088 0.37692
1731053576.963606596 65.59225 -39.71980 -1.49990 0.10136 -0.00554 -0.91986 0.37889
1731053576.973606586 65.58598 -39.73193 -1.49849 0.10349 -0.00453 -0.91882 0.38084
1731053576.983606339 65.57986 -39.74384 -1.49699 0.10559 -0.00352 -0.91777 0.38280
1731053576.993606567 65.57383 -39.75556 -1.49542 0.10754 -0.00251 -0.91672 0.38477
1731053577.003606558 65.56783 -39.76715 -1.49384 0.10928 -0.00152 -0.91568 0.38675
1731053577.013606548 65.56179 -39.77871 -1.49230 0.11077 -0.00055 -0.91466 0.38875
1731053577.023606300 65.55566 -39.79032 -1.49087 0.11193 0.00038 -0.91366 0.39076
1731053577.033606529 65.54939 -39.80209 -1.48963 0.11272 0.00128 -0.91270 0.39278
1731053577.043606520 65.54293 -39.81408 -1.48861 0.11309 0.00213 -0.91177 0.39481
1731053577.053606510 65.53626 -39.82631 -1.48781 0.11304 0.00290 -0.91090 0.39683
1731053577.063606262 65.52936 -39.83879 -1.48719 0.11255 0.00356 -0.91009 0.39881
1731053577.073606491 65.52221 -39.85153 -1.48673 0.11162 0.00409 -0.90935 0.40075
1731053577.083606720 65.51481 -39.86454 -1.48638 0.11027 0.00444 -0.90869 0.40262
1731053577.093606472 65.50714 -39.87781 -1.48612 0.10848 0.00460 -0.90812 0.40439
1731053577.103606462 65.49926 -39.89125 -1.48593 0.10631 0.00457 -0.90763 0.40605
1731053577.113606453 65.49125 -39.90477 -1.48579 0.10381 0.00436 -0.90723 0.40760
1731053577.123606682 65.48318 -39.91828 -1.48569 0.10103 0.00397 -0.90690 0.40903
1731053577.133606434 65.47512 -39.93167 -1.48561 0.09803 0.00341 -0.90665 0.41031
1731053577.143606424 65.46712 -39.94488 -1.48553 0.09485 0.00270 -0.90648 0.41146
1731053577.153606415 65.45919 -39.95791 -1.48543 0.09157 0.00185 -0.90637 0.41244
1731053577.163606644 65.45128 -39.97079 -1.48530 0.08825 0.00087 -0.90632 0.41327
1731053577.173606396 65.44338 -39.98355 -1.48511 0.08495 -0.00021 -0.90634 0.41392
1731053577.183606386 65.43545 -39.99620 -1.48487 0.08174 -0.00139 -0.90642 0.41439
1731053577.193606615 65.42744 -40.00877 -1.48455 0.07867 -0.00264 -0.90656 0.41467
1731053577.203606606 65.41910 -40.02123 -1.48422 0.07575 -0.00395 -0.90677 0.41475
1731053577.213606596 65.41018 -40.03352 -1.48397 0.07299 -0.00533 -0.90705 0.41461
1731053577.223606348 65.40045 -40.04560 -1.48386 0.07039 -0.00677 -0.90742 0.41423
1731053577.233606577 65.39010 -40.05747 -1.48383 0.06793 -0.00825 -0.90788 0.41360
1731053577.243606567 65.37962 -40.06917 -1.48373 0.06560 -0.00975 -0.90845 0.41269
1731053577.253606558 65.36950 -40.08074 -1.48341 0.06336 -0.01125 -0.90915 0.41148
1731053577.263606310 65.35992 -40.09222 -1.48279 0.06122 -0.01272 -0.90996 0.40995
1731053577.273606539 65.35061 -40.10374 -1.48190 0.05918 -0.01412 -0.91089 0.40815
1731053577.283606529 65.34124 -40.11540 -1.48076 0.05725 -0.01541 -0.91190 0.40611
1731053577.293606520 65.33158 -40.12726 -1.47940 0.05545 -0.01654 -0.91299 0.40387
1731053577.303606272 65.32166 -40.13924 -1.47787 0.05381 -0.01757 -0.91413 0.40146
1731053577.313606501 65.31159 -40.15119 -1.47620 0.05234 -0.01855 -0.91530 0.39893
1731053577.323606730 65.30147 -40.16298 -1.47442 0.05107 -0.01953 -0.91649 0.39631
1731053577.333606482 65.29143 -40.17446 -1.47258 0.05002 -0.02056 -0.91768 0.39363
1731053577.343606472 65.28152 -40.18555 -1.47070 0.04923 -0.02169 -0.91885 0.39093
1731053577.353606462 65.27169 -40.19628 -1.46883 0.04871 -0.02291 -0.92000 0.38820
1731053577.363606691 65.26184 -40.20673 -1.46703 0.04847 -0.02419 -0.92116 0.38540
1731053577.373606443 65.25187 -40.21697 -1.46532 0.04854 -0.02551 -0.92232 0.38251
1731053577.383606434 65.24169 -40.22709 -1.46377 0.04893 -0.02683 -0.92350 0.37951
1731053577.393606424 65.23123 -40.23715 -1.46239 0.04965 -0.02815 -0.92470 0.37639
1731053577.403606653 65.22057 -40.24713 -1.46115 0.05063 -0.02944 -0.92592 0.37315
1731053577.413606405 65.20983 -40.25700 -1.45999 0.05179 -0.03068 -0.92714 0.36984
1731053577.423606396 65.19912 -40.26675 -1.45887 0.05306 -0.03186 -0.92836 0.36649
1731053577.433606625 65.18854 -40.27635 -1.45773 0.05435 -0.03296 -0.92957 0.36312
1731053577.443606615 65.17820 -40.28577 -1.45653 0.05560 -0.03396 -0.93076 0.35977
1731053577.453606606 65.16807 -40.29504 -1.45531 0.05681 -0.03488 -0.93193 0.35645
1731053577.463606358 65.15810 -40.30420 -1.45411 0.05799 -0.03572 -0.93308 0.35317
1731053577.473606586 65.14825 -40.31329 -1.45297 0.05914 -0.03650 -0.93419 0.34994
1731053577.483606577 65.13849 -40.32234 -1.45196 0.06027 -0.03722 -0.93527 0.34676
1731053577.493606567 65.12876 -40.33137 -1.45110 0.06138 -0.03790 -0.93632 0.34366
1731053577.503606319 65.11900 -40.34036 -1.45033 0.06248 -0.03851 -0.93732 0.34065
1731053577.513606548 65.10914 -40.34924 -1.44957 0.06356 -0.03903 -0.93828 0.33775
1731053577.523606539 65.09911 -40.35798 -1.44875 0.06459 -0.03944 -0.93918 0.33499
1731053577.533606529 65.08896 -40.36666 -1.44795 0.06554 -0.03975 -0.94003 0.33238
1731053577.543606281 65.07877 -40.37541 -1.44731 0.06631 -0.03999 -0.94082 0.32993
1731053577.553606510 65.06862 -40.38438 -1.44700 0.06685 -0.04019 -0.94157 0.32765
1731053577.563606739 65.05852 -40.39368 -1.44710 0.06708 -0.04038 -0.94227 0.32556
1731053577.573606491 65.04826 -40.40338 -1.44760 0.06701 -0.04058 -0.94293 0.32365
1731053577.583606482 65.03767 -40.41353 -1.44849 0.06661 -0.04079 -0.94354 0.32192
1731053577.593606472 65.02661 -40.42415 -1.44975 0.06591 -0.04103 -0.94411 0.32037
1731053577.603606701 65.01520 -40.43515 -1.45130 0.06498 -0.04126 -0.94463 0.31898
1731053577.613606453 65.00363 -40.44636 -1.45304 0.06391 -0.04144 -0.94511 0.31775
1731053577.623606443 64.99208 -40.45764 -1.45488 0.06278 -0.04153 -0.94555 0.31667
1731053577.633606434 64.98074 -40.46884 -1.45672 0.06171 -0.04151 -0.94593 0.31572
1731053577.643606663 64.96976 -40.47985 -1.45849 0.06077 -0.04133 -0.94627 0.31492
1731053577.653606415 64.95911 -40.49068 -1.46021 0.06004 -0.04100 -0.94654 0.31428
1731053577.663606405 64.94875 -40.50138 -1.46191 0.05962 -0.04050 -0.94674 0.31383
1731053577.673606396 64.93863 -40.51201 -1.46363 0.05957 -0.03985 -0.94685 0.31360
1731053577.683606625 64.92869 -40.52261 -1.46542 0.05998 -0.03904 -0.94685 0.31362
1731053577.693606615 64.91887 -40.53322 -1.46727 0.06090 -0.03807 -0.94673 0.31391
1731053577.703606367 64.90902 -40.54386 -1.46908 0.06226 -0.03698 -0.94651 0.31445
1731053577.713606596 64.89901 -40.55456 -1.47074 0.06398 -0.03580 -0.94619 0.31519
1731053577.723606586 64.88870 -40.56531 -1.47213 0.06595 -0.03455 -0.94580 0.31610
1731053577.733606577 64.87820 -40.57615 -1.47328 0.06813 -0.03322 -0.94533 0.31719
1731053577.743606329 64.86776 -40.58710 -1.47429 0.07050 -0.03178 -0.94477 0.31849
1731053577.753606558 64.85762 -40.59819 -1.47530 0.07303 -0.03020 -0.94410 0.32003
1731053577.763606548 64.84790 -40.60945 -1.47634 0.07563 -0.02846 -0.94334 0.32183
1731053577.773606539 64.83851 -40.62085 -1.47734 0.07817 -0.02661 -0.94250 0.32385
1731053577.783606291 64.82931 -40.63240 -1.47819 0.08048 -0.02469 -0.94160 0.32603
1731053577.793606520 64.82021 -40.64409 -1.47884 0.08245 -0.02275 -0.94068 0.32835
1731053577.803606749 64.81122 -40.65587 -1.47931 0.08412 -0.02081 -0.93972 0.33077
1731053577.813606501 64.80239 -40.66774 -1.47964 0.08559 -0.01892 -0.93874 0.33330
1731053577.823606491 64.79374 -40.67965 -1.47989 0.08694 -0.01710 -0.93772 0.33591
1731053577.833606482 64.78530 -40.69158 -1.48010 0.08827 -0.01539 -0.93666 0.33860
1731053577.843606710 64.77712 -40.70351 -1.48032 0.08966 -0.01379 -0.93555 0.34134
1731053577.853606462 64.76920 -40.71541 -1.48056 0.09127 -0.01228 -0.93440 0.34412
1731053577.863606453 64.76154 -40.72728 -1.48085 0.09323 -0.01082 -0.93318 0.34693
1731053577.873606443 64.75414 -40.73910 -1.48119 0.09569 -0.00935 -0.93190 0.34974
1731053577.883606672 64.74702 -40.75085 -1.48160 0.09880 -0.00784 -0.93053 0.35255
1731053577.893606424 64.74013 -40.76254 -1.48208 0.10263 -0.00624 -0.92907 0.35532
1731053577.903606415 64.73329 -40.77427 -1.48263 0.10700 -0.00451 -0.92755 0.35804
1731053577.913606405 64.72628 -40.78617 -1.48323 0.11164 -0.00262 -0.92598 0.36067
1731053577.923606634 64.71889 -40.79834 -1.48387 0.11630 -0.00053 -0.92443 0.36320
1731053577.933606625 64.71122 -40.81070 -1.48454 0.12086 0.00175 -0.92287 0.36564
1731053577.943606377 64.70359 -40.82304 -1.48527 0.12531 0.00421 -0.92132 0.36804
1731053577.953606606 64.69630 -40.83515 -1.48609 0.12963 0.00681 -0.91974 0.37045
1731053577.963606596 64.68944 -40.84694 -1.48703 0.13376 0.00950 -0.91814 0.37287
1731053577.973606586 64.68272 -40.85856 -1.48818 0.13760 0.01223 -0.91656 0.37528
1731053577.983606339 64.67586 -40.87016 -1.48961 0.14106 0.01493 -0.91503 0.37762
1731053577.993606567 64.66863 -40.88186 -1.49137 0.14406 0.01754 -0.91358 0.37988
1731053578.003606558 64.66107 -40.89365 -1.49340 0.14662 0.02004 -0.91222 0.38204
1731053578.013606548 64.65330 -40.90549 -1.49561 0.14878 0.02241 -0.91095 0.38409
1731053578.023606300 64.64544 -40.91735 -1.49791 0.15058 0.02464 -0.90977 0.38605
1731053578.033606529 64.63761 -40.92917 -1.50021 0.15205 0.02672 -0.90868 0.38790
1731053578.043606520 64.62989 -40.94095 -1.50243 0.15324 0.02863 -0.90768 0.38964
1731053578.053606510 64.62228 -40.95267 -1.50457 0.15417 0.03035 -0.90675 0.39129
1731053578.063606262 64.61475 -40.96435 -1.50664 0.15489 0.03186 -0.90590 0.39287
1731053578.073606491 64.60725 -40.97599 -1.50865 0.15541 0.03313 -0.90510 0.39439
1731053578.083606720 64.59975 -40.98762 -1.51061 0.15577 0.03415 -0.90436 0.39586
1731053578.093606472 64.59222 -40.99928 -1.51251 0.15599 0.03489 -0.90367 0.39728
1731053578.103606462 64.58466 -41.01113 -1.51424 0.15607 0.03536 -0.90304 0.39864
1731053578.113606453 64.57708 -41.02338 -1.51566 0.15597 0.03559 -0.90250 0.39987
1731053578.123606682 64.56947 -41.03620 -1.51664 0.15569 0.03558 -0.90207 0.40095
1731053578.133606434 64.56183 -41.04942 -1.51726 0.15524 0.03536 -0.90177 0.40183
1731053578.143606424 64.55413 -41.06264 -1.51771 0.15466 0.03498 -0.90158 0.40250
1731053578.153606415 64.54633 -41.07545 -1.51819 0.15397 0.03449 -0.90153 0.40291
1731053578.163606644 64.53844 -41.08767 -1.51877 0.15320 0.03391 -0.90162 0.40307
1731053578.173606396 64.53046 -41.09947 -1.51934 0.15233 0.03330 -0.90185 0.40294
1731053578.183606386 64.52242 -41.11102 -1.51973 0.15135 0.03269 -0.90223 0.40251
1731053578.193606615 64.51432 -41.12250 -1.51987 0.15027 0.03211 -0.90275 0.40178
1731053578.203606606 64.50602 -41.13394 -1.51985 0.14924 0.03158 -0.90339 0.40076
1731053578.213606596 64.49738 -41.14536 -1.51981 0.14841 0.03111 -0.90411 0.39948
1731053578.223606348 64.48828 -41.15677 -1.51987 0.14796 0.03070 -0.90487 0.39796
1731053578.233606577 64.47882 -41.16815 -1.51996 0.14791 0.03039 -0.90565 0.39624
1731053578.243606567 64.46922 -41.17944 -1.51991 0.14820 0.03024 -0.90643 0.39434
1731053578.253606558 64.45974 -41.19057 -1.51951 0.14878 0.03027 -0.90722 0.39230
1731053578.263606310 64.45047 -41.20151 -1.51872 0.14962 0.03048 -0.90800 0.39016
1731053578.273606539 64.44135 -41.21221 -1.51772 0.15070 0.03071 -0.90877 0.38792
1731053578.283606529 64.43226 -41.22264 -1.51669 0.15200 0.03081 -0.90953 0.38561
1731053578.293606520 64.42312 -41.23278 -1.51579 0.15351 0.03067 -0.91028 0.38324
1731053578.303606272 64.41396 -41.24264 -1.51499 0.15524 0.03031 -0.91103 0.38080
1731053578.313606501 64.40481 -41.25224 -1.51420 0.15718 0.02978 -0.91178 0.37824
1731053578.323606730 64.39573 -41.26163 -1.51336 0.15934 0.02912 -0.91254 0.37553
1731053578.333606482 64.38676 -41.27083 -1.51239 0.16171 0.02839 -0.91333 0.37266
1731053578.343606472 64.37792 -41.27986 -1.51124 0.16428 0.02763 -0.91413 0.36961
1731053578.353606462 64.36921 -41.28874 -1.50992 0.16701 0.02688 -0.91494 0.36642
1731053578.363606691 64.36060 -41.29749 -1.50851 0.16986 0.02617 -0.91574 0.36316
1731053578.373606443 64.35205 -41.30613 -1.50704 0.17277 0.02551 -0.91650 0.35991
1731053578.383606434 64.34356 -41.31467 -1.50558 0.17569 0.02495 -0.91720 0.35673
1731053578.393606424 64.33508 -41.32313 -1.50418 0.17856 0.02449 -0.91784 0.35367
1731053578.403606653 64.32662 -41.33150 -1.50288 0.18126 0.02409 -0.91844 0.35077
1731053578.413606405 64.31817 -41.33977 -1.50175 0.18364 0.02372 -0.91902 0.34801
1731053578.423606396 64.30973 -41.34793 -1.50084 0.18558 0.02332 -0.91963 0.34539
1731053578.433606625 64.30128 -41.35603 -1.50012 0.18706 0.02288 -0.92027 0.34292
1731053578.443606615 64.29281 -41.36415 -1.49951 0.18812 0.02242 -0.92093 0.34058
1731053578.453606606 64.28431 -41.37235 -1.49894 0.18884 0.02195 -0.92161 0.33837
1731053578.463606358 64.27578 -41.38068 -1.49839 0.18925 0.02147 -0.92231 0.33627
1731053578.473606586 64.26721 -41.38911 -1.49794 0.18941 0.02094 -0.92300 0.33431
1731053578.483606577 64.25861 -41.39761 -1.49767 0.18940 0.02032 -0.92367 0.33249
1731053578.493606567 64.24995 -41.40617 -1.49764 0.18925 0.01959 -0.92431 0.33083
1731053578.503606319 64.24112 -41.41482 -1.49779 0.18899 0.01876 -0.92492 0.32933
1731053578.513606548 64.23196 -41.42361 -1.49804 0.18863 0.01788 -0.92549 0.32798
1731053578.523606539 64.22234 -41.43259 -1.49833 0.18818 0.01697 -0.92601 0.32680
1731053578.533606529 64.21237 -41.44175 -1.49867 0.18763 0.01605 -0.92650 0.32577
1731053578.543606281 64.20231 -41.45105 -1.49912 0.18701 0.01512 -0.92695 0.32490
1731053578.553606510 64.19243 -41.46045 -1.49974 0.18631 0.01417 -0.92737 0.32416
1731053578.563606739 64.18285 -41.46993 -1.50055 0.18552 0.01320 -0.92775 0.32356
1731053578.573606491 64.17348 -41.47950 -1.50150 0.18462 0.01223 -0.92810 0.32310
1731053578.583606482 64.16419 -41.48916 -1.50254 0.18357 0.01125 -0.92843 0.32279
1731053578.593606472 64.15486 -41.49893 -1.50359 0.18235 0.01028 -0.92874 0.32263
1731053578.603606701 64.14530 -41.50890 -1.50461 0.18091 0.00931 -0.92902 0.32264
1731053578.613606453 64.13531 -41.51912 -1.50557 0.17922 0.00836 -0.92930 0.32283
1731053578.623606443 64.12473 -41.52969 -1.50641 0.17725 0.00744 -0.92955 0.32322
1731053578.633606434 64.11374 -41.54051 -1.50710 0.17501 0.00653 -0.92978 0.32380
1731053578.643606663 64.10275 -41.55140 -1.50757 0.17251 0.00564 -0.92998 0.32456
1731053578.653606415 64.09217 -41.56217 -1.50779 0.16980 0.00477 -0.93016 0.32549
1731053578.663606405 64.08217 -41.57274 -1.50772 0.16692 0.00391 -0.93031 0.32656
1731053578.673606396 64.07259 -41.58317 -1.50743 0.16394 0.00304 -0.93043 0.32774
1731053578.683606625 64.06323 -41.59352 -1.50695 0.16093 0.00215 -0.93053 0.32896
1731053578.693606615 64.05393 -41.60389 -1.50633 0.15797 0.00125 -0.93060 0.33020
1731053578.703606367 64.04457 -41.61435 -1.50557 0.15517 0.00038 -0.93061 0.33148
1731053578.713606596 64.03508 -41.62499 -1.50469 0.15265 -0.00036 -0.93055 0.33283
1731053578.723606586 64.02538 -41.63590 -1.50368 0.15050 -0.00091 -0.93038 0.33427
1731053578.733606577 64.01557 -41.64701 -1.50251 0.14864 -0.00128 -0.93012 0.33584
1731053578.743606329 64.00582 -41.65816 -1.50113 0.14687 -0.00155 -0.92979 0.33751
1731053578.753606558 63.99632 -41.66920 -1.49946 0.14499 -0.00180 -0.92943 0.33930
1731053578.763606548 63.98719 -41.68003 -1.49750 0.14290 -0.00207 -0.92906 0.34121
1731053578.773606539 63.97845 -41.69075 -1.49529 0.14064 -0.00237 -0.92866 0.34322
1731053578.783606291 63.97012 -41.70142 -1.49288 0.13826 -0.00270 -0.92824 0.34533
1731053578.793606520 63.96221 -41.71210 -1.49034 0.13581 -0.00307 -0.92777 0.34754
1731053578.803606749 63.95464 -41.72279 -1.48769 0.13338 -0.00344 -0.92726 0.34984
1731053578.813606501 63.94734 -41.73348 -1.48500 0.13105 -0.00380 -0.92669 0.35222
1731053578.823606491 63.94024 -41.74416 -1.48230 0.12892 -0.00412 -0.92606 0.35465
1731053578.833606482 63.93325 -41.75479 -1.47963 0.12707 -0.00437 -0.92536 0.35713
1731053578.843606710 63.92632 -41.76537 -1.47705 0.12557 -0.00453 -0.92459 0.35964
1731053578.853606462 63.91943 -41.77591 -1.47456 0.12442 -0.00457 -0.92376 0.36217
1731053578.863606453 63.91261 -41.78642 -1.47217 0.12360 -0.00446 -0.92287 0.36470
1731053578.873606443 63.90584 -41.79692 -1.46990 0.12307 -0.00419 -0.92195 0.36721
1731053578.883606672 63.89914 -41.80742 -1.46775 0.12283 -0.00372 -0.92100 0.36968
1731053578.893606424 63.89250 -41.81794 -1.46574 0.12282 -0.00304 -0.92003 0.37209
1731053578.903606415 63.88579 -41.82855 -1.46390 0.12293 -0.00222 -0.91906 0.37444
1731053578.913606405 63.87886 -41.83934 -1.46224 0.12303 -0.00133 -0.91813 0.37670
1731053578.923606634 63.87158 -41.85038 -1.46081 0.12298 -0.00045 -0.91724 0.37888
1731053578.933606625 63.86402 -41.86161 -1.45957 0.12267 0.00039 -0.91642 0.38096
1731053578.943606377 63.85636 -41.87287 -1.45848 0.12199 0.00117 -0.91567 0.38297
1731053578.953606606 63.84881 -41.88402 -1.45750 0.12083 0.00190 -0.91502 0.38489
1731053578.963606596 63.84138 -41.89501 -1.45660 0.11914 0.00255 -0.91446 0.38674
1731053578.973606586 63.83388 -41.90600 -1.45580 0.11694 0.00309 -0.91399 0.38850
1731053578.983606339 63.82606 -41.91713 -1.45513 0.11429 0.00348 -0.91363 0.39014
1731053578.993606567 63.81775 -41.92852 -1.45462 0.11122 0.00369 -0.91336 0.39165
1731053579.003606558 63.80898 -41.94013 -1.45428 0.10781 0.00373 -0.91318 0.39303
1731053579.013606548 63.79984 -41.95190 -1.45413 0.10418 0.00360 -0.91307 0.39426
1731053579.023606300 63.79042 -41.96374 -1.45417 0.10041 0.00333 -0.91302 0.39535
1731053579.033606529 63.78080 -41.97558 -1.45443 0.09660 0.00292 -0.91303 0.39629
1731053579.043606520 63.77106 -41.98737 -1.45490 0.09285 0.00237 -0.91308 0.39707
1731053579.053606510 63.76125 -41.99908 -1.45555 0.08923 0.00172 -0.91316 0.39770
1731053579.063606262 63.75141 -42.01068 -1.45631 0.08579 0.00095 -0.91329 0.39817
1731053579.073606491 63.74157 -42.02218 -1.45715 0.08259 0.00009 -0.91345 0.39848
1731053579.083606720 63.73179 -42.03355 -1.45800 0.07969 -0.00085 -0.91364 0.39863
1731053579.093606472 63.72208 -42.04478 -1.45883 0.07715 -0.00186 -0.91387 0.39861
1731053579.103606462 63.71244 -42.05588 -1.45961 0.07496 -0.00293 -0.91413 0.39841
1731053579.113606453 63.70287 -42.06684 -1.46034 0.07311 -0.00401 -0.91444 0.39803
1731053579.123606682 63.69334 -42.07766 -1.46101 0.07158 -0.00510 -0.91481 0.39745
1731053579.133606434 63.68384 -42.08835 -1.46161 0.07036 -0.00616 -0.91524 0.39666
1731053579.143606424 63.67436 -42.09890 -1.46214 0.06945 -0.00717 -0.91575 0.39564
1731053579.153606415 63.66489 -42.10932 -1.46259 0.06882 -0.00811 -0.91633 0.39439
1731053579.163606644 63.65540 -42.11961 -1.46294 0.06847 -0.00894 -0.91699 0.39288
1731053579.173606396 63.64589 -42.12977 -1.46320 0.06838 -0.00966 -0.91775 0.39112
1731053579.183606386 63.63634 -42.13979 -1.46335 0.06854 -0.01022 -0.91860 0.38907
1731053579.193606615 63.62672 -42.14973 -1.46338 0.06892 -0.01063 -0.91955 0.38674
1731053579.203606606 63.61692 -42.15975 -1.46328 0.06946 -0.01091 -0.92060 0.38413
1731053579.213606596 63.60683 -42.17009 -1.46301 0.07006 -0.01112 -0.92174 0.38126
1731053579.223606348 63.59632 -42.18093 -1.46255 0.07066 -0.01131 -0.92298 0.37815
1731053579.233606577 63.58550 -42.19210 -1.46191 0.07125 -0.01149 -0.92427 0.37485
1731053579.243606567 63.57459 -42.20317 -1.46114 0.07185 -0.01166 -0.92559 0.37147
1731053579.253606558 63.56382 -42.21374 -1.46026 0.07252 -0.01180 -0.92688 0.36809
1731053579.263606310 63.55330 -42.22356 -1.45931 0.07330 -0.01193 -0.92813 0.36477
1731053579.273606539 63.54298 -42.23269 -1.45833 0.07428 -0.01211 -0.92934 0.36147
1731053579.283606529 63.53281 -42.24119 -1.45739 0.07555 -0.01239 -0.93050 0.35819
1731053579.293606520 63.52273 -42.24915 -1.45651 0.07718 -0.01282 -0.93162 0.35490
1731053579.303606272 63.51271 -42.25668 -1.45569 0.07917 -0.01333 -0.93270 0.35159
1731053579.313606501 63.50272 -42.26395 -1.45492 0.08151 -0.01383 -0.93375 0.34824
1731053579.323606730 63.49275 -42.27109 -1.45420 0.08418 -0.01422 -0.93477 0.34485
1731053579.333606482 63.48275 -42.27825 -1.45350 0.08717 -0.01441 -0.93576 0.34140
1731053579.343606472 63.47273 -42.28555 -1.45283 0.09045 -0.01435 -0.93672 0.33789
1731053579.353606462 63.46268 -42.29298 -1.45220 0.09400 -0.01403 -0.93765 0.33434
1731053579.363606691 63.45260 -42.30049 -1.45164 0.09776 -0.01350 -0.93853 0.33078
1731053579.373606443 63.44252 -42.30806 -1.45116 0.10169 -0.01279 -0.93937 0.32724
1731053579.383606434 63.43244 -42.31562 -1.45080 0.10574 -0.01193 -0.94014 0.32375
1731053579.393606424 63.42237 -42.32316 -1.45053 0.10987 -0.01097 -0.94085 0.32034
1731053579.403606653 63.41232 -42.33068 -1.45018 0.11394 -0.00997 -0.94150 0.31700
1731053579.413606405 63.40228 -42.33819 -1.44953 0.11784 -0.00901 -0.94212 0.31375
1731053579.423606396 63.39226 -42.34573 -1.44838 0.12144 -0.00816 -0.94273 0.31057
1731053579.433606625 63.38212 -42.35347 -1.44691 0.12467 -0.00746 -0.94332 0.30748
1731053579.443606615 63.37164 -42.36169 -1.44548 0.12753 -0.00690 -0.94391 0.30450
1731053579.453606606 63.36062 -42.37068 -1.44446 0.12999 -0.00648 -0.94450 0.30162
1731053579.463606358 63.34902 -42.38049 -1.44404 0.13204 -0.00622 -0.94509 0.29887
1731053579.473606586 63.33708 -42.39079 -1.44409 0.13367 -0.00614 -0.94569 0.29626
1731053579.483606577 63.32507 -42.40124 -1.44446 0.13488 -0.00627 -0.94628 0.29380
1731053579.493606567 63.31322 -42.41156 -1.44499 0.13565 -0.00662 -0.94688 0.29150
1731053579.503606319 63.30155 -42.42171 -1.44565 0.13599 -0.00717 -0.94748 0.28937
1731053579.513606548 63.29004 -42.43172 -1.44641 0.13588 -0.00789 -0.94808 0.28743
1731053579.523606539 63.27867 -42.44162 -1.44724 0.13534 -0.00875 -0.94868 0.28568
1731053579.533606529 63.26743 -42.45142 -1.44810 0.13435 -0.00970 -0.94927 0.28414
1731053579.543606281 63.25628 -42.46116 -1.44898 0.13291 -0.01073 -0.94986 0.28282
1731053579.553606510 63.24521 -42.47087 -1.44984 0.13102 -0.01178 -0.95043 0.28173
1731053579.563606739 63.23421 -42.48055 -1.45066 0.12868 -0.01284 -0.95099 0.28089
1731053579.573606491 63.22324 -42.49026 -1.45140 0.12589 -0.01387 -0.95152 0.28030
1731053579.583606482 63.21229 -42.50000 -1.45204 0.12264 -0.01482 -0.95203 0.27997
1731053579.593606472 63.20129 -42.50977 -1.45257 0.11894 -0.01569 -0.95250 0.27991
1731053579.603606701 63.18994 -42.51946 -1.45303 0.11485 -0.01648 -0.95292 0.28013
1731053579.613606453 63.17789 -42.52890 -1.45351 0.11046 -0.01721 -0.95329 0.28062
1731053579.623606443 63.16484 -42.53796 -1.45405 0.10581 -0.01789 -0.95358 0.28138
1731053579.633606434 63.15111 -42.54677 -1.45458 0.10088 -0.01853 -0.95380 0.28240
1731053579.643606663 63.13740 -42.55561 -1.45492 0.09553 -0.01914 -0.95396 0.28365
1731053579.653606415 63.12441 -42.56477 -1.45489 0.08966 -0.01972 -0.95408 0.28513
1731053579.663606405 63.11246 -42.57447 -1.45442 0.08328 -0.02028 -0.95415 0.28681
1731053579.673606396 63.10126 -42.58475 -1.45361 0.07661 -0.02083 -0.95413 0.28866
1731053579.683606625 63.09049 -42.59568 -1.45256 0.06989 -0.02138 -0.95403 0.29066
1731053579.693606615 63.07986 -42.60727 -1.45137 0.06334 -0.02194 -0.95383 0.29279
1731053579.703606367 63.06931 -42.61933 -1.45008 0.05711 -0.02251 -0.95352 0.29502
1731053579.713606596 63.05884 -42.63164 -1.44871 0.05132 -0.02307 -0.95312 0.29732
1731053579.723606586 63.04847 -42.64396 -1.44729 0.04613 -0.02362 -0.95263 0.29967
1731053579.733606577 63.03817 -42.65608 -1.44583 0.04164 -0.02416 -0.95208 0.30205
1731053579.743606329 63.02798 -42.66782 -1.44437 0.03799 -0.02467 -0.95146 0.30443
1731053579.753606558 63.01790 -42.67920 -1.44292 0.03520 -0.02513 -0.95079 0.30679
1731053579.763606548 63.00799 -42.69030 -1.44151 0.03330 -0.02551 -0.95010 0.30913
1731053579.773606539 62.99828 -42.70118 -1.44016 0.03231 -0.02577 -0.94937 0.31142
1731053579.783606291 62.98881 -42.71194 -1.43890 0.03223 -0.02590 -0.94864 0.31366
1731053579.793606520 62.97962 -42.72261 -1.43774 0.03308 -0.02586 -0.94789 0.31582
1731053579.803606749 62.97075 -42.73315 -1.43665 0.03475 -0.02567 -0.94714 0.31789
1731053579.813606501 62.96223 -42.74348 -1.43558 0.03710 -0.02534 -0.94641 0.31984
1731053579.823606491 62.95409 -42.75355 -1.43451 0.04002 -0.02488 -0.94568 0.32166
1731053579.833606482 62.94624 -42.76342 -1.43349 0.04338 -0.02428 -0.94498 0.32334
1731053579.843606710 62.93851 -42.77325 -1.43264 0.04707 -0.02353 -0.94428 0.32491
1731053579.853606462 62.93072 -42.78316 -1.43208 0.05097 -0.02260 -0.94359 0.32638
1731053579.863606453 62.92274 -42.79326 -1.43190 0.05500 -0.02150 -0.94290 0.32779
1731053579.873606443 62.91451 -42.80353 -1.43215 0.05906 -0.02021 -0.94222 0.32912
1731053579.883606672 62.90597 -42.81395 -1.43288 0.06307 -0.01877 -0.94155 0.33037
1731053579.893606424 62.89706 -42.82450 -1.43410 0.06698 -0.01717 -0.94090 0.33157
1731053579.903606415 62.88786 -42.83511 -1.43567 0.07074 -0.01545 -0.94026 0.33267
1731053579.913606405 62.87845 -42.84575 -1.43746 0.07434 -0.01364 -0.93966 0.33367
1731053579.923606634 62.86891 -42.85634 -1.43930 0.07776 -0.01175 -0.93910 0.33454
1731053579.933606625 62.85933 -42.86684 -1.44104 0.08098 -0.00982 -0.93859 0.33526
1731053579.943606377 62.84978 -42.87719 -1.44256 0.08398 -0.00788 -0.93814 0.33582
1731053579.953606606 62.84024 -42.88743 -1.44389 0.08674 -0.00599 -0.93775 0.33624
1731053579.963606596 62.83068 -42.89759 -1.44511 0.08927 -0.00418 -0.93742 0.33654
1731053579.973606586 62.82107 -42.90769 -1.44630 0.09154 -0.00252 -0.93713 0.33675
1731053579.983606339 62.81138 -42.91778 -1.44753 0.09355 -0.00106 -0.93688 0.33689
1731053579.993606567 62.80160 -42.92789 -1.44886 0.09529 0.00016 -0.93668 0.33698
1731053580.003606558 62.79171 -42.93800 -1.45030 0.09678 0.00115 -0.93651 0.33702
1731053580.013606548 62.78174 -42.94812 -1.45181 0.09805 0.00192 -0.93638 0.33701
1731053580.023606300 62.77169 -42.95822 -1.45337 0.09912 0.00251 -0.93629 0.33693
1731053580.033606529 62.76157 -42.96830 -1.45498 0.10001 0.00293 -0.93625 0.33679
1731053580.043606520 62.75140 -42.97835 -1.45660 0.10075 0.00320 -0.93625 0.33657
1731053580.053606510 62.74118 -42.98835 -1.45822 0.10137 0.00334 -0.93629 0.33628
1731053580.063606262 62.73093 -42.99830 -1.45981 0.10188 0.00337 -0.93637 0.33589
1731053580.073606491 62.72065 -43.00818 -1.46137 0.10232 0.00332 -0.93649 0.33542
1731053580.083606720 62.71035 -43.01799 -1.46285 0.10270 0.00321 -0.93666 0.33484
1731053580.093606472 62.70005 -43.02776 -1.46424 0.10305 0.00305 -0.93686 0.33415
1731053580.103606462 62.68969 -43.03765 -1.46542 0.10341 0.00288 -0.93713 0.33330
1731053580.113606453 62.67923 -43.04789 -1.46629 0.10380 0.00272 -0.93747 0.33223
1731053580.123606682 62.66863 -43.05866 -1.46673 0.10424 0.00261 -0.93789 0.33090
1731053580.133606434 62.65793 -43.06977 -1.46684 0.10476 0.00257 -0.93841 0.32926
1731053580.143606424 62.64718 -43.08078 -1.46680 0.10537 0.00261 -0.93903 0.32729
1731053580.153606415 62.63649 -43.09126 -1.46681 0.10610 0.00274 -0.93975 0.32497
1731053580.163606644 62.62590 -43.10102 -1.46698 0.10696 0.00295 -0.94056 0.32232
1731053580.173606396 62.61541 -43.11024 -1.46725 0.10802 0.00316 -0.94142 0.31947
1731053580.183606386 62.60505 -43.11915 -1.46755 0.10933 0.00331 -0.94225 0.31654
1731053580.193606615 62.59481 -43.12792 -1.46782 0.11090 0.00331 -0.94303 0.31365
1731053580.203606606 62.58465 -43.13661 -1.46803 0.11269 0.00312 -0.94377 0.31080
1731053580.213606596 62.57454 -43.14523 -1.46814 0.11460 0.00269 -0.94447 0.30797
1731053580.223606348 62.56444 -43.15380 -1.46813 0.11654 0.00196 -0.94515 0.30514
1731053580.233606577 62.55431 -43.16231 -1.46797 0.11842 0.00090 -0.94583 0.30230
1731053580.243606567 62.54410 -43.17080 -1.46763 0.12017 -0.00051 -0.94652 0.29942
1731053580.253606558 62.53373 -43.17927 -1.46715 0.12177 -0.00218 -0.94724 0.29650
1731053580.263606310 62.52314 -43.18771 -1.46660 0.12323 -0.00396 -0.94797 0.29350
1731053580.273606539 62.51225 -43.19615 -1.46603 0.12455 -0.00572 -0.94874 0.29042
1731053580.283606529 62.50099 -43.20458 -1.46549 0.12574 -0.00734 -0.94954 0.28724
1731053580.293606520 62.48930 -43.21301 -1.46503 0.12681 -0.00869 -0.95038 0.28394
1731053580.303606272 62.47731 -43.22142 -1.46461 0.12778 -0.00978 -0.95125 0.28055
1731053580.313606501 62.46516 -43.22979 -1.46422 0.12869 -0.01065 -0.95213 0.27708
1731053580.323606730 62.45300 -43.23809 -1.46382 0.12957 -0.01133 -0.95302 0.27356
1731053580.333606482 62.44098 -43.24630 -1.46336 0.13046 -0.01185 -0.95391 0.27001
1731053580.343606472 62.42921 -43.25441 -1.46284 0.13136 -0.01224 -0.95478 0.26645
1731053580.353606462 62.41769 -43.26244 -1.46223 0.13219 -0.01256 -0.95564 0.26289
1731053580.363606691 62.40640 -43.27043 -1.46154 0.13284 -0.01286 -0.95652 0.25934
1731053580.373606443 62.39529 -43.27841 -1.46077 0.13318 -0.01320 -0.95742 0.25580
1731053580.383606434 62.38436 -43.28641 -1.45991 0.13312 -0.01363 -0.95836 0.25228
1731053580.393606424 62.37354 -43.29445 -1.45899 0.13257 -0.01421 -0.95933 0.24880
1731053580.403606653 62.36279 -43.30255 -1.45805 0.13160 -0.01495 -0.96033 0.24541
1731053580.413606405 62.35205 -43.31069 -1.45715 0.13032 -0.01589 -0.96131 0.24219
1731053580.423606396 62.34125 -43.31887 -1.45637 0.12883 -0.01704 -0.96223 0.23921
1731053580.433606625 62.33032 -43.32708 -1.45577 0.12724 -0.01843 -0.96308 0.23653
1731053580.443606615 62.31919 -43.33532 -1.45541 0.12562 -0.02005 -0.96383 0.23422
1731053580.453606606 62.30777 -43.34360 -1.45531 0.12399 -0.02186 -0.96447 0.23225
1731053580.463606358 62.29594 -43.35196 -1.45550 0.12234 -0.02380 -0.96504 0.23058
1731053580.473606586 62.28360 -43.36039 -1.45599 0.12064 -0.02582 -0.96554 0.22917
1731053580.483606577 62.27065 -43.36893 -1.45680 0.11888 -0.02784 -0.96598 0.22799
1731053580.493606567 62.25704 -43.37758 -1.45793 0.11705 -0.02982 -0.96637 0.22701
1731053580.503606319 62.24299 -43.38633 -1.45927 0.11510 -0.03172 -0.96673 0.22621
1731053580.513606548 62.22877 -43.39514 -1.46070 0.11301 -0.03350 -0.96706 0.22559
1731053580.523606539 62.21467 -43.40399 -1.46207 0.11073 -0.03513 -0.96737 0.22516
1731053580.533606529 62.20095 -43.41284 -1.46327 0.10823 -0.03658 -0.96766 0.22492
1731053580.543606281 62.18785 -43.42167 -1.46417 0.10546 -0.03782 -0.96793 0.22486
1731053580.553606510 62.17531 -43.43049 -1.46479 0.10232 -0.03888 -0.96820 0.22498
1731053580.563606739 62.16325 -43.43929 -1.46512 0.09872 -0.03979 -0.96847 0.22525
1731053580.573606491 62.15154 -43.44809 -1.46519 0.09454 -0.04057 -0.96876 0.22566
1731053580.583606482 62.14010 -43.45689 -1.46500 0.08970 -0.04126 -0.96906 0.22620
1731053580.593606472 62.12881 -43.46578 -1.46455 0.08413 -0.04188 -0.96939 0.22684
1731053580.603606701 62.11749 -43.47515 -1.46369 0.07790 -0.04242 -0.96972 0.22755
1731053580.613606453 62.10595 -43.48547 -1.46223 0.07115 -0.04286 -0.97005 0.22825
1731053580.623606443 62.09401 -43.49715 -1.46003 0.06399 -0.04317 -0.97038 0.22892
1731053580.633606434 62.08181 -43.50979 -1.45725 0.05655 -0.04340 -0.97068 0.22958
1731053580.643606663 62.06964 -43.52252 -1.45429 0.04897 -0.04358 -0.97090 0.23036
1731053580.653606415 62.05779 -43.53443 -1.45152 0.04139 -0.04379 -0.97100 0.23134
1731053580.663606405 62.04642 -43.54514 -1.44911 0.03387 -0.04402 -0.97099 0.23260
1731053580.673606396 62.03541 -43.55501 -1.44692 0.02644 -0.04421 -0.97085 0.23409
1731053580.683606625 62.02463 -43.56448 -1.44476 0.01907 -0.04428 -0.97061 0.23578
1731053580.693606615 62.01395 -43.57389 -1.44249 0.01179 -0.04419 -0.97028 0.23763
1731053580.703606367 62.00326 -43.58326 -1.44010 0.00472 -0.04401 -0.96986 0.23959
1731053580.713606596 61.99244 -43.59251 -1.43763 -0.00201 -0.04384 -0.96937 0.24163
1731053580.723606586 61.98141 -43.60155 -1.43511 -0.00827 -0.04378 -0.96883 0.24370
1731053580.733606577 61.97029 -43.61047 -1.43260 -0.01394 -0.04376 -0.96824 0.24578
1731053580.743606329 61.95935 -43.61940 -1.43017 -0.01892 -0.04363 -0.96762 0.24788
1731053580.753606558 61.94885 -43.62851 -1.42787 -0.02315 -0.04322 -0.96700 0.25000
1731053580.763606548 61.93889 -43.63785 -1.42576 -0.02650 -0.04249 -0.96639 0.25214
1731053580.773606539 61.92933 -43.64737 -1.42387 -0.02888 -0.04156 -0.96580 0.25430
1731053580.783606291 61.91998 -43.65700 -1.42223 -0.03017 -0.04058 -0.96523 0.25645
1731053580.793606520 61.91070 -43.66663 -1.42091 -0.03030 -0.03968 -0.96470 0.25859
1731053580.803606749 61.90151 -43.67603 -1.42009 -0.02939 -0.03884 -0.96420 0.26066
1731053580.813606501 61.89245 -43.68489 -1.41998 -0.02758 -0.03802 -0.96376 0.26260
1731053580.823606491 61.88355 -43.69297 -1.42078 -0.02503 -0.03720 -0.96338 0.26437
1731053580.833606482 61.87475 -43.70051 -1.42227 -0.02190 -0.03631 -0.96306 0.26594
1731053580.843606710 61.86589 -43.70804 -1.42405 -0.01833 -0.03526 -0.96279 0.26731
1731053580.853606462 61.85683 -43.71611 -1.42568 -0.01448 -0.03397 -0.96258 0.26848
1731053580.863606453 61.84751 -43.72496 -1.42696 -0.01048 -0.03245 -0.96241 0.26946
1731053580.873606443 61.83797 -43.73435 -1.42804 -0.00639 -0.03080 -0.96227 0.27029
1731053580.883606672 61.82830 -43.74400 -1.42911 -0.00230 -0.02915 -0.96214 0.27098
1731053580.893606424 61.81848 -43.75374 -1.43034 0.00172 -0.02760 -0.96202 0.27159
1731053580.903606415 61.80829 -43.76377 -1.43176 0.00556 -0.02615 -0.96190 0.27211
1731053580.913606405 61.79743 -43.77442 -1.43338 0.00909 -0.02477 -0.96178 0.27256
1731053580.923606634 61.78564 -43.78594 -1.43520 0.01220 -0.02344 -0.96166 0.27296
1731053580.933606625 61.77318 -43.79808 -1.43720 0.01497 -0.02218 -0.96155 0.27331
1731053580.943606377 61.76062 -43.81024 -1.43934 0.01758 -0.02104 -0.96144 0.27363
1731053580.953606606 61.74854 -43.82182 -1.44156 0.02024 -0.02006 -0.96133 0.27393
1731053580.963606596 61.73716 -43.83258 -1.44384 0.02303 -0.01924 -0.96120 0.27421
1731053580.973606586 61.72614 -43.84283 -1.44611 0.02584 -0.01854 -0.96107 0.27448
1731053580.983606339 61.71511 -43.85294 -1.44835 0.02856 -0.01790 -0.96093 0.27474
1731053580.993606567 61.70378 -43.86320 -1.45052 0.03113 -0.01727 -0.96079 0.27499
1731053581.003606558 61.69220 -43.87358 -1.45263 0.03359 -0.01665 -0.96066 0.27520
1731053581.013606548 61.68052 -43.88398 -1.45472 0.03605 -0.01603 -0.96054 0.27534
1731053581.023606300 61.66888 -43.89431 -1.45681 0.03862 -0.01541 -0.96044 0.27537
1731053581.033606529 61.65745 -43.90446 -1.45893 0.04137 -0.01479 -0.96037 0.27526
1731053581.043606520 61.64632 -43.91436 -1.46110 0.04439 -0.01418 -0.96032 0.27497
1731053581.053606510 61.63545 -43.92401 -1.46330 0.04762 -0.01356 -0.96032 0.27449
1731053581.063606262 61.62476 -43.93344 -1.46550 0.05096 -0.01292 -0.96036 0.27376
1731053581.073606491 61.61418 -43.94268 -1.46765 0.05432 -0.01226 -0.96047 0.27277
1731053581.083606720 61.60363 -43.95176 -1.46974 0.05762 -0.01156 -0.96065 0.27148
1731053581.093606472 61.59303 -43.96069 -1.47174 0.06080 -0.01084 -0.96091 0.26987
1731053581.103606462 61.58236 -43.96941 -1.47361 0.06394 -0.01019 -0.96124 0.26799
1731053581.113606453 61.57160 -43.97786 -1.47534 0.06716 -0.00974 -0.96162 0.26588
1731053581.123606682 61.56072 -43.98597 -1.47692 0.07057 -0.00959 -0.96200 0.26360
1731053581.133606434 61.54974 -43.99384 -1.47835 0.07414 -0.00969 -0.96238 0.26121
1731053581.143606424 61.53869 -44.00166 -1.47963 0.07778 -0.00990 -0.96275 0.25878
1731053581.153606415 61.52762 -44.00961 -1.48079 0.08137 -0.01007 -0.96309 0.25638
1731053581.163606644 61.51653 -44.01780 -1.48182 0.08485 -0.01014 -0.96341 0.25405
1731053581.173606396 61.50542 -44.02617 -1.48273 0.08816 -0.01023 -0.96371 0.25175
1731053581.183606386 61.49427 -44.03468 -1.48350 0.09129 -0.01045 -0.96402 0.24945
1731053581.193606615 61.48308 -44.04325 -1.48413 0.09421 -0.01087 -0.96433 0.24712
1731053581.203606606 61.47185 -44.05185 -1.48462 0.09693 -0.01145 -0.96466 0.24475
1731053581.213606596 61.46058 -44.06041 -1.48495 0.09947 -0.01211 -0.96501 0.24233
1731053581.223606348 61.44929 -44.06888 -1.48511 0.10182 -0.01275 -0.96537 0.23987
1731053581.233606577 61.43799 -44.07720 -1.48509 0.10402 -0.01330 -0.96575 0.23736
1731053581.243606567 61.42668 -44.08534 -1.48489 0.10606 -0.01368 -0.96614 0.23480
1731053581.253606558 61.41536 -44.09333 -1.48455 0.10798 -0.01392 -0.96655 0.23224
1731053581.263606310 61.40401 -44.10122 -1.48412 0.10978 -0.01404 -0.96695 0.22971
1731053581.273606539 61.39263 -44.10906 -1.48367 0.11148 -0.01407 -0.96733 0.22726
1731053581.283606529 61.38121 -44.11691 -1.48323 0.11309 -0.01405 -0.96768 0.22494
1731053581.293606520 61.36974 -44.12481 -1.48285 0.11464 -0.01401 -0.96800 0.22279
1731053581.303606272 61.35822 -44.13276 -1.48254 0.11608 -0.01395 -0.96829 0.22080
1731053581.313606501 61.34666 -44.14076 -1.48228 0.11741 -0.01388 -0.96854 0.21897
1731053581.323606730 61.33507 -44.14882 -1.48208 0.11860 -0.01381 -0.96877 0.21730
1731053581.333606482 61.32346 -44.15692 -1.48193 0.11961 -0.01375 -0.96899 0.21578
1731053581.343606472 61.31183 -44.16507 -1.48182 0.12042 -0.01371 -0.96920 0.21441
1731053581.353606462 61.30019 -44.17327 -1.48175 0.12100 -0.01368 -0.96940 0.21317
1731053581.363606691 61.28856 -44.18152 -1.48172 0.12134 -0.01369 -0.96960 0.21207
1731053581.373606443 61.27693 -44.18980 -1.48171 0.12139 -0.01373 -0.96980 0.21110
1731053581.383606434 61.26531 -44.19813 -1.48172 0.12115 -0.01381 -0.97001 0.21025
1731053581.393606424 61.25372 -44.20650 -1.48174 0.12057 -0.01393 -0.97024 0.20953
1731053581.403606653 61.24215 -44.21491 -1.48178 0.11969 -0.01410 -0.97048 0.20893
1731053581.413606405 61.23061 -44.22337 -1.48183 0.11849 -0.01431 -0.97072 0.20846
1731053581.423606396 61.21909 -44.23188 -1.48187 0.11701 -0.01453 -0.97097 0.20814
1731053581.433606625 61.20760 -44.24046 -1.48191 0.11526 -0.01478 -0.97121 0.20798
1731053581.443606615 61.19615 -44.24910 -1.48193 0.11324 -0.01503 -0.97144 0.20798
1731053581.453606606 61.18472 -44.25781 -1.48194 0.11097 -0.01528 -0.97166 0.20815
1731053581.463606358 61.17332 -44.26659 -1.48193 0.10848 -0.01552 -0.97186 0.20851
1731053581.473606586 61.16196 -44.27545 -1.48189 0.10576 -0.01574 -0.97204 0.20905
1731053581.483606577 61.15063 -44.28440 -1.48182 0.10284 -0.01593 -0.97219 0.20980
1731053581.493606567 61.13935 -44.29343 -1.48171 0.09973 -0.01609 -0.97231 0.21075
1731053581.503606319 61.12815 -44.30252 -1.48158 0.09649 -0.01620 -0.97238 0.21188
1731053581.513606548 61.11710 -44.31164 -1.48145 0.09317 -0.01626 -0.97242 0.21319
1731053581.523606539 61.10625 -44.32075 -1.48133 0.08983 -0.01625 -0.97242 0.21465
1731053581.533606529 61.09565 -44.32983 -1.48123 0.08652 -0.01618 -0.97236 0.21624
1731053581.543606281 61.08533 -44.33886 -1.48117 0.08330 -0.01602 -0.97227 0.21794
1731053581.553606510 61.07523 -44.34785 -1.48109 0.08020 -0.01580 -0.97213 0.21975
1731053581.563606739 61.06526 -44.35682 -1.48093 0.07725 -0.01553 -0.97193 0.22167
1731053581.573606491 61.05534 -44.36580 -1.48063 0.07448 -0.01522 -0.97169 0.22370
1731053581.583606482 61.04537 -44.37482 -1.48013 0.07193 -0.01488 -0.97139 0.22583
1731053581.593606472 61.03530 -44.38388 -1.47939 0.06961 -0.01454 -0.97104 0.22808
1731053581.603606701 61.02520 -44.39301 -1.47846 0.06754 -0.01418 -0.97064 0.23044
1731053581.613606453 61.01516 -44.40220 -1.47739 0.06573 -0.01380 -0.97017 0.23293
1731053581.623606443 61.00526 -44.41145 -1.47627 0.06417 -0.01339 -0.96965 0.23554
1731053581.633606434 60.99561 -44.42076 -1.47516 0.06289 -0.01295 -0.96907 0.23829
1731053581.643606663 60.98629 -44.43013 -1.47412 0.06187 -0.01247 -0.96842 0.24119
1731053581.653606415 60.97731 -44.43954 -1.47317 0.06109 -0.01198 -0.96772 0.24423
1731053581.663606405 60.96869 -44.44895 -1.47233 0.06052 -0.01152 -0.96695 0.24740
1731053581.673606396 60.96043 -44.45833 -1.47161 0.06014 -0.01113 -0.96613 0.25071
1731053581.683606625 60.95255 -44.46764 -1.47103 0.05990 -0.01084 -0.96525 0.25414
1731053581.693606615 60.94505 -44.47687 -1.47060 0.05980 -0.01068 -0.96432 0.25769
1731053581.703606367 60.93786 -44.48606 -1.47027 0.05989 -0.01062 -0.96333 0.26133
1731053581.713606596 60.93091 -44.49526 -1.47000 0.06022 -0.01062 -0.96230 0.26504
1731053581.723606586 60.92413 -44.50453 -1.46975 0.06086 -0.01064 -0.96122 0.26879
1731053581.733606577 60.91746 -44.51391 -1.46946 0.06187 -0.01063 -0.96009 0.27255
1731053581.743606329 60.91083 -44.52347 -1.46910 0.06330 -0.01057 -0.95893 0.27630
1731053581.753606558 60.90423 -44.53319 -1.46867 0.06508 -0.01043 -0.95772 0.28004
1731053581.763606548 60.89767 -44.54306 -1.46819 0.06712 -0.01019 -0.95648 0.28379
1731053581.773606539 60.89114 -44.55308 -1.46767 0.06933 -0.00983 -0.95521 0.28753
1731053581.783606291 60.88465 -44.56323 -1.46712 0.07162 -0.00935 -0.95390 0.29129
1731053581.793606520 60.87818 -44.57349 -1.46657 0.07392 -0.00873 -0.95258 0.29506
1731053581.803606749 60.87172 -44.58384 -1.46603 0.07614 -0.00800 -0.95123 0.29882
1731053581.813606501 60.86523 -44.59426 -1.46552 0.07824 -0.00719 -0.94989 0.30255
1731053581.823606491 60.85868 -44.60470 -1.46507 0.08014 -0.00634 -0.94856 0.30623
1731053581.833606482 60.85204 -44.61514 -1.46470 0.08179 -0.00548 -0.94726 0.30982
1731053581.843606710 60.84527 -44.62558 -1.46442 0.08313 -0.00465 -0.94599 0.31331
1731053581.853606462 60.83827 -44.63606 -1.46423 0.08418 -0.00388 -0.94478 0.31670
1731053581.863606453 60.83096 -44.64668 -1.46413 0.08496 -0.00321 -0.94360 0.31999
1731053581.873606443 60.82321 -44.65750 -1.46410 0.08550 -0.00266 -0.94246 0.32320
1731053581.883606672 60.81495 -44.66861 -1.46413 0.08582 -0.00226 -0.94135 0.32633
1731053581.893606424 60.80612 -44.68005 -1.46421 0.08594 -0.00205 -0.94027 0.32939
1731053581.903606415 60.79691 -44.69171 -1.46435 0.08587 -0.00201 -0.93922 0.33240
1731053581.913606405 60.78758 -44.70341 -1.46454 0.08562 -0.00214 -0.93817 0.33540
1731053581.923606634 60.77836 -44.71501 -1.46477 0.08520 -0.00241 -0.93713 0.33842
1731053581.933606625 60.76952 -44.72636 -1.46504 0.08463 -0.00281 -0.93606 0.34149
1731053581.943606377 60.76123 -44.73732 -1.46536 0.08390 -0.00332 -0.93498 0.34462
1731053581.953606606 60.75342 -44.74797 -1.46569 0.08304 -0.00389 -0.93389 0.34777
1731053581.963606596 60.74596 -44.75841 -1.46601 0.08206 -0.00449 -0.93281 0.35086
1731053581.973606586 60.73873 -44.76872 -1.46631 0.08099 -0.00506 -0.93178 0.35384
1731053581.983606339 60.73158 -44.77903 -1.46655 0.07983 -0.00555 -0.93081 0.35663
1731053581.993606567 60.72441 -44.78939 -1.46673 0.07862 -0.00592 -0.92993 0.35919
1731053582.003606558 60.71721 -44.79982 -1.46684 0.07736 -0.00619 -0.92913 0.36151
1731053582.013606548 60.70998 -44.81029 -1.46689 0.07607 -0.00638 -0.92842 0.36362
1731053582.023606300 60.70273 -44.82077 -1.46688 0.07477 -0.00652 -0.92777 0.36551
1731053582.033606529 60.69547 -44.83125 -1.46682 0.07348 -0.00662 -0.92720 0.36722
1731053582.043606520 60.68820 -44.84169 -1.46671 0.07220 -0.00670 -0.92670 0.36874
1731053582.053606510 60.68094 -44.85207 -1.46657 0.07096 -0.00679 -0.92625 0.37010
1731053582.063606262 60.67370 -44.86238 -1.46638 0.06978 -0.00691 -0.92586 0.37130
1731053582.073606491 60.66647 -44.87258 -1.46617 0.06866 -0.00708 -0.92552 0.37237
1731053582.083606720 60.65928 -44.88265 -1.46594 0.06763 -0.00733 -0.92521 0.37330
1731053582.093606472 60.65212 -44.89258 -1.46568 0.06670 -0.00767 -0.92494 0.37413
1731053582.103606462 60.64501 -44.90236 -1.46542 0.06587 -0.00810 -0.92470 0.37487
1731053582.113606453 60.63795 -44.91199 -1.46516 0.06514 -0.00861 -0.92447 0.37556
1731053582.123606682 60.63094 -44.92148 -1.46491 0.06450 -0.00920 -0.92424 0.37621
1731053582.133606434 60.62400 -44.93082 -1.46468 0.06397 -0.00985 -0.92401 0.37686
1731053582.143606424 60.61713 -44.94001 -1.46448 0.06352 -0.01055 -0.92375 0.37753
1731053582.153606415 60.61034 -44.94906 -1.46433 0.06318 -0.01131 -0.92347 0.37826
1731053582.163606644 60.60362 -44.95797 -1.46423 0.06292 -0.01210 -0.92315 0.37907
1731053582.173606396 60.59700 -44.96673 -1.46420 0.06276 -0.01293 -0.92277 0.37998
1731053582.183606386 60.59047 -44.97536 -1.46424 0.06269 -0.01378 -0.92233 0.38103
1731053582.193606615 60.58404 -44.98384 -1.46436 0.06272 -0.01464 -0.92182 0.38223
1731053582.203606606 60.57771 -44.99220 -1.46456 0.06291 -0.01541 -0.92125 0.38353
1731053582.213606596 60.57147 -45.00044 -1.46483 0.06330 -0.01601 -0.92066 0.38488
1731053582.223606348 60.56532 -45.00859 -1.46516 0.06396 -0.01635 -0.92005 0.38620
1731053582.233606577 60.55924 -45.01664 -1.46554 0.06496 -0.01631 -0.91945 0.38746
1731053582.243606567 60.55324 -45.02461 -1.46597 0.06633 -0.01585 -0.91888 0.38859
1731053582.253606558 60.54728 -45.03255 -1.46645 0.06805 -0.01503 -0.91833 0.38963
1731053582.263606310 60.54132 -45.04047 -1.46700 0.07006 -0.01394 -0.91778 0.39062
1731053582.273606539 60.53531 -45.04842 -1.46762 0.07231 -0.01267 -0.91721 0.39157
1731053582.283606529 60.52923 -45.05644 -1.46832 0.07477 -0.01134 -0.91662 0.39254
1731053582.293606520 60.52304 -45.06454 -1.46909 0.07736 -0.01001 -0.91598 0.39356
1731053582.303606272 60.51677 -45.07272 -1.46994 0.08003 -0.00871 -0.91531 0.39463
1731053582.313606501 60.51047 -45.08097 -1.47083 0.08269 -0.00744 -0.91459 0.39577
1731053582.323606730 60.50417 -45.08926 -1.47175 0.08526 -0.00621 -0.91384 0.39698
1731053582.333606482 60.49792 -45.09757 -1.47268 0.08768 -0.00503 -0.91306 0.39826
1731053582.343606472 60.49175 -45.10591 -1.47360 0.08987 -0.00391 -0.91225 0.39963
1731053582.353606462 60.48561 -45.11429 -1.47450 0.09182 -0.00286 -0.91141 0.40112
1731053582.363606691 60.47945 -45.12276 -1.47537 0.09355 -0.00189 -0.91052 0.40274
1731053582.373606443 60.47321 -45.13137 -1.47620 0.09504 -0.00104 -0.90957 0.40453
1731053582.383606434 60.46684 -45.14014 -1.47700 0.09631 -0.00031 -0.90856 0.40650
1731053582.393606424 60.46030 -45.14911 -1.47774 0.09735 0.00027 -0.90747 0.40868
1731053582.403606653 60.45362 -45.15823 -1.47843 0.09809 0.00074 -0.90632 0.41105
1731053582.413606405 60.44688 -45.16747 -1.47907 0.09849 0.00113 -0.90512 0.41359
1731053582.423606396 60.44011 -45.17677 -1.47966 0.09848 0.00146 -0.90390 0.41626
1731053582.433606625 60.43339 -45.18609 -1.48020 0.09798 0.00176 -0.90266 0.41905
1731053582.443606615 60.42676 -45.19538 -1.48068 0.09697 0.00206 -0.90143 0.42193
1731053582.453606606 60.42022 -45.20463 -1.48109 0.09548 0.00236 -0.90019 0.42489
1731053582.463606358 60.41376 -45.21386 -1.48143 0.09356 0.00263 -0.89894 0.42795
1731053582.473606586 60.40738 -45.22307 -1.48166 0.09128 0.00288 -0.89768 0.43108
1731053582.483606577 60.40106 -45.23227 -1.48179 0.08869 0.00309 -0.89639 0.43430
1731053582.493606567 60.39477 -45.24150 -1.48182 0.08585 0.00324 -0.89506 0.43759
1731053582.503606319 60.38830 -45.25099 -1.48187 0.08285 0.00331 -0.89368 0.44097
1731053582.513606548 60.38144 -45.26101 -1.48206 0.07977 0.00325 -0.89224 0.44445
1731053582.523606539 60.37398 -45.27179 -1.48252 0.07669 0.00304 -0.89071 0.44804
1731053582.533606529 60.36609 -45.28311 -1.48315 0.07361 0.00273 -0.88911 0.45173
1731053582.543606281 60.35819 -45.29447 -1.48374 0.07043 0.00238 -0.88745 0.45549
1731053582.553606510 60.35068 -45.30536 -1.48405 0.06709 0.00210 -0.88573 0.45933
1731053582.563606739 60.34374 -45.31557 -1.48398 0.06355 0.00191 -0.88397 0.46321
1731053582.573606491 60.33723 -45.32528 -1.48362 0.05988 0.00181 -0.88216 0.46712
1731053582.583606482 60.33094 -45.33474 -1.48306 0.05615 0.00176 -0.88033 0.47103
1731053582.593606472 60.32473 -45.34411 -1.48240 0.05242 0.00173 -0.87846 0.47493
1731053582.603606701 60.31856 -45.35333 -1.48162 0.04881 0.00176 -0.87655 0.47883
1731053582.613606453 60.31243 -45.36227 -1.48071 0.04546 0.00188 -0.87457 0.48276
1731053582.623606443 60.30635 -45.37082 -1.47965 0.04248 0.00211 -0.87252 0.48673
1731053582.633606434 60.30035 -45.37908 -1.47851 0.03989 0.00243 -0.87037 0.49077
1731053582.643606663 60.29447 -45.38728 -1.47738 0.03765 0.00277 -0.86812 0.49492
1731053582.653606415 60.28875 -45.39567 -1.47635 0.03569 0.00309 -0.86574 0.49922
1731053582.663606405 60.28323 -45.40434 -1.47547 0.03397 0.00334 -0.86322 0.50367
1731053582.673606396 60.27793 -45.41318 -1.47471 0.03235 0.00352 -0.86060 0.50824
1731053582.683606625 60.27286 -45.42205 -1.47405 0.03073 0.00362 -0.85790 0.51288
1731053582.693606615 60.26804 -45.43085 -1.47344 0.02903 0.00367 -0.85515 0.51756
1731053582.703606367 60.26349 -45.43950 -1.47281 0.02737 0.00375 -0.85236 0.52223
1731053582.713606596 60.25922 -45.44794 -1.47211 0.02590 0.00394 -0.84956 0.52683
1731053582.723606586 60.25525 -45.45613 -1.47125 0.02476 0.00436 -0.84679 0.53134
1731053582.733606577 60.25156 -45.46411 -1.47035 0.02400 0.00507 -0.84403 0.53573
1731053582.743606329 60.24813 -45.47197 -1.46959 0.02362 0.00614 -0.84130 0.54001
1731053582.753606558 60.24493 -45.47983 -1.46915 0.02361 0.00762 -0.83860 0.54418
1731053582.763606548 60.24193 -45.48771 -1.46912 0.02396 0.00958 -0.83592 0.54825
1731053582.773606539 60.23913 -45.49559 -1.46945 0.02466 0.01206 -0.83324 0.55223
1731053582.783606291 60.23652 -45.50339 -1.47006 0.02568 0.01511 -0.83056 0.55614
1731053582.793606520 60.23405 -45.51111 -1.47091 0.02700 0.01870 -0.82785 0.55999
1731053582.803606749 60.23156 -45.51882 -1.47213 0.02855 0.02264 -0.82512 0.56378
1731053582.813606501 60.22884 -45.52668 -1.47387 0.03027 0.02665 -0.82239 0.56750
1731053582.823606491 60.22569 -45.53479 -1.47629 0.03206 0.03050 -0.81966 0.57114
1731053582.833606482 60.22228 -45.54310 -1.47921 0.03389 0.03411 -0.81695 0.57471
1731053582.843606710 60.21894 -45.55143 -1.48227 0.03574 0.03753 -0.81425 0.57820
1731053582.853606462 60.21603 -45.55961 -1.48511 0.03757 0.04081 -0.81157 0.58162
1731053582.863606453 60.21372 -45.56756 -1.48757 0.03936 0.04396 -0.80890 0.58498
1731053582.873606443 60.21192 -45.57533 -1.48981 0.04105 0.04691 -0.80625 0.58828
1731053582.883606672 60.21052 -45.58299 -1.49200 0.04261 0.04958 -0.80362 0.59154
1731053582.893606424 60.20942 -45.59061 -1.49428 0.04401 0.05191 -0.80101 0.59477
1731053582.903606415 60.20853 -45.59821 -1.49667 0.04524 0.05390 -0.79839 0.59801
1731053582.913606405 60.20776 -45.60584 -1.49914 0.04633 0.05557 -0.79575 0.60128
1731053582.923606634 60.20704 -45.61353 -1.50166 0.04731 0.05691 -0.79306 0.60463
1731053582.933606625 60.20628 -45.62130 -1.50421 0.04819 0.05794 -0.79030 0.60806
1731053582.943606377 60.20542 -45.62919 -1.50676 0.04898 0.05868 -0.78745 0.61162
1731053582.953606606 60.20449 -45.63717 -1.50929 0.04960 0.05913 -0.78452 0.61528
1731053582.963606596 60.20352 -45.64523 -1.51177 0.04999 0.05933 -0.78155 0.61900
1731053582.973606586 60.20254 -45.65333 -1.51417 0.05004 0.05929 -0.77857 0.62275
1731053582.983606339 60.20161 -45.66144 -1.51647 0.04968 0.05903 -0.77559 0.62650
1731053582.993606567 60.20075 -45.66956 -1.51858 0.04884 0.05857 -0.77265 0.63024
1731053583.003606558 60.19992 -45.67774 -1.52022 0.04756 0.05792 -0.76974 0.63394
1731053583.013606548 60.19908 -45.68604 -1.52102 0.04590 0.05708 -0.76685 0.63763
1731053583.023606300 60.19820 -45.69453 -1.52069 0.04393 0.05605 -0.76399 0.64129
1731053583.033606529 60.19730 -45.70313 -1.51947 0.04165 0.05484 -0.76113 0.64494
1731053583.043606520 60.19651 -45.71169 -1.51799 0.03902 0.05344 -0.75827 0.64858
1731053583.053606510 60.19592 -45.72005 -1.51685 0.03603 0.05184 -0.75540 0.65221
1731053583.063606262 60.19558 -45.72813 -1.51633 0.03263 0.05001 -0.75252 0.65585
1731053583.073606491 60.19547 -45.73596 -1.51616 0.02878 0.04787 -0.74965 0.65948
1731053583.083606720 60.19554 -45.74356 -1.51607 0.02441 0.04535 -0.74677 0.66308
1731053583.093606472 60.19571 -45.75100 -1.51582 0.01954 0.04238 -0.74389 0.66667
1731053583.103606462 60.19569 -45.75847 -1.51548 0.01440 0.03911 -0.74096 0.67025
1731053583.113606453 60.19514 -45.76620 -1.51521 0.00928 0.03568 -0.73791 0.67390
1731053583.123606682 60.19376 -45.77436 -1.51513 0.00446 0.03226 -0.73468 0.67763
1731053583.133606434 60.19183 -45.78278 -1.51515 -0.00003 0.02888 -0.73127 0.68148
1731053583.143606424 60.18997 -45.79102 -1.51508 -0.00429 0.02547 -0.72770 0.68541
1731053583.153606415 60.18883 -45.79867 -1.51468 -0.00844 0.02199 -0.72400 0.68940
1731053583.163606644 60.18867 -45.80554 -1.51391 -0.01253 0.01846 -0.72018 0.69343
1731053583.173606396 60.18923 -45.81182 -1.51291 -0.01654 0.01503 -0.71628 0.69746
1731053583.183606386 60.19019 -45.81776 -1.51185 -0.02045 0.01184 -0.71232 0.70146
1731053583.193606615 60.19128 -45.82357 -1.51091 -0.02419 0.00906 -0.70833 0.70541
1731053583.203606606 60.19253 -45.82935 -1.51022 -0.02765 0.00689 -0.70429 0.70934
1731053583.213606596 60.19401 -45.83522 -1.50989 -0.03067 0.00551 -0.70018 0.71328
1731053583.223606348 60.19581 -45.84124 -1.51004 -0.03313 0.00513 -0.69598 0.71728
1731053583.233606577 60.19786 -45.84736 -1.51062 -0.03495 0.00573 -0.69169 0.72133
1731053583.243606567 60.20004 -45.85341 -1.51145 -0.03614 0.00722 -0.68733 0.72541
1731053583.253606558 60.20221 -45.85923 -1.51238 -0.03668 0.00947 -0.68293 0.72950
1731053583.263606310 60.20431 -45.86473 -1.51333 -0.03662 0.01239 -0.67848 0.73360
1731053583.273606539 60.20642 -45.86999 -1.51436 -0.03602 0.01587 -0.67399 0.73769
1731053583.283606529 60.20863 -45.87506 -1.51555 -0.03498 0.01982 -0.66943 0.74178
1731053583.293606520 60.21101 -45.88001 -1.51694 -0.03357 0.02413 -0.66481 0.74587
1731053583.303606272 60.21350 -45.88486 -1.51847 -0.03182 0.02869 -0.66010 0.74996
1731053583.313606501 60.21600 -45.88964 -1.52004 -0.02974 0.03335 -0.65530 0.75405
1731053583.323606730 60.21844 -45.89436 -1.52159 -0.02738 0.03801 -0.65040 0.75815
1731053583.333606482 60.22087 -45.89900 -1.52316 -0.02480 0.04261 -0.64540 0.76225
1731053583.343606472 60.22342 -45.90354 -1.52488 -0.02214 0.04716 -0.64032 0.76634
1731053583.353606462 60.22622 -45.90793 -1.52690 -0.01953 0.05166 -0.63517 0.77040
1731053583.363606691 60.22932 -45.91216 -1.52926 -0.01707 0.05606 -0.62994 0.77443
1731053583.373606443 60.23267 -45.91622 -1.53185 -0.01486 0.06025 -0.62465 0.77844
1731053583.383606434 60.23620 -45.92009 -1.53456 -0.01300 0.06409 -0.61928 0.78244
1731053583.393606424 60.23987 -45.92378 -1.53730 -0.01154 0.06750 -0.61383 0.78646
1731053583.403606653 60.24372 -45.92735 -1.54012 -0.01045 0.07047 -0.60831 0.79050
1731053583.413606405 60.24780 -45.93089 -1.54309 -0.00967 0.07303 -0.60270 0.79456
1731053583.423606396 60.25216 -45.93445 -1.54628 -0.00913 0.07520 -0.59702 0.79864
1731053583.433606625 60.25672 -45.93796 -1.54963 -0.00877 0.07705 -0.59127 0.80273
1731053583.443606615 60.26129 -45.94128 -1.55304 -0.00854 0.07870 -0.58548 0.80681
1731053583.453606606 60.26570 -45.94424 -1.55640 -0.00838 0.08025 -0.57968 0.81084
1731053583.463606358 60.26987 -45.94678 -1.55966 -0.00824 0.08176 -0.57387 0.81482
1731053583.473606586 60.27386 -45.94896 -1.56283 -0.00812 0.08323 -0.56808 0.81871
1731053583.483606577 60.27775 -45.95088 -1.56595 -0.00803 0.08464 -0.56233 0.82253
1731053583.493606567 60.28160 -45.95258 -1.56906 -0.00795 0.08599 -0.55665 0.82624
1731053583.503606319 60.28542 -45.95402 -1.57224 -0.00789 0.08732 -0.55108 0.82984
1731053583.513606548 60.28922 -45.95516 -1.57562 -0.00783 0.08870 -0.54565 0.83327
1731053583.523606539 60.29299 -45.95595 -1.57928 -0.00777 0.09017 -0.54041 0.83652
1731053583.533606529 60.29672 -45.95643 -1.58312 -0.00767 0.09180 -0.53534 0.83960
1731053583.543606281 60.30039 -45.95674 -1.58693 -0.00750 0.09365 -0.53039 0.84253
1731053583.553606510 60.30399 -45.95700 -1.59051 -0.00722 0.09578 -0.52552 0.84534
1731053583.563606739 60.30751 -45.95727 -1.59374 -0.00685 0.09816 -0.52067 0.84807
1731053583.573606491 60.31097 -45.95750 -1.59672 -0.00645 0.10061 -0.51584 0.85073
1731053583.583606482 60.31436 -45.95764 -1.59954 -0.00611 0.10295 -0.51101 0.85337
1731053583.593606472 60.31773 -45.95763 -1.60227 -0.00588 0.10504 -0.50618 0.85599
1731053583.603606701 60.32118 -45.95734 -1.60490 -0.00578 0.10692 -0.50135 0.85859
1731053583.613606453 60.32480 -45.95662 -1.60741 -0.00579 0.10865 -0.49655 0.86116
1731053583.623606443 60.32872 -45.95535 -1.60976 -0.00590 0.11031 -0.49178 0.86368
1731053583.633606434 60.33282 -45.95364 -1.61199 -0.00609 0.11199 -0.48708 0.86613
1731053583.643606663 60.33690 -45.95177 -1.61419 -0.00632 0.11374 -0.48246 0.86848
1731053583.653606415 60.34076 -45.95001 -1.61643 -0.00657 0.11564 -0.47797 0.87071
1731053583.663606405 60.34428 -45.94844 -1.61876 -0.00678 0.11773 -0.47361 0.87281
1731053583.673606396 60.34758 -45.94687 -1.62120 -0.00691 0.11995 -0.46937 0.87479
1731053583.683606625 60.35074 -45.94506 -1.62374 -0.00688 0.12228 -0.46525 0.87667
1731053583.693606615 60.35387 -45.94285 -1.62640 -0.00665 0.12465 -0.46123 0.87846
1731053583.703606367 60.35698 -45.94031 -1.62914 -0.00619 0.12706 -0.45729 0.88017
1731053583.713606596 60.36008 -45.93754 -1.63196 -0.00550 0.12946 -0.45343 0.88182
1731053583.723606586 60.36318 -45.93467 -1.63484 -0.00455 0.13184 -0.44962 0.88342
1731053583.733606577 60.36628 -45.93181 -1.63775 -0.00334 0.13418 -0.44586 0.88498
1731053583.743606329 60.36939 -45.92904 -1.64068 -0.00187 0.13644 -0.44213 0.88651
1731053583.753606558 60.37255 -45.92636 -1.64360 -0.00015 0.13862 -0.43838 0.88804
1731053583.763606548 60.37580 -45.92370 -1.64650 0.00178 0.14072 -0.43457 0.88958
1731053583.773606539 60.37920 -45.92102 -1.64934 0.00391 0.14274 -0.43066 0.89115
1731053583.783606291 60.38278 -45.91825 -1.65212 0.00620 0.14465 -0.42661 0.89277
1731053583.793606520 60.38657 -45.91537 -1.65479 0.00861 0.14647 -0.42239 0.89446
1731053583.803606749 60.39061 -45.91236 -1.65733 0.01102 0.14822 -0.41804 0.89619
1731053583.813606501 60.39488 -45.90925 -1.65969 0.01330 0.14993 -0.41361 0.89793
1731053583.823606491 60.39942 -45.90600 -1.66170 0.01542 0.15161 -0.40913 0.89966
1731053583.833606482 60.40423 -45.90260 -1.66302 0.01746 0.15325 -0.40460 0.90139
1731053583.843606710 60.40934 -45.89902 -1.66343 0.01951 0.15481 -0.39999 0.90314
1731053583.853606462 60.41474 -45.89535 -1.66312 0.02164 0.15608 -0.39534 0.90492
1731053583.863606453 60.42043 -45.89165 -1.66238 0.02392 0.15683 -0.39066 0.90676
1731053583.873606443 60.42638 -45.88801 -1.66120 0.02642 0.15693 -0.38597 0.90868
1731053583.883606672 60.43255 -45.88446 -1.65928 0.02925 0.15641 -0.38131 0.91065
1731053583.893606424 60.43892 -45.88104 -1.65634 0.03245 0.15520 -0.37671 0.91266
1731053583.903606415 60.44541 -45.87784 -1.65224 0.03595 0.15297 -0.37224 0.91474
1731053583.913606405 60.45196 -45.87496 -1.64689 0.03963 0.14931 -0.36799 0.91691
1731053583.923606634 60.45833 -45.87262 -1.63993 0.04339 0.14401 -0.36402 0.91916
1731053583.933606625 60.46406 -45.87122 -1.63079 0.04712 0.13710 -0.36043 0.92145
1731053583.943606377 60.46891 -45.87098 -1.61915 0.05076 0.12857 -0.35727 0.92372
1731053583.953606606 60.47334 -45.87149 -1.60589 0.05432 0.11843 -0.35458 0.92590
1731053583.963606596 60.47796 -45.87218 -1.59214 0.05784 0.10665 -0.35238 0.92796
1731053583.973606586 60.48287 -45.87294 -1.57831 0.06134 0.09338 -0.35064 0.92982
1731053583.983606339 60.48765 -45.87407 -1.56406 0.06482 0.07889 -0.34933 0.93142
1731053583.993606567 60.49193 -45.87576 -1.54908 0.06823 0.06345 -0.34839 0.93271
1731053584.003606558 60.49581 -45.87768 -1.53329 0.07141 0.04730 -0.34788 0.93362
1731053584.013606548 60.49947 -45.87936 -1.51668 0.07413 0.03068 -0.34786 0.93411
1731053584.023606300 60.50306 -45.88041 -1.49924 0.07623 0.01382 -0.34839 0.93414
1731053584.033606529 60.50632 -45.88116 -1.48129 0.07781 -0.00294 -0.34952 0.93369
1731053584.043606520 60.50875 -45.88242 -1.46328 0.07917 -0.01920 -0.35125 0.93273
1731053584.053606510 60.50983 -45.88500 -1.44572 0.08062 -0.03459 -0.35361 0.93127
1731053584.063606262 60.50933 -45.88923 -1.42883 0.08215 -0.04896 -0.35659 0.92935
1731053584.073606491 60.50749 -45.89471 -1.41246 0.08327 -0.06253 -0.36016 0.92706
1731053584.083606720 60.50457 -45.90100 -1.39642 0.08345 -0.07557 -0.36428 0.92446
1731053584.093606472 60.50081 -45.90773 -1.38059 0.08232 -0.08823 -0.36889 0.92160
1731053584.103606462 60.49628 -45.91502 -1.36517 0.08018 -0.10025 -0.37389 0.91855
1731053584.113606453 60.49101 -45.92306 -1.35040 0.07749 -0.11125 -0.37917 0.91534
1731053584.123606682 60.48504 -45.93205 -1.33652 0.07470 -0.12090 -0.38465 0.91206
1731053584.133606434 60.47840 -45.94181 -1.32341 0.07193 -0.12919 -0.39034 0.90872
1731053584.143606424 60.47112 -45.95194 -1.31075 0.06911 -0.13637 -0.39631 0.90530
1731053584.153606415 60.46322 -45.96204 -1.29821 0.06616 -0.14266 -0.40261 0.90176
1731053584.163606644 60.45471 -45.97191 -1.28563 0.06298 -0.14834 -0.40927 0.89807
1731053584.173606396 60.44559 -45.98168 -1.27312 0.05937 -0.15370 -0.41629 0.89418
1731053584.183606386 60.43585 -45.99150 -1.26082 0.05514 -0.15903 -0.42364 0.89005
1731053584.193606615 60.42551 -46.00149 -1.24887 0.05018 -0.16455 -0.43130 0.88565
1731053584.203606606 60.41460 -46.01165 -1.23740 0.04457 -0.17006 -0.43923 0.88101
1731053584.213606596 60.40318 -46.02196 -1.22653 0.03847 -0.17530 -0.44739 0.87615
1731053584.223606348 60.39132 -46.03243 -1.21621 0.03204 -0.18005 -0.45573 0.87113
1731053584.233606577 60.37913 -46.04306 -1.20624 0.02545 -0.18421 -0.46421 0.86598
1731053584.243606567 60.36669 -46.05387 -1.19655 0.01884 -0.18767 -0.47279 0.86075
1731053584.253606558 60.35395 -46.06474 -1.18755 0.01220 -0.19044 -0.48143 0.85546
1731053584.263606310 60.34084 -46.07555 -1.17979 0.00552 -0.19256 -0.49012 0.85010
1731053584.273606539 60.32736 -46.08625 -1.17346 -0.00113 -0.19401 -0.49881 0.84472
1731053584.283606529 60.31359 -46.09681 -1.16840 -0.00761 -0.19478 -0.50745 0.83934
1731053584.293606520 60.29958 -46.10724 -1.16446 -0.01378 -0.19483 -0.51599 0.83403
1731053584.303606272 60.28540 -46.11751 -1.16160 -0.01966 -0.19408 -0.52446 0.82879
1731053584.313606501 60.27111 -46.12761 -1.15984 -0.02530 -0.19245 -0.53289 0.82362
1731053584.323606730 60.25699 -46.13744 -1.15964 -0.03065 -0.18994 -0.54129 0.81853
1731053584.333606482 60.24361 -46.14682 -1.16194 -0.03556 -0.18662 -0.54961 0.81353
1731053584.343606472 60.23125 -46.15563 -1.16720 -0.03991 -0.18260 -0.55784 0.80863
1731053584.353606462 60.21918 -46.16410 -1.17404 -0.04377 -0.17805 -0.56598 0.80377
1731053584.363606691 60.20644 -46.17255 -1.18063 -0.04724 -0.17321 -0.57403 0.79891
1731053584.373606443 60.19281 -46.18102 -1.18645 -0.05039 -0.16819 -0.58198 0.79402
1731053584.383606434 60.17882 -46.18929 -1.19228 -0.05327 -0.16307 -0.58979 0.78913
1731053584.393606424 60.16493 -46.19723 -1.19878 -0.05591 -0.15789 -0.59741 0.78425
1731053584.403606653 60.15124 -46.20494 -1.20606 -0.05821 -0.15269 -0.60482 0.77942
1731053584.413606405 60.13774 -46.21259 -1.21406 -0.06003 -0.14751 -0.61197 0.77468
1731053584.423606396 60.12442 -46.22034 -1.22274 -0.06126 -0.14239 -0.61885 0.77007
1731053584.433606625 60.11138 -46.22808 -1.23213 -0.06194 -0.13723 -0.62545 0.76560
1731053584.443606615 60.09881 -46.23552 -1.24233 -0.06220 -0.13188 -0.63184 0.76126
1731053584.453606606 60.08687 -46.24239 -1.25342 -0.06220 -0.12620 -0.63804 0.75704
1731053584.463606358 60.07564 -46.24854 -1.26543 -0.06197 -0.12006 -0.64407 0.75294
1731053584.473606586 60.06511 -46.25408 -1.27831 -0.06144 -0.11334 -0.64990 0.74901
1731053584.483606577 60.05522 -46.25916 -1.29202 -0.06052 -0.10594 -0.65548 0.74529
1731053584.493606567 60.04598 -46.26382 -1.30654 -0.05914 -0.09783 -0.66079 0.74182
1731053584.503606319 60.03765 -46.26773 -1.32204 -0.05740 -0.08919 -0.66576 0.73859
1731053584.513606548 60.03051 -46.27049 -1.33870 -0.05543 -0.08025 -0.67036 0.73560
1731053584.523606539 60.02481 -46.27176 -1.35669 -0.05336 -0.07125 -0.67454 0.73285
1731053584.533606529 60.02033 -46.27183 -1.37580 -0.05112 -0.06208 -0.67830 0.73038
1731053584.543606281 60.01649 -46.27141 -1.39555 -0.04853 -0.05243 -0.68161 0.72822
1731053584.553606510 60.01274 -46.27122 -1.41546 -0.04542 -0.04200 -0.68446 0.72642
1731053584.563606739 60.00883 -46.27155 -1.43531 -0.04177 -0.03070 -0.68680 0.72499
1731053584.573606491 60.00503 -46.27209 -1.45520 -0.03779 -0.01876 -0.68854 0.72397
1731053584.583606482 60.00162 -46.27246 -1.47529 -0.03371 -0.00646 -0.68961 0.72337
1731053584.593606472 59.99884 -46.27237 -1.49569 -0.02974 0.00595 -0.68994 0.72323
1731053584.603606701 59.99668 -46.27192 -1.51626 -0.02587 0.01824 -0.68957 0.72353
1731053584.613606453 59.99507 -46.27129 -1.53683 -0.02206 0.03018 -0.68854 0.72423
1731053584.623606443 59.99394 -46.27065 -1.55724 -0.01828 0.04157 -0.68691 0.72532
1731053584.633606434 59.99338 -46.26979 -1.57741 -0.01456 0.05229 -0.68470 0.72680
1731053584.643606663 59.99354 -46.26830 -1.59733 -0.01099 0.06229 -0.68189 0.72872
1731053584.653606415 59.99459 -46.26577 -1.61698 -0.00765 0.07152 -0.67848 0.73109
1731053584.663606405 59.99657 -46.26203 -1.63638 -0.00449 0.08006 -0.67447 0.73394
1731053584.673606396 59.99941 -46.25732 -1.65557 -0.00133 0.08817 -0.66990 0.73720
1731053584.683606625 60.00299 -46.25189 -1.67461 0.00207 0.09615 -0.66480 0.74081
1731053584.693606615 60.00722 -46.24596 -1.69352 0.00589 0.10423 -0.65918 0.74470
1731053584.703606367 60.01210 -46.23961 -1.71219 0.01023 0.11240 -0.65307 0.74884
1731053584.713606596 60.01764 -46.23283 -1.73049 0.01516 0.12062 -0.64647 0.75319
1731053584.723606586 60.02393 -46.22557 -1.74795 0.02058 0.12890 -0.63937 0.75774
1731053584.733606577 60.03119 -46.21771 -1.76380 0.02626 0.13733 -0.63170 0.76250
1731053584.743606329 60.03951 -46.20918 -1.77763 0.03200 0.14594 -0.62344 0.76746
1731053584.753606558 60.04862 -46.20014 -1.79051 0.03772 0.15461 -0.61458 0.77263
1731053584.763606548 60.05813 -46.19083 -1.80386 0.04337 0.16314 -0.60515 0.77801
1731053584.773606539 60.06793 -46.18133 -1.81800 0.04903 0.17137 -0.59519 0.78357
1731053584.783606291 60.07813 -46.17157 -1.83221 0.05490 0.17915 -0.58473 0.78930
1731053584.793606520 60.08885 -46.16150 -1.84582 0.06113 0.18635 -0.57382 0.79515
1731053584.803606749 60.10009 -46.15108 -1.85866 0.06762 0.19297 -0.56244 0.80115
1731053584.813606501 60.11182 -46.14031 -1.87068 0.07422 0.19900 -0.55059 0.80730
1731053584.823606491 60.12401 -46.12892 -1.88178 0.08085 0.20445 -0.53830 0.81357
1731053584.833606482 60.13662 -46.11637 -1.89181 0.08749 0.20928 -0.52564 0.81991
1731053584.843606710 60.14961 -46.10242 -1.90066 0.09415 0.21350 -0.51270 0.82625
1731053584.853606462 60.16291 -46.08803 -1.90842 0.10092 0.21723 -0.49944 0.83258
1731053584.863606453 60.17644 -46.07439 -1.91525 0.10787 0.22056 -0.48583 0.83886
1731053584.873606443 60.19015 -46.06186 -1.92113 0.11494 0.22336 -0.47189 0.84511
1731053584.883606672 60.20408 -46.04995 -1.92589 0.12193 0.22523 -0.45771 0.85141
1731053584.893606424 60.21821 -46.03825 -1.92937 0.12861 0.22587 -0.44338 0.85782
1731053584.903606415 60.23254 -46.02674 -1.93162 0.13470 0.22529 -0.42894 0.86435
1731053584.913606405 60.24702 -46.01545 -1.93266 0.13996 0.22362 -0.41443 0.87101
1731053584.923606634 60.26162 -46.00400 -1.93204 0.14442 0.22092 -0.39990 0.87774
1731053584.933606625 60.27626 -45.99150 -1.92879 0.14845 0.21724 -0.38538 0.88445
1731053584.943606377 60.29091 -45.97752 -1.92238 0.15235 0.21261 -0.37095 0.89106
1731053584.953606606 60.30561 -45.96348 -1.91411 0.15627 0.20708 -0.35661 0.89751
1731053584.963606596 60.32042 -45.95120 -1.90570 0.16033 0.20071 -0.34237 0.90377
1731053584.973606586 60.33535 -45.94120 -1.89758 0.16422 0.19345 -0.32831 0.90984
1731053584.983606339 60.35031 -45.93267 -1.88887 0.16732 0.18518 -0.31457 0.91584
1731053584.993606567 60.36522 -45.92491 -1.87886 0.16923 0.17589 -0.30124 0.92178
1731053585.003606558 60.38001 -45.91780 -1.86749 0.17059 0.16614 -0.28831 0.92746
1731053585.013606548 60.39460 -45.91138 -1.85491 0.17228 0.15661 -0.27571 0.93262
1731053585.023606300 60.40895 -45.90516 -1.84093 0.17450 0.14714 -0.26350 0.93727
1731053585.033606529 60.42307 -45.89822 -1.82501 0.17674 0.13674 -0.25186 0.94161
1731053585.043606520 60.43692 -45.89005 -1.80690 0.17848 0.12464 -0.24093 0.94581
1731053585.053606510 60.45028 -45.88217 -1.78729 0.17927 0.11104 -0.23077 0.94988
1731053585.063606262 60.46289 -45.87651 -1.76713 0.17875 0.09639 -0.22143 0.95380
1731053585.073606491 60.47465 -45.87361 -1.74682 0.17721 0.08141 -0.21280 0.95744
1731053585.083606720 60.48556 -45.87255 -1.72622 0.17564 0.06708 -0.20463 0.96061
1731053585.093606472 60.49565 -45.87254 -1.70520 0.17478 0.05405 -0.19676 0.96323
1731053585.103606462 60.50485 -45.87340 -1.68366 0.17444 0.04171 -0.18934 0.96539
1731053585.113606453 60.51307 -45.87512 -1.66153 0.17417 0.02912 -0.18259 0.96720
1731053585.123606682 60.52006 -45.87758 -1.63908 0.17350 0.01586 -0.17666 0.96873
1731053585.133606434 60.52540 -45.88061 -1.61690 0.17202 0.00199 -0.17166 0.97002
1731053585.143606424 60.52889 -45.88411 -1.59540 0.16953 -0.01227 -0.16763 0.97109
1731053585.153606415 60.53114 -45.88823 -1.57404 0.16675 -0.02623 -0.16434 0.97185
1731053585.163606644 60.53294 -45.89322 -1.55213 0.16461 -0.03915 -0.16151 0.97226
1731053585.173606396 60.53446 -45.89912 -1.52944 0.16317 -0.05128 -0.15913 0.97233
1731053585.183606386 60.53521 -45.90576 -1.50623 0.16161 -0.06389 -0.15747 0.97211
1731053585.193606615 60.53475 -45.91300 -1.48280 0.15928 -0.07791 -0.15671 0.97160
1731053585.203606606 60.53309 -45.92080 -1.45954 0.15629 -0.09274 -0.15678 0.97077
1731053585.213606596 60.53029 -45.92914 -1.43682 0.15294 -0.10741 -0.15753 0.96967
1731053585.223606348 60.52645 -45.93800 -1.41500 0.14955 -0.12102 -0.15885 0.96838
1731053585.233606577 60.52162 -45.94732 -1.39404 0.14626 -0.13348 -0.16073 0.96693
1731053585.243606567 60.51585 -45.95702 -1.37361 0.14310 -0.14521 -0.16319 0.96530
1731053585.253606558 60.50921 -45.96700 -1.35340 0.14008 -0.15666 -0.16626 0.96343
1731053585.263606310 60.50170 -45.97721 -1.33330 0.13716 -0.16818 -0.16999 0.96125
1731053585.273606539 60.49333 -45.98765 -1.31351 0.13417 -0.17999 -0.17440 0.95874
1731053585.283606529 60.48407 -45.99832 -1.29427 0.13095 -0.19228 -0.17952 0.95585
1731053585.293606520 60.47395 -46.00919 -1.27574 0.12738 -0.20518 -0.18535 0.95253
1731053585.303606272 60.46309 -46.02015 -1.25783 0.12353 -0.21842 -0.19181 0.94881
1731053585.313606501 60.45164 -46.03108 -1.24039 0.11956 -0.23162 -0.19881 0.94474
1731053585.323606730 60.43976 -46.04184 -1.22328 0.11559 -0.24444 -0.20625 0.94040
1731053585.333606482 60.42745 -46.05253 -1.20669 0.11158 -0.25667 -0.21413 0.93585
1731053585.343606472 60.41461 -46.06336 -1.19100 0.10738 -0.26818 -0.22246 0.93116
1731053585.353606462 60.40114 -46.07453 -1.17658 0.10285 -0.27883 -0.23127 0.92638
1731053585.363606691 60.38705 -46.08613 -1.16360 0.09791 -0.28860 -0.24058 0.92154
1731053585.373606443 60.37245 -46.09809 -1.15190 0.09258 -0.29759 -0.25040 0.91661
1731053585.383606434 60.35746 -46.11030 -1.14128 0.08689 -0.30593 -0.26075 0.91152
1731053585.393606424 60.34220 -46.12267 -1.13156 0.08092 -0.31368 -0.27161 0.90625
1731053585.403606653 60.32670 -46.13516 -1.12272 0.07480 -0.32061 -0.28296 0.90086
1731053585.413606405 60.31100 -46.14773 -1.11472 0.06872 -0.32646 -0.29477 0.89544
1731053585.423606396 60.29543 -46.16023 -1.10738 0.06276 -0.33119 -0.30701 0.89001
1731053585.433606625 60.28062 -46.17236 -1.10033 0.05693 -0.33503 -0.31968 0.88449
1731053585.443606615 60.26690 -46.18398 -1.09338 0.05124 -0.33814 -0.33275 0.87881
1731053585.453606606 60.25338 -46.19543 -1.08706 0.04560 -0.34052 -0.34618 0.87300
1731053585.463606358 60.23889 -46.20716 -1.08202 0.03994 -0.34212 -0.35991 0.86708
1731053585.473606586 60.22315 -46.21930 -1.07848 0.03429 -0.34290 -0.37387 0.86108
1731053585.483606577 60.20674 -46.23166 -1.07614 0.02880 -0.34288 -0.38800 0.85502
1731053585.493606567 60.19016 -46.24405 -1.07477 0.02358 -0.34209 -0.40223 0.84890
1731053585.503606319 60.17352 -46.25640 -1.07428 0.01862 -0.34066 -0.41655 0.84267
1731053585.513606548 60.15679 -46.26870 -1.07464 0.01383 -0.33871 -0.43094 0.83629
1731053585.523606539 60.14049 -46.28076 -1.07637 0.00924 -0.33619 -0.44541 0.82976
1731053585.533606529 60.12558 -46.29231 -1.08047 0.00493 -0.33291 -0.45997 0.82315
1731053585.543606281 60.11261 -46.30320 -1.08748 0.00097 -0.32870 -0.47460 0.81652
1731053585.553606510 60.10019 -46.31389 -1.09599 -0.00265 -0.32352 -0.48927 0.80991
1731053585.563606739 60.08651 -46.32498 -1.10414 -0.00596 -0.31737 -0.50393 0.80330
1731053585.573606491 60.07111 -46.33663 -1.11145 -0.00892 -0.31023 -0.51853 0.79674
1731053585.583606482 60.05486 -46.34849 -1.11877 -0.01144 -0.30207 -0.53302 0.79026
1731053585.593606472 60.03851 -46.36029 -1.12690 -0.01343 -0.29287 -0.54735 0.78387
1731053585.603606701 60.02224 -46.37196 -1.13600 -0.01480 -0.28269 -0.56142 0.77761
1731053585.613606453 60.00608 -46.38350 -1.14605 -0.01545 -0.27163 -0.57514 0.77149
1731053585.623606443 59.98976 -46.39516 -1.15656 -0.01533 -0.25980 -0.58846 0.76550
1731053585.633606434 59.97280 -46.40744 -1.16654 -0.01437 -0.24731 -0.60136 0.75960
1731053585.643606663 59.95494 -46.42060 -1.17546 -0.01259 -0.23428 -0.61382 0.75378
1731053585.653606415 59.93700 -46.43381 -1.18469 -0.01021 -0.22080 -0.62583 0.74798
1731053585.663606405 59.92004 -46.44601 -1.19601 -0.00747 -0.20695 -0.63740 0.74218
1731053585.673606396 59.90435 -46.45689 -1.20988 -0.00447 -0.19286 -0.64850 0.73637
1731053585.683606625 59.88947 -46.46693 -1.22546 -0.00110 -0.17867 -0.65908 0.73054
1731053585.693606615 59.87509 -46.47648 -1.24198 0.00270 -0.16451 -0.66912 0.72471
1731053585.703606367 59.86149 -46.48533 -1.25931 0.00680 -0.15033 -0.67858 0.71895
1731053585.713606596 59.84912 -46.49316 -1.27746 0.01106 -0.13607 -0.68741 0.71332
1731053585.723606586 59.83835 -46.49964 -1.29644 0.01534 -0.12166 -0.69559 0.70790
1731053585.733606577 59.82888 -46.50500 -1.31617 0.01953 -0.10713 -0.70311 0.70270
1731053585.743606329 59.82000 -46.50976 -1.33650 0.02355 -0.09255 -0.71000 0.69769
1731053585.753606558 59.81097 -46.51445 -1.35729 0.02732 -0.07801 -0.71630 0.69288
1731053585.763606548 59.80147 -46.51932 -1.37845 0.03089 -0.06352 -0.72201 0.68827
1731053585.773606539 59.79184 -46.52416 -1.39996 0.03443 -0.04899 -0.72714 0.68387
1731053585.783606291 59.78244 -46.52873 -1.42180 0.03814 -0.03429 -0.73169 0.67971
1731053585.793606520 59.77362 -46.53275 -1.44395 0.04213 -0.01939 -0.73563 0.67580
1731053585.803606749 59.76552 -46.53591 -1.46624 0.04606 -0.00438 -0.73896 0.67216
1731053585.813606501 59.75826 -46.53785 -1.48847 0.04948 0.01056 -0.74169 0.66883
1731053585.823606491 59.75192 -46.53826 -1.51049 0.05203 0.02529 -0.74382 0.66587
1731053585.833606482 59.74648 -46.53739 -1.53231 0.05375 0.03972 -0.74533 0.66334
1731053585.843606710 59.74182 -46.53586 -1.55407 0.05504 0.05377 -0.74615 0.66131
1731053585.853606462 59.73783 -46.53429 -1.57593 0.05627 0.06740 -0.74624 0.65986
1731053585.863606453 59.73447 -46.53294 -1.59794 0.05770 0.08069 -0.74558 0.65900
1731053585.873606443 59.73178 -46.53160 -1.62001 0.05939 0.09388 -0.74421 0.65865
1731053585.883606672 59.72982 -46.52997 -1.64202 0.06140 0.10726 -0.74217 0.65871
1731053585.893606424 59.72865 -46.52782 -1.66388 0.06375 0.12105 -0.73951 0.65910
1731053585.903606415 59.72828 -46.52512 -1.68560 0.06640 0.13521 -0.73619 0.65980
1731053585.913606405 59.72869 -46.52188 -1.70715 0.06929 0.14967 -0.73220 0.66082
1731053585.923606634 59.73000 -46.51804 -1.72830 0.07253 0.16429 -0.72752 0.66217
1731053585.933606625 59.73242 -46.51351 -1.74852 0.07638 0.17887 -0.72213 0.66385
1731053585.943606377 59.73606 -46.50824 -1.76752 0.08102 0.19327 -0.71603 0.66587
1731053585.953606606 59.74063 -46.50235 -1.78596 0.08630 0.20744 -0.70921 0.66824
1731053585.963606596 59.74574 -46.49605 -1.80468 0.09199 0.22141 -0.70165 0.67097
1731053585.973606586 59.75128 -46.48941 -1.82384 0.09776 0.23517 -0.69337 0.67407
1731053585.983606339 59.75744 -46.48239 -1.84288 0.10321 0.24865 -0.68439 0.67759
1731053585.993606567 59.76434 -46.47497 -1.86133 0.10804 0.26180 -0.67473 0.68156
1731053586.003606558 59.77201 -46.46713 -1.87912 0.11246 0.27452 -0.66441 0.68596
1731053586.013606548 59.78039 -46.45888 -1.89627 0.11679 0.28673 -0.65344 0.69077
1731053586.023606300 59.78948 -46.45011 -1.91266 0.12127 0.29827 -0.64183 0.69597
1731053586.033606529 59.79926 -46.44065 -1.92800 0.12600 0.30898 -0.62967 0.70155
1731053586.043606520 59.80972 -46.43045 -1.94211 0.13098 0.31877 -0.61701 0.70748
1731053586.053606510 59.82086 -46.41981 -1.95521 0.13570 0.32781 -0.60386 0.71378
1731053586.063606262 59.83267 -46.40915 -1.96761 0.13953 0.33634 -0.59018 0.72048
1731053586.073606491 59.84511 -46.39864 -1.97943 0.14262 0.34442 -0.57605 0.72747
1731053586.083606720 59.85812 -46.38819 -1.99053 0.14583 0.35191 -0.56157 0.73453
1731053586.093606472 59.87163 -46.37772 -2.00082 0.14984 0.35869 -0.54684 0.74152
1731053586.103606462 59.88568 -46.36725 -2.01016 0.15419 0.36450 -0.53189 0.74863
1731053586.113606453 59.90029 -46.35678 -2.01842 0.15823 0.36909 -0.51672 0.75613
1731053586.123606682 59.91544 -46.34600 -2.02495 0.16162 0.37243 -0.50135 0.76408
1731053586.133606434 59.93107 -46.33424 -2.02858 0.16435 0.37472 -0.48584 0.77236
1731053586.143606424 59.94712 -46.32118 -2.02874 0.16655 0.37615 -0.47024 0.78080
1731053586.153606415 59.96351 -46.30791 -2.02722 0.16868 0.37682 -0.45462 0.78922
1731053586.163606644 59.98018 -46.29583 -2.02633 0.17126 0.37681 -0.43906 0.79744
1731053586.173606396 59.99707 -46.28533 -2.02665 0.17431 0.37597 -0.42364 0.80548
1731053586.183606386 60.01418 -46.27585 -2.02703 0.17730 0.37390 -0.40843 0.81360
1731053586.193606615 60.03149 -46.26685 -2.02644 0.17984 0.37033 -0.39349 0.82200
1731053586.203606606 60.04898 -46.25825 -2.02467 0.18193 0.36557 -0.37879 0.83053
1731053586.213606596 60.06662 -46.25005 -2.02173 0.18370 0.36003 -0.36432 0.83899
1731053586.223606348 60.08401 -46.24171 -2.01726 0.18515 0.35371 -0.35016 0.84734
1731053586.233606577 60.10043 -46.23212 -2.01057 0.18614 0.34624 -0.33652 0.85570
1731053586.243606567 60.11544 -46.22073 -2.00132 0.18662 0.33731 -0.32357 0.86412
1731053586.253606558 60.12993 -46.20923 -1.99051 0.18680 0.32716 -0.31128 0.87246
1731053586.263606310 60.14506 -46.19983 -1.97949 0.18702 0.31612 -0.29958 0.88054
1731053586.273606539 60.16110 -46.19314 -1.96860 0.18720 0.30428 -0.28846 0.88835
1731053586.283606529 60.17744 -46.18819 -1.95722 0.18688 0.29150 -0.27792 0.89603
1731053586.293606520 60.19352 -46.18413 -1.94480 0.18580 0.27768 -0.26797 0.90364
1731053586.303606272 60.20916 -46.18075 -1.93132 0.18432 0.26311 -0.25861 0.91100
1731053586.313606501 60.22427 -46.17802 -1.91684 0.18302 0.24815 -0.24985 0.91788
1731053586.323606730 60.23884 -46.17519 -1.90152 0.18198 0.23288 -0.24169 0.92425
1731053586.333606482 60.25294 -46.17087 -1.88562 0.18087 0.21712 -0.23415 0.93022
1731053586.343606472 60.26657 -46.16430 -1.86925 0.17936 0.20073 -0.22722 0.93590
1731053586.353606462 60.27954 -46.15753 -1.85206 0.17732 0.18396 -0.22083 0.94125
1731053586.363606691 60.29162 -46.15319 -1.83359 0.17470 0.16710 -0.21490 0.94624
1731053586.373606443 60.30272 -46.15198 -1.81379 0.17150 0.15017 -0.20942 0.95088
1731053586.383606434 60.31289 -46.15260 -1.79301 0.16785 0.13294 -0.20438 0.95519
1731053586.393606424 60.32216 -46.15392 -1.77160 0.16387 0.11522 -0.19978 0.95914
1731053586.403606653 60.33051 -46.15570 -1.74963 0.15976 0.09720 -0.19554 0.96270
1731053586.413606405 60.33791 -46.15793 -1.72715 0.15568 0.07914 -0.19157 0.96582
1731053586.423606396 60.34426 -46.16090 -1.70402 0.15139 0.06089 -0.18787 0.96854
1731053586.433606625 60.34942 -46.16513 -1.67994 0.14619 0.04191 -0.18459 0.97098
1731053586.443606615 60.35329 -46.17090 -1.65477 0.13961 0.02185 -0.18182 0.97313
1731053586.453606606 60.35601 -46.17731 -1.62909 0.13218 0.00130 -0.17958 0.97482
1731053586.463606358 60.35778 -46.18322 -1.60362 0.12470 -0.01896 -0.17784 0.97594
1731053586.473606586 60.35864 -46.18831 -1.57865 0.11758 -0.03851 -0.17661 0.97647
1731053586.483606577 60.35854 -46.19310 -1.55405 0.11080 -0.05735 -0.17585 0.97648
1731053586.493606567 60.35745 -46.19801 -1.52973 0.10428 -0.07552 -0.17554 0.97602
1731053586.503606319 60.35551 -46.20282 -1.50580 0.09780 -0.09323 -0.17578 0.97511
1731053586.513606548 60.35287 -46.20719 -1.48245 0.09107 -0.11072 -0.17667 0.97377
1731053586.523606539 60.34970 -46.21081 -1.45983 0.08385 -0.12821 -0.17832 0.97197
1731053586.533606529 60.34586 -46.21392 -1.43786 0.07616 -0.14572 -0.18071 0.96970
1731053586.543606281 60.34104 -46.21714 -1.41631 0.06822 -0.16311 -0.18373 0.96695
1731053586.553606510 60.33493 -46.22108 -1.39497 0.06024 -0.18028 -0.18730 0.96374
1731053586.563606739 60.32742 -46.22600 -1.37375 0.05237 -0.19719 -0.19135 0.96008
1731053586.573606491 60.31873 -46.23165 -1.35282 0.04459 -0.21391 -0.19586 0.95598
1731053586.583606482 60.30909 -46.23771 -1.33238 0.03689 -0.23053 -0.20080 0.95141
1731053586.593606472 60.29871 -46.24400 -1.31255 0.02926 -0.24710 -0.20617 0.94635
1731053586.603606701 60.28770 -46.25080 -1.29329 0.02168 -0.26349 -0.21196 0.94084
1731053586.613606453 60.27613 -46.25854 -1.27451 0.01411 -0.27952 -0.21822 0.93491
1731053586.623606443 60.26407 -46.26755 -1.25614 0.00655 -0.29504 -0.22496 0.92860
1731053586.633606434 60.25159 -46.27755 -1.23832 -0.00096 -0.30984 -0.23220 0.92200
1731053586.643606663 60.23874 -46.28783 -1.22137 -0.00832 -0.32375 -0.23995 0.91517
1731053586.653606415 60.22557 -46.29769 -1.20557 -0.01544 -0.33657 -0.24820 0.90823
1731053586.663606405 60.21212 -46.30682 -1.19107 -0.02220 -0.34822 -0.25695 0.90124
1731053586.673606396 60.19835 -46.31552 -1.17770 -0.02855 -0.35880 -0.26619 0.89420
1731053586.683606625 60.18423 -46.32416 -1.16530 -0.03440 -0.36843 -0.27590 0.88710
1731053586.693606615 60.16974 -46.33303 -1.15373 -0.03968 -0.37718 -0.28605 0.87997
1731053586.703606367 60.15495 -46.34222 -1.14298 -0.04438 -0.38493 -0.29662 0.87285
1731053586.713606596 60.13990 -46.35173 -1.13306 -0.04849 -0.39158 -0.30761 0.86584
1731053586.723606586 60.12465 -46.36123 -1.12378 -0.05197 -0.39715 -0.31899 0.85897
1731053586.733606577 60.10925 -46.37007 -1.11479 -0.05480 -0.40182 -0.33068 0.85217
1731053586.743606329 60.09374 -46.37789 -1.10589 -0.05698 -0.40582 -0.34264 0.84538
1731053586.753606558 60.07804 -46.38556 -1.09757 -0.05877 -0.40936 -0.35490 0.83846
1731053586.763606548 60.06206 -46.39424 -1.09052 -0.06050 -0.41264 -0.36747 0.83128
1731053586.773606539 60.04579 -46.40422 -1.08494 -0.06228 -0.41572 -0.38034 0.82380
1731053586.783606291 60.02930 -46.41489 -1.08051 -0.06401 -0.41842 -0.39348 0.81609
1731053586.793606520 60.01266 -46.42570 -1.07698 -0.06564 -0.42062 -0.40684 0.80824
1731053586.803606749 59.99589 -46.43655 -1.07431 -0.06719 -0.42217 -0.42043 0.80031
1731053586.813606501 59.97903 -46.44743 -1.07249 -0.06870 -0.42296 -0.43430 0.79232
1731053586.823606491 59.96239 -46.45850 -1.07134 -0.07013 -0.42290 -0.44838 0.78435
1731053586.833606482 59.94654 -46.47004 -1.07047 -0.07137 -0.42197 -0.46256 0.77646
1731053586.843606710 59.93179 -46.48219 -1.06968 -0.07230 -0.42017 -0.47674 0.76873
1731053586.853606462 59.91737 -46.49448 -1.06957 -0.07291 -0.41755 -0.49087 0.76117
1731053586.863606453 59.90226 -46.50633 -1.07090 -0.07317 -0.41416 -0.50490 0.75379
1731053586.873606443 59.88618 -46.51755 -1.07386 -0.07308 -0.41002 -0.51881 0.74658
1731053586.883606672 59.86961 -46.52839 -1.07810 -0.07263 -0.40515 -0.53259 0.73954
1731053586.893606424 59.85295 -46.53908 -1.08331 -0.07184 -0.39955 -0.54624 0.73268
1731053586.903606415 59.83632 -46.54964 -1.08942 -0.07077 -0.39332 -0.55970 0.72597
1731053586.913606405 59.81974 -46.56007 -1.09640 -0.06950 -0.38652 -0.57294 0.71938
1731053586.923606634 59.80333 -46.57033 -1.10416 -0.06799 -0.37916 -0.58593 0.71296
1731053586.933606625 59.78728 -46.58038 -1.11255 -0.06604 -0.37109 -0.59864 0.70680
1731053586.943606377 59.77173 -46.59019 -1.12149 -0.06351 -0.36222 -0.61108 0.70096
1731053586.953606606 59.75644 -46.59979 -1.13123 -0.06052 -0.35260 -0.62327 0.69538
1731053586.963606596 59.74114 -46.60923 -1.14208 -0.05723 -0.34233 -0.63522 0.68995
1731053586.973606586 59.72578 -46.61851 -1.15412 -0.05373 -0.33147 -0.64689 0.68467
1731053586.983606339 59.71054 -46.62755 -1.16715 -0.05007 -0.32008 -0.65818 0.67959
1731053586.993606567 59.69570 -46.63624 -1.18104 -0.04623 -0.30821 -0.66901 0.67476
1731053587.003606558 59.68179 -46.64443 -1.19592 -0.04213 -0.29577 -0.67936 0.67024
1731053587.013606548 59.66943 -46.65191 -1.21196 -0.03763 -0.28267 -0.68925 0.66605
1731053587.023606300 59.65914 -46.65852 -1.22933 -0.03262 -0.26884 -0.69866 0.66222
1731053587.033606529 59.65049 -46.66441 -1.24781 -0.02723 -0.25427 -0.70762 0.65869
1731053587.043606520 59.64241 -46.66991 -1.26696 -0.02171 -0.23903 -0.71616 0.65536
1731053587.053606510 59.63383 -46.67537 -1.28633 -0.01630 -0.22320 -0.72432 0.65213
1731053587.063606262 59.62431 -46.68093 -1.30572 -0.01110 -0.20679 -0.73209 0.64896
1731053587.073606491 59.61429 -46.68644 -1.32531 -0.00594 -0.18975 -0.73943 0.64592
1731053587.083606720 59.60433 -46.69173 -1.34531 -0.00062 -0.17200 -0.74626 0.64305
1731053587.093606472 59.59487 -46.69663 -1.36590 0.00500 -0.15354 -0.75251 0.64041
1731053587.103606462 59.58592 -46.70107 -1.38714 0.01076 -0.13470 -0.75812 0.63796
1731053587.113606453 59.57739 -46.70497 -1.40905 0.01642 -0.11587 -0.76303 0.63568
1731053587.123606682 59.56918 -46.70827 -1.43165 0.02180 -0.09742 -0.76721 0.63357
1731053587.133606434 59.56141 -46.71096 -1.45471 0.02694 -0.07930 -0.77067 0.63170
1731053587.143606424 59.55429 -46.71303 -1.47789 0.03203 -0.06117 -0.77337 0.63018
1731053587.153606415 59.54804 -46.71449 -1.50082 0.03729 -0.04267 -0.77527 0.62908
1731053587.163606644 59.54276 -46.71536 -1.52335 0.04273 -0.02381 -0.77632 0.62844
1731053587.173606396 59.53835 -46.71562 -1.54558 0.04809 -0.00506 -0.77655 0.62820
1731053587.183606386 59.53469 -46.71525 -1.56765 0.05311 0.01302 -0.77600 0.62836
1731053587.193606615 59.53169 -46.71425 -1.58965 0.05758 0.03004 -0.77474 0.62893
1731053587.203606606 59.52936 -46.71265 -1.61148 0.06153 0.04614 -0.77282 0.62995
1731053587.213606596 59.52773 -46.71047 -1.63297 0.06508 0.06161 -0.77024 0.63143
1731053587.223606348 59.52694 -46.70743 -1.65414 0.06834 0.07652 -0.76698 0.63341
1731053587.233606577 59.52717 -46.70298 -1.67518 0.07144 0.09071 -0.76305 0.63594
1731053587.243606567 59.52853 -46.69684 -1.69620 0.07452 0.10408 -0.75845 0.63903
1731053587.253606558 59.53071 -46.68989 -1.71695 0.07770 0.11677 -0.75327 0.64258
1731053587.263606310 59.53329 -46.68329 -1.73714 0.08107 0.12898 -0.74758 0.64646
1731053587.273606539 59.53617 -46.67734 -1.75665 0.08471 0.14089 -0.74140 0.65061
1731053587.283606529 59.53955 -46.67156 -1.77560 0.08865 0.15267 -0.73470 0.65502
1731053587.293606520 59.54360 -46.66549 -1.79408 0.09297 0.16445 -0.72742 0.65968
1731053587.303606272 59.54835 -46.65902 -1.81210 0.09781 0.17612 -0.71959 0.66453
1731053587.313606501 59.55379 -46.65214 -1.82958 0.10338 0.18754 -0.71127 0.66950
1731053587.323606730 59.55989 -46.64471 -1.84622 0.10950 0.19865 -0.70247 0.67460
1731053587.333606482 59.56666 -46.63647 -1.86145 0.11565 0.20945 -0.69317 0.67990
1731053587.343606472 59.57409 -46.62733 -1.87492 0.12143 0.21997 -0.68338 0.68546
1731053587.353606462 59.58212 -46.61776 -1.88740 0.12703 0.23022 -0.67317 0.69116
1731053587.363606691 59.59073 -46.60838 -1.89985 0.13276 0.24024 -0.66261 0.69686
1731053587.373606443 59.59987 -46.59938 -1.91251 0.13873 0.24994 -0.65174 0.70251
1731053587.383606434 59.60952 -46.59055 -1.92486 0.14482 0.25918 -0.64057 0.70818
1731053587.393606424 59.61966 -46.58170 -1.93644 0.15091 0.26781 -0.62915 0.71392
1731053587.403606653 59.63022 -46.57288 -1.94711 0.15683 0.27576 -0.61753 0.71973
1731053587.413606405 59.64113 -46.56416 -1.95681 0.16239 0.28298 -0.60583 0.72562
1731053587.423606396 59.65222 -46.55570 -1.96529 0.16752 0.28935 -0.59414 0.73158
1731053587.433606625 59.66320 -46.54773 -1.97205 0.17224 0.29464 -0.58257 0.73765
1731053587.443606615 59.67391 -46.54039 -1.97683 0.17661 0.29871 -0.57121 0.74384
1731053587.453606606 59.68468 -46.53350 -1.98030 0.18077 0.30162 -0.56006 0.75012
1731053587.463606358 59.69594 -46.52681 -1.98332 0.18487 0.30351 -0.54907 0.75645
1731053587.473606586 59.70782 -46.52031 -1.98609 0.18874 0.30430 -0.53832 0.76289
1731053587.483606577 59.72007 -46.51425 -1.98814 0.19186 0.30372 -0.52793 0.76957
1731053587.493606567 59.73249 -46.50884 -1.98906 0.19386 0.30158 -0.51803 0.77661
1731053587.503606319 59.74497 -46.50409 -1.98887 0.19499 0.29804 -0.50859 0.78390
1731053587.513606548 59.75743 -46.49996 -1.98771 0.19566 0.29332 -0.49955 0.79128
1731053587.523606539 59.76994 -46.49590 -1.98563 0.19611 0.28762 -0.49087 0.79866
1731053587.533606529 59.78270 -46.49088 -1.98265 0.19639 0.28105 -0.48255 0.80597
1731053587.543606281 59.79581 -46.48435 -1.97876 0.19649 0.27374 -0.47454 0.81319
1731053587.553606510 59.80894 -46.47770 -1.97398 0.19623 0.26582 -0.46678 0.82033
1731053587.563606739 59.82163 -46.47273 -1.96831 0.19538 0.25742 -0.45920 0.82747
1731053587.573606491 59.83372 -46.46989 -1.96188 0.19387 0.24862 -0.45177 0.83457
1731053587.583606482 59.84528 -46.46824 -1.95487 0.19183 0.23950 -0.44452 0.84157
1731053587.593606472 59.85640 -46.46701 -1.94745 0.18937 0.23014 -0.43749 0.84840
1731053587.603606701 59.86706 -46.46620 -1.93957 0.18661 0.22056 -0.43069 0.85501
1731053587.613606453 59.87723 -46.46604 -1.93116 0.18370 0.21077 -0.42414 0.86135
1731053587.623606443 59.88689 -46.46669 -1.92214 0.18075 0.20081 -0.41788 0.86740
1731053587.633606434 59.89607 -46.46798 -1.91265 0.17780 0.19079 -0.41191 0.87310
1731053587.643606663 59.90483 -46.46945 -1.90295 0.17482 0.18089 -0.40628 0.87844
1731053587.653606415 59.91323 -46.47067 -1.89329 0.17179 0.17128 -0.40102 0.88336
1731053587.663606405 59.92128 -46.47144 -1.88385 0.16878 0.16209 -0.39615 0.88787
1731053587.673606396 59.92894 -46.47198 -1.87460 0.16599 0.15333 -0.39168 0.89192
1731053587.683606625 59.93617 -46.47253 -1.86553 0.16361 0.14501 -0.38763 0.89551
1731053587.693606615 59.94293 -46.47321 -1.85658 0.16185 0.13717 -0.38400 0.89863
1731053587.703606367 59.94930 -46.47377 -1.84767 0.16074 0.12988 -0.38073 0.90130
1731053587.713606596 59.95540 -46.47381 -1.83867 0.16033 0.12325 -0.37777 0.90355
1731053587.723606586 59.96131 -46.47301 -1.82948 0.16061 0.11735 -0.37505 0.90541
1731053587.733606577 59.96694 -46.47165 -1.82015 0.16137 0.11203 -0.37257 0.90697
1731053587.743606329 59.97208 -46.47037 -1.81086 0.16220 0.10698 -0.37036 0.90834
1731053587.753606558 59.97652 -46.46985 -1.80178 0.16274 0.10190 -0.36844 0.90961
1731053587.763606548 59.98016 -46.47035 -1.79299 0.16277 0.09662 -0.36681 0.91083
1731053587.773606539 59.98311 -46.47162 -1.78439 0.16238 0.09116 -0.36543 0.91202
1731053587.783606291 59.98548 -46.47329 -1.77590 0.16169 0.08557 -0.36423 0.91316
1731053587.793606520 59.98738 -46.47505 -1.76741 0.16077 0.07988 -0.36320 0.91426
1731053587.803606749 59.98883 -46.47652 -1.75875 0.15956 0.07402 -0.36229 0.91532
1731053587.813606501 59.98986 -46.47730 -1.74971 0.15800 0.06793 -0.36150 0.91637
1731053587.823606491 59.99049 -46.47709 -1.74012 0.15599 0.06154 -0.36080 0.91744
1731053587.833606482 59.99078 -46.47619 -1.73013 0.15358 0.05487 -0.36019 0.91851
1731053587.843606710 59.99079 -46.47534 -1.72005 0.15085 0.04801 -0.35966 0.91956
1731053587.853606462 59.99061 -46.47525 -1.71023 0.14788 0.04108 -0.35921 0.92055
1731053587.863606453 59.99026 -46.47626 -1.70083 0.14477 0.03412 -0.35882 0.92148
1731053587.873606443 59.98975 -46.47804 -1.69175 0.14155 0.02720 -0.35850 0.92234
1731053587.883606672 59.98907 -46.48025 -1.68287 0.13826 0.02033 -0.35824 0.92311
1731053587.893606424 59.98823 -46.48255 -1.67410 0.13494 0.01356 -0.35805 0.92380
1731053587.903606415 59.98741 -46.48483 -1.66549 0.13159 0.00694 -0.35793 0.92440
1731053587.913606405 59.98678 -46.48701 -1.65710 0.12821 0.00052 -0.35792 0.92491
1731053587.923606634 59.98654 -46.48901 -1.64899 0.12481 -0.00564 -0.35804 0.92531
1731053587.933606625 59.98650 -46.49088 -1.64112 0.12139 -0.01151 -0.35828 0.92562
1731053587.943606377 59.98632 -46.49276 -1.63336 0.11800 -0.01708 -0.35863 0.92583
1731053587.953606606 59.98562 -46.49478 -1.62562 0.11467 -0.02235 -0.35906 0.92597
1731053587.963606596 59.98424 -46.49699 -1.61784 0.11142 -0.02732 -0.35958 0.92603
1731053587.973606586 59.98234 -46.49935 -1.61012 0.10824 -0.03204 -0.36020 0.92602
1731053587.983606339 59.98008 -46.50181 -1.60254 0.10511 -0.03656 -0.36091 0.92593
1731053587.993606567 59.97765 -46.50432 -1.59523 0.10203 -0.04092 -0.36174 0.92577
1731053588.003606558 59.97516 -46.50677 -1.58836 0.09895 -0.04512 -0.36269 0.92554
1731053588.013606548 59.97275 -46.50906 -1.58217 0.09581 -0.04918 -0.36376 0.92525
1731053588.023606300 59.97052 -46.51112 -1.57681 0.09258 -0.05311 -0.36494 0.92489
1731053588.033606529 59.96838 -46.51301 -1.57212 0.08928 -0.05695 -0.36624 0.92448
1731053588.043606520 59.96613 -46.51491 -1.56763 0.08598 -0.06076 -0.36763 0.92400
1731053588.053606510 59.96356 -46.51699 -1.56294 0.08274 -0.06459 -0.36908 0.92345
1731053588.063606262 59.96058 -46.51935 -1.55784 0.07960 -0.06845 -0.37061 0.92284
1731053588.073606491 59.95729 -46.52192 -1.55256 0.07656 -0.07220 -0.37220 0.92217
1731053588.083606720 59.95380 -46.52462 -1.54735 0.07358 -0.07574 -0.37389 0.92144
1731053588.093606472 59.95022 -46.52736 -1.54237 0.07068 -0.07894 -0.37568 0.92067
1731053588.103606462 59.94663 -46.52999 -1.53744 0.06789 -0.08179 -0.37756 0.91986
1731053588.113606453 59.94313 -46.53235 -1.53228 0.06529 -0.08428 -0.37951 0.91902
1731053588.123606682 59.93980 -46.53428 -1.52667 0.06293 -0.08641 -0.38151 0.91816
1731053588.133606434 59.93656 -46.53591 -1.52081 0.06082 -0.08821 -0.38358 0.91727
1731053588.143606424 59.93324 -46.53755 -1.51515 0.05893 -0.08974 -0.38571 0.91635
1731053588.153606415 59.92968 -46.53949 -1.51018 0.05723 -0.09107 -0.38793 0.91539
1731053588.163606644 59.92579 -46.54187 -1.50610 0.05569 -0.09224 -0.39023 0.91439
1731053588.173606396 59.92165 -46.54456 -1.50271 0.05429 -0.09330 -0.39260 0.91335
1731053588.183606386 59.91735 -46.54743 -1.49979 0.05299 -0.09428 -0.39502 0.91228
1731053588.193606615 59.91296 -46.55033 -1.49712 0.05178 -0.09522 -0.39747 0.91119
1731053588.203606606 59.90862 -46.55312 -1.49454 0.05063 -0.09612 -0.39998 0.91006
1731053588.213606596 59.90445 -46.55566 -1.49188 0.04953 -0.09696 -0.40256 0.90890
1731053588.223606348 59.90056 -46.55784 -1.48904 0.04844 -0.09774 -0.40523 0.90768
1731053588.233606577 59.89684 -46.55975 -1.48608 0.04736 -0.09847 -0.40799 0.90642
1731053588.243606567 59.89304 -46.56162 -1.48323 0.04632 -0.09916 -0.41082 0.90512
1731053588.253606558 59.88893 -46.56369 -1.48072 0.04532 -0.09983 -0.41371 0.90378
1731053588.263606310 59.88446 -46.56606 -1.47863 0.04437 -0.10048 -0.41663 0.90241
1731053588.273606539 59.87986 -46.56858 -1.47681 0.04346 -0.10113 -0.41961 0.90101
1731053588.283606529 59.87541 -46.57109 -1.47508 0.04257 -0.10179 -0.42263 0.89956
1731053588.293606520 59.87131 -46.57347 -1.47333 0.04170 -0.10244 -0.42571 0.89807
1731053588.303606272 59.86746 -46.57574 -1.47156 0.04084 -0.10311 -0.42884 0.89655
1731053588.313606501 59.86372 -46.57793 -1.46982 0.04001 -0.10379 -0.43201 0.89498
1731053588.323606730 59.85993 -46.58010 -1.46819 0.03918 -0.10449 -0.43523 0.89338
1731053588.333606482 59.85592 -46.58230 -1.46670 0.03838 -0.10522 -0.43848 0.89174
1731053588.343606472 59.85158 -46.58455 -1.46541 0.03759 -0.10597 -0.44175 0.89006
1731053588.353606462 59.84695 -46.58681 -1.46426 0.03682 -0.10673 -0.44506 0.88836
1731053588.363606691 59.84210 -46.58902 -1.46321 0.03606 -0.10749 -0.44839 0.88662
1731053588.373606443 59.83713 -46.59114 -1.46220 0.03531 -0.10822 -0.45175 0.88485
1731053588.383606434 59.83210 -46.59309 -1.46117 0.03459 -0.10892 -0.45513 0.88306
1731053588.393606424 59.82707 -46.59484 -1.46010 0.03388 -0.10956 -0.45854 0.88125
1731053588.403606653 59.82206 -46.59645 -1.45900 0.03321 -0.11013 -0.46196 0.87941
1731053588.413606405 59.81701 -46.59801 -1.45792 0.03260 -0.11060 -0.46541 0.87755
1731053588.423606396 59.81193 -46.59960 -1.45691 0.03208 -0.11096 -0.46888 0.87568
1731053588.433606625 59.80677 -46.60129 -1.45602 0.03165 -0.11118 -0.47237 0.87379
1731053588.443606615 59.80152 -46.60316 -1.45528 0.03134 -0.11126 -0.47587 0.87188
1731053588.453606606 59.79619 -46.60520 -1.45465 0.03113 -0.11123 -0.47940 0.86996
1731053588.463606358 59.79080 -46.60742 -1.45412 0.03101 -0.11113 -0.48293 0.86802
1731053588.473606586 59.78535 -46.60979 -1.45363 0.03094 -0.11102 -0.48648 0.86606
1731053588.483606577 59.77986 -46.61230 -1.45315 0.03092 -0.11092 -0.49004 0.86406
1731053588.493606567 59.77433 -46.61494 -1.45266 0.03092 -0.11089 -0.49361 0.86203
1731053588.503606319 59.76878 -46.61766 -1.45216 0.03093 -0.11093 -0.49718 0.85997
1731053588.513606548 59.76320 -46.62039 -1.45166 0.03096 -0.11103 -0.50076 0.85788
1731053588.523606539 59.75758 -46.62308 -1.45120 0.03100 -0.11119 -0.50433 0.85576
1731053588.533606529 59.75193 -46.62567 -1.45077 0.03104 -0.11142 -0.50790 0.85362
1731053588.543606281 59.74625 -46.62811 -1.45039 0.03109 -0.11170 -0.51145 0.85146
1731053588.553606510 59.74058 -46.63036 -1.45005 0.03113 -0.11201 -0.51499 0.84928
1731053588.563606739 59.73493 -46.63240 -1.44971 0.03117 -0.11234 -0.51851 0.84708
1731053588.573606491 59.72935 -46.63421 -1.44937 0.03119 -0.11266 -0.52202 0.84488
1731053588.583606482 59.72387 -46.63576 -1.44899 0.03119 -0.11295 -0.52551 0.84268
1731053588.593606472 59.71851 -46.63704 -1.44856 0.03116 -0.11318 -0.52897 0.84048
1731053588.603606701 59.71324 -46.63813 -1.44809 0.03110 -0.11335 -0.53241 0.83828
1731053588.613606453 59.70801 -46.63913 -1.44764 0.03098 -0.11345 -0.53584 0.83609
1731053588.623606443 59.70277 -46.64013 -1.44721 0.03081 -0.11347 -0.53924 0.83391
1731053588.633606434 59.69748 -46.64122 -1.44685 0.03056 -0.11339 -0.54262 0.83173
1731053588.643606663 59.69211 -46.64249 -1.44658 0.03023 -0.11323 -0.54599 0.82955
1731053588.653606415 59.68674 -46.64388 -1.44642 0.02984 -0.11296 -0.54932 0.82740
1731053588.663606405 59.68146 -46.64534 -1.44640 0.02943 -0.11261 -0.55261 0.82527
1731053588.673606396 59.67636 -46.64682 -1.44653 0.02901 -0.11217 -0.55584 0.82317
1731053588.683606625 59.67153 -46.64824 -1.44684 0.02862 -0.11165 -0.55900 0.82112
1731053588.693606615 59.66703 -46.64956 -1.44734 0.02827 -0.11104 -0.56207 0.81911
1731053588.703606367 59.66279 -46.65080 -1.44797 0.02797 -0.11036 -0.56507 0.81715
1731053588.713606596 59.65867 -46.65199 -1.44870 0.02770 -0.10961 -0.56801 0.81522
1731053588.723606586 59.65457 -46.65315 -1.44947 0.02746 -0.10881 -0.57090 0.81331
1731053588.733606577 59.65036 -46.65433 -1.45022 0.02723 -0.10795 -0.57376 0.81142
1731053588.743606329 59.64596 -46.65553 -1.45091 0.02702 -0.10705 -0.57660 0.80954
1731053588.753606558 59.64138 -46.65675 -1.45157 0.02682 -0.10613 -0.57939 0.80767
1731053588.763606548 59.63667 -46.65799 -1.45222 0.02666 -0.10522 -0.58211 0.80583
1731053588.773606539 59.63189 -46.65923 -1.45289 0.02654 -0.10435 -0.58475 0.80403
1731053588.783606291 59.62706 -46.66045 -1.45363 0.02647 -0.10354 -0.58729 0.80229
1731053588.793606520 59.62225 -46.66164 -1.45444 0.02646 -0.10282 -0.58971 0.80061
1731053588.803606749 59.61748 -46.66276 -1.45527 0.02652 -0.10218 -0.59201 0.79899
1731053588.813606501 59.61278 -46.66378 -1.45607 0.02665 -0.10159 -0.59421 0.79742
1731053588.823606491 59.60817 -46.66464 -1.45678 0.02687 -0.10104 -0.59632 0.79591
1731053588.833606482 59.60369 -46.66531 -1.45733 0.02716 -0.10052 -0.59835 0.79444
1731053588.843606710 59.59937 -46.66577 -1.45769 0.02754 -0.10000 -0.60032 0.79301
1731053588.853606462 59.59521 -46.66603 -1.45789 0.02799 -0.09950 -0.60222 0.79161
1731053588.863606453 59.59124 -46.66615 -1.45799 0.02848 -0.09902 -0.60404 0.79026
1731053588.873606443 59.58746 -46.66617 -1.45805 0.02899 -0.09857 -0.60579 0.78896
1731053588.883606672 59.58389 -46.66613 -1.45814 0.02950 -0.09818 -0.60746 0.78771
1731053588.893606424 59.58054 -46.66608 -1.45830 0.02999 -0.09783 -0.60905 0.78650
1731053588.903606415 59.57739 -46.66603 -1.45854 0.03047 -0.09754 -0.61056 0.78535
1731053588.913606405 59.57440 -46.66597 -1.45884 0.03092 -0.09730 -0.61200 0.78424
1731053588.923606634 59.57155 -46.66591 -1.45919 0.03135 -0.09711 -0.61336 0.78318
1731053588.933606625 59.56880 -46.66585 -1.45959 0.03176 -0.09696 -0.61466 0.78217
1731053588.943606377 59.56614 -46.66579 -1.46002 0.03215 -0.09685 -0.61589 0.78119
1731053588.953606606 59.56352 -46.66573 -1.46049 0.03251 -0.09678 -0.61707 0.78026
1731053588.963606596 59.56092 -46.66568 -1.46096 0.03286 -0.09674 -0.61819 0.77936
1731053588.973606586 59.55832 -46.66565 -1.46145 0.03318 -0.09674 -0.61926 0.77850
1731053588.983606339 59.55567 -46.66562 -1.46193 0.03348 -0.09676 -0.62028 0.77767
1731053588.993606567 59.55297 -46.66560 -1.46240 0.03376 -0.09681 -0.62126 0.77687
1731053589.003606558 59.55021 -46.66560 -1.46285 0.03402 -0.09689 -0.62220 0.77609
1731053589.013606548 59.54741 -46.66563 -1.46329 0.03427 -0.09699 -0.62310 0.77535
1731053589.023606300 59.54458 -46.66567 -1.46371 0.03451 -0.09710 -0.62395 0.77464
1731053589.033606529 59.54173 -46.66574 -1.46411 0.03476 -0.09724 -0.62477 0.77395
1731053589.043606520 59.53889 -46.66584 -1.46449 0.03500 -0.09739 -0.62555 0.77329
1731053589.053606510 59.53606 -46.66597 -1.46484 0.03525 -0.09755 -0.62629 0.77266
1731053589.063606262 59.53325 -46.66614 -1.46517 0.03551 -0.09772 -0.62699 0.77206
1731053589.073606491 59.53048 -46.66634 -1.46547 0.03579 -0.09790 -0.62766 0.77148
1731053589.083606720 59.52776 -46.66659 -1.46574 0.03610 -0.09808 -0.62830 0.77092
1731053589.093606472 59.52510 -46.66688 -1.46598 0.03643 -0.09827 -0.62890 0.77039
1731053589.103606462 59.52251 -46.66721 -1.46619 0.03678 -0.09846 -0.62947 0.76989
1731053589.113606453 59.51999 -46.66755 -1.46638 0.03716 -0.09866 -0.63000 0.76940
1731053589.123606682 59.51752 -46.66791 -1.46653 0.03756 -0.09886 -0.63051 0.76894
1731053589.133606434 59.51513 -46.66828 -1.46667 0.03797 -0.09907 -0.63098 0.76851
1731053589.143606424 59.51280 -46.66863 -1.46679 0.03840 -0.09928 -0.63142 0.76810
1731053589.153606415 59.51053 -46.66896 -1.46689 0.03884 -0.09950 -0.63184 0.76771
1731053589.163606644 59.50833 -46.66926 -1.46698 0.03929 -0.09972 -0.63222 0.76734
1731053589.173606396 59.50619 -46.66951 -1.46706 0.03974 -0.09996 -0.63258 0.76699
1731053589.183606386 59.50412 -46.66972 -1.46713 0.04020 -0.10020 -0.63291 0.76666
1731053589.193606615 59.50211 -46.66986 -1.46719 0.04066 -0.10045 -0.63321 0.76636
1731053589.203606606 59.50017 -46.66994 -1.46724 0.04111 -0.10071 -0.63349 0.76607
1731053589.213606596 59.49828 -46.66997 -1.46728 0.04155 -0.10098 -0.63374 0.76580
1731053589.223606348 59.49644 -46.66997 -1.46731 0.04197 -0.10128 -0.63396 0.76555
1731053589.233606577 59.49465 -46.66993 -1.46732 0.04237 -0.10159 -0.63417 0.76532
1731053589.243606567 59.49290 -46.66987 -1.46732 0.04274 -0.10192 -0.63435 0.76511
1731053589.253606558 59.49119 -46.66979 -1.46730 0.04306 -0.10229 -0.63451 0.76491
1731053589.263606310 59.48951 -46.66970 -1.46725 0.04334 -0.10268 -0.63465 0.76472
1731053589.273606539 59.48786 -46.66961 -1.46719 0.04357 -0.10311 -0.63477 0.76455
1731053589.283606529 59.48624 -46.66953 -1.46710 0.04374 -0.10357 -0.63487 0.76440
1731053589.293606520 59.48463 -46.66947 -1.46698 0.04384 -0.10407 -0.63496 0.76425
1731053589.303606272 59.48305 -46.66941 -1.46685 0.04389 -0.10459 -0.63502 0.76412
1731053589.313606501 59.48149 -46.66936 -1.46669 0.04390 -0.10513 -0.63508 0.76400
1731053589.323606730 59.47997 -46.66932 -1.46653 0.04387 -0.10568 -0.63511 0.76390
1731053589.333606482 59.47848 -46.66927 -1.46635 0.04382 -0.10622 -0.63514 0.76380
1731053589.343606472 59.47702 -46.66921 -1.46618 0.04376 -0.10675 -0.63515 0.76373
1731053589.353606462 59.47561 -46.66915 -1.46600 0.04369 -0.10725 -0.63515 0.76366
1731053589.363606691 59.47423 -46.66906 -1.46583 0.04363 -0.10771 -0.63513 0.76361
1731053589.373606443 59.47291 -46.66896 -1.46568 0.04358 -0.10811 -0.63511 0.76358
1731053589.383606434 59.47163 -46.66883 -1.46554 0.04357 -0.10846 -0.63507 0.76356
1731053589.393606424 59.47041 -46.66868 -1.46542 0.04359 -0.10874 -0.63503 0.76355
1731053589.403606653 59.46923 -46.66850 -1.46532 0.04364 -0.10895 -0.63498 0.76357
1731053589.413606405 59.46809 -46.66829 -1.46524 0.04372 -0.10911 -0.63491 0.76359
1731053589.423606396 59.46699 -46.66807 -1.46517 0.04382 -0.10922 -0.63484 0.76362
1731053589.433606625 59.46591 -46.66783 -1.46512 0.04394 -0.10930 -0.63477 0.76367
1731053589.443606615 59.46485 -46.66757 -1.46507 0.04408 -0.10936 -0.63468 0.76372
1731053589.453606606 59.46380 -46.66731 -1.46503 0.04422 -0.10940 -0.63459 0.76379
1731053589.463606358 59.46275 -46.66703 -1.46500 0.04436 -0.10943 -0.63449 0.76385
1731053589.473606586 59.46170 -46.66676 -1.46497 0.04449 -0.10947 -0.63439 0.76393
1731053589.483606577 59.46065 -46.66648 -1.46495 0.04462 -0.10951 -0.63428 0.76400
1731053589.493606567 59.45957 -46.66620 -1.46492 0.04474 -0.10958 -0.63417 0.76408
1731053589.503606319 59.45848 -46.66592 -1.46489 0.04485 -0.10967 -0.63405 0.76416
1731053589.513606548 59.45739 -46.66563 -1.46486 0.04496 -0.10977 -0.63393 0.76424
1731053589.523606539 59.45628 -46.66534 -1.46483 0.04507 -0.10988 -0.63380 0.76432
1731053589.533606529 59.45517 -46.66503 -1.46480 0.04519 -0.10999 -0.63368 0.76440
1731053589.543606281 59.45406 -46.66470 -1.46477 0.04533 -0.11011 -0.63355 0.76448
1731053589.553606510 59.45295 -46.66435 -1.46474 0.04549 -0.11023 -0.63343 0.76455
1731053589.563606739 59.45185 -46.66398 -1.46472 0.04568 -0.11034 -0.63332 0.76462
1731053589.573606491 59.45076 -46.66357 -1.46469 0.04590 -0.11044 -0.63320 0.76469
1731053589.583606482 59.44967 -46.66314 -1.46466 0.04617 -0.11053 -0.63310 0.76475
1731053589.593606472 59.44860 -46.66267 -1.46463 0.04648 -0.11061 -0.63300 0.76480
1731053589.603606701 59.44755 -46.66217 -1.46461 0.04683 -0.11067 -0.63290 0.76485
1731053589.613606453 59.44652 -46.66165 -1.46460 0.04721 -0.11072 -0.63281 0.76489
1731053589.623606443 59.44551 -46.66111 -1.46460 0.04761 -0.11077 -0.63272 0.76494
1731053589.633606434 59.44452 -46.66057 -1.46462 0.04802 -0.11082 -0.63263 0.76498
1731053589.643606663 59.44356 -46.66003 -1.46466 0.04844 -0.11088 -0.63254 0.76502
1731053589.653606415 59.44263 -46.65950 -1.46472 0.04884 -0.11095 -0.63245 0.76506
1731053589.663606405 59.44172 -46.65898 -1.46482 0.04924 -0.11103 -0.63235 0.76510
1731053589.673606396 59.44085 -46.65849 -1.46495 0.04961 -0.11113 -0.63224 0.76515
1731053589.683606625 59.44002 -46.65802 -1.46512 0.04994 -0.11126 -0.63213 0.76521
1731053589.693606615 59.43922 -46.65760 -1.46533 0.05024 -0.11141 -0.63201 0.76527
1731053589.703606367 59.43845 -46.65720 -1.46557 0.05050 -0.11159 -0.63187 0.76533
1731053589.713606596 59.43771 -46.65684 -1.46584 0.05072 -0.11180 -0.63173 0.76541
1731053589.723606586 59.43700 -46.65649 -1.46611 0.05092 -0.11203 -0.63157 0.76549
1731053589.733606577 59.43631 -46.65617 -1.46639 0.05108 -0.11228 -0.63140 0.76559
1731053589.743606329 59.43564 -46.65586 -1.46667 0.05123 -0.11254 -0.63121 0.76569
1731053589.753606558 59.43498 -46.65556 -1.46692 0.05135 -0.11282 -0.63101 0.76581
1731053589.763606548 59.43434 -46.65526 -1.46716 0.05147 -0.11312 -0.63080 0.76593
1731053589.773606539 59.43370 -46.65496 -1.46735 0.05157 -0.11343 -0.63057 0.76607
1731053589.783606291 59.43307 -46.65465 -1.46750 0.05166 -0.11374 -0.63032 0.76622
1731053589.793606520 59.43244 -46.65433 -1.46759 0.05175 -0.11407 -0.63005 0.76638
1731053589.803606749 59.43180 -46.65401 -1.46764 0.05184 -0.11439 -0.62977 0.76656
1731053589.813606501 59.43117 -46.65367 -1.46765 0.05192 -0.11471 -0.62949 0.76674
1731053589.823606491 59.43055 -46.65334 -1.46763 0.05200 -0.11503 -0.62920 0.76693
1731053589.833606482 59.42992 -46.65300 -1.46759 0.05208 -0.11533 -0.62891 0.76711
1731053589.843606710 59.42930 -46.65266 -1.46755 0.05215 -0.11562 -0.62862 0.76730
1731053589.853606462 59.42868 -46.65232 -1.46750 0.05221 -0.11589 -0.62834 0.76748
1731053589.863606453 59.42806 -46.65199 -1.46747 0.05227 -0.11612 -0.62808 0.76766
1731053589.873606443 59.42745 -46.65167 -1.46746 0.05233 -0.11633 -0.62784 0.76782
1731053589.883606672 59.42685 -46.65136 -1.46747 0.05237 -0.11650 -0.62762 0.76797
1731053589.893606424 59.42625 -46.65106 -1.46752 0.05241 -0.11663 -0.62742 0.76811
1731053589.903606415 59.42565 -46.65078 -1.46761 0.05245 -0.11672 -0.62725 0.76823
1731053589.913606405 59.42506 -46.65050 -1.46774 0.05249 -0.11676 -0.62710 0.76835
1731053589.923606634 59.42448 -46.65025 -1.46791 0.05254 -0.11677 -0.62697 0.76845
1731053589.933606625 59.42390 -46.65000 -1.46812 0.05259 -0.11674 -0.62685 0.76855
1731053589.943606377 59.42333 -46.64977 -1.46836 0.05266 -0.11667 -0.62675 0.76864
1731053589.953606606 59.42276 -46.64956 -1.46864 0.05275 -0.11657 -0.62665 0.76873
1731053589.963606596 59.42220 -46.64936 -1.46896 0.05286 -0.11643 -0.62656 0.76882
1731053589.973606586 59.42164 -46.64917 -1.46932 0.05300 -0.11625 -0.62647 0.76891
1731053589.983606339 59.42109 -46.64901 -1.46972 0.05316 -0.11603 -0.62637 0.76900
1731053589.993606567 59.42055 -46.64886 -1.47016 0.05336 -0.11578 -0.62628 0.76910
1731053590.003606558 59.42000 -46.64871 -1.47063 0.05359 -0.11550 -0.62618 0.76921
1731053590.013606548 59.41947 -46.64858 -1.47112 0.05384 -0.11520 -0.62608 0.76932
1731053590.023606300 59.41894 -46.64844 -1.47162 0.05411 -0.11489 -0.62598 0.76943
1731053590.033606529 59.41842 -46.64830 -1.47214 0.05438 -0.11458 -0.62588 0.76954
1731053590.043606520 59.41792 -46.64814 -1.47266 0.05467 -0.11426 -0.62578 0.76965
1731053590.053606510 59.41742 -46.64797 -1.47317 0.05495 -0.11396 -0.62568 0.76975
1731053590.063606262 59.41693 -46.64778 -1.47367 0.05522 -0.11367 -0.62560 0.76984
1731053590.073606491 59.41645 -46.64755 -1.47415 0.05548 -0.11341 -0.62551 0.76993
1731053590.083606720 59.41599 -46.64729 -1.47460 0.05573 -0.11318 -0.62544 0.77001
1731053590.093606472 59.41553 -46.64699 -1.47501 0.05594 -0.11298 -0.62537 0.77007
1731053590.103606462 59.41510 -46.64665 -1.47540 0.05614 -0.11282 -0.62532 0.77013
1731053590.113606453 59.41467 -46.64628 -1.47575 0.05632 -0.11269 -0.62526 0.77018
1731053590.123606682 59.41427 -46.64587 -1.47608 0.05647 -0.11257 -0.62521 0.77022
1731053590.133606434 59.41387 -46.64544 -1.47638 0.05661 -0.11247 -0.62517 0.77027
1731053590.143606424 59.41350 -46.64497 -1.47666 0.05673 -0.11237 -0.62512 0.77031
1731053590.153606415 59.41314 -46.64448 -1.47692 0.05683 -0.11228 -0.62507 0.77036
1731053590.163606644 59.41280 -46.64397 -1.47716 0.05693 -0.11217 -0.62502 0.77041
1731053590.173606396 59.41247 -46.64343 -1.47738 0.05701 -0.11205 -0.62496 0.77047
1731053590.183606386 59.41217 -46.64288 -1.47759 0.05708 -0.11191 -0.62489 0.77054
1731053590.193606615 59.41188 -46.64231 -1.47779 0.05714 -0.11174 -0.62481 0.77062
1731053590.203606606 59.41161 -46.64173 -1.47799 0.05720 -0.11155 -0.62472 0.77072
1731053590.213606596 59.41136 -46.64115 -1.47817 0.05725 -0.11132 -0.62463 0.77083
1731053590.223606348 59.41113 -46.64056 -1.47835 0.05729 -0.11108 -0.62452 0.77094
1731053590.233606577 59.41091 -46.63998 -1.47853 0.05734 -0.11080 -0.62440 0.77108
1731053590.243606567 59.41070 -46.63941 -1.47871 0.05739 -0.11051 -0.62428 0.77122
1731053590.253606558 59.41052 -46.63886 -1.47888 0.05744 -0.11019 -0.62414 0.77137
1731053590.263606310 59.41034 -46.63833 -1.47906 0.05749 -0.10985 -0.62400 0.77153
1731053590.273606539 59.41017 -46.63782 -1.47924 0.05755 -0.10948 -0.62384 0.77170
1731053590.283606529 59.41002 -46.63734 -1.47943 0.05762 -0.10909 -0.62368 0.77188
1731053590.293606520 59.40988 -46.63690 -1.47963 0.05770 -0.10869 -0.62351 0.77207
1731053590.303606272 59.40976 -46.63649 -1.47983 0.05778 -0.10827 -0.62333 0.77227
1731053590.313606501 59.40965 -46.63610 -1.48004 0.05786 -0.10783 -0.62315 0.77247
1731053590.323606730 59.40956 -46.63572 -1.48026 0.05793 -0.10738 -0.62295 0.77269
1731053590.333606482 59.40950 -46.63536 -1.48048 0.05799 -0.10693 -0.62275 0.77291
1731053590.343606472 59.40947 -46.63499 -1.48072 0.05803 -0.10647 -0.62253 0.77315
1731053590.353606462 59.40947 -46.63463 -1.48096 0.05805 -0.10600 -0.62230 0.77339
1731053590.363606691 59.40951 -46.63425 -1.48121 0.05804 -0.10555 -0.62206 0.77365
1731053590.373606443 59.40959 -46.63385 -1.48147 0.05799 -0.10509 -0.62182 0.77391
1731053590.383606434 59.40971 -46.63342 -1.48174 0.05790 -0.10465 -0.62155 0.77419
1731053590.393606424 59.40988 -46.63297 -1.48202 0.05777 -0.10421 -0.62128 0.77448
1731053590.403606653 59.41010 -46.63249 -1.48230 0.05760 -0.10379 -0.62099 0.77478
1731053590.413606405 59.41035 -46.63198 -1.48258 0.05739 -0.10337 -0.62069 0.77509
1731053590.423606396 59.41064 -46.63146 -1.48285 0.05715 -0.10295 -0.62036 0.77542
1731053590.433606625 59.41096 -46.63093 -1.48312 0.05689 -0.10252 -0.62002 0.77577
1731053590.443606615 59.41131 -46.63039 -1.48337 0.05660 -0.10209 -0.61966 0.77614
1731053590.453606606 59.41168 -46.62984 -1.48360 0.05629 -0.10165 -0.61927 0.77654
1731053590.463606358 59.41207 -46.62930 -1.48381 0.05597 -0.10120 -0.61885 0.77695
1731053590.473606586 59.41247 -46.62876 -1.48400 0.05564 -0.10073 -0.61841 0.77739
1731053590.483606577 59.41289 -46.62824 -1.48414 0.05531 -0.10023 -0.61793 0.77785
1731053590.493606567 59.41331 -46.62773 -1.48426 0.05497 -0.09972 -0.61742 0.77835
1731053590.503606319 59.41374 -46.62724 -1.48433 0.05464 -0.09918 -0.61688 0.77887
1731053590.513606548 59.41418 -46.62675 -1.48437 0.05430 -0.09863 -0.61631 0.77941
1731053590.523606539 59.41464 -46.62628 -1.48437 0.05396 -0.09808 -0.61571 0.77998
1731053590.533606529 59.41511 -46.62582 -1.48433 0.05362 -0.09753 -0.61508 0.78057
1731053590.543606281 59.41561 -46.62536 -1.48425 0.05327 -0.09699 -0.61443 0.78118
1731053590.553606510 59.41613 -46.62491 -1.48413 0.05291 -0.09647 -0.61374 0.78180
1731053590.563606739 59.41668 -46.62446 -1.48397 0.05254 -0.09596 -0.61303 0.78245
1731053590.573606491 59.41726 -46.62401 -1.48377 0.05216 -0.09549 -0.61229 0.78311
1731053590.583606482 59.41788 -46.62356 -1.48352 0.05177 -0.09505 -0.61153 0.78378
1731053590.593606472 59.41853 -46.62310 -1.48324 0.05136 -0.09465 -0.61074 0.78447
1731053590.603606701 59.41922 -46.62264 -1.48292 0.05093 -0.09429 -0.60992 0.78518
1731053590.613606453 59.41995 -46.62217 -1.48257 0.05047 -0.09398 -0.60907 0.78591
1731053590.623606443 59.42073 -46.62170 -1.48218 0.04997 -0.09369 -0.60817 0.78667
1731053590.633606434 59.42156 -46.62122 -1.48176 0.04941 -0.09344 -0.60723 0.78747
1731053590.643606663 59.42244 -46.62074 -1.48132 0.04880 -0.09323 -0.60622 0.78830
1731053590.653606415 59.42337 -46.62025 -1.48085 0.04811 -0.09304 -0.60516 0.78918
1731053590.663606405 59.42435 -46.61974 -1.48037 0.04735 -0.09288 -0.60403 0.79011
1731053590.673606396 59.42540 -46.61924 -1.47987 0.04650 -0.09274 -0.60282 0.79110
1731053590.683606625 59.42650 -46.61872 -1.47936 0.04555 -0.09262 -0.60153 0.79215
1731053590.693606615 59.42768 -46.61819 -1.47883 0.04450 -0.09252 -0.60016 0.79326
1731053590.703606367 59.42891 -46.61766 -1.47831 0.04337 -0.09243 -0.59870 0.79444
1731053590.713606596 59.43021 -46.61712 -1.47778 0.04218 -0.09234 -0.59716 0.79567
1731053590.723606586 59.43158 -46.61657 -1.47726 0.04095 -0.09222 -0.59554 0.79697
1731053590.733606577 59.43302 -46.61602 -1.47675 0.03973 -0.09206 -0.59384 0.79831
1731053590.743606329 59.43453 -46.61546 -1.47626 0.03851 -0.09186 -0.59207 0.79971
1731053590.753606558 59.43611 -46.61490 -1.47579 0.03734 -0.09159 -0.59023 0.80115
1731053590.763606548 59.43777 -46.61435 -1.47534 0.03624 -0.09125 -0.58833 0.80264
1731053590.773606539 59.43949 -46.61379 -1.47493 0.03523 -0.09082 -0.58636 0.80417
1731053590.783606291 59.44130 -46.61323 -1.47455 0.03433 -0.09028 -0.58433 0.80574
1731053590.793606520 59.44318 -46.61267 -1.47422 0.03356 -0.08964 -0.58225 0.80736
1731053590.803606749 59.44515 -46.61210 -1.47392 0.03290 -0.08891 -0.58010 0.80901
1731053590.813606501 59.44722 -46.61149 -1.47364 0.03228 -0.08815 -0.57787 0.81071
1731053590.823606491 59.44940 -46.61083 -1.47339 0.03168 -0.08740 -0.57556 0.81246
1731053590.833606482 59.45170 -46.61010 -1.47315 0.03104 -0.08668 -0.57315 0.81426
1731053590.843606710 59.45413 -46.60927 -1.47292 0.03033 -0.08604 -0.57063 0.81613
1731053590.853606462 59.45671 -46.60830 -1.47265 0.02957 -0.08549 -0.56799 0.81805
1731053590.863606453 59.45945 -46.60711 -1.47231 0.02875 -0.08502 -0.56523 0.82004
1731053590.873606443 59.46236 -46.60566 -1.47186 0.02790 -0.08463 -0.56233 0.82209
1731053590.883606672 59.46547 -46.60387 -1.47126 0.02703 -0.08434 -0.55930 0.82422
1731053590.893606424 59.46877 -46.60172 -1.47050 0.02615 -0.08413 -0.55613 0.82641
1731053590.903606415 59.47224 -46.59929 -1.46961 0.02525 -0.08402 -0.55282 0.82867
1731053590.913606405 59.47584 -46.59671 -1.46867 0.02431 -0.08403 -0.54938 0.83098
1731053590.923606634 59.47955 -46.59410 -1.46774 0.02330 -0.08416 -0.54581 0.83335
1731053590.933606625 59.48331 -46.59156 -1.46687 0.02222 -0.08444 -0.54212 0.83575
1731053590.943606377 59.48712 -46.58920 -1.46613 0.02104 -0.08485 -0.53832 0.83819
1731053590.953606606 59.49097 -46.58699 -1.46549 0.01981 -0.08536 -0.53441 0.84067
1731053590.963606596 59.49488 -46.58488 -1.46494 0.01856 -0.08591 -0.53039 0.84318
1731053590.973606586 59.49888 -46.58283 -1.46444 0.01734 -0.08644 -0.52627 0.84573
1731053590.983606339 59.50297 -46.58078 -1.46396 0.01618 -0.08690 -0.52206 0.84832
1731053590.993606567 59.50722 -46.57873 -1.46350 0.01511 -0.08725 -0.51775 0.85094
1731053591.003606558 59.51175 -46.57675 -1.46309 0.01415 -0.08751 -0.51337 0.85358
1731053591.013606548 59.51676 -46.57499 -1.46278 0.01328 -0.08774 -0.50894 0.85621
1731053591.023606300 59.52237 -46.57354 -1.46262 0.01249 -0.08799 -0.50450 0.85883
1731053591.033606529 59.52847 -46.57231 -1.46262 0.01178 -0.08826 -0.50004 0.86142
1731053591.043606520 59.53471 -46.57108 -1.46277 0.01116 -0.08850 -0.49555 0.86399
1731053591.053606510 59.54078 -46.56963 -1.46303 0.01062 -0.08870 -0.49103 0.86655
1731053591.063606262 59.54654 -46.56784 -1.46341 0.01020 -0.08882 -0.48648 0.86911
1731053591.073606491 59.55210 -46.56581 -1.46392 0.00990 -0.08879 -0.48191 0.87165
1731053591.083606720 59.55762 -46.56363 -1.46459 0.00975 -0.08857 -0.47735 0.87418
1731053591.093606472 59.56318 -46.56143 -1.46540 0.00978 -0.08812 -0.47279 0.87670
1731053591.103606462 59.56858 -46.55939 -1.46635 0.01001 -0.08739 -0.46826 0.87920
1731053591.113606453 59.57355 -46.55771 -1.46737 0.01047 -0.08638 -0.46376 0.88168
1731053591.123606682 59.57786 -46.55655 -1.46844 0.01117 -0.08506 -0.45930 0.88413
1731053591.133606434 59.58171 -46.55576 -1.46963 0.01212 -0.08344 -0.45486 0.88656
1731053591.143606424 59.58555 -46.55496 -1.47108 0.01329 -0.08158 -0.45045 0.88897
1731053591.153606415 59.58988 -46.55376 -1.47293 0.01468 -0.07952 -0.44603 0.89136
1731053591.163606644 59.59488 -46.55199 -1.47524 0.01627 -0.07728 -0.44162 0.89372
1731053591.173606396 59.60038 -46.54983 -1.47794 0.01803 -0.07492 -0.43721 0.89605
1731053591.183606386 59.60612 -46.54746 -1.48094 0.01993 -0.07245 -0.43282 0.89835
1731053591.193606615 59.61194 -46.54501 -1.48419 0.02197 -0.06992 -0.42845 0.90059
1731053591.203606606 59.61782 -46.54238 -1.48772 0.02415 -0.06733 -0.42411 0.90278
1731053591.213606596 59.62379 -46.53940 -1.49157 0.02650 -0.06470 -0.41975 0.90494
1731053591.223606348 59.62989 -46.53594 -1.49580 0.02904 -0.06204 -0.41538 0.90707
1731053591.233606577 59.63605 -46.53214 -1.50039 0.03181 -0.05931 -0.41101 0.90914
1731053591.243606567 59.64213 -46.52835 -1.50525 0.03487 -0.05648 -0.40667 0.91116
1731053591.253606558 59.64799 -46.52493 -1.51033 0.03826 -0.05347 -0.40242 0.91309
1731053591.263606310 59.65357 -46.52202 -1.51558 0.04199 -0.05028 -0.39828 0.91492
1731053591.273606539 59.65889 -46.51952 -1.52101 0.04598 -0.04690 -0.39430 0.91663
1731053591.283606529 59.66399 -46.51729 -1.52666 0.05013 -0.04334 -0.39052 0.91821
1731053591.293606520 59.66890 -46.51520 -1.53251 0.05438 -0.03961 -0.38697 0.91963
1731053591.303606272 59.67364 -46.51323 -1.53841 0.05874 -0.03573 -0.38367 0.92091
1731053591.313606501 59.67821 -46.51135 -1.54418 0.06321 -0.03171 -0.38063 0.92202
1731053591.323606730 59.68261 -46.50954 -1.54965 0.06781 -0.02754 -0.37787 0.92296
1731053591.333606482 59.68681 -46.50782 -1.55497 0.07255 -0.02324 -0.37539 0.92373
1731053591.343606472 59.69077 -46.50623 -1.56048 0.07738 -0.01881 -0.37318 0.92433
1731053591.353606462 59.69443 -46.50481 -1.56652 0.08229 -0.01425 -0.37122 0.92478
1731053591.363606691 59.69778 -46.50356 -1.57324 0.08723 -0.00955 -0.36952 0.92507
1731053591.373606443 59.70083 -46.50247 -1.58051 0.09210 -0.00469 -0.36809 0.92521
1731053591.383606434 59.70359 -46.50151 -1.58819 0.09681 0.00037 -0.36692 0.92520
1731053591.393606424 59.70611 -46.50066 -1.59616 0.10131 0.00565 -0.36605 0.92505
1731053591.403606653 59.70842 -46.49988 -1.60446 0.10566 0.01112 -0.36547 0.92474
1731053591.413606405 59.71058 -46.49911 -1.61316 0.11000 0.01672 -0.36518 0.92426
1731053591.423606396 59.71264 -46.49831 -1.62232 0.11443 0.02241 -0.36520 0.92360
1731053591.433606625 59.71453 -46.49754 -1.63179 0.11887 0.02817 -0.36556 0.92274
1731053591.443606615 59.71611 -46.49687 -1.64130 0.12318 0.03401 -0.36632 0.92167
1731053591.453606606 59.71725 -46.49642 -1.65058 0.12718 0.03994 -0.36753 0.92041
1731053591.463606358 59.71787 -46.49621 -1.65950 0.13078 0.04591 -0.36921 0.91895
1731053591.473606586 59.71802 -46.49623 -1.66816 0.13403 0.05180 -0.37131 0.91732
1731053591.483606577 59.71775 -46.49643 -1.67666 0.13698 0.05748 -0.37378 0.91554
1731053591.493606567 59.71708 -46.49679 -1.68506 0.13967 0.06287 -0.37657 0.91364
1731053591.503606319 59.71596 -46.49732 -1.69319 0.14215 0.06799 -0.37970 0.91159
1731053591.513606548 59.71427 -46.49804 -1.70082 0.14445 0.07292 -0.38319 0.90938
1731053591.523606539 59.71196 -46.49898 -1.70775 0.14661 0.07772 -0.38707 0.90700
1731053591.533606529 59.70910 -46.50014 -1.71409 0.14860 0.08242 -0.39134 0.90442
1731053591.543606281 59.70593 -46.50153 -1.72014 0.15035 0.08701 -0.39602 0.90166
1731053591.553606510 59.70263 -46.50314 -1.72621 0.15179 0.09150 -0.40110 0.89873
1731053591.563606739 59.69932 -46.50498 -1.73244 0.15294 0.09586 -0.40656 0.89562
1731053591.573606491 59.69588 -46.50703 -1.73869 0.15391 0.10002 -0.41237 0.89233
1731053591.583606482 59.69223 -46.50928 -1.74482 0.15482 0.10391 -0.41849 0.88888
1731053591.593606472 59.68832 -46.51173 -1.75064 0.15577 0.10747 -0.42488 0.88525
1731053591.603606701 59.68435 -46.51449 -1.75588 0.15663 0.11068 -0.43155 0.88146
1731053591.613606453 59.68059 -46.51766 -1.76023 0.15725 0.11352 -0.43853 0.87754
1731053591.623606443 59.67727 -46.52133 -1.76345 0.15748 0.11599 -0.44582 0.87349
1731053591.633606434 59.67420 -46.52543 -1.76571 0.15735 0.11805 -0.45344 0.86931
1731053591.643606663 59.67088 -46.52976 -1.76752 0.15699 0.11968 -0.46134 0.86498
1731053591.653606415 59.66686 -46.53411 -1.76935 0.15655 0.12082 -0.46952 0.86049
1731053591.663606405 59.66191 -46.53839 -1.77142 0.15609 0.12148 -0.47795 0.85583
1731053591.673606396 59.65626 -46.54268 -1.77350 0.15556 0.12166 -0.48659 0.85102
1731053591.683606625 59.65014 -46.54705 -1.77534 0.15492 0.12140 -0.49542 0.84606
1731053591.693606615 59.64374 -46.55156 -1.77673 0.15411 0.12070 -0.50440 0.84099
1731053591.703606367 59.63694 -46.55609 -1.77764 0.15312 0.11959 -0.51354 0.83578
1731053591.713606596 59.62956 -46.56050 -1.77811 0.15196 0.11808 -0.52282 0.83044
1731053591.723606586 59.62143 -46.56467 -1.77816 0.15061 0.11618 -0.53223 0.82495
1731053591.733606577 59.61272 -46.56868 -1.77778 0.14907 0.11387 -0.54177 0.81932
1731053591.743606329 59.60380 -46.57277 -1.77694 0.14731 0.11112 -0.55142 0.81356
1731053591.753606558 59.59504 -46.57719 -1.77561 0.14531 0.10789 -0.56117 0.80767
1731053591.763606548 59.58661 -46.58202 -1.77378 0.14304 0.10418 -0.57098 0.80167
1731053591.773606539 59.57840 -46.58716 -1.77144 0.14054 0.10003 -0.58081 0.79555
1731053591.783606291 59.57024 -46.59247 -1.76863 0.13782 0.09552 -0.59063 0.78933
1731053591.793606520 59.56204 -46.59782 -1.76533 0.13488 0.09068 -0.60040 0.78301
1731053591.803606749 59.55397 -46.60319 -1.76157 0.13173 0.08553 -0.61009 0.77661
1731053591.813606501 59.54623 -46.60852 -1.75736 0.12832 0.08004 -0.61968 0.77014
1731053591.823606491 59.53902 -46.61380 -1.75270 0.12464 0.07423 -0.62915 0.76363
1731053591.833606482 59.53216 -46.61903 -1.74767 0.12070 0.06811 -0.63848 0.75706
1731053591.843606710 59.52528 -46.62419 -1.74237 0.11654 0.06171 -0.64766 0.75043
1731053591.853606462 59.51800 -46.62931 -1.73693 0.11217 0.05509 -0.65669 0.74373
1731053591.863606453 59.51014 -46.63438 -1.73138 0.10764 0.04830 -0.66555 0.73697
1731053591.873606443 59.50190 -46.63938 -1.72572 0.10300 0.04138 -0.67421 0.73015
1731053591.883606672 59.49348 -46.64432 -1.71992 0.09831 0.03440 -0.68264 0.72330
1731053591.893606424 59.48507 -46.64916 -1.71398 0.09360 0.02740 -0.69081 0.71643
1731053591.903606415 59.47676 -46.65394 -1.70799 0.08892 0.02048 -0.69872 0.70955
1731053591.913606405 59.46862 -46.65865 -1.70207 0.08432 0.01371 -0.70641 0.70263
1731053591.923606634 59.46070 -46.66332 -1.69634 0.07983 0.00715 -0.71387 0.69568
1731053591.933606625 59.45294 -46.66791 -1.69079 0.07543 0.00087 -0.72113 0.68868
1731053591.943606377 59.44523 -46.67239 -1.68532 0.07108 -0.00514 -0.72821 0.68164
1731053591.953606606 59.43745 -46.67673 -1.67985 0.06673 -0.01086 -0.73512 0.67456
1731053591.963606596 59.42955 -46.68090 -1.67434 0.06236 -0.01627 -0.74186 0.66745
1731053591.973606586 59.42158 -46.68492 -1.66885 0.05805 -0.02140 -0.74841 0.66035
1731053591.983606339 59.41363 -46.68883 -1.66344 0.05385 -0.02625 -0.75474 0.65328
1731053591.993606567 59.40572 -46.69261 -1.65815 0.04982 -0.03083 -0.76084 0.64628
1731053592.003606558 59.39775 -46.69617 -1.65302 0.04596 -0.03512 -0.76671 0.63938
1731053592.013606548 59.38962 -46.69939 -1.64807 0.04226 -0.03911 -0.77235 0.63258
1731053592.023606300 59.38120 -46.70218 -1.64332 0.03870 -0.04278 -0.77777 0.62590
1731053592.033606529 59.37261 -46.70462 -1.63876 0.03526 -0.04613 -0.78296 0.61936
1731053592.043606520 59.36409 -46.70694 -1.63433 0.03191 -0.04919 -0.78795 0.61295
1731053592.053606510 59.35592 -46.70935 -1.63000 0.02862 -0.05201 -0.79274 0.60666
1731053592.063606262 59.34818 -46.71196 -1.62574 0.02537 -0.05459 -0.79735 0.60051
1731053592.073606491 59.34080 -46.71465 -1.62158 0.02212 -0.05700 -0.80177 0.59449
1731053592.083606720 59.33364 -46.71731 -1.61753 0.01887 -0.05927 -0.80602 0.58861
1731053592.093606472 59.32660 -46.71983 -1.61360 0.01559 -0.06142 -0.81009 0.58287
1731053592.103606462 59.31963 -46.72219 -1.60959 0.01229 -0.06345 -0.81400 0.57725
1731053592.113606453 59.31268 -46.72434 -1.60529 0.00896 -0.06532 -0.81776 0.57177
1731053592.123606682 59.30573 -46.72627 -1.60050 0.00561 -0.06702 -0.82137 0.56641
1731053592.133606434 59.29881 -46.72802 -1.59539 0.00225 -0.06855 -0.82485 0.56118
1731053592.143606424 59.29202 -46.72965 -1.59036 -0.00110 -0.06993 -0.82820 0.55605
1731053592.153606415 59.28545 -46.73123 -1.58579 -0.00442 -0.07118 -0.83143 0.55104
1731053592.163606644 59.27914 -46.73281 -1.58188 -0.00769 -0.07232 -0.83454 0.54612
1731053592.173606396 59.27306 -46.73437 -1.57849 -0.01090 -0.07336 -0.83754 0.54131
1731053592.183606386 59.26715 -46.73589 -1.57543 -0.01402 -0.07430 -0.84043 0.53661
1731053592.193606615 59.26138 -46.73737 -1.57261 -0.01705 -0.07515 -0.84322 0.53202
1731053592.203606606 59.25574 -46.73886 -1.57009 -0.01994 -0.07591 -0.84590 0.52753
1731053592.213606596 59.25022 -46.74045 -1.56803 -0.02265 -0.07654 -0.84849 0.52315
1731053592.223606348 59.24483 -46.74221 -1.56652 -0.02512 -0.07705 -0.85101 0.51887
1731053592.233606577 59.23956 -46.74409 -1.56544 -0.02735 -0.07741 -0.85345 0.51467
1731053592.243606567 59.23442 -46.74596 -1.56451 -0.02933 -0.07764 -0.85583 0.51055
1731053592.253606558 59.22940 -46.74771 -1.56344 -0.03105 -0.07772 -0.85818 0.50649
1731053592.263606310 59.22451 -46.74928 -1.56212 -0.03250 -0.07768 -0.86049 0.50247
1731053592.273606539 59.21972 -46.75074 -1.56071 -0.03364 -0.07750 -0.86277 0.49849
1731053592.283606529 59.21501 -46.75218 -1.55938 -0.03441 -0.07721 -0.86504 0.49453
1731053592.293606520 59.21036 -46.75366 -1.55828 -0.03478 -0.07681 -0.86730 0.49060
1731053592.303606272 59.20580 -46.75527 -1.55738 -0.03474 -0.07630 -0.86956 0.48666
1731053592.313606501 59.20134 -46.75707 -1.55664 -0.03431 -0.07568 -0.87183 0.48272
1731053592.323606730 59.19701 -46.75913 -1.55600 -0.03350 -0.07495 -0.87411 0.47874
1731053592.333606482 59.19278 -46.76137 -1.55546 -0.03234 -0.07414 -0.87641 0.47473
1731053592.343606472 59.18858 -46.76366 -1.55507 -0.03091 -0.07329 -0.87872 0.47067
1731053592.353606462 59.18435 -46.76587 -1.55486 -0.02925 -0.07246 -0.88104 0.46655
1731053592.363606691 59.18004 -46.76793 -1.55486 -0.02742 -0.07167 -0.88336 0.46237
1731053592.373606443 59.17567 -46.76991 -1.55506 -0.02547 -0.07091 -0.88569 0.45812
1731053592.383606434 59.17124 -46.77189 -1.55547 -0.02343 -0.07019 -0.88803 0.45379
1731053592.393606424 59.16672 -46.77391 -1.55604 -0.02134 -0.06950 -0.89037 0.44938
1731053592.403606653 59.16180 -46.77594 -1.55661 -0.01924 -0.06884 -0.89273 0.44488
1731053592.413606405 59.15614 -46.77791 -1.55697 -0.01719 -0.06820 -0.89510 0.44028
1731053592.423606396 59.14944 -46.77976 -1.55696 -0.01523 -0.06759 -0.89749 0.43555
1731053592.433606625 59.14197 -46.78154 -1.55668 -0.01335 -0.06703 -0.89989 0.43072
1731053592.443606615 59.13440 -46.78338 -1.55645 -0.01155 -0.06657 -0.90229 0.42581
1731053592.453606606 59.12738 -46.78542 -1.55658 -0.00979 -0.06625 -0.90466 0.42084
1731053592.463606358 59.12120 -46.78770 -1.55720 -0.00806 -0.06609 -0.90701 0.41582
1731053592.473606586 59.11562 -46.79018 -1.55819 -0.00637 -0.06605 -0.90933 0.41074
1731053592.483606577 59.11032 -46.79277 -1.55938 -0.00470 -0.06608 -0.91164 0.40562
1731053592.493606567 59.10505 -46.79542 -1.56063 -0.00308 -0.06616 -0.91393 0.40043
1731053592.503606319 59.09977 -46.79809 -1.56190 -0.00148 -0.06628 -0.91621 0.39518
1731053592.513606548 59.09452 -46.80075 -1.56316 0.00008 -0.06646 -0.91847 0.38987
1731053592.523606539 59.08929 -46.80338 -1.56438 0.00163 -0.06668 -0.92071 0.38450
1731053592.533606529 59.08409 -46.80598 -1.56558 0.00317 -0.06696 -0.92294 0.37906
1731053592.543606281 59.07889 -46.80857 -1.56676 0.00472 -0.06730 -0.92517 0.37351
1731053592.553606510 59.07365 -46.81118 -1.56797 0.00630 -0.06769 -0.92740 0.36785
1731053592.563606739 59.06838 -46.81379 -1.56920 0.00789 -0.06814 -0.92964 0.36203
1731053592.573606491 59.06309 -46.81640 -1.57043 0.00943 -0.06865 -0.93189 0.35606
1731053592.583606482 59.05783 -46.81895 -1.57162 0.01086 -0.06921 -0.93416 0.34991
1731053592.593606472 59.05260 -46.82143 -1.57275 0.01215 -0.06983 -0.93645 0.34358
1731053592.603606701 59.04730 -46.82384 -1.57384 0.01334 -0.07053 -0.93874 0.33706
1731053592.613606453 59.04179 -46.82619 -1.57492 0.01453 -0.07130 -0.94103 0.33040
1731053592.623606443 59.03597 -46.82849 -1.57602 0.01579 -0.07216 -0.94331 0.32360
1731053592.633606434 59.02992 -46.83072 -1.57714 0.01717 -0.07309 -0.94556 0.31667
1731053592.643606663 59.02385 -46.83285 -1.57824 0.01870 -0.07405 -0.94778 0.30964
1731053592.653606415 59.01796 -46.83485 -1.57929 0.02038 -0.07502 -0.94997 0.30251
1731053592.663606405 59.01234 -46.83668 -1.58027 0.02225 -0.07597 -0.95212 0.29530
1731053592.673606396 59.00695 -46.83835 -1.58119 0.02436 -0.07688 -0.95422 0.28801
1731053592.683606625 59.00167 -46.83986 -1.58205 0.02676 -0.07773 -0.95628 0.28066
1731053592.693606615 58.99646 -46.84119 -1.58284 0.02946 -0.07852 -0.95828 0.27326
1731053592.703606367 58.99138 -46.84226 -1.58342 0.03242 -0.07923 -0.96021 0.26582
1731053592.713606596 58.98648 -46.84299 -1.58362 0.03555 -0.07989 -0.96209 0.25835
1731053592.723606586 58.98185 -46.84330 -1.58333 0.03879 -0.08048 -0.96389 0.25087
1731053592.733606577 58.97741 -46.84328 -1.58269 0.04205 -0.08100 -0.96563 0.24337
1731053592.743606329 58.97300 -46.84310 -1.58203 0.04529 -0.08143 -0.96731 0.23584
1731053592.753606558 58.96844 -46.84294 -1.58170 0.04844 -0.08176 -0.96895 0.22826
1731053592.763606548 58.96366 -46.84291 -1.58182 0.05146 -0.08200 -0.97054 0.22062
1731053592.773606539 58.95874 -46.84292 -1.58225 0.05434 -0.08221 -0.97208 0.21295
1731053592.783606291 58.95377 -46.84288 -1.58280 0.05708 -0.08242 -0.97355 0.20528
1731053592.793606520 58.94876 -46.84275 -1.58333 0.05968 -0.08271 -0.97496 0.19762
1731053592.803606749 58.94340 -46.84262 -1.58381 0.06210 -0.08310 -0.97628 0.19002
1731053592.813606501 58.93733 -46.84262 -1.58426 0.06432 -0.08363 -0.97753 0.18249
1731053592.823606491 58.93023 -46.84286 -1.58471 0.06632 -0.08432 -0.97869 0.17507
1731053592.833606482 58.92240 -46.84324 -1.58514 0.06806 -0.08515 -0.97978 0.16777
1731053592.843606710 58.91457 -46.84354 -1.58557 0.06953 -0.08605 -0.98080 0.16058
1731053592.853606462 58.90745 -46.84351 -1.58597 0.07070 -0.08696 -0.98177 0.15349
1731053592.863606453 58.90135 -46.84307 -1.58634 0.07157 -0.08785 -0.98270 0.14648
1731053592.873606443 58.89596 -46.84233 -1.58669 0.07214 -0.08870 -0.98359 0.13954
1731053592.883606672 58.89091 -46.84141 -1.58701 0.07243 -0.08953 -0.98445 0.13263
1731053592.893606424 58.88591 -46.84037 -1.58727 0.07248 -0.09032 -0.98528 0.12573
1731053592.903606415 58.88103 -46.83904 -1.58731 0.07232 -0.09109 -0.98607 0.11889
1731053592.913606405 58.87641 -46.83715 -1.58692 0.07204 -0.09184 -0.98681 0.11214
1731053592.923606634 58.87216 -46.83449 -1.58593 0.07170 -0.09258 -0.98750 0.10552
1731053592.933606625 58.86816 -46.83128 -1.58454 0.07132 -0.09332 -0.98813 0.09906
1731053592.943606377 58.86412 -46.82799 -1.58319 0.07091 -0.09407 -0.98870 0.09274
1731053592.953606606 58.85977 -46.82512 -1.58232 0.07046 -0.09483 -0.98922 0.08654
1731053592.963606596 58.85497 -46.82289 -1.58213 0.06997 -0.09560 -0.98969 0.08048
1731053592.973606586 58.84983 -46.82115 -1.58249 0.06945 -0.09638 -0.99012 0.07454
1731053592.983606339 58.84448 -46.81971 -1.58322 0.06889 -0.09717 -0.99050 0.06872
1731053592.993606567 58.83903 -46.81842 -1.58418 0.06829 -0.09794 -0.99084 0.06305
1731053593.003606558 58.83351 -46.81722 -1.58530 0.06768 -0.09868 -0.99115 0.05753
1731053593.013606548 58.82794 -46.81605 -1.58651 0.06712 -0.09938 -0.99141 0.05218
1731053593.023606300 58.82234 -46.81488 -1.58776 0.06664 -0.10001 -0.99164 0.04703
1731053593.033606529 58.81671 -46.81367 -1.58901 0.06629 -0.10056 -0.99183 0.04211
1731053593.043606520 58.81106 -46.81239 -1.59021 0.06609 -0.10101 -0.99198 0.03742
1731053593.053606510 58.80541 -46.81105 -1.59136 0.06606 -0.10136 -0.99211 0.03298
1731053593.063606262 58.79974 -46.80968 -1.59247 0.06617 -0.10158 -0.99221 0.02878
1731053593.073606491 58.79407 -46.80831 -1.59355 0.06641 -0.10169 -0.99229 0.02483
1731053593.083606720 58.78839 -46.80696 -1.59462 0.06678 -0.10167 -0.99235 0.02112
1731053593.093606472 58.78267 -46.80566 -1.59565 0.06724 -0.10152 -0.99240 0.01766
1731053593.103606462 58.77673 -46.80451 -1.59654 0.06769 -0.10124 -0.99245 0.01442
1731053593.113606453 58.77037 -46.80360 -1.59714 0.06804 -0.10085 -0.99251 0.01139
1731053593.123606682 58.76339 -46.80302 -1.59733 0.06818 -0.10036 -0.99258 0.00854
1731053593.133606434 58.75596 -46.80269 -1.59719 0.06810 -0.09980 -0.99266 0.00589
1731053593.143606424 58.74846 -46.80247 -1.59690 0.06786 -0.09918 -0.99275 0.00343
1731053593.153606415 58.74128 -46.80218 -1.59666 0.06751 -0.09854 -0.99284 0.00119
1731053593.163606644 58.73458 -46.80176 -1.59656 0.06708 -0.09789 -0.99293 -0.00084
1731053593.173606396 58.72823 -46.80129 -1.59655 0.06655 -0.09721 -0.99303 -0.00265
1731053593.183606386 58.72207 -46.80086 -1.59653 0.06590 -0.09651 -0.99314 -0.00426
1731053593.193606615 58.71599 -46.80055 -1.59646 0.06513 -0.09577 -0.99325 -0.00567
1731053593.203606606 58.71008 -46.80037 -1.59631 0.06431 -0.09500 -0.99337 -0.00690
1731053593.213606596 58.70453 -46.80034 -1.59610 0.06354 -0.09422 -0.99349 -0.00797
1731053593.223606348 58.69945 -46.80043 -1.59583 0.06291 -0.09344 -0.99360 -0.00890
1731053593.233606577 58.69462 -46.80058 -1.59543 0.06243 -0.09270 -0.99369 -0.00972
1731053593.243606567 58.68957 -46.80064 -1.59482 0.06203 -0.09202 -0.99377 -0.01041
1731053593.253606558 58.68383 -46.80049 -1.59390 0.06167 -0.09144 -0.99384 -0.01100
1731053593.263606310 58.67728 -46.80011 -1.59265 0.06131 -0.09096 -0.99390 -0.01149
1731053593.273606539 58.67026 -46.79968 -1.59120 0.06096 -0.09055 -0.99395 -0.01187
1731053593.283606529 58.66319 -46.79936 -1.58969 0.06066 -0.09015 -0.99401 -0.01213
1731053593.293606520 58.65637 -46.79932 -1.58822 0.06041 -0.08974 -0.99406 -0.01229
1731053593.303606272 58.64985 -46.79956 -1.58683 0.06025 -0.08931 -0.99410 -0.01233
1731053593.313606501 58.64359 -46.80008 -1.58552 0.06020 -0.08887 -0.99415 -0.01228
1731053593.323606730 58.63754 -46.80084 -1.58429 0.06027 -0.08840 -0.99419 -0.01215
1731053593.333606482 58.63166 -46.80185 -1.58315 0.06048 -0.08791 -0.99422 -0.01195
1731053593.343606472 58.62592 -46.80307 -1.58210 0.06087 -0.08741 -0.99424 -0.01169
1731053593.353606462 58.62026 -46.80450 -1.58114 0.06144 -0.08689 -0.99426 -0.01138
1731053593.363606691 58.61465 -46.80612 -1.58028 0.06223 -0.08635 -0.99426 -0.01103
1731053593.373606443 58.60905 -46.80791 -1.57952 0.06325 -0.08580 -0.99425 -0.01065
1731053593.383606434 58.60341 -46.80986 -1.57887 0.06452 -0.08523 -0.99422 -0.01026
1731053593.393606424 58.59771 -46.81195 -1.57833 0.06604 -0.08465 -0.99417 -0.00987
1731053593.403606653 58.59197 -46.81413 -1.57788 0.06772 -0.08405 -0.99411 -0.00946
1731053593.413606405 58.58623 -46.81637 -1.57750 0.06944 -0.08343 -0.99405 -0.00904
1731053593.423606396 58.58052 -46.81862 -1.57719 0.07109 -0.08278 -0.99399 -0.00859
1731053593.433606625 58.57488 -46.82085 -1.57693 0.07253 -0.08210 -0.99395 -0.00810
1731053593.443606615 58.56933 -46.82301 -1.57669 0.07369 -0.08139 -0.99393 -0.00757
1731053593.453606606 58.56379 -46.82506 -1.57650 0.07456 -0.08066 -0.99392 -0.00701
1731053593.463606358 58.55819 -46.82698 -1.57636 0.07514 -0.07993 -0.99394 -0.00643
1731053593.473606586 58.55242 -46.82873 -1.57628 0.07547 -0.07921 -0.99398 -0.00586
1731053593.483606577 58.54640 -46.83028 -1.57627 0.07555 -0.07851 -0.99403 -0.00529
1731053593.493606567 58.54007 -46.83161 -1.57635 0.07541 -0.07785 -0.99410 -0.00476
1731053593.503606319 58.53350 -46.83279 -1.57650 0.07509 -0.07725 -0.99417 -0.00425
1731053593.513606548 58.52680 -46.83394 -1.57673 0.07465 -0.07673 -0.99425 -0.00378
1731053593.523606539 58.52008 -46.83513 -1.57703 0.07412 -0.07630 -0.99432 -0.00336
1731053593.533606529 58.51344 -46.83646 -1.57740 0.07357 -0.07599 -0.99439 -0.00299
1731053593.543606281 58.50695 -46.83802 -1.57782 0.07304 -0.07581 -0.99444 -0.00268
1731053593.553606510 58.50062 -46.83977 -1.57829 0.07252 -0.07576 -0.99448 -0.00243
1731053593.563606739 58.49439 -46.84168 -1.57878 0.07202 -0.07582 -0.99451 -0.00225
1731053593.573606491 58.48823 -46.84371 -1.57927 0.07154 -0.07599 -0.99454 -0.00215
1731053593.583606482 58.48210 -46.84581 -1.57972 0.07107 -0.07627 -0.99455 -0.00215
1731053593.593606472 58.47591 -46.84799 -1.58015 0.07060 -0.07663 -0.99455 -0.00224
1731053593.603606701 58.46938 -46.85040 -1.58061 0.07008 -0.07706 -0.99456 -0.00241
1731053593.613606453 58.46215 -46.85325 -1.58122 0.06947 -0.07753 -0.99456 -0.00266
1731053593.623606443 58.45395 -46.85670 -1.58203 0.06872 -0.07802 -0.99458 -0.00297
1731053593.633606434 58.44505 -46.86060 -1.58296 0.06784 -0.07852 -0.99460 -0.00333
1731053593.643606663 58.43610 -46.86457 -1.58381 0.06691 -0.07902 -0.99462 -0.00375
1731053593.653606415 58.42776 -46.86821 -1.58437 0.06598 -0.07954 -0.99464 -0.00423
1731053593.663606405 58.42033 -46.87137 -1.58454 0.06508 -0.08006 -0.99465 -0.00477
1731053593.673606396 58.41352 -46.87419 -1.58437 0.06419 -0.08058 -0.99466 -0.00538
1731053593.683606625 58.40703 -46.87686 -1.58390 0.06326 -0.08110 -0.99468 -0.00606
1731053593.693606615 58.40058 -46.87948 -1.58318 0.06227 -0.08161 -0.99469 -0.00683
1731053593.703606367 58.39412 -46.88196 -1.58216 0.06122 -0.08212 -0.99471 -0.00767
1731053593.713606596 58.38762 -46.88412 -1.58076 0.06011 -0.08261 -0.99473 -0.00857
1731053593.723606586 58.38107 -46.88581 -1.57892 0.05895 -0.08309 -0.99475 -0.00950
1731053593.733606577 58.37450 -46.88708 -1.57673 0.05787 -0.08354 -0.99477 -0.01047
1731053593.743606329 58.36796 -46.88811 -1.57437 0.05706 -0.08394 -0.99477 -0.01145
1731053593.753606558 58.36149 -46.88907 -1.57203 0.05671 -0.08429 -0.99475 -0.01242
1731053593.763606548 58.35513 -46.89009 -1.56977 0.05686 -0.08458 -0.99470 -0.01339
1731053593.773606539 58.34886 -46.89118 -1.56756 0.05732 -0.08485 -0.99464 -0.01442
1731053593.783606291 58.34268 -46.89238 -1.56532 0.05791 -0.08515 -0.99456 -0.01555
1731053593.793606520 58.33657 -46.89368 -1.56299 0.05843 -0.08552 -0.99448 -0.01684
1731053593.803606749 58.33054 -46.89508 -1.56058 0.05886 -0.08595 -0.99439 -0.01827
1731053593.813606501 58.32457 -46.89656 -1.55812 0.05916 -0.08646 -0.99430 -0.01985
1731053593.823606491 58.31867 -46.89809 -1.55564 0.05934 -0.08703 -0.99420 -0.02155
1731053593.833606482 58.31283 -46.89965 -1.55316 0.05936 -0.08767 -0.99410 -0.02337
1731053593.843606710 58.30705 -46.90122 -1.55072 0.05922 -0.08839 -0.99400 -0.02529
1731053593.853606462 58.30134 -46.90277 -1.54833 0.05890 -0.08917 -0.99390 -0.02730
1731053593.863606453 58.29568 -46.90429 -1.54603 0.05838 -0.09003 -0.99379 -0.02939
1731053593.873606443 58.29008 -46.90575 -1.54384 0.05765 -0.09096 -0.99368 -0.03156
1731053593.883606672 58.28454 -46.90714 -1.54179 0.05670 -0.09195 -0.99357 -0.03377
1731053593.893606424 58.27903 -46.90842 -1.53988 0.05554 -0.09301 -0.99346 -0.03602
1731053593.903606415 58.27352 -46.90960 -1.53794 0.05429 -0.09408 -0.99335 -0.03823
1731053593.913606405 58.26792 -46.91065 -1.53581 0.05309 -0.09508 -0.99323 -0.04033
1731053593.923606634 58.26219 -46.91157 -1.53333 0.05210 -0.09596 -0.99312 -0.04223
1731053593.933606625 58.25639 -46.91241 -1.53063 0.05135 -0.09668 -0.99302 -0.04395
1731053593.943606377 58.25066 -46.91322 -1.52804 0.05082 -0.09721 -0.99292 -0.04551
1731053593.953606606 58.24515 -46.91408 -1.52591 0.05051 -0.09752 -0.99284 -0.04696
1731053593.963606596 58.23991 -46.91502 -1.52438 0.05038 -0.09761 -0.99277 -0.04834
1731053593.973606586 58.23484 -46.91601 -1.52336 0.05044 -0.09749 -0.99272 -0.04964
1731053593.983606339 58.22984 -46.91702 -1.52273 0.05066 -0.09718 -0.99267 -0.05088
1731053593.993606567 58.22471 -46.91809 -1.52243 0.05104 -0.09670 -0.99264 -0.05205
1731053594.003606558 58.21881 -46.91954 -1.52270 0.05156 -0.09609 -0.99261 -0.05314
1731053594.013606548 58.21143 -46.92178 -1.52386 0.05222 -0.09540 -0.99259 -0.05416
1731053594.023606300 58.20194 -46.92516 -1.52617 0.05299 -0.09467 -0.99257 -0.05508
1731053594.033606529 58.19087 -46.92934 -1.52934 0.05388 -0.09396 -0.99254 -0.05592
1731053594.043606520 58.17950 -46.93355 -1.53273 0.05492 -0.09329 -0.99251 -0.05665
1731053594.053606510 58.16912 -46.93705 -1.53569 0.05612 -0.09272 -0.99246 -0.05728
1731053594.063606262 58.16024 -46.93944 -1.53791 0.05749 -0.09225 -0.99239 -0.05780
1731053594.073606491 58.15219 -46.94095 -1.53951 0.05903 -0.09181 -0.99232 -0.05819
1731053594.083606720 58.14419 -46.94184 -1.54070 0.06072 -0.09134 -0.99225 -0.05846
1731053594.093606472 58.13563 -46.94238 -1.54165 0.06255 -0.09077 -0.99218 -0.05858
1731053594.103606462 58.12649 -46.94267 -1.54244 0.06447 -0.09011 -0.99212 -0.05857
1731053594.113606453 58.11694 -46.94282 -1.54315 0.06643 -0.08937 -0.99206 -0.05840
1731053594.123606682 58.10714 -46.94293 -1.54385 0.06839 -0.08856 -0.99202 -0.05808
1731053594.133606434 58.09725 -46.94310 -1.54460 0.07029 -0.08771 -0.99199 -0.05759
1731053594.143606424 58.08740 -46.94341 -1.54546 0.07209 -0.08681 -0.99198 -0.05693
1731053594.153606415 58.07766 -46.94386 -1.54638 0.07381 -0.08590 -0.99198 -0.05614
1731053594.163606644 58.06804 -46.94442 -1.54732 0.07548 -0.08500 -0.99198 -0.05524
1731053594.173606396 58.05859 -46.94508 -1.54821 0.07711 -0.08412 -0.99198 -0.05429
1731053594.183606386 58.04934 -46.94580 -1.54898 0.07875 -0.08329 -0.99198 -0.05330
1731053594.193606615 58.04027 -46.94662 -1.54960 0.08038 -0.08251 -0.99196 -0.05233
1731053594.203606606 58.03119 -46.94773 -1.55001 0.08191 -0.08170 -0.99195 -0.05139
1731053594.213606596 58.02187 -46.94937 -1.55018 0.08321 -0.08077 -0.99197 -0.05052
1731053594.223606348 58.01211 -46.95173 -1.55009 0.08414 -0.07961 -0.99202 -0.04972
1731053594.233606577 58.00211 -46.95464 -1.54973 0.08462 -0.07826 -0.99213 -0.04900
1731053594.243606567 57.99234 -46.95764 -1.54909 0.08459 -0.07684 -0.99227 -0.04828
1731053594.253606558 57.98329 -46.96031 -1.54819 0.08400 -0.07545 -0.99247 -0.04754
1731053594.263606310 57.97515 -46.96244 -1.54704 0.08282 -0.07416 -0.99270 -0.04675
1731053594.273606539 57.96769 -46.96420 -1.54565 0.08111 -0.07296 -0.99297 -0.04596
