1726497637.204583168 0.00000 0.00000 0.00000 -0.02779 0.01694 0.00047 0.99947
1726497637.214583397 0.00000 0.00000 0.00000 -0.02779 0.01694 0.00047 0.99947
1726497637.224583387 0.00000 0.00000 0.00000 -0.02779 0.01694 0.00047 0.99947
1726497637.234583139 0.00000 0.00000 0.00000 -0.02779 0.01694 0.00047 0.99947
1726497637.244583368 -0.00000 0.00000 -0.00000 -0.02779 0.01694 0.00047 0.99947
1726497637.254583359 -0.00000 0.00001 -0.00001 -0.02779 0.01694 0.00047 0.99947
1726497637.264583349 -0.00001 0.00002 -0.00003 -0.02779 0.01694 0.00047 0.99947
1726497637.274583101 -0.00001 0.00005 -0.00007 -0.02779 0.01694 0.00047 0.99947
1726497637.284583330 -0.00002 0.00009 -0.00014 -0.02779 0.01694 0.00047 0.99947
1726497637.294583321 -0.00004 0.00016 -0.00024 -0.02780 0.01694 0.00047 0.99947
1726497637.304583311 -0.00007 0.00026 -0.00039 -0.02781 0.01694 0.00048 0.99947
1726497637.314583063 -0.00010 0.00038 -0.00058 -0.02782 0.01694 0.00048 0.99947
1726497637.324583292 -0.00014 0.00055 -0.00082 -0.02783 0.01694 0.00048 0.99947
1726497637.334583521 -0.00020 0.00075 -0.00113 -0.02784 0.01694 0.00049 0.99947
1726497637.344583273 -0.00026 0.00100 -0.00150 -0.02786 0.01693 0.00049 0.99947
1726497637.354583263 -0.00034 0.00127 -0.00194 -0.02788 0.01693 0.00050 0.99947
1726497637.364583254 -0.00043 0.00157 -0.00244 -0.02791 0.01693 0.00051 0.99947
1726497637.374583483 -0.00053 0.00186 -0.00300 -0.02794 0.01692 0.00052 0.99947
1726497637.384583235 -0.00064 0.00214 -0.00362 -0.02797 0.01691 0.00053 0.99947
1726497637.394583225 -0.00076 0.00239 -0.00430 -0.02801 0.01690 0.00054 0.99946
1726497637.404583216 -0.00090 0.00260 -0.00503 -0.02805 0.01689 0.00055 0.99946
1726497637.414583445 -0.00104 0.00276 -0.00581 -0.02809 0.01688 0.00057 0.99946
1726497637.424583197 -0.00120 0.00284 -0.00663 -0.02814 0.01687 0.00059 0.99946
1726497637.434583187 -0.00137 0.00284 -0.00751 -0.02819 0.01685 0.00061 0.99946
1726497637.444583178 -0.00155 0.00274 -0.00843 -0.02825 0.01683 0.00063 0.99946
1726497637.454583406 -0.00174 0.00256 -0.00938 -0.02831 0.01681 0.00065 0.99946
1726497637.464583158 -0.00193 0.00231 -0.01034 -0.02837 0.01678 0.00068 0.99946
1726497637.474583149 -0.00212 0.00200 -0.01132 -0.02844 0.01676 0.00071 0.99945
1726497637.484583378 -0.00230 0.00165 -0.01230 -0.02851 0.01674 0.00073 0.99945
1726497637.494583368 -0.00248 0.00128 -0.01326 -0.02858 0.01671 0.00076 0.99945
1726497637.504583359 -0.00264 0.00089 -0.01419 -0.02865 0.01669 0.00079 0.99945
1726497637.514583111 -0.00278 0.00051 -0.01508 -0.02872 0.01667 0.00082 0.99945
1726497637.524583340 -0.00290 0.00015 -0.01592 -0.02879 0.01666 0.00084 0.99945
1726497637.534583330 -0.00300 -0.00017 -0.01671 -0.02886 0.01665 0.00087 0.99944
1726497637.544583321 -0.00306 -0.00045 -0.01742 -0.02893 0.01664 0.00089 0.99944
1726497637.554583073 -0.00310 -0.00069 -0.01806 -0.02900 0.01663 0.00091 0.99944
1726497637.564583302 -0.00312 -0.00090 -0.01864 -0.02907 0.01663 0.00093 0.99944
1726497637.574583292 -0.00313 -0.00108 -0.01917 -0.02914 0.01663 0.00095 0.99944
1726497637.584583282 -0.00313 -0.00124 -0.01965 -0.02921 0.01664 0.00097 0.99943
1726497637.594583035 -0.00313 -0.00138 -0.02010 -0.02928 0.01664 0.00099 0.99943
1726497637.604583263 -0.00314 -0.00152 -0.02051 -0.02936 0.01664 0.00100 0.99943
1726497637.614583492 -0.00315 -0.00167 -0.02090 -0.02944 0.01664 0.00101 0.99943
1726497637.624583244 -0.00318 -0.00182 -0.02127 -0.02952 0.01663 0.00102 0.99943
1726497637.634583235 -0.00323 -0.00199 -0.02163 -0.02961 0.01663 0.00104 0.99942
1726497637.644583225 -0.00331 -0.00218 -0.02199 -0.02970 0.01662 0.00105 0.99942
1726497637.654583454 -0.00341 -0.00240 -0.02234 -0.02979 0.01660 0.00106 0.99942
1726497637.664583206 -0.00352 -0.00262 -0.02269 -0.02989 0.01659 0.00106 0.99941
1726497637.674583197 -0.00365 -0.00285 -0.02305 -0.02999 0.01656 0.00107 0.99941
1726497637.684583187 -0.00378 -0.00307 -0.02341 -0.03009 0.01654 0.00107 0.99941
1726497637.694583416 -0.00391 -0.00329 -0.02378 -0.03019 0.01652 0.00107 0.99941
1726497637.704583168 -0.00403 -0.00349 -0.02416 -0.03029 0.01649 0.00107 0.99940
1726497637.714583158 -0.00414 -0.00368 -0.02454 -0.03038 0.01646 0.00107 0.99940
1726497637.724583387 -0.00423 -0.00383 -0.02494 -0.03047 0.01643 0.00106 0.99940
1726497637.734583378 -0.00430 -0.00395 -0.02536 -0.03055 0.01641 0.00105 0.99940
1726497637.744583368 -0.00434 -0.00403 -0.02579 -0.03062 0.01638 0.00104 0.99940
1726497637.754583120 -0.00435 -0.00407 -0.02623 -0.03069 0.01635 0.00102 0.99939
1726497637.764583349 -0.00435 -0.00406 -0.02669 -0.03075 0.01632 0.00100 0.99939
1726497637.774583340 -0.00434 -0.00402 -0.02715 -0.03081 0.01629 0.00097 0.99939
1726497637.784583330 -0.00433 -0.00393 -0.02761 -0.03086 0.01626 0.00094 0.99939
1726497637.794583082 -0.00432 -0.00381 -0.02807 -0.03092 0.01622 0.00091 0.99939
1726497637.804583311 -0.00432 -0.00364 -0.02853 -0.03097 0.01618 0.00088 0.99939
1726497637.814583302 -0.00434 -0.00343 -0.02898 -0.03103 0.01613 0.00084 0.99939
1726497637.824583292 -0.00439 -0.00317 -0.02942 -0.03108 0.01607 0.00081 0.99939
1726497637.834583044 -0.00446 -0.00288 -0.02985 -0.03114 0.01601 0.00077 0.99939
1726497637.844583273 -0.00457 -0.00254 -0.03026 -0.03121 0.01594 0.00073 0.99939
1726497637.854583502 -0.00472 -0.00218 -0.03065 -0.03128 0.01586 0.00068 0.99938
1726497637.864583254 -0.00488 -0.00179 -0.03103 -0.03135 0.01578 0.00064 0.99938
1726497637.874583244 -0.00506 -0.00139 -0.03139 -0.03142 0.01570 0.00060 0.99938
1726497637.884583235 -0.00526 -0.00100 -0.03174 -0.03149 0.01563 0.00055 0.99938
1726497637.894583464 -0.00545 -0.00061 -0.03208 -0.03156 0.01555 0.00051 0.99938
1726497637.904583216 -0.00565 -0.00025 -0.03242 -0.03162 0.01548 0.00048 0.99938
1726497637.914583206 -0.00583 0.00008 -0.03274 -0.03168 0.01542 0.00044 0.99938
1726497637.924583197 -0.00600 0.00036 -0.03306 -0.03173 0.01538 0.00041 0.99938
1726497637.934583426 -0.00614 0.00059 -0.03338 -0.03177 0.01534 0.00038 0.99938
1726497637.944583178 -0.00626 0.00076 -0.03369 -0.03180 0.01533 0.00036 0.99938
1726497637.954583168 -0.00635 0.00087 -0.03400 -0.03182 0.01532 0.00034 0.99938
1726497637.964583158 -0.00642 0.00093 -0.03430 -0.03184 0.01533 0.00033 0.99938
1726497637.974583387 -0.00647 0.00095 -0.03460 -0.03185 0.01535 0.00032 0.99937
1726497637.984583378 -0.00651 0.00093 -0.03489 -0.03186 0.01537 0.00032 0.99937
1726497637.994583130 -0.00655 0.00088 -0.03516 -0.03187 0.01540 0.00032 0.99937
1726497638.004583359 -0.00658 0.00082 -0.03543 -0.03188 0.01544 0.00032 0.99937
1726497638.014583349 -0.00661 0.00074 -0.03568 -0.03190 0.01547 0.00033 0.99937
1726497638.024583340 -0.00666 0.00065 -0.03592 -0.03193 0.01550 0.00034 0.99937
1726497638.034583092 -0.00671 0.00057 -0.03614 -0.03197 0.01553 0.00035 0.99937
1726497638.044583321 -0.00678 0.00050 -0.03635 -0.03202 0.01555 0.00037 0.99937
1726497638.054583311 -0.00687 0.00043 -0.03654 -0.03208 0.01556 0.00038 0.99936
1726497638.064583302 -0.00696 0.00037 -0.03671 -0.03215 0.01557 0.00041 0.99936
1726497638.074583054 -0.00706 0.00032 -0.03686 -0.03222 0.01557 0.00043 0.99936
1726497638.084583282 -0.00717 0.00028 -0.03699 -0.03231 0.01557 0.00045 0.99936
1726497638.094583511 -0.00727 0.00024 -0.03710 -0.03239 0.01557 0.00048 0.99935
1726497638.104583263 -0.00736 0.00021 -0.03719 -0.03248 0.01556 0.00050 0.99935
1726497638.114583254 -0.00745 0.00018 -0.03726 -0.03257 0.01555 0.00052 0.99935
1726497638.124583244 -0.00752 0.00015 -0.03730 -0.03266 0.01554 0.00055 0.99935
1726497638.134583473 -0.00757 0.00012 -0.03733 -0.03274 0.01553 0.00057 0.99934
1726497638.144583225 -0.00761 0.00010 -0.03733 -0.03282 0.01551 0.00059 0.99934
1726497638.154583216 -0.00763 0.00008 -0.03732 -0.03289 0.01550 0.00060 0.99934
1726497638.164583206 -0.00763 0.00007 -0.03729 -0.03296 0.01549 0.00062 0.99934
1726497638.174583435 -0.00763 0.00007 -0.03726 -0.03303 0.01547 0.00064 0.99933
1726497638.184583187 -0.00761 0.00008 -0.03722 -0.03308 0.01546 0.00065 0.99933
1726497638.194583178 -0.00760 0.00011 -0.03719 -0.03313 0.01544 0.00066 0.99933
1726497638.204583168 -0.00758 0.00016 -0.03717 -0.03316 0.01543 0.00068 0.99933
1726497638.214583397 -0.00757 0.00023 -0.03716 -0.03319 0.01541 0.00069 0.99933
1726497638.224583387 -0.00757 0.00033 -0.03717 -0.03321 0.01540 0.00070 0.99933
1726497638.234583139 -0.00757 0.00046 -0.03720 -0.03321 0.01538 0.00072 0.99933
1726497638.244583368 -0.00759 0.00061 -0.03726 -0.03321 0.01537 0.00073 0.99933
1726497638.254583359 -0.00762 0.00079 -0.03734 -0.03319 0.01535 0.00074 0.99933
1726497638.264583349 -0.00766 0.00100 -0.03743 -0.03316 0.01534 0.00075 0.99933
1726497638.274583101 -0.00771 0.00122 -0.03752 -0.03313 0.01533 0.00076 0.99933
1726497638.284583330 -0.00776 0.00146 -0.03761 -0.03309 0.01532 0.00076 0.99933
1726497638.294583321 -0.00781 0.00170 -0.03768 -0.03305 0.01532 0.00076 0.99934
1726497638.304583311 -0.00785 0.00195 -0.03773 -0.03301 0.01532 0.00076 0.99934
1726497638.314583063 -0.00790 0.00220 -0.03775 -0.03297 0.01532 0.00074 0.99934
1726497638.324583292 -0.00793 0.00244 -0.03772 -0.03293 0.01532 0.00073 0.99934
1726497638.334583521 -0.00796 0.00267 -0.03765 -0.03289 0.01533 0.00070 0.99934
1726497638.344583273 -0.00797 0.00288 -0.03753 -0.03285 0.01535 0.00066 0.99934
1726497638.354583263 -0.00798 0.00308 -0.03735 -0.03282 0.01537 0.00062 0.99934
1726497638.364583254 -0.00798 0.00327 -0.03714 -0.03280 0.01539 0.00057 0.99934
1726497638.374583483 -0.00799 0.00343 -0.03689 -0.03277 0.01542 0.00052 0.99934
1726497638.384583235 -0.00800 0.00358 -0.03663 -0.03276 0.01545 0.00046 0.99934
1726497638.394583225 -0.00803 0.00370 -0.03635 -0.03274 0.01547 0.00040 0.99934
1726497638.404583216 -0.00808 0.00381 -0.03607 -0.03273 0.01550 0.00034 0.99934
1726497638.414583445 -0.00815 0.00389 -0.03580 -0.03272 0.01552 0.00028 0.99934
1726497638.424583197 -0.00824 0.00395 -0.03554 -0.03271 0.01555 0.00023 0.99934
1726497638.434583187 -0.00838 0.00398 -0.03531 -0.03270 0.01556 0.00017 0.99934
1726497638.444583178 -0.00855 0.00399 -0.03511 -0.03270 0.01558 0.00013 0.99934
1726497638.454583406 -0.00875 0.00399 -0.03495 -0.03269 0.01558 0.00008 0.99934
1726497638.464583158 -0.00898 0.00398 -0.03483 -0.03269 0.01559 0.00005 0.99934
1726497638.474583149 -0.00922 0.00397 -0.03475 -0.03268 0.01559 0.00002 0.99934
1726497638.484583378 -0.00948 0.00398 -0.03472 -0.03268 0.01558 -0.00001 0.99934
1726497638.494583368 -0.00975 0.00402 -0.03474 -0.03267 0.01558 -0.00003 0.99934
1726497638.504583359 -0.01001 0.00409 -0.03481 -0.03266 0.01557 -0.00005 0.99935
1726497638.514583111 -0.01027 0.00420 -0.03494 -0.03265 0.01556 -0.00005 0.99935
1726497638.524583340 -0.01051 0.00437 -0.03512 -0.03263 0.01554 -0.00006 0.99935
1726497638.534583330 -0.01073 0.00460 -0.03537 -0.03261 0.01553 -0.00005 0.99935
1726497638.544583321 -0.01092 0.00491 -0.03568 -0.03259 0.01551 -0.00004 0.99935
1726497638.554583073 -0.01109 0.00527 -0.03604 -0.03256 0.01549 -0.00003 0.99935
1726497638.564583302 -0.01124 0.00569 -0.03643 -0.03253 0.01547 -0.00001 0.99935
1726497638.574583292 -0.01137 0.00614 -0.03685 -0.03250 0.01545 0.00001 0.99935
1726497638.584583282 -0.01149 0.00662 -0.03728 -0.03247 0.01543 0.00003 0.99935
1726497638.594583035 -0.01159 0.00711 -0.03771 -0.03244 0.01541 0.00006 0.99936
1726497638.604583263 -0.01169 0.00761 -0.03812 -0.03241 0.01538 0.00008 0.99936
1726497638.614583492 -0.01178 0.00809 -0.03850 -0.03239 0.01536 0.00010 0.99936
1726497638.624583244 -0.01188 0.00855 -0.03883 -0.03238 0.01533 0.00011 0.99936
1726497638.634583235 -0.01197 0.00898 -0.03911 -0.03238 0.01531 0.00013 0.99936
1726497638.644583225 -0.01207 0.00936 -0.03932 -0.03238 0.01528 0.00013 0.99936
1726497638.654583454 -0.01218 0.00969 -0.03946 -0.03239 0.01526 0.00013 0.99936
1726497638.664583206 -0.01228 0.00998 -0.03954 -0.03241 0.01524 0.00013 0.99936
1726497638.674583197 -0.01238 0.01023 -0.03956 -0.03243 0.01521 0.00013 0.99936
1726497638.684583187 -0.01248 0.01044 -0.03954 -0.03246 0.01519 0.00013 0.99936
1726497638.694583416 -0.01258 0.01061 -0.03948 -0.03249 0.01518 0.00013 0.99936
1726497638.704583168 -0.01266 0.01075 -0.03939 -0.03252 0.01516 0.00012 0.99936
1726497638.714583158 -0.01273 0.01084 -0.03926 -0.03255 0.01515 0.00013 0.99936
1726497638.724583387 -0.01279 0.01091 -0.03911 -0.03258 0.01515 0.00013 0.99935
1726497638.734583378 -0.01283 0.01094 -0.03895 -0.03260 0.01515 0.00015 0.99935
1726497638.744583368 -0.01285 0.01094 -0.03877 -0.03263 0.01516 0.00017 0.99935
1726497638.754583120 -0.01286 0.01093 -0.03858 -0.03265 0.01517 0.00019 0.99935
1726497638.764583349 -0.01284 0.01091 -0.03838 -0.03267 0.01519 0.00022 0.99935
1726497638.774583340 -0.01281 0.01090 -0.03817 -0.03268 0.01521 0.00025 0.99935
1726497638.784583330 -0.01277 0.01093 -0.03795 -0.03269 0.01523 0.00029 0.99935
1726497638.794583082 -0.01272 0.01099 -0.03772 -0.03270 0.01525 0.00032 0.99935
1726497638.804583311 -0.01265 0.01111 -0.03747 -0.03270 0.01528 0.00035 0.99935
1726497638.814583302 -0.01258 0.01129 -0.03720 -0.03270 0.01530 0.00038 0.99935
1726497638.824583292 -0.01249 0.01156 -0.03693 -0.03270 0.01532 0.00040 0.99935
1726497638.834583044 -0.01240 0.01192 -0.03663 -0.03269 0.01533 0.00042 0.99935
1726497638.844583273 -0.01231 0.01239 -0.03633 -0.03269 0.01534 0.00043 0.99935
1726497638.854583502 -0.01222 0.01295 -0.03601 -0.03267 0.01535 0.00044 0.99935
1726497638.864583254 -0.01214 0.01356 -0.03570 -0.03266 0.01535 0.00044 0.99935
1726497638.874583244 -0.01207 0.01421 -0.03541 -0.03265 0.01534 0.00044 0.99935
1726497638.884583235 -0.01203 0.01486 -0.03514 -0.03263 0.01534 0.00045 0.99935
1726497638.894583464 -0.01202 0.01550 -0.03490 -0.03261 0.01532 0.00045 0.99935
1726497638.904583216 -0.01205 0.01610 -0.03470 -0.03260 0.01531 0.00046 0.99935
1726497638.914583206 -0.01212 0.01662 -0.03456 -0.03258 0.01529 0.00048 0.99935
1726497638.924583197 -0.01225 0.01706 -0.03448 -0.03257 0.01527 0.00051 0.99935
1726497638.934583426 -0.01244 0.01737 -0.03447 -0.03256 0.01525 0.00055 0.99935
1726497638.944583178 -0.01270 0.01754 -0.03454 -0.03255 0.01522 0.00060 0.99935
1726497638.954583168 -0.01300 0.01759 -0.03468 -0.03254 0.01520 0.00067 0.99935
1726497638.964583158 -0.01335 0.01752 -0.03487 -0.03253 0.01517 0.00074 0.99936
1726497638.974583387 -0.01371 0.01738 -0.03511 -0.03253 0.01514 0.00082 0.99936
1726497638.984583378 -0.01407 0.01716 -0.03538 -0.03252 0.01511 0.00090 0.99936
1726497638.994583130 -0.01441 0.01690 -0.03566 -0.03252 0.01508 0.00098 0.99936
1726497639.004583359 -0.01473 0.01661 -0.03595 -0.03251 0.01506 0.00106 0.99936
1726497639.014583349 -0.01499 0.01632 -0.03623 -0.03251 0.01503 0.00114 0.99936
1726497639.024583340 -0.01520 0.01603 -0.03649 -0.03251 0.01501 0.00121 0.99936
1726497639.034583092 -0.01532 0.01578 -0.03671 -0.03250 0.01498 0.00127 0.99936
1726497639.044583321 -0.01534 0.01558 -0.03689 -0.03249 0.01497 0.00131 0.99936
1726497639.054583311 -0.01529 0.01542 -0.03703 -0.03249 0.01495 0.00135 0.99936
1726497639.064583302 -0.01517 0.01532 -0.03712 -0.03248 0.01494 0.00137 0.99936
1726497639.074583054 -0.01501 0.01526 -0.03717 -0.03248 0.01493 0.00139 0.99936
1726497639.084583282 -0.01482 0.01525 -0.03718 -0.03248 0.01493 0.00139 0.99936
1726497639.094583511 -0.01462 0.01528 -0.03716 -0.03248 0.01493 0.00139 0.99936
1726497639.104583263 -0.01443 0.01536 -0.03711 -0.03249 0.01493 0.00138 0.99936
1726497639.114583254 -0.01427 0.01548 -0.03702 -0.03251 0.01494 0.00136 0.99936
1726497639.124583244 -0.01415 0.01563 -0.03691 -0.03253 0.01496 0.00133 0.99936
1726497639.134583473 -0.01410 0.01583 -0.03678 -0.03255 0.01498 0.00130 0.99936
1726497639.144583225 -0.01412 0.01606 -0.03662 -0.03259 0.01500 0.00127 0.99936
1726497639.154583216 -0.01421 0.01631 -0.03644 -0.03264 0.01503 0.00123 0.99935
1726497639.164583206 -0.01437 0.01657 -0.03624 -0.03268 0.01507 0.00120 0.99935
1726497639.174583435 -0.01458 0.01683 -0.03602 -0.03274 0.01511 0.00116 0.99935
1726497639.184583187 -0.01483 0.01707 -0.03579 -0.03279 0.01515 0.00113 0.99935
1726497639.194583178 -0.01512 0.01728 -0.03554 -0.03284 0.01520 0.00110 0.99934
1726497639.204583168 -0.01544 0.01744 -0.03527 -0.03288 0.01526 0.00109 0.99934
1726497639.214583397 -0.01578 0.01754 -0.03499 -0.03293 0.01532 0.00107 0.99934
1726497639.224583387 -0.01612 0.01757 -0.03470 -0.03296 0.01539 0.00108 0.99934
1726497639.234583139 -0.01647 0.01751 -0.03440 -0.03298 0.01546 0.00109 0.99934
1726497639.244583368 -0.01681 0.01735 -0.03408 -0.03300 0.01554 0.00112 0.99933
1726497639.254583359 -0.01714 0.01711 -0.03377 -0.03300 0.01562 0.00116 0.99933
1726497639.264583349 -0.01745 0.01681 -0.03347 -0.03299 0.01570 0.00121 0.99933
1726497639.274583101 -0.01773 0.01646 -0.03318 -0.03298 0.01577 0.00126 0.99933
1726497639.284583330 -0.01799 0.01609 -0.03291 -0.03297 0.01584 0.00133 0.99933
1726497639.294583321 -0.01822 0.01572 -0.03269 -0.03295 0.01590 0.00139 0.99933
1726497639.304583311 -0.01841 0.01536 -0.03250 -0.03293 0.01595 0.00145 0.99933
1726497639.314583063 -0.01855 0.01504 -0.03236 -0.03292 0.01598 0.00150 0.99933
1726497639.324583292 -0.01865 0.01476 -0.03229 -0.03291 0.01599 0.00155 0.99933
1726497639.334583521 -0.01869 0.01457 -0.03228 -0.03290 0.01598 0.00159 0.99933
1726497639.344583273 -0.01868 0.01446 -0.03235 -0.03290 0.01595 0.00162 0.99933
1726497639.354583263 -0.01863 0.01443 -0.03248 -0.03291 0.01589 0.00163 0.99933
1726497639.364583254 -0.01854 0.01447 -0.03265 -0.03292 0.01583 0.00164 0.99933
1726497639.374583483 -0.01844 0.01456 -0.03286 -0.03294 0.01575 0.00163 0.99933
1726497639.384583235 -0.01833 0.01470 -0.03307 -0.03296 0.01567 0.00162 0.99933
1726497639.394583225 -0.01823 0.01488 -0.03328 -0.03299 0.01560 0.00160 0.99933
1726497639.404583216 -0.01815 0.01507 -0.03346 -0.03302 0.01553 0.00158 0.99933
1726497639.414583445 -0.01811 0.01527 -0.03360 -0.03305 0.01547 0.00156 0.99933
1726497639.424583197 -0.01812 0.01548 -0.03369 -0.03308 0.01544 0.00153 0.99933
1726497639.434583187 -0.01818 0.01566 -0.03371 -0.03311 0.01543 0.00150 0.99933
1726497639.444583178 -0.01832 0.01583 -0.03364 -0.03314 0.01545 0.00147 0.99933
1726497639.454583406 -0.01852 0.01596 -0.03350 -0.03317 0.01549 0.00144 0.99933
1726497639.464583158 -0.01878 0.01606 -0.03330 -0.03320 0.01555 0.00141 0.99933
1726497639.474583149 -0.01908 0.01611 -0.03306 -0.03323 0.01563 0.00139 0.99932
1726497639.484583378 -0.01941 0.01613 -0.03280 -0.03325 0.01572 0.00137 0.99932
1726497639.494583368 -0.01975 0.01610 -0.03254 -0.03326 0.01581 0.00135 0.99932
1726497639.504583359 -0.02011 0.01602 -0.03229 -0.03328 0.01589 0.00134 0.99932
1726497639.514583111 -0.02046 0.01588 -0.03206 -0.03328 0.01598 0.00134 0.99932
1726497639.524583340 -0.02079 0.01568 -0.03188 -0.03328 0.01605 0.00134 0.99932
1726497639.534583330 -0.02110 0.01542 -0.03176 -0.03327 0.01610 0.00135 0.99932
1726497639.544583321 -0.02138 0.01510 -0.03172 -0.03325 0.01613 0.00137 0.99932
1726497639.554583073 -0.02162 0.01474 -0.03174 -0.03323 0.01614 0.00140 0.99932
1726497639.564583302 -0.02184 0.01436 -0.03181 -0.03320 0.01614 0.00143 0.99932
1726497639.574583292 -0.02203 0.01398 -0.03193 -0.03317 0.01612 0.00146 0.99932
1726497639.584583282 -0.02221 0.01364 -0.03208 -0.03315 0.01610 0.00149 0.99932
1726497639.594583035 -0.02237 0.01335 -0.03224 -0.03312 0.01608 0.00152 0.99932
1726497639.604583263 -0.02253 0.01315 -0.03241 -0.03311 0.01605 0.00154 0.99932
1726497639.614583492 -0.02268 0.01305 -0.03257 -0.03310 0.01604 0.00156 0.99932
1726497639.624583244 -0.02283 0.01309 -0.03270 -0.03311 0.01603 0.00156 0.99932
1726497639.634583235 -0.02298 0.01328 -0.03281 -0.03313 0.01603 0.00156 0.99932
1726497639.644583225 -0.02315 0.01364 -0.03287 -0.03316 0.01606 0.00154 0.99932
1726497639.654583454 -0.02332 0.01415 -0.03289 -0.03321 0.01609 0.00151 0.99932
1726497639.664583206 -0.02350 0.01476 -0.03288 -0.03327 0.01614 0.00147 0.99931
1726497639.674583197 -0.02367 0.01544 -0.03283 -0.03334 0.01620 0.00143 0.99931
1726497639.684583187 -0.02383 0.01615 -0.03274 -0.03341 0.01626 0.00138 0.99931
1726497639.694583416 -0.02398 0.01685 -0.03263 -0.03349 0.01633 0.00134 0.99930
1726497639.704583168 -0.02412 0.01751 -0.03250 -0.03356 0.01639 0.00130 0.99930
1726497639.714583158 -0.02423 0.01808 -0.03235 -0.03363 0.01646 0.00127 0.99930
1726497639.724583387 -0.02432 0.01853 -0.03218 -0.03369 0.01652 0.00124 0.99930
1726497639.734583378 -0.02438 0.01882 -0.03200 -0.03374 0.01657 0.00123 0.99929
1726497639.744583368 -0.02440 0.01893 -0.03181 -0.03378 0.01661 0.00124 0.99929
1726497639.754583120 -0.02439 0.01886 -0.03162 -0.03380 0.01664 0.00126 0.99929
1726497639.764583349 -0.02436 0.01867 -0.03143 -0.03382 0.01666 0.00129 0.99929
1726497639.774583340 -0.02429 0.01836 -0.03125 -0.03383 0.01667 0.00132 0.99929
1726497639.784583330 -0.02420 0.01799 -0.03109 -0.03383 0.01668 0.00136 0.99929
1726497639.794583082 -0.02409 0.01756 -0.03096 -0.03382 0.01667 0.00141 0.99929
1726497639.804583311 -0.02396 0.01713 -0.03085 -0.03382 0.01666 0.00145 0.99929
1726497639.814583302 -0.02382 0.01671 -0.03078 -0.03381 0.01665 0.00148 0.99929
1726497639.824583292 -0.02366 0.01634 -0.03076 -0.03380 0.01662 0.00151 0.99929
1726497639.834583044 -0.02348 0.01605 -0.03078 -0.03379 0.01659 0.00153 0.99929
1726497639.844583273 -0.02331 0.01585 -0.03086 -0.03379 0.01656 0.00153 0.99929
1726497639.854583502 -0.02312 0.01576 -0.03099 -0.03379 0.01653 0.00152 0.99929
1726497639.864583254 -0.02292 0.01574 -0.03114 -0.03380 0.01649 0.00151 0.99929
1726497639.874583244 -0.02272 0.01579 -0.03132 -0.03381 0.01645 0.00148 0.99929
1726497639.884583235 -0.02251 0.01589 -0.03150 -0.03382 0.01641 0.00145 0.99929
1726497639.894583464 -0.02229 0.01603 -0.03168 -0.03384 0.01637 0.00142 0.99929
1726497639.904583216 -0.02207 0.01619 -0.03185 -0.03385 0.01633 0.00139 0.99929
1726497639.914583206 -0.02184 0.01637 -0.03198 -0.03388 0.01630 0.00136 0.99929
1726497639.924583197 -0.02161 0.01654 -0.03207 -0.03390 0.01628 0.00133 0.99929
1726497639.934583426 -0.02137 0.01669 -0.03211 -0.03393 0.01625 0.00131 0.99929
1726497639.944583178 -0.02112 0.01681 -0.03209 -0.03396 0.01624 0.00129 0.99929
1726497639.954583168 -0.02088 0.01690 -0.03201 -0.03399 0.01623 0.00129 0.99929
1726497639.964583158 -0.02064 0.01697 -0.03188 -0.03402 0.01623 0.00129 0.99929
1726497639.974583387 -0.02042 0.01701 -0.03172 -0.03405 0.01623 0.00129 0.99929
1726497639.984583378 -0.02022 0.01703 -0.03154 -0.03408 0.01623 0.00131 0.99929
1726497639.994583130 -0.02005 0.01703 -0.03134 -0.03411 0.01624 0.00132 0.99929
1726497640.004583359 -0.01991 0.01702 -0.03115 -0.03413 0.01625 0.00135 0.99928
1726497640.014583349 -0.01982 0.01700 -0.03095 -0.03414 0.01625 0.00137 0.99928
1726497640.024583340 -0.01977 0.01697 -0.03078 -0.03415 0.01626 0.00140 0.99928
1726497640.034583092 -0.01977 0.01694 -0.03063 -0.03415 0.01626 0.00144 0.99928
1726497640.044583321 -0.01983 0.01690 -0.03052 -0.03415 0.01626 0.00147 0.99928
1726497640.054583311 -0.01994 0.01686 -0.03044 -0.03413 0.01626 0.00151 0.99928
1726497640.064583302 -0.02009 0.01683 -0.03039 -0.03411 0.01626 0.00155 0.99928
1726497640.074583054 -0.02027 0.01680 -0.03035 -0.03409 0.01626 0.00159 0.99929
1726497640.084583282 -0.02046 0.01678 -0.03032 -0.03406 0.01626 0.00163 0.99929
1726497640.094583511 -0.02066 0.01676 -0.03029 -0.03403 0.01626 0.00166 0.99929
1726497640.104583263 -0.02084 0.01676 -0.03025 -0.03400 0.01627 0.00169 0.99929
1726497640.114583254 -0.02101 0.01677 -0.03019 -0.03398 0.01628 0.00172 0.99929
1726497640.124583244 -0.02115 0.01679 -0.03012 -0.03396 0.01630 0.00175 0.99929
1726497640.134583473 -0.02125 0.01683 -0.03001 -0.03394 0.01632 0.00176 0.99929
1726497640.144583225 -0.02129 0.01689 -0.02987 -0.03393 0.01635 0.00177 0.99929
1726497640.154583216 -0.02130 0.01697 -0.02970 -0.03393 0.01639 0.00178 0.99929
1726497640.164583206 -0.02126 0.01706 -0.02951 -0.03394 0.01643 0.00178 0.99929
1726497640.174583435 -0.02119 0.01717 -0.02932 -0.03395 0.01648 0.00178 0.99929
1726497640.184583187 -0.02110 0.01729 -0.02913 -0.03396 0.01652 0.00177 0.99928
1726497640.194583178 -0.02100 0.01743 -0.02896 -0.03398 0.01657 0.00176 0.99928
1726497640.204583168 -0.02089 0.01757 -0.02882 -0.03400 0.01661 0.00175 0.99928
1726497640.214583397 -0.02077 0.01772 -0.02871 -0.03403 0.01664 0.00174 0.99928
1726497640.224583387 -0.02067 0.01788 -0.02866 -0.03406 0.01666 0.00174 0.99928
1726497640.234583139 -0.02058 0.01804 -0.02867 -0.03409 0.01668 0.00173 0.99928
1726497640.244583368 -0.02050 0.01820 -0.02874 -0.03413 0.01668 0.00172 0.99928
1726497640.254583359 -0.02045 0.01837 -0.02887 -0.03416 0.01667 0.00172 0.99928
1726497640.264583349 -0.02042 0.01853 -0.02905 -0.03419 0.01665 0.00172 0.99928
1726497640.274583101 -0.02040 0.01870 -0.02925 -0.03422 0.01662 0.00172 0.99927
1726497640.284583330 -0.02041 0.01885 -0.02948 -0.03425 0.01659 0.00172 0.99927
1726497640.294583321 -0.02042 0.01900 -0.02970 -0.03428 0.01656 0.00172 0.99927
1726497640.304583311 -0.02045 0.01914 -0.02992 -0.03429 0.01652 0.00172 0.99927
1726497640.314583063 -0.02049 0.01927 -0.03011 -0.03430 0.01648 0.00172 0.99927
1726497640.324583292 -0.02053 0.01939 -0.03027 -0.03431 0.01644 0.00171 0.99927
1726497640.334583521 -0.02059 0.01949 -0.03037 -0.03430 0.01640 0.00171 0.99928
1726497640.344583273 -0.02065 0.01958 -0.03041 -0.03429 0.01637 0.00170 0.99928
1726497640.354583263 -0.02072 0.01965 -0.03040 -0.03426 0.01634 0.00170 0.99928
1726497640.364583254 -0.02079 0.01970 -0.03035 -0.03423 0.01631 0.00169 0.99928
1726497640.374583483 -0.02085 0.01974 -0.03025 -0.03419 0.01629 0.00169 0.99928
1726497640.384583235 -0.02091 0.01976 -0.03013 -0.03415 0.01627 0.00168 0.99928
1726497640.394583225 -0.02095 0.01977 -0.03000 -0.03410 0.01625 0.00169 0.99928
1726497640.404583216 -0.02099 0.01977 -0.02985 -0.03406 0.01623 0.00169 0.99929
1726497640.414583445 -0.02100 0.01975 -0.02971 -0.03402 0.01622 0.00171 0.99929
1726497640.424583197 -0.02100 0.01972 -0.02958 -0.03397 0.01620 0.00173 0.99929
1726497640.434583187 -0.02098 0.01968 -0.02947 -0.03394 0.01618 0.00177 0.99929
1726497640.444583178 -0.02093 0.01963 -0.02939 -0.03391 0.01617 0.00181 0.99929
1726497640.454583406 -0.02086 0.01957 -0.02933 -0.03388 0.01615 0.00186 0.99929
1726497640.464583158 -0.02078 0.01951 -0.02928 -0.03386 0.01614 0.00192 0.99929
1726497640.474583149 -0.02069 0.01947 -0.02925 -0.03384 0.01613 0.00197 0.99930
1726497640.484583378 -0.02061 0.01944 -0.02922 -0.03383 0.01613 0.00203 0.99930
1726497640.494583368 -0.02054 0.01944 -0.02918 -0.03382 0.01612 0.00209 0.99930
1726497640.504583359 -0.02049 0.01946 -0.02914 -0.03381 0.01613 0.00214 0.99930
1726497640.514583111 -0.02047 0.01953 -0.02907 -0.03380 0.01614 0.00219 0.99930
1726497640.524583340 -0.02047 0.01964 -0.02898 -0.03380 0.01616 0.00222 0.99930
1726497640.534583330 -0.02052 0.01980 -0.02886 -0.03379 0.01619 0.00224 0.99930
1726497640.544583321 -0.02061 0.02001 -0.02870 -0.03379 0.01623 0.00224 0.99929
1726497640.554583073 -0.02075 0.02027 -0.02852 -0.03378 0.01628 0.00223 0.99929
1726497640.564583302 -0.02091 0.02056 -0.02833 -0.03378 0.01633 0.00222 0.99929
1726497640.574583292 -0.02109 0.02087 -0.02816 -0.03377 0.01638 0.00220 0.99929
1726497640.584583282 -0.02128 0.02117 -0.02801 -0.03377 0.01644 0.00217 0.99929
1726497640.594583035 -0.02147 0.02146 -0.02790 -0.03377 0.01649 0.00215 0.99929
1726497640.604583263 -0.02165 0.02171 -0.02786 -0.03377 0.01653 0.00214 0.99929
1726497640.614583492 -0.02181 0.02192 -0.02789 -0.03377 0.01657 0.00213 0.99929
1726497640.624583244 -0.02195 0.02206 -0.02801 -0.03377 0.01660 0.00214 0.99929
1726497640.634583235 -0.02204 0.02213 -0.02824 -0.03377 0.01661 0.00216 0.99929
1726497640.644583225 -0.02209 0.02211 -0.02859 -0.03378 0.01662 0.00220 0.99929
1726497640.654583454 -0.02210 0.02201 -0.02904 -0.03378 0.01660 0.00226 0.99929
1726497640.664583206 -0.02208 0.02184 -0.02956 -0.03378 0.01657 0.00233 0.99929
1726497640.674583197 -0.02202 0.02162 -0.03013 -0.03378 0.01653 0.00241 0.99929
1726497640.684583187 -0.02193 0.02136 -0.03072 -0.03378 0.01648 0.00249 0.99929
1726497640.694583416 -0.02182 0.02107 -0.03131 -0.03377 0.01642 0.00257 0.99929
1726497640.704583168 -0.02169 0.02076 -0.03187 -0.03375 0.01635 0.00265 0.99929
1726497640.714583158 -0.02155 0.02045 -0.03237 -0.03372 0.01627 0.00271 0.99930
1726497640.724583387 -0.02140 0.02015 -0.03279 -0.03369 0.01618 0.00277 0.99930
1726497640.734583378 -0.02125 0.01987 -0.03309 -0.03364 0.01609 0.00281 0.99930
1726497640.744583368 -0.02110 0.01963 -0.03328 -0.03357 0.01599 0.00282 0.99930
1726497640.754583120 -0.02095 0.01941 -0.03334 -0.03350 0.01588 0.00281 0.99931
1726497640.764583349 -0.02081 0.01923 -0.03332 -0.03342 0.01577 0.00275 0.99931
1726497640.774583340 -0.02066 0.01907 -0.03321 -0.03333 0.01566 0.00266 0.99932
1726497640.784583330 -0.02050 0.01894 -0.03304 -0.03324 0.01556 0.00250 0.99932
1726497640.794583082 -0.02035 0.01882 -0.03284 -0.03315 0.01545 0.00229 0.99933
1726497640.804583311 -0.02018 0.01873 -0.03261 -0.03306 0.01535 0.00201 0.99933
1726497640.814583302 -0.02002 0.01865 -0.03238 -0.03297 0.01525 0.00165 0.99934
1726497640.824583292 -0.01984 0.01858 -0.03217 -0.03290 0.01516 0.00121 0.99934
1726497640.834583044 -0.01965 0.01852 -0.03199 -0.03283 0.01508 0.00068 0.99935
1726497640.844583273 -0.01945 0.01846 -0.03186 -0.03277 0.01501 0.00003 0.99935
1726497640.854583502 -0.01924 0.01841 -0.03177 -0.03273 0.01496 -0.00075 0.99935
1726497640.864583254 -0.01902 0.01837 -0.03169 -0.03270 0.01492 -0.00172 0.99935
1726497640.874583244 -0.01879 0.01833 -0.03160 -0.03268 0.01492 -0.00292 0.99935
1726497640.884583235 -0.01855 0.01829 -0.03148 -0.03267 0.01496 -0.00438 0.99934
1726497640.894583464 -0.01830 0.01826 -0.03132 -0.03268 0.01504 -0.00616 0.99933
1726497640.904583216 -0.01804 0.01822 -0.03109 -0.03269 0.01517 -0.00829 0.99932
1726497640.914583206 -0.01777 0.01819 -0.03077 -0.03272 0.01535 -0.01081 0.99929
1726497640.924583197 -0.01749 0.01815 -0.03034 -0.03275 0.01560 -0.01377 0.99925
1726497640.934583426 -0.01720 0.01812 -0.02978 -0.03279 0.01592 -0.01721 0.99919
1726497640.944583178 -0.01689 0.01808 -0.02908 -0.03284 0.01630 -0.02115 0.99910
1726497640.954583168 -0.01658 0.01802 -0.02830 -0.03290 0.01671 -0.02552 0.99899
1726497640.964583158 -0.01625 0.01794 -0.02752 -0.03297 0.01709 -0.03024 0.99885
1726497640.974583387 -0.01590 0.01781 -0.02679 -0.03304 0.01740 -0.03522 0.99868
1726497640.984583378 -0.01553 0.01764 -0.02619 -0.03311 0.01758 -0.04038 0.99848
1726497640.994583130 -0.01513 0.01739 -0.02579 -0.03318 0.01760 -0.04563 0.99825
1726497641.004583359 -0.01471 0.01706 -0.02564 -0.03325 0.01748 -0.05092 0.99800
1726497641.014583349 -0.01424 0.01660 -0.02579 -0.03331 0.01724 -0.05621 0.99771
1726497641.024583340 -0.01374 0.01600 -0.02630 -0.03335 0.01692 -0.06145 0.99741
1726497641.034583092 -0.01319 0.01523 -0.02723 -0.03337 0.01655 -0.06658 0.99709
1726497641.044583321 -0.01259 0.01428 -0.02858 -0.03336 0.01615 -0.07159 0.99675
1726497641.054583311 -0.01195 0.01321 -0.03022 -0.03333 0.01575 -0.07647 0.99639
1726497641.064583302 -0.01130 0.01209 -0.03198 -0.03330 0.01538 -0.08128 0.99602
1726497641.074583054 -0.01067 0.01100 -0.03369 -0.03329 0.01505 -0.08604 0.99562
1726497641.084583282 -0.01006 0.01001 -0.03517 -0.03329 0.01480 -0.09079 0.99520
1726497641.094583511 -0.00950 0.00918 -0.03628 -0.03333 0.01463 -0.09555 0.99476
1726497641.104583263 -0.00902 0.00847 -0.03700 -0.03339 0.01455 -0.10031 0.99429
1726497641.114583254 -0.00865 0.00784 -0.03734 -0.03346 0.01453 -0.10506 0.99380
1726497641.124583244 -0.00839 0.00724 -0.03731 -0.03354 0.01457 -0.10978 0.99328
1726497641.134583473 -0.00829 0.00662 -0.03692 -0.03359 0.01464 -0.11446 0.99275
1726497641.144583225 -0.00836 0.00595 -0.03620 -0.03363 0.01474 -0.11906 0.99221
1726497641.154583216 -0.00854 0.00523 -0.03526 -0.03365 0.01485 -0.12358 0.99165
1726497641.164583206 -0.00879 0.00450 -0.03423 -0.03366 0.01495 -0.12799 0.99109
1726497641.174583435 -0.00905 0.00378 -0.03326 -0.03368 0.01503 -0.13226 0.99053
1726497641.184583187 -0.00926 0.00311 -0.03247 -0.03370 0.01508 -0.13637 0.98997
1726497641.194583178 -0.00938 0.00251 -0.03196 -0.03374 0.01509 -0.14029 0.98942
1726497641.204583168 -0.00945 0.00198 -0.03173 -0.03379 0.01506 -0.14404 0.98888
1726497641.214583397 -0.00952 0.00152 -0.03174 -0.03384 0.01503 -0.14763 0.98835
1726497641.224583387 -0.00964 0.00112 -0.03195 -0.03387 0.01503 -0.15106 0.98783
1726497641.234583139 -0.00986 0.00077 -0.03233 -0.03389 0.01506 -0.15434 0.98732
1726497641.244583368 -0.01021 0.00046 -0.03284 -0.03387 0.01515 -0.15748 0.98682
1726497641.254583359 -0.01058 0.00015 -0.03342 -0.03383 0.01529 -0.16049 0.98634
1726497641.264583349 -0.01084 -0.00022 -0.03400 -0.03378 0.01543 -0.16339 0.98586
1726497641.274583101 -0.01088 -0.00069 -0.03454 -0.03372 0.01555 -0.16617 0.98540
1726497641.284583330 -0.01055 -0.00134 -0.03498 -0.03367 0.01564 -0.16884 0.98494
1726497641.294583321 -0.00977 -0.00218 -0.03526 -0.03362 0.01565 -0.17143 0.98450
1726497641.304583311 -0.00865 -0.00317 -0.03543 -0.03359 0.01562 -0.17393 0.98406
1726497641.314583063 -0.00731 -0.00421 -0.03551 -0.03357 0.01554 -0.17635 0.98363
1726497641.324583292 -0.00591 -0.00525 -0.03555 -0.03354 0.01545 -0.17871 0.98321
1726497641.334583521 -0.00458 -0.00619 -0.03560 -0.03352 0.01535 -0.18101 0.98279
1726497641.344583273 -0.00344 -0.00698 -0.03568 -0.03350 0.01527 -0.18327 0.98237
1726497641.354583263 -0.00249 -0.00761 -0.03580 -0.03347 0.01519 -0.18548 0.98196
1726497641.364583254 -0.00172 -0.00811 -0.03596 -0.03344 0.01513 -0.18765 0.98155
1726497641.374583483 -0.00111 -0.00849 -0.03613 -0.03341 0.01507 -0.18978 0.98114
1726497641.384583235 -0.00063 -0.00878 -0.03632 -0.03338 0.01502 -0.19187 0.98074
1726497641.394583225 -0.00028 -0.00899 -0.03652 -0.03335 0.01498 -0.19392 0.98034
1726497641.404583216 -0.00003 -0.00913 -0.03672 -0.03331 0.01494 -0.19592 0.97994
1726497641.414583445 0.00013 -0.00922 -0.03692 -0.03328 0.01490 -0.19789 0.97955
1726497641.424583197 0.00023 -0.00930 -0.03710 -0.03325 0.01487 -0.19981 0.97916
1726497641.434583187 0.00028 -0.00936 -0.03727 -0.03322 0.01484 -0.20170 0.97877
1726497641.444583178 0.00030 -0.00943 -0.03741 -0.03320 0.01480 -0.20354 0.97839
1726497641.454583406 0.00029 -0.00951 -0.03751 -0.03318 0.01476 -0.20536 0.97801
1726497641.464583158 0.00026 -0.00961 -0.03759 -0.03316 0.01473 -0.20715 0.97764
1726497641.474583149 0.00021 -0.00974 -0.03763 -0.03314 0.01470 -0.20892 0.97726
1726497641.484583378 0.00016 -0.00991 -0.03763 -0.03313 0.01467 -0.21068 0.97688
1726497641.494583368 0.00010 -0.01011 -0.03760 -0.03312 0.01466 -0.21243 0.97651
1726497641.504583359 0.00004 -0.01036 -0.03752 -0.03311 0.01465 -0.21418 0.97612
1726497641.514583111 -0.00002 -0.01066 -0.03739 -0.03311 0.01465 -0.21594 0.97573
1726497641.524583340 -0.00007 -0.01101 -0.03722 -0.03312 0.01466 -0.21771 0.97534
1726497641.534583330 -0.00010 -0.01143 -0.03700 -0.03313 0.01469 -0.21950 0.97494
1726497641.544583321 -0.00012 -0.01191 -0.03673 -0.03314 0.01474 -0.22132 0.97453
1726497641.554583073 -0.00011 -0.01245 -0.03642 -0.03316 0.01479 -0.22316 0.97410
1726497641.564583302 -0.00008 -0.01304 -0.03608 -0.03319 0.01486 -0.22503 0.97367
1726497641.574583292 -0.00003 -0.01368 -0.03572 -0.03321 0.01492 -0.22691 0.97323
1726497641.584583282 0.00005 -0.01434 -0.03536 -0.03324 0.01499 -0.22882 0.97279
1726497641.594583035 0.00016 -0.01502 -0.03502 -0.03327 0.01506 -0.23074 0.97233
1726497641.604583263 0.00030 -0.01571 -0.03469 -0.03330 0.01511 -0.23268 0.97187
1726497641.614583492 0.00048 -0.01640 -0.03440 -0.03332 0.01516 -0.23463 0.97139
1726497641.624583244 0.00069 -0.01709 -0.03416 -0.03334 0.01518 -0.23660 0.97092
1726497641.634583235 0.00094 -0.01776 -0.03397 -0.03336 0.01519 -0.23858 0.97043
1726497641.644583225 0.00122 -0.01840 -0.03386 -0.03338 0.01518 -0.24057 0.96994
1726497641.654583454 0.00154 -0.01901 -0.03380 -0.03339 0.01514 -0.24256 0.96944
1726497641.664583206 0.00188 -0.01960 -0.03380 -0.03340 0.01509 -0.24455 0.96894
1726497641.674583197 0.00225 -0.02016 -0.03383 -0.03340 0.01503 -0.24653 0.96844
1726497641.684583187 0.00263 -0.02070 -0.03390 -0.03341 0.01496 -0.24849 0.96794
1726497641.694583416 0.00301 -0.02121 -0.03397 -0.03342 0.01489 -0.25044 0.96744
1726497641.704583168 0.00340 -0.02171 -0.03406 -0.03342 0.01482 -0.25235 0.96694
1726497641.714583158 0.00377 -0.02218 -0.03414 -0.03344 0.01476 -0.25423 0.96645
1726497641.724583387 0.00414 -0.02263 -0.03420 -0.03345 0.01470 -0.25608 0.96597
1726497641.734583378 0.00449 -0.02306 -0.03424 -0.03347 0.01467 -0.25787 0.96549
1726497641.744583368 0.00481 -0.02347 -0.03424 -0.03350 0.01465 -0.25961 0.96502
1726497641.754583120 0.00511 -0.02386 -0.03420 -0.03353 0.01465 -0.26132 0.96456
1726497641.764583349 0.00538 -0.02423 -0.03414 -0.03357 0.01466 -0.26299 0.96410
1726497641.774583340 0.00563 -0.02459 -0.03406 -0.03360 0.01469 -0.26465 0.96365
1726497641.784583330 0.00586 -0.02492 -0.03396 -0.03364 0.01472 -0.26631 0.96319
1726497641.794583082 0.00606 -0.02524 -0.03385 -0.03368 0.01476 -0.26798 0.96272
1726497641.804583311 0.00623 -0.02554 -0.03373 -0.03372 0.01481 -0.26967 0.96225
1726497641.814583302 0.00639 -0.02581 -0.03361 -0.03376 0.01486 -0.27140 0.96176
1726497641.824583292 0.00652 -0.02608 -0.03350 -0.03379 0.01491 -0.27317 0.96126
1726497641.834583044 0.00664 -0.02632 -0.03340 -0.03382 0.01495 -0.27500 0.96073
1726497641.844583273 0.00673 -0.02654 -0.03331 -0.03384 0.01499 -0.27690 0.96019
1726497641.854583502 0.00679 -0.02675 -0.03324 -0.03386 0.01503 -0.27885 0.95962
1726497641.864583254 0.00684 -0.02693 -0.03318 -0.03387 0.01506 -0.28084 0.95904
1726497641.874583244 0.00686 -0.02710 -0.03314 -0.03388 0.01509 -0.28286 0.95844
1726497641.884583235 0.00685 -0.02724 -0.03311 -0.03389 0.01512 -0.28488 0.95784
1726497641.894583464 0.00682 -0.02737 -0.03309 -0.03389 0.01515 -0.28689 0.95724
1726497641.904583216 0.00676 -0.02747 -0.03309 -0.03390 0.01517 -0.28887 0.95665
1726497641.914583206 0.00667 -0.02754 -0.03310 -0.03391 0.01520 -0.29081 0.95606
1726497641.924583197 0.00655 -0.02759 -0.03312 -0.03392 0.01523 -0.29269 0.95548
1726497641.934583426 0.00639 -0.02762 -0.03315 -0.03393 0.01526 -0.29449 0.95493
1726497641.944583178 0.00621 -0.02763 -0.03319 -0.03394 0.01529 -0.29621 0.95440
1726497641.954583168 0.00600 -0.02760 -0.03323 -0.03396 0.01533 -0.29785 0.95389
1726497641.964583158 0.00577 -0.02756 -0.03327 -0.03398 0.01536 -0.29941 0.95339
1726497641.974583387 0.00553 -0.02750 -0.03330 -0.03401 0.01541 -0.30092 0.95292
1726497641.984583378 0.00527 -0.02741 -0.03331 -0.03403 0.01545 -0.30239 0.95245
1726497641.994583130 0.00501 -0.02731 -0.03330 -0.03405 0.01550 -0.30382 0.95200
1726497642.004583359 0.00475 -0.02720 -0.03326 -0.03408 0.01556 -0.30522 0.95154
1726497642.014583349 0.00450 -0.02707 -0.03318 -0.03410 0.01561 -0.30662 0.95109
1726497642.024583340 0.00426 -0.02692 -0.03305 -0.03412 0.01568 -0.30801 0.95064
1726497642.034583092 0.00404 -0.02677 -0.03288 -0.03414 0.01575 -0.30941 0.95018
1726497642.044583321 0.00384 -0.02661 -0.03265 -0.03416 0.01582 -0.31084 0.94972
1726497642.054583311 0.00367 -0.02643 -0.03237 -0.03417 0.01589 -0.31228 0.94924
1726497642.064583302 0.00351 -0.02626 -0.03206 -0.03418 0.01597 -0.31373 0.94876
1726497642.074583054 0.00337 -0.02607 -0.03173 -0.03419 0.01605 -0.31519 0.94828
1726497642.084583282 0.00324 -0.02588 -0.03138 -0.03420 0.01612 -0.31665 0.94779
1726497642.094583511 0.00312 -0.02569 -0.03103 -0.03421 0.01619 -0.31810 0.94730
1726497642.104583263 0.00302 -0.02550 -0.03069 -0.03422 0.01625 -0.31954 0.94682
1726497642.114583254 0.00292 -0.02531 -0.03036 -0.03423 0.01631 -0.32096 0.94633
1726497642.124583244 0.00282 -0.02513 -0.03007 -0.03424 0.01636 -0.32236 0.94586
1726497642.134583473 0.00273 -0.02494 -0.02983 -0.03426 0.01639 -0.32372 0.94539
1726497642.144583225 0.00264 -0.02476 -0.02963 -0.03428 0.01641 -0.32506 0.94493
1726497642.154583216 0.00255 -0.02459 -0.02948 -0.03430 0.01642 -0.32637 0.94448
1726497642.164583206 0.00247 -0.02443 -0.02937 -0.03432 0.01641 -0.32766 0.94403
1726497642.174583435 0.00241 -0.02429 -0.02930 -0.03434 0.01640 -0.32894 0.94358
1726497642.184583187 0.00236 -0.02416 -0.02927 -0.03436 0.01638 -0.33022 0.94314
1726497642.194583178 0.00235 -0.02405 -0.02926 -0.03438 0.01635 -0.33151 0.94268
1726497642.204583168 0.00236 -0.02396 -0.02927 -0.03440 0.01632 -0.33282 0.94222
1726497642.214583397 0.00240 -0.02390 -0.02930 -0.03441 0.01629 -0.33415 0.94175
1726497642.224583387 0.00248 -0.02387 -0.02935 -0.03442 0.01625 -0.33551 0.94127
1726497642.234583139 0.00261 -0.02387 -0.02940 -0.03443 0.01621 -0.33691 0.94077
1726497642.244583368 0.00278 -0.02390 -0.02945 -0.03443 0.01617 -0.33836 0.94025
1726497642.254583359 0.00300 -0.02397 -0.02950 -0.03442 0.01614 -0.33986 0.93971
1726497642.264583349 0.00324 -0.02406 -0.02954 -0.03442 0.01610 -0.34139 0.93915
1726497642.274583101 0.00350 -0.02419 -0.02958 -0.03441 0.01607 -0.34296 0.93858
1726497642.284583330 0.00378 -0.02434 -0.02962 -0.03440 0.01603 -0.34456 0.93800
1726497642.294583321 0.00406 -0.02452 -0.02964 -0.03439 0.01600 -0.34617 0.93740
1726497642.304583311 0.00433 -0.02473 -0.02965 -0.03439 0.01597 -0.34780 0.93680
1726497642.314583063 0.00458 -0.02495 -0.02965 -0.03439 0.01595 -0.34944 0.93619
1726497642.324583292 0.00481 -0.02520 -0.02963 -0.03439 0.01592 -0.35109 0.93557
1726497642.334583521 0.00501 -0.02546 -0.02958 -0.03440 0.01590 -0.35274 0.93496
1726497642.344583273 0.00516 -0.02575 -0.02952 -0.03442 0.01588 -0.35437 0.93433
1726497642.354583263 0.00528 -0.02604 -0.02945 -0.03444 0.01587 -0.35601 0.93371
1726497642.364583254 0.00537 -0.02634 -0.02936 -0.03447 0.01586 -0.35764 0.93309
1726497642.374583483 0.00544 -0.02664 -0.02927 -0.03451 0.01584 -0.35926 0.93247
1726497642.384583235 0.00551 -0.02693 -0.02918 -0.03454 0.01583 -0.36088 0.93184
1726497642.394583225 0.00557 -0.02722 -0.02910 -0.03458 0.01583 -0.36250 0.93121
1726497642.404583216 0.00565 -0.02749 -0.02904 -0.03461 0.01582 -0.36411 0.93058
1726497642.414583445 0.00574 -0.02775 -0.02899 -0.03465 0.01581 -0.36572 0.92994
1726497642.424583197 0.00586 -0.02797 -0.02897 -0.03467 0.01580 -0.36734 0.92931
1726497642.434583187 0.00602 -0.02817 -0.02899 -0.03470 0.01580 -0.36895 0.92867
1726497642.444583178 0.00621 -0.02833 -0.02904 -0.03471 0.01579 -0.37056 0.92802
1726497642.454583406 0.00645 -0.02846 -0.02912 -0.03472 0.01578 -0.37218 0.92738
1726497642.464583158 0.00672 -0.02856 -0.02924 -0.03473 0.01577 -0.37379 0.92673
1726497642.474583149 0.00700 -0.02864 -0.02937 -0.03473 0.01576 -0.37540 0.92608
1726497642.484583378 0.00730 -0.02868 -0.02953 -0.03473 0.01575 -0.37701 0.92543
1726497642.494583368 0.00760 -0.02871 -0.02969 -0.03473 0.01573 -0.37861 0.92477
1726497642.504583359 0.00791 -0.02871 -0.02986 -0.03473 0.01570 -0.38020 0.92412
1726497642.514583111 0.00820 -0.02870 -0.03004 -0.03472 0.01568 -0.38179 0.92346
1726497642.524583340 0.00847 -0.02867 -0.03021 -0.03472 0.01564 -0.38337 0.92281
1726497642.534583330 0.00871 -0.02863 -0.03038 -0.03472 0.01560 -0.38495 0.92215
1726497642.544583321 0.00892 -0.02858 -0.03053 -0.03473 0.01555 -0.38651 0.92150
1726497642.554583073 0.00910 -0.02853 -0.03067 -0.03474 0.01550 -0.38807 0.92085
1726497642.564583302 0.00925 -0.02849 -0.03079 -0.03475 0.01545 -0.38963 0.92019
1726497642.574583292 0.00936 -0.02846 -0.03088 -0.03476 0.01539 -0.39120 0.91952
1726497642.584583282 0.00945 -0.02846 -0.03095 -0.03477 0.01534 -0.39278 0.91885
1726497642.594583035 0.00952 -0.02850 -0.03099 -0.03478 0.01528 -0.39439 0.91816
1726497642.604583263 0.00956 -0.02857 -0.03100 -0.03479 0.01524 -0.39602 0.91746
1726497642.614583492 0.00957 -0.02870 -0.03097 -0.03480 0.01519 -0.39768 0.91674
1726497642.624583244 0.00957 -0.02889 -0.03091 -0.03481 0.01516 -0.39938 0.91600
1726497642.634583235 0.00955 -0.02915 -0.03081 -0.03482 0.01514 -0.40113 0.91523
1726497642.644583225 0.00951 -0.02948 -0.03066 -0.03482 0.01513 -0.40292 0.91445
1726497642.654583454 0.00945 -0.02987 -0.03048 -0.03482 0.01514 -0.40476 0.91363
1726497642.664583206 0.00939 -0.03031 -0.03028 -0.03482 0.01514 -0.40663 0.91280
1726497642.674583197 0.00931 -0.03077 -0.03007 -0.03481 0.01516 -0.40852 0.91196
1726497642.684583187 0.00923 -0.03125 -0.02986 -0.03480 0.01518 -0.41043 0.91110
1726497642.694583416 0.00914 -0.03172 -0.02966 -0.03479 0.01519 -0.41235 0.91024
1726497642.704583168 0.00904 -0.03217 -0.02948 -0.03478 0.01520 -0.41426 0.90937
1726497642.714583158 0.00895 -0.03259 -0.02934 -0.03476 0.01521 -0.41616 0.90850
1726497642.724583387 0.00886 -0.03295 -0.02925 -0.03475 0.01521 -0.41805 0.90763
1726497642.734583378 0.00877 -0.03324 -0.02921 -0.03473 0.01520 -0.41991 0.90677
1726497642.744583368 0.00868 -0.03345 -0.02924 -0.03471 0.01518 -0.42173 0.90593
1726497642.754583120 0.00860 -0.03359 -0.02932 -0.03469 0.01514 -0.42352 0.90510
1726497642.764583349 0.00852 -0.03367 -0.02946 -0.03467 0.01509 -0.42527 0.90428
1726497642.774583340 0.00845 -0.03372 -0.02964 -0.03465 0.01504 -0.42697 0.90348
1726497642.784583330 0.00837 -0.03375 -0.02986 -0.03463 0.01498 -0.42863 0.90269
1726497642.794583082 0.00829 -0.03378 -0.03010 -0.03462 0.01492 -0.43024 0.90193
1726497642.804583311 0.00821 -0.03383 -0.03036 -0.03461 0.01485 -0.43180 0.90118
1726497642.814583302 0.00812 -0.03390 -0.03062 -0.03460 0.01479 -0.43332 0.90046
1726497642.824583292 0.00802 -0.03403 -0.03089 -0.03460 0.01473 -0.43477 0.89976
1726497642.834583044 0.00791 -0.03422 -0.03115 -0.03461 0.01467 -0.43617 0.89908
1726497642.844583273 0.00779 -0.03448 -0.03139 -0.03462 0.01461 -0.43752 0.89843
1726497642.854583502 0.00767 -0.03481 -0.03162 -0.03465 0.01457 -0.43881 0.89779
1726497642.864583254 0.00754 -0.03519 -0.03182 -0.03467 0.01452 -0.44006 0.89718
1726497642.874583244 0.00742 -0.03559 -0.03200 -0.03470 0.01449 -0.44127 0.89659
1726497642.884583235 0.00730 -0.03600 -0.03214 -0.03474 0.01445 -0.44246 0.89600
1726497642.894583464 0.00719 -0.03640 -0.03226 -0.03478 0.01442 -0.44363 0.89542
1726497642.904583216 0.00710 -0.03677 -0.03234 -0.03482 0.01440 -0.44479 0.89484
1726497642.914583206 0.00703 -0.03709 -0.03238 -0.03486 0.01437 -0.44594 0.89427
1726497642.924583197 0.00699 -0.03734 -0.03237 -0.03491 0.01436 -0.44710 0.89369
1726497642.934583426 0.00697 -0.03751 -0.03232 -0.03495 0.01434 -0.44827 0.89310
1726497642.944583178 0.00699 -0.03758 -0.03223 -0.03499 0.01432 -0.44947 0.89250
1726497642.954583168 0.00703 -0.03757 -0.03210 -0.03503 0.01431 -0.45068 0.89188
1726497642.964583158 0.00709 -0.03749 -0.03193 -0.03507 0.01430 -0.45191 0.89126
1726497642.974583387 0.00717 -0.03736 -0.03175 -0.03511 0.01429 -0.45317 0.89062
1726497642.984583378 0.00725 -0.03719 -0.03156 -0.03514 0.01428 -0.45446 0.88996
1726497642.994583130 0.00734 -0.03702 -0.03138 -0.03517 0.01428 -0.45577 0.88929
1726497643.004583359 0.00741 -0.03685 -0.03120 -0.03520 0.01427 -0.45711 0.88860
1726497643.014583349 0.00747 -0.03670 -0.03104 -0.03522 0.01427 -0.45848 0.88789
1726497643.024583340 0.00751 -0.03660 -0.03092 -0.03523 0.01426 -0.45988 0.88717
1726497643.034583092 0.00753 -0.03655 -0.03083 -0.03524 0.01426 -0.46131 0.88643
1726497643.044583321 0.00750 -0.03658 -0.03080 -0.03525 0.01426 -0.46277 0.88566
1726497643.054583311 0.00745 -0.03668 -0.03081 -0.03524 0.01425 -0.46426 0.88488
1726497643.064583302 0.00735 -0.03685 -0.03085 -0.03524 0.01425 -0.46579 0.88408
1726497643.074583054 0.00723 -0.03707 -0.03092 -0.03523 0.01424 -0.46735 0.88326
1726497643.084583282 0.00707 -0.03735 -0.03101 -0.03522 0.01423 -0.46893 0.88242
1726497643.094583511 0.00688 -0.03767 -0.03112 -0.03521 0.01422 -0.47054 0.88156
1726497643.104583263 0.00666 -0.03803 -0.03123 -0.03520 0.01420 -0.47218 0.88068
1726497643.114583254 0.00641 -0.03843 -0.03134 -0.03519 0.01418 -0.47385 0.87979
1726497643.124583244 0.00613 -0.03885 -0.03144 -0.03518 0.01416 -0.47554 0.87888
1726497643.134583473 0.00581 -0.03930 -0.03153 -0.03518 0.01413 -0.47725 0.87795
1726497643.144583225 0.00547 -0.03975 -0.03159 -0.03518 0.01409 -0.47899 0.87700
1726497643.154583216 0.00511 -0.04022 -0.03162 -0.03518 0.01405 -0.48075 0.87604
1726497643.164583206 0.00473 -0.04070 -0.03164 -0.03519 0.01401 -0.48254 0.87505
1726497643.174583435 0.00435 -0.04117 -0.03162 -0.03520 0.01396 -0.48435 0.87405
1726497643.184583187 0.00397 -0.04164 -0.03158 -0.03521 0.01392 -0.48619 0.87303
1726497643.194583178 0.00359 -0.04209 -0.03152 -0.03522 0.01387 -0.48806 0.87199
1726497643.204583168 0.00323 -0.04254 -0.03142 -0.03522 0.01383 -0.48995 0.87093
1726497643.214583397 0.00290 -0.04296 -0.03130 -0.03523 0.01379 -0.49188 0.86984
1726497643.224583387 0.00259 -0.04336 -0.03115 -0.03523 0.01375 -0.49383 0.86874
1726497643.234583139 0.00232 -0.04372 -0.03098 -0.03522 0.01373 -0.49581 0.86761
1726497643.244583368 0.00210 -0.04405 -0.03078 -0.03521 0.01370 -0.49782 0.86646
1726497643.254583359 0.00192 -0.04436 -0.03055 -0.03520 0.01369 -0.49985 0.86529
1726497643.264583349 0.00177 -0.04463 -0.03031 -0.03518 0.01368 -0.50189 0.86411
1726497643.274583101 0.00164 -0.04487 -0.03006 -0.03516 0.01367 -0.50394 0.86292
1726497643.284583330 0.00154 -0.04510 -0.02981 -0.03513 0.01367 -0.50598 0.86172
1726497643.294583321 0.00144 -0.04530 -0.02956 -0.03511 0.01367 -0.50800 0.86053
1726497643.304583311 0.00135 -0.04549 -0.02932 -0.03509 0.01367 -0.51001 0.85935
1726497643.314583063 0.00126 -0.04567 -0.02910 -0.03507 0.01367 -0.51198 0.85817
1726497643.324583292 0.00116 -0.04584 -0.02890 -0.03506 0.01367 -0.51391 0.85702
1726497643.334583521 0.00105 -0.04600 -0.02873 -0.03506 0.01367 -0.51579 0.85589
1726497643.344583273 0.00091 -0.04616 -0.02859 -0.03506 0.01367 -0.51762 0.85478
1726497643.354583263 0.00076 -0.04632 -0.02849 -0.03506 0.01366 -0.51938 0.85371
1726497643.364583254 0.00060 -0.04647 -0.02841 -0.03507 0.01366 -0.52109 0.85267
1726497643.374583483 0.00043 -0.04661 -0.02834 -0.03509 0.01365 -0.52272 0.85167
1726497643.384583235 0.00026 -0.04675 -0.02830 -0.03510 0.01364 -0.52429 0.85070
1726497643.394583225 0.00010 -0.04687 -0.02826 -0.03512 0.01363 -0.52579 0.84978
1726497643.404583216 -0.00006 -0.04699 -0.02823 -0.03514 0.01362 -0.52722 0.84889
1726497643.414583445 -0.00020 -0.04710 -0.02820 -0.03515 0.01361 -0.52857 0.84805
1726497643.424583197 -0.00033 -0.04720 -0.02817 -0.03516 0.01360 -0.52985 0.84725
1726497643.434583187 -0.00042 -0.04728 -0.02812 -0.03517 0.01359 -0.53104 0.84650
1726497643.444583178 -0.00049 -0.04735 -0.02806 -0.03517 0.01358 -0.53216 0.84580
1726497643.454583406 -0.00054 -0.04741 -0.02799 -0.03516 0.01357 -0.53321 0.84514
1726497643.464583158 -0.00056 -0.04745 -0.02791 -0.03516 0.01356 -0.53422 0.84450
1726497643.474583149 -0.00058 -0.04748 -0.02783 -0.03515 0.01355 -0.53520 0.84388
1726497643.484583378 -0.00059 -0.04750 -0.02776 -0.03514 0.01354 -0.53617 0.84327
1726497643.494583368 -0.00060 -0.04751 -0.02769 -0.03513 0.01352 -0.53716 0.84264
1726497643.504583359 -0.00062 -0.04751 -0.02764 -0.03512 0.01351 -0.53817 0.84200
1726497643.514583111 -0.00064 -0.04750 -0.02761 -0.03512 0.01349 -0.53922 0.84132
1726497643.524583340 -0.00069 -0.04749 -0.02760 -0.03512 0.01347 -0.54034 0.84060
1726497643.534583330 -0.00077 -0.04746 -0.02762 -0.03513 0.01345 -0.54155 0.83983
1726497643.544583321 -0.00087 -0.04743 -0.02767 -0.03514 0.01343 -0.54285 0.83899
1726497643.554583073 -0.00100 -0.04739 -0.02775 -0.03516 0.01341 -0.54424 0.83809
1726497643.564583302 -0.00116 -0.04736 -0.02785 -0.03519 0.01338 -0.54572 0.83712
1726497643.574583292 -0.00135 -0.04734 -0.02798 -0.03522 0.01335 -0.54727 0.83611
1726497643.584583282 -0.00155 -0.04734 -0.02812 -0.03526 0.01333 -0.54890 0.83504
1726497643.594583035 -0.00178 -0.04736 -0.02827 -0.03530 0.01330 -0.55059 0.83392
1726497643.604583263 -0.00202 -0.04741 -0.02844 -0.03534 0.01328 -0.55234 0.83276
1726497643.614583492 -0.00228 -0.04749 -0.02861 -0.03539 0.01326 -0.55414 0.83157
1726497643.624583244 -0.00254 -0.04761 -0.02878 -0.03544 0.01325 -0.55598 0.83034
1726497643.634583235 -0.00282 -0.04777 -0.02895 -0.03549 0.01323 -0.55785 0.82908
1726497643.644583225 -0.00311 -0.04799 -0.02911 -0.03554 0.01323 -0.55975 0.82779
1726497643.654583454 -0.00341 -0.04825 -0.02926 -0.03559 0.01322 -0.56168 0.82649
1726497643.664583206 -0.00370 -0.04854 -0.02939 -0.03565 0.01323 -0.56361 0.82517
1726497643.674583197 -0.00400 -0.04886 -0.02950 -0.03570 0.01323 -0.56555 0.82384
1726497643.684583187 -0.00429 -0.04920 -0.02958 -0.03575 0.01324 -0.56748 0.82250
1726497643.694583416 -0.00458 -0.04955 -0.02963 -0.03580 0.01325 -0.56940 0.82117
1726497643.704583168 -0.00485 -0.04989 -0.02964 -0.03584 0.01327 -0.57130 0.81985
1726497643.714583158 -0.00512 -0.05023 -0.02961 -0.03589 0.01329 -0.57318 0.81854
1726497643.724583387 -0.00537 -0.05056 -0.02954 -0.03593 0.01331 -0.57502 0.81724
1726497643.734583378 -0.00561 -0.05086 -0.02941 -0.03596 0.01334 -0.57682 0.81597
1726497643.744583368 -0.00583 -0.05113 -0.02923 -0.03599 0.01336 -0.57857 0.81473
1726497643.754583120 -0.00604 -0.05136 -0.02901 -0.03602 0.01339 -0.58027 0.81352
1726497643.764583349 -0.00624 -0.05156 -0.02874 -0.03604 0.01342 -0.58193 0.81233
1726497643.774583340 -0.00643 -0.05174 -0.02845 -0.03606 0.01345 -0.58356 0.81116
1726497643.784583330 -0.00664 -0.05188 -0.02814 -0.03607 0.01347 -0.58515 0.81001
1726497643.794583082 -0.00685 -0.05199 -0.02782 -0.03609 0.01350 -0.58671 0.80888
1726497643.804583311 -0.00708 -0.05208 -0.02750 -0.03610 0.01353 -0.58825 0.80776
1726497643.814583302 -0.00733 -0.05213 -0.02719 -0.03611 0.01355 -0.58977 0.80665
1726497643.824583292 -0.00760 -0.05216 -0.02690 -0.03612 0.01357 -0.59127 0.80555
1726497643.834583044 -0.00792 -0.05216 -0.02664 -0.03613 0.01358 -0.59276 0.80446
1726497643.844583273 -0.00827 -0.05214 -0.02641 -0.03613 0.01360 -0.59424 0.80336
1726497643.854583502 -0.00865 -0.05210 -0.02621 -0.03614 0.01360 -0.59571 0.80227
1726497643.864583254 -0.00905 -0.05204 -0.02605 -0.03615 0.01361 -0.59718 0.80118
1726497643.874583244 -0.00946 -0.05197 -0.02590 -0.03615 0.01361 -0.59865 0.80008
1726497643.884583235 -0.00988 -0.05190 -0.02576 -0.03615 0.01361 -0.60012 0.79897
1726497643.894583464 -0.01029 -0.05184 -0.02564 -0.03615 0.01361 -0.60160 0.79786
1726497643.904583216 -0.01069 -0.05179 -0.02551 -0.03614 0.01361 -0.60309 0.79674
1726497643.914583206 -0.01106 -0.05175 -0.02538 -0.03613 0.01361 -0.60459 0.79560
1726497643.924583197 -0.01140 -0.05173 -0.02524 -0.03611 0.01361 -0.60611 0.79444
1726497643.934583426 -0.01170 -0.05174 -0.02509 -0.03608 0.01361 -0.60764 0.79327
1726497643.944583178 -0.01195 -0.05179 -0.02491 -0.03605 0.01361 -0.60919 0.79208
1726497643.954583168 -0.01216 -0.05186 -0.02472 -0.03601 0.01361 -0.61076 0.79088
1726497643.964583158 -0.01233 -0.05195 -0.02452 -0.03597 0.01362 -0.61233 0.78966
1726497643.974583387 -0.01248 -0.05206 -0.02432 -0.03593 0.01362 -0.61391 0.78844
1726497643.984583378 -0.01261 -0.05218 -0.02411 -0.03588 0.01363 -0.61548 0.78721
1726497643.994583130 -0.01274 -0.05230 -0.02391 -0.03583 0.01363 -0.61705 0.78599
1726497644.004583359 -0.01286 -0.05241 -0.02373 -0.03579 0.01364 -0.61859 0.78478
1726497644.014583349 -0.01300 -0.05251 -0.02356 -0.03575 0.01364 -0.62012 0.78358
1726497644.024583340 -0.01316 -0.05260 -0.02342 -0.03571 0.01364 -0.62161 0.78239
1726497644.034583092 -0.01334 -0.05267 -0.02331 -0.03568 0.01364 -0.62308 0.78123
1726497644.044583321 -0.01356 -0.05270 -0.02323 -0.03565 0.01364 -0.62450 0.78009
1726497644.054583311 -0.01381 -0.05271 -0.02318 -0.03563 0.01364 -0.62589 0.77898
1726497644.064583302 -0.01410 -0.05270 -0.02316 -0.03561 0.01364 -0.62723 0.77790
1726497644.074583054 -0.01440 -0.05266 -0.02317 -0.03560 0.01363 -0.62853 0.77685
1726497644.084583282 -0.01473 -0.05261 -0.02319 -0.03560 0.01363 -0.62978 0.77584
1726497644.094583511 -0.01508 -0.05254 -0.02323 -0.03559 0.01362 -0.63098 0.77486
1726497644.104583263 -0.01545 -0.05245 -0.02329 -0.03560 0.01362 -0.63214 0.77392
1726497644.114583254 -0.01582 -0.05236 -0.02335 -0.03560 0.01362 -0.63325 0.77301
1726497644.124583244 -0.01620 -0.05226 -0.02342 -0.03560 0.01362 -0.63430 0.77215
1726497644.134583473 -0.01658 -0.05215 -0.02349 -0.03561 0.01362 -0.63530 0.77132
1726497644.144583225 -0.01697 -0.05204 -0.02355 -0.03561 0.01363 -0.63625 0.77054
1726497644.154583216 -0.01735 -0.05193 -0.02361 -0.03562 0.01363 -0.63714 0.76980
1726497644.164583206 -0.01772 -0.05183 -0.02367 -0.03563 0.01364 -0.63798 0.76911
1726497644.174583435 -0.01809 -0.05173 -0.02371 -0.03563 0.01365 -0.63877 0.76845
1726497644.184583187 -0.01845 -0.05164 -0.02375 -0.03564 0.01367 -0.63951 0.76784
1726497644.194583178 -0.01880 -0.05157 -0.02377 -0.03565 0.01368 -0.64020 0.76726
1726497644.204583168 -0.01913 -0.05151 -0.02378 -0.03566 0.01370 -0.64085 0.76672
1726497644.214583397 -0.01945 -0.05147 -0.02378 -0.03567 0.01372 -0.64144 0.76622
1726497644.224583387 -0.01975 -0.05145 -0.02375 -0.03568 0.01375 -0.64200 0.76575
1726497644.234583139 -0.02003 -0.05145 -0.02371 -0.03569 0.01378 -0.64251 0.76532
1726497644.244583368 -0.02028 -0.05148 -0.02364 -0.03571 0.01381 -0.64298 0.76492
1726497644.254583359 -0.02052 -0.05153 -0.02356 -0.03572 0.01384 -0.64341 0.76456
1726497644.264583349 -0.02074 -0.05160 -0.02347 -0.03574 0.01387 -0.64380 0.76423
1726497644.274583101 -0.02094 -0.05167 -0.02336 -0.03575 0.01391 -0.64415 0.76393
1726497644.284583330 -0.02113 -0.05174 -0.02325 -0.03577 0.01395 -0.64446 0.76367
1726497644.294583321 -0.02131 -0.05181 -0.02314 -0.03579 0.01399 -0.64474 0.76344
1726497644.304583311 -0.02147 -0.05187 -0.02303 -0.03580 0.01402 -0.64498 0.76323
1726497644.314583063 -0.02163 -0.05190 -0.02293 -0.03582 0.01406 -0.64518 0.76306
1726497644.324583292 -0.02179 -0.05192 -0.02284 -0.03583 0.01410 -0.64534 0.76292
1726497644.334583521 -0.02193 -0.05190 -0.02277 -0.03585 0.01413 -0.64547 0.76281
1726497644.344583273 -0.02208 -0.05184 -0.02271 -0.03586 0.01417 -0.64557 0.76273
1726497644.354583263 -0.02222 -0.05174 -0.02267 -0.03588 0.01420 -0.64561 0.76269
1726497644.364583254 -0.02235 -0.05159 -0.02264 -0.03588 0.01424 -0.64558 0.76272
1726497644.374583483 -0.02247 -0.05138 -0.02262 -0.03588 0.01427 -0.64545 0.76282
1726497644.384583235 -0.02258 -0.05110 -0.02260 -0.03588 0.01431 -0.64522 0.76302
1726497644.394583225 -0.02266 -0.05076 -0.02258 -0.03586 0.01435 -0.64485 0.76333
1726497644.404583216 -0.02272 -0.05033 -0.02256 -0.03584 0.01440 -0.64433 0.76377
1726497644.414583445 -0.02275 -0.04982 -0.02252 -0.03580 0.01445 -0.64365 0.76435
1726497644.424583197 -0.02275 -0.04922 -0.02248 -0.03575 0.01451 -0.64277 0.76509
1726497644.434583187 -0.02272 -0.04852 -0.02241 -0.03569 0.01458 -0.64168 0.76600
1726497644.444583178 -0.02265 -0.04772 -0.02233 -0.03561 0.01465 -0.64037 0.76710
1726497644.454583406 -0.02255 -0.04684 -0.02224 -0.03552 0.01474 -0.63885 0.76837
1726497644.464583158 -0.02243 -0.04591 -0.02215 -0.03543 0.01483 -0.63714 0.76979
1726497644.474583149 -0.02230 -0.04496 -0.02207 -0.03535 0.01492 -0.63526 0.77134
1726497644.484583378 -0.02216 -0.04400 -0.02202 -0.03529 0.01501 -0.63323 0.77302
1726497644.494583368 -0.02204 -0.04307 -0.02201 -0.03525 0.01511 -0.63106 0.77479
1726497644.504583359 -0.02192 -0.04220 -0.02202 -0.03523 0.01521 -0.62876 0.77665
1726497644.514583111 -0.02182 -0.04142 -0.02203 -0.03520 0.01530 -0.62635 0.77859
1726497644.524583340 -0.02174 -0.04075 -0.02205 -0.03516 0.01539 -0.62383 0.78062
1726497644.534583330 -0.02170 -0.04023 -0.02205 -0.03509 0.01548 -0.62120 0.78271
1726497644.544583321 -0.02168 -0.03987 -0.02202 -0.03499 0.01556 -0.61848 0.78487
1726497644.554583073 -0.02168 -0.03961 -0.02197 -0.03486 0.01564 -0.61568 0.78707
1726497644.564583302 -0.02169 -0.03940 -0.02192 -0.03473 0.01572 -0.61285 0.78928
1726497644.574583292 -0.02169 -0.03916 -0.02188 -0.03460 0.01581 -0.61001 0.79148
1726497644.584583282 -0.02166 -0.03882 -0.02186 -0.03450 0.01589 -0.60718 0.79366
1726497644.594583035 -0.02160 -0.03836 -0.02187 -0.03443 0.01599 -0.60440 0.79578
1726497644.604583263 -0.02147 -0.03779 -0.02194 -0.03439 0.01608 -0.60165 0.79785
1726497644.614583492 -0.02125 -0.03718 -0.02208 -0.03436 0.01617 -0.59894 0.79990
1726497644.624583244 -0.02091 -0.03660 -0.02230 -0.03434 0.01625 -0.59623 0.80191
1726497644.634583235 -0.02042 -0.03609 -0.02263 -0.03430 0.01631 -0.59353 0.80391
1726497644.644583225 -0.01976 -0.03570 -0.02307 -0.03425 0.01635 -0.59082 0.80591
1726497644.654583454 -0.01900 -0.03540 -0.02359 -0.03419 0.01639 -0.58811 0.80789
1726497644.664583206 -0.01819 -0.03514 -0.02415 -0.03412 0.01642 -0.58539 0.80987
1726497644.674583197 -0.01740 -0.03486 -0.02470 -0.03406 0.01646 -0.58266 0.81184
1726497644.684583187 -0.01669 -0.03451 -0.02520 -0.03402 0.01651 -0.57993 0.81379
1726497644.694583416 -0.01612 -0.03407 -0.02563 -0.03400 0.01660 -0.57720 0.81573
1726497644.704583168 -0.01568 -0.03357 -0.02596 -0.03400 0.01670 -0.57445 0.81766
1726497644.714583158 -0.01538 -0.03308 -0.02619 -0.03400 0.01682 -0.57167 0.81960
1726497644.724583387 -0.01519 -0.03265 -0.02632 -0.03401 0.01694 -0.56886 0.82156
1726497644.734583378 -0.01510 -0.03236 -0.02634 -0.03402 0.01705 -0.56598 0.82354
1726497644.744583368 -0.01512 -0.03224 -0.02626 -0.03402 0.01716 -0.56304 0.82555
1726497644.754583120 -0.01519 -0.03225 -0.02611 -0.03400 0.01725 -0.56004 0.82759
1726497644.764583349 -0.01529 -0.03230 -0.02594 -0.03398 0.01734 -0.55698 0.82965
1726497644.774583340 -0.01539 -0.03232 -0.02577 -0.03396 0.01740 -0.55385 0.83174
1726497644.784583330 -0.01544 -0.03225 -0.02566 -0.03393 0.01746 -0.55068 0.83385
1726497644.794583082 -0.01543 -0.03202 -0.02564 -0.03390 0.01750 -0.54745 0.83597
1726497644.804583311 -0.01534 -0.03167 -0.02571 -0.03386 0.01753 -0.54418 0.83810
1726497644.814583302 -0.01518 -0.03122 -0.02586 -0.03383 0.01754 -0.54087 0.84024
1726497644.824583292 -0.01494 -0.03074 -0.02609 -0.03380 0.01755 -0.53754 0.84238
1726497644.834583044 -0.01462 -0.03025 -0.02640 -0.03376 0.01755 -0.53418 0.84451
1726497644.844583273 -0.01423 -0.02979 -0.02678 -0.03373 0.01754 -0.53081 0.84664
1726497644.854583502 -0.01380 -0.02937 -0.02720 -0.03370 0.01753 -0.52745 0.84874
1726497644.864583254 -0.01333 -0.02896 -0.02764 -0.03367 0.01752 -0.52412 0.85080
1726497644.874583244 -0.01286 -0.02856 -0.02808 -0.03366 0.01752 -0.52084 0.85281
1726497644.884583235 -0.01241 -0.02816 -0.02849 -0.03365 0.01754 -0.51765 0.85475
1726497644.894583464 -0.01201 -0.02775 -0.02886 -0.03367 0.01758 -0.51455 0.85662
1726497644.904583216 -0.01168 -0.02734 -0.02920 -0.03369 0.01762 -0.51153 0.85842
1726497644.914583206 -0.01144 -0.02693 -0.02954 -0.03371 0.01766 -0.50857 0.86018
1726497644.924583197 -0.01133 -0.02655 -0.02990 -0.03373 0.01769 -0.50562 0.86192
1726497644.934583426 -0.01136 -0.02620 -0.03031 -0.03373 0.01768 -0.50267 0.86364
1726497644.944583178 -0.01155 -0.02589 -0.03080 -0.03371 0.01763 -0.49969 0.86537
1726497644.954583168 -0.01185 -0.02561 -0.03134 -0.03367 0.01756 -0.49666 0.86711
1726497644.964583158 -0.01220 -0.02534 -0.03191 -0.03363 0.01749 -0.49359 0.86887
1726497644.974583387 -0.01253 -0.02505 -0.03248 -0.03360 0.01743 -0.49045 0.87065
1726497644.984583378 -0.01279 -0.02473 -0.03304 -0.03358 0.01740 -0.48725 0.87244
1726497644.994583130 -0.01292 -0.02437 -0.03355 -0.03358 0.01742 -0.48397 0.87427
1726497645.004583359 -0.01293 -0.02396 -0.03397 -0.03359 0.01748 -0.48058 0.87613
1726497645.014583349 -0.01284 -0.02351 -0.03428 -0.03362 0.01759 -0.47707 0.87805
1726497645.024583340 -0.01267 -0.02301 -0.03443 -0.03363 0.01771 -0.47340 0.88003
1726497645.034583092 -0.01244 -0.02248 -0.03438 -0.03364 0.01786 -0.46955 0.88209
1726497645.044583321 -0.01216 -0.02192 -0.03411 -0.03363 0.01802 -0.46550 0.88422
1726497645.054583311 -0.01187 -0.02134 -0.03369 -0.03360 0.01817 -0.46133 0.88641
1726497645.064583302 -0.01158 -0.02075 -0.03321 -0.03358 0.01831 -0.45710 0.88859
1726497645.074583054 -0.01131 -0.02017 -0.03275 -0.03356 0.01844 -0.45289 0.89074
1726497645.084583282 -0.01110 -0.01962 -0.03241 -0.03356 0.01853 -0.44878 0.89282
1726497645.094583511 -0.01094 -0.01910 -0.03225 -0.03359 0.01858 -0.44484 0.89479
1726497645.104583263 -0.01079 -0.01865 -0.03224 -0.03363 0.01860 -0.44104 0.89666
1726497645.114583254 -0.01059 -0.01829 -0.03231 -0.03368 0.01859 -0.43737 0.89846
1726497645.124583244 -0.01029 -0.01804 -0.03241 -0.03371 0.01857 -0.43380 0.90019
1726497645.134583473 -0.00982 -0.01794 -0.03249 -0.03371 0.01855 -0.43030 0.90187
1726497645.144583225 -0.00914 -0.01799 -0.03249 -0.03367 0.01852 -0.42684 0.90351
1726497645.154583216 -0.00831 -0.01816 -0.03245 -0.03361 0.01850 -0.42341 0.90512
1726497645.164583206 -0.00740 -0.01837 -0.03239 -0.03354 0.01850 -0.42003 0.90670
1726497645.174583435 -0.00647 -0.01858 -0.03235 -0.03347 0.01852 -0.41667 0.90825
1726497645.184583187 -0.00561 -0.01873 -0.03236 -0.03342 0.01857 -0.41335 0.90977
1726497645.194583178 -0.00488 -0.01876 -0.03246 -0.03340 0.01865 -0.41005 0.91126
1726497645.204583168 -0.00431 -0.01868 -0.03260 -0.03340 0.01875 -0.40675 0.91274
1726497645.214583397 -0.00395 -0.01851 -0.03275 -0.03341 0.01884 -0.40344 0.91420
1726497645.224583387 -0.00382 -0.01825 -0.03288 -0.03340 0.01890 -0.40008 0.91567
1726497645.234583139 -0.00395 -0.01793 -0.03293 -0.03337 0.01891 -0.39667 0.91716
1726497645.244583368 -0.00436 -0.01754 -0.03289 -0.03330 0.01886 -0.39319 0.91866
1726497645.254583359 -0.00496 -0.01712 -0.03278 -0.03319 0.01876 -0.38968 0.92016
1726497645.264583349 -0.00565 -0.01670 -0.03265 -0.03308 0.01864 -0.38623 0.92162
1726497645.274583101 -0.00632 -0.01630 -0.03253 -0.03297 0.01852 -0.38288 0.92302
1726497645.284583330 -0.00687 -0.01595 -0.03247 -0.03288 0.01842 -0.37971 0.92434
1726497645.294583321 -0.00721 -0.01567 -0.03251 -0.03283 0.01836 -0.37676 0.92555
1726497645.304583311 -0.00738 -0.01549 -0.03264 -0.03281 0.01834 -0.37400 0.92667
1726497645.314583063 -0.00746 -0.01543 -0.03289 -0.03282 0.01836 -0.37136 0.92773
1726497645.324583292 -0.00751 -0.01551 -0.03325 -0.03285 0.01842 -0.36878 0.92875
1726497645.334583521 -0.00759 -0.01574 -0.03374 -0.03291 0.01851 -0.36620 0.92977
1726497645.344583273 -0.00776 -0.01615 -0.03434 -0.03299 0.01863 -0.36357 0.93080
1726497645.354583263 -0.00800 -0.01666 -0.03502 -0.03308 0.01875 -0.36088 0.93184
1726497645.364583254 -0.00829 -0.01720 -0.03573 -0.03318 0.01887 -0.35813 0.93289
1726497645.374583483 -0.00861 -0.01771 -0.03644 -0.03329 0.01895 -0.35531 0.93396
1726497645.384583235 -0.00893 -0.01810 -0.03710 -0.03342 0.01899 -0.35243 0.93505
1726497645.394583225 -0.00923 -0.01832 -0.03766 -0.03355 0.01895 -0.34948 0.93615
1726497645.404583216 -0.00945 -0.01834 -0.03811 -0.03367 0.01888 -0.34647 0.93727
1726497645.414583445 -0.00956 -0.01815 -0.03840 -0.03375 0.01878 -0.34337 0.93841
1726497645.424583197 -0.00950 -0.01774 -0.03853 -0.03377 0.01869 -0.34019 0.93956
1726497645.434583187 -0.00923 -0.01708 -0.03845 -0.03372 0.01863 -0.33691 0.94075
1726497645.444583178 -0.00873 -0.01619 -0.03817 -0.03357 0.01862 -0.33353 0.94196
1726497645.454583406 -0.00806 -0.01514 -0.03775 -0.03336 0.01866 -0.33004 0.94319
1726497645.464583158 -0.00731 -0.01400 -0.03728 -0.03312 0.01873 -0.32643 0.94445
1726497645.474583149 -0.00658 -0.01287 -0.03684 -0.03289 0.01881 -0.32269 0.94575
1726497645.484583378 -0.00596 -0.01183 -0.03652 -0.03269 0.01890 -0.31882 0.94706
1726497645.494583368 -0.00552 -0.01094 -0.03639 -0.03255 0.01898 -0.31479 0.94841
1726497645.504583359 -0.00524 -0.01020 -0.03643 -0.03248 0.01904 -0.31060 0.94979
1726497645.514583111 -0.00510 -0.00955 -0.03658 -0.03245 0.01908 -0.30623 0.95121
1726497645.524583340 -0.00505 -0.00896 -0.03682 -0.03244 0.01910 -0.30165 0.95268
1726497645.534583330 -0.00507 -0.00839 -0.03710 -0.03244 0.01909 -0.29685 0.95418
1726497645.544583321 -0.00516 -0.00784 -0.03741 -0.03244 0.01905 -0.29181 0.95574
1726497645.554583073 -0.00539 -0.00744 -0.03790 -0.03246 0.01896 -0.28658 0.95732
1726497645.564583302 -0.00587 -0.00738 -0.03875 -0.03250 0.01878 -0.28119 0.95892
1726497645.574583292 -0.00670 -0.00780 -0.04012 -0.03258 0.01850 -0.27571 0.96051
1726497645.584583282 -0.00778 -0.00857 -0.04186 -0.03270 0.01815 -0.27016 0.96209
1726497645.594583035 -0.00890 -0.00936 -0.04363 -0.03283 0.01780 -0.26458 0.96364
1726497645.604583263 -0.00985 -0.00983 -0.04510 -0.03295 0.01750 -0.25899 0.96516
1726497645.614583492 -0.01051 -0.00985 -0.04612 -0.03306 0.01729 -0.25342 0.96664
1726497645.624583244 -0.01099 -0.00955 -0.04682 -0.03316 0.01715 -0.24786 0.96808
1726497645.634583235 -0.01136 -0.00908 -0.04736 -0.03326 0.01704 -0.24229 0.96948
1726497645.644583225 -0.01171 -0.00857 -0.04783 -0.03336 0.01696 -0.23671 0.97086
1726497645.654583454 -0.01200 -0.00794 -0.04802 -0.03346 0.01692 -0.23116 0.97219
1726497645.664583206 -0.01218 -0.00705 -0.04762 -0.03355 0.01696 -0.22567 0.97348
1726497645.674583197 -0.01220 -0.00582 -0.04637 -0.03362 0.01713 -0.22028 0.97471
1726497645.684583187 -0.01210 -0.00434 -0.04454 -0.03368 0.01738 -0.21499 0.97588
1726497645.694583416 -0.01198 -0.00284 -0.04266 -0.03373 0.01766 -0.20977 0.97701
1726497645.704583168 -0.01193 -0.00154 -0.04131 -0.03378 0.01788 -0.20459 0.97810
1726497645.714583158 -0.01201 -0.00058 -0.04068 -0.03385 0.01803 -0.19945 0.97916
1726497645.724583387 -0.01219 0.00009 -0.04044 -0.03391 0.01811 -0.19438 0.98017
1726497645.734583378 -0.01245 0.00052 -0.04020 -0.03397 0.01815 -0.18941 0.98114
1726497645.744583368 -0.01277 0.00078 -0.03964 -0.03402 0.01818 -0.18456 0.98206
1726497645.754583120 -0.01312 0.00091 -0.03883 -0.03406 0.01820 -0.17987 0.98293
1726497645.764583349 -0.01347 0.00097 -0.03790 -0.03410 0.01821 -0.17533 0.98375
1726497645.774583340 -0.01379 0.00100 -0.03698 -0.03415 0.01822 -0.17097 0.98452
1726497645.784583330 -0.01408 0.00108 -0.03623 -0.03421 0.01823 -0.16679 0.98523
1726497645.794583082 -0.01429 0.00123 -0.03575 -0.03429 0.01824 -0.16281 0.98589
1726497645.804583311 -0.01445 0.00152 -0.03557 -0.03436 0.01824 -0.15900 0.98651
1726497645.814583302 -0.01457 0.00199 -0.03570 -0.03442 0.01822 -0.15532 0.98710
1726497645.824583292 -0.01467 0.00270 -0.03616 -0.03445 0.01817 -0.15175 0.98765
1726497645.834583044 -0.01476 0.00369 -0.03694 -0.03443 0.01808 -0.14825 0.98819
1726497645.844583273 -0.01486 0.00497 -0.03804 -0.03434 0.01796 -0.14479 0.98870
1726497645.854583502 -0.01496 0.00648 -0.03935 -0.03422 0.01781 -0.14134 0.98921
1726497645.864583254 -0.01508 0.00807 -0.04074 -0.03407 0.01764 -0.13787 0.98971
1726497645.874583244 -0.01521 0.00964 -0.04209 -0.03392 0.01747 -0.13437 0.99020
1726497645.884583235 -0.01536 0.01108 -0.04329 -0.03380 0.01733 -0.13081 0.99068
1726497645.894583464 -0.01554 0.01227 -0.04422 -0.03372 0.01721 -0.12715 0.99116
1726497645.904583216 -0.01575 0.01321 -0.04488 -0.03367 0.01711 -0.12340 0.99164
1726497645.914583206 -0.01600 0.01389 -0.04530 -0.03365 0.01703 -0.11951 0.99212
1726497645.924583197 -0.01632 0.01432 -0.04551 -0.03364 0.01697 -0.11549 0.99259
1726497645.934583426 -0.01671 0.01449 -0.04551 -0.03364 0.01690 -0.11132 0.99307
1726497645.944583178 -0.01719 0.01443 -0.04534 -0.03363 0.01682 -0.10699 0.99355
1726497645.954583168 -0.01771 0.01420 -0.04507 -0.03362 0.01675 -0.10251 0.99402
1726497645.964583158 -0.01826 0.01392 -0.04476 -0.03360 0.01669 -0.09790 0.99449
1726497645.974583387 -0.01879 0.01367 -0.04449 -0.03358 0.01666 -0.09320 0.99494
1726497645.984583378 -0.01927 0.01355 -0.04431 -0.03355 0.01668 -0.08843 0.99538
1726497645.994583130 -0.01968 0.01363 -0.04428 -0.03353 0.01674 -0.08360 0.99579
1726497646.004583359 -0.02005 0.01389 -0.04433 -0.03350 0.01683 -0.07874 0.99619
1726497646.014583349 -0.02047 0.01429 -0.04437 -0.03348 0.01693 -0.07385 0.99656
1726497646.024583340 -0.02097 0.01480 -0.04429 -0.03347 0.01703 -0.06895 0.99691
1726497646.034583092 -0.02162 0.01536 -0.04400 -0.03348 0.01710 -0.06404 0.99724
1726497646.044583321 -0.02246 0.01595 -0.04344 -0.03349 0.01713 -0.05914 0.99754
1726497646.054583311 -0.02344 0.01654 -0.04270 -0.03353 0.01712 -0.05427 0.99782
1726497646.064583302 -0.02447 0.01714 -0.04188 -0.03357 0.01710 -0.04942 0.99807
1726497646.074583054 -0.02548 0.01773 -0.04111 -0.03362 0.01707 -0.04461 0.99829
1726497646.084583282 -0.02640 0.01830 -0.04049 -0.03367 0.01704 -0.03985 0.99849
1726497646.094583511 -0.02717 0.01886 -0.04011 -0.03373 0.01704 -0.03515 0.99867
1726497646.104583263 -0.02781 0.01940 -0.03994 -0.03378 0.01705 -0.03052 0.99882
1726497646.114583254 -0.02838 0.01992 -0.03989 -0.03381 0.01708 -0.02596 0.99895
1726497646.124583244 -0.02890 0.02043 -0.03992 -0.03382 0.01710 -0.02150 0.99905
1726497646.134583473 -0.02944 0.02093 -0.03994 -0.03379 0.01712 -0.01714 0.99914
1726497646.144583225 -0.03002 0.02142 -0.03991 -0.03373 0.01713 -0.01289 0.99920
1726497646.154583216 -0.03063 0.02191 -0.03983 -0.03364 0.01713 -0.00875 0.99925
1726497646.164583206 -0.03125 0.02239 -0.03974 -0.03354 0.01712 -0.00475 0.99928
1726497646.174583435 -0.03186 0.02286 -0.03965 -0.03344 0.01710 -0.00087 0.99929
1726497646.184583187 -0.03243 0.02334 -0.03961 -0.03336 0.01707 0.00287 0.99929
1726497646.194583178 -0.03294 0.02380 -0.03961 -0.03331 0.01702 0.00648 0.99928
1726497646.204583168 -0.03341 0.02426 -0.03967 -0.03330 0.01697 0.00997 0.99925
1726497646.214583397 -0.03386 0.02471 -0.03974 -0.03332 0.01692 0.01336 0.99921
1726497646.224583387 -0.03433 0.02515 -0.03983 -0.03337 0.01688 0.01669 0.99916
1726497646.234583139 -0.03482 0.02559 -0.03989 -0.03344 0.01684 0.01998 0.99910
1726497646.244583368 -0.03536 0.02601 -0.03993 -0.03355 0.01682 0.02323 0.99903
1726497646.254583359 -0.03593 0.02643 -0.03995 -0.03367 0.01680 0.02645 0.99894
1726497646.264583349 -0.03650 0.02686 -0.03997 -0.03379 0.01679 0.02959 0.99885
1726497646.274583101 -0.03705 0.02731 -0.04000 -0.03391 0.01678 0.03264 0.99875
1726497646.284583330 -0.03755 0.02780 -0.04006 -0.03402 0.01676 0.03556 0.99865
1726497646.294583321 -0.03799 0.02833 -0.04016 -0.03410 0.01673 0.03835 0.99854
1726497646.304583311 -0.03838 0.02889 -0.04028 -0.03416 0.01669 0.04099 0.99844
1726497646.314583063 -0.03873 0.02945 -0.04040 -0.03420 0.01665 0.04351 0.99833
1726497646.324583292 -0.03907 0.02999 -0.04049 -0.03423 0.01661 0.04591 0.99822
1726497646.334583521 -0.03942 0.03050 -0.04054 -0.03424 0.01657 0.04822 0.99811
1726497646.344583273 -0.03979 0.03096 -0.04053 -0.03424 0.01654 0.05043 0.99800
1726497646.354583263 -0.04019 0.03137 -0.04045 -0.03424 0.01651 0.05256 0.99789
1726497646.364583254 -0.04060 0.03174 -0.04033 -0.03423 0.01649 0.05465 0.99778
1726497646.374583483 -0.04103 0.03208 -0.04018 -0.03421 0.01647 0.05669 0.99767
1726497646.384583235 -0.04147 0.03240 -0.04000 -0.03419 0.01647 0.05872 0.99755
1726497646.394583225 -0.04193 0.03270 -0.03981 -0.03417 0.01647 0.06074 0.99743
1726497646.404583216 -0.04239 0.03300 -0.03962 -0.03416 0.01647 0.06278 0.99731
1726497646.414583445 -0.04285 0.03329 -0.03944 -0.03414 0.01649 0.06486 0.99717
1726497646.424583197 -0.04331 0.03360 -0.03929 -0.03413 0.01651 0.06699 0.99703
1726497646.434583187 -0.04377 0.03392 -0.03917 -0.03412 0.01653 0.06919 0.99688
1726497646.444583178 -0.04423 0.03426 -0.03910 -0.03413 0.01657 0.07148 0.99672
1726497646.454583406 -0.04468 0.03462 -0.03907 -0.03413 0.01661 0.07384 0.99655
1726497646.464583158 -0.04513 0.03500 -0.03908 -0.03415 0.01666 0.07625 0.99636
1726497646.474583149 -0.04558 0.03538 -0.03912 -0.03417 0.01670 0.07871 0.99617
1726497646.484583378 -0.04604 0.03576 -0.03919 -0.03420 0.01675 0.08119 0.99597
1726497646.494583368 -0.04650 0.03613 -0.03928 -0.03423 0.01679 0.08368 0.99576
1726497646.504583359 -0.04698 0.03649 -0.03939 -0.03426 0.01682 0.08616 0.99555
1726497646.514583111 -0.04747 0.03683 -0.03952 -0.03429 0.01684 0.08861 0.99533
1726497646.524583340 -0.04797 0.03715 -0.03965 -0.03433 0.01686 0.09103 0.99511
1726497646.534583330 -0.04849 0.03743 -0.03979 -0.03436 0.01686 0.09338 0.99489
1726497646.544583321 -0.04904 0.03768 -0.03993 -0.03440 0.01684 0.09567 0.99468
1726497646.554583073 -0.04959 0.03789 -0.04007 -0.03443 0.01681 0.09787 0.99446
1726497646.564583302 -0.05015 0.03808 -0.04021 -0.03446 0.01677 0.10000 0.99425
1726497646.574583292 -0.05070 0.03823 -0.04035 -0.03449 0.01672 0.10205 0.99404
1726497646.584583282 -0.05124 0.03837 -0.04048 -0.03452 0.01666 0.10402 0.99384
1726497646.594583035 -0.05175 0.03850 -0.04061 -0.03454 0.01660 0.10590 0.99364
1726497646.604583263 -0.05223 0.03861 -0.04073 -0.03455 0.01653 0.10769 0.99345
1726497646.614583492 -0.05266 0.03871 -0.04084 -0.03455 0.01647 0.10940 0.99326
1726497646.624583244 -0.05305 0.03882 -0.04095 -0.03455 0.01642 0.11101 0.99308
1726497646.634583235 -0.05337 0.03892 -0.04105 -0.03454 0.01636 0.11253 0.99291
1726497646.644583225 -0.05363 0.03903 -0.04115 -0.03452 0.01632 0.11395 0.99275
1726497646.654583454 -0.05382 0.03915 -0.04123 -0.03450 0.01628 0.11528 0.99260
1726497646.664583206 -0.05396 0.03927 -0.04131 -0.03446 0.01626 0.11650 0.99246
1726497646.674583197 -0.05404 0.03940 -0.04139 -0.03442 0.01624 0.11763 0.99233
1726497646.684583187 -0.05408 0.03953 -0.04146 -0.03438 0.01622 0.11866 0.99221
1726497646.694583416 -0.05408 0.03965 -0.04154 -0.03434 0.01621 0.11959 0.99210
1726497646.704583168 -0.05405 0.03978 -0.04162 -0.03429 0.01620 0.12042 0.99200
1726497646.714583158 -0.05400 0.03991 -0.04170 -0.03425 0.01620 0.12115 0.99191
1726497646.724583387 -0.05392 0.04004 -0.04178 -0.03421 0.01620 0.12177 0.99184
1726497646.734583378 -0.05383 0.04017 -0.04188 -0.03418 0.01621 0.12229 0.99177
1726497646.744583368 -0.05374 0.04029 -0.04198 -0.03415 0.01622 0.12272 0.99172
1726497646.754583120 -0.05364 0.04038 -0.04209 -0.03412 0.01622 0.12307 0.99168
1726497646.764583349 -0.05355 0.04045 -0.04221 -0.03410 0.01623 0.12341 0.99164
1726497646.774583340 -0.05346 0.04045 -0.04233 -0.03409 0.01624 0.12375 0.99159
1726497646.784583330 -0.05339 0.04039 -0.04246 -0.03407 0.01624 0.12415 0.99155
1726497646.794583082 -0.05333 0.04024 -0.04259 -0.03406 0.01623 0.12465 0.99148
1726497646.804583311 -0.05330 0.03999 -0.04272 -0.03405 0.01622 0.12527 0.99141
1726497646.814583302 -0.05329 0.03962 -0.04286 -0.03403 0.01621 0.12607 0.99130
1726497646.824583292 -0.05332 0.03911 -0.04299 -0.03402 0.01618 0.12708 0.99118
1726497646.834583044 -0.05338 0.03845 -0.04313 -0.03400 0.01615 0.12835 0.99102
1726497646.844583273 -0.05348 0.03763 -0.04326 -0.03398 0.01610 0.12989 0.99081
1726497646.854583502 -0.05361 0.03672 -0.04340 -0.03395 0.01605 0.13173 0.99057
1726497646.864583254 -0.05375 0.03578 -0.04353 -0.03391 0.01601 0.13384 0.99029
1726497646.874583244 -0.05390 0.03489 -0.04367 -0.03386 0.01598 0.13624 0.98997
1726497646.884583235 -0.05404 0.03413 -0.04382 -0.03380 0.01598 0.13891 0.98960
1726497646.894583464 -0.05417 0.03355 -0.04397 -0.03374 0.01601 0.14185 0.98918
1726497646.904583216 -0.05430 0.03319 -0.04410 -0.03367 0.01606 0.14500 0.98873
1726497646.914583206 -0.05445 0.03309 -0.04421 -0.03361 0.01611 0.14830 0.98824
1726497646.924583197 -0.05466 0.03326 -0.04428 -0.03357 0.01615 0.15171 0.98772
1726497646.934583426 -0.05494 0.03374 -0.04429 -0.03357 0.01615 0.15517 0.98719
1726497646.944583178 -0.05532 0.03453 -0.04424 -0.03360 0.01612 0.15864 0.98663
1726497646.954583168 -0.05576 0.03554 -0.04414 -0.03366 0.01606 0.16214 0.98606
1726497646.964583158 -0.05623 0.03663 -0.04402 -0.03374 0.01598 0.16574 0.98546
1726497646.974583387 -0.05672 0.03769 -0.04391 -0.03382 0.01590 0.16948 0.98483
1726497646.984583378 -0.05717 0.03860 -0.04384 -0.03388 0.01582 0.17340 0.98414
1726497646.994583130 -0.05757 0.03925 -0.04383 -0.03391 0.01577 0.17755 0.98340
1726497647.004583359 -0.05792 0.03968 -0.04388 -0.03392 0.01574 0.18190 0.98261
1726497647.014583349 -0.05823 0.03995 -0.04397 -0.03392 0.01572 0.18642 0.98176
1726497647.024583340 -0.05852 0.04012 -0.04409 -0.03393 0.01572 0.19107 0.98086
1726497647.034583092 -0.05880 0.04025 -0.04423 -0.03393 0.01572 0.19583 0.97992
1726497647.044583321 -0.05907 0.04038 -0.04436 -0.03396 0.01572 0.20066 0.97895
1726497647.054583311 -0.05933 0.04049 -0.04445 -0.03399 0.01572 0.20560 0.97792
1726497647.064583302 -0.05958 0.04055 -0.04446 -0.03402 0.01573 0.21069 0.97683
1726497647.074583054 -0.05981 0.04051 -0.04435 -0.03405 0.01575 0.21594 0.97569
1726497647.084583282 -0.06004 0.04041 -0.04416 -0.03407 0.01577 0.22136 0.97447
1726497647.094583511 -0.06026 0.04032 -0.04396 -0.03409 0.01578 0.22689 0.97320
1726497647.104583263 -0.06051 0.04030 -0.04384 -0.03414 0.01576 0.23251 0.97187
1726497647.114583254 -0.06078 0.04038 -0.04383 -0.03420 0.01571 0.23818 0.97049
1726497647.124583244 -0.06107 0.04052 -0.04390 -0.03427 0.01564 0.24392 0.96906
1726497647.134583473 -0.06137 0.04071 -0.04400 -0.03433 0.01558 0.24973 0.96758
1726497647.144583225 -0.06169 0.04089 -0.04410 -0.03438 0.01555 0.25563 0.96604
1726497647.154583216 -0.06217 0.04110 -0.04414 -0.03443 0.01554 0.26156 0.96445
1726497647.164583206 -0.06297 0.04133 -0.04405 -0.03452 0.01555 0.26747 0.96282
1726497647.174583435 -0.06424 0.04161 -0.04379 -0.03467 0.01559 0.27333 0.96117
1726497647.184583187 -0.06584 0.04193 -0.04341 -0.03485 0.01563 0.27915 0.95949
1726497647.194583178 -0.06747 0.04225 -0.04302 -0.03502 0.01566 0.28502 0.95775
1726497647.204583168 -0.06884 0.04256 -0.04274 -0.03514 0.01566 0.29101 0.95595
1726497647.214583397 -0.06981 0.04283 -0.04261 -0.03517 0.01562 0.29713 0.95406
1726497647.224583387 -0.07048 0.04308 -0.04259 -0.03516 0.01555 0.30335 0.95211
1726497647.234583139 -0.07100 0.04332 -0.04262 -0.03511 0.01546 0.30959 0.95010
1726497647.244583368 -0.07152 0.04354 -0.04265 -0.03507 0.01536 0.31581 0.94805
1726497647.254583359 -0.07220 0.04359 -0.04262 -0.03505 0.01526 0.32198 0.94598
1726497647.264583349 -0.07323 0.04334 -0.04250 -0.03505 0.01514 0.32807 0.94388
1726497647.274583101 -0.07475 0.04263 -0.04225 -0.03509 0.01501 0.33408 0.94177
1726497647.284583330 -0.07664 0.04160 -0.04190 -0.03516 0.01486 0.34001 0.93965
1726497647.294583321 -0.07856 0.04055 -0.04154 -0.03523 0.01471 0.34590 0.93749
1726497647.304583311 -0.08017 0.03976 -0.04126 -0.03528 0.01455 0.35178 0.93530
1726497647.314583063 -0.08132 0.03938 -0.04110 -0.03530 0.01439 0.35767 0.93307
1726497647.324583292 -0.08214 0.03927 -0.04102 -0.03529 0.01424 0.36355 0.93080
1726497647.334583521 -0.08279 0.03932 -0.04098 -0.03524 0.01409 0.36941 0.92849
1726497647.344583273 -0.08341 0.03940 -0.04095 -0.03517 0.01397 0.37522 0.92616
1726497647.354583263 -0.08423 0.03949 -0.04098 -0.03508 0.01384 0.38098 0.92381
1726497647.364583254 -0.08547 0.03963 -0.04112 -0.03497 0.01369 0.38669 0.92145
1726497647.374583483 -0.08732 0.03981 -0.04144 -0.03486 0.01350 0.39233 0.91907
1726497647.384583235 -0.08961 0.04003 -0.04188 -0.03474 0.01328 0.39787 0.91669
1726497647.394583225 -0.09193 0.04025 -0.04233 -0.03463 0.01304 0.40329 0.91432
1726497647.404583216 -0.09387 0.04045 -0.04268 -0.03453 0.01282 0.40855 0.91199
1726497647.414583445 -0.09522 0.04059 -0.04290 -0.03443 0.01261 0.41364 0.90970
1726497647.424583197 -0.09609 0.04066 -0.04305 -0.03435 0.01241 0.41859 0.90744
1726497647.434583187 -0.09661 0.04065 -0.04323 -0.03426 0.01221 0.42344 0.90519
1726497647.444583178 -0.09689 0.04057 -0.04350 -0.03417 0.01199 0.42820 0.90296
1726497647.454583406 -0.09701 0.04043 -0.04384 -0.03407 0.01178 0.43289 0.90073
1726497647.464583158 -0.09703 0.04026 -0.04421 -0.03398 0.01157 0.43747 0.89852
1726497647.474583149 -0.09703 0.04011 -0.04459 -0.03388 0.01138 0.44195 0.89633
1726497647.484583378 -0.09706 0.04000 -0.04493 -0.03378 0.01123 0.44631 0.89417
1726497647.494583368 -0.09719 0.03994 -0.04520 -0.03368 0.01111 0.45054 0.89205
1726497647.504583359 -0.09747 0.03985 -0.04535 -0.03359 0.01104 0.45465 0.88997
1726497647.514583111 -0.09791 0.03961 -0.04533 -0.03349 0.01101 0.45864 0.88792
1726497647.524583340 -0.09855 0.03913 -0.04510 -0.03340 0.01102 0.46253 0.88591
1726497647.534583330 -0.09943 0.03830 -0.04461 -0.03331 0.01106 0.46631 0.88393
1726497647.544583321 -0.10057 0.03704 -0.04384 -0.03323 0.01114 0.46999 0.88197
1726497647.554583073 -0.10188 0.03545 -0.04288 -0.03315 0.01123 0.47357 0.88006
1726497647.564583302 -0.10327 0.03367 -0.04187 -0.03309 0.01133 0.47703 0.87819
1726497647.574583292 -0.10466 0.03184 -0.04093 -0.03303 0.01141 0.48037 0.87637
1726497647.584583282 -0.10595 0.03010 -0.04019 -0.03299 0.01146 0.48357 0.87461
1726497647.594583035 -0.10708 0.02856 -0.03973 -0.03297 0.01148 0.48663 0.87291
1726497647.604583263 -0.10806 0.02723 -0.03952 -0.03296 0.01146 0.48955 0.87128
1726497647.614583492 -0.10894 0.02611 -0.03950 -0.03296 0.01141 0.49233 0.86971
1726497647.624583244 -0.10976 0.02520 -0.03961 -0.03296 0.01136 0.49498 0.86820
1726497647.634583235 -0.11058 0.02448 -0.03977 -0.03296 0.01130 0.49750 0.86676
1726497647.644583225 -0.11143 0.02395 -0.03992 -0.03295 0.01125 0.49990 0.86539
1726497647.654583454 -0.11231 0.02357 -0.04007 -0.03294 0.01121 0.50217 0.86407
1726497647.664583206 -0.11320 0.02334 -0.04020 -0.03292 0.01118 0.50434 0.86281
1726497647.674583197 -0.11410 0.02322 -0.04032 -0.03290 0.01115 0.50640 0.86160
1726497647.684583187 -0.11499 0.02317 -0.04043 -0.03287 0.01114 0.50836 0.86044
1726497647.694583416 -0.11585 0.02319 -0.04052 -0.03284 0.01112 0.51024 0.85933
1726497647.704583168 -0.11669 0.02323 -0.04060 -0.03282 0.01111 0.51203 0.85827
1726497647.714583158 -0.11748 0.02327 -0.04066 -0.03279 0.01110 0.51374 0.85725
1726497647.724583387 -0.11821 0.02330 -0.04070 -0.03277 0.01109 0.51538 0.85626
1726497647.734583378 -0.11888 0.02327 -0.04073 -0.03275 0.01108 0.51695 0.85531
1726497647.744583368 -0.11947 0.02317 -0.04075 -0.03273 0.01108 0.51847 0.85440
1726497647.754583120 -0.11999 0.02300 -0.04075 -0.03272 0.01107 0.51994 0.85351
1726497647.764583349 -0.12044 0.02278 -0.04074 -0.03272 0.01106 0.52135 0.85265
1726497647.774583340 -0.12084 0.02251 -0.04073 -0.03271 0.01105 0.52270 0.85181
1726497647.784583330 -0.12119 0.02221 -0.04071 -0.03271 0.01103 0.52401 0.85101
1726497647.794583082 -0.12150 0.02189 -0.04069 -0.03271 0.01102 0.52528 0.85023
1726497647.804583311 -0.12177 0.02155 -0.04067 -0.03271 0.01101 0.52650 0.84948
1726497647.814583302 -0.12202 0.02121 -0.04066 -0.03271 0.01099 0.52768 0.84874
1726497647.824583292 -0.12226 0.02088 -0.04066 -0.03271 0.01098 0.52881 0.84804
1726497647.834583044 -0.12248 0.02057 -0.04068 -0.03271 0.01096 0.52992 0.84735
1726497647.844583273 -0.12270 0.02029 -0.04071 -0.03270 0.01094 0.53098 0.84668
1726497647.854583502 -0.12292 0.02004 -0.04075 -0.03270 0.01092 0.53201 0.84603
1726497647.864583254 -0.12313 0.01981 -0.04080 -0.03270 0.01090 0.53301 0.84540
1726497647.874583244 -0.12333 0.01961 -0.04086 -0.03269 0.01088 0.53399 0.84479
1726497647.884583235 -0.12351 0.01943 -0.04092 -0.03269 0.01087 0.53494 0.84419
1726497647.894583464 -0.12367 0.01926 -0.04098 -0.03268 0.01085 0.53587 0.84360
1726497647.904583216 -0.12382 0.01911 -0.04104 -0.03268 0.01084 0.53677 0.84302
1726497647.914583206 -0.12394 0.01896 -0.04110 -0.03267 0.01082 0.53766 0.84246
1726497647.924583197 -0.12403 0.01883 -0.04115 -0.03267 0.01081 0.53854 0.84190
1726497647.934583426 -0.12409 0.01870 -0.04118 -0.03266 0.01080 0.53940 0.84134
1726497647.944583178 -0.12412 0.01858 -0.04120 -0.03266 0.01080 0.54026 0.84079
1726497647.954583168 -0.12412 0.01846 -0.04121 -0.03265 0.01080 0.54111 0.84025
1726497647.964583158 -0.12409 0.01834 -0.04121 -0.03265 0.01080 0.54196 0.83970
1726497647.974583387 -0.12406 0.01823 -0.04121 -0.03264 0.01080 0.54281 0.83915
1726497647.984583378 -0.12402 0.01812 -0.04121 -0.03263 0.01080 0.54366 0.83860
1726497647.994583130 -0.12398 0.01802 -0.04120 -0.03261 0.01081 0.54452 0.83805
1726497648.004583359 -0.12394 0.01792 -0.04120 -0.03259 0.01081 0.54539 0.83748
1726497648.014583349 -0.12392 0.01783 -0.04121 -0.03257 0.01081 0.54627 0.83691
1726497648.024583340 -0.12391 0.01775 -0.04123 -0.03254 0.01081 0.54717 0.83632
1726497648.034583092 -0.12394 0.01767 -0.04127 -0.03250 0.01081 0.54809 0.83572
1726497648.044583321 -0.12399 0.01761 -0.04132 -0.03246 0.01081 0.54903 0.83510
1726497648.054583311 -0.12408 0.01754 -0.04139 -0.03241 0.01080 0.55000 0.83446
1726497648.064583302 -0.12420 0.01749 -0.04147 -0.03235 0.01080 0.55100 0.83381
1726497648.074583054 -0.12435 0.01743 -0.04156 -0.03229 0.01079 0.55202 0.83313
1726497648.084583282 -0.12454 0.01738 -0.04166 -0.03223 0.01078 0.55308 0.83244
1726497648.094583511 -0.12475 0.01734 -0.04176 -0.03216 0.01076 0.55417 0.83171
1726497648.104583263 -0.12500 0.01729 -0.04186 -0.03210 0.01075 0.55529 0.83097
1726497648.114583254 -0.12528 0.01724 -0.04197 -0.03203 0.01074 0.55645 0.83019
1726497648.124583244 -0.12559 0.01719 -0.04207 -0.03197 0.01073 0.55765 0.82939
1726497648.134583473 -0.12593 0.01714 -0.04216 -0.03191 0.01071 0.55889 0.82856
1726497648.144583225 -0.12630 0.01709 -0.04225 -0.03186 0.01070 0.56017 0.82769
1726497648.154583216 -0.12669 0.01703 -0.04233 -0.03181 0.01069 0.56149 0.82680
1726497648.164583206 -0.12709 0.01697 -0.04241 -0.03177 0.01067 0.56285 0.82588
1726497648.174583435 -0.12749 0.01690 -0.04247 -0.03172 0.01066 0.56424 0.82493
1726497648.184583187 -0.12790 0.01682 -0.04252 -0.03169 0.01065 0.56566 0.82396
1726497648.194583178 -0.12829 0.01674 -0.04257 -0.03165 0.01063 0.56712 0.82296
1726497648.204583168 -0.12866 0.01664 -0.04261 -0.03161 0.01062 0.56860 0.82194
1726497648.214583397 -0.12900 0.01654 -0.04263 -0.03158 0.01060 0.57010 0.82090
1726497648.224583387 -0.12930 0.01643 -0.04265 -0.03155 0.01059 0.57162 0.81984
1726497648.234583139 -0.12956 0.01630 -0.04266 -0.03152 0.01057 0.57317 0.81876
1726497648.244583368 -0.12976 0.01617 -0.04265 -0.03149 0.01055 0.57473 0.81767
1726497648.254583359 -0.12993 0.01602 -0.04264 -0.03145 0.01054 0.57631 0.81656
1726497648.264583349 -0.13006 0.01586 -0.04262 -0.03142 0.01052 0.57790 0.81544
1726497648.274583101 -0.13018 0.01568 -0.04260 -0.03138 0.01050 0.57950 0.81430
1726497648.284583330 -0.13031 0.01549 -0.04256 -0.03135 0.01049 0.58112 0.81315
1726497648.294583321 -0.13044 0.01528 -0.04252 -0.03131 0.01047 0.58275 0.81198
1726497648.304583311 -0.13060 0.01506 -0.04248 -0.03127 0.01046 0.58439 0.81080
1726497648.314583063 -0.13080 0.01482 -0.04243 -0.03122 0.01046 0.58604 0.80961
1726497648.324583292 -0.13106 0.01456 -0.04239 -0.03117 0.01046 0.58770 0.80841
1726497648.334583521 -0.13138 0.01428 -0.04234 -0.03112 0.01047 0.58936 0.80720
1726497648.344583273 -0.13178 0.01399 -0.04229 -0.03106 0.01048 0.59104 0.80598
1726497648.354583263 -0.13224 0.01368 -0.04224 -0.03100 0.01050 0.59273 0.80474
1726497648.364583254 -0.13276 0.01336 -0.04219 -0.03093 0.01052 0.59442 0.80349
1726497648.374583483 -0.13332 0.01304 -0.04214 -0.03086 0.01054 0.59614 0.80222
1726497648.384583235 -0.13391 0.01272 -0.04210 -0.03079 0.01056 0.59787 0.80093
1726497648.394583225 -0.13451 0.01240 -0.04206 -0.03072 0.01059 0.59963 0.79962
1726497648.404583216 -0.13512 0.01210 -0.04201 -0.03065 0.01061 0.60141 0.79828
1726497648.414583445 -0.13571 0.01181 -0.04198 -0.03057 0.01063 0.60322 0.79692
1726497648.424583197 -0.13628 0.01153 -0.04194 -0.03050 0.01064 0.60506 0.79553
1726497648.434583187 -0.13681 0.01129 -0.04191 -0.03043 0.01065 0.60693 0.79410
1726497648.444583178 -0.13729 0.01107 -0.04188 -0.03036 0.01064 0.60884 0.79264
1726497648.454583406 -0.13773 0.01087 -0.04185 -0.03029 0.01064 0.61078 0.79115
1726497648.464583158 -0.13813 0.01068 -0.04183 -0.03022 0.01062 0.61274 0.78964
1726497648.474583149 -0.13849 0.01049 -0.04180 -0.03016 0.01061 0.61471 0.78810
1726497648.484583378 -0.13882 0.01030 -0.04177 -0.03010 0.01059 0.61670 0.78655
1726497648.494583368 -0.13912 0.01008 -0.04173 -0.03004 0.01057 0.61868 0.78500
1726497648.504583359 -0.13941 0.00985 -0.04169 -0.02999 0.01054 0.62066 0.78343
1726497648.514583111 -0.13968 0.00957 -0.04164 -0.02994 0.01052 0.62263 0.78187
1726497648.524583340 -0.13993 0.00925 -0.04157 -0.02990 0.01050 0.62458 0.78032
1726497648.534583330 -0.14019 0.00888 -0.04150 -0.02986 0.01049 0.62650 0.77878
1726497648.544583321 -0.14044 0.00844 -0.04141 -0.02983 0.01047 0.62839 0.77726
1726497648.554583073 -0.14069 0.00795 -0.04130 -0.02980 0.01047 0.63025 0.77575
1726497648.564583302 -0.14095 0.00741 -0.04119 -0.02978 0.01046 0.63209 0.77425
1726497648.574583292 -0.14122 0.00684 -0.04106 -0.02976 0.01045 0.63390 0.77278
1726497648.584583282 -0.14150 0.00624 -0.04092 -0.02974 0.01045 0.63568 0.77131
1726497648.594583035 -0.14179 0.00562 -0.04077 -0.02972 0.01045 0.63745 0.76985
1726497648.604583263 -0.14210 0.00499 -0.04062 -0.02970 0.01044 0.63920 0.76840
1726497648.614583492 -0.14242 0.00436 -0.04045 -0.02968 0.01043 0.64093 0.76696
1726497648.624583244 -0.14277 0.00373 -0.04028 -0.02966 0.01043 0.64265 0.76552
1726497648.634583235 -0.14314 0.00312 -0.04010 -0.02963 0.01041 0.64436 0.76408
1726497648.644583225 -0.14354 0.00254 -0.03992 -0.02960 0.01040 0.64606 0.76265
1726497648.654583454 -0.14397 0.00198 -0.03973 -0.02957 0.01038 0.64775 0.76121
1726497648.664583206 -0.14441 0.00144 -0.03954 -0.02953 0.01036 0.64944 0.75976
1726497648.674583197 -0.14488 0.00093 -0.03935 -0.02949 0.01033 0.65114 0.75831
1726497648.684583187 -0.14535 0.00044 -0.03916 -0.02944 0.01031 0.65284 0.75685
1726497648.694583416 -0.14584 -0.00003 -0.03896 -0.02939 0.01028 0.65455 0.75537
1726497648.704583168 -0.14634 -0.00048 -0.03878 -0.02934 0.01025 0.65628 0.75388
1726497648.714583158 -0.14684 -0.00090 -0.03859 -0.02929 0.01022 0.65802 0.75236
1726497648.724583387 -0.14735 -0.00131 -0.03841 -0.02924 0.01020 0.65978 0.75082
1726497648.734583378 -0.14785 -0.00170 -0.03824 -0.02919 0.01017 0.66156 0.74926
1726497648.744583368 -0.14835 -0.00207 -0.03807 -0.02913 0.01014 0.66336 0.74766
1726497648.754583120 -0.14884 -0.00242 -0.03792 -0.02908 0.01012 0.66518 0.74605
1726497648.764583349 -0.14933 -0.00275 -0.03777 -0.02903 0.01009 0.66700 0.74443
1726497648.774583340 -0.14982 -0.00306 -0.03763 -0.02899 0.01006 0.66879 0.74281
1726497648.784583330 -0.15031 -0.00334 -0.03751 -0.02895 0.01003 0.67056 0.74122
1726497648.794583082 -0.15080 -0.00360 -0.03739 -0.02892 0.00999 0.67228 0.73966
1726497648.804583311 -0.15130 -0.00383 -0.03730 -0.02890 0.00994 0.67394 0.73815
1726497648.814583302 -0.15180 -0.00403 -0.03721 -0.02889 0.00989 0.67553 0.73670
1726497648.824583292 -0.15230 -0.00420 -0.03714 -0.02889 0.00984 0.67704 0.73532
1726497648.834583044 -0.15281 -0.00434 -0.03709 -0.02891 0.00977 0.67844 0.73402
1726497648.844583273 -0.15332 -0.00445 -0.03706 -0.02894 0.00969 0.67973 0.73283
1726497648.854583502 -0.15384 -0.00452 -0.03704 -0.02899 0.00960 0.68091 0.73173
1726497648.864583254 -0.15434 -0.00457 -0.03704 -0.02904 0.00951 0.68197 0.73074
1726497648.874583244 -0.15483 -0.00459 -0.03704 -0.02910 0.00942 0.68292 0.72985
1726497648.884583235 -0.15529 -0.00458 -0.03706 -0.02916 0.00932 0.68376 0.72907
1726497648.894583464 -0.15572 -0.00455 -0.03708 -0.02921 0.00923 0.68449 0.72838
1726497648.904583216 -0.15611 -0.00450 -0.03710 -0.02927 0.00913 0.68510 0.72780
1726497648.914583206 -0.15645 -0.00444 -0.03713 -0.02931 0.00905 0.68561 0.72733
1726497648.924583197 -0.15673 -0.00435 -0.03715 -0.02934 0.00898 0.68600 0.72695
1726497648.934583426 -0.15694 -0.00425 -0.03717 -0.02935 0.00891 0.68628 0.72669
1726497648.944583178 -0.15708 -0.00414 -0.03718 -0.02934 0.00886 0.68646 0.72652
1726497648.954583168 -0.15716 -0.00402 -0.03718 -0.02931 0.00882 0.68653 0.72646
1726497648.964583158 -0.15718 -0.00390 -0.03719 -0.02928 0.00880 0.68651 0.72648
1726497648.974583387 -0.15716 -0.00376 -0.03718 -0.02923 0.00878 0.68641 0.72658
1726497648.984583378 -0.15712 -0.00363 -0.03718 -0.02918 0.00876 0.68623 0.72675
1726497648.994583130 -0.15705 -0.00349 -0.03717 -0.02913 0.00875 0.68598 0.72698
1726497649.004583359 -0.15697 -0.00335 -0.03716 -0.02909 0.00875 0.68568 0.72727
1726497649.014583349 -0.15689 -0.00321 -0.03715 -0.02905 0.00874 0.68532 0.72761
1726497649.024583340 -0.15682 -0.00308 -0.03714 -0.02903 0.00874 0.68493 0.72798
1726497649.034583092 -0.15678 -0.00296 -0.03713 -0.02903 0.00873 0.68451 0.72838
1726497649.044583321 -0.15676 -0.00284 -0.03712 -0.02904 0.00872 0.68406 0.72880
1726497649.054583311 -0.15678 -0.00273 -0.03711 -0.02908 0.00870 0.68360 0.72923
1726497649.064583302 -0.15682 -0.00263 -0.03711 -0.02913 0.00868 0.68312 0.72967
1726497649.074583054 -0.15687 -0.00252 -0.03710 -0.02919 0.00867 0.68264 0.73012
1726497649.084583282 -0.15694 -0.00240 -0.03710 -0.02926 0.00865 0.68216 0.73056
1726497649.094583511 -0.15701 -0.00228 -0.03709 -0.02933 0.00863 0.68169 0.73100
1726497649.104583263 -0.15709 -0.00214 -0.03709 -0.02940 0.00862 0.68123 0.73143
1726497649.114583254 -0.15716 -0.00200 -0.03709 -0.02946 0.00861 0.68079 0.73184
1726497649.124583244 -0.15722 -0.00183 -0.03708 -0.02952 0.00861 0.68037 0.73223
1726497649.134583473 -0.15726 -0.00164 -0.03707 -0.02957 0.00862 0.67998 0.73259
1726497649.144583225 -0.15729 -0.00142 -0.03707 -0.02960 0.00863 0.67962 0.73291
1726497649.154583216 -0.15730 -0.00119 -0.03706 -0.02962 0.00865 0.67929 0.73322
1726497649.164583206 -0.15729 -0.00093 -0.03704 -0.02963 0.00868 0.67899 0.73350
1726497649.174583435 -0.15727 -0.00067 -0.03702 -0.02964 0.00871 0.67870 0.73377
1726497649.184583187 -0.15723 -0.00039 -0.03700 -0.02964 0.00875 0.67842 0.73403
1726497649.194583178 -0.15717 -0.00011 -0.03696 -0.02963 0.00878 0.67814 0.73429
1726497649.204583168 -0.15711 0.00017 -0.03692 -0.02963 0.00882 0.67785 0.73455
1726497649.214583397 -0.15704 0.00044 -0.03687 -0.02962 0.00885 0.67755 0.73482
1726497649.224583387 -0.15696 0.00071 -0.03681 -0.02963 0.00888 0.67724 0.73512
1726497649.234583139 -0.15687 0.00097 -0.03673 -0.02964 0.00890 0.67689 0.73543
1726497649.244583368 -0.15678 0.00122 -0.03664 -0.02965 0.00892 0.67652 0.73577
1726497649.254583359 -0.15668 0.00144 -0.03654 -0.02968 0.00894 0.67612 0.73614
1726497649.264583349 -0.15658 0.00166 -0.03644 -0.02971 0.00894 0.67571 0.73652
1726497649.274583101 -0.15649 0.00186 -0.03632 -0.02974 0.00895 0.67528 0.73691
1726497649.284583330 -0.15639 0.00204 -0.03621 -0.02978 0.00895 0.67485 0.73730
1726497649.294583321 -0.15630 0.00222 -0.03610 -0.02982 0.00895 0.67443 0.73768
1726497649.304583311 -0.15621 0.00237 -0.03599 -0.02985 0.00894 0.67402 0.73805
1726497649.314583063 -0.15612 0.00252 -0.03589 -0.02989 0.00894 0.67363 0.73841
1726497649.324583292 -0.15605 0.00265 -0.03580 -0.02992 0.00893 0.67327 0.73874
1726497649.334583521 -0.15598 0.00278 -0.03572 -0.02994 0.00892 0.67295 0.73903
1726497649.344583273 -0.15592 0.00289 -0.03566 -0.02995 0.00892 0.67266 0.73929
1726497649.354583263 -0.15588 0.00299 -0.03561 -0.02996 0.00891 0.67240 0.73952
1726497649.364583254 -0.15584 0.00309 -0.03558 -0.02996 0.00890 0.67216 0.73974
1726497649.374583483 -0.15580 0.00320 -0.03555 -0.02996 0.00889 0.67193 0.73996
1726497649.384583235 -0.15578 0.00331 -0.03553 -0.02996 0.00889 0.67168 0.74018
1726497649.394583225 -0.15576 0.00343 -0.03551 -0.02997 0.00888 0.67141 0.74042
1726497649.404583216 -0.15574 0.00357 -0.03550 -0.02998 0.00887 0.67110 0.74070
1726497649.414583445 -0.15572 0.00373 -0.03548 -0.02999 0.00887 0.67075 0.74103
1726497649.424583197 -0.15570 0.00391 -0.03546 -0.03002 0.00886 0.67032 0.74141
1726497649.434583187 -0.15569 0.00412 -0.03544 -0.03005 0.00885 0.66982 0.74186
1726497649.444583178 -0.15567 0.00437 -0.03540 -0.03010 0.00885 0.66924 0.74239
1726497649.454583406 -0.15564 0.00465 -0.03537 -0.03016 0.00884 0.66855 0.74300
1726497649.464583158 -0.15562 0.00496 -0.03532 -0.03022 0.00883 0.66778 0.74369
1726497649.474583149 -0.15558 0.00529 -0.03528 -0.03030 0.00882 0.66692 0.74446
1726497649.484583378 -0.15554 0.00565 -0.03525 -0.03038 0.00882 0.66596 0.74531
1726497649.494583368 -0.15549 0.00603 -0.03521 -0.03046 0.00881 0.66492 0.74624
1726497649.504583359 -0.15542 0.00642 -0.03519 -0.03055 0.00880 0.66378 0.74725
1726497649.514583111 -0.15535 0.00684 -0.03518 -0.03064 0.00879 0.66255 0.74834
1726497649.524583340 -0.15526 0.00726 -0.03518 -0.03072 0.00877 0.66123 0.74950
1726497649.534583330 -0.15515 0.00770 -0.03519 -0.03081 0.00876 0.65982 0.75074
1726497649.544583321 -0.15503 0.00814 -0.03522 -0.03088 0.00874 0.65831 0.75206
1726497649.554583073 -0.15488 0.00860 -0.03527 -0.03096 0.00873 0.65669 0.75347
1726497649.564583302 -0.15471 0.00908 -0.03532 -0.03104 0.00871 0.65496 0.75498
1726497649.574583292 -0.15452 0.00958 -0.03536 -0.03112 0.00869 0.65308 0.75660
1726497649.584583282 -0.15429 0.01012 -0.03540 -0.03121 0.00866 0.65106 0.75833
1726497649.594583035 -0.15403 0.01069 -0.03542 -0.03132 0.00863 0.64888 0.76020
1726497649.604583263 -0.15372 0.01126 -0.03543 -0.03143 0.00861 0.64656 0.76217
1726497649.614583492 -0.15334 0.01179 -0.03546 -0.03154 0.00860 0.64414 0.76421
1726497649.624583244 -0.15286 0.01225 -0.03552 -0.03163 0.00860 0.64164 0.76630
1726497649.634583235 -0.15228 0.01258 -0.03562 -0.03171 0.00863 0.63911 0.76841
1726497649.644583225 -0.15157 0.01279 -0.03578 -0.03176 0.00869 0.63656 0.77052
1726497649.654583454 -0.15077 0.01289 -0.03597 -0.03179 0.00877 0.63400 0.77263
1726497649.664583206 -0.14992 0.01297 -0.03618 -0.03180 0.00885 0.63140 0.77475
1726497649.674583197 -0.14906 0.01306 -0.03640 -0.03181 0.00893 0.62876 0.77690
1726497649.684583187 -0.14823 0.01325 -0.03659 -0.03181 0.00899 0.62606 0.77907
1726497649.694583416 -0.14746 0.01356 -0.03675 -0.03183 0.00903 0.62329 0.78129
1726497649.704583168 -0.14675 0.01399 -0.03689 -0.03185 0.00904 0.62047 0.78353
1726497649.714583158 -0.14607 0.01449 -0.03703 -0.03188 0.00903 0.61760 0.78579
1726497649.724583387 -0.14543 0.01503 -0.03720 -0.03191 0.00900 0.61471 0.78806
1726497649.734583378 -0.14479 0.01557 -0.03742 -0.03195 0.00897 0.61180 0.79032
1726497649.744583368 -0.14414 0.01609 -0.03769 -0.03199 0.00893 0.60889 0.79256
1726497649.754583120 -0.14349 0.01660 -0.03802 -0.03203 0.00889 0.60600 0.79477
1726497649.764583349 -0.14282 0.01709 -0.03836 -0.03207 0.00886 0.60315 0.79693
1726497649.774583340 -0.14212 0.01759 -0.03870 -0.03210 0.00884 0.60035 0.79904
1726497649.784583330 -0.14139 0.01810 -0.03900 -0.03212 0.00885 0.59762 0.80109
1726497649.794583082 -0.14062 0.01863 -0.03925 -0.03212 0.00888 0.59497 0.80306
1726497649.804583311 -0.13982 0.01915 -0.03944 -0.03213 0.00893 0.59237 0.80497
1726497649.814583302 -0.13897 0.01962 -0.03957 -0.03214 0.00899 0.58982 0.80684
1726497649.824583292 -0.13807 0.02001 -0.03962 -0.03217 0.00906 0.58729 0.80869
1726497649.834583044 -0.13712 0.02029 -0.03959 -0.03224 0.00911 0.58474 0.81053
1726497649.844583273 -0.13612 0.02043 -0.03949 -0.03235 0.00916 0.58218 0.81237
1726497649.854583502 -0.13510 0.02045 -0.03935 -0.03248 0.00918 0.57962 0.81419
1726497649.864583254 -0.13409 0.02040 -0.03921 -0.03262 0.00920 0.57709 0.81598
1726497649.874583244 -0.13313 0.02032 -0.03910 -0.03276 0.00920 0.57463 0.81770
1726497649.884583235 -0.13225 0.02024 -0.03907 -0.03287 0.00919 0.57228 0.81935
1726497649.894583464 -0.13147 0.02020 -0.03914 -0.03295 0.00917 0.57005 0.82090
1726497649.904583216 -0.13078 0.02021 -0.03929 -0.03299 0.00915 0.56793 0.82236
1726497649.914583206 -0.13015 0.02026 -0.03950 -0.03301 0.00912 0.56589 0.82377
1726497649.924583197 -0.12955 0.02034 -0.03973 -0.03303 0.00910 0.56390 0.82513
1726497649.934583426 -0.12894 0.02045 -0.03996 -0.03305 0.00908 0.56192 0.82648
1726497649.944583178 -0.12831 0.02059 -0.04015 -0.03307 0.00906 0.55993 0.82783
1726497649.954583168 -0.12765 0.02075 -0.04030 -0.03311 0.00906 0.55792 0.82918
1726497649.964583158 -0.12697 0.02095 -0.04043 -0.03316 0.00906 0.55591 0.83053
1726497649.974583387 -0.12626 0.02116 -0.04053 -0.03321 0.00906 0.55388 0.83189
1726497649.984583378 -0.12553 0.02140 -0.04061 -0.03327 0.00907 0.55184 0.83323
1726497649.994583130 -0.12479 0.02166 -0.04068 -0.03333 0.00908 0.54980 0.83458
1726497650.004583359 -0.12404 0.02195 -0.04073 -0.03340 0.00910 0.54775 0.83592
1726497650.014583349 -0.12327 0.02225 -0.04078 -0.03347 0.00912 0.54571 0.83726
1726497650.024583340 -0.12250 0.02257 -0.04083 -0.03353 0.00914 0.54366 0.83859
1726497650.034583092 -0.12172 0.02291 -0.04088 -0.03360 0.00917 0.54161 0.83991
1726497650.044583321 -0.12095 0.02326 -0.04094 -0.03366 0.00919 0.53957 0.84122
1726497650.054583311 -0.12018 0.02363 -0.04101 -0.03372 0.00922 0.53752 0.84253
1726497650.064583302 -0.11942 0.02399 -0.04108 -0.03377 0.00924 0.53547 0.84383
1726497650.074583054 -0.11869 0.02434 -0.04114 -0.03383 0.00926 0.53341 0.84513
1726497650.084583282 -0.11799 0.02467 -0.04121 -0.03388 0.00927 0.53133 0.84644
1726497650.094583511 -0.11732 0.02498 -0.04127 -0.03394 0.00929 0.52922 0.84775
1726497650.104583263 -0.11670 0.02525 -0.04132 -0.03399 0.00930 0.52709 0.84908
1726497650.114583254 -0.11613 0.02548 -0.04135 -0.03405 0.00930 0.52492 0.85042
1726497650.124583244 -0.11561 0.02566 -0.04137 -0.03411 0.00929 0.52272 0.85177
1726497650.134583473 -0.11517 0.02577 -0.04137 -0.03418 0.00928 0.52046 0.85315
1726497650.144583225 -0.11479 0.02583 -0.04136 -0.03425 0.00926 0.51816 0.85454
1726497650.154583216 -0.11445 0.02585 -0.04133 -0.03432 0.00924 0.51582 0.85596
1726497650.164583206 -0.11412 0.02587 -0.04130 -0.03438 0.00922 0.51345 0.85738
1726497650.174583435 -0.11376 0.02592 -0.04128 -0.03443 0.00922 0.51105 0.85881
1726497650.184583187 -0.11334 0.02603 -0.04128 -0.03447 0.00924 0.50864 0.86024
1726497650.194583178 -0.11283 0.02623 -0.04131 -0.03449 0.00928 0.50621 0.86167
1726497650.204583168 -0.11225 0.02650 -0.04138 -0.03450 0.00933 0.50376 0.86310
1726497650.214583397 -0.11159 0.02680 -0.04151 -0.03451 0.00939 0.50126 0.86455
1726497650.224583387 -0.11087 0.02710 -0.04171 -0.03455 0.00942 0.49869 0.86604
1726497650.234583139 -0.11010 0.02736 -0.04199 -0.03461 0.00942 0.49603 0.86756
1726497650.244583368 -0.10929 0.02756 -0.04235 -0.03472 0.00938 0.49326 0.86914
1726497650.254583359 -0.10846 0.02772 -0.04278 -0.03486 0.00932 0.49040 0.87075
1726497650.264583349 -0.10762 0.02786 -0.04324 -0.03501 0.00924 0.48750 0.87237
1726497650.274583101 -0.10679 0.02801 -0.04368 -0.03516 0.00918 0.48459 0.87399
1726497650.284583330 -0.10597 0.02820 -0.04408 -0.03530 0.00915 0.48169 0.87558
1726497650.294583321 -0.10518 0.02844 -0.04442 -0.03542 0.00917 0.47884 0.87714
1726497650.304583311 -0.10443 0.02875 -0.04470 -0.03551 0.00923 0.47603 0.87866
1726497650.314583063 -0.10374 0.02914 -0.04496 -0.03556 0.00931 0.47323 0.88017
1726497650.324583292 -0.10313 0.02960 -0.04520 -0.03558 0.00939 0.47042 0.88168
1726497650.334583521 -0.10261 0.03015 -0.04547 -0.03556 0.00947 0.46758 0.88319
1726497650.344583273 -0.10218 0.03078 -0.04576 -0.03550 0.00953 0.46469 0.88471
1726497650.354583263 -0.10180 0.03147 -0.04607 -0.03542 0.00958 0.46177 0.88624
1726497650.364583254 -0.10142 0.03218 -0.04637 -0.03533 0.00961 0.45884 0.88777
1726497650.374583483 -0.10099 0.03287 -0.04663 -0.03525 0.00964 0.45590 0.88928
1726497650.384583235 -0.10045 0.03351 -0.04683 -0.03521 0.00967 0.45298 0.89077
1726497650.394583225 -0.09978 0.03408 -0.04694 -0.03520 0.00971 0.45010 0.89223
1726497650.404583216 -0.09899 0.03457 -0.04700 -0.03523 0.00975 0.44727 0.89365
1726497650.414583445 -0.09813 0.03500 -0.04703 -0.03528 0.00979 0.44450 0.89503
1726497650.424583197 -0.09725 0.03537 -0.04706 -0.03534 0.00983 0.44182 0.89636
1726497650.434583187 -0.09638 0.03571 -0.04712 -0.03540 0.00987 0.43923 0.89762
1726497650.444583178 -0.09556 0.03601 -0.04723 -0.03544 0.00990 0.43674 0.89883
1726497650.454583406 -0.09480 0.03628 -0.04740 -0.03546 0.00993 0.43437 0.89998
1726497650.464583158 -0.09409 0.03651 -0.04761 -0.03547 0.00995 0.43211 0.90107
1726497650.474583149 -0.09343 0.03672 -0.04786 -0.03548 0.00997 0.42996 0.90210
1726497650.484583378 -0.09281 0.03689 -0.04813 -0.03547 0.00998 0.42791 0.90307
1726497650.494583368 -0.09223 0.03704 -0.04842 -0.03545 0.01000 0.42596 0.90399
1726497650.504583359 -0.09168 0.03715 -0.04871 -0.03543 0.01001 0.42413 0.90485
1726497650.514583111 -0.09117 0.03723 -0.04901 -0.03541 0.01002 0.42239 0.90567
1726497650.524583340 -0.09068 0.03728 -0.04929 -0.03539 0.01003 0.42076 0.90643
1726497650.534583330 -0.09022 0.03730 -0.04955 -0.03537 0.01004 0.41922 0.90714
1726497650.544583321 -0.08977 0.03729 -0.04978 -0.03536 0.01005 0.41779 0.90780
1726497650.554583073 -0.08934 0.03726 -0.04999 -0.03534 0.01007 0.41644 0.90842
1726497650.564583302 -0.08893 0.03721 -0.05017 -0.03534 0.01008 0.41517 0.90900
1726497650.574583292 -0.08853 0.03714 -0.05033 -0.03533 0.01010 0.41397 0.90955
1726497650.584583282 -0.08815 0.03706 -0.05047 -0.03533 0.01012 0.41281 0.91007
1726497650.594583035 -0.08778 0.03698 -0.05059 -0.03533 0.01014 0.41170 0.91058
1726497650.604583263 -0.08742 0.03690 -0.05070 -0.03534 0.01015 0.41062 0.91107
1726497650.614583492 -0.08708 0.03683 -0.05080 -0.03535 0.01017 0.40955 0.91154
1726497650.624583244 -0.08674 0.03677 -0.05088 -0.03537 0.01019 0.40849 0.91202
1726497650.634583235 -0.08641 0.03673 -0.05096 -0.03539 0.01020 0.40743 0.91249
1726497650.644583225 -0.08609 0.03671 -0.05103 -0.03541 0.01021 0.40635 0.91298
1726497650.654583454 -0.08577 0.03671 -0.05110 -0.03543 0.01022 0.40524 0.91347
1726497650.664583206 -0.08546 0.03673 -0.05117 -0.03546 0.01023 0.40411 0.91396
1726497650.674583197 -0.08515 0.03678 -0.05123 -0.03549 0.01024 0.40296 0.91447
1726497650.684583187 -0.08484 0.03684 -0.05129 -0.03552 0.01024 0.40177 0.91500
1726497650.694583416 -0.08453 0.03692 -0.05135 -0.03555 0.01025 0.40054 0.91553
1726497650.704583168 -0.08422 0.03702 -0.05142 -0.03559 0.01026 0.39928 0.91608
1726497650.714583158 -0.08390 0.03714 -0.05148 -0.03562 0.01026 0.39798 0.91665
1726497650.724583387 -0.08357 0.03728 -0.05154 -0.03565 0.01027 0.39663 0.91723
1726497650.734583378 -0.08324 0.03742 -0.05161 -0.03568 0.01028 0.39523 0.91783
1726497650.744583368 -0.08289 0.03759 -0.05169 -0.03570 0.01029 0.39378 0.91845
1726497650.754583120 -0.08254 0.03777 -0.05176 -0.03573 0.01030 0.39228 0.91909
1726497650.764583349 -0.08218 0.03796 -0.05185 -0.03575 0.01031 0.39074 0.91975
1726497650.774583340 -0.08180 0.03816 -0.05193 -0.03577 0.01031 0.38914 0.92043
1726497650.784583330 -0.08142 0.03837 -0.05202 -0.03580 0.01032 0.38750 0.92112
1726497650.794583082 -0.08103 0.03859 -0.05210 -0.03583 0.01032 0.38582 0.92182
1726497650.804583311 -0.08064 0.03882 -0.05220 -0.03586 0.01032 0.38409 0.92254
1726497650.814583302 -0.08024 0.03906 -0.05229 -0.03589 0.01031 0.38232 0.92327
1726497650.824583292 -0.07983 0.03931 -0.05238 -0.03593 0.01030 0.38051 0.92402
1726497650.834583044 -0.07942 0.03956 -0.05248 -0.03598 0.01028 0.37867 0.92478
1726497650.844583273 -0.07901 0.03981 -0.05257 -0.03603 0.01025 0.37678 0.92554
1726497650.854583502 -0.07860 0.04006 -0.05267 -0.03608 0.01022 0.37486 0.92632
1726497650.864583254 -0.07819 0.04029 -0.05278 -0.03613 0.01018 0.37289 0.92712
1726497650.874583244 -0.07780 0.04048 -0.05289 -0.03618 0.01015 0.37087 0.92792
1726497650.884583235 -0.07743 0.04062 -0.05302 -0.03622 0.01012 0.36879 0.92875
1726497650.894583464 -0.07708 0.04071 -0.05316 -0.03625 0.01011 0.36666 0.92959
1726497650.904583216 -0.07677 0.04073 -0.05332 -0.03627 0.01010 0.36446 0.93046
1726497650.914583206 -0.07649 0.04066 -0.05350 -0.03627 0.01010 0.36219 0.93135
1726497650.924583197 -0.07626 0.04049 -0.05371 -0.03625 0.01012 0.35984 0.93225
1726497650.934583426 -0.07607 0.04022 -0.05394 -0.03620 0.01016 0.35742 0.93319
1726497650.944583178 -0.07593 0.03983 -0.05419 -0.03612 0.01023 0.35491 0.93415
1726497650.954583168 -0.07579 0.03939 -0.05446 -0.03603 0.01030 0.35233 0.93512
1726497650.964583158 -0.07561 0.03896 -0.05471 -0.03594 0.01037 0.34968 0.93612
1726497650.974583387 -0.07534 0.03861 -0.05494 -0.03587 0.01043 0.34696 0.93714
1726497650.984583378 -0.07493 0.03841 -0.05510 -0.03582 0.01046 0.34418 0.93816
1726497650.994583130 -0.07435 0.03840 -0.05520 -0.03581 0.01045 0.34135 0.93919
1726497651.004583359 -0.07363 0.03854 -0.05525 -0.03583 0.01042 0.33850 0.94023
1726497651.014583349 -0.07284 0.03876 -0.05527 -0.03587 0.01037 0.33564 0.94125
1726497651.024583340 -0.07203 0.03902 -0.05529 -0.03593 0.01032 0.33281 0.94225
1726497651.034583092 -0.07127 0.03923 -0.05532 -0.03598 0.01026 0.33002 0.94323
1726497651.044583321 -0.07059 0.03936 -0.05538 -0.03603 0.01022 0.32730 0.94418
1726497651.054583311 -0.07001 0.03940 -0.05547 -0.03607 0.01020 0.32464 0.94509
1726497651.064583302 -0.06951 0.03936 -0.05560 -0.03611 0.01018 0.32205 0.94598
1726497651.074583054 -0.06908 0.03927 -0.05574 -0.03614 0.01018 0.31951 0.94684
1726497651.084583282 -0.06871 0.03913 -0.05591 -0.03616 0.01018 0.31703 0.94767
1726497651.094583511 -0.06838 0.03896 -0.05609 -0.03618 0.01018 0.31460 0.94848
1726497651.104583263 -0.06810 0.03876 -0.05627 -0.03620 0.01019 0.31222 0.94927
1726497651.114583254 -0.06784 0.03857 -0.05646 -0.03622 0.01020 0.30987 0.95003
1726497651.124583244 -0.06761 0.03838 -0.05664 -0.03624 0.01020 0.30756 0.95078
1726497651.134583473 -0.06737 0.03821 -0.05682 -0.03626 0.01021 0.30528 0.95152
1726497651.144583225 -0.06714 0.03807 -0.05699 -0.03628 0.01021 0.30303 0.95224
1726497651.154583216 -0.06690 0.03795 -0.05713 -0.03630 0.01020 0.30080 0.95294
1726497651.164583206 -0.06664 0.03784 -0.05726 -0.03632 0.01020 0.29858 0.95364
1726497651.174583435 -0.06637 0.03772 -0.05735 -0.03635 0.01019 0.29638 0.95432
1726497651.184583187 -0.06608 0.03758 -0.05742 -0.03637 0.01018 0.29417 0.95501
1726497651.194583178 -0.06575 0.03740 -0.05744 -0.03638 0.01018 0.29196 0.95568
1726497651.204583168 -0.06540 0.03718 -0.05743 -0.03640 0.01017 0.28975 0.95636
1726497651.214583397 -0.06501 0.03689 -0.05736 -0.03641 0.01017 0.28752 0.95703
1726497651.224583387 -0.06458 0.03652 -0.05724 -0.03642 0.01018 0.28526 0.95770
1726497651.234583139 -0.06410 0.03606 -0.05706 -0.03642 0.01019 0.28298 0.95838
1726497651.244583368 -0.06357 0.03550 -0.05682 -0.03641 0.01021 0.28067 0.95906
1726497651.254583359 -0.06301 0.03489 -0.05655 -0.03640 0.01023 0.27832 0.95975
1726497651.264583349 -0.06243 0.03429 -0.05626 -0.03639 0.01027 0.27592 0.96044
1726497651.274583101 -0.06184 0.03374 -0.05599 -0.03638 0.01032 0.27347 0.96114
1726497651.284583330 -0.06127 0.03331 -0.05577 -0.03638 0.01038 0.27097 0.96184
1726497651.294583321 -0.06071 0.03303 -0.05561 -0.03638 0.01045 0.26841 0.96256
1726497651.304583311 -0.06018 0.03286 -0.05549 -0.03638 0.01053 0.26582 0.96328
1726497651.314583063 -0.05968 0.03275 -0.05541 -0.03639 0.01061 0.26321 0.96399
1726497651.324583292 -0.05921 0.03265 -0.05535 -0.03641 0.01068 0.26061 0.96470
1726497651.334583521 -0.05877 0.03250 -0.05527 -0.03642 0.01073 0.25804 0.96539
1726497651.344583273 -0.05835 0.03226 -0.05518 -0.03643 0.01077 0.25553 0.96606
1726497651.354583263 -0.05796 0.03194 -0.05506 -0.03644 0.01079 0.25306 0.96670
1726497651.364583254 -0.05759 0.03155 -0.05493 -0.03645 0.01079 0.25065 0.96733
1726497651.374583483 -0.05724 0.03110 -0.05479 -0.03646 0.01078 0.24828 0.96794
1726497651.384583235 -0.05690 0.03060 -0.05464 -0.03648 0.01076 0.24595 0.96854
1726497651.394583225 -0.05656 0.03006 -0.05450 -0.03649 0.01073 0.24366 0.96911
1726497651.404583216 -0.05623 0.02951 -0.05436 -0.03651 0.01070 0.24141 0.96968
1726497651.414583445 -0.05590 0.02894 -0.05424 -0.03653 0.01067 0.23919 0.97023
1726497651.424583197 -0.05556 0.02839 -0.05414 -0.03656 0.01064 0.23700 0.97076
1726497651.434583187 -0.05521 0.02785 -0.05406 -0.03660 0.01061 0.23483 0.97129
1726497651.444583178 -0.05485 0.02734 -0.05401 -0.03664 0.01058 0.23269 0.97180
1726497651.454583406 -0.05447 0.02687 -0.05398 -0.03668 0.01057 0.23056 0.97231
1726497651.464583158 -0.05406 0.02643 -0.05398 -0.03674 0.01056 0.22844 0.97281
1726497651.474583149 -0.05364 0.02604 -0.05400 -0.03679 0.01055 0.22634 0.97330
1726497651.484583378 -0.05318 0.02570 -0.05403 -0.03685 0.01054 0.22423 0.97378
1726497651.494583368 -0.05270 0.02541 -0.05408 -0.03692 0.01054 0.22212 0.97426
1726497651.504583359 -0.05219 0.02517 -0.05414 -0.03698 0.01055 0.22001 0.97474
1726497651.514583111 -0.05164 0.02499 -0.05421 -0.03705 0.01055 0.21789 0.97521
1726497651.524583340 -0.05105 0.02488 -0.05429 -0.03712 0.01055 0.21574 0.97569
1726497651.534583330 -0.05043 0.02483 -0.05436 -0.03719 0.01056 0.21358 0.97616
1726497651.544583321 -0.04976 0.02485 -0.05444 -0.03726 0.01056 0.21139 0.97663
1726497651.554583073 -0.04907 0.02493 -0.05451 -0.03732 0.01057 0.20920 0.97710
1726497651.564583302 -0.04835 0.02504 -0.05458 -0.03739 0.01057 0.20701 0.97757
1726497651.574583292 -0.04763 0.02517 -0.05463 -0.03745 0.01058 0.20484 0.97802
1726497651.584583282 -0.04692 0.02530 -0.05468 -0.03750 0.01059 0.20271 0.97846
1726497651.594583035 -0.04622 0.02543 -0.05471 -0.03756 0.01060 0.20064 0.97889
1726497651.604583263 -0.04556 0.02552 -0.05472 -0.03760 0.01061 0.19864 0.97929
1726497651.614583492 -0.04494 0.02556 -0.05471 -0.03765 0.01063 0.19673 0.97968
1726497651.624583244 -0.04437 0.02554 -0.05468 -0.03768 0.01065 0.19492 0.98004
1726497651.634583235 -0.04388 0.02544 -0.05462 -0.03770 0.01067 0.19324 0.98037
1726497651.644583225 -0.04346 0.02525 -0.05453 -0.03772 0.01070 0.19169 0.98067
1726497651.654583454 -0.04311 0.02498 -0.05442 -0.03773 0.01073 0.19026 0.98095
1726497651.664583206 -0.04283 0.02464 -0.05429 -0.03774 0.01076 0.18894 0.98120
1726497651.674583197 -0.04258 0.02425 -0.05415 -0.03773 0.01079 0.18770 0.98144
1726497651.684583187 -0.04237 0.02383 -0.05400 -0.03773 0.01083 0.18654 0.98166
1726497651.694583416 -0.04219 0.02340 -0.05386 -0.03772 0.01086 0.18542 0.98187
1726497651.704583168 -0.04201 0.02296 -0.05372 -0.03770 0.01090 0.18435 0.98208
1726497651.714583158 -0.04184 0.02254 -0.05359 -0.03768 0.01093 0.18329 0.98228
1726497651.724583387 -0.04165 0.02215 -0.05348 -0.03767 0.01095 0.18223 0.98247
1726497651.734583378 -0.04144 0.02181 -0.05340 -0.03765 0.01097 0.18115 0.98267
1726497651.744583368 -0.04120 0.02153 -0.05334 -0.03763 0.01099 0.18005 0.98288
1726497651.754583120 -0.04093 0.02131 -0.05331 -0.03762 0.01100 0.17891 0.98308
1726497651.764583349 -0.04063 0.02114 -0.05330 -0.03760 0.01101 0.17773 0.98330
1726497651.774583340 -0.04031 0.02102 -0.05331 -0.03760 0.01101 0.17652 0.98352
1726497651.784583330 -0.03997 0.02094 -0.05333 -0.03759 0.01101 0.17527 0.98374
1726497651.794583082 -0.03961 0.02089 -0.05336 -0.03760 0.01100 0.17399 0.98397
1726497651.804583311 -0.03924 0.02087 -0.05340 -0.03761 0.01099 0.17266 0.98420
1726497651.814583302 -0.03887 0.02088 -0.05344 -0.03763 0.01097 0.17130 0.98444
1726497651.824583292 -0.03850 0.02089 -0.05348 -0.03766 0.01095 0.16989 0.98468
1726497651.834583044 -0.03813 0.02092 -0.05351 -0.03771 0.01093 0.16845 0.98493
1726497651.844583273 -0.03776 0.02095 -0.05354 -0.03776 0.01091 0.16696 0.98518
1726497651.854583502 -0.03741 0.02099 -0.05356 -0.03783 0.01088 0.16542 0.98544
1726497651.864583254 -0.03707 0.02101 -0.05358 -0.03789 0.01086 0.16383 0.98570
1726497651.874583244 -0.03675 0.02103 -0.05360 -0.03796 0.01083 0.16219 0.98597
1726497651.884583235 -0.03645 0.02103 -0.05364 -0.03801 0.01081 0.16049 0.98625
1726497651.894583464 -0.03618 0.02100 -0.05368 -0.03805 0.01080 0.15872 0.98653
1726497651.904583216 -0.03594 0.02096 -0.05375 -0.03808 0.01079 0.15688 0.98682
1726497651.914583206 -0.03573 0.02088 -0.05384 -0.03808 0.01080 0.15496 0.98713
1726497651.924583197 -0.03556 0.02077 -0.05396 -0.03805 0.01081 0.15297 0.98744
1726497651.934583426 -0.03544 0.02062 -0.05411 -0.03798 0.01083 0.15090 0.98776
1726497651.944583178 -0.03535 0.02043 -0.05429 -0.03788 0.01087 0.14873 0.98809
1726497651.954583168 -0.03530 0.02022 -0.05450 -0.03776 0.01092 0.14648 0.98843
1726497651.964583158 -0.03525 0.02000 -0.05471 -0.03763 0.01097 0.14415 0.98878
1726497651.974583387 -0.03518 0.01982 -0.05492 -0.03750 0.01103 0.14172 0.98913
1726497651.984583378 -0.03508 0.01967 -0.05511 -0.03739 0.01108 0.13921 0.98949
1726497651.994583130 -0.03493 0.01959 -0.05527 -0.03732 0.01112 0.13662 0.98986
1726497652.004583359 -0.03475 0.01951 -0.05538 -0.03728 0.01116 0.13395 0.99022
1726497652.014583349 -0.03457 0.01939 -0.05544 -0.03726 0.01119 0.13122 0.99059
1726497652.024583340 -0.03442 0.01917 -0.05544 -0.03727 0.01123 0.12845 0.99095
1726497652.034583092 -0.03433 0.01880 -0.05537 -0.03730 0.01126 0.12565 0.99131
1726497652.044583321 -0.03433 0.01823 -0.05523 -0.03734 0.01130 0.12282 0.99166
1726497652.054583311 -0.03438 0.01753 -0.05504 -0.03739 0.01135 0.11996 0.99201
1726497652.064583302 -0.03446 0.01679 -0.05482 -0.03744 0.01138 0.11705 0.99235
1726497652.074583054 -0.03454 0.01607 -0.05463 -0.03749 0.01141 0.11407 0.99270
1726497652.084583282 -0.03460 0.01547 -0.05447 -0.03753 0.01143 0.11102 0.99304
1726497652.094583511 -0.03460 0.01505 -0.05438 -0.03755 0.01142 0.10786 0.99339
1726497652.104583263 -0.03453 0.01479 -0.05438 -0.03756 0.01140 0.10462 0.99374
1726497652.114583254 -0.03439 0.01465 -0.05449 -0.03755 0.01138 0.10128 0.99408
1726497652.124583244 -0.03416 0.01461 -0.05473 -0.03753 0.01135 0.09787 0.99443
1726497652.134583473 -0.03384 0.01462 -0.05511 -0.03749 0.01133 0.09437 0.99477
1726497652.144583225 -0.03342 0.01466 -0.05563 -0.03744 0.01131 0.09081 0.99510
1726497652.154583216 -0.03293 0.01471 -0.05625 -0.03738 0.01131 0.08720 0.99543
1726497652.164583206 -0.03243 0.01477 -0.05692 -0.03730 0.01132 0.08354 0.99574
1726497652.174583435 -0.03195 0.01482 -0.05757 -0.03723 0.01133 0.07988 0.99604
1726497652.184583187 -0.03154 0.01485 -0.05815 -0.03715 0.01136 0.07621 0.99633
1726497652.194583178 -0.03122 0.01486 -0.05860 -0.03708 0.01140 0.07255 0.99661
1726497652.204583168 -0.03098 0.01486 -0.05889 -0.03701 0.01145 0.06892 0.99687
1726497652.214583397 -0.03079 0.01485 -0.05901 -0.03694 0.01151 0.06532 0.99711
1726497652.224583387 -0.03063 0.01485 -0.05893 -0.03689 0.01159 0.06174 0.99734
1726497652.234583139 -0.03046 0.01487 -0.05863 -0.03686 0.01167 0.05819 0.99756
1726497652.244583368 -0.03025 0.01492 -0.05810 -0.03684 0.01177 0.05468 0.99775
1726497652.254583359 -0.03001 0.01500 -0.05741 -0.03684 0.01188 0.05120 0.99794
1726497652.264583349 -0.02970 0.01512 -0.05664 -0.03685 0.01198 0.04778 0.99811
1726497652.274583101 -0.02934 0.01527 -0.05587 -0.03687 0.01208 0.04441 0.99826
1726497652.284583330 -0.02891 0.01546 -0.05520 -0.03689 0.01216 0.04109 0.99840
1726497652.294583321 -0.02841 0.01570 -0.05468 -0.03692 0.01222 0.03784 0.99853
1726497652.304583311 -0.02786 0.01595 -0.05430 -0.03694 0.01227 0.03466 0.99864
1726497652.314583063 -0.02728 0.01622 -0.05402 -0.03696 0.01231 0.03157 0.99874
1726497652.324583292 -0.02672 0.01649 -0.05382 -0.03698 0.01235 0.02857 0.99883
1726497652.334583521 -0.02618 0.01673 -0.05367 -0.03700 0.01238 0.02568 0.99891
1726497652.344583273 -0.02571 0.01695 -0.05353 -0.03700 0.01242 0.02290 0.99898
1726497652.354583263 -0.02530 0.01713 -0.05340 -0.03701 0.01246 0.02022 0.99903
1726497652.364583254 -0.02495 0.01728 -0.05329 -0.03700 0.01251 0.01766 0.99908
1726497652.374583483 -0.02466 0.01741 -0.05318 -0.03700 0.01255 0.01519 0.99912
1726497652.384583235 -0.02444 0.01751 -0.05309 -0.03699 0.01260 0.01283 0.99915
1726497652.394583225 -0.02427 0.01759 -0.05301 -0.03699 0.01265 0.01056 0.99918
1726497652.404583216 -0.02416 0.01766 -0.05295 -0.03698 0.01270 0.00839 0.99920
1726497652.414583445 -0.02412 0.01771 -0.05290 -0.03698 0.01275 0.00631 0.99921
1726497652.424583197 -0.02413 0.01775 -0.05287 -0.03698 0.01280 0.00432 0.99922
1726497652.434583187 -0.02420 0.01778 -0.05286 -0.03698 0.01284 0.00241 0.99923
1726497652.444583178 -0.02433 0.01781 -0.05286 -0.03699 0.01288 0.00058 0.99923
1726497652.454583406 -0.02450 0.01783 -0.05287 -0.03701 0.01291 -0.00116 0.99923
1726497652.464583158 -0.02472 0.01785 -0.05290 -0.03702 0.01295 -0.00281 0.99923
1726497652.474583149 -0.02496 0.01786 -0.05294 -0.03705 0.01298 -0.00437 0.99922
1726497652.484583378 -0.02523 0.01787 -0.05298 -0.03708 0.01300 -0.00583 0.99921
1726497652.494583368 -0.02550 0.01789 -0.05303 -0.03711 0.01303 -0.00718 0.99920
1726497652.504583359 -0.02578 0.01790 -0.05308 -0.03714 0.01305 -0.00843 0.99919
1726497652.514583111 -0.02605 0.01791 -0.05313 -0.03718 0.01308 -0.00957 0.99918
1726497652.524583340 -0.02630 0.01792 -0.05318 -0.03722 0.01311 -0.01059 0.99917
1726497652.534583330 -0.02652 0.01794 -0.05323 -0.03726 0.01313 -0.01149 0.99915
1726497652.544583321 -0.02671 0.01796 -0.05327 -0.03730 0.01316 -0.01228 0.99914
1726497652.554583073 -0.02687 0.01799 -0.05330 -0.03734 0.01319 -0.01294 0.99913
1726497652.564583302 -0.02701 0.01802 -0.05331 -0.03739 0.01322 -0.01350 0.99912
1726497652.574583292 -0.02714 0.01807 -0.05331 -0.03743 0.01325 -0.01395 0.99911
1726497652.584583282 -0.02726 0.01813 -0.05328 -0.03747 0.01328 -0.01431 0.99911
1726497652.594583035 -0.02738 0.01820 -0.05323 -0.03751 0.01332 -0.01459 0.99910
1726497652.604583263 -0.02751 0.01830 -0.05315 -0.03755 0.01335 -0.01479 0.99910
1726497652.614583492 -0.02766 0.01841 -0.05303 -0.03758 0.01339 -0.01492 0.99909
1726497652.624583244 -0.02783 0.01856 -0.05287 -0.03761 0.01342 -0.01499 0.99909
1726497652.634583235 -0.02804 0.01872 -0.05268 -0.03764 0.01346 -0.01500 0.99909
1726497652.644583225 -0.02828 0.01892 -0.05243 -0.03766 0.01349 -0.01497 0.99909
1726497652.654583454 -0.02855 0.01913 -0.05215 -0.03767 0.01353 -0.01489 0.99909
1726497652.664583206 -0.02885 0.01936 -0.05184 -0.03769 0.01356 -0.01477 0.99909
1726497652.674583197 -0.02918 0.01958 -0.05149 -0.03770 0.01360 -0.01462 0.99909
1726497652.684583187 -0.02952 0.01979 -0.05112 -0.03771 0.01363 -0.01444 0.99909
1726497652.694583416 -0.02987 0.01999 -0.05074 -0.03771 0.01367 -0.01423 0.99909
1726497652.704583168 -0.03023 0.02015 -0.05035 -0.03772 0.01370 -0.01400 0.99910
1726497652.714583158 -0.03058 0.02027 -0.04995 -0.03773 0.01373 -0.01375 0.99910
1726497652.724583387 -0.03093 0.02034 -0.04955 -0.03774 0.01376 -0.01348 0.99910
1726497652.734583378 -0.03127 0.02034 -0.04916 -0.03775 0.01379 -0.01320 0.99910
1726497652.744583368 -0.03159 0.02028 -0.04878 -0.03776 0.01381 -0.01291 0.99911
1726497652.754583120 -0.03189 0.02017 -0.04841 -0.03778 0.01383 -0.01261 0.99911
1726497652.764583349 -0.03218 0.02001 -0.04806 -0.03780 0.01386 -0.01231 0.99911
1726497652.774583340 -0.03245 0.01983 -0.04772 -0.03781 0.01388 -0.01199 0.99912
1726497652.784583330 -0.03272 0.01965 -0.04739 -0.03783 0.01390 -0.01166 0.99912
1726497652.794583082 -0.03298 0.01947 -0.04709 -0.03785 0.01393 -0.01133 0.99912
1726497652.804583311 -0.03323 0.01932 -0.04680 -0.03786 0.01395 -0.01098 0.99913
1726497652.814583302 -0.03348 0.01920 -0.04653 -0.03787 0.01398 -0.01062 0.99913
1726497652.824583292 -0.03372 0.01915 -0.04627 -0.03788 0.01401 -0.01025 0.99913
1726497652.834583044 -0.03397 0.01916 -0.04604 -0.03788 0.01405 -0.00987 0.99913
1726497652.844583273 -0.03421 0.01926 -0.04583 -0.03788 0.01409 -0.00947 0.99914
1726497652.854583502 -0.03446 0.01942 -0.04562 -0.03787 0.01413 -0.00907 0.99914
1726497652.864583254 -0.03471 0.01964 -0.04543 -0.03786 0.01418 -0.00867 0.99914
1726497652.874583244 -0.03495 0.01988 -0.04525 -0.03785 0.01423 -0.00826 0.99915
1726497652.884583235 -0.03520 0.02013 -0.04506 -0.03784 0.01428 -0.00787 0.99915
1726497652.894583464 -0.03545 0.02037 -0.04487 -0.03782 0.01433 -0.00749 0.99915
1726497652.904583216 -0.03571 0.02058 -0.04467 -0.03781 0.01439 -0.00713 0.99916
1726497652.914583206 -0.03596 0.02074 -0.04445 -0.03780 0.01444 -0.00679 0.99916
1726497652.924583197 -0.03621 0.02082 -0.04421 -0.03780 0.01450 -0.00648 0.99916
1726497652.934583426 -0.03646 0.02081 -0.04394 -0.03780 0.01456 -0.00620 0.99916
1726497652.944583178 -0.03670 0.02070 -0.04365 -0.03780 0.01462 -0.00596 0.99916
1726497652.954583168 -0.03695 0.02050 -0.04334 -0.03781 0.01467 -0.00576 0.99916
1726497652.964583158 -0.03718 0.02024 -0.04301 -0.03782 0.01472 -0.00559 0.99916
1726497652.974583387 -0.03741 0.01994 -0.04269 -0.03784 0.01477 -0.00546 0.99916
1726497652.984583378 -0.03762 0.01962 -0.04238 -0.03786 0.01482 -0.00535 0.99916
1726497652.994583130 -0.03782 0.01931 -0.04210 -0.03787 0.01486 -0.00526 0.99916
1726497653.004583359 -0.03799 0.01902 -0.04185 -0.03788 0.01489 -0.00520 0.99916
1726497653.014583349 -0.03814 0.01880 -0.04164 -0.03789 0.01491 -0.00516 0.99916
1726497653.024583340 -0.03826 0.01865 -0.04149 -0.03790 0.01493 -0.00514 0.99916
1726497653.034583092 -0.03835 0.01860 -0.04141 -0.03789 0.01493 -0.00513 0.99916
1726497653.044583321 -0.03841 0.01868 -0.04140 -0.03788 0.01493 -0.00513 0.99916
1726497653.054583311 -0.03844 0.01885 -0.04146 -0.03786 0.01491 -0.00515 0.99916
1726497653.064583302 -0.03845 0.01912 -0.04157 -0.03784 0.01489 -0.00517 0.99916
1726497653.074583054 -0.03845 0.01946 -0.04171 -0.03782 0.01486 -0.00520 0.99916
1726497653.084583282 -0.03844 0.01984 -0.04188 -0.03780 0.01483 -0.00523 0.99916
1726497653.094583511 -0.03843 0.02025 -0.04205 -0.03778 0.01480 -0.00527 0.99916
1726497653.104583263 -0.03844 0.02067 -0.04222 -0.03776 0.01477 -0.00530 0.99916
1726497653.114583254 -0.03845 0.02109 -0.04237 -0.03775 0.01474 -0.00534 0.99916
1726497653.124583244 -0.03849 0.02148 -0.04249 -0.03774 0.01472 -0.00537 0.99916
1726497653.134583473 -0.03856 0.02181 -0.04255 -0.03775 0.01470 -0.00540 0.99916
1726497653.144583225 -0.03866 0.02209 -0.04257 -0.03777 0.01469 -0.00543 0.99916
1726497653.154583216 -0.03879 0.02231 -0.04252 -0.03780 0.01469 -0.00544 0.99916
1726497653.164583206 -0.03894 0.02247 -0.04243 -0.03783 0.01470 -0.00546 0.99916
1726497653.174583435 -0.03912 0.02258 -0.04230 -0.03787 0.01472 -0.00546 0.99916
1726497653.184583187 -0.03931 0.02265 -0.04214 -0.03791 0.01475 -0.00546 0.99916
1726497653.194583178 -0.03950 0.02269 -0.04195 -0.03795 0.01478 -0.00546 0.99916
1726497653.204583168 -0.03969 0.02269 -0.04175 -0.03799 0.01481 -0.00545 0.99915
1726497653.214583397 -0.03988 0.02268 -0.04153 -0.03803 0.01486 -0.00543 0.99915
1726497653.224583387 -0.04006 0.02264 -0.04131 -0.03806 0.01491 -0.00541 0.99915
1726497653.234583139 -0.04022 0.02259 -0.04109 -0.03808 0.01496 -0.00539 0.99915
1726497653.244583368 -0.04036 0.02254 -0.04088 -0.03808 0.01502 -0.00536 0.99915
1726497653.254583359 -0.04048 0.02248 -0.04069 -0.03808 0.01508 -0.00532 0.99915
1726497653.264583349 -0.04058 0.02243 -0.04050 -0.03807 0.01514 -0.00529 0.99915
1726497653.274583101 -0.04068 0.02238 -0.04032 -0.03806 0.01520 -0.00526 0.99915
1726497653.284583330 -0.04077 0.02234 -0.04016 -0.03804 0.01526 -0.00524 0.99915
1726497653.294583321 -0.04086 0.02232 -0.04000 -0.03803 0.01531 -0.00523 0.99915
1726497653.304583311 -0.04095 0.02231 -0.03986 -0.03801 0.01535 -0.00522 0.99915
1726497653.314583063 -0.04105 0.02232 -0.03973 -0.03800 0.01538 -0.00523 0.99915
1726497653.324583292 -0.04116 0.02237 -0.03960 -0.03799 0.01540 -0.00526 0.99915
1726497653.334583521 -0.04128 0.02244 -0.03949 -0.03799 0.01541 -0.00531 0.99915
1726497653.344583273 -0.04143 0.02254 -0.03940 -0.03800 0.01540 -0.00539 0.99914
1726497653.354583263 -0.04158 0.02266 -0.03931 -0.03802 0.01537 -0.00551 0.99914
1726497653.364583254 -0.04174 0.02279 -0.03925 -0.03804 0.01534 -0.00571 0.99914
1726497653.374583483 -0.04188 0.02293 -0.03921 -0.03807 0.01529 -0.00601 0.99914
1726497653.384583235 -0.04200 0.02306 -0.03921 -0.03810 0.01525 -0.00643 0.99914
1726497653.394583225 -0.04209 0.02317 -0.03923 -0.03812 0.01520 -0.00701 0.99913
1726497653.404583216 -0.04214 0.02325 -0.03930 -0.03815 0.01515 -0.00777 0.99913
1726497653.414583445 -0.04214 0.02328 -0.03941 -0.03816 0.01510 -0.00874 0.99912
1726497653.424583197 -0.04207 0.02327 -0.03957 -0.03817 0.01507 -0.00994 0.99911
1726497653.434583187 -0.04193 0.02320 -0.03978 -0.03817 0.01504 -0.01139 0.99909
1726497653.444583178 -0.04171 0.02305 -0.04005 -0.03815 0.01503 -0.01312 0.99907
1726497653.454583406 -0.04144 0.02286 -0.04035 -0.03813 0.01502 -0.01510 0.99905
1726497653.464583158 -0.04112 0.02265 -0.04065 -0.03810 0.01502 -0.01730 0.99901
1726497653.474583149 -0.04080 0.02243 -0.04094 -0.03806 0.01502 -0.01967 0.99897
1726497653.484583378 -0.04048 0.02224 -0.04119 -0.03803 0.01502 -0.02219 0.99892
1726497653.494583368 -0.04020 0.02208 -0.04138 -0.03799 0.01502 -0.02483 0.99886
1726497653.504583359 -0.03991 0.02197 -0.04148 -0.03797 0.01501 -0.02760 0.99879
1726497653.514583111 -0.03960 0.02189 -0.04148 -0.03794 0.01501 -0.03050 0.99870
1726497653.524583340 -0.03923 0.02185 -0.04136 -0.03793 0.01501 -0.03354 0.99860
1726497653.534583330 -0.03875 0.02182 -0.04111 -0.03793 0.01502 -0.03676 0.99849
1726497653.544583321 -0.03817 0.02182 -0.04072 -0.03794 0.01504 -0.04013 0.99836
1726497653.554583073 -0.03750 0.02183 -0.04024 -0.03797 0.01507 -0.04364 0.99821
1726497653.564583302 -0.03679 0.02184 -0.03973 -0.03800 0.01511 -0.04722 0.99805
1726497653.574583292 -0.03609 0.02184 -0.03924 -0.03803 0.01514 -0.05084 0.99787
1726497653.584583282 -0.03543 0.02183 -0.03883 -0.03806 0.01517 -0.05444 0.99768
1726497653.594583035 -0.03486 0.02180 -0.03855 -0.03808 0.01520 -0.05799 0.99748
1726497653.604583263 -0.03436 0.02170 -0.03837 -0.03810 0.01522 -0.06145 0.99727
1726497653.614583492 -0.03389 0.02149 -0.03825 -0.03812 0.01524 -0.06480 0.99705
1726497653.624583244 -0.03344 0.02113 -0.03814 -0.03814 0.01527 -0.06802 0.99684
1726497653.634583235 -0.03297 0.02058 -0.03800 -0.03817 0.01531 -0.07108 0.99662
1726497653.644583225 -0.03247 0.01980 -0.03781 -0.03821 0.01535 -0.07398 0.99641
1726497653.654583454 -0.03195 0.01888 -0.03756 -0.03826 0.01541 -0.07672 0.99620
1726497653.664583206 -0.03143 0.01789 -0.03730 -0.03830 0.01545 -0.07933 0.99599
1726497653.674583197 -0.03094 0.01694 -0.03704 -0.03834 0.01549 -0.08185 0.99579
1726497653.684583187 -0.03050 0.01612 -0.03682 -0.03838 0.01552 -0.08430 0.99558
1726497653.694583416 -0.03012 0.01549 -0.03667 -0.03840 0.01552 -0.08670 0.99537
1726497653.704583168 -0.02979 0.01507 -0.03659 -0.03841 0.01550 -0.08910 0.99516
1726497653.714583158 -0.02946 0.01484 -0.03662 -0.03840 0.01546 -0.09153 0.99494
1726497653.724583387 -0.02911 0.01480 -0.03677 -0.03838 0.01541 -0.09404 0.99471
1726497653.734583378 -0.02871 0.01492 -0.03706 -0.03835 0.01533 -0.09665 0.99446
1726497653.744583368 -0.02824 0.01520 -0.03751 -0.03830 0.01525 -0.09939 0.99419
1726497653.754583120 -0.02771 0.01557 -0.03806 -0.03824 0.01515 -0.10224 0.99391
1726497653.764583349 -0.02717 0.01598 -0.03865 -0.03817 0.01506 -0.10513 0.99361
1726497653.774583340 -0.02663 0.01637 -0.03922 -0.03810 0.01499 -0.10803 0.99330
1726497653.784583330 -0.02613 0.01668 -0.03971 -0.03802 0.01493 -0.11088 0.99299
1726497653.794583082 -0.02570 0.01685 -0.04006 -0.03793 0.01490 -0.11365 0.99268
1726497653.804583311 -0.02530 0.01688 -0.04028 -0.03785 0.01488 -0.11637 0.99237
1726497653.814583302 -0.02493 0.01677 -0.04037 -0.03777 0.01488 -0.11907 0.99205
1726497653.824583292 -0.02453 0.01652 -0.04036 -0.03771 0.01488 -0.12181 0.99173
1726497653.834583044 -0.02409 0.01614 -0.04024 -0.03767 0.01487 -0.12461 0.99138
1726497653.844583273 -0.02359 0.01564 -0.04004 -0.03765 0.01484 -0.12751 0.99101
1726497653.854583502 -0.02304 0.01505 -0.03981 -0.03764 0.01480 -0.13048 0.99063
1726497653.864583254 -0.02247 0.01441 -0.03960 -0.03765 0.01476 -0.13350 0.99022
1726497653.874583244 -0.02190 0.01378 -0.03949 -0.03766 0.01473 -0.13653 0.98981
1726497653.884583235 -0.02136 0.01319 -0.03952 -0.03766 0.01471 -0.13955 0.98939
1726497653.894583464 -0.02087 0.01267 -0.03974 -0.03766 0.01471 -0.14253 0.98896
1726497653.904583216 -0.02042 0.01224 -0.04012 -0.03766 0.01472 -0.14544 0.98854
1726497653.914583206 -0.02000 0.01189 -0.04060 -0.03765 0.01474 -0.14829 0.98812
1726497653.924583197 -0.01960 0.01160 -0.04114 -0.03764 0.01475 -0.15104 0.98770
1726497653.934583426 -0.01919 0.01138 -0.04167 -0.03764 0.01474 -0.15370 0.98729
1726497653.944583178 -0.01878 0.01121 -0.04217 -0.03763 0.01471 -0.15624 0.98689
1726497653.954583168 -0.01835 0.01109 -0.04261 -0.03763 0.01466 -0.15868 0.98650
1726497653.964583158 -0.01793 0.01101 -0.04300 -0.03764 0.01460 -0.16102 0.98612
1726497653.974583387 -0.01752 0.01094 -0.04335 -0.03765 0.01453 -0.16328 0.98575
1726497653.984583378 -0.01712 0.01088 -0.04364 -0.03766 0.01445 -0.16546 0.98539
1726497653.994583130 -0.01675 0.01082 -0.04389 -0.03768 0.01436 -0.16758 0.98503
1726497654.004583359 -0.01641 0.01074 -0.04409 -0.03769 0.01429 -0.16963 0.98468
1726497654.014583349 -0.01612 0.01063 -0.04425 -0.03771 0.01422 -0.17164 0.98433
1726497654.024583340 -0.01586 0.01047 -0.04435 -0.03773 0.01416 -0.17362 0.98399
1726497654.034583092 -0.01567 0.01026 -0.04441 -0.03775 0.01412 -0.17556 0.98364
1726497654.044583321 -0.01553 0.00998 -0.04443 -0.03777 0.01410 -0.17748 0.98330
1726497654.054583311 -0.01545 0.00965 -0.04441 -0.03778 0.01410 -0.17939 0.98295
1726497654.064583302 -0.01540 0.00926 -0.04436 -0.03780 0.01411 -0.18129 0.98260
1726497654.074583054 -0.01539 0.00883 -0.04429 -0.03781 0.01414 -0.18319 0.98225
1726497654.084583282 -0.01539 0.00836 -0.04422 -0.03783 0.01417 -0.18509 0.98189
1726497654.094583511 -0.01540 0.00786 -0.04414 -0.03784 0.01421 -0.18700 0.98153
1726497654.104583263 -0.01540 0.00734 -0.04406 -0.03784 0.01425 -0.18892 0.98116
1726497654.114583254 -0.01538 0.00681 -0.04401 -0.03785 0.01428 -0.19086 0.98078
1726497654.124583244 -0.01533 0.00628 -0.04398 -0.03785 0.01431 -0.19283 0.98040
1726497654.134583473 -0.01524 0.00575 -0.04398 -0.03784 0.01434 -0.19483 0.98000
1726497654.144583225 -0.01511 0.00523 -0.04402 -0.03783 0.01435 -0.19685 0.97960
1726497654.154583216 -0.01493 0.00472 -0.04409 -0.03782 0.01435 -0.19891 0.97918
1726497654.164583206 -0.01472 0.00421 -0.04419 -0.03780 0.01434 -0.20097 0.97876
1726497654.174583435 -0.01449 0.00371 -0.04429 -0.03778 0.01433 -0.20304 0.97834
1726497654.184583187 -0.01425 0.00321 -0.04440 -0.03776 0.01431 -0.20510 0.97791
1726497654.194583178 -0.01401 0.00271 -0.04449 -0.03774 0.01430 -0.20713 0.97748
1726497654.204583168 -0.01378 0.00221 -0.04456 -0.03771 0.01428 -0.20913 0.97706
1726497654.214583397 -0.01358 0.00170 -0.04460 -0.03769 0.01427 -0.21109 0.97664
1726497654.224583387 -0.01341 0.00118 -0.04460 -0.03767 0.01427 -0.21299 0.97622
1726497654.234583139 -0.01329 0.00065 -0.04455 -0.03765 0.01427 -0.21483 0.97582
1726497654.244583368 -0.01322 0.00011 -0.04444 -0.03763 0.01428 -0.21659 0.97543
1726497654.254583359 -0.01320 -0.00044 -0.04428 -0.03762 0.01431 -0.21828 0.97506
1726497654.264583349 -0.01322 -0.00097 -0.04408 -0.03761 0.01434 -0.21990 0.97469
1726497654.274583101 -0.01327 -0.00148 -0.04387 -0.03760 0.01437 -0.22146 0.97434
1726497654.284583330 -0.01335 -0.00195 -0.04366 -0.03759 0.01440 -0.22296 0.97400
1726497654.294583321 -0.01345 -0.00237 -0.04347 -0.03759 0.01443 -0.22442 0.97366
1726497654.304583311 -0.01356 -0.00273 -0.04330 -0.03759 0.01446 -0.22582 0.97334
1726497654.314583063 -0.01367 -0.00301 -0.04318 -0.03759 0.01448 -0.22719 0.97302
1726497654.324583292 -0.01378 -0.00321 -0.04312 -0.03760 0.01449 -0.22853 0.97270
1726497654.334583521 -0.01388 -0.00330 -0.04314 -0.03760 0.01449 -0.22983 0.97240
1726497654.344583273 -0.01397 -0.00329 -0.04325 -0.03761 0.01448 -0.23111 0.97209
1726497654.354583263 -0.01404 -0.00319 -0.04343 -0.03763 0.01445 -0.23237 0.97179
1726497654.364583254 -0.01410 -0.00301 -0.04369 -0.03764 0.01442 -0.23362 0.97149
1726497654.374583483 -0.01415 -0.00278 -0.04399 -0.03765 0.01438 -0.23486 0.97119
1726497654.384583235 -0.01421 -0.00252 -0.04434 -0.03766 0.01433 -0.23611 0.97089
1726497654.394583225 -0.01427 -0.00224 -0.04471 -0.03767 0.01428 -0.23735 0.97059
1726497654.404583216 -0.01434 -0.00198 -0.04510 -0.03768 0.01422 -0.23861 0.97028
1726497654.414583445 -0.01442 -0.00175 -0.04549 -0.03768 0.01417 -0.23988 0.96997
1726497654.424583197 -0.01452 -0.00156 -0.04587 -0.03768 0.01413 -0.24117 0.96965
1726497654.434583187 -0.01465 -0.00145 -0.04622 -0.03767 0.01409 -0.24249 0.96932
1726497654.444583178 -0.01480 -0.00142 -0.04654 -0.03766 0.01406 -0.24383 0.96898
1726497654.454583406 -0.01497 -0.00147 -0.04681 -0.03764 0.01403 -0.24519 0.96864
1726497654.464583158 -0.01516 -0.00159 -0.04705 -0.03762 0.01401 -0.24654 0.96830
1726497654.474583149 -0.01536 -0.00175 -0.04726 -0.03760 0.01400 -0.24785 0.96797
1726497654.484583378 -0.01558 -0.00195 -0.04742 -0.03757 0.01400 -0.24912 0.96764
1726497654.494583368 -0.01580 -0.00217 -0.04755 -0.03755 0.01399 -0.25031 0.96734
1726497654.504583359 -0.01602 -0.00241 -0.04763 -0.03753 0.01399 -0.25141 0.96705
1726497654.514583111 -0.01624 -0.00264 -0.04768 -0.03751 0.01400 -0.25240 0.96679
1726497654.524583340 -0.01645 -0.00285 -0.04769 -0.03750 0.01400 -0.25326 0.96657
1726497654.534583330 -0.01665 -0.00303 -0.04767 -0.03750 0.01401 -0.25396 0.96639
1726497654.544583321 -0.01683 -0.00317 -0.04761 -0.03750 0.01402 -0.25449 0.96625
1726497654.554583073 -0.01701 -0.00327 -0.04751 -0.03751 0.01402 -0.25487 0.96615
1726497654.564583302 -0.01719 -0.00333 -0.04739 -0.03753 0.01403 -0.25511 0.96608
1726497654.574583292 -0.01738 -0.00337 -0.04726 -0.03754 0.01403 -0.25524 0.96605
1726497654.584583282 -0.01758 -0.00339 -0.04711 -0.03756 0.01403 -0.25527 0.96604
1726497654.594583035 -0.01781 -0.00340 -0.04696 -0.03757 0.01403 -0.25523 0.96605
1726497654.604583263 -0.01807 -0.00340 -0.04681 -0.03757 0.01403 -0.25513 0.96607
1726497654.614583492 -0.01838 -0.00340 -0.04667 -0.03757 0.01402 -0.25501 0.96611
1726497654.624583244 -0.01874 -0.00340 -0.04654 -0.03756 0.01401 -0.25486 0.96615
1726497654.634583235 -0.01916 -0.00341 -0.04644 -0.03753 0.01400 -0.25473 0.96618
1726497654.644583225 -0.01964 -0.00344 -0.04636 -0.03749 0.01398 -0.25461 0.96622
1726497654.654583454 -0.02017 -0.00348 -0.04632 -0.03744 0.01396 -0.25450 0.96625
1726497654.664583206 -0.02074 -0.00353 -0.04629 -0.03738 0.01393 -0.25437 0.96628
1726497654.674583197 -0.02132 -0.00358 -0.04629 -0.03732 0.01391 -0.25422 0.96633
1726497654.684583187 -0.02190 -0.00362 -0.04631 -0.03725 0.01388 -0.25402 0.96638
1726497654.694583416 -0.02247 -0.00365 -0.04634 -0.03718 0.01386 -0.25374 0.96646
1726497654.704583168 -0.02299 -0.00366 -0.04639 -0.03711 0.01383 -0.25338 0.96656
1726497654.714583158 -0.02347 -0.00366 -0.04645 -0.03705 0.01381 -0.25291 0.96668
1726497654.724583387 -0.02387 -0.00362 -0.04652 -0.03700 0.01380 -0.25231 0.96684
1726497654.734583378 -0.02419 -0.00356 -0.04659 -0.03695 0.01379 -0.25157 0.96703
1726497654.744583368 -0.02441 -0.00345 -0.04667 -0.03692 0.01379 -0.25067 0.96727
1726497654.754583120 -0.02453 -0.00332 -0.04676 -0.03691 0.01379 -0.24962 0.96754
1726497654.764583349 -0.02458 -0.00316 -0.04684 -0.03690 0.01380 -0.24845 0.96784
1726497654.774583340 -0.02457 -0.00299 -0.04693 -0.03690 0.01382 -0.24718 0.96817
1726497654.784583330 -0.02450 -0.00281 -0.04701 -0.03691 0.01384 -0.24582 0.96851
1726497654.794583082 -0.02440 -0.00263 -0.04710 -0.03692 0.01386 -0.24440 0.96887
1726497654.804583311 -0.02428 -0.00246 -0.04718 -0.03694 0.01388 -0.24293 0.96924
1726497654.814583302 -0.02415 -0.00230 -0.04726 -0.03695 0.01391 -0.24145 0.96961
1726497654.824583292 -0.02402 -0.00217 -0.04734 -0.03697 0.01394 -0.23996 0.96998
1726497654.834583044 -0.02391 -0.00207 -0.04741 -0.03699 0.01397 -0.23849 0.97034
1726497654.844583273 -0.02382 -0.00200 -0.04747 -0.03700 0.01399 -0.23706 0.97069
1726497654.854583502 -0.02377 -0.00196 -0.04753 -0.03701 0.01402 -0.23567 0.97103
1726497654.864583254 -0.02375 -0.00194 -0.04758 -0.03702 0.01405 -0.23431 0.97136
1726497654.874583244 -0.02375 -0.00193 -0.04763 -0.03702 0.01407 -0.23298 0.97167
1726497654.884583235 -0.02377 -0.00192 -0.04767 -0.03703 0.01410 -0.23169 0.97198
1726497654.894583464 -0.02382 -0.00190 -0.04770 -0.03703 0.01413 -0.23042 0.97228
1726497654.904583216 -0.02389 -0.00186 -0.04773 -0.03702 0.01415 -0.22919 0.97257
1726497654.914583206 -0.02398 -0.00179 -0.04775 -0.03702 0.01417 -0.22798 0.97286
1726497654.924583197 -0.02408 -0.00168 -0.04777 -0.03701 0.01420 -0.22679 0.97314
1726497654.934583426 -0.02420 -0.00153 -0.04779 -0.03700 0.01422 -0.22562 0.97341
1726497654.944583178 -0.02433 -0.00131 -0.04780 -0.03699 0.01425 -0.22447 0.97368
1726497654.954583168 -0.02447 -0.00105 -0.04780 -0.03698 0.01427 -0.22334 0.97394
1726497654.964583158 -0.02462 -0.00074 -0.04780 -0.03696 0.01429 -0.22223 0.97419
1726497654.974583387 -0.02475 -0.00039 -0.04780 -0.03695 0.01431 -0.22114 0.97444
1726497654.984583378 -0.02489 -0.00001 -0.04779 -0.03693 0.01434 -0.22008 0.97468
1726497654.994583130 -0.02500 0.00040 -0.04777 -0.03692 0.01436 -0.21905 0.97491
1726497655.004583359 -0.02510 0.00082 -0.04775 -0.03690 0.01438 -0.21805 0.97513
1726497655.014583349 -0.02517 0.00126 -0.04772 -0.03688 0.01440 -0.21707 0.97535
1726497655.024583340 -0.02522 0.00170 -0.04769 -0.03687 0.01443 -0.21613 0.97556
1726497655.034583092 -0.02522 0.00213 -0.04765 -0.03685 0.01445 -0.21522 0.97576
1726497655.044583321 -0.02519 0.00256 -0.04761 -0.03684 0.01447 -0.21435 0.97595
1726497655.054583311 -0.02512 0.00298 -0.04756 -0.03682 0.01450 -0.21351 0.97614
1726497655.064583302 -0.02503 0.00337 -0.04751 -0.03681 0.01452 -0.21270 0.97632
1726497655.074583054 -0.02492 0.00373 -0.04746 -0.03680 0.01455 -0.21192 0.97649
1726497655.084583282 -0.02479 0.00406 -0.04740 -0.03678 0.01457 -0.21116 0.97665
1726497655.094583511 -0.02465 0.00434 -0.04735 -0.03677 0.01459 -0.21043 0.97681
1726497655.104583263 -0.02452 0.00458 -0.04729 -0.03676 0.01461 -0.20971 0.97696
1726497655.114583254 -0.02439 0.00476 -0.04723 -0.03675 0.01463 -0.20901 0.97711
1726497655.124583244 -0.02428 0.00487 -0.04718 -0.03675 0.01465 -0.20832 0.97726
1726497655.134583473 -0.02419 0.00492 -0.04713 -0.03674 0.01466 -0.20765 0.97740
1726497655.144583225 -0.02413 0.00490 -0.04709 -0.03673 0.01468 -0.20698 0.97755
1726497655.154583216 -0.02409 0.00482 -0.04705 -0.03673 0.01469 -0.20632 0.97768
1726497655.164583206 -0.02407 0.00470 -0.04702 -0.03672 0.01469 -0.20568 0.97782
1726497655.174583435 -0.02406 0.00455 -0.04699 -0.03672 0.01470 -0.20504 0.97795
1726497655.184583187 -0.02407 0.00439 -0.04696 -0.03672 0.01470 -0.20442 0.97808
1726497655.194583178 -0.02408 0.00424 -0.04694 -0.03672 0.01471 -0.20382 0.97821
1726497655.204583168 -0.02410 0.00412 -0.04692 -0.03671 0.01471 -0.20324 0.97833
1726497655.214583397 -0.02411 0.00404 -0.04690 -0.03671 0.01471 -0.20267 0.97845
1726497655.224583387 -0.02412 0.00402 -0.04689 -0.03671 0.01472 -0.20213 0.97856
1726497655.234583139 -0.02412 0.00407 -0.04687 -0.03671 0.01473 -0.20161 0.97867
1726497655.244583368 -0.02411 0.00421 -0.04687 -0.03671 0.01474 -0.20111 0.97877
1726497655.254583359 -0.02408 0.00443 -0.04686 -0.03671 0.01475 -0.20064 0.97887
1726497655.264583349 -0.02404 0.00472 -0.04684 -0.03671 0.01476 -0.20019 0.97896
1726497655.274583101 -0.02400 0.00506 -0.04682 -0.03671 0.01477 -0.19975 0.97905
1726497655.284583330 -0.02395 0.00544 -0.04679 -0.03671 0.01479 -0.19934 0.97913
1726497655.294583321 -0.02390 0.00585 -0.04674 -0.03671 0.01481 -0.19893 0.97921
1726497655.304583311 -0.02386 0.00627 -0.04668 -0.03670 0.01483 -0.19855 0.97929
1726497655.314583063 -0.02381 0.00669 -0.04659 -0.03670 0.01486 -0.19817 0.97937
1726497655.324583292 -0.02377 0.00710 -0.04648 -0.03670 0.01489 -0.19780 0.97944
1726497655.334583521 -0.02373 0.00749 -0.04634 -0.03669 0.01492 -0.19744 0.97951
1726497655.344583273 -0.02371 0.00785 -0.04618 -0.03668 0.01495 -0.19709 0.97959
1726497655.354583263 -0.02369 0.00816 -0.04598 -0.03667 0.01498 -0.19674 0.97966
1726497655.364583254 -0.02368 0.00845 -0.04577 -0.03666 0.01502 -0.19639 0.97972
1726497655.374583483 -0.02367 0.00871 -0.04554 -0.03665 0.01506 -0.19605 0.97979
1726497655.384583235 -0.02366 0.00894 -0.04531 -0.03664 0.01509 -0.19572 0.97986
1726497655.394583225 -0.02364 0.00915 -0.04507 -0.03663 0.01513 -0.19539 0.97992
1726497655.404583216 -0.02362 0.00934 -0.04484 -0.03662 0.01517 -0.19507 0.97999
1726497655.414583445 -0.02358 0.00951 -0.04461 -0.03661 0.01520 -0.19476 0.98005
1726497655.424583197 -0.02354 0.00967 -0.04441 -0.03660 0.01523 -0.19445 0.98011
1726497655.434583187 -0.02347 0.00981 -0.04422 -0.03659 0.01526 -0.19415 0.98017
1726497655.444583178 -0.02340 0.00995 -0.04406 -0.03658 0.01528 -0.19385 0.98023
1726497655.454583406 -0.02330 0.01007 -0.04393 -0.03658 0.01531 -0.19356 0.98029
1726497655.464583158 -0.02319 0.01019 -0.04383 -0.03657 0.01532 -0.19328 0.98034
1726497655.474583149 -0.02307 0.01029 -0.04375 -0.03657 0.01534 -0.19300 0.98040
1726497655.484583378 -0.02295 0.01039 -0.04368 -0.03657 0.01535 -0.19273 0.98045
1726497655.494583368 -0.02281 0.01048 -0.04364 -0.03658 0.01536 -0.19246 0.98050
1726497655.504583359 -0.02268 0.01056 -0.04362 -0.03658 0.01537 -0.19220 0.98055
1726497655.514583111 -0.02254 0.01064 -0.04361 -0.03659 0.01538 -0.19195 0.98060
1726497655.524583340 -0.02240 0.01071 -0.04362 -0.03661 0.01539 -0.19170 0.98065
1726497655.534583330 -0.02226 0.01077 -0.04364 -0.03663 0.01540 -0.19145 0.98070
1726497655.544583321 -0.02214 0.01082 -0.04367 -0.03665 0.01541 -0.19121 0.98074
1726497655.554583073 -0.02201 0.01087 -0.04371 -0.03668 0.01542 -0.19098 0.98079
1726497655.564583302 -0.02190 0.01091 -0.04377 -0.03671 0.01543 -0.19075 0.98083
1726497655.574583292 -0.02180 0.01096 -0.04384 -0.03674 0.01544 -0.19052 0.98087
1726497655.584583282 -0.02171 0.01100 -0.04393 -0.03677 0.01545 -0.19030 0.98092
1726497655.594583035 -0.02163 0.01105 -0.04403 -0.03680 0.01546 -0.19008 0.98096
1726497655.604583263 -0.02156 0.01111 -0.04415 -0.03682 0.01547 -0.18986 0.98100
1726497655.614583492 -0.02151 0.01117 -0.04429 -0.03684 0.01548 -0.18965 0.98104
1726497655.624583244 -0.02148 0.01124 -0.04444 -0.03686 0.01548 -0.18944 0.98108
1726497655.634583235 -0.02147 0.01132 -0.04462 -0.03687 0.01549 -0.18924 0.98112
1726497655.644583225 -0.02147 0.01142 -0.04481 -0.03687 0.01549 -0.18903 0.98116
1726497655.654583454 -0.02150 0.01153 -0.04502 -0.03687 0.01549 -0.18883 0.98119
1726497655.664583206 -0.02153 0.01166 -0.04523 -0.03686 0.01549 -0.18864 0.98123
1726497655.674583197 -0.02159 0.01181 -0.04544 -0.03685 0.01548 -0.18845 0.98127
1726497655.684583187 -0.02165 0.01198 -0.04564 -0.03683 0.01547 -0.18827 0.98130
1726497655.694583416 -0.02172 0.01216 -0.04583 -0.03682 0.01545 -0.18810 0.98134
1726497655.704583168 -0.02180 0.01238 -0.04599 -0.03680 0.01543 -0.18793 0.98137
1726497655.714583158 -0.02189 0.01261 -0.04612 -0.03678 0.01541 -0.18777 0.98140
1726497655.724583387 -0.02197 0.01287 -0.04621 -0.03676 0.01538 -0.18762 0.98143
1726497655.734583378 -0.02206 0.01315 -0.04626 -0.03675 0.01535 -0.18748 0.98146
1726497655.744583368 -0.02215 0.01347 -0.04626 -0.03674 0.01531 -0.18736 0.98149
1726497655.754583120 -0.02224 0.01380 -0.04621 -0.03674 0.01526 -0.18724 0.98151
1726497655.764583349 -0.02232 0.01413 -0.04613 -0.03674 0.01522 -0.18712 0.98153
1726497655.774583340 -0.02239 0.01447 -0.04602 -0.03674 0.01518 -0.18700 0.98155
1726497655.784583330 -0.02246 0.01479 -0.04590 -0.03675 0.01515 -0.18688 0.98158
1726497655.794583082 -0.02251 0.01508 -0.04578 -0.03675 0.01514 -0.18674 0.98161
1726497655.804583311 -0.02256 0.01535 -0.04565 -0.03676 0.01513 -0.18659 0.98163
1726497655.814583302 -0.02259 0.01557 -0.04555 -0.03677 0.01515 -0.18641 0.98167
1726497655.824583292 -0.02260 0.01573 -0.04547 -0.03679 0.01519 -0.18622 0.98170
1726497655.834583044 -0.02260 0.01583 -0.04542 -0.03680 0.01525 -0.18599 0.98174
1726497655.844583273 -0.02258 0.01586 -0.04541 -0.03681 0.01535 -0.18574 0.98179
1726497655.854583502 -0.02255 0.01582 -0.04543 -0.03682 0.01546 -0.18545 0.98184
1726497655.864583254 -0.02252 0.01573 -0.04549 -0.03684 0.01559 -0.18515 0.98190
1726497655.874583244 -0.02248 0.01560 -0.04556 -0.03684 0.01571 -0.18484 0.98195
1726497655.884583235 -0.02246 0.01543 -0.04564 -0.03685 0.01583 -0.18452 0.98201
1726497655.894583464 -0.02246 0.01525 -0.04572 -0.03685 0.01594 -0.18420 0.98207
1726497655.904583216 -0.02248 0.01506 -0.04579 -0.03685 0.01601 -0.18390 0.98212
1726497655.914583206 -0.02253 0.01488 -0.04585 -0.03684 0.01606 -0.18361 0.98218
1726497655.924583197 -0.02262 0.01471 -0.04588 -0.03682 0.01606 -0.18334 0.98223
1726497655.934583426 -0.02275 0.01456 -0.04588 -0.03680 0.01601 -0.18311 0.98227
1726497655.944583178 -0.02293 0.01445 -0.04584 -0.03677 0.01590 -0.18292 0.98231
1726497655.954583168 -0.02316 0.01437 -0.04577 -0.03673 0.01574 -0.18275 0.98235
1726497655.964583158 -0.02342 0.01433 -0.04568 -0.03669 0.01554 -0.18261 0.98238
1726497655.974583387 -0.02370 0.01430 -0.04556 -0.03664 0.01531 -0.18247 0.98241
1726497655.984583378 -0.02400 0.01430 -0.04544 -0.03660 0.01507 -0.18234 0.98244
1726497655.994583130 -0.02429 0.01431 -0.04531 -0.03655 0.01483 -0.18220 0.98247
1726497656.004583359 -0.02458 0.01434 -0.04519 -0.03651 0.01459 -0.18204 0.98250
1726497656.014583349 -0.02485 0.01437 -0.04508 -0.03648 0.01438 -0.18186 0.98254
1726497656.024583340 -0.02508 0.01441 -0.04500 -0.03645 0.01419 -0.18164 0.98259
1726497656.034583092 -0.02528 0.01445 -0.04494 -0.03644 0.01405 -0.18138 0.98264
1726497656.044583321 -0.02543 0.01449 -0.04491 -0.03643 0.01396 -0.18106 0.98270
1726497656.054583311 -0.02554 0.01452 -0.04492 -0.03642 0.01393 -0.18071 0.98276
1726497656.064583302 -0.02560 0.01456 -0.04494 -0.03641 0.01393 -0.18033 0.98283
1726497656.074583054 -0.02563 0.01460 -0.04497 -0.03637 0.01398 -0.17993 0.98291
1726497656.084583282 -0.02561 0.01464 -0.04499 -0.03630 0.01407 -0.17954 0.98298
1726497656.094583511 -0.02557 0.01469 -0.04501 -0.03619 0.01419 -0.17915 0.98305
1726497656.104583263 -0.02550 0.01476 -0.04500 -0.03602 0.01434 -0.17879 0.98312
1726497656.114583254 -0.02540 0.01483 -0.04496 -0.03579 0.01452 -0.17848 0.98319
1726497656.124583244 -0.02529 0.01492 -0.04488 -0.03548 0.01472 -0.17821 0.98324
1726497656.134583473 -0.02515 0.01502 -0.04475 -0.03509 0.01493 -0.17801 0.98329
1726497656.144583225 -0.02500 0.01514 -0.04456 -0.03460 0.01516 -0.17789 0.98333
1726497656.154583216 -0.02480 0.01523 -0.04428 -0.03402 0.01541 -0.17787 0.98335
1726497656.164583206 -0.02452 0.01526 -0.04390 -0.03337 0.01569 -0.17797 0.98335
1726497656.174583435 -0.02413 0.01517 -0.04338 -0.03265 0.01602 -0.17820 0.98332
1726497656.184583187 -0.02361 0.01494 -0.04270 -0.03187 0.01639 -0.17859 0.98327
1726497656.194583178 -0.02292 0.01452 -0.04186 -0.03105 0.01683 -0.17916 0.98319
1726497656.204583168 -0.02213 0.01396 -0.04087 -0.03022 0.01730 -0.17988 0.98307
1726497656.214583397 -0.02129 0.01332 -0.03980 -0.02939 0.01777 -0.18077 0.98293
1726497656.224583387 -0.02047 0.01264 -0.03867 -0.02860 0.01821 -0.18179 0.98275
1726497656.234583139 -0.01973 0.01198 -0.03755 -0.02787 0.01858 -0.18294 0.98255
1726497656.244583368 -0.01913 0.01140 -0.03645 -0.02723 0.01887 -0.18421 0.98233
1726497656.254583359 -0.01866 0.01090 -0.03538 -0.02667 0.01907 -0.18558 0.98208
1726497656.264583349 -0.01829 0.01049 -0.03434 -0.02620 0.01920 -0.18702 0.98182
1726497656.274583101 -0.01801 0.01019 -0.03332 -0.02581 0.01926 -0.18853 0.98154
1726497656.284583330 -0.01779 0.01000 -0.03232 -0.02550 0.01926 -0.19007 0.98125
1726497656.294583321 -0.01761 0.00993 -0.03132 -0.02527 0.01921 -0.19163 0.98095
1726497656.304583311 -0.01745 0.00999 -0.03032 -0.02512 0.01913 -0.19319 0.98065
1726497656.314583063 -0.01729 0.01019 -0.02931 -0.02504 0.01902 -0.19473 0.98035
1726497656.324583292 -0.01711 0.01054 -0.02829 -0.02503 0.01888 -0.19622 0.98006
1726497656.334583521 -0.01688 0.01104 -0.02726 -0.02509 0.01874 -0.19765 0.97977
1726497656.344583273 -0.01659 0.01170 -0.02619 -0.02522 0.01859 -0.19901 0.97950
1726497656.354583263 -0.01624 0.01251 -0.02511 -0.02542 0.01844 -0.20029 0.97923
1726497656.364583254 -0.01583 0.01345 -0.02399 -0.02567 0.01828 -0.20152 0.97898
1726497656.374583483 -0.01536 0.01452 -0.02286 -0.02597 0.01811 -0.20270 0.97873
1726497656.384583235 -0.01484 0.01569 -0.02170 -0.02633 0.01794 -0.20384 0.97849
1726497656.394583225 -0.01426 0.01696 -0.02051 -0.02673 0.01775 -0.20496 0.97824
1726497656.404583216 -0.01364 0.01830 -0.01930 -0.02717 0.01755 -0.20607 0.97800
1726497656.414583445 -0.01297 0.01971 -0.01807 -0.02764 0.01733 -0.20717 0.97776
1726497656.424583197 -0.01225 0.02116 -0.01682 -0.02814 0.01710 -0.20829 0.97751
1726497656.434583187 -0.01149 0.02265 -0.01554 -0.02866 0.01684 -0.20944 0.97726
1726497656.444583178 -0.01070 0.02417 -0.01424 -0.02921 0.01657 -0.21061 0.97699
1726497656.454583406 -0.00986 0.02571 -0.01292 -0.02978 0.01627 -0.21180 0.97672
1726497656.464583158 -0.00899 0.02728 -0.01159 -0.03038 0.01595 -0.21299 0.97645
1726497656.474583149 -0.00809 0.02889 -0.01026 -0.03101 0.01560 -0.21416 0.97618
1726497656.484583378 -0.00716 0.03055 -0.00891 -0.03169 0.01524 -0.21530 0.97592
1726497656.494583368 -0.00619 0.03226 -0.00757 -0.03241 0.01485 -0.21638 0.97566
1726497656.504583359 -0.00520 0.03403 -0.00623 -0.03319 0.01443 -0.21738 0.97541
1726497656.514583111 -0.00418 0.03586 -0.00491 -0.03402 0.01400 -0.21830 0.97519
1726497656.524583340 -0.00314 0.03777 -0.00359 -0.03492 0.01354 -0.21911 0.97498
1726497656.534583330 -0.00208 0.03975 -0.00230 -0.03589 0.01305 -0.21979 0.97480
1726497656.544583321 -0.00099 0.04181 -0.00102 -0.03693 0.01255 -0.22033 0.97465
1726497656.554583073 0.00012 0.04396 0.00023 -0.03804 0.01202 -0.22071 0.97452
1726497656.564583302 0.00127 0.04621 0.00147 -0.03922 0.01149 -0.22093 0.97443
1726497656.574583292 0.00246 0.04857 0.00268 -0.04046 0.01096 -0.22099 0.97437
1726497656.584583282 0.00370 0.05103 0.00389 -0.04177 0.01044 -0.22087 0.97435
1726497656.594583035 0.00500 0.05362 0.00508 -0.04314 0.00994 -0.22056 0.97437
1726497656.604583263 0.00636 0.05632 0.00626 -0.04456 0.00946 -0.22006 0.97442
1726497656.614583492 0.00779 0.05916 0.00743 -0.04604 0.00901 -0.21936 0.97451
1726497656.624583244 0.00930 0.06213 0.00860 -0.04756 0.00861 -0.21846 0.97465
1726497656.634583235 0.01090 0.06525 0.00976 -0.04914 0.00826 -0.21733 0.97483
1726497656.644583225 0.01259 0.06851 0.01092 -0.05076 0.00796 -0.21598 0.97504
1726497656.654583454 0.01433 0.07187 0.01206 -0.05243 0.00770 -0.21439 0.97531
1726497656.664583206 0.01608 0.07528 0.01316 -0.05414 0.00745 -0.21254 0.97562
1726497656.674583197 0.01779 0.07869 0.01421 -0.05590 0.00720 -0.21041 0.97599
1726497656.684583187 0.01943 0.08205 0.01520 -0.05770 0.00693 -0.20800 0.97640
1726497656.694583416 0.02096 0.08531 0.01610 -0.05955 0.00663 -0.20528 0.97687
1726497656.704583168 0.02237 0.08841 0.01693 -0.06142 0.00633 -0.20230 0.97737
1726497656.714583158 0.02364 0.09131 0.01773 -0.06327 0.00608 -0.19911 0.97791
1726497656.724583387 0.02478 0.09394 0.01850 -0.06509 0.00591 -0.19573 0.97848
1726497656.734583378 0.02577 0.09626 0.01928 -0.06685 0.00588 -0.19223 0.97905
1726497656.744583368 0.02662 0.09825 0.02007 -0.06852 0.00601 -0.18864 0.97963
1726497656.754583120 0.02737 0.09998 0.02085 -0.07010 0.00628 -0.18500 0.98021
1726497656.764583349 0.02808 0.10159 0.02160 -0.07161 0.00665 -0.18135 0.98079
1726497656.774583340 0.02880 0.10319 0.02228 -0.07306 0.00707 -0.17771 0.98134
1726497656.784583330 0.02958 0.10491 0.02285 -0.07445 0.00750 -0.17413 0.98188
1726497656.794583082 0.03048 0.10682 0.02329 -0.07580 0.00791 -0.17062 0.98239
1726497656.804583311 0.03148 0.10884 0.02357 -0.07709 0.00829 -0.16716 0.98288
1726497656.814583302 0.03257 0.11085 0.02367 -0.07830 0.00864 -0.16372 0.98336
1726497656.824583292 0.03373 0.11274 0.02357 -0.07943 0.00895 -0.16025 0.98383
1726497656.834583044 0.03495 0.11438 0.02324 -0.08046 0.00922 -0.15671 0.98432
1726497656.844583273 0.03621 0.11570 0.02269 -0.08138 0.00946 -0.15307 0.98481
1726497656.854583502 0.03748 0.11675 0.02198 -0.08220 0.00968 -0.14935 0.98531
1726497656.864583254 0.03875 0.11763 0.02121 -0.08293 0.00992 -0.14557 0.98582
1726497656.874583244 0.03997 0.11846 0.02046 -0.08358 0.01020 -0.14176 0.98631
1726497656.884583235 0.04114 0.11933 0.01984 -0.08416 0.01054 -0.13794 0.98680
1726497656.894583464 0.04223 0.12031 0.01940 -0.08470 0.01097 -0.13412 0.98728
1726497656.904583216 0.04329 0.12140 0.01916 -0.08520 0.01149 -0.13030 0.98774
1726497656.914583206 0.04439 0.12258 0.01909 -0.08566 0.01208 -0.12646 0.98819
1726497656.924583197 0.04557 0.12380 0.01917 -0.08609 0.01274 -0.12257 0.98864
1726497656.934583426 0.04690 0.12505 0.01938 -0.08650 0.01345 -0.11863 0.98907
1726497656.944583178 0.04842 0.12630 0.01971 -0.08690 0.01420 -0.11463 0.98950
1726497656.954583168 0.05007 0.12750 0.02010 -0.08726 0.01499 -0.11056 0.98992
1726497656.964583158 0.05178 0.12864 0.02052 -0.08756 0.01581 -0.10646 0.99033
1726497656.974583387 0.05347 0.12967 0.02094 -0.08777 0.01664 -0.10233 0.99073
1726497656.984583378 0.05506 0.13058 0.02131 -0.08788 0.01747 -0.09818 0.99113
1726497656.994583130 0.05650 0.13132 0.02160 -0.08787 0.01831 -0.09405 0.99151
1726497657.004583359 0.05780 0.13191 0.02185 -0.08776 0.01915 -0.08996 0.99189
1726497657.014583349 0.05899 0.13234 0.02209 -0.08755 0.02002 -0.08592 0.99225
1726497657.024583340 0.06010 0.13261 0.02236 -0.08729 0.02093 -0.08197 0.99258
1726497657.034583092 0.06116 0.13273 0.02271 -0.08698 0.02190 -0.07814 0.99290
1726497657.044583321 0.06221 0.13269 0.02315 -0.08664 0.02294 -0.07444 0.99319
1726497657.054583311 0.06326 0.13253 0.02366 -0.08629 0.02404 -0.07088 0.99345
1726497657.064583302 0.06435 0.13226 0.02418 -0.08590 0.02519 -0.06743 0.99370
1726497657.074583054 0.06549 0.13189 0.02465 -0.08549 0.02639 -0.06409 0.99393
1726497657.084583282 0.06672 0.13146 0.02504 -0.08503 0.02763 -0.06084 0.99413
1726497657.094583511 0.06804 0.13098 0.02528 -0.08454 0.02890 -0.05767 0.99433
1726497657.104583263 0.06947 0.13043 0.02539 -0.08399 0.03020 -0.05455 0.99451
1726497657.114583254 0.07100 0.12981 0.02536 -0.08339 0.03153 -0.05144 0.99469
1726497657.124583244 0.07262 0.12909 0.02519 -0.08271 0.03290 -0.04831 0.99486
1726497657.134583473 0.07433 0.12827 0.02491 -0.08196 0.03431 -0.04513 0.99502
1726497657.144583225 0.07611 0.12732 0.02450 -0.08112 0.03575 -0.04187 0.99518
1726497657.154583216 0.07795 0.12627 0.02402 -0.08020 0.03722 -0.03852 0.99534
1726497657.164583206 0.07979 0.12513 0.02351 -0.07919 0.03871 -0.03508 0.99549
1726497657.174583435 0.08159 0.12393 0.02300 -0.07811 0.04021 -0.03154 0.99563
1726497657.184583187 0.08333 0.12269 0.02254 -0.07694 0.04172 -0.02791 0.99577
1726497657.194583178 0.08497 0.12142 0.02216 -0.07570 0.04321 -0.02419 0.99590
1726497657.204583168 0.08652 0.12013 0.02185 -0.07440 0.04468 -0.02042 0.99602
1726497657.214583397 0.08798 0.11883 0.02158 -0.07303 0.04612 -0.01666 0.99612
1726497657.224583387 0.08939 0.11753 0.02131 -0.07161 0.04751 -0.01295 0.99622
1726497657.234583139 0.09075 0.11625 0.02101 -0.07015 0.04884 -0.00934 0.99630
1726497657.244583368 0.09209 0.11497 0.02067 -0.06864 0.05010 -0.00588 0.99636
1726497657.254583359 0.09340 0.11370 0.02032 -0.06712 0.05132 -0.00255 0.99642
1726497657.264583349 0.09470 0.11242 0.02000 -0.06558 0.05249 0.00068 0.99647
1726497657.274583101 0.09601 0.11111 0.01975 -0.06404 0.05366 0.00383 0.99650
1726497657.284583330 0.09733 0.10976 0.01962 -0.06251 0.05482 0.00694 0.99651
1726497657.294583321 0.09868 0.10837 0.01963 -0.06101 0.05599 0.01002 0.99652
1726497657.304583311 0.10004 0.10694 0.01975 -0.05954 0.05717 0.01300 0.99650
1726497657.314583063 0.10143 0.10549 0.01991 -0.05811 0.05832 0.01582 0.99648
1726497657.324583292 0.10283 0.10403 0.02005 -0.05674 0.05944 0.01839 0.99645
1726497657.334583521 0.10424 0.10257 0.02013 -0.05544 0.06049 0.02064 0.99641
1726497657.344583273 0.10566 0.10113 0.02010 -0.05422 0.06146 0.02252 0.99638
1726497657.354583263 0.10707 0.09970 0.01996 -0.05308 0.06235 0.02403 0.99635
1726497657.364583254 0.10846 0.09830 0.01973 -0.05201 0.06317 0.02522 0.99633
1726497657.374583483 0.10982 0.09692 0.01943 -0.05102 0.06391 0.02612 0.99631
1726497657.384583235 0.11114 0.09556 0.01906 -0.05009 0.06459 0.02676 0.99629
1726497657.394583225 0.11241 0.09423 0.01865 -0.04923 0.06519 0.02718 0.99629
1726497657.404583216 0.11361 0.09293 0.01821 -0.04843 0.06574 0.02742 0.99628
1726497657.414583445 0.11474 0.09166 0.01776 -0.04768 0.06621 0.02750 0.99629
1726497657.424583197 0.11577 0.09043 0.01731 -0.04698 0.06663 0.02747 0.99629
1726497657.434583187 0.11671 0.08922 0.01688 -0.04633 0.06699 0.02735 0.99630
1726497657.444583178 0.11753 0.08806 0.01649 -0.04573 0.06730 0.02718 0.99631
1726497657.454583406 0.11825 0.08693 0.01612 -0.04517 0.06756 0.02697 0.99633
1726497657.464583158 0.11886 0.08584 0.01579 -0.04465 0.06776 0.02672 0.99634
1726497657.474583149 0.11938 0.08480 0.01550 -0.04417 0.06791 0.02642 0.99636
1726497657.484583378 0.11981 0.08380 0.01524 -0.04373 0.06801 0.02609 0.99638
1726497657.494583368 0.12016 0.08285 0.01501 -0.04333 0.06806 0.02572 0.99641
1726497657.504583359 0.12043 0.08196 0.01482 -0.04297 0.06807 0.02532 0.99643
1726497657.514583111 0.12063 0.08112 0.01466 -0.04265 0.06802 0.02489 0.99646
1726497657.524583340 0.12076 0.08033 0.01453 -0.04236 0.06793 0.02443 0.99649
1726497657.534583330 0.12083 0.07961 0.01444 -0.04211 0.06779 0.02394 0.99652
1726497657.544583321 0.12085 0.07894 0.01437 -0.04189 0.06761 0.02342 0.99656
1726497657.554583073 0.12081 0.07833 0.01434 -0.04170 0.06739 0.02288 0.99659
1726497657.564583302 0.12073 0.07776 0.01432 -0.04155 0.06713 0.02230 0.99663
1726497657.574583292 0.12060 0.07722 0.01433 -0.04143 0.06685 0.02168 0.99667
1726497657.584583282 0.12043 0.07671 0.01434 -0.04134 0.06653 0.02103 0.99671
1726497657.594583035 0.12021 0.07622 0.01436 -0.04129 0.06620 0.02033 0.99674
1726497657.604583263 0.11995 0.07573 0.01439 -0.04126 0.06585 0.01958 0.99678
1726497657.614583492 0.11965 0.07525 0.01441 -0.04127 0.06548 0.01878 0.99682
1726497657.624583244 0.11932 0.07475 0.01442 -0.04131 0.06511 0.01793 0.99686
1726497657.634583235 0.11896 0.07423 0.01441 -0.04138 0.06474 0.01702 0.99690
1726497657.644583225 0.11856 0.07368 0.01440 -0.04147 0.06437 0.01605 0.99693
1726497657.654583454 0.11814 0.07313 0.01437 -0.04160 0.06400 0.01502 0.99697
1726497657.664583206 0.11769 0.07258 0.01435 -0.04176 0.06364 0.01396 0.99700
1726497657.674583197 0.11722 0.07205 0.01434 -0.04194 0.06327 0.01288 0.99703
1726497657.684583187 0.11674 0.07158 0.01437 -0.04215 0.06291 0.01179 0.99706
1726497657.694583416 0.11625 0.07116 0.01443 -0.04239 0.06255 0.01070 0.99708
1726497657.704583168 0.11575 0.07083 0.01454 -0.04265 0.06219 0.00963 0.99711
1726497657.714583158 0.11524 0.07060 0.01472 -0.04294 0.06184 0.00859 0.99713
1726497657.724583387 0.11474 0.07049 0.01497 -0.04325 0.06149 0.00759 0.99714
1726497657.734583378 0.11425 0.07051 0.01530 -0.04358 0.06114 0.00665 0.99715
1726497657.744583368 0.11376 0.07069 0.01573 -0.04394 0.06079 0.00578 0.99717
1726497657.754583120 0.11327 0.07101 0.01624 -0.04432 0.06045 0.00497 0.99717
1726497657.764583349 0.11280 0.07145 0.01679 -0.04473 0.06010 0.00423 0.99718
1726497657.774583340 0.11232 0.07200 0.01739 -0.04516 0.05974 0.00356 0.99719
1726497657.784583330 0.11183 0.07265 0.01799 -0.04562 0.05937 0.00296 0.99719
1726497657.794583082 0.11135 0.07337 0.01858 -0.04611 0.05899 0.00242 0.99719
1726497657.804583311 0.11085 0.07415 0.01914 -0.04663 0.05860 0.00194 0.99719
1726497657.814583302 0.11035 0.07498 0.01964 -0.04718 0.05818 0.00152 0.99719
1726497657.824583292 0.10983 0.07584 0.02008 -0.04776 0.05774 0.00117 0.99719
1726497657.834583044 0.10929 0.07672 0.02041 -0.04837 0.05728 0.00088 0.99719
1726497657.844583273 0.10873 0.07759 0.02063 -0.04902 0.05678 0.00065 0.99718
1726497657.854583502 0.10816 0.07848 0.02076 -0.04970 0.05627 0.00049 0.99718
1726497657.864583254 0.10758 0.07940 0.02080 -0.05041 0.05574 0.00041 0.99717
1726497657.874583244 0.10699 0.08036 0.02078 -0.05115 0.05520 0.00043 0.99716
1726497657.884583235 0.10640 0.08138 0.02073 -0.05191 0.05466 0.00055 0.99715
1726497657.894583464 0.10581 0.08247 0.02065 -0.05270 0.05413 0.00080 0.99714
1726497657.904583216 0.10523 0.08364 0.02057 -0.05352 0.05361 0.00118 0.99713
1726497657.914583206 0.10466 0.08491 0.02050 -0.05436 0.05311 0.00170 0.99711
1726497657.924583197 0.10410 0.08630 0.02047 -0.05522 0.05263 0.00238 0.99708
1726497657.934583426 0.10357 0.08781 0.02050 -0.05610 0.05219 0.00323 0.99706
1726497657.944583178 0.10306 0.08947 0.02059 -0.05700 0.05179 0.00425 0.99702
1726497657.954583168 0.10257 0.09125 0.02074 -0.05790 0.05142 0.00544 0.99698
1726497657.964583158 0.10211 0.09314 0.02094 -0.05882 0.05110 0.00677 0.99694
1726497657.974583387 0.10168 0.09513 0.02116 -0.05974 0.05082 0.00822 0.99689
1726497657.984583378 0.10128 0.09720 0.02139 -0.06066 0.05057 0.00977 0.99683
1726497657.994583130 0.10091 0.09932 0.02161 -0.06157 0.05036 0.01142 0.99677
1726497658.004583359 0.10056 0.10150 0.02181 -0.06247 0.05019 0.01313 0.99670
1726497658.014583349 0.10025 0.10370 0.02198 -0.06336 0.05006 0.01489 0.99662
1726497658.024583340 0.09997 0.10592 0.02209 -0.06422 0.04996 0.01667 0.99654
1726497658.034583092 0.09973 0.10813 0.02212 -0.06506 0.04990 0.01847 0.99646
1726497658.044583321 0.09952 0.11033 0.02208 -0.06587 0.04987 0.02027 0.99638
1726497658.054583311 0.09933 0.11251 0.02196 -0.06665 0.04987 0.02205 0.99629
1726497658.064583302 0.09918 0.11467 0.02178 -0.06740 0.04989 0.02382 0.99619
1726497658.074583054 0.09905 0.11681 0.02155 -0.06813 0.04992 0.02559 0.99610
1726497658.084583282 0.09894 0.11894 0.02127 -0.06883 0.04995 0.02734 0.99600
1726497658.094583511 0.09885 0.12104 0.02096 -0.06952 0.04996 0.02909 0.99590
1726497658.104583263 0.09878 0.12312 0.02063 -0.07018 0.04997 0.03082 0.99581
1726497658.114583254 0.09871 0.12518 0.02029 -0.07083 0.04994 0.03255 0.99571
1726497658.124583244 0.09865 0.12723 0.01996 -0.07146 0.04988 0.03426 0.99561
1726497658.134583473 0.09860 0.12925 0.01963 -0.07208 0.04978 0.03597 0.99551
1726497658.144583225 0.09855 0.13126 0.01933 -0.07269 0.04963 0.03766 0.99541
1726497658.154583216 0.09850 0.13324 0.01905 -0.07329 0.04943 0.03934 0.99531
1726497658.164583206 0.09845 0.13520 0.01880 -0.07388 0.04920 0.04102 0.99521
1726497658.174583435 0.09840 0.13715 0.01856 -0.07447 0.04895 0.04269 0.99511
1726497658.184583187 0.09834 0.13907 0.01835 -0.07506 0.04869 0.04435 0.99500
1726497658.194583178 0.09829 0.14098 0.01816 -0.07566 0.04842 0.04602 0.99489
1726497658.204583168 0.09824 0.14287 0.01799 -0.07626 0.04816 0.04768 0.99478
1726497658.214583397 0.09819 0.14474 0.01783 -0.07687 0.04791 0.04934 0.99467
1726497658.224583387 0.09813 0.14658 0.01770 -0.07749 0.04769 0.05101 0.99455
1726497658.234583139 0.09807 0.14841 0.01758 -0.07812 0.04750 0.05268 0.99442
1726497658.244583368 0.09801 0.15023 0.01748 -0.07877 0.04736 0.05436 0.99428
1726497658.254583359 0.09795 0.15202 0.01740 -0.07943 0.04725 0.05605 0.99414
1726497658.264583349 0.09788 0.15380 0.01735 -0.08008 0.04719 0.05777 0.99399
1726497658.274583101 0.09781 0.15557 0.01732 -0.08073 0.04716 0.05952 0.99384
1726497658.284583330 0.09773 0.15733 0.01733 -0.08135 0.04716 0.06130 0.99368
1726497658.294583321 0.09765 0.15908 0.01738 -0.08195 0.04719 0.06314 0.99351
1726497658.304583311 0.09756 0.16083 0.01747 -0.08251 0.04724 0.06503 0.99334
1726497658.314583063 0.09746 0.16257 0.01760 -0.08302 0.04732 0.06699 0.99317
1726497658.324583292 0.09736 0.16430 0.01779 -0.08347 0.04742 0.06903 0.99299
1726497658.334583521 0.09724 0.16604 0.01802 -0.08385 0.04753 0.07114 0.99280
1726497658.344583273 0.09712 0.16778 0.01832 -0.08416 0.04765 0.07335 0.99261
1726497658.354583263 0.09699 0.16952 0.01866 -0.08439 0.04779 0.07562 0.99241
1726497658.364583254 0.09685 0.17125 0.01904 -0.08456 0.04795 0.07795 0.99221
1726497658.374583483 0.09671 0.17297 0.01945 -0.08464 0.04812 0.08031 0.99200
1726497658.384583235 0.09657 0.17468 0.01988 -0.08466 0.04832 0.08268 0.99180
1726497658.394583225 0.09642 0.17637 0.02032 -0.08461 0.04853 0.08505 0.99159
1726497658.404583216 0.09626 0.17804 0.02075 -0.08449 0.04877 0.08740 0.99139
1726497658.414583445 0.09611 0.17968 0.02119 -0.08431 0.04903 0.08970 0.99118
1726497658.424583197 0.09596 0.18129 0.02160 -0.08406 0.04932 0.09194 0.99098
1726497658.434583187 0.09581 0.18287 0.02198 -0.08375 0.04964 0.09409 0.99079
1726497658.444583178 0.09566 0.18441 0.02233 -0.08338 0.04999 0.09615 0.99061
1726497658.454583406 0.09552 0.18591 0.02264 -0.08295 0.05036 0.09811 0.99043
1726497658.464583158 0.09539 0.18737 0.02292 -0.08247 0.05076 0.09995 0.99027
1726497658.474583149 0.09528 0.18879 0.02318 -0.08195 0.05118 0.10169 0.99011
1726497658.484583378 0.09519 0.19018 0.02342 -0.08139 0.05161 0.10331 0.98997
1726497658.494583368 0.09513 0.19152 0.02364 -0.08080 0.05206 0.10480 0.98984
1726497658.504583359 0.09510 0.19282 0.02384 -0.08018 0.05251 0.10618 0.98972
1726497658.514583111 0.09511 0.19408 0.02404 -0.07954 0.05296 0.10743 0.98961
1726497658.524583340 0.09516 0.19530 0.02424 -0.07888 0.05340 0.10854 0.98952
1726497658.534583330 0.09526 0.19647 0.02443 -0.07821 0.05385 0.10952 0.98944
1726497658.544583321 0.09541 0.19760 0.02462 -0.07754 0.05428 0.11037 0.98937
1726497658.554583073 0.09561 0.19869 0.02482 -0.07685 0.05470 0.11108 0.98932
1726497658.564583302 0.09587 0.19974 0.02503 -0.07615 0.05511 0.11167 0.98929
1726497658.574583292 0.09618 0.20075 0.02525 -0.07542 0.05550 0.11214 0.98927
1726497658.584583282 0.09654 0.20171 0.02548 -0.07467 0.05589 0.11250 0.98926
1726497658.594583035 0.09696 0.20263 0.02572 -0.07388 0.05626 0.11276 0.98927
1726497658.604583263 0.09743 0.20351 0.02598 -0.07304 0.05661 0.11293 0.98930
1726497658.614583492 0.09796 0.20436 0.02625 -0.07216 0.05696 0.11301 0.98933
1726497658.624583244 0.09854 0.20516 0.02654 -0.07122 0.05728 0.11301 0.98938
1726497658.634583235 0.09918 0.20592 0.02685 -0.07022 0.05759 0.11294 0.98944
1726497658.644583225 0.09988 0.20664 0.02718 -0.06915 0.05789 0.11280 0.98952
1726497658.654583454 0.10062 0.20733 0.02754 -0.06803 0.05816 0.11261 0.98960
1726497658.664583206 0.10140 0.20800 0.02792 -0.06688 0.05842 0.11238 0.98969
1726497658.674583197 0.10221 0.20865 0.02833 -0.06572 0.05866 0.11212 0.98978
1726497658.684583187 0.10304 0.20929 0.02877 -0.06456 0.05889 0.11185 0.98988
1726497658.694583416 0.10389 0.20993 0.02924 -0.06341 0.05909 0.11159 0.98997
1726497658.704583168 0.10474 0.21057 0.02975 -0.06231 0.05927 0.11133 0.99006
1726497658.714583158 0.10558 0.21124 0.03029 -0.06126 0.05943 0.11110 0.99014
1726497658.724583387 0.10641 0.21192 0.03086 -0.06028 0.05956 0.11092 0.99021
1726497658.734583378 0.10722 0.21263 0.03147 -0.05939 0.05968 0.11078 0.99027
1726497658.744583368 0.10800 0.21338 0.03213 -0.05861 0.05977 0.11071 0.99032
1726497658.754583120 0.10875 0.21417 0.03281 -0.05794 0.05984 0.11071 0.99036
1726497658.764583349 0.10948 0.21499 0.03351 -0.05739 0.05990 0.11075 0.99038
1726497658.774583340 0.11018 0.21584 0.03422 -0.05697 0.05995 0.11085 0.99039
1726497658.784583330 0.11086 0.21672 0.03493 -0.05668 0.05999 0.11100 0.99039
1726497658.794583082 0.11151 0.21763 0.03562 -0.05652 0.06004 0.11118 0.99037
1726497658.804583311 0.11216 0.21856 0.03630 -0.05651 0.06010 0.11140 0.99035
1726497658.814583302 0.11278 0.21951 0.03694 -0.05665 0.06017 0.11164 0.99031
1726497658.824583292 0.11340 0.22048 0.03754 -0.05694 0.06026 0.11192 0.99025
1726497658.834583044 0.11401 0.22148 0.03809 -0.05739 0.06038 0.11220 0.99019
1726497658.844583273 0.11460 0.22248 0.03857 -0.05800 0.06052 0.11251 0.99011
1726497658.854583502 0.11519 0.22350 0.03901 -0.05875 0.06067 0.11284 0.99002
1726497658.864583254 0.11576 0.22451 0.03941 -0.05962 0.06083 0.11319 0.98992
1726497658.874583244 0.11631 0.22551 0.03979 -0.06056 0.06098 0.11359 0.98980
1726497658.884583235 0.11684 0.22648 0.04016 -0.06157 0.06110 0.11403 0.98968
1726497658.894583464 0.11735 0.22743 0.04053 -0.06261 0.06118 0.11452 0.98956
1726497658.904583216 0.11783 0.22833 0.04092 -0.06366 0.06120 0.11508 0.98942
1726497658.914583206 0.11828 0.22919 0.04134 -0.06468 0.06117 0.11571 0.98929
1726497658.924583197 0.11869 0.22999 0.04180 -0.06566 0.06105 0.11642 0.98915
1726497658.934583426 0.11907 0.23071 0.04233 -0.06656 0.06084 0.11721 0.98900
1726497658.944583178 0.11941 0.23137 0.04292 -0.06736 0.06053 0.11811 0.98886
1726497658.954583168 0.11971 0.23195 0.04357 -0.06806 0.06012 0.11909 0.98872
1726497658.964583158 0.11999 0.23248 0.04427 -0.06867 0.05962 0.12014 0.98858
1726497658.974583387 0.12025 0.23296 0.04501 -0.06919 0.05904 0.12127 0.98844
1726497658.984583378 0.12050 0.23341 0.04577 -0.06962 0.05840 0.12246 0.98831
1726497658.994583130 0.12075 0.23383 0.04655 -0.06997 0.05769 0.12369 0.98817
1726497659.004583359 0.12101 0.23423 0.04732 -0.07024 0.05693 0.12497 0.98803
1726497659.014583349 0.12128 0.23464 0.04809 -0.07043 0.05613 0.12628 0.98790
1726497659.024583340 0.12157 0.23505 0.04884 -0.07055 0.05530 0.12761 0.98777
1726497659.034583092 0.12190 0.23547 0.04955 -0.07060 0.05445 0.12895 0.98764
1726497659.044583321 0.12226 0.23592 0.05023 -0.07058 0.05359 0.13030 0.98751
1726497659.054583311 0.12265 0.23638 0.05086 -0.07050 0.05272 0.13166 0.98738
1726497659.064583302 0.12305 0.23683 0.05145 -0.07037 0.05186 0.13303 0.98725
1726497659.074583054 0.12347 0.23724 0.05200 -0.07018 0.05101 0.13442 0.98712
1726497659.084583282 0.12388 0.23761 0.05251 -0.06996 0.05020 0.13583 0.98698
1726497659.094583511 0.12428 0.23791 0.05299 -0.06969 0.04942 0.13727 0.98684
1726497659.104583263 0.12466 0.23813 0.05343 -0.06938 0.04868 0.13874 0.98669
1726497659.114583254 0.12500 0.23823 0.05385 -0.06905 0.04800 0.14025 0.98654
1726497659.124583244 0.12531 0.23821 0.05423 -0.06869 0.04739 0.14180 0.98637
1726497659.134583473 0.12556 0.23805 0.05458 -0.06832 0.04685 0.14340 0.98619
1726497659.144583225 0.12575 0.23773 0.05491 -0.06793 0.04640 0.14504 0.98600
1726497659.154583216 0.12589 0.23728 0.05521 -0.06753 0.04602 0.14672 0.98580
1726497659.164583206 0.12598 0.23674 0.05548 -0.06713 0.04570 0.14843 0.98558
1726497659.174583435 0.12604 0.23613 0.05574 -0.06673 0.04542 0.15015 0.98536
1726497659.184583187 0.12608 0.23549 0.05596 -0.06634 0.04518 0.15187 0.98514
1726497659.194583178 0.12609 0.23485 0.05617 -0.06596 0.04496 0.15358 0.98491
1726497659.204583168 0.12610 0.23425 0.05635 -0.06560 0.04474 0.15526 0.98468
1726497659.214583397 0.12612 0.23373 0.05651 -0.06527 0.04452 0.15689 0.98445
1726497659.224583387 0.12614 0.23330 0.05665 -0.06497 0.04429 0.15848 0.98423
1726497659.234583139 0.12618 0.23302 0.05677 -0.06470 0.04402 0.16000 0.98401
1726497659.244583368 0.12625 0.23290 0.05687 -0.06447 0.04370 0.16144 0.98380
1726497659.254583359 0.12635 0.23293 0.05695 -0.06427 0.04336 0.16281 0.98361
1726497659.264583349 0.12647 0.23311 0.05701 -0.06410 0.04301 0.16410 0.98342
1726497659.274583101 0.12660 0.23341 0.05704 -0.06395 0.04265 0.16532 0.98324
1726497659.284583330 0.12676 0.23382 0.05706 -0.06379 0.04231 0.16646 0.98307
1726497659.294583321 0.12693 0.23433 0.05704 -0.06364 0.04199 0.16752 0.98292
1726497659.304583311 0.12711 0.23492 0.05700 -0.06348 0.04172 0.16851 0.98277
1726497659.314583063 0.12729 0.23557 0.05694 -0.06329 0.04151 0.16943 0.98263
1726497659.324583292 0.12748 0.23628 0.05684 -0.06308 0.04137 0.17028 0.98250
1726497659.334583521 0.12767 0.23702 0.05671 -0.06283 0.04133 0.17106 0.98239
1726497659.344583273 0.12786 0.23778 0.05656 -0.06253 0.04137 0.17177 0.98228
1726497659.354583263 0.12805 0.23856 0.05637 -0.06220 0.04151 0.17242 0.98218
1726497659.364583254 0.12825 0.23936 0.05616 -0.06183 0.04171 0.17299 0.98210
1726497659.374583483 0.12845 0.24019 0.05591 -0.06144 0.04196 0.17349 0.98202
1726497659.384583235 0.12866 0.24104 0.05564 -0.06103 0.04224 0.17391 0.98196
1726497659.394583225 0.12888 0.24191 0.05535 -0.06061 0.04253 0.17427 0.98191
1726497659.404583216 0.12912 0.24280 0.05503 -0.06018 0.04281 0.17456 0.98187
1726497659.414583445 0.12937 0.24373 0.05469 -0.05976 0.04308 0.17477 0.98185
1726497659.424583197 0.12965 0.24467 0.05433 -0.05934 0.04330 0.17491 0.98184
1726497659.434583187 0.12995 0.24565 0.05395 -0.05894 0.04346 0.17497 0.98185
1726497659.444583178 0.13028 0.24665 0.05355 -0.05856 0.04355 0.17496 0.98187
1726497659.454583406 0.13063 0.24768 0.05313 -0.05819 0.04357 0.17489 0.98190
1726497659.464583158 0.13099 0.24872 0.05270 -0.05783 0.04353 0.17474 0.98195
1726497659.474583149 0.13136 0.24977 0.05226 -0.05747 0.04344 0.17454 0.98201
1726497659.484583378 0.13173 0.25083 0.05182 -0.05711 0.04332 0.17428 0.98208
1726497659.494583368 0.13210 0.25189 0.05137 -0.05673 0.04316 0.17398 0.98217
1726497659.504583359 0.13245 0.25294 0.05093 -0.05632 0.04299 0.17362 0.98226
1726497659.514583111 0.13279 0.25398 0.05049 -0.05589 0.04281 0.17323 0.98236
1726497659.524583340 0.13310 0.25500 0.05006 -0.05542 0.04263 0.17280 0.98247
1726497659.534583330 0.13338 0.25601 0.04965 -0.05490 0.04245 0.17234 0.98259
1726497659.544583321 0.13362 0.25698 0.04924 -0.05433 0.04230 0.17185 0.98271
1726497659.554583073 0.13383 0.25792 0.04886 -0.05371 0.04216 0.17134 0.98284
1726497659.564583302 0.13401 0.25883 0.04850 -0.05305 0.04204 0.17079 0.98298
1726497659.574583292 0.13416 0.25969 0.04816 -0.05235 0.04193 0.17021 0.98312
1726497659.584583282 0.13429 0.26051 0.04786 -0.05162 0.04182 0.16960 0.98327
1726497659.594583035 0.13439 0.26127 0.04759 -0.05085 0.04172 0.16895 0.98343
1726497659.604583263 0.13448 0.26198 0.04736 -0.05006 0.04161 0.16826 0.98359
1726497659.614583492 0.13456 0.26263 0.04717 -0.04925 0.04151 0.16753 0.98376
1726497659.624583244 0.13462 0.26322 0.04702 -0.04842 0.04139 0.16677 0.98394
1726497659.634583235 0.13468 0.26373 0.04693 -0.04757 0.04127 0.16595 0.98412
1726497659.644583225 0.13473 0.26418 0.04688 -0.04672 0.04114 0.16510 0.98431
1726497659.654583454 0.13479 0.26456 0.04688 -0.04587 0.04099 0.16420 0.98451
1726497659.664583206 0.13486 0.26489 0.04691 -0.04501 0.04084 0.16327 0.98471
1726497659.674583197 0.13494 0.26518 0.04697 -0.04415 0.04070 0.16232 0.98491
1726497659.684583187 0.13505 0.26544 0.04704 -0.04329 0.04055 0.16135 0.98511
1726497659.694583416 0.13519 0.26568 0.04712 -0.04243 0.04042 0.16038 0.98531
1726497659.704583168 0.13537 0.26591 0.04720 -0.04158 0.04030 0.15940 0.98552
1726497659.714583158 0.13560 0.26615 0.04726 -0.04073 0.04020 0.15842 0.98571
1726497659.724583387 0.13588 0.26640 0.04731 -0.03989 0.04012 0.15746 0.98590
1726497659.734583378 0.13622 0.26668 0.04732 -0.03907 0.04008 0.15651 0.98609
1726497659.744583368 0.13662 0.26699 0.04730 -0.03826 0.04006 0.15559 0.98627
1726497659.754583120 0.13709 0.26733 0.04725 -0.03746 0.04007 0.15471 0.98644
1726497659.764583349 0.13760 0.26769 0.04720 -0.03670 0.04010 0.15385 0.98660
1726497659.774583340 0.13817 0.26808 0.04715 -0.03596 0.04015 0.15304 0.98675
1726497659.784583330 0.13877 0.26848 0.04713 -0.03525 0.04020 0.15227 0.98689
1726497659.794583082 0.13941 0.26890 0.04714 -0.03459 0.04026 0.15156 0.98702
1726497659.804583311 0.14008 0.26931 0.04722 -0.03397 0.04032 0.15089 0.98714
1726497659.814583302 0.14077 0.26973 0.04736 -0.03341 0.04037 0.15028 0.98725
1726497659.824583292 0.14147 0.27014 0.04760 -0.03290 0.04041 0.14974 0.98735
1726497659.834583044 0.14218 0.27055 0.04793 -0.03245 0.04043 0.14926 0.98744
1726497659.844583273 0.14289 0.27093 0.04839 -0.03207 0.04042 0.14885 0.98751
1726497659.854583502 0.14361 0.27131 0.04894 -0.03176 0.04039 0.14850 0.98758
1726497659.864583254 0.14432 0.27167 0.04958 -0.03150 0.04033 0.14821 0.98763
1726497659.874583244 0.14503 0.27203 0.05030 -0.03129 0.04024 0.14796 0.98768
1726497659.884583235 0.14575 0.27239 0.05107 -0.03114 0.04011 0.14775 0.98772
1726497659.894583464 0.14646 0.27275 0.05187 -0.03102 0.03996 0.14756 0.98776
1726497659.904583216 0.14717 0.27311 0.05270 -0.03094 0.03977 0.14739 0.98779
1726497659.914583206 0.14788 0.27348 0.05354 -0.03090 0.03954 0.14724 0.98783
1726497659.924583197 0.14858 0.27386 0.05437 -0.03089 0.03928 0.14708 0.98786
1726497659.934583426 0.14928 0.27425 0.05516 -0.03089 0.03897 0.14691 0.98790
1726497659.944583178 0.14998 0.27467 0.05592 -0.03092 0.03863 0.14674 0.98794
1726497659.954583168 0.15067 0.27511 0.05663 -0.03097 0.03825 0.14655 0.98798
1726497659.964583158 0.15136 0.27559 0.05729 -0.03104 0.03784 0.14638 0.98802
1726497659.974583387 0.15204 0.27613 0.05790 -0.03114 0.03741 0.14623 0.98805
1726497659.984583378 0.15271 0.27673 0.05844 -0.03126 0.03696 0.14612 0.98808
1726497659.994583130 0.15337 0.27740 0.05891 -0.03142 0.03650 0.14605 0.98810
1726497660.004583359 0.15402 0.27817 0.05932 -0.03161 0.03603 0.14604 0.98812
1726497660.014583349 0.15466 0.27903 0.05965 -0.03183 0.03556 0.14611 0.98812
1726497660.024583340 0.15528 0.28001 0.05991 -0.03209 0.03509 0.14627 0.98810
1726497660.034583092 0.15589 0.28111 0.06008 -0.03240 0.03463 0.14653 0.98807
1726497660.044583321 0.15649 0.28235 0.06016 -0.03275 0.03419 0.14690 0.98802
1726497660.054583311 0.15707 0.28371 0.06017 -0.03314 0.03377 0.14737 0.98795
1726497660.064583302 0.15764 0.28518 0.06010 -0.03356 0.03337 0.14794 0.98786
1726497660.074583054 0.15820 0.28676 0.05997 -0.03402 0.03298 0.14859 0.98776
1726497660.084583282 0.15875 0.28843 0.05979 -0.03450 0.03262 0.14932 0.98765
1726497660.094583511 0.15929 0.29018 0.05956 -0.03501 0.03228 0.15012 0.98752
1726497660.104583263 0.15982 0.29201 0.05929 -0.03554 0.03197 0.15097 0.98738
1726497660.114583254 0.16035 0.29389 0.05899 -0.03609 0.03168 0.15187 0.98723
1726497660.124583244 0.16087 0.29583 0.05867 -0.03666 0.03142 0.15281 0.98708
1726497660.134583473 0.16140 0.29780 0.05834 -0.03723 0.03119 0.15378 0.98691
1726497660.144583225 0.16192 0.29980 0.05801 -0.03781 0.03099 0.15477 0.98674
1726497660.154583216 0.16245 0.30182 0.05768 -0.03840 0.03082 0.15578 0.98656
1726497660.164583206 0.16298 0.30383 0.05737 -0.03900 0.03067 0.15681 0.98638
1726497660.174583435 0.16352 0.30584 0.05710 -0.03962 0.03052 0.15787 0.98619
1726497660.184583187 0.16408 0.30781 0.05687 -0.04026 0.03039 0.15896 0.98600
1726497660.194583178 0.16465 0.30974 0.05670 -0.04092 0.03025 0.16008 0.98579
1726497660.204583168 0.16525 0.31162 0.05659 -0.04161 0.03011 0.16123 0.98558
1726497660.214583397 0.16586 0.31342 0.05657 -0.04232 0.02995 0.16241 0.98536
1726497660.224583387 0.16651 0.31514 0.05665 -0.04307 0.02978 0.16363 0.98513
1726497660.234583139 0.16718 0.31676 0.05683 -0.04385 0.02958 0.16488 0.98489
1726497660.244583368 0.16789 0.31827 0.05712 -0.04467 0.02935 0.16618 0.98465
1726497660.254583359 0.16862 0.31967 0.05752 -0.04551 0.02909 0.16751 0.98439
1726497660.264583349 0.16937 0.32096 0.05801 -0.04636 0.02880 0.16888 0.98412
1726497660.274583101 0.17011 0.32214 0.05857 -0.04720 0.02848 0.17029 0.98385
1726497660.284583330 0.17085 0.32322 0.05920 -0.04803 0.02813 0.17174 0.98357
1726497660.294583321 0.17156 0.32421 0.05986 -0.04882 0.02775 0.17321 0.98328
1726497660.304583311 0.17224 0.32509 0.06056 -0.04957 0.02733 0.17473 0.98299
1726497660.314583063 0.17287 0.32588 0.06128 -0.05025 0.02689 0.17627 0.98269
1726497660.324583292 0.17345 0.32658 0.06199 -0.05086 0.02641 0.17785 0.98239
1726497660.334583521 0.17396 0.32719 0.06269 -0.05138 0.02590 0.17945 0.98208
1726497660.344583273 0.17440 0.32771 0.06337 -0.05180 0.02537 0.18109 0.98177
1726497660.354583263 0.17477 0.32815 0.06402 -0.05212 0.02479 0.18276 0.98146
1726497660.364583254 0.17506 0.32851 0.06466 -0.05236 0.02418 0.18445 0.98115
1726497660.374583483 0.17530 0.32879 0.06529 -0.05254 0.02353 0.18618 0.98083
1726497660.384583235 0.17548 0.32901 0.06591 -0.05265 0.02283 0.18794 0.98050
1726497660.394583225 0.17562 0.32915 0.06654 -0.05272 0.02208 0.18973 0.98017
1726497660.404583216 0.17570 0.32923 0.06718 -0.05276 0.02127 0.19156 0.97983
1726497660.414583445 0.17576 0.32925 0.06783 -0.05278 0.02041 0.19341 0.97948
1726497660.424583197 0.17577 0.32921 0.06851 -0.05278 0.01948 0.19530 0.97913
1726497660.434583187 0.17577 0.32912 0.06921 -0.05279 0.01849 0.19722 0.97876
1726497660.444583178 0.17574 0.32898 0.06995 -0.05281 0.01742 0.19917 0.97839
1726497660.454583406 0.17569 0.32880 0.07071 -0.05284 0.01629 0.20114 0.97800
1726497660.464583158 0.17561 0.32859 0.07148 -0.05289 0.01511 0.20310 0.97761
1726497660.474583149 0.17552 0.32837 0.07225 -0.05294 0.01387 0.20503 0.97722
1726497660.484583378 0.17540 0.32815 0.07301 -0.05301 0.01258 0.20692 0.97684
1726497660.494583368 0.17525 0.32793 0.07374 -0.05308 0.01125 0.20875 0.97646
1726497660.504583359 0.17508 0.32774 0.07443 -0.05316 0.00989 0.21049 0.97610
1726497660.514583111 0.17488 0.32758 0.07508 -0.05325 0.00850 0.21212 0.97575
1726497660.524583340 0.17466 0.32747 0.07566 -0.05334 0.00709 0.21364 0.97543
1726497660.534583330 0.17441 0.32741 0.07618 -0.05344 0.00566 0.21501 0.97513
1726497660.544583321 0.17412 0.32740 0.07660 -0.05354 0.00424 0.21622 0.97487
1726497660.554583073 0.17377 0.32736 0.07695 -0.05363 0.00285 0.21732 0.97462
1726497660.564583302 0.17333 0.32719 0.07721 -0.05371 0.00157 0.21832 0.97440
1726497660.574583292 0.17277 0.32680 0.07739 -0.05377 0.00043 0.21927 0.97418
1726497660.584583282 0.17205 0.32608 0.07749 -0.05380 -0.00049 0.22021 0.97397
1726497660.594583035 0.17115 0.32498 0.07751 -0.05380 -0.00116 0.22117 0.97375
1726497660.604583263 0.17011 0.32356 0.07742 -0.05376 -0.00159 0.22214 0.97353
1726497660.614583492 0.16894 0.32193 0.07722 -0.05368 -0.00179 0.22312 0.97331
1726497660.624583244 0.16770 0.32022 0.07688 -0.05358 -0.00177 0.22409 0.97309
1726497660.634583235 0.16642 0.31851 0.07638 -0.05345 -0.00155 0.22505 0.97288
1726497660.644583225 0.16513 0.31690 0.07571 -0.05330 -0.00115 0.22598 0.97267
1726497660.654583454 0.16385 0.31539 0.07489 -0.05312 -0.00061 0.22687 0.97247
1726497660.664583206 0.16260 0.31396 0.07395 -0.05292 0.00006 0.22771 0.97229
1726497660.674583197 0.16140 0.31260 0.07292 -0.05269 0.00082 0.22848 0.97212
1726497660.684583187 0.16025 0.31127 0.07183 -0.05242 0.00162 0.22916 0.97197
1726497660.694583416 0.15919 0.30997 0.07072 -0.05213 0.00245 0.22974 0.97185
1726497660.704583168 0.15821 0.30867 0.06961 -0.05179 0.00328 0.23021 0.97176
1726497660.714583158 0.15735 0.30735 0.06854 -0.05142 0.00405 0.23054 0.97169
1726497660.724583387 0.15661 0.30600 0.06753 -0.05101 0.00476 0.23072 0.97167
1726497660.734583378 0.15602 0.30459 0.06661 -0.05056 0.00536 0.23075 0.97168
1726497660.744583368 0.15558 0.30312 0.06582 -0.05006 0.00582 0.23059 0.97174
1726497660.754583120 0.15528 0.30158 0.06514 -0.04953 0.00617 0.23027 0.97185
1726497660.764583349 0.15512 0.29999 0.06455 -0.04897 0.00642 0.22978 0.97199
1726497660.774583340 0.15508 0.29838 0.06404 -0.04839 0.00660 0.22914 0.97217
1726497660.784583330 0.15515 0.29675 0.06359 -0.04781 0.00671 0.22836 0.97238
1726497660.794583082 0.15531 0.29511 0.06319 -0.04722 0.00678 0.22743 0.97263
1726497660.804583311 0.15555 0.29349 0.06282 -0.04664 0.00683 0.22637 0.97290
1726497660.814583302 0.15586 0.29190 0.06247 -0.04608 0.00689 0.22519 0.97320
1726497660.824583292 0.15623 0.29034 0.06211 -0.04554 0.00696 0.22390 0.97352
1726497660.834583044 0.15665 0.28885 0.06173 -0.04504 0.00707 0.22250 0.97387
1726497660.844583273 0.15709 0.28742 0.06133 -0.04458 0.00724 0.22099 0.97423
1726497660.854583502 0.15755 0.28608 0.06089 -0.04415 0.00746 0.21939 0.97461
1726497660.864583254 0.15803 0.28483 0.06042 -0.04376 0.00773 0.21768 0.97501
1726497660.874583244 0.15850 0.28369 0.05994 -0.04339 0.00804 0.21587 0.97542
1726497660.884583235 0.15896 0.28267 0.05943 -0.04305 0.00837 0.21396 0.97586
1726497660.894583464 0.15940 0.28178 0.05890 -0.04272 0.00873 0.21194 0.97631
1726497660.904583216 0.15980 0.28102 0.05836 -0.04240 0.00911 0.20981 0.97678
1726497660.914583206 0.16016 0.28042 0.05781 -0.04208 0.00950 0.20758 0.97727
1726497660.924583197 0.16046 0.27998 0.05725 -0.04177 0.00989 0.20524 0.97777
1726497660.934583426 0.16070 0.27972 0.05668 -0.04145 0.01027 0.20279 0.97829
1726497660.944583178 0.16087 0.27963 0.05612 -0.04112 0.01064 0.20023 0.97883
1726497660.954583168 0.16101 0.27967 0.05553 -0.04079 0.01100 0.19759 0.97937
1726497660.964583158 0.16117 0.27976 0.05493 -0.04047 0.01134 0.19490 0.97992
1726497660.974583387 0.16140 0.27985 0.05428 -0.04017 0.01166 0.19219 0.98047
1726497660.984583378 0.16174 0.27988 0.05357 -0.03991 0.01196 0.18948 0.98100
1726497660.994583130 0.16223 0.27978 0.05281 -0.03969 0.01224 0.18680 0.98152
1726497661.004583359 0.16286 0.27959 0.05201 -0.03953 0.01249 0.18415 0.98202
1726497661.014583349 0.16359 0.27934 0.05124 -0.03943 0.01271 0.18152 0.98251
1726497661.024583340 0.16439 0.27905 0.05051 -0.03939 0.01289 0.17891 0.98299
1726497661.034583092 0.16523 0.27876 0.04988 -0.03942 0.01303 0.17632 0.98346
1726497661.044583321 0.16608 0.27847 0.04938 -0.03952 0.01312 0.17375 0.98391
1726497661.054583311 0.16681 0.27802 0.04906 -0.03969 0.01313 0.17120 0.98435
1726497661.064583302 0.16732 0.27723 0.04895 -0.03990 0.01303 0.16872 0.98477
1726497661.074583054 0.16751 0.27593 0.04908 -0.04015 0.01280 0.16632 0.98517
1726497661.084583282 0.16747 0.27425 0.04940 -0.04040 0.01244 0.16391 0.98557
1726497661.094583511 0.16746 0.27253 0.04981 -0.04060 0.01200 0.16139 0.98598
1726497661.104583263 0.16773 0.27110 0.05022 -0.04072 0.01153 0.15862 0.98643
1726497661.114583254 0.16838 0.27011 0.05058 -0.04075 0.01105 0.15558 0.98692
1726497661.124583244 0.16930 0.26946 0.05097 -0.04072 0.01056 0.15238 0.98743
1726497661.134583473 0.17035 0.26901 0.05148 -0.04071 0.01007 0.14917 0.98792
1726497661.144583225 0.17144 0.26865 0.05217 -0.04073 0.00958 0.14607 0.98839
1726497661.154583216 0.17253 0.26835 0.05303 -0.04081 0.00906 0.14310 0.98882
1726497661.164583206 0.17360 0.26810 0.05404 -0.04094 0.00850 0.14030 0.98923
1726497661.174583435 0.17465 0.26790 0.05518 -0.04111 0.00787 0.13770 0.98959
1726497661.184583187 0.17566 0.26773 0.05640 -0.04133 0.00717 0.13530 0.98992
1726497661.194583178 0.17662 0.26759 0.05770 -0.04160 0.00636 0.13314 0.99020
1726497661.204583168 0.17752 0.26748 0.05904 -0.04191 0.00543 0.13124 0.99045
1726497661.214583397 0.17836 0.26737 0.06040 -0.04226 0.00436 0.12962 0.99065
1726497661.224583387 0.17910 0.26727 0.06176 -0.04265 0.00313 0.12830 0.99081
1726497661.234583139 0.17976 0.26717 0.06307 -0.04307 0.00172 0.12731 0.99093
1726497661.244583368 0.18029 0.26707 0.06434 -0.04352 0.00011 0.12665 0.99099
1726497661.254583359 0.18066 0.26704 0.06555 -0.04395 -0.00168 0.12627 0.99102
1726497661.264583349 0.18080 0.26715 0.06671 -0.04430 -0.00363 0.12612 0.99102
1726497661.274583101 0.18066 0.26745 0.06784 -0.04452 -0.00572 0.12611 0.99100
1726497661.284583330 0.18029 0.26788 0.06889 -0.04462 -0.00785 0.12619 0.99097
1726497661.294583321 0.17985 0.26824 0.06982 -0.04461 -0.00984 0.12630 0.99094
1726497661.304583311 0.17946 0.26837 0.07057 -0.04455 -0.01155 0.12639 0.99091
1726497661.314583063 0.17918 0.26818 0.07112 -0.04445 -0.01290 0.12643 0.99090
1726497661.324583292 0.17888 0.26779 0.07153 -0.04427 -0.01397 0.12652 0.99088
1726497661.334583521 0.17846 0.26729 0.07185 -0.04398 -0.01483 0.12673 0.99085
1726497661.344583273 0.17783 0.26680 0.07212 -0.04357 -0.01556 0.12713 0.99081
1726497661.354583263 0.17701 0.26632 0.07232 -0.04304 -0.01618 0.12774 0.99074
1726497661.364583254 0.17606 0.26588 0.07239 -0.04241 -0.01671 0.12854 0.99066
1726497661.374583483 0.17504 0.26547 0.07230 -0.04170 -0.01716 0.12954 0.99055
1726497661.384583235 0.17400 0.26511 0.07200 -0.04093 -0.01754 0.13073 0.99042
1726497661.394583225 0.17300 0.26480 0.07145 -0.04011 -0.01788 0.13209 0.99026
1726497661.404583216 0.17204 0.26451 0.07072 -0.03926 -0.01817 0.13358 0.99009
1726497661.414583445 0.17114 0.26421 0.06988 -0.03839 -0.01843 0.13516 0.98991
1726497661.424583197 0.17028 0.26387 0.06898 -0.03752 -0.01866 0.13677 0.98972
1726497661.434583187 0.16949 0.26346 0.06810 -0.03667 -0.01887 0.13837 0.98952
1726497661.444583178 0.16875 0.26294 0.06731 -0.03584 -0.01907 0.13991 0.98933
1726497661.454583406 0.16807 0.26234 0.06658 -0.03503 -0.01926 0.14140 0.98914
1726497661.464583158 0.16748 0.26167 0.06591 -0.03425 -0.01943 0.14286 0.98896
1726497661.474583149 0.16696 0.26095 0.06527 -0.03349 -0.01958 0.14429 0.98877
1726497661.484583378 0.16654 0.26020 0.06465 -0.03275 -0.01972 0.14573 0.98859
1726497661.494583368 0.16622 0.25944 0.06404 -0.03203 -0.01984 0.14717 0.98839
1726497661.504583359 0.16600 0.25869 0.06340 -0.03132 -0.01993 0.14864 0.98819
1726497661.514583111 0.16591 0.25796 0.06274 -0.03063 -0.02000 0.15015 0.98799
1726497661.524583340 0.16593 0.25728 0.06201 -0.02995 -0.02005 0.15172 0.98777
1726497661.534583330 0.16609 0.25667 0.06122 -0.02927 -0.02007 0.15336 0.98753
1726497661.544583321 0.16639 0.25613 0.06034 -0.02860 -0.02005 0.15508 0.98728
1726497661.554583073 0.16683 0.25568 0.05938 -0.02795 -0.02001 0.15688 0.98702
1726497661.564583302 0.16739 0.25531 0.05836 -0.02731 -0.01993 0.15874 0.98674
1726497661.574583292 0.16806 0.25503 0.05729 -0.02669 -0.01981 0.16066 0.98645
1726497661.584583282 0.16885 0.25482 0.05617 -0.02609 -0.01965 0.16262 0.98615
1726497661.594583035 0.16974 0.25470 0.05502 -0.02553 -0.01944 0.16461 0.98584
1726497661.604583263 0.17072 0.25466 0.05385 -0.02500 -0.01918 0.16662 0.98552
1726497661.614583492 0.17179 0.25471 0.05268 -0.02451 -0.01887 0.16863 0.98519
1726497661.624583244 0.17294 0.25483 0.05151 -0.02406 -0.01850 0.17065 0.98486
1726497661.634583235 0.17415 0.25503 0.05036 -0.02367 -0.01807 0.17265 0.98453
1726497661.644583225 0.17544 0.25532 0.04924 -0.02332 -0.01758 0.17463 0.98420
1726497661.654583454 0.17677 0.25567 0.04815 -0.02302 -0.01703 0.17659 0.98387
1726497661.664583206 0.17816 0.25607 0.04711 -0.02276 -0.01641 0.17856 0.98353
1726497661.674583197 0.17959 0.25653 0.04612 -0.02252 -0.01574 0.18053 0.98319
1726497661.684583187 0.18106 0.25701 0.04520 -0.02231 -0.01501 0.18252 0.98283
1726497661.694583416 0.18257 0.25752 0.04434 -0.02211 -0.01422 0.18455 0.98247
1726497661.704583168 0.18410 0.25804 0.04356 -0.02191 -0.01337 0.18662 0.98210
1726497661.714583158 0.18565 0.25856 0.04287 -0.02171 -0.01246 0.18874 0.98171
1726497661.724583387 0.18722 0.25906 0.04227 -0.02149 -0.01150 0.19093 0.98130
1726497661.734583378 0.18880 0.25954 0.04177 -0.02125 -0.01048 0.19319 0.98087
1726497661.744583368 0.19039 0.25998 0.04138 -0.02099 -0.00942 0.19555 0.98042
1726497661.754583120 0.19200 0.26040 0.04106 -0.02071 -0.00830 0.19799 0.97995
1726497661.764583349 0.19366 0.26080 0.04080 -0.02041 -0.00713 0.20051 0.97945
1726497661.774583340 0.19540 0.26120 0.04055 -0.02010 -0.00592 0.20313 0.97893
1726497661.784583330 0.19722 0.26160 0.04028 -0.01979 -0.00468 0.20584 0.97837
1726497661.794583082 0.19916 0.26202 0.03997 -0.01949 -0.00340 0.20863 0.97780
1726497661.804583311 0.20116 0.26245 0.03965 -0.01918 -0.00209 0.21147 0.97719
1726497661.814583302 0.20319 0.26290 0.03935 -0.01887 -0.00078 0.21435 0.97658
1726497661.824583292 0.20520 0.26336 0.03908 -0.01853 0.00053 0.21721 0.97595
1726497661.834583044 0.20714 0.26384 0.03890 -0.01818 0.00182 0.22004 0.97532
1726497661.844583273 0.20899 0.26433 0.03880 -0.01779 0.00309 0.22282 0.97469
1726497661.854583502 0.21079 0.26481 0.03878 -0.01739 0.00433 0.22556 0.97406
1726497661.864583254 0.21258 0.26527 0.03876 -0.01698 0.00555 0.22832 0.97342
1726497661.874583244 0.21443 0.26568 0.03873 -0.01659 0.00674 0.23114 0.97276
1726497661.884583235 0.21639 0.26603 0.03862 -0.01622 0.00790 0.23404 0.97206
1726497661.894583464 0.21848 0.26631 0.03842 -0.01589 0.00905 0.23707 0.97132
1726497661.904583216 0.22066 0.26657 0.03814 -0.01558 0.01019 0.24020 0.97054
1726497661.914583206 0.22283 0.26688 0.03784 -0.01529 0.01133 0.24340 0.96974
1726497661.924583197 0.22491 0.26729 0.03756 -0.01499 0.01250 0.24664 0.96891
1726497661.934583426 0.22682 0.26788 0.03734 -0.01469 0.01372 0.24988 0.96807
1726497661.944583178 0.22850 0.26866 0.03722 -0.01436 0.01499 0.25309 0.96722
1726497661.954583168 0.23001 0.26955 0.03712 -0.01402 0.01631 0.25627 0.96637
1726497661.964583158 0.23145 0.27042 0.03699 -0.01368 0.01768 0.25940 0.96551
1726497661.974583387 0.23290 0.27113 0.03675 -0.01334 0.01909 0.26247 0.96466
1726497661.984583378 0.23445 0.27156 0.03632 -0.01302 0.02054 0.26547 0.96381
1726497661.994583130 0.23618 0.27162 0.03567 -0.01272 0.02203 0.26839 0.96297
1726497662.004583359 0.23808 0.27137 0.03481 -0.01244 0.02354 0.27117 0.96216
1726497662.014583349 0.24012 0.27090 0.03381 -0.01217 0.02506 0.27376 0.96139
1726497662.024583340 0.24226 0.27032 0.03270 -0.01190 0.02660 0.27609 0.96069
1726497662.034583092 0.24448 0.26973 0.03155 -0.01161 0.02815 0.27811 0.96007
1726497662.044583321 0.24675 0.26920 0.03040 -0.01130 0.02970 0.27978 0.95954
1726497662.054583311 0.24905 0.26873 0.02926 -0.01096 0.03124 0.28111 0.95911
1726497662.064583302 0.25136 0.26829 0.02815 -0.01060 0.03276 0.28214 0.95875
1726497662.074583054 0.25366 0.26788 0.02707 -0.01021 0.03426 0.28293 0.95847
1726497662.084583282 0.25594 0.26746 0.02603 -0.00978 0.03574 0.28349 0.95826
1726497662.094583511 0.25816 0.26701 0.02505 -0.00932 0.03719 0.28388 0.95809
1726497662.104583263 0.26031 0.26651 0.02413 -0.00882 0.03859 0.28413 0.95797
1726497662.114583254 0.26237 0.26594 0.02329 -0.00827 0.03995 0.28428 0.95787
1726497662.124583244 0.26433 0.26528 0.02253 -0.00768 0.04126 0.28437 0.95780
1726497662.134583473 0.26615 0.26451 0.02186 -0.00705 0.04251 0.28443 0.95773
1726497662.144583225 0.26783 0.26360 0.02129 -0.00637 0.04369 0.28450 0.95766
1726497662.154583216 0.26937 0.26258 0.02081 -0.00565 0.04481 0.28457 0.95759
1726497662.164583206 0.27078 0.26146 0.02042 -0.00489 0.04587 0.28461 0.95753
1726497662.174583435 0.27208 0.26027 0.02011 -0.00412 0.04686 0.28461 0.95749
1726497662.184583187 0.27327 0.25902 0.01985 -0.00334 0.04779 0.28456 0.95746
1726497662.194583178 0.27436 0.25773 0.01966 -0.00255 0.04865 0.28443 0.95746
1726497662.204583168 0.27537 0.25643 0.01951 -0.00178 0.04945 0.28421 0.95748
1726497662.214583397 0.27630 0.25513 0.01940 -0.00102 0.05019 0.28387 0.95755
1726497662.224583387 0.27717 0.25386 0.01933 -0.00028 0.05087 0.28341 0.95765
1726497662.234583139 0.27798 0.25263 0.01927 0.00042 0.05149 0.28280 0.95780
1726497662.244583368 0.27875 0.25146 0.01922 0.00107 0.05205 0.28202 0.95799
1726497662.254583359 0.27947 0.25036 0.01918 0.00167 0.05255 0.28107 0.95825
1726497662.264583349 0.28016 0.24932 0.01915 0.00223 0.05300 0.27992 0.95856
1726497662.274583101 0.28080 0.24833 0.01912 0.00272 0.05339 0.27857 0.95893
1726497662.284583330 0.28140 0.24740 0.01908 0.00316 0.05375 0.27701 0.95936
1726497662.294583321 0.28196 0.24653 0.01903 0.00353 0.05406 0.27522 0.95985
1726497662.304583311 0.28248 0.24571 0.01898 0.00384 0.05433 0.27320 0.96042
1726497662.314583063 0.28297 0.24493 0.01891 0.00407 0.05456 0.27092 0.96105
1726497662.324583292 0.28342 0.24421 0.01882 0.00424 0.05477 0.26837 0.96175
1726497662.334583521 0.28383 0.24353 0.01871 0.00432 0.05495 0.26555 0.96252
1726497662.344583273 0.28420 0.24290 0.01858 0.00433 0.05510 0.26245 0.96336
1726497662.354583263 0.28453 0.24231 0.01843 0.00428 0.05523 0.25911 0.96426
1726497662.364583254 0.28482 0.24177 0.01828 0.00418 0.05535 0.25558 0.96519
1726497662.374583483 0.28506 0.24128 0.01814 0.00407 0.05545 0.25191 0.96615
1726497662.384583235 0.28524 0.24083 0.01802 0.00394 0.05554 0.24816 0.96712
1726497662.394583225 0.28536 0.24045 0.01794 0.00382 0.05562 0.24436 0.96808
1726497662.404583216 0.28538 0.24013 0.01790 0.00371 0.05569 0.24054 0.96903
1726497662.414583445 0.28529 0.23990 0.01794 0.00358 0.05575 0.23669 0.96998
1726497662.424583197 0.28504 0.23977 0.01806 0.00342 0.05580 0.23281 0.97091
1726497662.434583187 0.28461 0.23976 0.01830 0.00322 0.05584 0.22892 0.97184
1726497662.444583178 0.28398 0.23988 0.01865 0.00296 0.05586 0.22502 0.97275
1726497662.454583406 0.28320 0.24010 0.01908 0.00266 0.05586 0.22112 0.97364
1726497662.464583158 0.28233 0.24039 0.01956 0.00233 0.05583 0.21726 0.97451
1726497662.474583149 0.28142 0.24070 0.02002 0.00196 0.05577 0.21345 0.97536
1726497662.484583378 0.28054 0.24101 0.02043 0.00158 0.05567 0.20972 0.97617
1726497662.494583368 0.27973 0.24127 0.02076 0.00119 0.05553 0.20609 0.97696
1726497662.504583359 0.27897 0.24144 0.02104 0.00079 0.05535 0.20255 0.97771
1726497662.514583111 0.27823 0.24148 0.02132 0.00040 0.05516 0.19909 0.97843
1726497662.524583340 0.27747 0.24135 0.02166 0.00001 0.05496 0.19571 0.97912
1726497662.534583330 0.27666 0.24100 0.02212 -0.00036 0.05477 0.19238 0.97979
1726497662.544583321 0.27579 0.24042 0.02271 -0.00071 0.05460 0.18911 0.98044
1726497662.554583073 0.27486 0.23970 0.02341 -0.00105 0.05443 0.18587 0.98107
1726497662.564583302 0.27394 0.23893 0.02416 -0.00139 0.05425 0.18262 0.98168
1726497662.574583292 0.27304 0.23823 0.02488 -0.00176 0.05406 0.17934 0.98230
1726497662.584583282 0.27221 0.23770 0.02554 -0.00215 0.05384 0.17600 0.98291
1726497662.594583035 0.27149 0.23742 0.02607 -0.00259 0.05358 0.17258 0.98353
1726497662.604583263 0.27086 0.23738 0.02642 -0.00308 0.05327 0.16906 0.98416
1726497662.614583492 0.27031 0.23751 0.02657 -0.00360 0.05291 0.16543 0.98479
1726497662.624583244 0.26983 0.23778 0.02648 -0.00416 0.05252 0.16168 0.98544
1726497662.634583235 0.26941 0.23813 0.02611 -0.00475 0.05208 0.15780 0.98609
1726497662.644583225 0.26902 0.23851 0.02544 -0.00538 0.05161 0.15378 0.98674
1726497662.654583454 0.26868 0.23892 0.02458 -0.00602 0.05112 0.14965 0.98740
1726497662.664583206 0.26840 0.23935 0.02362 -0.00668 0.05065 0.14544 0.98805
1726497662.674583197 0.26817 0.23979 0.02270 -0.00734 0.05022 0.14118 0.98868
1726497662.684583187 0.26801 0.24023 0.02193 -0.00799 0.04985 0.13690 0.98930
1726497662.694583416 0.26791 0.24068 0.02139 -0.00863 0.04957 0.13263 0.98989
1726497662.704583168 0.26786 0.24115 0.02103 -0.00927 0.04937 0.12837 0.99045
1726497662.714583158 0.26782 0.24165 0.02077 -0.00990 0.04922 0.12414 0.99099
1726497662.724583387 0.26776 0.24221 0.02054 -0.01053 0.04910 0.11994 0.99151
1726497662.734583378 0.26764 0.24285 0.02025 -0.01118 0.04899 0.11579 0.99200
1726497662.744583368 0.26745 0.24357 0.01985 -0.01183 0.04888 0.11168 0.99247
1726497662.754583120 0.26721 0.24436 0.01936 -0.01249 0.04876 0.10760 0.99292
1726497662.764583349 0.26696 0.24518 0.01883 -0.01315 0.04862 0.10354 0.99335
1726497662.774583340 0.26673 0.24600 0.01830 -0.01378 0.04848 0.09949 0.99376
1726497662.784583330 0.26655 0.24679 0.01782 -0.01439 0.04833 0.09544 0.99416
1726497662.794583082 0.26644 0.24751 0.01742 -0.01496 0.04817 0.09137 0.99454
1726497662.804583311 0.26636 0.24814 0.01707 -0.01548 0.04798 0.08728 0.99491
1726497662.814583302 0.26623 0.24865 0.01672 -0.01594 0.04777 0.08319 0.99526
1726497662.824583292 0.26599 0.24899 0.01632 -0.01633 0.04752 0.07910 0.99560
1726497662.834583044 0.26557 0.24915 0.01582 -0.01664 0.04722 0.07501 0.99593
1726497662.844583273 0.26493 0.24911 0.01520 -0.01686 0.04686 0.07094 0.99624
1726497662.854583502 0.26412 0.24891 0.01449 -0.01698 0.04644 0.06688 0.99654
1726497662.864583254 0.26320 0.24861 0.01376 -0.01702 0.04596 0.06284 0.99682
1726497662.874583244 0.26224 0.24827 0.01307 -0.01696 0.04544 0.05882 0.99709
1726497662.884583235 0.26131 0.24795 0.01247 -0.01682 0.04486 0.05482 0.99735
1726497662.894583464 0.26046 0.24770 0.01204 -0.01658 0.04423 0.05085 0.99759
1726497662.904583216 0.25966 0.24754 0.01182 -0.01626 0.04357 0.04691 0.99782
1726497662.914583206 0.25889 0.24749 0.01184 -0.01587 0.04289 0.04300 0.99803
1726497662.924583197 0.25809 0.24756 0.01216 -0.01543 0.04221 0.03913 0.99822
1726497662.934583426 0.25724 0.24777 0.01280 -0.01495 0.04152 0.03528 0.99840
1726497662.944583178 0.25629 0.24810 0.01380 -0.01444 0.04086 0.03147 0.99856
1726497662.954583168 0.25526 0.24851 0.01504 -0.01389 0.04019 0.02771 0.99871
1726497662.964583158 0.25416 0.24892 0.01638 -0.01330 0.03950 0.02399 0.99884
1726497662.974583387 0.25301 0.24925 0.01769 -0.01267 0.03876 0.02033 0.99896
1726497662.984583378 0.25183 0.24943 0.01883 -0.01200 0.03795 0.01672 0.99907
1726497662.994583130 0.25063 0.24938 0.01971 -0.01128 0.03707 0.01318 0.99916
1726497663.004583359 0.24942 0.24905 0.02033 -0.01051 0.03610 0.00973 0.99925
1726497663.014583349 0.24821 0.24837 0.02075 -0.00970 0.03508 0.00639 0.99932
1726497663.024583340 0.24701 0.24728 0.02102 -0.00886 0.03402 0.00318 0.99938
1726497663.034583092 0.24584 0.24574 0.02118 -0.00797 0.03292 0.00014 0.99943
1726497663.044583321 0.24469 0.24371 0.02128 -0.00706 0.03182 -0.00273 0.99947
1726497663.054583311 0.24355 0.24136 0.02133 -0.00614 0.03070 -0.00542 0.99950
1726497663.064583302 0.24237 0.23890 0.02130 -0.00521 0.02958 -0.00793 0.99952
1726497663.074583054 0.24113 0.23651 0.02122 -0.00430 0.02845 -0.01028 0.99953
1726497663.084583282 0.23979 0.23441 0.02106 -0.00342 0.02732 -0.01246 0.99954
1726497663.094583511 0.23832 0.23274 0.02084 -0.00260 0.02619 -0.01448 0.99955
1726497663.104583263 0.23677 0.23144 0.02059 -0.00181 0.02507 -0.01634 0.99955
1726497663.114583254 0.23516 0.23039 0.02035 -0.00108 0.02396 -0.01804 0.99955
1726497663.124583244 0.23353 0.22947 0.02016 -0.00038 0.02286 -0.01957 0.99955
1726497663.134583473 0.23193 0.22858 0.02008 0.00027 0.02179 -0.02094 0.99954
1726497663.144583225 0.23038 0.22761 0.02012 0.00089 0.02074 -0.02214 0.99954
1726497663.154583216 0.22888 0.22655 0.02029 0.00148 0.01972 -0.02319 0.99954
1726497663.164583206 0.22745 0.22542 0.02056 0.00205 0.01872 -0.02410 0.99953
1726497663.174583435 0.22607 0.22422 0.02091 0.00260 0.01774 -0.02489 0.99953
1726497663.184583187 0.22474 0.22296 0.02133 0.00315 0.01678 -0.02556 0.99953
1726497663.194583178 0.22346 0.22165 0.02179 0.00371 0.01584 -0.02614 0.99953
1726497663.204583168 0.22223 0.22031 0.02228 0.00427 0.01491 -0.02664 0.99952
1726497663.214583397 0.22105 0.21894 0.02277 0.00485 0.01400 -0.02706 0.99952
1726497663.224583387 0.21992 0.21755 0.02325 0.00547 0.01309 -0.02744 0.99952
1726497663.234583139 0.21882 0.21615 0.02369 0.00611 0.01220 -0.02777 0.99952
1726497663.244583368 0.21777 0.21475 0.02408 0.00680 0.01132 -0.02808 0.99952
1726497663.254583359 0.21676 0.21336 0.02442 0.00752 0.01045 -0.02834 0.99952
1726497663.264583349 0.21580 0.21197 0.02469 0.00827 0.00959 -0.02856 0.99951
1726497663.274583101 0.21488 0.21060 0.02491 0.00904 0.00875 -0.02873 0.99951
1726497663.284583330 0.21402 0.20925 0.02506 0.00981 0.00792 -0.02883 0.99950
1726497663.294583321 0.21320 0.20791 0.02514 0.01059 0.00711 -0.02885 0.99950
1726497663.304583311 0.21245 0.20660 0.02515 0.01136 0.00633 -0.02878 0.99950
1726497663.314583063 0.21174 0.20532 0.02509 0.01211 0.00556 -0.02861 0.99950
1726497663.324583292 0.21110 0.20406 0.02495 0.01283 0.00482 -0.02834 0.99950
1726497663.334583521 0.21052 0.20285 0.02473 0.01353 0.00410 -0.02795 0.99951
1726497663.344583273 0.21001 0.20167 0.02443 0.01418 0.00341 -0.02744 0.99952
1726497663.354583263 0.20956 0.20053 0.02407 0.01479 0.00275 -0.02684 0.99953
1726497663.364583254 0.20918 0.19943 0.02366 0.01535 0.00213 -0.02618 0.99954
1726497663.374583483 0.20888 0.19838 0.02322 0.01588 0.00155 -0.02551 0.99955
1726497663.384583235 0.20867 0.19736 0.02277 0.01636 0.00101 -0.02487 0.99956
1726497663.394583225 0.20854 0.19639 0.02233 0.01679 0.00053 -0.02428 0.99956
1726497663.404583216 0.20849 0.19547 0.02191 0.01718 0.00010 -0.02380 0.99957
1726497663.414583445 0.20855 0.19459 0.02154 0.01753 -0.00026 -0.02346 0.99957
1726497663.424583197 0.20870 0.19375 0.02124 0.01783 -0.00056 -0.02329 0.99957
1726497663.434583187 0.20895 0.19296 0.02101 0.01809 -0.00079 -0.02334 0.99956
1726497663.444583178 0.20931 0.19222 0.02087 0.01830 -0.00095 -0.02363 0.99955
1726497663.454583406 0.20978 0.19153 0.02082 0.01847 -0.00103 -0.02412 0.99954
1726497663.464583158 0.21036 0.19090 0.02085 0.01859 -0.00104 -0.02480 0.99952
1726497663.474583149 0.21104 0.19032 0.02092 0.01867 -0.00097 -0.02560 0.99950
1726497663.484583378 0.21183 0.18981 0.02104 0.01869 -0.00084 -0.02649 0.99947
1726497663.494583368 0.21272 0.18936 0.02119 0.01867 -0.00064 -0.02743 0.99945
1726497663.504583359 0.21372 0.18898 0.02135 0.01860 -0.00037 -0.02837 0.99942
1726497663.514583111 0.21483 0.18868 0.02152 0.01848 -0.00003 -0.02929 0.99940
1726497663.524583340 0.21604 0.18845 0.02166 0.01830 0.00037 -0.03012 0.99938
1726497663.534583330 0.21736 0.18831 0.02179 0.01808 0.00084 -0.03085 0.99936
1726497663.544583321 0.21878 0.18825 0.02187 0.01781 0.00137 -0.03143 0.99935
1726497663.554583073 0.22030 0.18827 0.02191 0.01748 0.00197 -0.03185 0.99934
1726497663.564583302 0.22192 0.18838 0.02192 0.01710 0.00261 -0.03214 0.99933
1726497663.574583292 0.22363 0.18857 0.02190 0.01666 0.00331 -0.03229 0.99933
1726497663.584583282 0.22542 0.18885 0.02185 0.01616 0.00406 -0.03232 0.99934
1726497663.594583035 0.22729 0.18920 0.02178 0.01561 0.00486 -0.03223 0.99935
1726497663.604583263 0.22923 0.18965 0.02169 0.01499 0.00569 -0.03202 0.99936
1726497663.614583492 0.23124 0.19017 0.02158 0.01431 0.00656 -0.03171 0.99937
1726497663.624583244 0.23332 0.19078 0.02146 0.01356 0.00746 -0.03131 0.99939
1726497663.634583235 0.23545 0.19147 0.02133 0.01275 0.00840 -0.03081 0.99941
1726497663.644583225 0.23763 0.19224 0.02120 0.01187 0.00935 -0.03023 0.99943
1726497663.654583454 0.23985 0.19307 0.02106 0.01093 0.01033 -0.02955 0.99945
1726497663.664583206 0.24210 0.19396 0.02092 0.00995 0.01132 -0.02874 0.99947
1726497663.674583197 0.24435 0.19489 0.02077 0.00894 0.01232 -0.02779 0.99950
1726497663.684583187 0.24660 0.19585 0.02062 0.00791 0.01332 -0.02667 0.99952
1726497663.694583416 0.24883 0.19682 0.02048 0.00687 0.01432 -0.02538 0.99955
1726497663.704583168 0.25102 0.19779 0.02033 0.00584 0.01531 -0.02388 0.99958
1726497663.714583158 0.25316 0.19875 0.02019 0.00482 0.01629 -0.02215 0.99961
1726497663.724583387 0.25524 0.19968 0.02005 0.00383 0.01725 -0.02018 0.99964
1726497663.734583378 0.25724 0.20057 0.01992 0.00289 0.01819 -0.01795 0.99967
1726497663.744583368 0.25915 0.20141 0.01978 0.00200 0.01909 -0.01544 0.99970
1726497663.754583120 0.26098 0.20223 0.01965 0.00115 0.01997 -0.01267 0.99972
1726497663.764583349 0.26275 0.20307 0.01949 0.00035 0.02080 -0.00965 0.99974
1726497663.774583340 0.26448 0.20398 0.01929 -0.00041 0.02160 -0.00641 0.99975
1726497663.784583330 0.26617 0.20498 0.01905 -0.00115 0.02235 -0.00297 0.99975
1726497663.794583082 0.26784 0.20611 0.01874 -0.00185 0.02306 0.00065 0.99973
1726497663.804583311 0.26948 0.20736 0.01830 -0.00254 0.02370 0.00439 0.99971
1726497663.814583302 0.27109 0.20873 0.01769 -0.00322 0.02427 0.00821 0.99967
1726497663.824583292 0.27266 0.21020 0.01684 -0.00389 0.02475 0.01206 0.99961
1726497663.834583044 0.27418 0.21175 0.01568 -0.00458 0.02512 0.01587 0.99955
1726497663.844583273 0.27564 0.21338 0.01420 -0.00528 0.02538 0.01962 0.99947
1726497663.854583502 0.27704 0.21506 0.01248 -0.00599 0.02554 0.02331 0.99938
1726497663.864583254 0.27838 0.21678 0.01065 -0.00669 0.02562 0.02696 0.99929
1726497663.874583244 0.27967 0.21852 0.00884 -0.00738 0.02565 0.03061 0.99917
1726497663.884583235 0.28089 0.22025 0.00716 -0.00803 0.02565 0.03427 0.99905
1726497663.894583464 0.28206 0.22196 0.00572 -0.00866 0.02563 0.03796 0.99891
1726497663.904583216 0.28318 0.22360 0.00452 -0.00926 0.02561 0.04169 0.99876
1726497663.914583206 0.28426 0.22513 0.00352 -0.00986 0.02558 0.04548 0.99859
1726497663.924583197 0.28533 0.22650 0.00271 -0.01048 0.02554 0.04933 0.99840
1726497663.934583426 0.28639 0.22768 0.00204 -0.01113 0.02550 0.05326 0.99819
1726497663.944583178 0.28745 0.22864 0.00150 -0.01185 0.02546 0.05726 0.99796
1726497663.954583168 0.28850 0.22947 0.00102 -0.01260 0.02541 0.06135 0.99771
1726497663.964583158 0.28951 0.23027 0.00056 -0.01339 0.02535 0.06553 0.99744
1726497663.974583387 0.29045 0.23114 0.00005 -0.01420 0.02527 0.06982 0.99714
1726497663.984583378 0.29130 0.23220 -0.00055 -0.01500 0.02517 0.07423 0.99681
1726497663.994583130 0.29205 0.23351 -0.00128 -0.01580 0.02504 0.07875 0.99645
1726497664.004583359 0.29270 0.23507 -0.00214 -0.01661 0.02490 0.08336 0.99607
1726497664.014583349 0.29327 0.23683 -0.00308 -0.01743 0.02473 0.08801 0.99566
1726497664.024583340 0.29377 0.23873 -0.00409 -0.01830 0.02456 0.09266 0.99523
1726497664.034583092 0.29423 0.24073 -0.00513 -0.01923 0.02438 0.09728 0.99477
1726497664.044583321 0.29464 0.24280 -0.00614 -0.02023 0.02420 0.10184 0.99430
1726497664.054583311 0.29494 0.24491 -0.00687 -0.02127 0.02402 0.10640 0.99381
1726497664.064583302 0.29506 0.24706 -0.00707 -0.02232 0.02382 0.11105 0.99328
1726497664.074583054 0.29493 0.24923 -0.00651 -0.02336 0.02360 0.11585 0.99271
1726497664.084583282 0.29460 0.25142 -0.00538 -0.02439 0.02336 0.12085 0.99210
1726497664.094583511 0.29421 0.25363 -0.00417 -0.02542 0.02309 0.12607 0.99143
1726497664.104583263 0.29388 0.25585 -0.00338 -0.02646 0.02281 0.13152 0.99070
1726497664.114583254 0.29367 0.25807 -0.00322 -0.02753 0.02251 0.13719 0.98991
1726497664.124583244 0.29354 0.26031 -0.00352 -0.02862 0.02220 0.14304 0.98905
1726497664.134583473 0.29344 0.26255 -0.00404 -0.02974 0.02189 0.14902 0.98814
1726497664.144583225 0.29329 0.26475 -0.00460 -0.03088 0.02160 0.15510 0.98718
1726497664.154583216 0.29289 0.26666 -0.00520 -0.03203 0.02134 0.16122 0.98617
1726497664.164583206 0.29203 0.26799 -0.00587 -0.03316 0.02116 0.16736 0.98511
1726497664.174583435 0.29049 0.26847 -0.00661 -0.03427 0.02106 0.17347 0.98402
1726497664.184583187 0.28847 0.26834 -0.00741 -0.03534 0.02104 0.17958 0.98288
1726497664.194583178 0.28637 0.26811 -0.00820 -0.03638 0.02106 0.18573 0.98170
1726497664.204583168 0.28461 0.26832 -0.00893 -0.03738 0.02106 0.19196 0.98046
1726497664.214583397 0.28337 0.26919 -0.00955 -0.03835 0.02103 0.19828 0.97917
1726497664.224583387 0.28249 0.27050 -0.01011 -0.03927 0.02093 0.20462 0.97783
1726497664.234583139 0.28178 0.27200 -0.01060 -0.04010 0.02076 0.21091 0.97646
1726497664.244583368 0.28110 0.27348 -0.01110 -0.04086 0.02050 0.21709 0.97508
1726497664.254583359 0.28051 0.27504 -0.01176 -0.04156 0.02010 0.22318 0.97368
1726497664.264583349 0.28013 0.27681 -0.01276 -0.04224 0.01952 0.22921 0.97227
1726497664.274583101 0.28005 0.27892 -0.01427 -0.04295 0.01872 0.23518 0.97082
1726497664.284583330 0.28018 0.28125 -0.01614 -0.04367 0.01775 0.24111 0.96935
1726497664.294583321 0.28028 0.28352 -0.01805 -0.04436 0.01673 0.24700 0.96785
1726497664.304583311 0.28013 0.28544 -0.01964 -0.04499 0.01578 0.25285 0.96633
1726497664.314583063 0.27963 0.28690 -0.02078 -0.04554 0.01495 0.25865 0.96478
1726497664.324583292 0.27887 0.28799 -0.02159 -0.04600 0.01417 0.26443 0.96320
1726497664.334583521 0.27796 0.28887 -0.02225 -0.04635 0.01339 0.27020 0.96160
1726497664.344583273 0.27696 0.28965 -0.02288 -0.04661 0.01257 0.27597 0.95995
1726497664.354583263 0.27570 0.29038 -0.02343 -0.04674 0.01173 0.28177 0.95827
1726497664.364583254 0.27400 0.29108 -0.02378 -0.04672 0.01093 0.28761 0.95654
1726497664.374583483 0.27166 0.29179 -0.02387 -0.04655 0.01022 0.29352 0.95476
1726497664.384583235 0.26887 0.29250 -0.02378 -0.04628 0.00959 0.29942 0.95295
1726497664.394583225 0.26606 0.29318 -0.02375 -0.04602 0.00897 0.30515 0.95115
1726497664.404583216 0.26365 0.29382 -0.02399 -0.04587 0.00830 0.31058 0.94940
1726497664.414583445 0.26181 0.29437 -0.02461 -0.04589 0.00757 0.31567 0.94773
1726497664.424583197 0.26033 0.29481 -0.02549 -0.04605 0.00681 0.32055 0.94609
1726497664.434583187 0.25896 0.29511 -0.02652 -0.04630 0.00608 0.32534 0.94444
1726497664.444583178 0.25750 0.29524 -0.02758 -0.04662 0.00544 0.33017 0.94275
1726497664.454583406 0.25595 0.29526 -0.02867 -0.04698 0.00486 0.33499 0.94104
1726497664.464583158 0.25438 0.29522 -0.02977 -0.04737 0.00434 0.33974 0.93932
1726497664.474583149 0.25283 0.29518 -0.03088 -0.04776 0.00384 0.34436 0.93761
1726497664.484583378 0.25137 0.29521 -0.03202 -0.04815 0.00336 0.34880 0.93596
1726497664.494583368 0.25003 0.29534 -0.03316 -0.04851 0.00287 0.35298 0.93437
1726497664.504583359 0.24878 0.29552 -0.03424 -0.04885 0.00239 0.35693 0.93285
1726497664.514583111 0.24759 0.29567 -0.03518 -0.04918 0.00192 0.36062 0.93141
1726497664.524583340 0.24641 0.29570 -0.03592 -0.04951 0.00149 0.36409 0.93005
1726497664.534583330 0.24520 0.29554 -0.03638 -0.04983 0.00110 0.36732 0.92876
1726497664.544583321 0.24393 0.29514 -0.03651 -0.05016 0.00077 0.37032 0.92755
1726497664.554583073 0.24261 0.29457 -0.03641 -0.05048 0.00047 0.37308 0.92642
1726497664.564583302 0.24126 0.29393 -0.03623 -0.05079 0.00021 0.37561 0.92539
1726497664.574583292 0.23992 0.29332 -0.03608 -0.05107 -0.00004 0.37788 0.92444
1726497664.584583282 0.23859 0.29284 -0.03611 -0.05132 -0.00029 0.37989 0.92360
1726497664.594583035 0.23731 0.29256 -0.03642 -0.05152 -0.00056 0.38165 0.92287
1726497664.604583263 0.23607 0.29246 -0.03695 -0.05168 -0.00084 0.38322 0.92221
1726497664.614583492 0.23487 0.29246 -0.03763 -0.05180 -0.00112 0.38467 0.92160
1726497664.624583244 0.23373 0.29251 -0.03836 -0.05187 -0.00140 0.38607 0.92101
1726497664.634583235 0.23264 0.29255 -0.03906 -0.05190 -0.00166 0.38751 0.92040
1726497664.644583225 0.23160 0.29253 -0.03967 -0.05189 -0.00190 0.38904 0.91976
1726497664.654583454 0.23061 0.29245 -0.04017 -0.05185 -0.00212 0.39063 0.91908
1726497664.664583206 0.22968 0.29232 -0.04059 -0.05179 -0.00233 0.39223 0.91841
1726497664.674583197 0.22881 0.29216 -0.04093 -0.05171 -0.00252 0.39378 0.91775
1726497664.684583187 0.22800 0.29198 -0.04120 -0.05164 -0.00269 0.39524 0.91712
1726497664.694583416 0.22726 0.29180 -0.04142 -0.05157 -0.00286 0.39656 0.91656
1726497664.704583168 0.22659 0.29162 -0.04160 -0.05152 -0.00302 0.39768 0.91607
1726497664.714583158 0.22599 0.29146 -0.04175 -0.05150 -0.00316 0.39857 0.91569
1726497664.724583387 0.22547 0.29134 -0.04188 -0.05151 -0.00331 0.39916 0.91543
1726497664.734583378 0.22502 0.29126 -0.04200 -0.05157 -0.00345 0.39940 0.91532
1726497664.744583368 0.22466 0.29124 -0.04212 -0.05168 -0.00359 0.39927 0.91537
1726497664.754583120 0.22436 0.29128 -0.04224 -0.05184 -0.00373 0.39876 0.91558
1726497664.764583349 0.22413 0.29137 -0.04235 -0.05204 -0.00386 0.39792 0.91593
1726497664.774583340 0.22395 0.29151 -0.04244 -0.05226 -0.00398 0.39677 0.91642
1726497664.784583330 0.22382 0.29170 -0.04249 -0.05251 -0.00409 0.39532 0.91703
1726497664.794583082 0.22372 0.29193 -0.04250 -0.05277 -0.00419 0.39361 0.91775
1726497664.804583311 0.22365 0.29220 -0.04247 -0.05303 -0.00428 0.39166 0.91857
1726497664.814583302 0.22360 0.29250 -0.04237 -0.05329 -0.00434 0.38950 0.91947
1726497664.824583292 0.22356 0.29284 -0.04221 -0.05353 -0.00439 0.38716 0.92045
1726497664.834583044 0.22351 0.29321 -0.04196 -0.05375 -0.00442 0.38466 0.92148
1726497664.844583273 0.22346 0.29361 -0.04164 -0.05394 -0.00442 0.38201 0.92257
1726497664.854583502 0.22343 0.29402 -0.04125 -0.05411 -0.00439 0.37922 0.92371
1726497664.864583254 0.22343 0.29445 -0.04083 -0.05428 -0.00434 0.37627 0.92491
1726497664.874583244 0.22349 0.29490 -0.04039 -0.05445 -0.00427 0.37313 0.92617
1726497664.884583235 0.22363 0.29534 -0.03997 -0.05465 -0.00416 0.36981 0.92749
1726497664.894583464 0.22387 0.29578 -0.03958 -0.05488 -0.00403 0.36627 0.92888
1726497664.904583216 0.22417 0.29619 -0.03925 -0.05515 -0.00390 0.36255 0.93032
1726497664.914583206 0.22451 0.29651 -0.03899 -0.05544 -0.00377 0.35863 0.93182
1726497664.924583197 0.22483 0.29673 -0.03883 -0.05574 -0.00367 0.35455 0.93337
1726497664.934583426 0.22511 0.29678 -0.03878 -0.05606 -0.00363 0.35032 0.93494
1726497664.944583178 0.22532 0.29666 -0.03886 -0.05637 -0.00364 0.34594 0.93655
1726497664.954583168 0.22547 0.29642 -0.03899 -0.05669 -0.00371 0.34147 0.93818
1726497664.964583158 0.22561 0.29611 -0.03911 -0.05699 -0.00383 0.33692 0.93980
1726497664.974583387 0.22574 0.29582 -0.03913 -0.05727 -0.00396 0.33236 0.94141
1726497664.984583378 0.22592 0.29559 -0.03898 -0.05753 -0.00412 0.32780 0.94299
1726497664.994583130 0.22615 0.29549 -0.03860 -0.05775 -0.00427 0.32329 0.94453
1726497665.004583359 0.22647 0.29551 -0.03802 -0.05794 -0.00442 0.31884 0.94603
1726497665.014583349 0.22689 0.29565 -0.03729 -0.05810 -0.00456 0.31445 0.94748
1726497665.024583340 0.22744 0.29589 -0.03646 -0.05823 -0.00468 0.31012 0.94890
1726497665.034583092 0.22813 0.29622 -0.03557 -0.05833 -0.00477 0.30585 0.95028
1726497665.044583321 0.22897 0.29661 -0.03466 -0.05840 -0.00484 0.30165 0.95162
1726497665.054583311 0.22993 0.29704 -0.03372 -0.05843 -0.00490 0.29748 0.95293
1726497665.064583302 0.23094 0.29744 -0.03273 -0.05842 -0.00497 0.29328 0.95423
1726497665.074583054 0.23198 0.29779 -0.03167 -0.05835 -0.00507 0.28901 0.95553
1726497665.084583282 0.23298 0.29802 -0.03052 -0.05823 -0.00523 0.28463 0.95685
1726497665.094583511 0.23391 0.29812 -0.02927 -0.05805 -0.00547 0.28010 0.95820
1726497665.104583263 0.23479 0.29808 -0.02793 -0.05781 -0.00575 0.27535 0.95959
1726497665.114583254 0.23563 0.29795 -0.02651 -0.05751 -0.00605 0.27034 0.96103
1726497665.124583244 0.23647 0.29775 -0.02505 -0.05715 -0.00635 0.26501 0.96253
1726497665.134583473 0.23733 0.29750 -0.02355 -0.05676 -0.00662 0.25931 0.96410
1726497665.144583225 0.23822 0.29720 -0.02203 -0.05633 -0.00684 0.25323 0.96574
1726497665.154583216 0.23911 0.29664 -0.02046 -0.05589 -0.00704 0.24694 0.96739
1726497665.164583206 0.23995 0.29559 -0.01879 -0.05548 -0.00724 0.24065 0.96900
1726497665.174583435 0.24070 0.29384 -0.01699 -0.05513 -0.00747 0.23456 0.97051
1726497665.184583187 0.24138 0.29158 -0.01511 -0.05482 -0.00771 0.22871 0.97192
1726497665.194583178 0.24205 0.28925 -0.01322 -0.05451 -0.00790 0.22303 0.97325
1726497665.204583168 0.24278 0.28727 -0.01141 -0.05417 -0.00799 0.21747 0.97453
1726497665.214583397 0.24356 0.28582 -0.00976 -0.05376 -0.00796 0.21200 0.97576
1726497665.224583387 0.24424 0.28470 -0.00831 -0.05328 -0.00785 0.20666 0.97693
1726497665.234583139 0.24467 0.28365 -0.00711 -0.05272 -0.00773 0.20148 0.97804
1726497665.244583368 0.24475 0.28247 -0.00618 -0.05208 -0.00763 0.19651 0.97909
1726497665.254583359 0.24456 0.28117 -0.00544 -0.05139 -0.00753 0.19173 0.98007
1726497665.264583349 0.24424 0.27982 -0.00481 -0.05068 -0.00743 0.18713 0.98100
1726497665.274583101 0.24392 0.27847 -0.00421 -0.04999 -0.00729 0.18270 0.98187
1726497665.284583330 0.24372 0.27718 -0.00354 -0.04934 -0.00710 0.17843 0.98269
1726497665.294583321 0.24375 0.27599 -0.00273 -0.04877 -0.00684 0.17428 0.98346
1726497665.304583311 0.24400 0.27490 -0.00179 -0.04826 -0.00653 0.17019 0.98421
1726497665.314583063 0.24441 0.27389 -0.00076 -0.04783 -0.00619 0.16605 0.98494
1726497665.324583292 0.24494 0.27295 0.00033 -0.04745 -0.00585 0.16178 0.98567
1726497665.334583521 0.24554 0.27204 0.00145 -0.04712 -0.00552 0.15730 0.98641
1726497665.344583273 0.24618 0.27116 0.00257 -0.04684 -0.00524 0.15252 0.98718
1726497665.354583263 0.24693 0.27039 0.00370 -0.04658 -0.00500 0.14752 0.98795
1726497665.364583254 0.24786 0.26981 0.00482 -0.04632 -0.00482 0.14236 0.98872
1726497665.374583483 0.24904 0.26948 0.00596 -0.04602 -0.00471 0.13713 0.98947
1726497665.384583235 0.25038 0.26933 0.00710 -0.04570 -0.00464 0.13187 0.99020
1726497665.394583225 0.25171 0.26919 0.00826 -0.04534 -0.00458 0.12662 0.99090
1726497665.404583216 0.25285 0.26890 0.00941 -0.04495 -0.00448 0.12142 0.99157
1726497665.414583445 0.25373 0.26839 0.01056 -0.04454 -0.00436 0.11627 0.99221
1726497665.424583197 0.25443 0.26773 0.01171 -0.04415 -0.00424 0.11111 0.99282
1726497665.434583187 0.25502 0.26699 0.01286 -0.04380 -0.00417 0.10586 0.99341
1726497665.444583178 0.25557 0.26623 0.01401 -0.04351 -0.00420 0.10049 0.99398
1726497665.454583406 0.25593 0.26539 0.01524 -0.04325 -0.00430 0.09503 0.99453
1726497665.464583158 0.25594 0.26437 0.01662 -0.04296 -0.00440 0.08954 0.99505
1726497665.474583149 0.25543 0.26310 0.01821 -0.04259 -0.00448 0.08410 0.99554
1726497665.484583378 0.25454 0.26165 0.01998 -0.04213 -0.00454 0.07873 0.99599
1726497665.494583368 0.25359 0.26016 0.02177 -0.04161 -0.00458 0.07347 0.99642
1726497665.504583359 0.25290 0.25880 0.02344 -0.04104 -0.00464 0.06834 0.99681
1726497665.514583111 0.25262 0.25765 0.02491 -0.04043 -0.00471 0.06336 0.99716
1726497665.524583340 0.25263 0.25672 0.02615 -0.03985 -0.00479 0.05852 0.99748
1726497665.534583330 0.25280 0.25600 0.02713 -0.03932 -0.00485 0.05381 0.99777
1726497665.544583321 0.25299 0.25546 0.02787 -0.03887 -0.00489 0.04922 0.99802
1726497665.554583073 0.25320 0.25504 0.02843 -0.03850 -0.00490 0.04472 0.99825
1726497665.564583302 0.25341 0.25469 0.02889 -0.03817 -0.00488 0.04028 0.99845
1726497665.574583292 0.25363 0.25433 0.02935 -0.03785 -0.00484 0.03588 0.99863
1726497665.584583282 0.25386 0.25389 0.02990 -0.03753 -0.00478 0.03149 0.99879
1726497665.594583035 0.25408 0.25334 0.03059 -0.03717 -0.00469 0.02707 0.99893
1726497665.604583263 0.25431 0.25267 0.03142 -0.03680 -0.00459 0.02259 0.99906
1726497665.614583492 0.25455 0.25192 0.03232 -0.03643 -0.00446 0.01802 0.99916
1726497665.624583244 0.25482 0.25111 0.03327 -0.03609 -0.00432 0.01331 0.99925
1726497665.634583235 0.25512 0.25029 0.03420 -0.03579 -0.00415 0.00842 0.99932
1726497665.644583225 0.25544 0.24946 0.03508 -0.03554 -0.00397 0.00335 0.99935
1726497665.654583454 0.25571 0.24866 0.03577 -0.03531 -0.00381 -0.00190 0.99937
1726497665.664583206 0.25586 0.24793 0.03615 -0.03504 -0.00371 -0.00729 0.99935
1726497665.674583197 0.25580 0.24729 0.03611 -0.03469 -0.00371 -0.01277 0.99931
1726497665.684583187 0.25560 0.24670 0.03576 -0.03428 -0.00379 -0.01828 0.99924
1726497665.694583416 0.25537 0.24613 0.03535 -0.03386 -0.00392 -0.02377 0.99914
1726497665.704583168 0.25523 0.24551 0.03514 -0.03349 -0.00405 -0.02917 0.99901
1726497665.714583158 0.25525 0.24482 0.03526 -0.03319 -0.00415 -0.03449 0.99885
1726497665.724583387 0.25537 0.24408 0.03560 -0.03293 -0.00426 -0.03987 0.99865
1726497665.734583378 0.25556 0.24333 0.03607 -0.03267 -0.00441 -0.04545 0.99842
1726497665.744583368 0.25576 0.24257 0.03657 -0.03239 -0.00462 -0.05133 0.99815
1726497665.754583120 0.25596 0.24177 0.03714 -0.03210 -0.00489 -0.05740 0.99782
1726497665.764583349 0.25616 0.24087 0.03784 -0.03179 -0.00522 -0.06349 0.99746
1726497665.774583340 0.25634 0.23984 0.03872 -0.03148 -0.00560 -0.06947 0.99707
1726497665.784583330 0.25650 0.23871 0.03971 -0.03120 -0.00603 -0.07529 0.99665
1726497665.794583082 0.25665 0.23759 0.04070 -0.03095 -0.00648 -0.08099 0.99621
1726497665.804583311 0.25678 0.23658 0.04155 -0.03075 -0.00695 -0.08661 0.99574
1726497665.814583302 0.25690 0.23571 0.04220 -0.03061 -0.00742 -0.09218 0.99524
1726497665.824583292 0.25701 0.23495 0.04272 -0.03050 -0.00789 -0.09774 0.99471
1726497665.834583044 0.25711 0.23426 0.04315 -0.03039 -0.00836 -0.10333 0.99415
1726497665.844583273 0.25718 0.23357 0.04353 -0.03025 -0.00883 -0.10898 0.99354
1726497665.854583502 0.25713 0.23277 0.04372 -0.03009 -0.00929 -0.11467 0.99290
1726497665.864583254 0.25687 0.23174 0.04356 -0.02992 -0.00974 -0.12033 0.99223
1726497665.874583244 0.25629 0.23037 0.04292 -0.02974 -0.01020 -0.12595 0.99154
1726497665.884583235 0.25548 0.22874 0.04193 -0.02954 -0.01066 -0.13148 0.99082
1726497665.894583464 0.25464 0.22708 0.04089 -0.02932 -0.01112 -0.13691 0.99009
1726497665.904583216 0.25397 0.22562 0.04012 -0.02906 -0.01159 -0.14223 0.98934
1726497665.914583206 0.25355 0.22448 0.03974 -0.02875 -0.01207 -0.14742 0.98858
1726497665.924583197 0.25331 0.22365 0.03966 -0.02839 -0.01254 -0.15252 0.98781
1726497665.934583426 0.25313 0.22309 0.03973 -0.02797 -0.01299 -0.15756 0.98703
1726497665.944583178 0.25294 0.22278 0.03983 -0.02751 -0.01342 -0.16256 0.98622
1726497665.954583168 0.25272 0.22263 0.03994 -0.02699 -0.01382 -0.16751 0.98540
1726497665.964583158 0.25248 0.22254 0.04005 -0.02644 -0.01421 -0.17237 0.98457
1726497665.974583387 0.25221 0.22244 0.04014 -0.02584 -0.01460 -0.17713 0.98374
1726497665.984583378 0.25192 0.22222 0.04021 -0.02521 -0.01500 -0.18175 0.98291
1726497665.994583130 0.25161 0.22181 0.04025 -0.02455 -0.01542 -0.18623 0.98208
1726497666.004583359 0.25125 0.22118 0.04031 -0.02386 -0.01585 -0.19055 0.98126
1726497666.014583349 0.25079 0.22031 0.04042 -0.02315 -0.01626 -0.19474 0.98045
1726497666.024583340 0.25021 0.21917 0.04063 -0.02243 -0.01667 -0.19881 0.97964
1726497666.034583092 0.24947 0.21776 0.04098 -0.02170 -0.01704 -0.20277 0.97884
1726497666.044583321 0.24854 0.21607 0.04149 -0.02096 -0.01736 -0.20664 0.97804
1726497666.054583311 0.24748 0.21419 0.04213 -0.02023 -0.01766 -0.21039 0.97725
1726497666.064583302 0.24635 0.21224 0.04281 -0.01949 -0.01793 -0.21402 0.97647
1726497666.074583054 0.24522 0.21031 0.04347 -0.01878 -0.01817 -0.21751 0.97571
1726497666.084583282 0.24417 0.20853 0.04404 -0.01808 -0.01841 -0.22085 0.97497
1726497666.094583511 0.24324 0.20697 0.04447 -0.01740 -0.01865 -0.22403 0.97425
1726497666.104583263 0.24245 0.20565 0.04477 -0.01674 -0.01888 -0.22707 0.97355
1726497666.114583254 0.24182 0.20452 0.04498 -0.01610 -0.01908 -0.23001 0.97287
1726497666.124583244 0.24134 0.20357 0.04512 -0.01547 -0.01925 -0.23287 0.97219
1726497666.134583473 0.24103 0.20277 0.04523 -0.01485 -0.01938 -0.23569 0.97152
1726497666.144583225 0.24089 0.20208 0.04533 -0.01422 -0.01947 -0.23848 0.97085
1726497666.154583216 0.24087 0.20147 0.04541 -0.01361 -0.01951 -0.24124 0.97017
1726497666.164583206 0.24094 0.20088 0.04545 -0.01301 -0.01952 -0.24396 0.96950
1726497666.174583435 0.24104 0.20025 0.04543 -0.01244 -0.01952 -0.24661 0.96884
1726497666.184583187 0.24113 0.19954 0.04532 -0.01191 -0.01951 -0.24919 0.96819
1726497666.194583178 0.24117 0.19871 0.04513 -0.01142 -0.01950 -0.25167 0.96755
1726497666.204583168 0.24117 0.19779 0.04486 -0.01097 -0.01949 -0.25406 0.96693
1726497666.214583397 0.24110 0.19682 0.04454 -0.01056 -0.01948 -0.25637 0.96633
1726497666.224583387 0.24098 0.19585 0.04420 -0.01017 -0.01945 -0.25860 0.96574
1726497666.234583139 0.24080 0.19492 0.04386 -0.00979 -0.01939 -0.26075 0.96516
1726497666.244583368 0.24057 0.19407 0.04355 -0.00944 -0.01931 -0.26284 0.96460
1726497666.254583359 0.24029 0.19331 0.04326 -0.00909 -0.01919 -0.26485 0.96406
1726497666.264583349 0.23998 0.19263 0.04301 -0.00877 -0.01905 -0.26679 0.96353
1726497666.274583101 0.23966 0.19202 0.04279 -0.00846 -0.01889 -0.26866 0.96301
1726497666.284583330 0.23933 0.19149 0.04260 -0.00817 -0.01870 -0.27044 0.96252
1726497666.294583321 0.23901 0.19103 0.04244 -0.00791 -0.01849 -0.27215 0.96204
1726497666.304583311 0.23871 0.19064 0.04232 -0.00767 -0.01827 -0.27377 0.96159
1726497666.314583063 0.23846 0.19031 0.04224 -0.00747 -0.01804 -0.27531 0.96116
1726497666.324583292 0.23825 0.19005 0.04219 -0.00729 -0.01779 -0.27676 0.96075
1726497666.334583521 0.23811 0.18984 0.04218 -0.00715 -0.01753 -0.27812 0.96036
1726497666.344583273 0.23805 0.18969 0.04221 -0.00704 -0.01726 -0.27939 0.96000
1726497666.354583263 0.23806 0.18959 0.04227 -0.00697 -0.01699 -0.28057 0.95966
1726497666.364583254 0.23814 0.18954 0.04236 -0.00692 -0.01671 -0.28167 0.95934
1726497666.374583483 0.23828 0.18955 0.04248 -0.00691 -0.01642 -0.28268 0.95905
1726497666.384583235 0.23849 0.18961 0.04262 -0.00692 -0.01613 -0.28362 0.95878
1726497666.394583225 0.23874 0.18971 0.04277 -0.00695 -0.01583 -0.28449 0.95852
1726497666.404583216 0.23904 0.18987 0.04293 -0.00701 -0.01553 -0.28529 0.95829
1726497666.414583445 0.23939 0.19007 0.04311 -0.00708 -0.01522 -0.28603 0.95807
1726497666.424583197 0.23977 0.19031 0.04328 -0.00716 -0.01491 -0.28671 0.95787
1726497666.434583187 0.24018 0.19061 0.04345 -0.00726 -0.01459 -0.28733 0.95769
1726497666.444583178 0.24062 0.19094 0.04362 -0.00737 -0.01427 -0.28790 0.95753
1726497666.454583406 0.24109 0.19131 0.04378 -0.00749 -0.01395 -0.28837 0.95739
1726497666.464583158 0.24157 0.19170 0.04392 -0.00764 -0.01363 -0.28870 0.95729
1726497666.474583149 0.24208 0.19210 0.04405 -0.00780 -0.01331 -0.28884 0.95725
1726497666.484583378 0.24261 0.19250 0.04416 -0.00799 -0.01299 -0.28876 0.95728
1726497666.494583368 0.24315 0.19290 0.04425 -0.00821 -0.01267 -0.28839 0.95739
1726497666.504583359 0.24371 0.19327 0.04431 -0.00847 -0.01236 -0.28770 0.95760
1726497666.514583111 0.24428 0.19362 0.04435 -0.00877 -0.01206 -0.28665 0.95792
1726497666.524583340 0.24485 0.19392 0.04436 -0.00912 -0.01176 -0.28518 0.95836
1726497666.534583330 0.24544 0.19417 0.04434 -0.00951 -0.01148 -0.28325 0.95893
1726497666.544583321 0.24603 0.19437 0.04429 -0.00996 -0.01121 -0.28083 0.95964
1726497666.554583073 0.24662 0.19457 0.04420 -0.01046 -0.01095 -0.27790 0.96049
1726497666.564583302 0.24721 0.19484 0.04407 -0.01104 -0.01072 -0.27449 0.96147
1726497666.574583292 0.24778 0.19524 0.04392 -0.01170 -0.01051 -0.27060 0.96256
1726497666.584583282 0.24834 0.19584 0.04374 -0.01244 -0.01033 -0.26624 0.96377
1726497666.594583035 0.24889 0.19667 0.04354 -0.01327 -0.01018 -0.26142 0.96508
1726497666.604583263 0.24941 0.19772 0.04331 -0.01417 -0.01006 -0.25616 0.96648
1726497666.614583492 0.24992 0.19893 0.04307 -0.01513 -0.00996 -0.25051 0.96794
1726497666.624583244 0.25042 0.20026 0.04282 -0.01613 -0.00988 -0.24450 0.96947
1726497666.634583235 0.25092 0.20165 0.04257 -0.01713 -0.00980 -0.23815 0.97103
1726497666.644583225 0.25145 0.20305 0.04234 -0.01813 -0.00972 -0.23151 0.97262
1726497666.654583454 0.25223 0.20433 0.04220 -0.01904 -0.00965 -0.22462 0.97421
1726497666.664583206 0.25352 0.20536 0.04223 -0.01981 -0.00960 -0.21753 0.97581
1726497666.674583197 0.25552 0.20602 0.04251 -0.02036 -0.00958 -0.21030 0.97738
1726497666.684583187 0.25807 0.20641 0.04299 -0.02074 -0.00956 -0.20298 0.97892
1726497666.694583416 0.26071 0.20674 0.04354 -0.02102 -0.00951 -0.19560 0.98041
1726497666.704583168 0.26301 0.20725 0.04402 -0.02130 -0.00940 -0.18822 0.98185
1726497666.714583158 0.26478 0.20804 0.04437 -0.02161 -0.00921 -0.18090 0.98322
1726497666.724583387 0.26619 0.20900 0.04464 -0.02190 -0.00895 -0.17373 0.98451
1726497666.734583378 0.26747 0.21002 0.04489 -0.02212 -0.00862 -0.16678 0.98571
1726497666.744583368 0.26878 0.21098 0.04515 -0.02221 -0.00825 -0.16015 0.98681
1726497666.754583120 0.27009 0.21190 0.04533 -0.02221 -0.00780 -0.15386 0.98781
1726497666.764583349 0.27130 0.21276 0.04533 -0.02213 -0.00724 -0.14795 0.98872
1726497666.774583340 0.27233 0.21358 0.04504 -0.02201 -0.00656 -0.14245 0.98954
1726497666.784583330 0.27329 0.21435 0.04454 -0.02184 -0.00573 -0.13733 0.99027
1726497666.794583082 0.27436 0.21506 0.04399 -0.02163 -0.00473 -0.13252 0.99093
1726497666.804583311 0.27575 0.21569 0.04358 -0.02135 -0.00353 -0.12797 0.99154
1726497666.814583302 0.27755 0.21622 0.04336 -0.02101 -0.00214 -0.12366 0.99210
1726497666.824583292 0.27964 0.21658 0.04323 -0.02064 -0.00058 -0.11960 0.99261
1726497666.834583044 0.28189 0.21674 0.04304 -0.02027 0.00109 -0.11582 0.99306
1726497666.844583273 0.28421 0.21664 0.04271 -0.01992 0.00287 -0.11235 0.99346
1726497666.854583502 0.28659 0.21635 0.04224 -0.01960 0.00473 -0.10918 0.99382
1726497666.864583254 0.28905 0.21592 0.04167 -0.01929 0.00667 -0.10631 0.99412
1726497666.874583244 0.29162 0.21542 0.04102 -0.01900 0.00869 -0.10373 0.99439
1726497666.884583235 0.29433 0.21492 0.04035 -0.01871 0.01077 -0.10144 0.99461
1726497666.894583464 0.29718 0.21446 0.03967 -0.01842 0.01292 -0.09942 0.99479
1726497666.904583216 0.30015 0.21405 0.03900 -0.01813 0.01511 -0.09765 0.99494
1726497666.914583206 0.30319 0.21368 0.03833 -0.01784 0.01733 -0.09609 0.99506
1726497666.924583197 0.30627 0.21333 0.03768 -0.01755 0.01957 -0.09469 0.99516
1726497666.934583426 0.30934 0.21298 0.03704 -0.01724 0.02180 -0.09341 0.99524
1726497666.944583178 0.31236 0.21263 0.03642 -0.01693 0.02402 -0.09223 0.99530
1726497666.954583168 0.31534 0.21228 0.03581 -0.01661 0.02622 -0.09112 0.99536
1726497666.964583158 0.31826 0.21191 0.03521 -0.01629 0.02839 -0.09007 0.99540
1726497666.974583387 0.32112 0.21153 0.03463 -0.01596 0.03052 -0.08908 0.99543
1726497666.984583378 0.32392 0.21115 0.03405 -0.01564 0.03261 -0.08814 0.99545
1726497666.994583130 0.32666 0.21076 0.03349 -0.01531 0.03465 -0.08724 0.99547
1726497667.004583359 0.32933 0.21036 0.03293 -0.01498 0.03665 -0.08635 0.99548
1726497667.014583349 0.33194 0.20995 0.03237 -0.01465 0.03858 -0.08549 0.99548
1726497667.024583340 0.33447 0.20952 0.03182 -0.01433 0.04046 -0.08463 0.99549
1726497667.034583092 0.33692 0.20909 0.03126 -0.01402 0.04226 -0.08376 0.99549
1726497667.044583321 0.33930 0.20865 0.03071 -0.01371 0.04399 -0.08288 0.99549
1726497667.054583311 0.34159 0.20820 0.03015 -0.01341 0.04565 -0.08200 0.99550
1726497667.064583302 0.34381 0.20776 0.02960 -0.01312 0.04724 -0.08112 0.99550
1726497667.074583054 0.34596 0.20733 0.02906 -0.01284 0.04877 -0.08027 0.99550
1726497667.084583282 0.34803 0.20692 0.02854 -0.01258 0.05023 -0.07944 0.99549
1726497667.094583511 0.35002 0.20653 0.02802 -0.01233 0.05163 -0.07865 0.99549
1726497667.104583263 0.35194 0.20618 0.02752 -0.01211 0.05297 -0.07792 0.99548
1726497667.114583254 0.35378 0.20588 0.02705 -0.01190 0.05425 -0.07724 0.99546
1726497667.124583244 0.35555 0.20562 0.02659 -0.01172 0.05549 -0.07664 0.99544
1726497667.134583473 0.35724 0.20542 0.02617 -0.01157 0.05667 -0.07612 0.99542
1726497667.144583225 0.35887 0.20528 0.02577 -0.01144 0.05780 -0.07570 0.99539
1726497667.154583216 0.36041 0.20520 0.02541 -0.01135 0.05888 -0.07535 0.99535
1726497667.164583206 0.36186 0.20518 0.02507 -0.01128 0.05989 -0.07506 0.99531
1726497667.174583435 0.36320 0.20521 0.02477 -0.01124 0.06084 -0.07482 0.99528
1726497667.184583187 0.36444 0.20530 0.02451 -0.01124 0.06171 -0.07461 0.99524
1726497667.194583178 0.36556 0.20543 0.02427 -0.01127 0.06250 -0.07442 0.99520
1726497667.204583168 0.36654 0.20560 0.02407 -0.01133 0.06320 -0.07422 0.99517
1726497667.214583397 0.36738 0.20582 0.02391 -0.01143 0.06380 -0.07400 0.99515
1726497667.224583387 0.36808 0.20607 0.02378 -0.01157 0.06430 -0.07374 0.99514
1726497667.234583139 0.36861 0.20635 0.02370 -0.01174 0.06469 -0.07344 0.99513
1726497667.244583368 0.36898 0.20666 0.02364 -0.01196 0.06496 -0.07307 0.99514
1726497667.254583359 0.36918 0.20700 0.02363 -0.01221 0.06511 -0.07262 0.99516
1726497667.264583349 0.36921 0.20739 0.02364 -0.01250 0.06515 -0.07211 0.99519
1726497667.274583101 0.36910 0.20782 0.02368 -0.01282 0.06506 -0.07151 0.99523
1726497667.284583330 0.36883 0.20830 0.02375 -0.01318 0.06485 -0.07084 0.99529
1726497667.294583321 0.36841 0.20885 0.02384 -0.01357 0.06451 -0.07008 0.99536
1726497667.304583311 0.36785 0.20945 0.02394 -0.01400 0.06405 -0.06924 0.99544
1726497667.314583063 0.36715 0.21013 0.02406 -0.01445 0.06346 -0.06831 0.99554
1726497667.324583292 0.36632 0.21088 0.02419 -0.01494 0.06275 -0.06729 0.99565
1726497667.334583521 0.36536 0.21172 0.02433 -0.01545 0.06190 -0.06617 0.99577
1726497667.344583273 0.36427 0.21264 0.02448 -0.01598 0.06093 -0.06495 0.99590
1726497667.354583263 0.36306 0.21363 0.02463 -0.01655 0.05983 -0.06365 0.99604
1726497667.364583254 0.36175 0.21469 0.02479 -0.01713 0.05862 -0.06228 0.99619
1726497667.374583483 0.36034 0.21581 0.02498 -0.01775 0.05732 -0.06084 0.99634
1726497667.384583235 0.35883 0.21697 0.02517 -0.01839 0.05593 -0.05935 0.99650
1726497667.394583225 0.35724 0.21816 0.02540 -0.01906 0.05446 -0.05783 0.99666
1726497667.404583216 0.35558 0.21936 0.02565 -0.01976 0.05292 -0.05627 0.99682
1726497667.414583445 0.35384 0.22058 0.02593 -0.02048 0.05133 -0.05470 0.99697
1726497667.424583197 0.35205 0.22180 0.02624 -0.02123 0.04969 -0.05313 0.99712
1726497667.434583187 0.35021 0.22300 0.02659 -0.02200 0.04801 -0.05156 0.99727
1726497667.444583178 0.34832 0.22418 0.02698 -0.02281 0.04631 -0.05002 0.99741
1726497667.454583406 0.34639 0.22534 0.02741 -0.02363 0.04459 -0.04850 0.99755
1726497667.464583158 0.34441 0.22648 0.02785 -0.02449 0.04284 -0.04700 0.99768
1726497667.474583149 0.34237 0.22761 0.02830 -0.02536 0.04105 -0.04555 0.99780
1726497667.484583378 0.34027 0.22873 0.02875 -0.02626 0.03924 -0.04413 0.99791
1726497667.494583368 0.33812 0.22985 0.02919 -0.02718 0.03740 -0.04275 0.99802
1726497667.504583359 0.33590 0.23097 0.02960 -0.02811 0.03552 -0.04142 0.99811
1726497667.514583111 0.33361 0.23210 0.02999 -0.02907 0.03360 -0.04015 0.99821
1726497667.524583340 0.33125 0.23324 0.03032 -0.03004 0.03165 -0.03893 0.99829
1726497667.534583330 0.32881 0.23440 0.03061 -0.03102 0.02965 -0.03777 0.99836
1726497667.544583321 0.32630 0.23557 0.03083 -0.03202 0.02761 -0.03668 0.99843
1726497667.554583073 0.32372 0.23677 0.03099 -0.03303 0.02554 -0.03566 0.99849
1726497667.564583302 0.32108 0.23799 0.03110 -0.03405 0.02344 -0.03471 0.99854
1726497667.574583292 0.31841 0.23924 0.03118 -0.03508 0.02132 -0.03384 0.99858
1726497667.584583282 0.31570 0.24051 0.03122 -0.03611 0.01918 -0.03305 0.99862
1726497667.594583035 0.31298 0.24182 0.03125 -0.03714 0.01703 -0.03234 0.99864
1726497667.604583263 0.31026 0.24315 0.03125 -0.03818 0.01488 -0.03171 0.99866
1726497667.614583492 0.30756 0.24452 0.03126 -0.03922 0.01273 -0.03118 0.99866
1726497667.624583244 0.30487 0.24592 0.03127 -0.04026 0.01060 -0.03074 0.99866
1726497667.634583235 0.30223 0.24736 0.03129 -0.04129 0.00848 -0.03039 0.99865
1726497667.644583225 0.29963 0.24884 0.03133 -0.04231 0.00638 -0.03014 0.99863
1726497667.654583454 0.29707 0.25034 0.03139 -0.04333 0.00431 -0.02997 0.99860
1726497667.664583206 0.29453 0.25184 0.03147 -0.04433 0.00225 -0.02988 0.99857
1726497667.674583197 0.29202 0.25333 0.03158 -0.04533 0.00022 -0.02984 0.99853
1726497667.684583187 0.28950 0.25479 0.03171 -0.04631 -0.00180 -0.02984 0.99848
1726497667.694583416 0.28699 0.25620 0.03186 -0.04728 -0.00381 -0.02986 0.99843
1726497667.704583168 0.28445 0.25755 0.03203 -0.04824 -0.00580 -0.02989 0.99837
1726497667.714583158 0.28189 0.25881 0.03222 -0.04917 -0.00778 -0.02992 0.99831
1726497667.724583387 0.27928 0.25998 0.03244 -0.05009 -0.00975 -0.02993 0.99825
1726497667.734583378 0.27663 0.26104 0.03268 -0.05099 -0.01171 -0.02991 0.99818
1726497667.744583368 0.27392 0.26196 0.03295 -0.05187 -0.01367 -0.02984 0.99811
1726497667.754583120 0.27115 0.26277 0.03322 -0.05273 -0.01562 -0.02971 0.99804
1726497667.764583349 0.26835 0.26348 0.03351 -0.05355 -0.01755 -0.02952 0.99797
1726497667.774583340 0.26553 0.26410 0.03378 -0.05434 -0.01947 -0.02925 0.99790
1726497667.784583330 0.26269 0.26465 0.03404 -0.05510 -0.02137 -0.02891 0.99783
1726497667.794583082 0.25985 0.26515 0.03428 -0.05582 -0.02324 -0.02847 0.99776
1726497667.804583311 0.25703 0.26560 0.03448 -0.05649 -0.02508 -0.02793 0.99770
1726497667.814583302 0.25423 0.26603 0.03464 -0.05712 -0.02689 -0.02728 0.99763
1726497667.824583292 0.25147 0.26645 0.03474 -0.05769 -0.02867 -0.02652 0.99757
1726497667.834583044 0.24876 0.26688 0.03478 -0.05822 -0.03041 -0.02564 0.99751
1726497667.844583273 0.24611 0.26732 0.03475 -0.05868 -0.03210 -0.02463 0.99746
1726497667.854583502 0.24353 0.26778 0.03465 -0.05910 -0.03375 -0.02351 0.99740
1726497667.864583254 0.24100 0.26826 0.03450 -0.05946 -0.03536 -0.02230 0.99735
1726497667.874583244 0.23854 0.26876 0.03431 -0.05977 -0.03693 -0.02104 0.99731
1726497667.884583235 0.23612 0.26926 0.03407 -0.06004 -0.03845 -0.01975 0.99726
1726497667.894583464 0.23377 0.26978 0.03381 -0.06028 -0.03993 -0.01845 0.99721
1726497667.904583216 0.23146 0.27031 0.03352 -0.06047 -0.04137 -0.01716 0.99716
1726497667.914583206 0.22920 0.27084 0.03323 -0.06063 -0.04278 -0.01591 0.99712
1726497667.924583197 0.22700 0.27137 0.03293 -0.06076 -0.04414 -0.01473 0.99707
1726497667.934583426 0.22484 0.27191 0.03263 -0.06086 -0.04546 -0.01364 0.99702
1726497667.944583178 0.22272 0.27244 0.03235 -0.06094 -0.04674 -0.01266 0.99697
1726497667.954583168 0.22066 0.27297 0.03209 -0.06100 -0.04798 -0.01178 0.99691
1726497667.964583158 0.21865 0.27349 0.03184 -0.06103 -0.04918 -0.01101 0.99686
1726497667.974583387 0.21670 0.27400 0.03161 -0.06105 -0.05033 -0.01032 0.99681
1726497667.984583378 0.21481 0.27449 0.03139 -0.06106 -0.05143 -0.00972 0.99676
1726497667.994583130 0.21300 0.27495 0.03119 -0.06105 -0.05249 -0.00919 0.99671
1726497668.004583359 0.21126 0.27539 0.03101 -0.06103 -0.05349 -0.00873 0.99666
1726497668.014583349 0.20960 0.27580 0.03084 -0.06101 -0.05444 -0.00832 0.99662
1726497668.024583340 0.20802 0.27616 0.03069 -0.06097 -0.05534 -0.00797 0.99657
1726497668.034583092 0.20654 0.27649 0.03056 -0.06093 -0.05617 -0.00766 0.99653
1726497668.044583321 0.20515 0.27678 0.03045 -0.06089 -0.05695 -0.00738 0.99649
1726497668.054583311 0.20385 0.27701 0.03035 -0.06084 -0.05767 -0.00712 0.99645
1726497668.064583302 0.20264 0.27719 0.03026 -0.06079 -0.05834 -0.00688 0.99642
1726497668.074583054 0.20151 0.27732 0.03018 -0.06073 -0.05895 -0.00665 0.99639
1726497668.084583282 0.20046 0.27738 0.03010 -0.06068 -0.05952 -0.00640 0.99636
1726497668.094583511 0.19948 0.27738 0.03001 -0.06063 -0.06004 -0.00614 0.99633
1726497668.104583263 0.19858 0.27731 0.02991 -0.06057 -0.06052 -0.00586 0.99631
1726497668.114583254 0.19775 0.27717 0.02980 -0.06052 -0.06095 -0.00554 0.99629
1726497668.124583244 0.19698 0.27696 0.02967 -0.06046 -0.06135 -0.00517 0.99627
1726497668.134583473 0.19626 0.27667 0.02951 -0.06041 -0.06171 -0.00474 0.99625
1726497668.144583225 0.19560 0.27630 0.02933 -0.06036 -0.06204 -0.00425 0.99624
1726497668.154583216 0.19499 0.27586 0.02913 -0.06032 -0.06234 -0.00370 0.99622
1726497668.164583206 0.19442 0.27537 0.02892 -0.06027 -0.06262 -0.00309 0.99621
1726497668.174583435 0.19387 0.27486 0.02869 -0.06023 -0.06287 -0.00244 0.99620
1726497668.184583187 0.19335 0.27433 0.02846 -0.06020 -0.06312 -0.00173 0.99619
1726497668.194583178 0.19284 0.27380 0.02823 -0.06017 -0.06335 -0.00098 0.99618
1726497668.204583168 0.19233 0.27329 0.02800 -0.06015 -0.06358 -0.00020 0.99616
1726497668.214583397 0.19181 0.27283 0.02780 -0.06014 -0.06381 0.00061 0.99615
1726497668.224583387 0.19128 0.27241 0.02761 -0.06014 -0.06404 0.00145 0.99613
1726497668.234583139 0.19073 0.27207 0.02745 -0.06014 -0.06428 0.00231 0.99612
1726497668.244583368 0.19014 0.27182 0.02732 -0.06015 -0.06454 0.00318 0.99610
1726497668.254583359 0.18953 0.27164 0.02721 -0.06017 -0.06481 0.00408 0.99607
1726497668.264583349 0.18889 0.27153 0.02712 -0.06020 -0.06509 0.00501 0.99605
1726497668.274583101 0.18822 0.27146 0.02703 -0.06024 -0.06540 0.00597 0.99602
1726497668.284583330 0.18753 0.27144 0.02695 -0.06028 -0.06572 0.00698 0.99599
1726497668.294583321 0.18682 0.27143 0.02686 -0.06033 -0.06607 0.00804 0.99596
1726497668.304583311 0.18608 0.27144 0.02675 -0.06038 -0.06645 0.00916 0.99592
1726497668.314583063 0.18534 0.27144 0.02662 -0.06044 -0.06685 0.01034 0.99588
1726497668.324583292 0.18457 0.27143 0.02646 -0.06050 -0.06727 0.01160 0.99583
1726497668.334583521 0.18379 0.27140 0.02627 -0.06056 -0.06773 0.01293 0.99578
1726497668.344583273 0.18300 0.27132 0.02602 -0.06063 -0.06822 0.01434 0.99572
1726497668.354583263 0.18220 0.27120 0.02573 -0.06069 -0.06874 0.01582 0.99566
1726497668.364583254 0.18137 0.27104 0.02540 -0.06074 -0.06928 0.01734 0.99560
1726497668.374583483 0.18053 0.27084 0.02503 -0.06079 -0.06986 0.01887 0.99552
1726497668.384583235 0.17967 0.27061 0.02463 -0.06082 -0.07046 0.02039 0.99545
1726497668.394583225 0.17878 0.27035 0.02419 -0.06083 -0.07109 0.02188 0.99537
1726497668.404583216 0.17786 0.27005 0.02372 -0.06082 -0.07174 0.02331 0.99529
1726497668.414583445 0.17692 0.26971 0.02322 -0.06079 -0.07242 0.02465 0.99521
1726497668.424583197 0.17594 0.26935 0.02269 -0.06073 -0.07312 0.02590 0.99514
1726497668.434583187 0.17492 0.26896 0.02214 -0.06064 -0.07385 0.02701 0.99506
1726497668.444583178 0.17387 0.26854 0.02157 -0.06051 -0.07459 0.02797 0.99498
1726497668.454583406 0.17277 0.26811 0.02097 -0.06035 -0.07536 0.02880 0.99491
1726497668.464583158 0.17164 0.26766 0.02036 -0.06017 -0.07615 0.02951 0.99484
1726497668.474583149 0.17045 0.26722 0.01973 -0.05998 -0.07697 0.03011 0.99477
1726497668.484583378 0.16923 0.26678 0.01907 -0.05977 -0.07782 0.03062 0.99470
1726497668.494583368 0.16795 0.26637 0.01840 -0.05955 -0.07871 0.03106 0.99463
1726497668.504583359 0.16662 0.26599 0.01772 -0.05934 -0.07963 0.03144 0.99456
1726497668.514583111 0.16524 0.26564 0.01701 -0.05914 -0.08058 0.03178 0.99448
1726497668.524583340 0.16380 0.26534 0.01629 -0.05895 -0.08158 0.03210 0.99440
1726497668.534583330 0.16231 0.26510 0.01555 -0.05878 -0.08261 0.03240 0.99432
1726497668.544583321 0.16076 0.26493 0.01480 -0.05863 -0.08369 0.03272 0.99423
1726497668.554583073 0.15914 0.26480 0.01404 -0.05851 -0.08481 0.03306 0.99413
1726497668.564583302 0.15746 0.26472 0.01327 -0.05842 -0.08598 0.03343 0.99402
1726497668.574583292 0.15570 0.26466 0.01250 -0.05835 -0.08719 0.03385 0.99390
1726497668.584583282 0.15387 0.26461 0.01173 -0.05831 -0.08844 0.03434 0.99378
1726497668.594583035 0.15195 0.26456 0.01096 -0.05830 -0.08974 0.03490 0.99364
1726497668.604583263 0.14995 0.26448 0.01021 -0.05831 -0.09109 0.03555 0.99350
1726497668.614583492 0.14786 0.26438 0.00947 -0.05835 -0.09247 0.03631 0.99334
1726497668.624583244 0.14567 0.26422 0.00876 -0.05841 -0.09390 0.03719 0.99317
1726497668.634583235 0.14339 0.26401 0.00806 -0.05850 -0.09538 0.03820 0.99299
1726497668.644583225 0.14100 0.26372 0.00740 -0.05861 -0.09690 0.03935 0.99279
1726497668.654583454 0.13852 0.26337 0.00675 -0.05874 -0.09846 0.04063 0.99257
1726497668.664583206 0.13597 0.26295 0.00613 -0.05889 -0.10005 0.04202 0.99235
1726497668.674583197 0.13335 0.26248 0.00551 -0.05905 -0.10169 0.04350 0.99211
1726497668.684583187 0.13068 0.26198 0.00489 -0.05922 -0.10335 0.04506 0.99186
1726497668.694583416 0.12797 0.26143 0.00427 -0.05940 -0.10504 0.04668 0.99159
1726497668.704583168 0.12523 0.26086 0.00364 -0.05957 -0.10676 0.04834 0.99132
1726497668.714583158 0.12249 0.26027 0.00300 -0.05973 -0.10849 0.05002 0.99104
1726497668.724583387 0.11975 0.25967 0.00233 -0.05989 -0.11025 0.05171 0.99075
1726497668.734583378 0.11702 0.25907 0.00163 -0.06003 -0.11202 0.05339 0.99045
1726497668.744583368 0.11432 0.25848 0.00089 -0.06015 -0.11380 0.05504 0.99015
1726497668.754583120 0.11164 0.25789 0.00012 -0.06026 -0.11559 0.05668 0.98985
1726497668.764583349 0.10898 0.25732 -0.00068 -0.06036 -0.11739 0.05830 0.98953
1726497668.774583340 0.10633 0.25676 -0.00151 -0.06044 -0.11918 0.05993 0.98922
1726497668.784583330 0.10369 0.25622 -0.00238 -0.06052 -0.12097 0.06156 0.98890
1726497668.794583082 0.10105 0.25571 -0.00327 -0.06060 -0.12275 0.06320 0.98857
1726497668.804583311 0.09841 0.25522 -0.00419 -0.06068 -0.12452 0.06487 0.98823
1726497668.814583302 0.09577 0.25476 -0.00514 -0.06077 -0.12627 0.06658 0.98789
1726497668.824583292 0.09311 0.25433 -0.00611 -0.06086 -0.12800 0.06832 0.98754
1726497668.834583044 0.09043 0.25393 -0.00710 -0.06096 -0.12971 0.07012 0.98719
1726497668.844583273 0.08774 0.25358 -0.00812 -0.06108 -0.13138 0.07198 0.98683
1726497668.854583502 0.08503 0.25325 -0.00916 -0.06121 -0.13303 0.07388 0.98646
1726497668.864583254 0.08231 0.25294 -0.01023 -0.06136 -0.13466 0.07580 0.98608
1726497668.874583244 0.07959 0.25263 -0.01133 -0.06150 -0.13626 0.07774 0.98570
1726497668.884583235 0.07687 0.25233 -0.01247 -0.06166 -0.13785 0.07967 0.98532
1726497668.894583464 0.07416 0.25202 -0.01363 -0.06182 -0.13942 0.08157 0.98493
1726497668.904583216 0.07147 0.25168 -0.01484 -0.06198 -0.14097 0.08344 0.98454
1726497668.914583206 0.06880 0.25131 -0.01608 -0.06214 -0.14252 0.08524 0.98415
1726497668.924583197 0.06616 0.25091 -0.01737 -0.06229 -0.14406 0.08698 0.98377
1726497668.934583426 0.06356 0.25045 -0.01870 -0.06244 -0.14559 0.08862 0.98339
1726497668.944583178 0.06099 0.24993 -0.02008 -0.06259 -0.14712 0.09016 0.98301
1726497668.954583168 0.05847 0.24937 -0.02149 -0.06273 -0.14865 0.09160 0.98264
1726497668.964583158 0.05597 0.24878 -0.02294 -0.06288 -0.15018 0.09296 0.98227
1726497668.974583387 0.05351 0.24817 -0.02442 -0.06303 -0.15171 0.09425 0.98190
1726497668.984583378 0.05107 0.24756 -0.02591 -0.06321 -0.15324 0.09547 0.98153
1726497668.994583130 0.04864 0.24696 -0.02741 -0.06340 -0.15478 0.09665 0.98116
1726497669.004583359 0.04623 0.24638 -0.02891 -0.06363 -0.15633 0.09779 0.98079
1726497669.014583349 0.04383 0.24584 -0.03040 -0.06388 -0.15789 0.09891 0.98041
1726497669.024583340 0.04143 0.24536 -0.03188 -0.06418 -0.15946 0.10001 0.98003
1726497669.034583092 0.03903 0.24495 -0.03334 -0.06453 -0.16103 0.10112 0.97963
1726497669.044583321 0.03662 0.24461 -0.03477 -0.06492 -0.16262 0.10223 0.97923
1726497669.054583311 0.03422 0.24435 -0.03617 -0.06536 -0.16422 0.10335 0.97881
1726497669.064583302 0.03182 0.24415 -0.03754 -0.06584 -0.16581 0.10449 0.97839
1726497669.074583054 0.02943 0.24400 -0.03888 -0.06636 -0.16739 0.10565 0.97796
1726497669.084583282 0.02705 0.24389 -0.04019 -0.06691 -0.16896 0.10682 0.97753
1726497669.094583511 0.02469 0.24381 -0.04146 -0.06747 -0.17049 0.10802 0.97709
1726497669.104583263 0.02236 0.24375 -0.04269 -0.06806 -0.17200 0.10924 0.97665
1726497669.114583254 0.02006 0.24371 -0.04389 -0.06866 -0.17345 0.11048 0.97621
1726497669.124583244 0.01780 0.24366 -0.04506 -0.06927 -0.17486 0.11174 0.97578
1726497669.134583473 0.01558 0.24360 -0.04618 -0.06988 -0.17621 0.11304 0.97534
1726497669.144583225 0.01341 0.24353 -0.04726 -0.07048 -0.17750 0.11436 0.97491
1726497669.154583216 0.01129 0.24343 -0.04828 -0.07108 -0.17870 0.11572 0.97449
1726497669.164583206 0.00924 0.24333 -0.04922 -0.07168 -0.17983 0.11711 0.97407
1726497669.174583435 0.00725 0.24321 -0.05004 -0.07228 -0.18087 0.11855 0.97366
1726497669.184583187 0.00533 0.24309 -0.05073 -0.07288 -0.18182 0.12004 0.97325
1726497669.194583178 0.00350 0.24296 -0.05127 -0.07347 -0.18266 0.12159 0.97286
1726497669.204583168 0.00176 0.24283 -0.05163 -0.07407 -0.18340 0.12319 0.97247
1726497669.214583397 0.00012 0.24271 -0.05179 -0.07468 -0.18401 0.12485 0.97210
1726497669.224583387 -0.00143 0.24260 -0.05172 -0.07528 -0.18451 0.12658 0.97173
1726497669.234583139 -0.00286 0.24250 -0.05141 -0.07589 -0.18487 0.12838 0.97138
1726497669.244583368 -0.00418 0.24241 -0.05084 -0.07651 -0.18510 0.13026 0.97104
1726497669.254583359 -0.00538 0.24232 -0.05010 -0.07713 -0.18520 0.13220 0.97071
1726497669.264583349 -0.00647 0.24220 -0.04930 -0.07775 -0.18519 0.13420 0.97039
1726497669.274583101 -0.00744 0.24203 -0.04853 -0.07837 -0.18508 0.13625 0.97007
1726497669.284583330 -0.00829 0.24180 -0.04790 -0.07899 -0.18488 0.13833 0.96977
1726497669.294583321 -0.00903 0.24149 -0.04748 -0.07961 -0.18460 0.14044 0.96947
1726497669.304583311 -0.00965 0.24115 -0.04724 -0.08022 -0.18425 0.14253 0.96918
1726497669.314583063 -0.01015 0.24082 -0.04713 -0.08082 -0.18382 0.14457 0.96890
1726497669.324583292 -0.01054 0.24057 -0.04710 -0.08140 -0.18332 0.14653 0.96866
1726497669.334583521 -0.01081 0.24043 -0.04707 -0.08197 -0.18275 0.14836 0.96844
1726497669.344583273 -0.01097 0.24045 -0.04701 -0.08251 -0.18211 0.15003 0.96825
1726497669.354583263 -0.01101 0.24062 -0.04692 -0.08303 -0.18141 0.15157 0.96810
1726497669.364583254 -0.01096 0.24093 -0.04678 -0.08354 -0.18064 0.15298 0.96798
1726497669.374583483 -0.01080 0.24136 -0.04660 -0.08403 -0.17982 0.15428 0.96788
1726497669.384583235 -0.01055 0.24189 -0.04638 -0.08450 -0.17895 0.15551 0.96781
1726497669.394583225 -0.01022 0.24250 -0.04613 -0.08497 -0.17803 0.15668 0.96775
1726497669.404583216 -0.00980 0.24317 -0.04584 -0.08543 -0.17707 0.15781 0.96770
1726497669.414583445 -0.00931 0.24389 -0.04551 -0.08589 -0.17608 0.15892 0.96766
1726497669.424583197 -0.00875 0.24464 -0.04515 -0.08634 -0.17506 0.16002 0.96762
1726497669.434583187 -0.00813 0.24540 -0.04475 -0.08680 -0.17401 0.16116 0.96758
1726497669.444583178 -0.00745 0.24616 -0.04431 -0.08726 -0.17293 0.16233 0.96754
1726497669.454583406 -0.00672 0.24691 -0.04385 -0.08772 -0.17184 0.16354 0.96749
1726497669.464583158 -0.00591 0.24765 -0.04335 -0.08818 -0.17072 0.16479 0.96743
1726497669.474583149 -0.00504 0.24838 -0.04283 -0.08864 -0.16958 0.16609 0.96737
1726497669.484583378 -0.00410 0.24910 -0.04228 -0.08909 -0.16840 0.16743 0.96730
1726497669.494583368 -0.00309 0.24982 -0.04170 -0.08954 -0.16720 0.16881 0.96723
1726497669.504583359 -0.00200 0.25052 -0.04110 -0.08998 -0.16596 0.17023 0.96715
1726497669.514583111 -0.00082 0.25121 -0.04048 -0.09042 -0.16468 0.17169 0.96707
1726497669.524583340 0.00044 0.25189 -0.03985 -0.09084 -0.16337 0.17319 0.96699
1726497669.534583330 0.00178 0.25256 -0.03920 -0.09124 -0.16202 0.17474 0.96690
1726497669.544583321 0.00322 0.25322 -0.03853 -0.09164 -0.16063 0.17632 0.96680
1726497669.554583073 0.00475 0.25386 -0.03787 -0.09201 -0.15920 0.17795 0.96671
1726497669.564583302 0.00638 0.25447 -0.03722 -0.09237 -0.15774 0.17961 0.96661
1726497669.574583292 0.00811 0.25506 -0.03661 -0.09271 -0.15624 0.18130 0.96650
1726497669.584583282 0.00994 0.25562 -0.03605 -0.09303 -0.15471 0.18304 0.96639
1726497669.594583035 0.01187 0.25614 -0.03555 -0.09332 -0.15316 0.18480 0.96627
1726497669.604583263 0.01391 0.25663 -0.03514 -0.09359 -0.15158 0.18660 0.96615
1726497669.614583492 0.01605 0.25706 -0.03482 -0.09384 -0.14998 0.18842 0.96602
1726497669.624583244 0.01831 0.25745 -0.03462 -0.09406 -0.14837 0.19028 0.96589
1726497669.634583235 0.02068 0.25778 -0.03455 -0.09425 -0.14674 0.19216 0.96574
1726497669.644583225 0.02316 0.25805 -0.03460 -0.09441 -0.14509 0.19406 0.96560
1726497669.654583454 0.02572 0.25827 -0.03468 -0.09454 -0.14342 0.19598 0.96544
1726497669.664583206 0.02832 0.25846 -0.03467 -0.09464 -0.14172 0.19791 0.96529
1726497669.674583197 0.03093 0.25863 -0.03446 -0.09471 -0.13998 0.19983 0.96514
1726497669.684583187 0.03351 0.25879 -0.03391 -0.09475 -0.13818 0.20174 0.96500
1726497669.694583416 0.03603 0.25895 -0.03297 -0.09476 -0.13633 0.20362 0.96487
1726497669.704583168 0.03850 0.25912 -0.03170 -0.09474 -0.13442 0.20547 0.96475
1726497669.714583158 0.04095 0.25933 -0.03024 -0.09470 -0.13247 0.20729 0.96463
1726497669.724583387 0.04337 0.25958 -0.02871 -0.09465 -0.13049 0.20905 0.96453
1726497669.734583378 0.04579 0.25989 -0.02724 -0.09458 -0.12849 0.21077 0.96443
1726497669.744583368 0.04822 0.26026 -0.02592 -0.09451 -0.12649 0.21244 0.96433
1726497669.754583120 0.05067 0.26068 -0.02476 -0.09442 -0.12448 0.21405 0.96425
1726497669.764583349 0.05313 0.26116 -0.02374 -0.09433 -0.12247 0.21561 0.96417
1726497669.774583340 0.05560 0.26166 -0.02285 -0.09423 -0.12045 0.21713 0.96409
1726497669.784583330 0.05808 0.26220 -0.02206 -0.09411 -0.11843 0.21860 0.96402
1726497669.794583082 0.06058 0.26274 -0.02135 -0.09398 -0.11640 0.22003 0.96395
1726497669.804583311 0.06308 0.26328 -0.02071 -0.09383 -0.11436 0.22143 0.96389
1726497669.814583302 0.06560 0.26381 -0.02012 -0.09367 -0.11232 0.22280 0.96383
1726497669.824583292 0.06813 0.26432 -0.01955 -0.09348 -0.11027 0.22414 0.96377
1726497669.834583044 0.07067 0.26480 -0.01899 -0.09328 -0.10821 0.22546 0.96372
1726497669.844583273 0.07322 0.26523 -0.01842 -0.09306 -0.10615 0.22675 0.96367
1726497669.854583502 0.07578 0.26562 -0.01783 -0.09281 -0.10408 0.22802 0.96362
1726497669.864583254 0.07836 0.26596 -0.01723 -0.09255 -0.10201 0.22926 0.96357
1726497669.874583244 0.08096 0.26627 -0.01660 -0.09226 -0.09993 0.23046 0.96353
1726497669.884583235 0.08357 0.26654 -0.01595 -0.09195 -0.09785 0.23162 0.96350
1726497669.894583464 0.08620 0.26677 -0.01526 -0.09162 -0.09577 0.23273 0.96347
1726497669.904583216 0.08885 0.26697 -0.01454 -0.09127 -0.09368 0.23378 0.96345
1726497669.914583206 0.09153 0.26713 -0.01379 -0.09090 -0.09159 0.23478 0.96344
1726497669.924583197 0.09423 0.26727 -0.01299 -0.09052 -0.08951 0.23571 0.96345
1726497669.934583426 0.09696 0.26737 -0.01214 -0.09011 -0.08742 0.23658 0.96347
1726497669.944583178 0.09972 0.26745 -0.01125 -0.08968 -0.08533 0.23736 0.96350
1726497669.954583168 0.10250 0.26751 -0.01031 -0.08924 -0.08325 0.23808 0.96355
1726497669.964583158 0.10531 0.26756 -0.00935 -0.08878 -0.08117 0.23873 0.96361
1726497669.974583387 0.10814 0.26760 -0.00837 -0.08830 -0.07909 0.23932 0.96368
1726497669.984583378 0.11098 0.26765 -0.00738 -0.08781 -0.07701 0.23985 0.96376
1726497669.994583130 0.11385 0.26770 -0.00640 -0.08730 -0.07493 0.24032 0.96385
1726497670.004583359 0.11672 0.26778 -0.00542 -0.08678 -0.07286 0.24074 0.96395
1726497670.014583349 0.11961 0.26787 -0.00447 -0.08625 -0.07079 0.24111 0.96406
1726497670.024583340 0.12250 0.26800 -0.00355 -0.08570 -0.06872 0.24145 0.96418
1726497670.034583092 0.12539 0.26817 -0.00267 -0.08515 -0.06665 0.24174 0.96430
1726497670.044583321 0.12829 0.26838 -0.00185 -0.08458 -0.06459 0.24199 0.96442
1726497670.054583311 0.13119 0.26863 -0.00106 -0.08401 -0.06252 0.24221 0.96455
1726497670.064583302 0.13410 0.26890 -0.00030 -0.08343 -0.06046 0.24239 0.96469
1726497670.074583054 0.13702 0.26919 0.00044 -0.08284 -0.05840 0.24253 0.96483
1726497670.084583282 0.13994 0.26949 0.00119 -0.08224 -0.05635 0.24263 0.96498
1726497670.094583511 0.14288 0.26978 0.00194 -0.08164 -0.05429 0.24267 0.96514
1726497670.104583263 0.14583 0.27006 0.00272 -0.08103 -0.05224 0.24268 0.96531
1726497670.114583254 0.14879 0.27032 0.00354 -0.08041 -0.05019 0.24263 0.96548
1726497670.124583244 0.15178 0.27055 0.00441 -0.07978 -0.04814 0.24253 0.96566
1726497670.134583473 0.15478 0.27074 0.00535 -0.07915 -0.04609 0.24237 0.96585
1726497670.144583225 0.15780 0.27087 0.00636 -0.07851 -0.04404 0.24216 0.96605
1726497670.154583216 0.16084 0.27097 0.00742 -0.07787 -0.04199 0.24189 0.96626
1726497670.164583206 0.16389 0.27102 0.00851 -0.07723 -0.03995 0.24157 0.96648
1726497670.174583435 0.16694 0.27105 0.00961 -0.07659 -0.03792 0.24120 0.96671
1726497670.184583187 0.16998 0.27106 0.01070 -0.07595 -0.03589 0.24077 0.96694
1726497670.194583178 0.17301 0.27106 0.01174 -0.07532 -0.03388 0.24029 0.96718
1726497670.204583168 0.17603 0.27105 0.01272 -0.07469 -0.03187 0.23975 0.96743
1726497670.214583397 0.17902 0.27104 0.01362 -0.07407 -0.02988 0.23917 0.96769
1726497670.224583387 0.18198 0.27105 0.01440 -0.07346 -0.02790 0.23854 0.96795
1726497670.234583139 0.18490 0.27108 0.01505 -0.07286 -0.02593 0.23785 0.96822
1726497670.244583368 0.18777 0.27114 0.01555 -0.07227 -0.02399 0.23713 0.96849
1726497670.254583359 0.19061 0.27122 0.01592 -0.07170 -0.02206 0.23636 0.96877
1726497670.264583349 0.19342 0.27133 0.01618 -0.07113 -0.02014 0.23557 0.96904
1726497670.274583101 0.19620 0.27147 0.01635 -0.07057 -0.01824 0.23476 0.96932
1726497670.284583330 0.19896 0.27164 0.01646 -0.07002 -0.01634 0.23396 0.96958
1726497670.294583321 0.20170 0.27184 0.01653 -0.06946 -0.01446 0.23316 0.96985
1726497670.304583311 0.20442 0.27206 0.01658 -0.06890 -0.01259 0.23238 0.97010
1726497670.314583063 0.20715 0.27232 0.01665 -0.06833 -0.01072 0.23163 0.97034
1726497670.324583292 0.20987 0.27260 0.01675 -0.06776 -0.00885 0.23092 0.97057
1726497670.334583521 0.21260 0.27292 0.01690 -0.06717 -0.00699 0.23027 0.97078
1726497670.344583273 0.21534 0.27326 0.01714 -0.06657 -0.00514 0.22968 0.97097
1726497670.354583263 0.21808 0.27363 0.01745 -0.06595 -0.00329 0.22913 0.97115
1726497670.364583254 0.22083 0.27400 0.01784 -0.06531 -0.00145 0.22863 0.97132
1726497670.374583483 0.22357 0.27439 0.01830 -0.06466 0.00037 0.22815 0.97148
1726497670.384583235 0.22630 0.27477 0.01884 -0.06398 0.00216 0.22768 0.97163
1726497670.394583225 0.22903 0.27514 0.01945 -0.06329 0.00393 0.22721 0.97178
1726497670.404583216 0.23173 0.27549 0.02013 -0.06257 0.00566 0.22672 0.97193
1726497670.414583445 0.23441 0.27581 0.02088 -0.06183 0.00734 0.22621 0.97209
1726497670.424583197 0.23707 0.27610 0.02170 -0.06106 0.00898 0.22565 0.97225
1726497670.434583187 0.23969 0.27635 0.02258 -0.06028 0.01057 0.22503 0.97243
1726497670.444583178 0.24228 0.27654 0.02352 -0.05946 0.01210 0.22434 0.97262
1726497670.454583406 0.24482 0.27668 0.02451 -0.05862 0.01358 0.22360 0.97282
1726497670.464583158 0.24732 0.27676 0.02552 -0.05776 0.01500 0.22282 0.97303
1726497670.474583149 0.24978 0.27679 0.02655 -0.05688 0.01637 0.22201 0.97325
1726497670.484583378 0.25218 0.27676 0.02757 -0.05598 0.01769 0.22119 0.97346
1726497670.494583368 0.25453 0.27666 0.02856 -0.05507 0.01897 0.22036 0.97368
1726497670.504583359 0.25682 0.27650 0.02951 -0.05414 0.02020 0.21955 0.97389
1726497670.514583111 0.25905 0.27628 0.03039 -0.05321 0.02138 0.21877 0.97409
1726497670.524583340 0.26121 0.27598 0.03120 -0.05226 0.02253 0.21803 0.97428
1726497670.534583330 0.26330 0.27562 0.03190 -0.05131 0.02364 0.21735 0.97446
1726497670.544583321 0.26532 0.27519 0.03250 -0.05035 0.02471 0.21673 0.97462
1726497670.554583073 0.26726 0.27469 0.03299 -0.04939 0.02574 0.21619 0.97476
1726497670.564583302 0.26913 0.27414 0.03338 -0.04843 0.02673 0.21571 0.97489
1726497670.574583292 0.27091 0.27354 0.03370 -0.04748 0.02769 0.21529 0.97500
1726497670.584583282 0.27263 0.27290 0.03394 -0.04653 0.02860 0.21493 0.97510
1726497670.594583035 0.27426 0.27224 0.03412 -0.04558 0.02947 0.21464 0.97518
1726497670.604583263 0.27581 0.27155 0.03425 -0.04465 0.03030 0.21439 0.97526
1726497670.614583492 0.27728 0.27085 0.03435 -0.04373 0.03108 0.21420 0.97532
1726497670.624583244 0.27866 0.27014 0.03442 -0.04282 0.03182 0.21405 0.97536
1726497670.634583235 0.27997 0.26944 0.03447 -0.04192 0.03250 0.21395 0.97540
1726497670.644583225 0.28119 0.26875 0.03451 -0.04105 0.03314 0.21390 0.97543
1726497670.654583454 0.28232 0.26806 0.03455 -0.04018 0.03373 0.21387 0.97545
1726497670.664583206 0.28339 0.26736 0.03458 -0.03933 0.03428 0.21387 0.97547
1726497670.674583197 0.28439 0.26665 0.03460 -0.03847 0.03477 0.21388 0.97548
1726497670.684583187 0.28532 0.26592 0.03460 -0.03762 0.03521 0.21389 0.97550
1726497670.694583416 0.28620 0.26516 0.03459 -0.03675 0.03560 0.21389 0.97552
1726497670.704583168 0.28702 0.26435 0.03455 -0.03587 0.03594 0.21387 0.97554
1726497670.714583158 0.28780 0.26349 0.03449 -0.03497 0.03623 0.21382 0.97557
1726497670.724583387 0.28854 0.26258 0.03441 -0.03404 0.03647 0.21372 0.97562
1726497670.734583378 0.28924 0.26159 0.03430 -0.03308 0.03666 0.21357 0.97568
1726497670.744583368 0.28991 0.26053 0.03415 -0.03209 0.03680 0.21336 0.97575
1726497670.754583120 0.29055 0.25939 0.03399 -0.03106 0.03689 0.21309 0.97584
1726497670.764583349 0.29115 0.25819 0.03381 -0.03000 0.03693 0.21275 0.97595
1726497670.774583340 0.29170 0.25691 0.03362 -0.02890 0.03693 0.21236 0.97606
1726497670.784583330 0.29221 0.25556 0.03344 -0.02777 0.03688 0.21192 0.97620
1726497670.794583082 0.29265 0.25415 0.03326 -0.02662 0.03680 0.21143 0.97634
1726497670.804583311 0.29304 0.25267 0.03310 -0.02543 0.03667 0.21089 0.97649
1726497670.814583302 0.29336 0.25113 0.03297 -0.02422 0.03651 0.21031 0.97665
1726497670.824583292 0.29361 0.24953 0.03287 -0.02298 0.03632 0.20969 0.97682
1726497670.834583044 0.29378 0.24787 0.03281 -0.02172 0.03609 0.20903 0.97700
1726497670.844583273 0.29387 0.24615 0.03280 -0.02044 0.03584 0.20833 0.97719
1726497670.854583502 0.29388 0.24439 0.03283 -0.01913 0.03556 0.20760 0.97738
1726497670.864583254 0.29381 0.24260 0.03289 -0.01780 0.03524 0.20684 0.97758
1726497670.874583244 0.29368 0.24079 0.03296 -0.01646 0.03490 0.20605 0.97778
1726497670.884583235 0.29347 0.23896 0.03304 -0.01510 0.03453 0.20524 0.97799
1726497670.894583464 0.29320 0.23713 0.03311 -0.01373 0.03412 0.20440 0.97820
1726497670.904583216 0.29287 0.23530 0.03316 -0.01235 0.03368 0.20353 0.97841
1726497670.914583206 0.29247 0.23350 0.03319 -0.01096 0.03322 0.20264 0.97863
1726497670.924583197 0.29203 0.23173 0.03318 -0.00956 0.03271 0.20174 0.97885
1726497670.934583426 0.29152 0.22999 0.03311 -0.00815 0.03218 0.20081 0.97907
1726497670.944583178 0.29097 0.22831 0.03299 -0.00674 0.03161 0.19987 0.97929
1726497670.954583168 0.29037 0.22667 0.03283 -0.00533 0.03101 0.19892 0.97951
1726497670.964583158 0.28972 0.22505 0.03264 -0.00392 0.03038 0.19794 0.97973
1726497670.974583387 0.28902 0.22346 0.03245 -0.00252 0.02972 0.19695 0.97996
1726497670.984583378 0.28826 0.22187 0.03228 -0.00112 0.02904 0.19595 0.98018
1726497670.994583130 0.28746 0.22028 0.03214 0.00027 0.02833 0.19492 0.98041
1726497671.004583359 0.28660 0.21868 0.03205 0.00165 0.02761 0.19388 0.98064
1726497671.014583349 0.28568 0.21705 0.03203 0.00301 0.02686 0.19282 0.98086
1726497671.024583340 0.28472 0.21539 0.03211 0.00436 0.02609 0.19174 0.98109
1726497671.034583092 0.28370 0.21369 0.03230 0.00569 0.02531 0.19064 0.98132
1726497671.044583321 0.28262 0.21193 0.03261 0.00700 0.02451 0.18952 0.98155
1726497671.054583311 0.28149 0.21012 0.03303 0.00829 0.02370 0.18839 0.98177
1726497671.064583302 0.28031 0.20826 0.03354 0.00957 0.02287 0.18724 0.98200
1726497671.074583054 0.27907 0.20637 0.03412 0.01084 0.02202 0.18609 0.98223
1726497671.084583282 0.27777 0.20444 0.03474 0.01211 0.02115 0.18493 0.98245
1726497671.094583511 0.27642 0.20248 0.03539 0.01338 0.02025 0.18377 0.98267
1726497671.104583263 0.27501 0.20050 0.03604 0.01465 0.01932 0.18262 0.98288
1726497671.114583254 0.27355 0.19851 0.03668 0.01594 0.01837 0.18147 0.98310
1726497671.124583244 0.27203 0.19650 0.03728 0.01725 0.01738 0.18034 0.98330
1726497671.134583473 0.27045 0.19449 0.03782 0.01858 0.01636 0.17922 0.98350
1726497671.144583225 0.26881 0.19247 0.03829 0.01993 0.01531 0.17811 0.98369
1726497671.154583216 0.26710 0.19045 0.03867 0.02130 0.01422 0.17701 0.98388
1726497671.164583206 0.26532 0.18843 0.03896 0.02269 0.01309 0.17590 0.98406
1726497671.174583435 0.26344 0.18641 0.03915 0.02410 0.01192 0.17477 0.98424
1726497671.184583187 0.26146 0.18437 0.03924 0.02550 0.01070 0.17359 0.98443
1726497671.194583178 0.25937 0.18233 0.03922 0.02692 0.00944 0.17236 0.98462
1726497671.204583168 0.25716 0.18029 0.03908 0.02832 0.00814 0.17107 0.98482
1726497671.214583397 0.25480 0.17823 0.03882 0.02972 0.00678 0.16969 0.98503
1726497671.224583387 0.25230 0.17615 0.03843 0.03111 0.00538 0.16821 0.98525
1726497671.234583139 0.24964 0.17407 0.03791 0.03248 0.00392 0.16662 0.98548
1726497671.244583368 0.24683 0.17197 0.03725 0.03383 0.00241 0.16491 0.98573
1726497671.254583359 0.24389 0.16987 0.03650 0.03516 0.00085 0.16307 0.98599
1726497671.264583349 0.24089 0.16779 0.03571 0.03649 -0.00075 0.16112 0.98626
1726497671.274583101 0.23787 0.16575 0.03492 0.03781 -0.00241 0.15906 0.98654
1726497671.284583330 0.23490 0.16375 0.03418 0.03913 -0.00411 0.15690 0.98683
1726497671.294583321 0.23200 0.16180 0.03353 0.04047 -0.00585 0.15464 0.98712
1726497671.304583311 0.22915 0.15984 0.03303 0.04180 -0.00763 0.15227 0.98743
1726497671.314583063 0.22633 0.15780 0.03272 0.04314 -0.00943 0.14976 0.98774
1726497671.324583292 0.22350 0.15561 0.03263 0.04446 -0.01123 0.14712 0.98806
1726497671.334583521 0.22062 0.15319 0.03282 0.04576 -0.01304 0.14432 0.98839
1726497671.344583273 0.21767 0.15052 0.03330 0.04704 -0.01485 0.14134 0.98873
1726497671.354583263 0.21469 0.14769 0.03396 0.04828 -0.01666 0.13813 0.98910
1726497671.364583254 0.21171 0.14486 0.03467 0.04948 -0.01847 0.13464 0.98949
1726497671.374583483 0.20878 0.14218 0.03528 0.05064 -0.02031 0.13080 0.98991
1726497671.384583235 0.20594 0.13978 0.03567 0.05174 -0.02217 0.12655 0.99036
1726497671.394583225 0.20323 0.13778 0.03572 0.05278 -0.02406 0.12187 0.99085
1726497671.404583216 0.20063 0.13616 0.03547 0.05376 -0.02596 0.11679 0.99136
1726497671.414583445 0.19813 0.13485 0.03499 0.05466 -0.02785 0.11139 0.99188
1726497671.424583197 0.19571 0.13379 0.03433 0.05547 -0.02971 0.10573 0.99240
1726497671.434583187 0.19335 0.13293 0.03357 0.05620 -0.03152 0.09989 0.99291
1726497671.444583178 0.19102 0.13222 0.03270 0.05682 -0.03326 0.09394 0.99340
1726497671.454583406 0.18872 0.13171 0.03144 0.05734 -0.03504 0.08794 0.99386
1726497671.464583158 0.18641 0.13147 0.02945 0.05772 -0.03694 0.08194 0.99428
1726497671.474583149 0.18408 0.13154 0.02642 0.05797 -0.03906 0.07601 0.99465
1726497671.484583378 0.18174 0.13189 0.02266 0.05808 -0.04131 0.07014 0.99499
1726497671.494583368 0.17943 0.13236 0.01886 0.05812 -0.04351 0.06427 0.99529
1726497671.504583359 0.17720 0.13282 0.01568 0.05812 -0.04547 0.05835 0.99557
1726497671.514583111 0.17507 0.13320 0.01346 0.05809 -0.04711 0.05237 0.99582
1726497671.524583340 0.17305 0.13356 0.01191 0.05804 -0.04856 0.04636 0.99605
1726497671.534583330 0.17113 0.13395 0.01073 0.05796 -0.04993 0.04039 0.99625
1726497671.544583321 0.16930 0.13441 0.00965 0.05784 -0.05132 0.03451 0.99641
1726497671.554583073 0.16756 0.13488 0.00863 0.05772 -0.05265 0.02873 0.99653
1726497671.564583302 0.16587 0.13526 0.00768 0.05763 -0.05383 0.02310 0.99662
1726497671.574583292 0.16422 0.13550 0.00680 0.05761 -0.05474 0.01762 0.99668
1726497671.584583282 0.16264 0.13565 0.00598 0.05764 -0.05541 0.01228 0.99672
1726497671.594583035 0.16119 0.13586 0.00521 0.05768 -0.05591 0.00705 0.99674
1726497671.604583263 0.15993 0.13627 0.00445 0.05766 -0.05633 0.00187 0.99674
1726497671.614583492 0.15889 0.13696 0.00370 0.05757 -0.05671 -0.00326 0.99672
1726497671.624583244 0.15804 0.13788 0.00298 0.05742 -0.05706 -0.00837 0.99668
1726497671.634583235 0.15734 0.13896 0.00228 0.05723 -0.05736 -0.01346 0.99662
1726497671.644583225 0.15677 0.14015 0.00162 0.05699 -0.05760 -0.01855 0.99654
1726497671.654583454 0.15631 0.14138 0.00089 0.05670 -0.05783 -0.02373 0.99643
1726497671.664583206 0.15596 0.14259 0.00000 0.05633 -0.05809 -0.02911 0.99630
1726497671.674583197 0.15571 0.14373 -0.00113 0.05584 -0.05842 -0.03481 0.99612
1726497671.684583187 0.15562 0.14488 -0.00241 0.05524 -0.05872 -0.04084 0.99591
1726497671.694583416 0.15578 0.14621 -0.00361 0.05450 -0.05885 -0.04717 0.99566
1726497671.704583168 0.15629 0.14788 -0.00450 0.05362 -0.05863 -0.05377 0.99539
1726497671.714583158 0.15718 0.14996 -0.00501 0.05259 -0.05804 -0.06060 0.99509
1726497671.724583387 0.15836 0.15238 -0.00526 0.05140 -0.05722 -0.06756 0.99475
1726497671.734583378 0.15974 0.15504 -0.00540 0.05006 -0.05633 -0.07456 0.99436
1726497671.744583368 0.16124 0.15789 -0.00551 0.04855 -0.05550 -0.08152 0.99394
1726497671.754583120 0.16282 0.16095 -0.00544 0.04686 -0.05467 -0.08833 0.99349
1726497671.764583349 0.16446 0.16429 -0.00496 0.04499 -0.05370 -0.09489 0.99302
1726497671.774583340 0.16611 0.16797 -0.00390 0.04292 -0.05252 -0.10111 0.99256
1726497671.784583330 0.16778 0.17193 -0.00242 0.04068 -0.05121 -0.10693 0.99211
1726497671.794583082 0.16950 0.17603 -0.00094 0.03835 -0.04997 -0.11236 0.99167
1726497671.804583311 0.17127 0.18015 0.00012 0.03598 -0.04902 -0.11738 0.99122
1726497671.814583302 0.17309 0.18419 0.00061 0.03363 -0.04843 -0.12195 0.99078
1726497671.824583292 0.17493 0.18818 0.00071 0.03128 -0.04811 -0.12601 0.99037
1726497671.834583044 0.17673 0.19212 0.00069 0.02895 -0.04793 -0.12945 0.99000
1726497671.844583273 0.17845 0.19603 0.00073 0.02664 -0.04778 -0.13222 0.98971
1726497671.854583502 0.18011 0.19989 0.00087 0.02434 -0.04763 -0.13435 0.98949
1726497671.864583254 0.18170 0.20367 0.00109 0.02205 -0.04748 -0.13588 0.98934
1726497671.874583244 0.18324 0.20736 0.00140 0.01977 -0.04731 -0.13686 0.98926
1726497671.884583235 0.18474 0.21093 0.00178 0.01750 -0.04713 -0.13735 0.98925
1726497671.894583464 0.18620 0.21435 0.00222 0.01524 -0.04693 -0.13739 0.98929
1726497671.904583216 0.18764 0.21760 0.00271 0.01298 -0.04671 -0.13702 0.98938
1726497671.914583206 0.18907 0.22066 0.00325 0.01073 -0.04645 -0.13631 0.98952
1726497671.924583197 0.19049 0.22351 0.00382 0.00849 -0.04615 -0.13529 0.98969
1726497671.934583426 0.19191 0.22611 0.00441 0.00625 -0.04581 -0.13402 0.98990
1726497671.944583178 0.19334 0.22847 0.00503 0.00401 -0.04542 -0.13253 0.99013
1726497671.954583168 0.19480 0.23066 0.00564 0.00176 -0.04498 -0.13087 0.99038
1726497671.964583158 0.19629 0.23277 0.00626 -0.00049 -0.04451 -0.12905 0.99064
1726497671.974583387 0.19783 0.23489 0.00686 -0.00276 -0.04401 -0.12709 0.99091
1726497671.984583378 0.19941 0.23712 0.00745 -0.00504 -0.04348 -0.12503 0.99119
1726497671.994583130 0.20105 0.23953 0.00800 -0.00735 -0.04294 -0.12288 0.99146
1726497672.004583359 0.20276 0.24217 0.00854 -0.00967 -0.04238 -0.12066 0.99174
1726497672.014583349 0.20454 0.24507 0.00906 -0.01198 -0.04180 -0.11836 0.99202
1726497672.024583340 0.20639 0.24827 0.00959 -0.01428 -0.04122 -0.11601 0.99229
1726497672.034583092 0.20833 0.25180 0.01013 -0.01655 -0.04062 -0.11360 0.99256
1726497672.044583321 0.21034 0.25567 0.01068 -0.01879 -0.04002 -0.11114 0.99282
1726497672.054583311 0.21241 0.25975 0.01124 -0.02098 -0.03940 -0.10863 0.99308
1726497672.064583302 0.21452 0.26389 0.01179 -0.02313 -0.03877 -0.10608 0.99333
1726497672.074583054 0.21665 0.26796 0.01230 -0.02524 -0.03811 -0.10350 0.99358
1726497672.084583282 0.21878 0.27179 0.01278 -0.02730 -0.03743 -0.10087 0.99382
1726497672.094583511 0.22089 0.27525 0.01319 -0.02933 -0.03672 -0.09821 0.99406
1726497672.104583263 0.22294 0.27828 0.01352 -0.03131 -0.03599 -0.09548 0.99429
1726497672.114583254 0.22490 0.28080 0.01375 -0.03326 -0.03526 -0.09267 0.99452
1726497672.124583244 0.22675 0.28275 0.01387 -0.03518 -0.03453 -0.08976 0.99474
1726497672.134583473 0.22846 0.28408 0.01385 -0.03707 -0.03381 -0.08670 0.99497
1726497672.144583225 0.23000 0.28476 0.01370 -0.03895 -0.03311 -0.08350 0.99520
1726497672.154583216 0.23143 0.28498 0.01344 -0.04079 -0.03243 -0.08015 0.99542
1726497672.164583206 0.23279 0.28498 0.01316 -0.04259 -0.03175 -0.07666 0.99564
1726497672.174583435 0.23415 0.28498 0.01289 -0.04433 -0.03105 -0.07307 0.99586
1726497672.184583187 0.23555 0.28522 0.01270 -0.04601 -0.03033 -0.06937 0.99607
1726497672.194583178 0.23705 0.28587 0.01264 -0.04762 -0.02956 -0.06559 0.99627
1726497672.204583168 0.23862 0.28688 0.01270 -0.04915 -0.02877 -0.06171 0.99647
1726497672.214583397 0.24024 0.28814 0.01283 -0.05062 -0.02794 -0.05772 0.99666
1726497672.224583387 0.24188 0.28954 0.01303 -0.05202 -0.02709 -0.05361 0.99684
1726497672.234583139 0.24352 0.29096 0.01326 -0.05337 -0.02622 -0.04937 0.99701
1726497672.244583368 0.24512 0.29232 0.01355 -0.05465 -0.02534 -0.04499 0.99717
1726497672.254583359 0.24668 0.29358 0.01408 -0.05586 -0.02444 -0.04046 0.99732
1726497672.264583349 0.24820 0.29475 0.01511 -0.05696 -0.02351 -0.03578 0.99746
1726497672.274583101 0.24966 0.29581 0.01684 -0.05793 -0.02255 -0.03095 0.99759
1726497672.284583330 0.25109 0.29676 0.01908 -0.05879 -0.02156 -0.02597 0.99770
1726497672.294583321 0.25249 0.29760 0.02134 -0.05959 -0.02056 -0.02080 0.99779
1726497672.304583311 0.25386 0.29833 0.02316 -0.06037 -0.01958 -0.01545 0.99786
1726497672.314583063 0.25523 0.29896 0.02434 -0.06115 -0.01862 -0.00991 0.99791
1726497672.324583292 0.25658 0.29946 0.02506 -0.06188 -0.01769 -0.00423 0.99792
1726497672.334583521 0.25791 0.29984 0.02556 -0.06255 -0.01679 0.00155 0.99790
1726497672.344583273 0.25922 0.30010 0.02601 -0.06310 -0.01593 0.00738 0.99785
1726497672.354583263 0.26043 0.30031 0.02636 -0.06353 -0.01509 0.01321 0.99778
1726497672.364583254 0.26147 0.30058 0.02649 -0.06382 -0.01430 0.01896 0.99768
1726497672.374583483 0.26227 0.30099 0.02631 -0.06394 -0.01355 0.02458 0.99756
1726497672.384583235 0.26290 0.30144 0.02591 -0.06392 -0.01283 0.03009 0.99742
1726497672.394583225 0.26349 0.30177 0.02548 -0.06376 -0.01214 0.03555 0.99726
1726497672.404583216 0.26417 0.30178 0.02524 -0.06349 -0.01147 0.04101 0.99707
1726497672.414583445 0.26499 0.30139 0.02528 -0.06311 -0.01082 0.04651 0.99686
1726497672.424583197 0.26590 0.30068 0.02549 -0.06263 -0.01023 0.05205 0.99663
1726497672.434583187 0.26683 0.29974 0.02578 -0.06205 -0.00973 0.05760 0.99636
1726497672.444583178 0.26770 0.29862 0.02609 -0.06137 -0.00934 0.06315 0.99607
1726497672.454583406 0.26845 0.29728 0.02653 -0.06059 -0.00895 0.06870 0.99576
1726497672.464583158 0.26901 0.29564 0.02727 -0.05969 -0.00845 0.07424 0.99542
1726497672.474583149 0.26932 0.29364 0.02846 -0.05866 -0.00773 0.07974 0.99506
1726497672.484583378 0.26944 0.29134 0.02996 -0.05753 -0.00685 0.08519 0.99468
1726497672.494583368 0.26952 0.28890 0.03146 -0.05631 -0.00598 0.09054 0.99428
1726497672.504583359 0.26968 0.28649 0.03264 -0.05505 -0.00529 0.09573 0.99387
1726497672.514583111 0.27000 0.28413 0.03340 -0.05375 -0.00484 0.10074 0.99345
1726497672.524583340 0.27036 0.28167 0.03388 -0.05239 -0.00456 0.10552 0.99303
1726497672.534583330 0.27067 0.27895 0.03431 -0.05094 -0.00433 0.11003 0.99261
1726497672.544583321 0.27083 0.27583 0.03482 -0.04936 -0.00409 0.11425 0.99222
1726497672.554583073 0.27085 0.27241 0.03540 -0.04769 -0.00385 0.11815 0.99184
1726497672.564583302 0.27074 0.26880 0.03597 -0.04593 -0.00363 0.12172 0.99149
1726497672.574583292 0.27051 0.26511 0.03647 -0.04412 -0.00346 0.12494 0.99118
1726497672.584583282 0.27019 0.26148 0.03684 -0.04228 -0.00339 0.12779 0.99089
1726497672.594583035 0.26979 0.25799 0.03701 -0.04043 -0.00342 0.13026 0.99065
1726497672.604583263 0.26932 0.25463 0.03703 -0.03857 -0.00356 0.13237 0.99044
1726497672.614583492 0.26880 0.25133 0.03694 -0.03667 -0.00379 0.13414 0.99028
1726497672.624583244 0.26824 0.24805 0.03679 -0.03473 -0.00412 0.13558 0.99015
1726497672.634583235 0.26767 0.24472 0.03662 -0.03274 -0.00452 0.13671 0.99006
1726497672.644583225 0.26709 0.24130 0.03649 -0.03069 -0.00499 0.13757 0.99000
1726497672.654583454 0.26652 0.23780 0.03639 -0.02857 -0.00552 0.13816 0.98998
1726497672.664583206 0.26594 0.23420 0.03632 -0.02640 -0.00610 0.13854 0.98999
1726497672.674583197 0.26536 0.23052 0.03626 -0.02416 -0.00674 0.13872 0.99001
1726497672.684583187 0.26479 0.22676 0.03621 -0.02186 -0.00743 0.13873 0.99006
1726497672.694583416 0.26421 0.22292 0.03617 -0.01952 -0.00817 0.13861 0.99012
1726497672.704583168 0.26364 0.21901 0.03612 -0.01711 -0.00896 0.13838 0.99019
1726497672.714583158 0.26307 0.21502 0.03605 -0.01466 -0.00978 0.13807 0.99027
1726497672.724583387 0.26251 0.21097 0.03597 -0.01216 -0.01064 0.13772 0.99034
1726497672.734583378 0.26195 0.20686 0.03585 -0.00962 -0.01153 0.13735 0.99041
1726497672.744583368 0.26139 0.20270 0.03571 -0.00703 -0.01245 0.13698 0.99047
1726497672.754583120 0.26079 0.19851 0.03553 -0.00441 -0.01341 0.13657 0.99053
1726497672.764583349 0.26012 0.19431 0.03532 -0.00179 -0.01439 0.13610 0.99059
1726497672.774583340 0.25935 0.19015 0.03508 0.00083 -0.01540 0.13552 0.99065
1726497672.784583330 0.25842 0.18605 0.03483 0.00343 -0.01645 0.13478 0.99073
1726497672.794583082 0.25731 0.18203 0.03455 0.00599 -0.01754 0.13385 0.99083
1726497672.804583311 0.25602 0.17814 0.03424 0.00851 -0.01865 0.13269 0.99095
1726497672.814583302 0.25455 0.17439 0.03388 0.01099 -0.01979 0.13126 0.99109
1726497672.824583292 0.25291 0.17082 0.03348 0.01344 -0.02094 0.12953 0.99126
1726497672.834583044 0.25112 0.16745 0.03300 0.01586 -0.02211 0.12747 0.99147
1726497672.844583273 0.24917 0.16431 0.03245 0.01823 -0.02328 0.12504 0.99171
1726497672.854583502 0.24711 0.16135 0.03184 0.02057 -0.02446 0.12227 0.99198
1726497672.864583254 0.24497 0.15854 0.03120 0.02284 -0.02566 0.11917 0.99228
1726497672.874583244 0.24279 0.15583 0.03054 0.02505 -0.02688 0.11579 0.99259
1726497672.884583235 0.24060 0.15315 0.02989 0.02717 -0.02813 0.11213 0.99292
1726497672.894583464 0.23844 0.15050 0.02926 0.02921 -0.02941 0.10823 0.99326
1726497672.904583216 0.23629 0.14786 0.02866 0.03116 -0.03072 0.10409 0.99361
1726497672.914583206 0.23415 0.14528 0.02808 0.03304 -0.03204 0.09969 0.99395
1726497672.924583197 0.23199 0.14279 0.02751 0.03485 -0.03337 0.09503 0.99430
1726497672.934583426 0.22979 0.14039 0.02695 0.03660 -0.03469 0.09011 0.99465
1726497672.944583178 0.22756 0.13811 0.02639 0.03830 -0.03601 0.08492 0.99500
1726497672.954583168 0.22527 0.13583 0.02582 0.03994 -0.03732 0.07951 0.99533
1726497672.964583158 0.22291 0.13341 0.02519 0.04152 -0.03864 0.07392 0.99565
1726497672.974583387 0.22048 0.13075 0.02450 0.04301 -0.03995 0.06820 0.99594
1726497672.984583378 0.21800 0.12794 0.02375 0.04444 -0.04126 0.06235 0.99621
1726497672.994583130 0.21549 0.12523 0.02301 0.04580 -0.04254 0.05631 0.99645
1726497673.004583359 0.21298 0.12286 0.02231 0.04712 -0.04377 0.05006 0.99667
1726497673.014583349 0.21050 0.12095 0.02170 0.04840 -0.04494 0.04356 0.99687
1726497673.024583340 0.20802 0.11940 0.02114 0.04962 -0.04606 0.03685 0.99702
1726497673.034583092 0.20555 0.11809 0.02062 0.05079 -0.04714 0.02996 0.99715
1726497673.044583321 0.20306 0.11691 0.02015 0.05190 -0.04820 0.02293 0.99723
1726497673.054583311 0.20057 0.11572 0.01980 0.05294 -0.04923 0.01578 0.99726
1726497673.064583302 0.19808 0.11438 0.01968 0.05390 -0.05023 0.00857 0.99724
1726497673.074583054 0.19560 0.11277 0.01988 0.05480 -0.05123 0.00132 0.99718
1726497673.084583282 0.19313 0.11101 0.02032 0.05564 -0.05221 -0.00599 0.99707
1726497673.094583511 0.19067 0.10937 0.02080 0.05641 -0.05321 -0.01340 0.99690
1726497673.104583263 0.18820 0.10809 0.02112 0.05712 -0.05423 -0.02098 0.99667
1726497673.114583254 0.18575 0.10730 0.02121 0.05778 -0.05527 -0.02877 0.99638
1726497673.124583244 0.18333 0.10690 0.02113 0.05835 -0.05628 -0.03677 0.99603
1726497673.134583473 0.18096 0.10677 0.02096 0.05884 -0.05724 -0.04500 0.99561
1726497673.144583225 0.17868 0.10677 0.02081 0.05922 -0.05809 -0.05347 0.99512
1726497673.154583216 0.17649 0.10672 0.02073 0.05948 -0.05882 -0.06214 0.99455
1726497673.164583206 0.17443 0.10643 0.02082 0.05963 -0.05945 -0.07101 0.99391
1726497673.174583435 0.17250 0.10572 0.02113 0.05966 -0.05996 -0.08005 0.99320
1726497673.184583187 0.17070 0.10474 0.02159 0.05960 -0.06037 -0.08924 0.99239
1726497673.194583178 0.16901 0.10387 0.02208 0.05945 -0.06071 -0.09855 0.99150
1726497673.204583168 0.16742 0.10344 0.02242 0.05926 -0.06101 -0.10799 0.99051
1726497673.214583397 0.16591 0.10363 0.02257 0.05904 -0.06128 -0.11750 0.98942
1726497673.224583387 0.16451 0.10430 0.02257 0.05876 -0.06152 -0.12703 0.98824
1726497673.234583139 0.16320 0.10527 0.02251 0.05842 -0.06171 -0.13648 0.98699
1726497673.244583368 0.16202 0.10643 0.02241 0.05800 -0.06186 -0.14580 0.98567
1726497673.254583359 0.16100 0.10783 0.02219 0.05755 -0.06197 -0.15494 0.98430
1726497673.264583349 0.16016 0.10958 0.02174 0.05712 -0.06206 -0.16383 0.98288
1726497673.274583101 0.15954 0.11175 0.02096 0.05674 -0.06216 -0.17245 0.98142
1726497673.284583330 0.15912 0.11427 0.01994 0.05639 -0.06226 -0.18080 0.97993
1726497673.294583321 0.15883 0.11693 0.01891 0.05598 -0.06232 -0.18896 0.97840
1726497673.304583311 0.15861 0.11955 0.01810 0.05543 -0.06233 -0.19699 0.97685
1726497673.314583063 0.15843 0.12202 0.01760 0.05470 -0.06226 -0.20491 0.97527
1726497673.324583292 0.15833 0.12444 0.01730 0.05380 -0.06213 -0.21271 0.97365
1726497673.334583521 0.15834 0.12690 0.01711 0.05278 -0.06194 -0.22036 0.97202
1726497673.344583273 0.15850 0.12950 0.01691 0.05166 -0.06171 -0.22786 0.97036
1726497673.354583263 0.15887 0.13233 0.01661 0.05042 -0.06148 -0.23517 0.96870
1726497673.364583254 0.15949 0.13548 0.01614 0.04907 -0.06128 -0.24229 0.96702
1726497673.374583483 0.16040 0.13902 0.01544 0.04760 -0.06115 -0.24921 0.96535
1726497673.384583235 0.16155 0.14289 0.01456 0.04600 -0.06106 -0.25590 0.96367
1726497673.394583225 0.16284 0.14691 0.01367 0.04429 -0.06097 -0.26237 0.96202
1726497673.404583216 0.16415 0.15091 0.01292 0.04247 -0.06081 -0.26859 0.96040
1726497673.414583445 0.16540 0.15480 0.01243 0.04054 -0.06058 -0.27453 0.95881
1726497673.424583197 0.16663 0.15857 0.01233 0.03852 -0.06030 -0.28015 0.95729
1726497673.434583187 0.16783 0.16223 0.01270 0.03639 -0.06000 -0.28540 0.95584
1726497673.444583178 0.16904 0.16579 0.01360 0.03416 -0.05971 -0.29023 0.95448
1726497673.454583406 0.17028 0.16931 0.01488 0.03185 -0.05944 -0.29468 0.95321
1726497673.464583158 0.17158 0.17287 0.01633 0.02946 -0.05918 -0.29878 0.95203
1726497673.474583149 0.17296 0.17653 0.01774 0.02700 -0.05894 -0.30256 0.95092
1726497673.484583378 0.17446 0.18035 0.01890 0.02446 -0.05871 -0.30607 0.94988
1726497673.494583368 0.17610 0.18440 0.01966 0.02187 -0.05851 -0.30932 0.94890
1726497673.504583359 0.17783 0.18864 0.02002 0.01923 -0.05831 -0.31232 0.94799
1726497673.514583111 0.17962 0.19306 0.02004 0.01654 -0.05814 -0.31503 0.94716
1726497673.524583340 0.18142 0.19762 0.01976 0.01381 -0.05798 -0.31744 0.94640
1726497673.534583330 0.18319 0.20228 0.01923 0.01105 -0.05785 -0.31953 0.94574
1726497673.544583321 0.18489 0.20702 0.01851 0.00827 -0.05773 -0.32128 0.94519
1726497673.554583073 0.18654 0.21183 0.01765 0.00547 -0.05763 -0.32267 0.94474
1726497673.564583302 0.18817 0.21671 0.01673 0.00268 -0.05756 -0.32368 0.94441
1726497673.574583292 0.18982 0.22164 0.01580 -0.00011 -0.05749 -0.32431 0.94420
1726497673.584583282 0.19150 0.22662 0.01492 -0.00286 -0.05744 -0.32454 0.94412
1726497673.594583035 0.19325 0.23164 0.01415 -0.00558 -0.05741 -0.32435 0.94418
1726497673.604583263 0.19506 0.23666 0.01353 -0.00827 -0.05738 -0.32381 0.94435
1726497673.614583492 0.19691 0.24161 0.01308 -0.01097 -0.05735 -0.32295 0.94461
1726497673.624583244 0.19881 0.24645 0.01282 -0.01368 -0.05732 -0.32183 0.94496
1726497673.634583235 0.20072 0.25111 0.01280 -0.01642 -0.05728 -0.32052 0.94537
1726497673.644583225 0.20266 0.25557 0.01301 -0.01922 -0.05724 -0.31905 0.94581
1726497673.654583454 0.20460 0.25989 0.01338 -0.02205 -0.05718 -0.31744 0.94630
1726497673.664583206 0.20653 0.26415 0.01380 -0.02491 -0.05713 -0.31569 0.94681
1726497673.674583197 0.20847 0.26845 0.01419 -0.02777 -0.05707 -0.31382 0.94736
1726497673.684583187 0.21039 0.27286 0.01445 -0.03062 -0.05701 -0.31183 0.94793
1726497673.694583416 0.21230 0.27746 0.01448 -0.03346 -0.05697 -0.30973 0.94853
1726497673.704583168 0.21422 0.28219 0.01429 -0.03628 -0.05694 -0.30750 0.94915
1726497673.714583158 0.21620 0.28699 0.01386 -0.03911 -0.05693 -0.30514 0.94980
1726497673.724583387 0.21827 0.29179 0.01321 -0.04196 -0.05695 -0.30264 0.95048
1726497673.734583378 0.22046 0.29653 0.01232 -0.04485 -0.05700 -0.29999 0.95118
1726497673.744583368 0.22280 0.30114 0.01123 -0.04778 -0.05710 -0.29717 0.95192
1726497673.754583120 0.22522 0.30566 0.01000 -0.05075 -0.05721 -0.29419 0.95268
1726497673.764583349 0.22767 0.31012 0.00874 -0.05373 -0.05732 -0.29103 0.95348
1726497673.774583340 0.23007 0.31454 0.00753 -0.05670 -0.05741 -0.28769 0.95432
1726497673.784583330 0.23234 0.31897 0.00647 -0.05964 -0.05744 -0.28416 0.95519
1726497673.794583082 0.23445 0.32344 0.00562 -0.06253 -0.05740 -0.28044 0.95611
1726497673.804583311 0.23639 0.32792 0.00498 -0.06538 -0.05730 -0.27652 0.95707
1726497673.814583302 0.23820 0.33241 0.00449 -0.06820 -0.05716 -0.27240 0.95806
1726497673.824583292 0.23991 0.33687 0.00411 -0.07099 -0.05698 -0.26808 0.95909
1726497673.834583044 0.24156 0.34128 0.00379 -0.07377 -0.05679 -0.26356 0.96014
1726497673.844583273 0.24314 0.34562 0.00352 -0.07652 -0.05658 -0.25883 0.96122
1726497673.854583502 0.24448 0.34986 0.00336 -0.07923 -0.05630 -0.25390 0.96233
1726497673.864583254 0.24541 0.35394 0.00341 -0.08184 -0.05588 -0.24878 0.96348
1726497673.874583244 0.24574 0.35782 0.00375 -0.08431 -0.05524 -0.24347 0.96466
1726497673.884583235 0.24565 0.36155 0.00428 -0.08667 -0.05443 -0.23799 0.96586
1726497673.894583464 0.24551 0.36520 0.00483 -0.08897 -0.05353 -0.23235 0.96707
1726497673.904583216 0.24571 0.36884 0.00518 -0.09127 -0.05267 -0.22656 0.96828
1726497673.914583206 0.24643 0.37250 0.00527 -0.09358 -0.05186 -0.22069 0.96946
1726497673.924583197 0.24752 0.37614 0.00518 -0.09579 -0.05102 -0.21489 0.97059
1726497673.934583426 0.24883 0.37972 0.00501 -0.09781 -0.05007 -0.20931 0.97166
1726497673.944583178 0.25023 0.38315 0.00486 -0.09957 -0.04895 -0.20405 0.97265
1726497673.954583168 0.25179 0.38631 0.00473 -0.10116 -0.04772 -0.19905 0.97359
1726497673.964583158 0.25359 0.38900 0.00462 -0.10271 -0.04646 -0.19416 0.97447
1726497673.974583387 0.25573 0.39109 0.00454 -0.10433 -0.04527 -0.18929 0.97531
1726497673.984583378 0.25812 0.39273 0.00448 -0.10602 -0.04413 -0.18438 0.97612
1726497673.994583130 0.26054 0.39423 0.00442 -0.10771 -0.04298 -0.17944 0.97691
1726497674.004583359 0.26281 0.39592 0.00436 -0.10932 -0.04176 -0.17450 0.97768
1726497674.014583349 0.26484 0.39795 0.00428 -0.11081 -0.04044 -0.16955 0.97844
1726497674.024583340 0.26669 0.40018 0.00418 -0.11221 -0.03904 -0.16458 0.97918
1726497674.034583092 0.26846 0.40247 0.00406 -0.11355 -0.03759 -0.15959 0.97991
1726497674.044583321 0.27022 0.40466 0.00392 -0.11484 -0.03611 -0.15455 0.98062
1726497674.054583311 0.27182 0.40663 0.00377 -0.11608 -0.03456 -0.14941 0.98133
1726497674.064583302 0.27312 0.40825 0.00359 -0.11722 -0.03291 -0.14409 0.98205
1726497674.074583054 0.27396 0.40942 0.00338 -0.11826 -0.03110 -0.13855 0.98278
1726497674.084583282 0.27447 0.41023 0.00316 -0.11919 -0.02917 -0.13275 0.98352
1726497674.094583511 0.27494 0.41090 0.00292 -0.12002 -0.02718 -0.12670 0.98428
1726497674.104583263 0.27566 0.41163 0.00267 -0.12076 -0.02520 -0.12043 0.98503
1726497674.114583254 0.27674 0.41252 0.00242 -0.12141 -0.02325 -0.11393 0.98577
1726497674.124583244 0.27807 0.41351 0.00217 -0.12196 -0.02133 -0.10723 0.98649
1726497674.134583473 0.27949 0.41449 0.00193 -0.12240 -0.01941 -0.10033 0.98721
1726497674.144583225 0.28092 0.41539 0.00168 -0.12272 -0.01749 -0.09325 0.98790
1726497674.154583216 0.28251 0.41628 0.00131 -0.12294 -0.01559 -0.08605 0.98855
1726497674.164583206 0.28448 0.41726 0.00068 -0.12309 -0.01378 -0.07880 0.98917
1726497674.174583435 0.28701 0.41840 -0.00031 -0.12318 -0.01211 -0.07156 0.98973
1726497674.184583187 0.28993 0.41963 -0.00156 -0.12324 -0.01055 -0.06434 0.99023
1726497674.194583178 0.29284 0.42078 -0.00281 -0.12326 -0.00906 -0.05712 0.99069
1726497674.204583168 0.29533 0.42166 -0.00382 -0.12324 -0.00756 -0.04987 0.99109
1726497674.214583397 0.29724 0.42221 -0.00446 -0.12317 -0.00604 -0.04259 0.99145
1726497674.224583387 0.29872 0.42249 -0.00485 -0.12305 -0.00450 -0.03533 0.99176
1726497674.234583139 0.29998 0.42260 -0.00510 -0.12287 -0.00297 -0.02817 0.99202
1726497674.244583368 0.30113 0.42258 -0.00527 -0.12262 -0.00146 -0.02115 0.99223
1726497674.254583359 0.30201 0.42227 -0.00518 -0.12234 0.00008 -0.01425 0.99239
1726497674.264583349 0.30239 0.42147 -0.00458 -0.12206 0.00168 -0.00747 0.99249
1726497674.274583101 0.30205 0.42000 -0.00324 -0.12182 0.00339 -0.00079 0.99255
1726497674.284583330 0.30120 0.41803 -0.00139 -0.12158 0.00519 0.00576 0.99255
1726497674.294583321 0.30030 0.41593 0.00052 -0.12126 0.00700 0.01214 0.99252
1726497674.304583311 0.29981 0.41405 0.00201 -0.12080 0.00875 0.01830 0.99247
1726497674.314583063 0.29999 0.41259 0.00277 -0.12016 0.01037 0.02421 0.99240
1726497674.324583292 0.30084 0.41146 0.00283 -0.11939 0.01183 0.02987 0.99233
1726497674.334583521 0.30230 0.41057 0.00218 -0.11853 0.01306 0.03530 0.99224
1726497674.344583273 0.30430 0.40980 0.00090 -0.11762 0.01407 0.04050 0.99213
1726497674.354583263 0.30667 0.40908 -0.00081 -0.11665 0.01489 0.04548 0.99202
1726497674.364583254 0.30920 0.40832 -0.00272 -0.11563 0.01561 0.05023 0.99190
1726497674.374583483 0.31170 0.40746 -0.00457 -0.11456 0.01632 0.05475 0.99177
1726497674.384583235 0.31395 0.40642 -0.00614 -0.11342 0.01710 0.05904 0.99164
1726497674.394583225 0.31581 0.40512 -0.00721 -0.11221 0.01800 0.06312 0.99151
1726497674.404583216 0.31733 0.40350 -0.00777 -0.11095 0.01901 0.06705 0.99138
1726497674.414583445 0.31857 0.40150 -0.00781 -0.10965 0.02009 0.07090 0.99124
1726497674.424583197 0.31964 0.39907 -0.00735 -0.10832 0.02122 0.07475 0.99108
1726497674.434583187 0.32063 0.39614 -0.00640 -0.10696 0.02235 0.07867 0.99089
1726497674.444583178 0.32159 0.39269 -0.00500 -0.10560 0.02345 0.08273 0.99068
1726497674.454583406 0.32256 0.38885 -0.00327 -0.10422 0.02452 0.08689 0.99045
1726497674.464583158 0.32351 0.38479 -0.00139 -0.10279 0.02556 0.09111 0.99019
1726497674.474583149 0.32445 0.38068 0.00047 -0.10131 0.02655 0.09534 0.98992
1726497674.484583378 0.32536 0.37668 0.00215 -0.09974 0.02751 0.09953 0.98964
1726497674.494583368 0.32625 0.37293 0.00352 -0.09808 0.02841 0.10364 0.98936
1726497674.504583359 0.32710 0.36941 0.00460 -0.09634 0.02926 0.10763 0.98908
1726497674.514583111 0.32790 0.36609 0.00544 -0.09453 0.03003 0.11147 0.98881
1726497674.524583340 0.32863 0.36290 0.00609 -0.09267 0.03070 0.11511 0.98854
1726497674.534583330 0.32927 0.35982 0.00660 -0.09078 0.03127 0.11854 0.98830
1726497674.544583321 0.32983 0.35678 0.00703 -0.08886 0.03172 0.12172 0.98807
1726497674.554583073 0.33031 0.35373 0.00746 -0.08691 0.03208 0.12466 0.98786
1726497674.564583302 0.33076 0.35061 0.00800 -0.08494 0.03240 0.12738 0.98768
1726497674.574583292 0.33119 0.34735 0.00872 -0.08292 0.03270 0.12989 0.98751
1726497674.584583282 0.33164 0.34391 0.00973 -0.08086 0.03302 0.13222 0.98736
1726497674.594583035 0.33212 0.34022 0.01107 -0.07876 0.03339 0.13436 0.98723
1726497674.604583263 0.33264 0.33633 0.01266 -0.07661 0.03380 0.13630 0.98712
1726497674.614583492 0.33320 0.33227 0.01435 -0.07442 0.03422 0.13800 0.98704
1726497674.624583244 0.33380 0.32810 0.01602 -0.07220 0.03462 0.13943 0.98699
1726497674.634583235 0.33442 0.32385 0.01753 -0.06996 0.03498 0.14057 0.98698
1726497674.644583225 0.33507 0.31956 0.01876 -0.06769 0.03529 0.14137 0.98701
1726497674.654583454 0.33573 0.31526 0.01974 -0.06541 0.03554 0.14188 0.98708
1726497674.664583206 0.33639 0.31094 0.02048 -0.06311 0.03575 0.14211 0.98719
1726497674.674583197 0.33704 0.30661 0.02101 -0.06081 0.03591 0.14209 0.98733
1726497674.684583187 0.33767 0.30227 0.02138 -0.05850 0.03603 0.14186 0.98750
1726497674.694583416 0.33825 0.29794 0.02161 -0.05620 0.03612 0.14144 0.98769
1726497674.704583168 0.33878 0.29363 0.02173 -0.05389 0.03618 0.14086 0.98790
1726497674.714583158 0.33924 0.28933 0.02177 -0.05160 0.03621 0.14016 0.98812
1726497674.724583387 0.33962 0.28505 0.02177 -0.04931 0.03623 0.13936 0.98835
1726497674.734583378 0.33991 0.28080 0.02175 -0.04704 0.03623 0.13848 0.98858
1726497674.744583368 0.34010 0.27659 0.02175 -0.04478 0.03622 0.13756 0.98882
1726497674.754583120 0.34017 0.27242 0.02176 -0.04255 0.03619 0.13660 0.98905
1726497674.764583349 0.34013 0.26828 0.02179 -0.04033 0.03614 0.13559 0.98928
1726497674.774583340 0.33996 0.26417 0.02183 -0.03813 0.03604 0.13452 0.98952
1726497674.784583330 0.33967 0.26010 0.02190 -0.03595 0.03589 0.13340 0.98976
1726497674.794583082 0.33924 0.25606 0.02198 -0.03378 0.03569 0.13221 0.99000
1726497674.804583311 0.33868 0.25206 0.02207 -0.03163 0.03541 0.13096 0.99025
1726497674.814583302 0.33797 0.24808 0.02219 -0.02950 0.03504 0.12964 0.99050
1726497674.824583292 0.33712 0.24414 0.02232 -0.02739 0.03459 0.12825 0.99076
1726497674.834583044 0.33611 0.24023 0.02247 -0.02529 0.03403 0.12677 0.99103
1726497674.844583273 0.33495 0.23636 0.02263 -0.02320 0.03336 0.12522 0.99130
1726497674.854583502 0.33366 0.23253 0.02279 -0.02114 0.03259 0.12360 0.99157
1726497674.864583254 0.33225 0.22877 0.02295 -0.01910 0.03173 0.12193 0.99185
1726497674.874583244 0.33076 0.22511 0.02308 -0.01708 0.03080 0.12023 0.99212
1726497674.884583235 0.32920 0.22155 0.02318 -0.01510 0.02980 0.11852 0.99239
1726497674.894583464 0.32759 0.21811 0.02323 -0.01316 0.02874 0.11680 0.99265
1726497674.904583216 0.32595 0.21481 0.02323 -0.01127 0.02763 0.11504 0.99291
1726497674.914583206 0.32428 0.21162 0.02318 -0.00944 0.02646 0.11321 0.99317
1726497674.924583197 0.32260 0.20856 0.02310 -0.00769 0.02523 0.11126 0.99344
1726497674.934583426 0.32090 0.20561 0.02297 -0.00602 0.02392 0.10916 0.99372
1726497674.944583178 0.31921 0.20278 0.02281 -0.00446 0.02255 0.10686 0.99401
1726497674.954583168 0.31748 0.20005 0.02262 -0.00298 0.02111 0.10438 0.99431
1726497674.964583158 0.31571 0.19745 0.02242 -0.00158 0.01963 0.10173 0.99462
1726497674.974583387 0.31387 0.19496 0.02221 -0.00023 0.01812 0.09890 0.99493
1726497674.984583378 0.31193 0.19259 0.02200 0.00107 0.01658 0.09591 0.99525
1726497674.994583130 0.30987 0.19035 0.02180 0.00234 0.01505 0.09277 0.99557
1726497675.004583359 0.30767 0.18822 0.02162 0.00356 0.01351 0.08946 0.99589
1726497675.014583349 0.30532 0.18621 0.02147 0.00474 0.01197 0.08599 0.99621
1726497675.024583340 0.30278 0.18433 0.02135 0.00585 0.01046 0.08235 0.99653
1726497675.034583092 0.30005 0.18256 0.02126 0.00688 0.00895 0.07853 0.99685
1726497675.044583321 0.29711 0.18092 0.02122 0.00782 0.00747 0.07452 0.99716
1726497675.054583311 0.29403 0.17940 0.02120 0.00868 0.00602 0.07036 0.99747
1726497675.064583302 0.29088 0.17802 0.02118 0.00945 0.00459 0.06605 0.99776
1726497675.074583054 0.28773 0.17677 0.02115 0.01015 0.00319 0.06163 0.99804
1726497675.084583282 0.28466 0.17566 0.02109 0.01077 0.00181 0.05713 0.99831
1726497675.094583511 0.28173 0.17470 0.02097 0.01132 0.00046 0.05255 0.99855
1726497675.104583263 0.27897 0.17386 0.02077 0.01180 -0.00087 0.04792 0.99878
1726497675.114583254 0.27639 0.17312 0.02050 0.01223 -0.00218 0.04323 0.99899
1726497675.124583244 0.27402 0.17246 0.02012 0.01260 -0.00349 0.03850 0.99917
1726497675.134583473 0.27187 0.17184 0.01963 0.01291 -0.00480 0.03373 0.99934
1726497675.144583225 0.26995 0.17127 0.01902 0.01318 -0.00611 0.02893 0.99948
1726497675.154583216 0.26819 0.17076 0.01832 0.01340 -0.00742 0.02409 0.99959
1726497675.164583206 0.26651 0.17036 0.01759 0.01355 -0.00869 0.01924 0.99969
1726497675.174583435 0.26484 0.17010 0.01688 0.01364 -0.00993 0.01436 0.99975
1726497675.184583187 0.26311 0.17002 0.01622 0.01365 -0.01110 0.00946 0.99980
1726497675.194583178 0.26126 0.17015 0.01567 0.01358 -0.01221 0.00454 0.99982
1726497675.204583168 0.25930 0.17048 0.01521 0.01342 -0.01326 -0.00038 0.99982
1726497675.214583397 0.25728 0.17098 0.01481 0.01316 -0.01427 -0.00531 0.99980
1726497675.224583387 0.25523 0.17164 0.01447 0.01280 -0.01526 -0.01022 0.99975
1726497675.234583139 0.25320 0.17243 0.01415 0.01231 -0.01625 -0.01513 0.99968
1726497675.244583368 0.25120 0.17333 0.01388 0.01171 -0.01724 -0.02001 0.99958
1726497675.254583359 0.24919 0.17439 0.01375 0.01103 -0.01820 -0.02487 0.99946
1726497675.264583349 0.24709 0.17564 0.01391 0.01030 -0.01908 -0.02972 0.99932
1726497675.274583101 0.24484 0.17712 0.01449 0.00957 -0.01984 -0.03456 0.99916
1726497675.284583330 0.24252 0.17879 0.01536 0.00885 -0.02047 -0.03940 0.99897
1726497675.294583321 0.24026 0.18054 0.01627 0.00811 -0.02099 -0.04423 0.99877
1726497675.304583311 0.23824 0.18228 0.01695 0.00734 -0.02143 -0.04907 0.99854
1726497675.314583063 0.23654 0.18389 0.01733 0.00654 -0.02179 -0.05392 0.99829
1726497675.324583292 0.23518 0.18521 0.01757 0.00569 -0.02207 -0.05873 0.99801
1726497675.334583521 0.23417 0.18608 0.01791 0.00477 -0.02226 -0.06350 0.99772
1726497675.344583273 0.23350 0.18643 0.01849 0.00379 -0.02237 -0.06819 0.99741
1726497675.354583263 0.23309 0.18640 0.01928 0.00275 -0.02239 -0.07279 0.99709
1726497675.364583254 0.23284 0.18622 0.02016 0.00167 -0.02235 -0.07730 0.99676
1726497675.374583483 0.23267 0.18613 0.02105 0.00057 -0.02224 -0.08172 0.99641
1726497675.384583235 0.23247 0.18634 0.02183 -0.00053 -0.02207 -0.08602 0.99605
1726497675.394583225 0.23217 0.18703 0.02243 -0.00162 -0.02186 -0.09022 0.99568
1726497675.404583216 0.23177 0.18822 0.02287 -0.00270 -0.02159 -0.09430 0.99531
1726497675.414583445 0.23132 0.18987 0.02319 -0.00375 -0.02127 -0.09826 0.99493
1726497675.424583197 0.23083 0.19194 0.02343 -0.00477 -0.02089 -0.10208 0.99454
1726497675.434583187 0.23034 0.19440 0.02363 -0.00575 -0.02043 -0.10577 0.99416
1726497675.444583178 0.22988 0.19719 0.02383 -0.00669 -0.01990 -0.10932 0.99378
1726497675.454583406 0.22946 0.20020 0.02404 -0.00759 -0.01930 -0.11275 0.99341
1726497675.464583158 0.22909 0.20330 0.02425 -0.00846 -0.01864 -0.11607 0.99303
1726497675.474583149 0.22878 0.20635 0.02448 -0.00932 -0.01791 -0.11931 0.99265
1726497675.484583378 0.22855 0.20923 0.02472 -0.01017 -0.01713 -0.12248 0.99227
1726497675.494583368 0.22839 0.21183 0.02499 -0.01103 -0.01631 -0.12560 0.99189
1726497675.504583359 0.22828 0.21419 0.02528 -0.01189 -0.01545 -0.12868 0.99149
1726497675.514583111 0.22820 0.21636 0.02560 -0.01275 -0.01455 -0.13173 0.99110
1726497675.524583340 0.22811 0.21840 0.02597 -0.01362 -0.01363 -0.13476 0.99069
1726497675.534583330 0.22798 0.22037 0.02639 -0.01449 -0.01269 -0.13777 0.99028
1726497675.544583321 0.22778 0.22233 0.02685 -0.01537 -0.01173 -0.14078 0.98985
1726497675.554583073 0.22756 0.22428 0.02734 -0.01625 -0.01076 -0.14378 0.98942
1726497675.564583302 0.22733 0.22622 0.02784 -0.01712 -0.00977 -0.14678 0.98897
1726497675.574583292 0.22714 0.22815 0.02830 -0.01796 -0.00878 -0.14979 0.98852
1726497675.584583282 0.22702 0.23007 0.02870 -0.01877 -0.00779 -0.15280 0.98805
1726497675.594583035 0.22699 0.23198 0.02902 -0.01955 -0.00679 -0.15582 0.98757
1726497675.604583263 0.22702 0.23393 0.02926 -0.02028 -0.00581 -0.15885 0.98708
1726497675.614583492 0.22705 0.23596 0.02944 -0.02097 -0.00484 -0.16191 0.98657
1726497675.624583244 0.22705 0.23813 0.02957 -0.02163 -0.00391 -0.16499 0.98605
1726497675.634583235 0.22696 0.24048 0.02966 -0.02224 -0.00302 -0.16811 0.98551
1726497675.644583225 0.22674 0.24303 0.02972 -0.02282 -0.00219 -0.17127 0.98496
1726497675.654583454 0.22640 0.24566 0.02975 -0.02338 -0.00142 -0.17444 0.98439
1726497675.664583206 0.22598 0.24822 0.02976 -0.02394 -0.00071 -0.17762 0.98381
1726497675.674583197 0.22549 0.25055 0.02974 -0.02452 -0.00005 -0.18078 0.98322
1726497675.684583187 0.22496 0.25251 0.02970 -0.02515 0.00054 -0.18389 0.98262
1726497675.694583416 0.22441 0.25398 0.02963 -0.02582 0.00108 -0.18694 0.98203
1726497675.704583168 0.22385 0.25508 0.02956 -0.02655 0.00156 -0.18990 0.98144
1726497675.714583158 0.22330 0.25597 0.02951 -0.02731 0.00200 -0.19275 0.98087
1726497675.724583387 0.22275 0.25680 0.02950 -0.02808 0.00240 -0.19546 0.98031
1726497675.734583378 0.22223 0.25774 0.02955 -0.02886 0.00277 -0.19800 0.97977
1726497675.744583368 0.22174 0.25892 0.02968 -0.02963 0.00312 -0.20035 0.97927
1726497675.754583120 0.22127 0.26033 0.02988 -0.03040 0.00344 -0.20252 0.97880
1726497675.764583349 0.22081 0.26194 0.03014 -0.03114 0.00372 -0.20451 0.97836
1726497675.774583340 0.22034 0.26372 0.03045 -0.03188 0.00398 -0.20632 0.97796
1726497675.784583330 0.21986 0.26562 0.03080 -0.03259 0.00419 -0.20796 0.97758
1726497675.794583082 0.21935 0.26763 0.03118 -0.03328 0.00437 -0.20944 0.97725
1726497675.804583311 0.21880 0.26970 0.03158 -0.03394 0.00449 -0.21076 0.97694
1726497675.814583302 0.21820 0.27179 0.03198 -0.03458 0.00457 -0.21192 0.97667
1726497675.824583292 0.21754 0.27389 0.03237 -0.03519 0.00460 -0.21292 0.97642
1726497675.834583044 0.21680 0.27595 0.03275 -0.03577 0.00457 -0.21379 0.97621
1726497675.844583273 0.21597 0.27794 0.03310 -0.03631 0.00449 -0.21451 0.97604
1726497675.854583502 0.21507 0.27986 0.03343 -0.03681 0.00434 -0.21513 0.97588
1726497675.864583254 0.21409 0.28171 0.03373 -0.03729 0.00415 -0.21566 0.97575
1726497675.874583244 0.21305 0.28348 0.03401 -0.03772 0.00391 -0.21613 0.97563
1726497675.884583235 0.21196 0.28517 0.03427 -0.03812 0.00363 -0.21658 0.97551
1726497675.894583464 0.21082 0.28679 0.03452 -0.03849 0.00332 -0.21703 0.97540
1726497675.904583216 0.20964 0.28834 0.03475 -0.03883 0.00297 -0.21751 0.97528
1726497675.914583206 0.20843 0.28980 0.03497 -0.03912 0.00259 -0.21805 0.97515
1726497675.924583197 0.20720 0.29119 0.03518 -0.03939 0.00218 -0.21867 0.97500
1726497675.934583426 0.20596 0.29249 0.03538 -0.03962 0.00176 -0.21941 0.97483
1726497675.944583178 0.20471 0.29372 0.03558 -0.03981 0.00132 -0.22029 0.97462
1726497675.954583168 0.20345 0.29487 0.03577 -0.03998 0.00087 -0.22130 0.97439
1726497675.964583158 0.20219 0.29596 0.03595 -0.04012 0.00041 -0.22243 0.97412
1726497675.974583387 0.20090 0.29699 0.03611 -0.04023 -0.00005 -0.22367 0.97383
1726497675.984583378 0.19960 0.29798 0.03626 -0.04032 -0.00051 -0.22501 0.97352
1726497675.994583130 0.19828 0.29894 0.03639 -0.04040 -0.00097 -0.22644 0.97319
1726497676.004583359 0.19694 0.29986 0.03650 -0.04045 -0.00141 -0.22794 0.97283
1726497676.014583349 0.19556 0.30077 0.03659 -0.04050 -0.00184 -0.22952 0.97246
1726497676.024583340 0.19416 0.30166 0.03665 -0.04053 -0.00225 -0.23115 0.97207
1726497676.034583092 0.19272 0.30256 0.03668 -0.04056 -0.00264 -0.23282 0.97167
1726497676.044583321 0.19124 0.30346 0.03667 -0.04059 -0.00301 -0.23453 0.97126
1726497676.054583311 0.18973 0.30437 0.03664 -0.04061 -0.00335 -0.23627 0.97083
1726497676.064583302 0.18819 0.30528 0.03658 -0.04063 -0.00367 -0.23804 0.97040
1726497676.074583054 0.18663 0.30619 0.03650 -0.04064 -0.00398 -0.23983 0.96995
1726497676.084583282 0.18505 0.30710 0.03641 -0.04065 -0.00427 -0.24165 0.96950
1726497676.094583511 0.18346 0.30800 0.03630 -0.04066 -0.00456 -0.24349 0.96904
1726497676.104583263 0.18186 0.30890 0.03618 -0.04066 -0.00485 -0.24534 0.96857
1726497676.114583254 0.18026 0.30979 0.03605 -0.04065 -0.00513 -0.24721 0.96809
1726497676.124583244 0.17866 0.31067 0.03592 -0.04064 -0.00542 -0.24909 0.96761
1726497676.134583473 0.17707 0.31154 0.03579 -0.04063 -0.00571 -0.25098 0.96712
1726497676.144583225 0.17549 0.31239 0.03567 -0.04061 -0.00602 -0.25288 0.96663
1726497676.154583216 0.17393 0.31323 0.03554 -0.04058 -0.00634 -0.25480 0.96612
1726497676.164583206 0.17241 0.31406 0.03541 -0.04054 -0.00668 -0.25676 0.96560
1726497676.174583435 0.17093 0.31490 0.03526 -0.04047 -0.00704 -0.25878 0.96506
1726497676.184583187 0.16949 0.31574 0.03509 -0.04039 -0.00743 -0.26088 0.96450
1726497676.194583178 0.16812 0.31660 0.03490 -0.04028 -0.00784 -0.26308 0.96390
1726497676.204583168 0.16681 0.31748 0.03468 -0.04013 -0.00827 -0.26538 0.96327
1726497676.214583397 0.16558 0.31838 0.03442 -0.03995 -0.00874 -0.26782 0.96260
1726497676.224583387 0.16443 0.31931 0.03412 -0.03973 -0.00925 -0.27041 0.96188
1726497676.234583139 0.16339 0.32028 0.03376 -0.03946 -0.00979 -0.27316 0.96111
1726497676.244583368 0.16243 0.32129 0.03336 -0.03915 -0.01037 -0.27608 0.96028
1726497676.254583359 0.16151 0.32232 0.03291 -0.03882 -0.01098 -0.27913 0.95940
1726497676.264583349 0.16056 0.32335 0.03245 -0.03850 -0.01162 -0.28227 0.95849
1726497676.274583101 0.15952 0.32436 0.03197 -0.03823 -0.01228 -0.28545 0.95755
1726497676.284583330 0.15831 0.32533 0.03149 -0.03803 -0.01294 -0.28862 0.95660
1726497676.294583321 0.15689 0.32625 0.03104 -0.03793 -0.01360 -0.29172 0.95565
1726497676.304583311 0.15530 0.32711 0.03062 -0.03791 -0.01425 -0.29474 0.95472
1726497676.314583063 0.15358 0.32793 0.03025 -0.03797 -0.01488 -0.29763 0.95381
1726497676.324583292 0.15180 0.32870 0.02995 -0.03809 -0.01546 -0.30037 0.95294
1726497676.334583521 0.15001 0.32943 0.02972 -0.03823 -0.01599 -0.30292 0.95211
1726497676.344583273 0.14825 0.33013 0.02957 -0.03840 -0.01645 -0.30527 0.95135
1726497676.354583263 0.14653 0.33080 0.02950 -0.03858 -0.01685 -0.30742 0.95064
1726497676.364583254 0.14485 0.33144 0.02950 -0.03876 -0.01720 -0.30941 0.94998
1726497676.374583483 0.14320 0.33207 0.02956 -0.03895 -0.01751 -0.31126 0.94937
1726497676.384583235 0.14158 0.33267 0.02967 -0.03914 -0.01780 -0.31299 0.94878
1726497676.394583225 0.13998 0.33327 0.02981 -0.03932 -0.01807 -0.31464 0.94822
1726497676.404583216 0.13841 0.33385 0.02997 -0.03949 -0.01834 -0.31623 0.94768
1726497676.414583445 0.13685 0.33444 0.03014 -0.03965 -0.01861 -0.31779 0.94715
1726497676.424583197 0.13531 0.33502 0.03032 -0.03978 -0.01891 -0.31934 0.94662
1726497676.434583187 0.13378 0.33560 0.03049 -0.03989 -0.01923 -0.32090 0.94608
1726497676.444583178 0.13226 0.33619 0.03064 -0.03997 -0.01959 -0.32251 0.94552
1726497676.454583406 0.13078 0.33679 0.03077 -0.04001 -0.01998 -0.32417 0.94494
1726497676.464583158 0.12935 0.33741 0.03086 -0.04002 -0.02038 -0.32589 0.94434
1726497676.474583149 0.12801 0.33805 0.03092 -0.04000 -0.02079 -0.32770 0.94371
1726497676.484583378 0.12677 0.33872 0.03094 -0.03994 -0.02118 -0.32959 0.94304
1726497676.494583368 0.12567 0.33942 0.03091 -0.03984 -0.02155 -0.33157 0.94234
1726497676.504583359 0.12473 0.34016 0.03083 -0.03969 -0.02189 -0.33367 0.94160
1726497676.514583111 0.12397 0.34095 0.03069 -0.03950 -0.02218 -0.33589 0.94081
1726497676.524583340 0.12342 0.34178 0.03049 -0.03926 -0.02240 -0.33824 0.93997
1726497676.534583330 0.12311 0.34266 0.03022 -0.03897 -0.02256 -0.34073 0.93908
1726497676.544583321 0.12303 0.34359 0.02988 -0.03864 -0.02263 -0.34336 0.93814
1726497676.554583073 0.12311 0.34448 0.02950 -0.03827 -0.02261 -0.34607 0.93715
1726497676.564583302 0.12324 0.34526 0.02912 -0.03788 -0.02252 -0.34881 0.93616
1726497676.574583292 0.12332 0.34584 0.02876 -0.03749 -0.02234 -0.35151 0.93517
1726497676.584583282 0.12325 0.34614 0.02846 -0.03711 -0.02209 -0.35409 0.93421
1726497676.594583035 0.12294 0.34608 0.02825 -0.03675 -0.02176 -0.35652 0.93331
1726497676.604583263 0.12245 0.34575 0.02811 -0.03641 -0.02137 -0.35882 0.93245
1726497676.614583492 0.12184 0.34523 0.02802 -0.03609 -0.02093 -0.36102 0.93162
1726497676.624583244 0.12120 0.34463 0.02797 -0.03577 -0.02045 -0.36317 0.93081
1726497676.634583235 0.12059 0.34405 0.02793 -0.03544 -0.01994 -0.36530 0.93000
1726497676.644583225 0.12007 0.34355 0.02789 -0.03510 -0.01942 -0.36744 0.92918
1726497676.654583454 0.11965 0.34315 0.02785 -0.03474 -0.01890 -0.36960 0.92835
1726497676.664583206 0.11930 0.34283 0.02780 -0.03437 -0.01836 -0.37178 0.92750
1726497676.674583197 0.11902 0.34259 0.02774 -0.03398 -0.01781 -0.37396 0.92665
1726497676.684583187 0.11879 0.34242 0.02768 -0.03359 -0.01725 -0.37614 0.92579
1726497676.694583416 0.11860 0.34229 0.02762 -0.03318 -0.01669 -0.37833 0.92492
1726497676.704583168 0.11842 0.34221 0.02755 -0.03275 -0.01612 -0.38052 0.92405
1726497676.714583158 0.11825 0.34216 0.02748 -0.03231 -0.01555 -0.38269 0.92318
1726497676.724583387 0.11807 0.34212 0.02741 -0.03187 -0.01497 -0.38486 0.92230
1726497676.734583378 0.11787 0.34210 0.02733 -0.03140 -0.01438 -0.38701 0.92143
1726497676.744583368 0.11763 0.34207 0.02724 -0.03093 -0.01380 -0.38914 0.92056
1726497676.754583120 0.11737 0.34203 0.02715 -0.03045 -0.01321 -0.39126 0.91968
1726497676.764583349 0.11710 0.34200 0.02703 -0.02995 -0.01262 -0.39337 0.91881
1726497676.774583340 0.11683 0.34197 0.02687 -0.02944 -0.01203 -0.39548 0.91793
1726497676.784583330 0.11658 0.34193 0.02668 -0.02893 -0.01143 -0.39759 0.91704
1726497676.794583082 0.11635 0.34190 0.02642 -0.02840 -0.01083 -0.39970 0.91614
1726497676.804583311 0.11616 0.34188 0.02611 -0.02787 -0.01023 -0.40184 0.91523
1726497676.814583302 0.11602 0.34185 0.02571 -0.02732 -0.00962 -0.40399 0.91431
1726497676.824583292 0.11595 0.34184 0.02524 -0.02677 -0.00900 -0.40616 0.91337
1726497676.834583044 0.11595 0.34183 0.02466 -0.02621 -0.00839 -0.40836 0.91240
1726497676.844583273 0.11604 0.34182 0.02400 -0.02564 -0.00777 -0.41060 0.91142
1726497676.854583502 0.11616 0.34182 0.02327 -0.02506 -0.00716 -0.41287 0.91042
1726497676.864583254 0.11626 0.34182 0.02253 -0.02444 -0.00659 -0.41516 0.90940
1726497676.874583244 0.11629 0.34180 0.02182 -0.02379 -0.00608 -0.41747 0.90836
1726497676.884583235 0.11619 0.34177 0.02118 -0.02308 -0.00564 -0.41980 0.90731
1726497676.894583464 0.11592 0.34170 0.02066 -0.02231 -0.00528 -0.42214 0.90624
1726497676.904583216 0.11549 0.34153 0.02023 -0.02149 -0.00500 -0.42454 0.90514
1726497676.914583206 0.11493 0.34118 0.01984 -0.02059 -0.00477 -0.42703 0.90399
1726497676.924583197 0.11425 0.34058 0.01945 -0.01964 -0.00458 -0.42965 0.90277
1726497676.934583426 0.11349 0.33964 0.01903 -0.01862 -0.00441 -0.43244 0.90146
1726497676.944583178 0.11266 0.33834 0.01855 -0.01754 -0.00423 -0.43543 0.90004
1726497676.954583168 0.11178 0.33677 0.01802 -0.01643 -0.00404 -0.43860 0.89852
1726497676.964583158 0.11089 0.33506 0.01746 -0.01533 -0.00381 -0.44194 0.89691
1726497676.974583387 0.10999 0.33335 0.01692 -0.01428 -0.00352 -0.44541 0.89521
1726497676.984583378 0.10912 0.33178 0.01640 -0.01332 -0.00316 -0.44898 0.89343
1726497676.994583130 0.10830 0.33047 0.01594 -0.01247 -0.00271 -0.45264 0.89160
1726497677.004583359 0.10753 0.32941 0.01554 -0.01173 -0.00218 -0.45633 0.88973
1726497677.014583349 0.10683 0.32859 0.01519 -0.01106 -0.00159 -0.45998 0.88786
1726497677.024583340 0.10620 0.32801 0.01491 -0.01046 -0.00096 -0.46354 0.88602
1726497677.034583092 0.10567 0.32764 0.01469 -0.00989 -0.00030 -0.46695 0.88423
1726497677.044583321 0.10522 0.32746 0.01453 -0.00933 0.00038 -0.47016 0.88253
1726497677.054583311 0.10482 0.32740 0.01440 -0.00879 0.00106 -0.47317 0.88093
1726497677.064583302 0.10442 0.32736 0.01430 -0.00826 0.00175 -0.47595 0.87943
1726497677.074583054 0.10395 0.32727 0.01419 -0.00775 0.00243 -0.47851 0.87804
1726497677.084583282 0.10337 0.32702 0.01406 -0.00725 0.00311 -0.48084 0.87677
1726497677.094583511 0.10263 0.32657 0.01389 -0.00677 0.00378 -0.48293 0.87562
1726497677.104583263 0.10177 0.32595 0.01369 -0.00629 0.00444 -0.48482 0.87458
1726497677.114583254 0.10083 0.32523 0.01346 -0.00581 0.00507 -0.48654 0.87363
1726497677.124583244 0.09985 0.32447 0.01322 -0.00533 0.00567 -0.48811 0.87275
1726497677.134583473 0.09888 0.32375 0.01298 -0.00484 0.00624 -0.48956 0.87193
1726497677.144583225 0.09794 0.32312 0.01275 -0.00432 0.00678 -0.49093 0.87116
1726497677.154583216 0.09705 0.32258 0.01253 -0.00379 0.00727 -0.49223 0.87043
1726497677.164583206 0.09618 0.32211 0.01232 -0.00325 0.00773 -0.49346 0.86973
1726497677.174583435 0.09533 0.32170 0.01211 -0.00269 0.00814 -0.49464 0.86906
1726497677.184583187 0.09449 0.32134 0.01189 -0.00212 0.00853 -0.49576 0.86841
1726497677.194583178 0.09365 0.32100 0.01168 -0.00154 0.00888 -0.49686 0.86779
1726497677.204583168 0.09280 0.32067 0.01147 -0.00095 0.00920 -0.49792 0.86717
1726497677.214583397 0.09193 0.32035 0.01124 -0.00036 0.00948 -0.49896 0.86657
1726497677.224583387 0.09103 0.32001 0.01101 0.00024 0.00974 -0.49999 0.86597
1726497677.234583139 0.09009 0.31964 0.01076 0.00083 0.00997 -0.50102 0.86538
1726497677.244583368 0.08910 0.31922 0.01049 0.00143 0.01017 -0.50205 0.86478
1726497677.254583359 0.08807 0.31878 0.01022 0.00202 0.01034 -0.50307 0.86418
1726497677.264583349 0.08701 0.31832 0.00995 0.00260 0.01048 -0.50406 0.86360
1726497677.274583101 0.08593 0.31786 0.00968 0.00315 0.01059 -0.50499 0.86305
1726497677.284583330 0.08485 0.31742 0.00943 0.00368 0.01067 -0.50586 0.86254
1726497677.294583321 0.08376 0.31700 0.00919 0.00418 0.01072 -0.50663 0.86208
1726497677.304583311 0.08268 0.31662 0.00898 0.00464 0.01073 -0.50730 0.86169
1726497677.314583063 0.08162 0.31631 0.00881 0.00504 0.01071 -0.50785 0.86137
1726497677.324583292 0.08060 0.31606 0.00868 0.00540 0.01066 -0.50825 0.86113
1726497677.334583521 0.07961 0.31590 0.00859 0.00570 0.01057 -0.50848 0.86099
1726497677.344583273 0.07867 0.31584 0.00856 0.00593 0.01044 -0.50854 0.86096
1726497677.354583263 0.07777 0.31587 0.00858 0.00610 0.01028 -0.50841 0.86103
1726497677.364583254 0.07692 0.31599 0.00864 0.00621 0.01008 -0.50810 0.86122
1726497677.374583483 0.07610 0.31620 0.00874 0.00627 0.00985 -0.50761 0.86151
1726497677.384583235 0.07531 0.31649 0.00886 0.00628 0.00958 -0.50694 0.86190
1726497677.394583225 0.07455 0.31684 0.00900 0.00625 0.00929 -0.50609 0.86241
1726497677.404583216 0.07381 0.31727 0.00915 0.00618 0.00895 -0.50506 0.86302
1726497677.414583445 0.07308 0.31775 0.00931 0.00608 0.00859 -0.50384 0.86373
1726497677.424583197 0.07237 0.31830 0.00947 0.00594 0.00820 -0.50244 0.86455
1726497677.434583187 0.07167 0.31888 0.00962 0.00578 0.00777 -0.50087 0.86547
1726497677.444583178 0.07097 0.31951 0.00976 0.00560 0.00732 -0.49911 0.86649
1726497677.454583406 0.07027 0.32016 0.00989 0.00541 0.00684 -0.49719 0.86760
1726497677.464583158 0.06958 0.32079 0.01002 0.00520 0.00635 -0.49513 0.86878
1726497677.474583149 0.06889 0.32139 0.01016 0.00499 0.00583 -0.49296 0.87002
1726497677.484583378 0.06822 0.32192 0.01032 0.00478 0.00530 -0.49069 0.87131
1726497677.494583368 0.06755 0.32235 0.01050 0.00458 0.00477 -0.48834 0.87263
1726497677.504583359 0.06690 0.32266 0.01072 0.00438 0.00423 -0.48594 0.87397
1726497677.514583111 0.06627 0.32282 0.01098 0.00421 0.00369 -0.48350 0.87533
1726497677.524583340 0.06565 0.32281 0.01129 0.00405 0.00316 -0.48105 0.87668
1726497677.534583330 0.06505 0.32259 0.01166 0.00392 0.00263 -0.47862 0.87801
1726497677.544583321 0.06447 0.32216 0.01209 0.00382 0.00212 -0.47621 0.87932
1726497677.554583073 0.06392 0.32159 0.01257 0.00375 0.00162 -0.47382 0.88061
1726497677.564583302 0.06340 0.32097 0.01308 0.00371 0.00115 -0.47142 0.88190
1726497677.574583292 0.06291 0.32040 0.01361 0.00369 0.00069 -0.46899 0.88320
1726497677.584583282 0.06247 0.31997 0.01414 0.00370 0.00026 -0.46652 0.88450
1726497677.594583035 0.06207 0.31975 0.01466 0.00372 -0.00014 -0.46398 0.88584
1726497677.604583263 0.06173 0.31972 0.01517 0.00376 -0.00050 -0.46133 0.88722
1726497677.614583492 0.06145 0.31980 0.01566 0.00379 -0.00083 -0.45854 0.88867
1726497677.624583244 0.06123 0.31997 0.01615 0.00380 -0.00110 -0.45556 0.89020
1726497677.634583235 0.06109 0.32015 0.01665 0.00377 -0.00133 -0.45234 0.89184
1726497677.644583225 0.06101 0.32031 0.01714 0.00371 -0.00150 -0.44886 0.89359
1726497677.654583454 0.06099 0.32044 0.01762 0.00360 -0.00161 -0.44512 0.89546
1726497677.664583206 0.06102 0.32055 0.01809 0.00345 -0.00166 -0.44114 0.89743
1726497677.674583197 0.06108 0.32065 0.01851 0.00327 -0.00167 -0.43691 0.89950
1726497677.684583187 0.06116 0.32074 0.01889 0.00305 -0.00163 -0.43247 0.90164
1726497677.694583416 0.06124 0.32083 0.01921 0.00280 -0.00154 -0.42781 0.90386
1726497677.704583168 0.06133 0.32092 0.01947 0.00251 -0.00141 -0.42298 0.90614
1726497677.714583158 0.06144 0.32099 0.01968 0.00214 -0.00125 -0.41798 0.90845
1726497677.724583387 0.06157 0.32106 0.01984 0.00170 -0.00107 -0.41286 0.91079
1726497677.734583378 0.06173 0.32111 0.01996 0.00115 -0.00087 -0.40763 0.91315
1726497677.744583368 0.06194 0.32111 0.02004 0.00049 -0.00065 -0.40233 0.91549
1726497677.754583120 0.06224 0.32089 0.02017 -0.00025 -0.00039 -0.39700 0.91782
1726497677.764583349 0.06271 0.32023 0.02042 -0.00105 -0.00006 -0.39167 0.92010
1726497677.774583340 0.06339 0.31897 0.02086 -0.00188 0.00038 -0.38640 0.92233
1726497677.784583330 0.06425 0.31724 0.02146 -0.00271 0.00091 -0.38119 0.92449
1726497677.794583082 0.06520 0.31540 0.02206 -0.00354 0.00151 -0.37606 0.92659
1726497677.804583311 0.06615 0.31381 0.02255 -0.00439 0.00215 -0.37101 0.92862
1726497677.814583302 0.06705 0.31265 0.02286 -0.00525 0.00281 -0.36604 0.93058
1726497677.824583292 0.06794 0.31177 0.02306 -0.00610 0.00351 -0.36116 0.93248
1726497677.834583044 0.06885 0.31103 0.02322 -0.00696 0.00424 -0.35636 0.93431
1726497677.844583273 0.06985 0.31031 0.02336 -0.00780 0.00501 -0.35166 0.93608
1726497677.854583502 0.07103 0.30966 0.02345 -0.00861 0.00581 -0.34700 0.93781
1726497677.864583254 0.07254 0.30920 0.02338 -0.00933 0.00662 -0.34237 0.93950
1726497677.874583244 0.07449 0.30899 0.02310 -0.00993 0.00744 -0.33772 0.94117
1726497677.884583235 0.07675 0.30895 0.02267 -0.01045 0.00828 -0.33303 0.94282
1726497677.894583464 0.07908 0.30891 0.02225 -0.01094 0.00916 -0.32829 0.94447
1726497677.904583216 0.08122 0.30867 0.02200 -0.01146 0.01012 -0.32349 0.94611
1726497677.914583206 0.08303 0.30816 0.02198 -0.01204 0.01117 -0.31864 0.94773
1726497677.924583197 0.08463 0.30746 0.02212 -0.01265 0.01229 -0.31373 0.94935
1726497677.934583426 0.08611 0.30666 0.02235 -0.01324 0.01347 -0.30877 0.95095
1726497677.944583178 0.08756 0.30584 0.02264 -0.01379 0.01469 -0.30376 0.95253
1726497677.954583168 0.08896 0.30494 0.02320 -0.01429 0.01594 -0.29867 0.95412
1726497677.964583158 0.09029 0.30389 0.02429 -0.01474 0.01723 -0.29346 0.95570
1726497677.974583387 0.09149 0.30262 0.02616 -0.01516 0.01854 -0.28810 0.95730
1726497677.984583378 0.09261 0.30118 0.02857 -0.01555 0.01985 -0.28262 0.95890
1726497677.994583130 0.09373 0.29972 0.03103 -0.01593 0.02115 -0.27711 0.96047
1726497678.004583359 0.09490 0.29835 0.03303 -0.01634 0.02242 -0.27163 0.96200
1726497678.014583349 0.09617 0.29715 0.03433 -0.01678 0.02364 -0.26622 0.96348
1726497678.024583340 0.09749 0.29607 0.03514 -0.01725 0.02484 -0.26080 0.96492
1726497678.034583092 0.09882 0.29506 0.03567 -0.01774 0.02604 -0.25530 0.96635
1726497678.044583321 0.10010 0.29406 0.03610 -0.01826 0.02725 -0.24966 0.96778
1726497678.054583311 0.10131 0.29297 0.03633 -0.01878 0.02850 -0.24383 0.96922
1726497678.064583302 0.10241 0.29166 0.03622 -0.01929 0.02978 -0.23778 0.97067
1726497678.074583054 0.10337 0.29006 0.03564 -0.01978 0.03110 -0.23149 0.97214
1726497678.084583282 0.10422 0.28824 0.03469 -0.02024 0.03247 -0.22497 0.97361
1726497678.094583511 0.10502 0.28640 0.03367 -0.02070 0.03385 -0.21824 0.97509
1726497678.104583263 0.10580 0.28474 0.03285 -0.02117 0.03523 -0.21136 0.97654
1726497678.114583254 0.10660 0.28336 0.03238 -0.02166 0.03660 -0.20432 0.97798
1726497678.124583244 0.10738 0.28215 0.03215 -0.02212 0.03794 -0.19713 0.97939
1726497678.134583473 0.10811 0.28102 0.03205 -0.02251 0.03922 -0.18977 0.98079
1726497678.144583225 0.10877 0.27987 0.03197 -0.02280 0.04043 -0.18224 0.98216
1726497678.154583216 0.10948 0.27869 0.03182 -0.02303 0.04154 -0.17463 0.98349
1726497678.164583206 0.11037 0.27751 0.03153 -0.02324 0.04251 -0.16702 0.98476
1726497678.174583435 0.11156 0.27633 0.03102 -0.02347 0.04335 -0.15949 0.98597
1726497678.184583187 0.11297 0.27514 0.03035 -0.02372 0.04408 -0.15210 0.98710
1726497678.194583178 0.11437 0.27393 0.02965 -0.02395 0.04480 -0.14485 0.98815
1726497678.204583168 0.11556 0.27267 0.02906 -0.02413 0.04562 -0.13778 0.98912
1726497678.214583397 0.11643 0.27138 0.02864 -0.02425 0.04656 -0.13089 0.99001
1726497678.224583387 0.11708 0.27006 0.02834 -0.02433 0.04755 -0.12422 0.99082
1726497678.234583139 0.11762 0.26872 0.02808 -0.02439 0.04852 -0.11777 0.99156
1726497678.244583368 0.11813 0.26737 0.02785 -0.02444 0.04942 -0.11156 0.99223
1726497678.254583359 0.11861 0.26589 0.02773 -0.02446 0.05032 -0.10560 0.99283
1726497678.264583349 0.11903 0.26413 0.02783 -0.02441 0.05132 -0.09986 0.99338
1726497678.274583101 0.11937 0.26197 0.02826 -0.02426 0.05252 -0.09435 0.99386
1726497678.284583330 0.11966 0.25954 0.02891 -0.02406 0.05386 -0.08907 0.99428
1726497678.294583321 0.11996 0.25710 0.02957 -0.02388 0.05521 -0.08401 0.99465
1726497678.304583311 0.12032 0.25491 0.02999 -0.02383 0.05643 -0.07919 0.99498
1726497678.314583063 0.12076 0.25315 0.03009 -0.02395 0.05746 -0.07461 0.99527
1726497678.324583292 0.12128 0.25185 0.02995 -0.02423 0.05833 -0.07026 0.99553
1726497678.334583521 0.12183 0.25102 0.02968 -0.02465 0.05909 -0.06614 0.99575
1726497678.344583273 0.12239 0.25064 0.02938 -0.02519 0.05978 -0.06225 0.99595
1726497678.354583263 0.12295 0.25062 0.02906 -0.02585 0.06042 -0.05858 0.99612
1726497678.364583254 0.12351 0.25081 0.02871 -0.02662 0.06102 -0.05510 0.99626
1726497678.374583483 0.12405 0.25109 0.02835 -0.02752 0.06162 -0.05181 0.99637
1726497678.384583235 0.12459 0.25131 0.02795 -0.02852 0.06222 -0.04868 0.99647
1726497678.394583225 0.12509 0.25137 0.02754 -0.02964 0.06285 -0.04571 0.99654
1726497678.404583216 0.12553 0.25128 0.02712 -0.03084 0.06351 -0.04286 0.99658
1726497678.414583445 0.12584 0.25109 0.02672 -0.03211 0.06421 -0.04008 0.99661
1726497678.424583197 0.12597 0.25083 0.02636 -0.03341 0.06497 -0.03734 0.99663
1726497678.434583187 0.12588 0.25055 0.02607 -0.03473 0.06578 -0.03458 0.99663
1726497678.444583178 0.12552 0.25028 0.02586 -0.03604 0.06666 -0.03179 0.99662
1726497678.454583406 0.12497 0.25005 0.02574 -0.03734 0.06758 -0.02899 0.99659
1726497678.464583158 0.12432 0.24987 0.02569 -0.03864 0.06852 -0.02619 0.99656
1726497678.474583149 0.12366 0.24976 0.02571 -0.03994 0.06944 -0.02343 0.99651
1726497678.484583378 0.12308 0.24974 0.02580 -0.04124 0.07033 -0.02074 0.99646
1726497678.494583368 0.12265 0.24982 0.02594 -0.04254 0.07116 -0.01814 0.99639
1726497678.504583359 0.12235 0.24997 0.02612 -0.04384 0.07192 -0.01564 0.99632
1726497678.514583111 0.12213 0.25018 0.02632 -0.04513 0.07264 -0.01322 0.99625
1726497678.524583340 0.12195 0.25039 0.02653 -0.04640 0.07331 -0.01088 0.99617
1726497678.534583330 0.12175 0.25058 0.02671 -0.04763 0.07394 -0.00862 0.99609
1726497678.544583321 0.12150 0.25072 0.02686 -0.04882 0.07453 -0.00643 0.99600
1726497678.554583073 0.12120 0.25082 0.02698 -0.04997 0.07509 -0.00430 0.99591
1726497678.564583302 0.12084 0.25086 0.02707 -0.05108 0.07562 -0.00224 0.99583
1726497678.574583292 0.12042 0.25086 0.02713 -0.05214 0.07612 -0.00024 0.99573
1726497678.584583282 0.11995 0.25082 0.02717 -0.05316 0.07658 0.00170 0.99564
1726497678.594583035 0.11942 0.25074 0.02718 -0.05414 0.07702 0.00359 0.99555
1726497678.604583263 0.11882 0.25062 0.02716 -0.05507 0.07742 0.00542 0.99546
1726497678.614583492 0.11818 0.25046 0.02713 -0.05596 0.07780 0.00720 0.99537
1726497678.624583244 0.11747 0.25028 0.02708 -0.05680 0.07815 0.00893 0.99528
1726497678.634583235 0.11670 0.25006 0.02701 -0.05760 0.07847 0.01061 0.99519
1726497678.644583225 0.11588 0.24982 0.02693 -0.05835 0.07876 0.01226 0.99511
1726497678.654583454 0.11499 0.24954 0.02684 -0.05905 0.07903 0.01389 0.99502
1726497678.664583206 0.11406 0.24923 0.02673 -0.05971 0.07925 0.01555 0.99494
1726497678.674583197 0.11307 0.24885 0.02661 -0.06032 0.07945 0.01726 0.99486
1726497678.684583187 0.11204 0.24842 0.02648 -0.06088 0.07960 0.01905 0.99478
1726497678.694583416 0.11096 0.24792 0.02634 -0.06138 0.07971 0.02097 0.99471
1726497678.704583168 0.10985 0.24735 0.02619 -0.06184 0.07977 0.02303 0.99463
1726497678.714583158 0.10869 0.24669 0.02602 -0.06224 0.07978 0.02528 0.99455
1726497678.724583387 0.10750 0.24593 0.02585 -0.06258 0.07973 0.02775 0.99446
1726497678.734583378 0.10627 0.24507 0.02566 -0.06287 0.07963 0.03046 0.99437
1726497678.744583368 0.10502 0.24411 0.02547 -0.06309 0.07947 0.03344 0.99428
1726497678.754583120 0.10373 0.24304 0.02527 -0.06326 0.07927 0.03668 0.99417
1726497678.764583349 0.10239 0.24190 0.02509 -0.06336 0.07902 0.04014 0.99405
1726497678.774583340 0.10101 0.24070 0.02493 -0.06339 0.07876 0.04381 0.99391
1726497678.784583330 0.09958 0.23944 0.02480 -0.06335 0.07849 0.04766 0.99376
1726497678.794583082 0.09810 0.23815 0.02471 -0.06323 0.07821 0.05165 0.99359
1726497678.804583311 0.09657 0.23681 0.02467 -0.06305 0.07794 0.05573 0.99340
1726497678.814583302 0.09501 0.23543 0.02468 -0.06282 0.07766 0.05982 0.99320
1726497678.824583292 0.09344 0.23401 0.02475 -0.06256 0.07737 0.06385 0.99299
1726497678.834583044 0.09186 0.23252 0.02488 -0.06228 0.07707 0.06776 0.99277
1726497678.844583273 0.09029 0.23098 0.02508 -0.06199 0.07674 0.07149 0.99255
1726497678.854583502 0.08874 0.22938 0.02531 -0.06170 0.07639 0.07506 0.99233
1726497678.864583254 0.08723 0.22774 0.02555 -0.06139 0.07603 0.07850 0.99211
1726497678.874583244 0.08575 0.22605 0.02576 -0.06107 0.07566 0.08184 0.99189
1726497678.884583235 0.08432 0.22433 0.02592 -0.06074 0.07527 0.08511 0.99167
1726497678.894583464 0.08294 0.22258 0.02600 -0.06038 0.07488 0.08835 0.99143
1726497678.904583216 0.08158 0.22083 0.02600 -0.06001 0.07449 0.09157 0.99119
1726497678.914583206 0.08019 0.21912 0.02593 -0.05964 0.07411 0.09481 0.99094
1726497678.924583197 0.07873 0.21748 0.02581 -0.05929 0.07376 0.09808 0.99067
1726497678.934583426 0.07716 0.21595 0.02563 -0.05897 0.07343 0.10142 0.99038
1726497678.944583178 0.07545 0.21453 0.02541 -0.05868 0.07315 0.10484 0.99006
1726497678.954583168 0.07364 0.21321 0.02516 -0.05841 0.07291 0.10834 0.98971
1726497678.964583158 0.07182 0.21193 0.02488 -0.05816 0.07269 0.11189 0.98935
1726497678.974583387 0.07004 0.21065 0.02458 -0.05789 0.07250 0.11550 0.98896
1726497678.984583378 0.06837 0.20931 0.02427 -0.05760 0.07233 0.11914 0.98856
1726497678.994583130 0.06686 0.20788 0.02394 -0.05728 0.07218 0.12281 0.98814
1726497679.004583359 0.06551 0.20634 0.02359 -0.05693 0.07204 0.12649 0.98771
1726497679.014583349 0.06427 0.20468 0.02318 -0.05658 0.07190 0.13018 0.98726
1726497679.024583340 0.06313 0.20289 0.02270 -0.05624 0.07177 0.13385 0.98680
1726497679.034583092 0.06204 0.20095 0.02211 -0.05593 0.07164 0.13750 0.98632
1726497679.044583321 0.06098 0.19887 0.02141 -0.05565 0.07151 0.14112 0.98584
1726497679.054583311 0.05995 0.19668 0.02064 -0.05541 0.07138 0.14472 0.98534
1726497679.064583302 0.05894 0.19445 0.01984 -0.05517 0.07126 0.14830 0.98483
1726497679.074583054 0.05796 0.19223 0.01906 -0.05492 0.07114 0.15190 0.98430
1726497679.084583282 0.05700 0.19007 0.01835 -0.05464 0.07103 0.15551 0.98376
1726497679.094583511 0.05606 0.18802 0.01775 -0.05430 0.07094 0.15914 0.98321
1726497679.104583263 0.05510 0.18603 0.01729 -0.05391 0.07086 0.16278 0.98264
1726497679.114583254 0.05407 0.18406 0.01696 -0.05345 0.07082 0.16641 0.98206
1726497679.124583244 0.05293 0.18204 0.01680 -0.05291 0.07082 0.17001 0.98147
1726497679.134583473 0.05163 0.17992 0.01680 -0.05229 0.07087 0.17356 0.98088
1726497679.144583225 0.05016 0.17767 0.01696 -0.05159 0.07097 0.17705 0.98028
1726497679.154583216 0.04856 0.17533 0.01724 -0.05083 0.07111 0.18047 0.97969
1726497679.164583206 0.04693 0.17296 0.01757 -0.05003 0.07128 0.18381 0.97910
1726497679.174583435 0.04533 0.17061 0.01787 -0.04923 0.07144 0.18709 0.97850
1726497679.184583187 0.04386 0.16835 0.01809 -0.04845 0.07158 0.19029 0.97791
1726497679.194583178 0.04257 0.16622 0.01815 -0.04772 0.07169 0.19343 0.97733
1726497679.204583168 0.04142 0.16425 0.01805 -0.04703 0.07175 0.19650 0.97674
1726497679.214583397 0.04036 0.16242 0.01777 -0.04638 0.07174 0.19953 0.97616
1726497679.224583387 0.03932 0.16076 0.01731 -0.04575 0.07165 0.20252 0.97558
1726497679.234583139 0.03825 0.15925 0.01665 -0.04513 0.07147 0.20550 0.97500
1726497679.244583368 0.03710 0.15790 0.01579 -0.04452 0.07119 0.20845 0.97442
1726497679.254583359 0.03588 0.15667 0.01479 -0.04394 0.07083 0.21140 0.97384
1726497679.264583349 0.03464 0.15551 0.01372 -0.04339 0.07045 0.21434 0.97325
1726497679.274583101 0.03339 0.15437 0.01263 -0.04289 0.07006 0.21726 0.97265
1726497679.284583330 0.03217 0.15322 0.01161 -0.04247 0.06971 0.22017 0.97204
1726497679.294583321 0.03101 0.15201 0.01069 -0.04212 0.06942 0.22308 0.97141
1726497679.304583311 0.02989 0.15072 0.00986 -0.04184 0.06917 0.22598 0.97077
1726497679.314583063 0.02878 0.14933 0.00909 -0.04163 0.06896 0.22888 0.97012
1726497679.324583292 0.02766 0.14783 0.00836 -0.04149 0.06874 0.23181 0.96944
1726497679.334583521 0.02651 0.14621 0.00763 -0.04140 0.06851 0.23475 0.96875
1726497679.344583273 0.02532 0.14446 0.00687 -0.04135 0.06823 0.23773 0.96805
1726497679.354583263 0.02406 0.14267 0.00609 -0.04133 0.06793 0.24072 0.96733
1726497679.364583254 0.02275 0.14094 0.00528 -0.04133 0.06762 0.24372 0.96660
1726497679.374583483 0.02137 0.13937 0.00443 -0.04132 0.06730 0.24670 0.96587
1726497679.384583235 0.01992 0.13806 0.00355 -0.04129 0.06699 0.24967 0.96513
1726497679.394583225 0.01840 0.13709 0.00264 -0.04123 0.06671 0.25259 0.96439
1726497679.404583216 0.01684 0.13640 0.00169 -0.04115 0.06645 0.25545 0.96366
1726497679.414583445 0.01528 0.13592 0.00070 -0.04107 0.06620 0.25822 0.96294
1726497679.424583197 0.01376 0.13556 -0.00032 -0.04100 0.06597 0.26088 0.96224
1726497679.434583187 0.01230 0.13525 -0.00137 -0.04095 0.06574 0.26342 0.96157
1726497679.444583178 0.01094 0.13492 -0.00245 -0.04094 0.06550 0.26580 0.96093
1726497679.454583406 0.00968 0.13457 -0.00355 -0.04098 0.06527 0.26804 0.96032
1726497679.464583158 0.00850 0.13420 -0.00465 -0.04105 0.06504 0.27012 0.95975
1726497679.474583149 0.00740 0.13382 -0.00575 -0.04116 0.06482 0.27207 0.95921
1726497679.484583378 0.00637 0.13343 -0.00682 -0.04129 0.06461 0.27387 0.95870
1726497679.494583368 0.00539 0.13305 -0.00787 -0.04146 0.06441 0.27554 0.95823
1726497679.504583359 0.00447 0.13268 -0.00887 -0.04165 0.06423 0.27708 0.95779
1726497679.514583111 0.00358 0.13233 -0.00982 -0.04186 0.06406 0.27849 0.95739
1726497679.524583340 0.00272 0.13200 -0.01069 -0.04210 0.06391 0.27978 0.95701
1726497679.534583330 0.00187 0.13171 -0.01149 -0.04235 0.06379 0.28094 0.95667
1726497679.544583321 0.00104 0.13144 -0.01219 -0.04261 0.06369 0.28199 0.95635
1726497679.554583073 0.00022 0.13118 -0.01283 -0.04288 0.06360 0.28299 0.95605
1726497679.564583302 -0.00059 0.13086 -0.01343 -0.04313 0.06352 0.28400 0.95575
1726497679.574583292 -0.00139 0.13045 -0.01403 -0.04337 0.06343 0.28507 0.95542
1726497679.584583282 -0.00219 0.12990 -0.01464 -0.04357 0.06331 0.28628 0.95506
1726497679.594583035 -0.00298 0.12919 -0.01530 -0.04374 0.06316 0.28766 0.95465
1726497679.604583263 -0.00378 0.12835 -0.01598 -0.04387 0.06298 0.28916 0.95420
1726497679.614583492 -0.00460 0.12746 -0.01666 -0.04398 0.06276 0.29072 0.95374
1726497679.624583244 -0.00545 0.12658 -0.01733 -0.04408 0.06249 0.29226 0.95328
1726497679.634583235 -0.00634 0.12578 -0.01796 -0.04417 0.06219 0.29373 0.95284
1726497679.644583225 -0.00728 0.12510 -0.01853 -0.04427 0.06185 0.29507 0.95244
1726497679.654583454 -0.00827 0.12454 -0.01905 -0.04438 0.06147 0.29628 0.95209
1726497679.664583206 -0.00930 0.12409 -0.01952 -0.04449 0.06106 0.29740 0.95176
1726497679.674583197 -0.01036 0.12372 -0.01994 -0.04461 0.06062 0.29845 0.95145
1726497679.684583187 -0.01145 0.12342 -0.02034 -0.04474 0.06015 0.29946 0.95116
1726497679.694583416 -0.01256 0.12318 -0.02071 -0.04488 0.05967 0.30044 0.95087
1726497679.704583168 -0.01369 0.12297 -0.02105 -0.04502 0.05918 0.30143 0.95058
1726497679.714583158 -0.01482 0.12277 -0.02139 -0.04518 0.05869 0.30245 0.95028
1726497679.724583387 -0.01595 0.12257 -0.02171 -0.04534 0.05819 0.30352 0.94996
1726497679.734583378 -0.01707 0.12236 -0.02204 -0.04551 0.05769 0.30468 0.94962
1726497679.744583368 -0.01818 0.12211 -0.02237 -0.04568 0.05720 0.30593 0.94924
1726497679.754583120 -0.01928 0.12182 -0.02272 -0.04587 0.05672 0.30727 0.94882
1726497679.764583349 -0.02037 0.12150 -0.02309 -0.04608 0.05623 0.30869 0.94838
1726497679.774583340 -0.02145 0.12113 -0.02349 -0.04629 0.05574 0.31017 0.94792
1726497679.784583330 -0.02254 0.12073 -0.02392 -0.04653 0.05525 0.31168 0.94744
1726497679.794583082 -0.02363 0.12028 -0.02440 -0.04679 0.05474 0.31323 0.94694
1726497679.804583311 -0.02472 0.11979 -0.02492 -0.04708 0.05421 0.31478 0.94645
1726497679.814583302 -0.02583 0.11926 -0.02551 -0.04739 0.05366 0.31633 0.94594
1726497679.824583292 -0.02695 0.11868 -0.02616 -0.04773 0.05308 0.31786 0.94545
1726497679.834583044 -0.02808 0.11806 -0.02688 -0.04811 0.05248 0.31935 0.94496
1726497679.844583273 -0.02923 0.11740 -0.02768 -0.04851 0.05184 0.32079 0.94449
1726497679.854583502 -0.03042 0.11670 -0.02853 -0.04892 0.05119 0.32216 0.94403
1726497679.864583254 -0.03165 0.11600 -0.02939 -0.04930 0.05054 0.32344 0.94361
1726497679.874583244 -0.03294 0.11530 -0.03024 -0.04962 0.04990 0.32463 0.94322
1726497679.884583235 -0.03429 0.11463 -0.03104 -0.04985 0.04930 0.32569 0.94287
1726497679.894583464 -0.03572 0.11400 -0.03177 -0.04996 0.04874 0.32662 0.94257
1726497679.904583216 -0.03721 0.11342 -0.03241 -0.04999 0.04820 0.32743 0.94232
1726497679.914583206 -0.03873 0.11289 -0.03295 -0.04998 0.04768 0.32812 0.94211
1726497679.924583197 -0.04025 0.11240 -0.03338 -0.04996 0.04713 0.32872 0.94193
1726497679.934583426 -0.04175 0.11195 -0.03367 -0.04999 0.04655 0.32923 0.94178
1726497679.944583178 -0.04322 0.11156 -0.03383 -0.05009 0.04591 0.32966 0.94165
1726497679.954583168 -0.04465 0.11120 -0.03387 -0.05025 0.04521 0.33002 0.94155
1726497679.964583158 -0.04605 0.11087 -0.03381 -0.05047 0.04448 0.33033 0.94146
1726497679.974583387 -0.04742 0.11056 -0.03369 -0.05073 0.04372 0.33060 0.94139
1726497679.984583378 -0.04878 0.11027 -0.03352 -0.05101 0.04294 0.33085 0.94133
1726497679.994583130 -0.05013 0.10999 -0.03332 -0.05131 0.04215 0.33107 0.94127
1726497680.004583359 -0.05149 0.10970 -0.03313 -0.05160 0.04137 0.33129 0.94121
1726497680.014583349 -0.05284 0.10940 -0.03296 -0.05188 0.04060 0.33152 0.94115
1726497680.024583340 -0.05421 0.10909 -0.03283 -0.05214 0.03986 0.33176 0.94108
1726497680.034583092 -0.05560 0.10874 -0.03277 -0.05234 0.03916 0.33204 0.94100
1726497680.044583321 -0.05702 0.10836 -0.03281 -0.05250 0.03850 0.33236 0.94090
1726497680.054583311 -0.05846 0.10795 -0.03291 -0.05261 0.03788 0.33272 0.94080
1726497680.064583302 -0.05992 0.10750 -0.03308 -0.05268 0.03727 0.33311 0.94068
1726497680.074583054 -0.06141 0.10702 -0.03330 -0.05271 0.03666 0.33354 0.94055
1726497680.084583282 -0.06291 0.10651 -0.03354 -0.05273 0.03603 0.33398 0.94041
1726497680.094583511 -0.06443 0.10596 -0.03380 -0.05273 0.03536 0.33446 0.94027
1726497680.104583263 -0.06597 0.10538 -0.03405 -0.05273 0.03465 0.33495 0.94012
1726497680.114583254 -0.06751 0.10477 -0.03429 -0.05272 0.03387 0.33545 0.93997
1726497680.124583244 -0.06907 0.10413 -0.03449 -0.05273 0.03301 0.33596 0.93982
1726497680.134583473 -0.07063 0.10345 -0.03463 -0.05276 0.03205 0.33647 0.93967
1726497680.144583225 -0.07220 0.10275 -0.03471 -0.05282 0.03098 0.33699 0.93952
1726497680.154583216 -0.07376 0.10201 -0.03473 -0.05288 0.02983 0.33751 0.93936
1726497680.164583206 -0.07529 0.10124 -0.03471 -0.05295 0.02863 0.33803 0.93921
1726497680.174583435 -0.07677 0.10042 -0.03464 -0.05300 0.02743 0.33856 0.93905
1726497680.184583187 -0.07818 0.09955 -0.03455 -0.05301 0.02625 0.33909 0.93889
1726497680.194583178 -0.07952 0.09863 -0.03444 -0.05298 0.02513 0.33964 0.93873
1726497680.204583168 -0.08076 0.09765 -0.03432 -0.05288 0.02411 0.34020 0.93855
1726497680.214583397 -0.08188 0.09662 -0.03421 -0.05271 0.02322 0.34078 0.93838
1726497680.224583387 -0.08287 0.09552 -0.03410 -0.05244 0.02250 0.34138 0.93819
1726497680.234583139 -0.08371 0.09435 -0.03402 -0.05207 0.02199 0.34200 0.93800
1726497680.244583368 -0.08438 0.09311 -0.03397 -0.05158 0.02170 0.34264 0.93780
1726497680.254583359 -0.08491 0.09180 -0.03395 -0.05098 0.02161 0.34330 0.93759
1726497680.264583349 -0.08531 0.09045 -0.03395 -0.05030 0.02168 0.34397 0.93738
1726497680.274583101 -0.08561 0.08905 -0.03396 -0.04956 0.02187 0.34464 0.93717
1726497680.284583330 -0.08583 0.08763 -0.03399 -0.04877 0.02214 0.34532 0.93696
1726497680.294583321 -0.08598 0.08618 -0.03403 -0.04795 0.02244 0.34598 0.93675
1726497680.304583311 -0.08609 0.08473 -0.03406 -0.04712 0.02274 0.34663 0.93654
1726497680.314583063 -0.08619 0.08329 -0.03409 -0.04631 0.02300 0.34726 0.93634
1726497680.324583292 -0.08628 0.08186 -0.03412 -0.04553 0.02317 0.34786 0.93615
1726497680.334583521 -0.08640 0.08045 -0.03412 -0.04479 0.02321 0.34843 0.93598
1726497680.344583273 -0.08655 0.07908 -0.03411 -0.04413 0.02311 0.34896 0.93581
1726497680.354583263 -0.08675 0.07775 -0.03409 -0.04352 0.02286 0.34945 0.93566
1726497680.364583254 -0.08697 0.07647 -0.03405 -0.04297 0.02249 0.34992 0.93552
1726497680.374583483 -0.08722 0.07523 -0.03400 -0.04248 0.02203 0.35036 0.93539
1726497680.384583235 -0.08750 0.07404 -0.03395 -0.04202 0.02150 0.35079 0.93526
1726497680.394583225 -0.08778 0.07290 -0.03389 -0.04161 0.02092 0.35121 0.93514
1726497680.404583216 -0.08808 0.07181 -0.03383 -0.04123 0.02031 0.35162 0.93501
1726497680.414583445 -0.08838 0.07079 -0.03378 -0.04087 0.01971 0.35203 0.93489
1726497680.424583197 -0.08867 0.06983 -0.03373 -0.04053 0.01914 0.35245 0.93476
1726497680.434583187 -0.08896 0.06893 -0.03370 -0.04021 0.01861 0.35289 0.93462
1726497680.444583178 -0.08923 0.06810 -0.03367 -0.03989 0.01814 0.35333 0.93447
1726497680.454583406 -0.08949 0.06732 -0.03366 -0.03958 0.01774 0.35380 0.93432
1726497680.464583158 -0.08973 0.06660 -0.03364 -0.03928 0.01740 0.35427 0.93415
1726497680.474583149 -0.08996 0.06593 -0.03363 -0.03899 0.01712 0.35476 0.93399
1726497680.484583378 -0.09018 0.06529 -0.03360 -0.03872 0.01687 0.35525 0.93382
1726497680.494583368 -0.09039 0.06468 -0.03356 -0.03845 0.01667 0.35575 0.93364
1726497680.504583359 -0.09058 0.06409 -0.03349 -0.03820 0.01649 0.35625 0.93346
1726497680.514583111 -0.09077 0.06351 -0.03340 -0.03797 0.01634 0.35675 0.93328
1726497680.524583340 -0.09094 0.06295 -0.03328 -0.03775 0.01621 0.35725 0.93310
1726497680.534583330 -0.09110 0.06237 -0.03312 -0.03755 0.01608 0.35774 0.93293
1726497680.544583321 -0.09126 0.06180 -0.03291 -0.03736 0.01597 0.35823 0.93275
1726497680.554583073 -0.09140 0.06121 -0.03267 -0.03720 0.01585 0.35870 0.93258
1726497680.564583302 -0.09152 0.06062 -0.03241 -0.03705 0.01575 0.35917 0.93240
1726497680.574583292 -0.09163 0.06003 -0.03214 -0.03692 0.01566 0.35963 0.93223
1726497680.584583282 -0.09172 0.05944 -0.03187 -0.03681 0.01558 0.36008 0.93206
1726497680.594583035 -0.09178 0.05886 -0.03160 -0.03671 0.01551 0.36053 0.93190
1726497680.604583263 -0.09182 0.05828 -0.03136 -0.03662 0.01546 0.36097 0.93173
1726497680.614583492 -0.09183 0.05771 -0.03116 -0.03655 0.01543 0.36140 0.93157
1726497680.624583244 -0.09180 0.05715 -0.03099 -0.03649 0.01542 0.36183 0.93140
1726497680.634583235 -0.09174 0.05661 -0.03088 -0.03644 0.01543 0.36225 0.93124
1726497680.644583225 -0.09164 0.05609 -0.03084 -0.03640 0.01547 0.36266 0.93108
1726497680.654583454 -0.09151 0.05558 -0.03084 -0.03638 0.01552 0.36307 0.93092
1726497680.664583206 -0.09136 0.05510 -0.03089 -0.03636 0.01559 0.36346 0.93077
1726497680.674583197 -0.09118 0.05463 -0.03096 -0.03635 0.01567 0.36382 0.93063
1726497680.684583187 -0.09100 0.05419 -0.03104 -0.03635 0.01576 0.36417 0.93049
1726497680.694583416 -0.09081 0.05378 -0.03113 -0.03636 0.01584 0.36448 0.93037
1726497680.704583168 -0.09063 0.05339 -0.03120 -0.03638 0.01592 0.36476 0.93026
1726497680.714583158 -0.09045 0.05302 -0.03124 -0.03641 0.01599 0.36499 0.93016
1726497680.724583387 -0.09029 0.05269 -0.03125 -0.03645 0.01605 0.36518 0.93008
1726497680.734583378 -0.09016 0.05238 -0.03120 -0.03650 0.01609 0.36533 0.93002
1726497680.744583368 -0.09005 0.05210 -0.03109 -0.03655 0.01610 0.36541 0.92999
1726497680.754583120 -0.08997 0.05186 -0.03092 -0.03661 0.01610 0.36545 0.92997
1726497680.764583349 -0.08991 0.05163 -0.03072 -0.03667 0.01608 0.36545 0.92997
1726497680.774583340 -0.08986 0.05143 -0.03049 -0.03673 0.01605 0.36542 0.92998
1726497680.784583330 -0.08981 0.05125 -0.03024 -0.03680 0.01602 0.36536 0.93000
1726497680.794583082 -0.08977 0.05108 -0.03000 -0.03685 0.01599 0.36529 0.93003
1726497680.804583311 -0.08973 0.05093 -0.02978 -0.03690 0.01596 0.36521 0.93006
1726497680.814583302 -0.08967 0.05079 -0.02958 -0.03694 0.01594 0.36513 0.93009
1726497680.824583292 -0.08961 0.05065 -0.02942 -0.03697 0.01594 0.36505 0.93012
1726497680.834583044 -0.08952 0.05053 -0.02932 -0.03698 0.01596 0.36499 0.93014
1726497680.844583273 -0.08940 0.05040 -0.02929 -0.03697 0.01600 0.36495 0.93015
1726497680.854583502 -0.08926 0.05028 -0.02932 -0.03696 0.01607 0.36493 0.93016
1726497680.864583254 -0.08911 0.05016 -0.02940 -0.03693 0.01615 0.36493 0.93016
1726497680.874583244 -0.08894 0.05005 -0.02952 -0.03689 0.01624 0.36494 0.93016
1726497680.884583235 -0.08876 0.04995 -0.02968 -0.03684 0.01633 0.36496 0.93015
1726497680.894583464 -0.08857 0.04987 -0.02987 -0.03679 0.01643 0.36499 0.93014
1726497680.904583216 -0.08838 0.04979 -0.03009 -0.03675 0.01652 0.36502 0.93013
1726497680.914583206 -0.08819 0.04974 -0.03031 -0.03670 0.01660 0.36505 0.93012
1726497680.924583197 -0.08801 0.04970 -0.03054 -0.03666 0.01667 0.36508 0.93010
1726497680.934583426 -0.08783 0.04968 -0.03077 -0.03663 0.01672 0.36511 0.93009
1726497680.944583178 -0.08767 0.04968 -0.03099 -0.03662 0.01675 0.36512 0.93009
1726497680.954583168 -0.08752 0.04970 -0.03119 -0.03661 0.01676 0.36513 0.93009
1726497680.964583158 -0.08739 0.04974 -0.03138 -0.03661 0.01676 0.36513 0.93008
1726497680.974583387 -0.08727 0.04980 -0.03156 -0.03661 0.01673 0.36513 0.93009
1726497680.984583378 -0.08717 0.04986 -0.03171 -0.03663 0.01670 0.36512 0.93009
1726497680.994583130 -0.08708 0.04994 -0.03185 -0.03665 0.01666 0.36512 0.93009
1726497681.004583359 -0.08701 0.05002 -0.03196 -0.03667 0.01662 0.36510 0.93010
1726497681.014583349 -0.08695 0.05010 -0.03205 -0.03670 0.01657 0.36509 0.93010
1726497681.024583340 -0.08691 0.05019 -0.03212 -0.03672 0.01653 0.36508 0.93011
1726497681.034583092 -0.08689 0.05027 -0.03216 -0.03675 0.01649 0.36507 0.93011
1726497681.044583321 -0.08688 0.05036 -0.03217 -0.03678 0.01646 0.36506 0.93011
1726497681.054583311 -0.08689 0.05043 -0.03215 -0.03680 0.01643 0.36505 0.93011
1726497681.064583302 -0.08690 0.05049 -0.03211 -0.03682 0.01641 0.36505 0.93011
1726497681.074583054 -0.08692 0.05054 -0.03206 -0.03684 0.01639 0.36505 0.93011
1726497681.084583282 -0.08693 0.05057 -0.03199 -0.03687 0.01638 0.36506 0.93011
1726497681.094583511 -0.08693 0.05058 -0.03191 -0.03688 0.01637 0.36506 0.93011
1726497681.104583263 -0.08693 0.05056 -0.03183 -0.03690 0.01636 0.36507 0.93010
1726497681.114583254 -0.08690 0.05051 -0.03175 -0.03692 0.01635 0.36509 0.93010
1726497681.124583244 -0.08685 0.05043 -0.03166 -0.03694 0.01633 0.36511 0.93009
1726497681.134583473 -0.08677 0.05031 -0.03159 -0.03696 0.01632 0.36513 0.93008
1726497681.144583225 -0.08666 0.05015 -0.03152 -0.03697 0.01630 0.36516 0.93007
1726497681.154583216 -0.08652 0.04996 -0.03146 -0.03699 0.01628 0.36519 0.93006
1726497681.164583206 -0.08636 0.04975 -0.03141 -0.03700 0.01626 0.36522 0.93004
1726497681.174583435 -0.08618 0.04953 -0.03137 -0.03702 0.01623 0.36526 0.93003
1726497681.184583187 -0.08600 0.04932 -0.03133 -0.03703 0.01621 0.36529 0.93002
1726497681.194583178 -0.08581 0.04912 -0.03130 -0.03704 0.01619 0.36532 0.93000
1726497681.204583168 -0.08562 0.04894 -0.03127 -0.03705 0.01617 0.36535 0.92999
1726497681.214583397 -0.08545 0.04880 -0.03124 -0.03705 0.01615 0.36537 0.92999
1726497681.224583387 -0.08529 0.04871 -0.03122 -0.03706 0.01614 0.36538 0.92998
1726497681.234583139 -0.08515 0.04868 -0.03119 -0.03706 0.01613 0.36538 0.92998
1726497681.244583368 -0.08504 0.04871 -0.03116 -0.03706 0.01613 0.36538 0.92998
1726497681.254583359 -0.08495 0.04880 -0.03114 -0.03706 0.01613 0.36536 0.92999
1726497681.264583349 -0.08488 0.04893 -0.03111 -0.03705 0.01614 0.36535 0.92999
1726497681.274583101 -0.08484 0.04911 -0.03108 -0.03705 0.01616 0.36532 0.93000
1726497681.284583330 -0.08481 0.04931 -0.03105 -0.03704 0.01617 0.36529 0.93001
1726497681.294583321 -0.08480 0.04952 -0.03102 -0.03703 0.01618 0.36526 0.93003
1726497681.304583311 -0.08480 0.04974 -0.03098 -0.03702 0.01620 0.36524 0.93004
1726497681.314583063 -0.08481 0.04994 -0.03095 -0.03701 0.01621 0.36521 0.93005
1726497681.324583292 -0.08482 0.05013 -0.03091 -0.03700 0.01623 0.36519 0.93006
1726497681.334583521 -0.08484 0.05029 -0.03087 -0.03699 0.01623 0.36518 0.93006
1726497681.344583273 -0.08486 0.05042 -0.03083 -0.03698 0.01624 0.36517 0.93006
1726497681.354583263 -0.08489 0.05050 -0.03079 -0.03697 0.01624 0.36517 0.93007
1726497681.364583254 -0.08492 0.05056 -0.03075 -0.03697 0.01624 0.36517 0.93006
1726497681.374583483 -0.08495 0.05060 -0.03072 -0.03696 0.01623 0.36518 0.93006
1726497681.384583235 -0.08499 0.05061 -0.03070 -0.03696 0.01623 0.36519 0.93006
1726497681.394583225 -0.08503 0.05062 -0.03069 -0.03695 0.01622 0.36520 0.93005
1726497681.404583216 -0.08508 0.05062 -0.03069 -0.03695 0.01621 0.36521 0.93005
1726497681.414583445 -0.08514 0.05062 -0.03072 -0.03695 0.01620 0.36522 0.93005
1726497681.424583197 -0.08521 0.05063 -0.03076 -0.03695 0.01619 0.36523 0.93004
1726497681.434583187 -0.08529 0.05064 -0.03082 -0.03695 0.01619 0.36523 0.93004
1726497681.444583178 -0.08538 0.05068 -0.03091 -0.03695 0.01618 0.36523 0.93004
1726497681.454583406 -0.08547 0.05072 -0.03101 -0.03695 0.01617 0.36522 0.93005
1726497681.464583158 -0.08557 0.05078 -0.03112 -0.03696 0.01617 0.36521 0.93005
1726497681.474583149 -0.08567 0.05084 -0.03123 -0.03696 0.01618 0.36519 0.93006
1726497681.484583378 -0.08576 0.05090 -0.03132 -0.03697 0.01618 0.36518 0.93006
1726497681.494583368 -0.08585 0.05096 -0.03139 -0.03698 0.01619 0.36516 0.93007
1726497681.504583359 -0.08592 0.05102 -0.03143 -0.03699 0.01621 0.36514 0.93008
1726497681.514583111 -0.08597 0.05106 -0.03143 -0.03700 0.01623 0.36513 0.93008
1726497681.524583340 -0.08601 0.05108 -0.03137 -0.03702 0.01626 0.36511 0.93009
1726497681.534583330 -0.08601 0.05109 -0.03126 -0.03704 0.01630 0.36510 0.93009
1726497681.544583321 -0.08599 0.05107 -0.03108 -0.03706 0.01635 0.36509 0.93009
1726497681.554583073 -0.08595 0.05104 -0.03084 -0.03709 0.01640 0.36508 0.93009
1726497681.564583302 -0.08589 0.05099 -0.03058 -0.03711 0.01645 0.36508 0.93009
1726497681.574583292 -0.08581 0.05094 -0.03030 -0.03714 0.01651 0.36508 0.93009
1726497681.584583282 -0.08572 0.05088 -0.03003 -0.03716 0.01655 0.36508 0.93009
1726497681.594583035 -0.08562 0.05082 -0.02978 -0.03718 0.01660 0.36508 0.93008
1726497681.604583263 -0.08553 0.05077 -0.02957 -0.03719 0.01663 0.36509 0.93008
1726497681.614583492 -0.08543 0.05073 -0.02942 -0.03720 0.01665 0.36509 0.93008
1726497681.624583244 -0.08535 0.05071 -0.02936 -0.03720 0.01665 0.36510 0.93008
1726497681.634583235 -0.08528 0.05071 -0.02939 -0.03720 0.01664 0.36511 0.93007
1726497681.644583225 -0.08522 0.05074 -0.02953 -0.03718 0.01660 0.36511 0.93007
1726497681.654583454 -0.08518 0.05079 -0.02978 -0.03716 0.01654 0.36512 0.93007
1726497681.664583206 -0.08516 0.05086 -0.03010 -0.03713 0.01647 0.36513 0.93007
1726497681.674583197 -0.08514 0.05094 -0.03047 -0.03710 0.01640 0.36513 0.93007
1726497681.684583187 -0.08513 0.05103 -0.03089 -0.03707 0.01631 0.36514 0.93007
1726497681.694583416 -0.08513 0.05113 -0.03132 -0.03703 0.01623 0.36514 0.93007
1726497681.704583168 -0.08513 0.05123 -0.03175 -0.03700 0.01615 0.36514 0.93008
1726497681.714583158 -0.08514 0.05133 -0.03216 -0.03697 0.01608 0.36514 0.93008
1726497681.724583387 -0.08514 0.05142 -0.03252 -0.03695 0.01602 0.36514 0.93008
1726497681.734583378 -0.08515 0.05149 -0.03283 -0.03693 0.01598 0.36514 0.93008
1726497681.744583368 -0.08514 0.05156 -0.03305 -0.03693 0.01596 0.36513 0.93009
1726497681.754583120 -0.08514 0.05161 -0.03320 -0.03693 0.01595 0.36512 0.93009
1726497681.764583349 -0.08513 0.05165 -0.03328 -0.03694 0.01597 0.36511 0.93009
1726497681.774583340 -0.08513 0.05168 -0.03331 -0.03695 0.01599 0.36510 0.93010
1726497681.784583330 -0.08512 0.05171 -0.03329 -0.03697 0.01602 0.36509 0.93010
1726497681.794583082 -0.08512 0.05172 -0.03322 -0.03699 0.01606 0.36508 0.93010
1726497681.804583311 -0.08513 0.05174 -0.03312 -0.03701 0.01611 0.36507 0.93011
1726497681.814583302 -0.08514 0.05175 -0.03300 -0.03703 0.01615 0.36506 0.93011
1726497681.824583292 -0.08515 0.05176 -0.03286 -0.03705 0.01619 0.36505 0.93011
1726497681.834583044 -0.08518 0.05177 -0.03271 -0.03707 0.01622 0.36504 0.93011
1726497681.844583273 -0.08522 0.05179 -0.03256 -0.03709 0.01625 0.36503 0.93012
1726497681.854583502 -0.08527 0.05181 -0.03241 -0.03710 0.01627 0.36502 0.93012
1726497681.864583254 -0.08532 0.05182 -0.03226 -0.03710 0.01628 0.36502 0.93012
1726497681.874583244 -0.08537 0.05184 -0.03212 -0.03711 0.01629 0.36501 0.93012
1726497681.884583235 -0.08543 0.05185 -0.03199 -0.03711 0.01629 0.36501 0.93012
1726497681.894583464 -0.08548 0.05185 -0.03188 -0.03711 0.01629 0.36501 0.93012
1726497681.904583216 -0.08552 0.05185 -0.03178 -0.03711 0.01628 0.36501 0.93012
1726497681.914583206 -0.08556 0.05183 -0.03169 -0.03710 0.01627 0.36501 0.93012
1726497681.924583197 -0.08558 0.05181 -0.03163 -0.03710 0.01626 0.36501 0.93012
1726497681.934583426 -0.08559 0.05177 -0.03159 -0.03709 0.01625 0.36501 0.93012
1726497681.944583178 -0.08559 0.05171 -0.03158 -0.03708 0.01624 0.36501 0.93012
1726497681.954583168 -0.08556 0.05164 -0.03158 -0.03708 0.01623 0.36501 0.93012
1726497681.964583158 -0.08553 0.05156 -0.03160 -0.03707 0.01622 0.36501 0.93012
1726497681.974583387 -0.08550 0.05148 -0.03164 -0.03706 0.01622 0.36501 0.93012
1726497681.984583378 -0.08546 0.05139 -0.03169 -0.03705 0.01621 0.36502 0.93012
1726497681.994583130 -0.08542 0.05131 -0.03173 -0.03705 0.01621 0.36502 0.93012
1726497682.004583359 -0.08539 0.05123 -0.03178 -0.03704 0.01621 0.36502 0.93012
1726497682.014583349 -0.08537 0.05116 -0.03183 -0.03704 0.01621 0.36502 0.93012
1726497682.024583340 -0.08536 0.05110 -0.03187 -0.03703 0.01622 0.36502 0.93012
1726497682.034583092 -0.08537 0.05106 -0.03190 -0.03703 0.01623 0.36501 0.93012
1726497682.044583321 -0.08540 0.05103 -0.03191 -0.03703 0.01625 0.36501 0.93012
1726497682.054583311 -0.08545 0.05103 -0.03190 -0.03703 0.01626 0.36501 0.93012
1726497682.064583302 -0.08552 0.05104 -0.03189 -0.03703 0.01628 0.36501 0.93013
1726497682.074583054 -0.08559 0.05106 -0.03187 -0.03703 0.01631 0.36500 0.93013
1726497682.084583282 -0.08568 0.05109 -0.03183 -0.03703 0.01633 0.36500 0.93013
1726497682.094583511 -0.08577 0.05113 -0.03180 -0.03703 0.01635 0.36499 0.93013
1726497682.104583263 -0.08586 0.05117 -0.03175 -0.03703 0.01637 0.36499 0.93013
1726497682.114583254 -0.08595 0.05122 -0.03171 -0.03703 0.01638 0.36498 0.93013
1726497682.124583244 -0.08603 0.05127 -0.03167 -0.03702 0.01640 0.36498 0.93013
1726497682.134583473 -0.08611 0.05132 -0.03163 -0.03702 0.01640 0.36498 0.93014
1726497682.144583225 -0.08617 0.05136 -0.03159 -0.03701 0.01640 0.36497 0.93014
1726497682.154583216 -0.08623 0.05140 -0.03157 -0.03700 0.01639 0.36497 0.93014
1726497682.164583206 -0.08627 0.05144 -0.03155 -0.03699 0.01638 0.36497 0.93014
1726497682.174583435 -0.08630 0.05146 -0.03154 -0.03698 0.01637 0.36497 0.93014
1726497682.184583187 -0.08632 0.05147 -0.03155 -0.03697 0.01635 0.36497 0.93014
1726497682.194583178 -0.08633 0.05147 -0.03157 -0.03695 0.01633 0.36497 0.93014
1726497682.204583168 -0.08633 0.05146 -0.03161 -0.03694 0.01631 0.36497 0.93014
1726497682.214583397 -0.08631 0.05142 -0.03167 -0.03693 0.01629 0.36497 0.93014
1726497682.224583387 -0.08628 0.05137 -0.03175 -0.03693 0.01626 0.36498 0.93014
1726497682.234583139 -0.08624 0.05130 -0.03186 -0.03692 0.01624 0.36498 0.93014
1726497682.244583368 -0.08618 0.05121 -0.03199 -0.03692 0.01623 0.36499 0.93014
1726497682.254583359 -0.08611 0.05109 -0.03214 -0.03692 0.01621 0.36499 0.93014
1726497682.264583349 -0.08604 0.05096 -0.03230 -0.03692 0.01619 0.36500 0.93013
1726497682.274583101 -0.08594 0.05082 -0.03247 -0.03693 0.01618 0.36501 0.93013
1726497682.284583330 -0.08584 0.05066 -0.03263 -0.03693 0.01617 0.36502 0.93013
1726497682.294583321 -0.08573 0.05050 -0.03277 -0.03694 0.01617 0.36503 0.93012
1726497682.304583311 -0.08560 0.05033 -0.03289 -0.03695 0.01616 0.36504 0.93012
1726497682.314583063 -0.08546 0.05017 -0.03298 -0.03696 0.01616 0.36505 0.93011
1726497682.324583292 -0.08532 0.05000 -0.03302 -0.03697 0.01616 0.36507 0.93010
1726497682.334583521 -0.08516 0.04985 -0.03302 -0.03698 0.01617 0.36509 0.93010
1726497682.344583273 -0.08499 0.04970 -0.03297 -0.03699 0.01617 0.36511 0.93009
1726497682.354583263 -0.08482 0.04956 -0.03287 -0.03700 0.01618 0.36513 0.93008
1726497682.364583254 -0.08465 0.04943 -0.03275 -0.03701 0.01619 0.36515 0.93007
1726497682.374583483 -0.08448 0.04933 -0.03260 -0.03701 0.01621 0.36517 0.93006
1726497682.384583235 -0.08433 0.04924 -0.03244 -0.03702 0.01622 0.36519 0.93006
1726497682.394583225 -0.08419 0.04918 -0.03228 -0.03702 0.01623 0.36520 0.93005
1726497682.404583216 -0.08408 0.04914 -0.03214 -0.03701 0.01624 0.36522 0.93005
1726497682.414583445 -0.08399 0.04914 -0.03203 -0.03701 0.01625 0.36522 0.93004
1726497682.424583197 -0.08394 0.04916 -0.03195 -0.03699 0.01626 0.36522 0.93004
1726497682.434583187 -0.08392 0.04922 -0.03193 -0.03697 0.01626 0.36521 0.93005
1726497682.444583178 -0.08395 0.04932 -0.03196 -0.03695 0.01626 0.36520 0.93005
1726497682.454583406 -0.08401 0.04944 -0.03204 -0.03692 0.01626 0.36518 0.93006
1726497682.464583158 -0.08411 0.04959 -0.03217 -0.03689 0.01625 0.36515 0.93008
1726497682.474583149 -0.08423 0.04976 -0.03232 -0.03686 0.01625 0.36512 0.93009
1726497682.484583378 -0.08437 0.04993 -0.03250 -0.03684 0.01623 0.36509 0.93010
1726497682.494583368 -0.08452 0.05010 -0.03268 -0.03681 0.01622 0.36506 0.93012
1726497682.504583359 -0.08468 0.05027 -0.03286 -0.03680 0.01620 0.36502 0.93013
1726497682.514583111 -0.08483 0.05042 -0.03302 -0.03679 0.01618 0.36500 0.93014
1726497682.524583340 -0.08498 0.05055 -0.03316 -0.03679 0.01616 0.36497 0.93015
1726497682.534583330 -0.08511 0.05065 -0.03326 -0.03680 0.01613 0.36495 0.93016
1726497682.544583321 -0.08522 0.05071 -0.03332 -0.03683 0.01611 0.36494 0.93016
1726497682.554583073 -0.08532 0.05074 -0.03333 -0.03687 0.01608 0.36494 0.93016
1726497682.564583302 -0.08540 0.05074 -0.03331 -0.03692 0.01606 0.36494 0.93016
1726497682.574583292 -0.08546 0.05071 -0.03325 -0.03696 0.01604 0.36494 0.93016
1726497682.584583282 -0.08551 0.05066 -0.03316 -0.03701 0.01603 0.36495 0.93015
1726497682.594583035 -0.08554 0.05058 -0.03304 -0.03706 0.01602 0.36496 0.93015
1726497682.604583263 -0.08557 0.05049 -0.03290 -0.03709 0.01603 0.36497 0.93014
1726497682.614583492 -0.08559 0.05038 -0.03274 -0.03712 0.01605 0.36498 0.93014
1726497682.624583244 -0.08560 0.05026 -0.03257 -0.03713 0.01609 0.36498 0.93014
1726497682.634583235 -0.08561 0.05013 -0.03238 -0.03712 0.01615 0.36498 0.93013
1726497682.644583225 -0.08562 0.05000 -0.03219 -0.03709 0.01622 0.36498 0.93014
1726497682.654583454 -0.08562 0.04986 -0.03199 -0.03704 0.01631 0.36497 0.93014
1726497682.664583206 -0.08563 0.04972 -0.03180 -0.03697 0.01641 0.36496 0.93014
1726497682.674583197 -0.08564 0.04958 -0.03161 -0.03690 0.01652 0.36495 0.93015
1726497682.684583187 -0.08566 0.04943 -0.03144 -0.03683 0.01663 0.36494 0.93015
1726497682.694583416 -0.08568 0.04929 -0.03129 -0.03675 0.01673 0.36493 0.93016
1726497682.704583168 -0.08572 0.04915 -0.03115 -0.03669 0.01683 0.36492 0.93016
1726497682.714583158 -0.08578 0.04902 -0.03105 -0.03663 0.01692 0.36491 0.93017
1726497682.724583387 -0.08585 0.04889 -0.03098 -0.03659 0.01699 0.36490 0.93017
1726497682.734583378 -0.08594 0.04876 -0.03095 -0.03657 0.01704 0.36490 0.93017
1726497682.744583368 -0.08605 0.04865 -0.03095 -0.03658 0.01706 0.36490 0.93017
1726497682.754583120 -0.08617 0.04854 -0.03100 -0.03660 0.01707 0.36491 0.93017
1726497682.764583349 -0.08631 0.04844 -0.03107 -0.03664 0.01705 0.36491 0.93016
1726497682.774583340 -0.08645 0.04834 -0.03117 -0.03670 0.01702 0.36492 0.93016
1726497682.784583330 -0.08658 0.04825 -0.03129 -0.03676 0.01699 0.36492 0.93016
1726497682.794583082 -0.08670 0.04817 -0.03142 -0.03683 0.01694 0.36491 0.93016
1726497682.804583311 -0.08681 0.04808 -0.03156 -0.03689 0.01690 0.36490 0.93016
1726497682.814583302 -0.08689 0.04800 -0.03170 -0.03695 0.01686 0.36488 0.93017
1726497682.824583292 -0.08694 0.04792 -0.03184 -0.03700 0.01682 0.36485 0.93018
1726497682.834583044 -0.08695 0.04784 -0.03196 -0.03703 0.01680 0.36480 0.93020
1726497682.844583273 -0.08693 0.04776 -0.03207 -0.03705 0.01679 0.36473 0.93022
1726497682.854583502 -0.08686 0.04769 -0.03216 -0.03705 0.01679 0.36461 0.93027
1726497682.864583254 -0.08677 0.04763 -0.03225 -0.03704 0.01680 0.36439 0.93036
1726497682.874583244 -0.08664 0.04759 -0.03232 -0.03702 0.01681 0.36405 0.93049
1726497682.884583235 -0.08648 0.04758 -0.03238 -0.03700 0.01683 0.36353 0.93070
1726497682.894583464 -0.08631 0.04761 -0.03244 -0.03698 0.01684 0.36279 0.93098
1726497682.904583216 -0.08612 0.04767 -0.03249 -0.03697 0.01685 0.36181 0.93136
1726497682.914583206 -0.08591 0.04779 -0.03254 -0.03696 0.01685 0.36054 0.93186
1726497682.924583197 -0.08570 0.04796 -0.03259 -0.03696 0.01684 0.35895 0.93247
1726497682.934583426 -0.08549 0.04820 -0.03264 -0.03698 0.01681 0.35698 0.93323
1726497682.944583178 -0.08527 0.04849 -0.03269 -0.03702 0.01676 0.35462 0.93413
1726497682.954583168 -0.08503 0.04883 -0.03275 -0.03707 0.01671 0.35195 0.93514
1726497682.964583158 -0.08476 0.04918 -0.03282 -0.03712 0.01666 0.34904 0.93622
1726497682.974583387 -0.08444 0.04951 -0.03289 -0.03716 0.01663 0.34598 0.93736
1726497682.984583378 -0.08404 0.04979 -0.03297 -0.03719 0.01663 0.34287 0.93850
1726497682.994583130 -0.08356 0.05000 -0.03306 -0.03720 0.01667 0.33977 0.93963
1726497683.004583359 -0.08299 0.05017 -0.03317 -0.03719 0.01673 0.33666 0.94074
1726497683.014583349 -0.08235 0.05034 -0.03332 -0.03719 0.01680 0.33353 0.94186
1726497683.024583340 -0.08163 0.05055 -0.03354 -0.03719 0.01687 0.33034 0.94298
1726497683.034583092 -0.08085 0.05085 -0.03383 -0.03722 0.01690 0.32707 0.94412
1726497683.044583321 -0.08001 0.05125 -0.03421 -0.03727 0.01690 0.32369 0.94528
1726497683.054583311 -0.07912 0.05172 -0.03465 -0.03735 0.01687 0.32023 0.94645
1726497683.064583302 -0.07821 0.05223 -0.03512 -0.03744 0.01682 0.31672 0.94763
1726497683.074583054 -0.07728 0.05271 -0.03557 -0.03754 0.01678 0.31321 0.94879
1726497683.084583282 -0.07636 0.05313 -0.03598 -0.03763 0.01676 0.30971 0.94994
1726497683.094583511 -0.07545 0.05346 -0.03632 -0.03770 0.01676 0.30627 0.95105
1726497683.104583263 -0.07459 0.05369 -0.03658 -0.03776 0.01678 0.30290 0.95213
1726497683.114583254 -0.07378 0.05385 -0.03678 -0.03780 0.01682 0.29959 0.95317
1726497683.124583244 -0.07304 0.05397 -0.03692 -0.03783 0.01687 0.29635 0.95418
1726497683.134583473 -0.07241 0.05406 -0.03701 -0.03786 0.01692 0.29319 0.95516
1726497683.144583225 -0.07187 0.05414 -0.03706 -0.03788 0.01695 0.29010 0.95610
1726497683.154583216 -0.07140 0.05422 -0.03708 -0.03790 0.01698 0.28705 0.95701
1726497683.164583206 -0.07094 0.05431 -0.03709 -0.03792 0.01701 0.28402 0.95792
1726497683.174583435 -0.07045 0.05440 -0.03712 -0.03794 0.01703 0.28096 0.95882
1726497683.184583187 -0.06988 0.05449 -0.03716 -0.03796 0.01705 0.27785 0.95972
1726497683.194583178 -0.06919 0.05459 -0.03724 -0.03799 0.01708 0.27466 0.96064
1726497683.204583168 -0.06844 0.05468 -0.03734 -0.03803 0.01711 0.27142 0.96156
1726497683.214583397 -0.06766 0.05472 -0.03742 -0.03806 0.01715 0.26817 0.96247
1726497683.224583387 -0.06692 0.05471 -0.03748 -0.03809 0.01722 0.26494 0.96336
1726497683.234583139 -0.06628 0.05462 -0.03747 -0.03811 0.01730 0.26177 0.96422
1726497683.244583368 -0.06577 0.05444 -0.03739 -0.03813 0.01741 0.25869 0.96505
1726497683.254583359 -0.06535 0.05419 -0.03727 -0.03813 0.01754 0.25568 0.96585
1726497683.264583349 -0.06497 0.05391 -0.03712 -0.03814 0.01766 0.25274 0.96662
1726497683.274583101 -0.06459 0.05366 -0.03698 -0.03816 0.01777 0.24982 0.96738
1726497683.284583330 -0.06414 0.05347 -0.03689 -0.03820 0.01785 0.24692 0.96812
1726497683.294583321 -0.06358 0.05338 -0.03688 -0.03826 0.01790 0.24401 0.96885
1726497683.304583311 -0.06291 0.05340 -0.03697 -0.03833 0.01790 0.24110 0.96958
1726497683.314583063 -0.06216 0.05354 -0.03719 -0.03841 0.01787 0.23823 0.97028
1726497683.324583292 -0.06133 0.05380 -0.03758 -0.03847 0.01781 0.23541 0.97097
1726497683.334583521 -0.06044 0.05418 -0.03817 -0.03853 0.01772 0.23267 0.97163
1726497683.344583273 -0.05951 0.05470 -0.03896 -0.03855 0.01761 0.23002 0.97226
1726497683.354583263 -0.05854 0.05530 -0.03989 -0.03856 0.01748 0.22743 0.97287
1726497683.364583254 -0.05755 0.05593 -0.04088 -0.03856 0.01734 0.22486 0.97347
1726497683.374583483 -0.05657 0.05655 -0.04185 -0.03855 0.01721 0.22227 0.97407
1726497683.384583235 -0.05560 0.05711 -0.04272 -0.03855 0.01709 0.21963 0.97467
1726497683.394583225 -0.05465 0.05755 -0.04340 -0.03857 0.01698 0.21690 0.97528
1726497683.404583216 -0.05374 0.05788 -0.04388 -0.03859 0.01691 0.21407 0.97591
1726497683.414583445 -0.05286 0.05809 -0.04415 -0.03861 0.01687 0.21113 0.97655
1726497683.424583197 -0.05202 0.05818 -0.04419 -0.03863 0.01687 0.20807 0.97720
1726497683.434583187 -0.05121 0.05814 -0.04398 -0.03864 0.01692 0.20490 0.97787
1726497683.444583178 -0.05044 0.05800 -0.04354 -0.03864 0.01702 0.20160 0.97856
1726497683.454583406 -0.04968 0.05777 -0.04293 -0.03862 0.01716 0.19819 0.97925
1726497683.464583158 -0.04892 0.05751 -0.04225 -0.03859 0.01732 0.19466 0.97996
1726497683.474583149 -0.04811 0.05726 -0.04160 -0.03855 0.01749 0.19103 0.98067
1726497683.484583378 -0.04725 0.05707 -0.04107 -0.03850 0.01765 0.18730 0.98139
1726497683.494583368 -0.04631 0.05697 -0.04073 -0.03844 0.01778 0.18348 0.98211
1726497683.504583359 -0.04533 0.05691 -0.04053 -0.03838 0.01790 0.17958 0.98283
1726497683.514583111 -0.04436 0.05682 -0.04040 -0.03835 0.01800 0.17561 0.98355
1726497683.524583340 -0.04343 0.05665 -0.04029 -0.03836 0.01809 0.17157 0.98426
1726497683.534583330 -0.04260 0.05634 -0.04011 -0.03843 0.01817 0.16748 0.98496
1726497683.544583321 -0.04188 0.05583 -0.03982 -0.03856 0.01826 0.16333 0.98565
1726497683.554583073 -0.04126 0.05519 -0.03945 -0.03875 0.01834 0.15913 0.98633
1726497683.564583302 -0.04067 0.05449 -0.03904 -0.03896 0.01840 0.15487 0.98700
1726497683.574583292 -0.04006 0.05381 -0.03865 -0.03917 0.01844 0.15054 0.98766
1726497683.584583282 -0.03939 0.05323 -0.03832 -0.03934 0.01845 0.14615 0.98831
1726497683.594583035 -0.03862 0.05280 -0.03809 -0.03948 0.01841 0.14169 0.98895
1726497683.604583263 -0.03775 0.05252 -0.03796 -0.03957 0.01835 0.13715 0.98959
1726497683.614583492 -0.03680 0.05235 -0.03792 -0.03965 0.01828 0.13254 0.99022
1726497683.624583244 -0.03579 0.05227 -0.03797 -0.03971 0.01822 0.12785 0.99083
1726497683.634583235 -0.03475 0.05223 -0.03808 -0.03978 0.01817 0.12309 0.99143
1726497683.644583225 -0.03368 0.05222 -0.03826 -0.03987 0.01816 0.11825 0.99202
1726497683.654583454 -0.03259 0.05222 -0.03847 -0.03997 0.01818 0.11337 0.99258
1726497683.664583206 -0.03151 0.05222 -0.03870 -0.04006 0.01822 0.10848 0.99312
1726497683.674583197 -0.03044 0.05220 -0.03892 -0.04015 0.01827 0.10361 0.99364
1726497683.684583187 -0.02938 0.05216 -0.03911 -0.04021 0.01832 0.09879 0.99413
1726497683.694583416 -0.02835 0.05210 -0.03925 -0.04023 0.01836 0.09405 0.99459
1726497683.704583168 -0.02737 0.05204 -0.03937 -0.04023 0.01839 0.08938 0.99501
1726497683.714583158 -0.02649 0.05202 -0.03948 -0.04020 0.01840 0.08478 0.99542
1726497683.724583387 -0.02573 0.05209 -0.03963 -0.04014 0.01840 0.08023 0.99580
1726497683.734583378 -0.02512 0.05229 -0.03982 -0.04005 0.01837 0.07573 0.99615
1726497683.744583368 -0.02468 0.05263 -0.04010 -0.03995 0.01832 0.07126 0.99649
1726497683.754583120 -0.02435 0.05308 -0.04042 -0.03983 0.01825 0.06681 0.99680
1726497683.764583349 -0.02408 0.05358 -0.04076 -0.03971 0.01819 0.06237 0.99710
1726497683.774583340 -0.02380 0.05407 -0.04108 -0.03959 0.01815 0.05791 0.99737
1726497683.784583330 -0.02343 0.05449 -0.04137 -0.03947 0.01814 0.05342 0.99763
1726497683.794583082 -0.02294 0.05477 -0.04157 -0.03938 0.01817 0.04889 0.99786
1726497683.804583311 -0.02235 0.05485 -0.04170 -0.03930 0.01824 0.04434 0.99808
1726497683.814583302 -0.02171 0.05465 -0.04173 -0.03925 0.01832 0.03980 0.99827
1726497683.824583292 -0.02108 0.05410 -0.04168 -0.03923 0.01841 0.03528 0.99844
1726497683.834583044 -0.02049 0.05311 -0.04152 -0.03924 0.01849 0.03082 0.99858
1726497683.844583273 -0.02000 0.05166 -0.04126 -0.03930 0.01855 0.02643 0.99871
1726497683.854583502 -0.01959 0.04989 -0.04094 -0.03937 0.01859 0.02211 0.99881
1726497683.864583254 -0.01921 0.04799 -0.04060 -0.03946 0.01861 0.01786 0.99889
1726497683.874583244 -0.01886 0.04615 -0.04027 -0.03955 0.01861 0.01367 0.99895
1726497683.884583235 -0.01849 0.04457 -0.03999 -0.03962 0.01859 0.00953 0.99900
1726497683.894583464 -0.01809 0.04338 -0.03981 -0.03966 0.01855 0.00544 0.99903
1726497683.904583216 -0.01766 0.04256 -0.03974 -0.03967 0.01851 0.00139 0.99904
1726497683.914583206 -0.01719 0.04207 -0.03981 -0.03967 0.01846 -0.00263 0.99904
1726497683.924583197 -0.01669 0.04184 -0.04003 -0.03965 0.01840 -0.00662 0.99902
1726497683.934583426 -0.01618 0.04181 -0.04042 -0.03962 0.01834 -0.01059 0.99899
1726497683.944583178 -0.01564 0.04192 -0.04099 -0.03959 0.01828 -0.01455 0.99894
1726497683.954583168 -0.01510 0.04212 -0.04168 -0.03955 0.01822 -0.01850 0.99888
1726497683.964583158 -0.01455 0.04236 -0.04242 -0.03951 0.01816 -0.02245 0.99880
1726497683.974583387 -0.01401 0.04259 -0.04313 -0.03946 0.01811 -0.02641 0.99871
1726497683.984583378 -0.01350 0.04276 -0.04375 -0.03940 0.01806 -0.03038 0.99860
1726497683.994583130 -0.01299 0.04281 -0.04421 -0.03934 0.01802 -0.03438 0.99847
1726497684.004583359 -0.01249 0.04273 -0.04451 -0.03927 0.01799 -0.03842 0.99833
1726497684.014583349 -0.01194 0.04250 -0.04465 -0.03922 0.01797 -0.04251 0.99816
1726497684.024583340 -0.01132 0.04211 -0.04462 -0.03918 0.01797 -0.04666 0.99798
1726497684.034583092 -0.01059 0.04153 -0.04443 -0.03916 0.01798 -0.05089 0.99777
1726497684.044583321 -0.00974 0.04078 -0.04409 -0.03918 0.01801 -0.05520 0.99754
1726497684.054583311 -0.00881 0.03990 -0.04365 -0.03921 0.01805 -0.05960 0.99729
1726497684.064583302 -0.00783 0.03897 -0.04317 -0.03926 0.01810 -0.06408 0.99701
1726497684.074583054 -0.00687 0.03806 -0.04270 -0.03932 0.01816 -0.06863 0.99670
1726497684.084583282 -0.00598 0.03725 -0.04232 -0.03937 0.01821 -0.07325 0.99637
1726497684.094583511 -0.00519 0.03658 -0.04206 -0.03942 0.01826 -0.07793 0.99601
1726497684.104583263 -0.00452 0.03602 -0.04188 -0.03946 0.01831 -0.08263 0.99563
1726497684.114583254 -0.00395 0.03553 -0.04173 -0.03948 0.01837 -0.08732 0.99523
1726497684.124583244 -0.00350 0.03504 -0.04155 -0.03951 0.01843 -0.09195 0.99481
1726497684.134583473 -0.00315 0.03452 -0.04128 -0.03953 0.01850 -0.09650 0.99438
1726497684.144583225 -0.00290 0.03393 -0.04089 -0.03955 0.01859 -0.10092 0.99393
1726497684.154583216 -0.00272 0.03329 -0.04043 -0.03957 0.01869 -0.10523 0.99348
1726497684.164583206 -0.00259 0.03266 -0.04000 -0.03959 0.01878 -0.10940 0.99303
1726497684.174583435 -0.00247 0.03208 -0.03966 -0.03960 0.01886 -0.11346 0.99257
1726497684.184583187 -0.00234 0.03161 -0.03951 -0.03961 0.01891 -0.11740 0.99211
1726497684.194583178 -0.00216 0.03129 -0.03959 -0.03962 0.01892 -0.12121 0.99166
1726497684.204583168 -0.00196 0.03106 -0.03984 -0.03962 0.01891 -0.12489 0.99120
1726497684.214583397 -0.00175 0.03090 -0.04018 -0.03963 0.01888 -0.12842 0.99075
1726497684.224583387 -0.00154 0.03074 -0.04051 -0.03964 0.01885 -0.13177 0.99031
1726497684.234583139 -0.00135 0.03055 -0.04074 -0.03967 0.01883 -0.13493 0.98988
1726497684.244583368 -0.00119 0.03027 -0.04081 -0.03970 0.01883 -0.13788 0.98947
1726497684.254583359 -0.00107 0.02992 -0.04073 -0.03975 0.01885 -0.14065 0.98908
1726497684.264583349 -0.00096 0.02953 -0.04054 -0.03980 0.01889 -0.14324 0.98871
1726497684.274583101 -0.00088 0.02911 -0.04026 -0.03986 0.01893 -0.14568 0.98835
1726497684.284583330 -0.00081 0.02869 -0.03992 -0.03992 0.01899 -0.14799 0.98800
1726497684.294583321 -0.00074 0.02829 -0.03958 -0.03998 0.01904 -0.15018 0.98767
1726497684.304583311 -0.00068 0.02793 -0.03925 -0.04003 0.01909 -0.15229 0.98734
1726497684.314583063 -0.00061 0.02764 -0.03897 -0.04007 0.01914 -0.15432 0.98702
1726497684.324583292 -0.00053 0.02743 -0.03877 -0.04010 0.01917 -0.15629 0.98671
1726497684.334583521 -0.00044 0.02733 -0.03869 -0.04011 0.01919 -0.15824 0.98640
1726497684.344583273 -0.00032 0.02735 -0.03876 -0.04010 0.01918 -0.16017 0.98609
1726497684.354583263 -0.00019 0.02749 -0.03895 -0.04008 0.01917 -0.16208 0.98578
1726497684.364583254 -0.00004 0.02771 -0.03925 -0.04005 0.01914 -0.16397 0.98547
1726497684.374583483 0.00011 0.02801 -0.03963 -0.04000 0.01910 -0.16584 0.98516
1726497684.384583235 0.00026 0.02836 -0.04007 -0.03995 0.01905 -0.16770 0.98484
1726497684.394583225 0.00041 0.02874 -0.04054 -0.03989 0.01901 -0.16953 0.98453
1726497684.404583216 0.00056 0.02914 -0.04102 -0.03983 0.01897 -0.17133 0.98423
1726497684.414583445 0.00068 0.02952 -0.04149 -0.03977 0.01893 -0.17311 0.98392
1726497684.424583197 0.00079 0.02988 -0.04192 -0.03971 0.01891 -0.17485 0.98361
1726497684.434583187 0.00087 0.03019 -0.04229 -0.03965 0.01890 -0.17657 0.98331
1726497684.444583178 0.00092 0.03045 -0.04259 -0.03960 0.01890 -0.17826 0.98301
1726497684.454583406 0.00095 0.03064 -0.04281 -0.03956 0.01893 -0.17991 0.98271
1726497684.464583158 0.00094 0.03078 -0.04296 -0.03953 0.01896 -0.18153 0.98241
1726497684.474583149 0.00090 0.03088 -0.04307 -0.03950 0.01900 -0.18312 0.98211
1726497684.484583378 0.00083 0.03094 -0.04312 -0.03948 0.01905 -0.18467 0.98182
1726497684.494583368 0.00073 0.03098 -0.04315 -0.03947 0.01910 -0.18620 0.98153
1726497684.504583359 0.00060 0.03099 -0.04314 -0.03946 0.01916 -0.18769 0.98125
1726497684.514583111 0.00045 0.03100 -0.04312 -0.03946 0.01920 -0.18916 0.98097
1726497684.524583340 0.00026 0.03100 -0.04309 -0.03946 0.01924 -0.19059 0.98069
1726497684.534583330 0.00004 0.03100 -0.04307 -0.03947 0.01928 -0.19199 0.98041
1726497684.544583321 -0.00021 0.03101 -0.04306 -0.03948 0.01930 -0.19336 0.98014
1726497684.554583073 -0.00048 0.03103 -0.04305 -0.03950 0.01931 -0.19471 0.97988
1726497684.564583302 -0.00077 0.03105 -0.04305 -0.03952 0.01931 -0.19602 0.97961
1726497684.574583292 -0.00108 0.03107 -0.04305 -0.03955 0.01930 -0.19731 0.97935
1726497684.584583282 -0.00140 0.03110 -0.04304 -0.03957 0.01929 -0.19857 0.97910
1726497684.594583035 -0.00173 0.03112 -0.04303 -0.03960 0.01928 -0.19980 0.97885
1726497684.604583263 -0.00205 0.03113 -0.04300 -0.03963 0.01926 -0.20101 0.97860
1726497684.614583492 -0.00238 0.03113 -0.04296 -0.03965 0.01925 -0.20219 0.97835
1726497684.624583244 -0.00269 0.03112 -0.04289 -0.03968 0.01924 -0.20334 0.97811
1726497684.634583235 -0.00299 0.03109 -0.04281 -0.03970 0.01924 -0.20448 0.97788
1726497684.644583225 -0.00328 0.03104 -0.04269 -0.03972 0.01924 -0.20558 0.97764
1726497684.654583454 -0.00355 0.03098 -0.04255 -0.03974 0.01925 -0.20666 0.97742
1726497684.664583206 -0.00380 0.03091 -0.04239 -0.03975 0.01926 -0.20769 0.97720
1726497684.674583197 -0.00404 0.03084 -0.04222 -0.03977 0.01928 -0.20868 0.97699
1726497684.684583187 -0.00426 0.03076 -0.04205 -0.03978 0.01930 -0.20960 0.97679
1726497684.694583416 -0.00447 0.03069 -0.04187 -0.03979 0.01932 -0.21045 0.97660
1726497684.704583168 -0.00467 0.03063 -0.04170 -0.03980 0.01933 -0.21123 0.97643
1726497684.714583158 -0.00486 0.03059 -0.04154 -0.03980 0.01935 -0.21192 0.97628
1726497684.724583387 -0.00503 0.03056 -0.04139 -0.03981 0.01937 -0.21252 0.97615
1726497684.734583378 -0.00520 0.03056 -0.04127 -0.03982 0.01937 -0.21301 0.97605
1726497684.744583368 -0.00535 0.03058 -0.04118 -0.03982 0.01938 -0.21339 0.97596
1726497684.754583120 -0.00550 0.03064 -0.04110 -0.03982 0.01938 -0.21366 0.97590
1726497684.764583349 -0.00564 0.03071 -0.04105 -0.03983 0.01937 -0.21385 0.97586
1726497684.774583340 -0.00578 0.03081 -0.04101 -0.03983 0.01936 -0.21397 0.97584
1726497684.784583330 -0.00592 0.03092 -0.04097 -0.03983 0.01935 -0.21401 0.97583
1726497684.794583082 -0.00606 0.03104 -0.04094 -0.03982 0.01934 -0.21401 0.97583
1726497684.804583311 -0.00620 0.03118 -0.04090 -0.03982 0.01934 -0.21397 0.97584
1726497684.814583302 -0.00635 0.03132 -0.04086 -0.03981 0.01933 -0.21390 0.97585
1726497684.824583292 -0.00650 0.03147 -0.04081 -0.03979 0.01932 -0.21382 0.97587
1726497684.834583044 -0.00666 0.03163 -0.04073 -0.03978 0.01932 -0.21374 0.97589
1726497684.844583273 -0.00683 0.03178 -0.04064 -0.03975 0.01933 -0.21367 0.97591
1726497684.854583502 -0.00701 0.03193 -0.04053 -0.03973 0.01934 -0.21361 0.97592
1726497684.864583254 -0.00719 0.03208 -0.04041 -0.03970 0.01935 -0.21356 0.97593
1726497684.874583244 -0.00737 0.03223 -0.04028 -0.03967 0.01936 -0.21351 0.97594
1726497684.884583235 -0.00755 0.03239 -0.04015 -0.03964 0.01937 -0.21348 0.97595
1726497684.894583464 -0.00772 0.03256 -0.04002 -0.03961 0.01939 -0.21346 0.97596
1726497684.904583216 -0.00788 0.03273 -0.03990 -0.03959 0.01940 -0.21344 0.97596
1726497684.914583206 -0.00802 0.03290 -0.03980 -0.03956 0.01941 -0.21343 0.97596
1726497684.924583197 -0.00815 0.03309 -0.03972 -0.03954 0.01941 -0.21342 0.97597
1726497684.934583426 -0.00827 0.03329 -0.03966 -0.03952 0.01941 -0.21342 0.97597
1726497684.944583178 -0.00835 0.03350 -0.03963 -0.03951 0.01940 -0.21342 0.97597
1726497684.954583168 -0.00842 0.03372 -0.03963 -0.03950 0.01939 -0.21343 0.97597
1726497684.964583158 -0.00848 0.03395 -0.03965 -0.03950 0.01938 -0.21343 0.97597
1726497684.974583387 -0.00853 0.03419 -0.03968 -0.03949 0.01936 -0.21343 0.97597
1726497684.984583378 -0.00858 0.03445 -0.03973 -0.03949 0.01934 -0.21343 0.97597
1726497684.994583130 -0.00864 0.03472 -0.03980 -0.03949 0.01932 -0.21342 0.97597
1726497685.004583359 -0.00870 0.03500 -0.03986 -0.03949 0.01930 -0.21341 0.97597
1726497685.014583349 -0.00877 0.03529 -0.03993 -0.03948 0.01928 -0.21338 0.97598
1726497685.024583340 -0.00887 0.03559 -0.03999 -0.03947 0.01926 -0.21334 0.97599
1726497685.034583092 -0.00899 0.03591 -0.04004 -0.03946 0.01925 -0.21328 0.97600
1726497685.044583321 -0.00914 0.03624 -0.04009 -0.03944 0.01924 -0.21321 0.97602
1726497685.054583311 -0.00931 0.03658 -0.04012 -0.03942 0.01924 -0.21310 0.97605
1726497685.064583302 -0.00951 0.03693 -0.04014 -0.03940 0.01923 -0.21294 0.97608
1726497685.074583054 -0.00972 0.03729 -0.04015 -0.03937 0.01924 -0.21271 0.97613
1726497685.084583282 -0.00995 0.03766 -0.04016 -0.03934 0.01924 -0.21239 0.97620
1726497685.094583511 -0.01018 0.03804 -0.04015 -0.03931 0.01924 -0.21198 0.97629
1726497685.104583263 -0.01042 0.03843 -0.04014 -0.03927 0.01925 -0.21144 0.97641
1726497685.114583254 -0.01066 0.03882 -0.04013 -0.03924 0.01926 -0.21076 0.97656
1726497685.124583244 -0.01089 0.03922 -0.04011 -0.03921 0.01927 -0.20993 0.97674
1726497685.134583473 -0.01112 0.03962 -0.04009 -0.03917 0.01927 -0.20893 0.97696
1726497685.144583225 -0.01133 0.04002 -0.04007 -0.03914 0.01928 -0.20774 0.97721
1726497685.154583216 -0.01153 0.04043 -0.04005 -0.03911 0.01929 -0.20638 0.97750
1726497685.164583206 -0.01172 0.04083 -0.04003 -0.03908 0.01930 -0.20486 0.97782
1726497685.174583435 -0.01188 0.04122 -0.04002 -0.03905 0.01930 -0.20318 0.97817
1726497685.184583187 -0.01203 0.04161 -0.04001 -0.03903 0.01931 -0.20137 0.97855
1726497685.194583178 -0.01217 0.04198 -0.04001 -0.03901 0.01932 -0.19943 0.97895
1726497685.204583168 -0.01228 0.04234 -0.04002 -0.03900 0.01933 -0.19738 0.97936
1726497685.214583397 -0.01238 0.04267 -0.04005 -0.03899 0.01934 -0.19523 0.97979
1726497685.224583387 -0.01245 0.04298 -0.04009 -0.03899 0.01935 -0.19300 0.98023
1726497685.234583139 -0.01251 0.04327 -0.04015 -0.03899 0.01936 -0.19069 0.98068
1726497685.244583368 -0.01254 0.04353 -0.04023 -0.03900 0.01938 -0.18833 0.98114
1726497685.254583359 -0.01255 0.04376 -0.04032 -0.03902 0.01940 -0.18592 0.98160
1726497685.264583349 -0.01254 0.04397 -0.04042 -0.03903 0.01941 -0.18348 0.98206
1726497685.274583101 -0.01252 0.04416 -0.04051 -0.03906 0.01943 -0.18103 0.98251
1726497685.284583330 -0.01249 0.04433 -0.04061 -0.03908 0.01945 -0.17857 0.98296
1726497685.294583321 -0.01245 0.04448 -0.04068 -0.03910 0.01948 -0.17613 0.98340
1726497685.304583311 -0.01241 0.04463 -0.04074 -0.03911 0.01950 -0.17373 0.98382
1726497685.314583063 -0.01236 0.04477 -0.04077 -0.03913 0.01952 -0.17136 0.98424
1726497685.324583292 -0.01231 0.04490 -0.04077 -0.03913 0.01955 -0.16906 0.98463
1726497685.334583521 -0.01226 0.04503 -0.04074 -0.03914 0.01957 -0.16683 0.98501
1726497685.344583273 -0.01222 0.04517 -0.04065 -0.03913 0.01960 -0.16469 0.98537
1726497685.354583263 -0.01218 0.04530 -0.04054 -0.03911 0.01962 -0.16264 0.98572
1726497685.364583254 -0.01214 0.04544 -0.04040 -0.03909 0.01965 -0.16066 0.98604
1726497685.374583483 -0.01209 0.04559 -0.04025 -0.03907 0.01967 -0.15876 0.98635
1726497685.384583235 -0.01205 0.04574 -0.04011 -0.03904 0.01970 -0.15693 0.98664
1726497685.394583225 -0.01200 0.04590 -0.03998 -0.03901 0.01971 -0.15517 0.98692
1726497685.404583216 -0.01194 0.04606 -0.03988 -0.03897 0.01973 -0.15347 0.98719
1726497685.414583445 -0.01187 0.04624 -0.03981 -0.03894 0.01974 -0.15183 0.98744
1726497685.424583197 -0.01180 0.04643 -0.03980 -0.03891 0.01975 -0.15024 0.98769
1726497685.434583187 -0.01170 0.04663 -0.03985 -0.03888 0.01975 -0.14870 0.98792
1726497685.444583178 -0.01159 0.04684 -0.03998 -0.03885 0.01974 -0.14720 0.98815
1726497685.454583406 -0.01147 0.04706 -0.04016 -0.03883 0.01973 -0.14575 0.98836
1726497685.464583158 -0.01134 0.04728 -0.04039 -0.03881 0.01972 -0.14433 0.98857
1726497685.474583149 -0.01120 0.04749 -0.04066 -0.03879 0.01970 -0.14295 0.98877
1726497685.484583378 -0.01106 0.04769 -0.04094 -0.03877 0.01968 -0.14161 0.98897
1726497685.494583368 -0.01092 0.04787 -0.04123 -0.03876 0.01966 -0.14030 0.98915
1726497685.504583359 -0.01078 0.04803 -0.04151 -0.03874 0.01964 -0.13903 0.98933
1726497685.514583111 -0.01065 0.04816 -0.04177 -0.03873 0.01963 -0.13779 0.98951
1726497685.524583340 -0.01053 0.04825 -0.04199 -0.03873 0.01961 -0.13659 0.98968
1726497685.534583330 -0.01042 0.04829 -0.04215 -0.03872 0.01960 -0.13541 0.98984
1726497685.544583321 -0.01033 0.04829 -0.04226 -0.03871 0.01960 -0.13426 0.99000
1726497685.554583073 -0.01025 0.04824 -0.04231 -0.03871 0.01960 -0.13312 0.99015
1726497685.564583302 -0.01020 0.04816 -0.04232 -0.03870 0.01960 -0.13200 0.99030
1726497685.574583292 -0.01016 0.04806 -0.04230 -0.03869 0.01961 -0.13086 0.99045
1726497685.584583282 -0.01015 0.04794 -0.04226 -0.03869 0.01962 -0.12971 0.99060
1726497685.594583035 -0.01016 0.04782 -0.04222 -0.03868 0.01963 -0.12853 0.99076
1726497685.604583263 -0.01020 0.04770 -0.04217 -0.03867 0.01964 -0.12731 0.99091
1726497685.614583492 -0.01026 0.04759 -0.04215 -0.03866 0.01965 -0.12604 0.99108
1726497685.624583244 -0.01034 0.04750 -0.04215 -0.03865 0.01965 -0.12471 0.99125
1726497685.634583235 -0.01046 0.04744 -0.04219 -0.03863 0.01966 -0.12331 0.99142
1726497685.644583225 -0.01060 0.04742 -0.04227 -0.03861 0.01966 -0.12182 0.99161
1726497685.654583454 -0.01077 0.04743 -0.04240 -0.03859 0.01966 -0.12024 0.99180
1726497685.664583206 -0.01095 0.04746 -0.04256 -0.03857 0.01966 -0.11859 0.99200
1726497685.674583197 -0.01114 0.04752 -0.04274 -0.03854 0.01966 -0.11686 0.99221
1726497685.684583187 -0.01134 0.04759 -0.04293 -0.03851 0.01966 -0.11506 0.99242
1726497685.694583416 -0.01153 0.04767 -0.04312 -0.03849 0.01966 -0.11319 0.99263
1726497685.704583168 -0.01171 0.04775 -0.04330 -0.03846 0.01965 -0.11125 0.99285
1726497685.714583158 -0.01187 0.04784 -0.04346 -0.03843 0.01965 -0.10924 0.99308
1726497685.724583387 -0.01201 0.04791 -0.04360 -0.03841 0.01966 -0.10717 0.99330
1726497685.734583378 -0.01212 0.04797 -0.04369 -0.03838 0.01966 -0.10504 0.99353
1726497685.744583368 -0.01220 0.04802 -0.04374 -0.03836 0.01967 -0.10285 0.99376
1726497685.754583120 -0.01225 0.04804 -0.04375 -0.03834 0.01968 -0.10062 0.99399
1726497685.764583349 -0.01228 0.04806 -0.04373 -0.03832 0.01969 -0.09834 0.99422
1726497685.774583340 -0.01230 0.04807 -0.04368 -0.03830 0.01971 -0.09603 0.99445
1726497685.784583330 -0.01233 0.04807 -0.04362 -0.03828 0.01972 -0.09370 0.99467
1726497685.794583082 -0.01236 0.04808 -0.04356 -0.03826 0.01974 -0.09135 0.99489
1726497685.804583311 -0.01242 0.04809 -0.04349 -0.03825 0.01975 -0.08898 0.99510
1726497685.814583302 -0.01250 0.04811 -0.04344 -0.03823 0.01977 -0.08662 0.99531
1726497685.824583292 -0.01263 0.04814 -0.04341 -0.03822 0.01978 -0.08426 0.99551
1726497685.834583044 -0.01280 0.04819 -0.04341 -0.03821 0.01979 -0.08192 0.99571
1726497685.844583273 -0.01303 0.04826 -0.04344 -0.03819 0.01979 -0.07959 0.99590
1726497685.854583502 -0.01330 0.04834 -0.04350 -0.03818 0.01980 -0.07729 0.99608
1726497685.864583254 -0.01361 0.04845 -0.04358 -0.03817 0.01980 -0.07501 0.99625
1726497685.874583244 -0.01394 0.04858 -0.04367 -0.03816 0.01980 -0.07276 0.99642
1726497685.884583235 -0.01428 0.04872 -0.04375 -0.03816 0.01981 -0.07053 0.99658
1726497685.894583464 -0.01462 0.04888 -0.04383 -0.03815 0.01982 -0.06833 0.99674
1726497685.904583216 -0.01495 0.04906 -0.04389 -0.03815 0.01984 -0.06616 0.99688
1726497685.914583206 -0.01526 0.04925 -0.04391 -0.03815 0.01986 -0.06401 0.99702
1726497685.924583197 -0.01553 0.04946 -0.04390 -0.03815 0.01989 -0.06190 0.99715
1726497685.934583426 -0.01575 0.04968 -0.04384 -0.03816 0.01994 -0.05981 0.99728
1726497685.944583178 -0.01591 0.04992 -0.04372 -0.03816 0.01999 -0.05776 0.99740
1726497685.954583168 -0.01603 0.05016 -0.04356 -0.03817 0.02006 -0.05574 0.99751
1726497685.964583158 -0.01610 0.05040 -0.04336 -0.03819 0.02013 -0.05376 0.99762
1726497685.974583387 -0.01614 0.05063 -0.04312 -0.03820 0.02020 -0.05183 0.99772
1726497685.984583378 -0.01616 0.05085 -0.04287 -0.03820 0.02028 -0.04994 0.99782
1726497685.994583130 -0.01616 0.05105 -0.04261 -0.03821 0.02036 -0.04810 0.99790
1726497686.004583359 -0.01615 0.05121 -0.04235 -0.03821 0.02043 -0.04632 0.99799
1726497686.014583349 -0.01615 0.05134 -0.04210 -0.03820 0.02049 -0.04459 0.99806
1726497686.024583340 -0.01615 0.05143 -0.04186 -0.03818 0.02055 -0.04293 0.99814
1726497686.034583092 -0.01618 0.05146 -0.04166 -0.03816 0.02059 -0.04134 0.99820
1726497686.044583321 -0.01623 0.05143 -0.04150 -0.03812 0.02062 -0.03981 0.99827
1726497686.054583311 -0.01631 0.05136 -0.04136 -0.03808 0.02063 -0.03836 0.99833
1726497686.064583302 -0.01640 0.05125 -0.04126 -0.03803 0.02063 -0.03699 0.99838
1726497686.074583054 -0.01652 0.05111 -0.04117 -0.03797 0.02063 -0.03570 0.99843
1726497686.084583282 -0.01665 0.05096 -0.04110 -0.03791 0.02061 -0.03450 0.99847
1726497686.094583511 -0.01679 0.05081 -0.04103 -0.03785 0.02058 -0.03340 0.99851
1726497686.104583263 -0.01694 0.05067 -0.04097 -0.03779 0.02055 -0.03239 0.99855
1726497686.114583254 -0.01710 0.05054 -0.04090 -0.03774 0.02051 -0.03148 0.99858
1726497686.124583244 -0.01726 0.05045 -0.04082 -0.03769 0.02047 -0.03069 0.99861
1726497686.134583473 -0.01741 0.05041 -0.04071 -0.03765 0.02042 -0.03000 0.99863
1726497686.144583225 -0.01756 0.05041 -0.04059 -0.03761 0.02038 -0.02943 0.99865
1726497686.154583216 -0.01770 0.05047 -0.04045 -0.03759 0.02033 -0.02897 0.99867
1726497686.164583206 -0.01783 0.05057 -0.04030 -0.03757 0.02029 -0.02860 0.99868
1726497686.174583435 -0.01794 0.05071 -0.04013 -0.03756 0.02024 -0.02832 0.99869
1726497686.184583187 -0.01803 0.05089 -0.03997 -0.03756 0.02020 -0.02811 0.99869
1726497686.194583178 -0.01810 0.05110 -0.03982 -0.03755 0.02017 -0.02797 0.99870
1726497686.204583168 -0.01814 0.05133 -0.03968 -0.03755 0.02013 -0.02789 0.99870
1726497686.214583397 -0.01815 0.05159 -0.03955 -0.03756 0.02010 -0.02784 0.99870
1726497686.224583387 -0.01812 0.05187 -0.03946 -0.03756 0.02008 -0.02783 0.99870
1726497686.234583139 -0.01805 0.05215 -0.03939 -0.03756 0.02006 -0.02785 0.99870
1726497686.244583368 -0.01795 0.05245 -0.03935 -0.03756 0.02005 -0.02787 0.99870
1726497686.254583359 -0.01781 0.05274 -0.03934 -0.03756 0.02005 -0.02791 0.99870
1726497686.264583349 -0.01764 0.05303 -0.03935 -0.03756 0.02005 -0.02795 0.99870
1726497686.274583101 -0.01745 0.05331 -0.03936 -0.03756 0.02006 -0.02801 0.99870
1726497686.284583330 -0.01726 0.05357 -0.03936 -0.03756 0.02007 -0.02806 0.99870
1726497686.294583321 -0.01705 0.05381 -0.03934 -0.03756 0.02009 -0.02811 0.99870
1726497686.304583311 -0.01685 0.05402 -0.03930 -0.03757 0.02010 -0.02817 0.99869
1726497686.314583063 -0.01667 0.05420 -0.03921 -0.03757 0.02013 -0.02822 0.99869
1726497686.324583292 -0.01650 0.05434 -0.03906 -0.03758 0.02015 -0.02826 0.99869
1726497686.334583521 -0.01635 0.05443 -0.03886 -0.03759 0.02017 -0.02829 0.99869
1726497686.344583273 -0.01624 0.05448 -0.03858 -0.03760 0.02019 -0.02832 0.99869
1726497686.354583263 -0.01616 0.05447 -0.03825 -0.03762 0.02022 -0.02833 0.99869
1726497686.364583254 -0.01611 0.05441 -0.03787 -0.03763 0.02024 -0.02834 0.99868
1726497686.374583483 -0.01607 0.05431 -0.03747 -0.03765 0.02026 -0.02833 0.99868
1726497686.384583235 -0.01604 0.05415 -0.03706 -0.03767 0.02028 -0.02832 0.99868
1726497686.394583225 -0.01602 0.05396 -0.03667 -0.03770 0.02030 -0.02831 0.99868
1726497686.404583216 -0.01601 0.05372 -0.03630 -0.03772 0.02032 -0.02829 0.99868
1726497686.414583445 -0.01599 0.05345 -0.03598 -0.03774 0.02033 -0.02827 0.99868
1726497686.424583197 -0.01597 0.05313 -0.03572 -0.03776 0.02035 -0.02824 0.99868
1726497686.434583187 -0.01593 0.05277 -0.03554 -0.03778 0.02036 -0.02822 0.99868
1726497686.444583178 -0.01588 0.05238 -0.03545 -0.03779 0.02037 -0.02819 0.99868
1726497686.454583406 -0.01581 0.05196 -0.03545 -0.03781 0.02037 -0.02817 0.99868
1726497686.464583158 -0.01574 0.05153 -0.03552 -0.03782 0.02037 -0.02814 0.99868
1726497686.474583149 -0.01565 0.05109 -0.03565 -0.03783 0.02037 -0.02812 0.99868
1726497686.484583378 -0.01556 0.05066 -0.03583 -0.03785 0.02037 -0.02810 0.99868
1726497686.494583368 -0.01547 0.05024 -0.03605 -0.03785 0.02036 -0.02808 0.99868
1726497686.504583359 -0.01539 0.04984 -0.03629 -0.03786 0.02035 -0.02806 0.99868
1726497686.514583111 -0.01531 0.04949 -0.03655 -0.03787 0.02033 -0.02805 0.99868
1726497686.524583340 -0.01524 0.04917 -0.03681 -0.03788 0.02031 -0.02804 0.99868
1726497686.534583330 -0.01518 0.04892 -0.03707 -0.03788 0.02028 -0.02803 0.99868
1726497686.544583321 -0.01514 0.04873 -0.03730 -0.03789 0.02025 -0.02803 0.99868
1726497686.554583073 -0.01511 0.04859 -0.03751 -0.03789 0.02022 -0.02803 0.99868
1726497686.564583302 -0.01511 0.04849 -0.03770 -0.03789 0.02019 -0.02803 0.99868
1726497686.574583292 -0.01511 0.04843 -0.03786 -0.03790 0.02015 -0.02803 0.99869
1726497686.584583282 -0.01514 0.04838 -0.03799 -0.03790 0.02012 -0.02803 0.99869
1726497686.594583035 -0.01518 0.04833 -0.03809 -0.03790 0.02009 -0.02804 0.99869
1726497686.604583263 -0.01523 0.04828 -0.03817 -0.03790 0.02006 -0.02804 0.99869
1726497686.614583492 -0.01529 0.04821 -0.03820 -0.03791 0.02004 -0.02804 0.99869
1726497686.624583244 -0.01537 0.04811 -0.03821 -0.03791 0.02002 -0.02804 0.99869
1726497686.634583235 -0.01547 0.04796 -0.03817 -0.03791 0.02002 -0.02803 0.99869
1726497686.644583225 -0.01557 0.04776 -0.03810 -0.03791 0.02002 -0.02802 0.99869
1726497686.654583454 -0.01569 0.04751 -0.03799 -0.03791 0.02003 -0.02801 0.99869
1726497686.664583206 -0.01581 0.04722 -0.03786 -0.03791 0.02005 -0.02799 0.99869
1726497686.674583197 -0.01594 0.04689 -0.03770 -0.03791 0.02007 -0.02796 0.99869
1726497686.684583187 -0.01607 0.04652 -0.03751 -0.03791 0.02010 -0.02794 0.99869
1726497686.694583416 -0.01621 0.04613 -0.03731 -0.03791 0.02014 -0.02791 0.99869
1726497686.704583168 -0.01633 0.04572 -0.03710 -0.03790 0.02017 -0.02788 0.99869
1726497686.714583158 -0.01646 0.04530 -0.03688 -0.03790 0.02021 -0.02784 0.99869
1726497686.724583387 -0.01657 0.04488 -0.03666 -0.03790 0.02024 -0.02781 0.99869
1726497686.734583378 -0.01668 0.04445 -0.03644 -0.03790 0.02028 -0.02777 0.99869
1726497686.744583368 -0.01677 0.04402 -0.03622 -0.03790 0.02031 -0.02773 0.99869
1726497686.754583120 -0.01685 0.04361 -0.03602 -0.03790 0.02034 -0.02769 0.99869
1726497686.764583349 -0.01691 0.04321 -0.03582 -0.03790 0.02036 -0.02765 0.99869
1726497686.774583340 -0.01697 0.04282 -0.03563 -0.03790 0.02038 -0.02761 0.99869
1726497686.784583330 -0.01700 0.04244 -0.03546 -0.03789 0.02040 -0.02757 0.99869
1726497686.794583082 -0.01702 0.04209 -0.03529 -0.03789 0.02042 -0.02753 0.99869
1726497686.804583311 -0.01703 0.04175 -0.03515 -0.03789 0.02043 -0.02750 0.99869
1726497686.814583302 -0.01702 0.04144 -0.03502 -0.03789 0.02045 -0.02746 0.99870
1726497686.824583292 -0.01700 0.04116 -0.03491 -0.03789 0.02046 -0.02743 0.99870
1726497686.834583044 -0.01696 0.04090 -0.03483 -0.03788 0.02046 -0.02741 0.99870
1726497686.844583273 -0.01690 0.04068 -0.03476 -0.03788 0.02047 -0.02739 0.99870
1726497686.854583502 -0.01683 0.04049 -0.03471 -0.03788 0.02047 -0.02737 0.99870
1726497686.864583254 -0.01676 0.04033 -0.03468 -0.03787 0.02048 -0.02736 0.99870
1726497686.874583244 -0.01668 0.04021 -0.03465 -0.03787 0.02048 -0.02735 0.99870
1726497686.884583235 -0.01659 0.04013 -0.03463 -0.03787 0.02048 -0.02735 0.99870
1726497686.894583464 -0.01651 0.04008 -0.03460 -0.03787 0.02048 -0.02735 0.99870
1726497686.904583216 -0.01644 0.04007 -0.03457 -0.03786 0.02048 -0.02735 0.99870
1726497686.914583206 -0.01638 0.04010 -0.03453 -0.03786 0.02049 -0.02736 0.99870
1726497686.924583197 -0.01633 0.04017 -0.03447 -0.03786 0.02049 -0.02738 0.99870
1726497686.934583426 -0.01630 0.04029 -0.03439 -0.03787 0.02050 -0.02740 0.99870
1726497686.944583178 -0.01629 0.04044 -0.03428 -0.03787 0.02051 -0.02743 0.99870
1726497686.954583168 -0.01630 0.04063 -0.03416 -0.03788 0.02053 -0.02745 0.99869
1726497686.964583158 -0.01633 0.04083 -0.03403 -0.03788 0.02054 -0.02748 0.99869
1726497686.974583387 -0.01636 0.04104 -0.03390 -0.03789 0.02055 -0.02751 0.99869
1726497686.984583378 -0.01641 0.04124 -0.03378 -0.03790 0.02056 -0.02754 0.99869
1726497686.994583130 -0.01647 0.04142 -0.03367 -0.03791 0.02057 -0.02757 0.99869
1726497687.004583359 -0.01652 0.04157 -0.03359 -0.03791 0.02058 -0.02759 0.99869
1726497687.014583349 -0.01658 0.04166 -0.03354 -0.03792 0.02058 -0.02761 0.99869
1726497687.024583340 -0.01663 0.04170 -0.03354 -0.03793 0.02057 -0.02762 0.99869
1726497687.034583092 -0.01668 0.04166 -0.03358 -0.03793 0.02056 -0.02762 0.99869
1726497687.044583321 -0.01672 0.04154 -0.03369 -0.03793 0.02054 -0.02761 0.99869
1726497687.054583311 -0.01675 0.04135 -0.03384 -0.03794 0.02051 -0.02759 0.99869
1726497687.064583302 -0.01677 0.04111 -0.03404 -0.03794 0.02047 -0.02757 0.99869
1726497687.074583054 -0.01678 0.04084 -0.03426 -0.03794 0.02044 -0.02754 0.99869
1726497687.084583282 -0.01679 0.04056 -0.03451 -0.03793 0.02040 -0.02751 0.99869
1726497687.094583511 -0.01680 0.04029 -0.03476 -0.03793 0.02036 -0.02749 0.99869
1726497687.104583263 -0.01679 0.04004 -0.03502 -0.03793 0.02032 -0.02746 0.99870
1726497687.114583254 -0.01679 0.03983 -0.03527 -0.03792 0.02029 -0.02745 0.99870
1726497687.124583244 -0.01678 0.03969 -0.03550 -0.03792 0.02025 -0.02743 0.99870
1726497687.134583473 -0.01677 0.03963 -0.03570 -0.03791 0.02023 -0.02743 0.99870
1726497687.144583225 -0.01676 0.03967 -0.03586 -0.03791 0.02021 -0.02745 0.99870
1726497687.154583216 -0.01674 0.03979 -0.03600 -0.03790 0.02019 -0.02747 0.99870
1726497687.164583206 -0.01673 0.03999 -0.03611 -0.03789 0.02018 -0.02750 0.99870
1726497687.174583435 -0.01671 0.04025 -0.03620 -0.03788 0.02018 -0.02753 0.99870
1726497687.184583187 -0.01669 0.04056 -0.03628 -0.03787 0.02017 -0.02758 0.99870
1726497687.194583178 -0.01666 0.04091 -0.03636 -0.03786 0.02017 -0.02762 0.99870
1726497687.204583168 -0.01664 0.04128 -0.03644 -0.03785 0.02017 -0.02767 0.99870
1726497687.214583397 -0.01660 0.04167 -0.03653 -0.03784 0.02017 -0.02772 0.99870
1726497687.224583387 -0.01657 0.04206 -0.03664 -0.03783 0.02017 -0.02776 0.99869
1726497687.234583139 -0.01653 0.04244 -0.03677 -0.03782 0.02017 -0.02781 0.99869
1726497687.244583368 -0.01648 0.04280 -0.03694 -0.03780 0.02016 -0.02784 0.99869
1726497687.254583359 -0.01644 0.04313 -0.03712 -0.03779 0.02015 -0.02788 0.99869
1726497687.264583349 -0.01639 0.04342 -0.03732 -0.03778 0.02014 -0.02791 0.99869
1726497687.274583101 -0.01635 0.04368 -0.03753 -0.03777 0.02013 -0.02793 0.99869
1726497687.284583330 -0.01631 0.04390 -0.03773 -0.03776 0.02012 -0.02795 0.99869
1726497687.294583321 -0.01628 0.04408 -0.03793 -0.03775 0.02011 -0.02796 0.99869
1726497687.304583311 -0.01625 0.04421 -0.03811 -0.03775 0.02010 -0.02797 0.99869
1726497687.314583063 -0.01624 0.04428 -0.03826 -0.03774 0.02010 -0.02797 0.99869
1726497687.324583292 -0.01625 0.04430 -0.03838 -0.03774 0.02009 -0.02797 0.99869
1726497687.334583521 -0.01627 0.04425 -0.03847 -0.03775 0.02010 -0.02796 0.99869
1726497687.344583273 -0.01631 0.04414 -0.03850 -0.03776 0.02011 -0.02794 0.99869
1726497687.354583263 -0.01636 0.04398 -0.03849 -0.03777 0.02013 -0.02793 0.99869
1726497687.364583254 -0.01643 0.04376 -0.03845 -0.03779 0.02015 -0.02791 0.99869
1726497687.374583483 -0.01651 0.04351 -0.03837 -0.03781 0.02017 -0.02788 0.99869
1726497687.384583235 -0.01660 0.04323 -0.03827 -0.03782 0.02020 -0.02786 0.99869
1726497687.394583225 -0.01669 0.04293 -0.03814 -0.03784 0.02023 -0.02783 0.99869
1726497687.404583216 -0.01679 0.04262 -0.03801 -0.03786 0.02026 -0.02781 0.99869
1726497687.414583445 -0.01689 0.04230 -0.03787 -0.03788 0.02029 -0.02778 0.99869
1726497687.424583197 -0.01698 0.04200 -0.03772 -0.03789 0.02032 -0.02776 0.99869
1726497687.434583187 -0.01708 0.04171 -0.03758 -0.03790 0.02035 -0.02773 0.99869
1726497687.444583178 -0.01716 0.04144 -0.03745 -0.03791 0.02038 -0.02772 0.99869
1726497687.454583406 -0.01724 0.04120 -0.03733 -0.03791 0.02040 -0.02770 0.99869
1726497687.464583158 -0.01732 0.04098 -0.03722 -0.03791 0.02043 -0.02769 0.99869
1726497687.474583149 -0.01738 0.04078 -0.03712 -0.03791 0.02045 -0.02768 0.99869
1726497687.484583378 -0.01744 0.04061 -0.03703 -0.03791 0.02047 -0.02767 0.99869
1726497687.494583368 -0.01750 0.04047 -0.03696 -0.03791 0.02048 -0.02766 0.99869
1726497687.504583359 -0.01755 0.04035 -0.03690 -0.03791 0.02049 -0.02766 0.99869
1726497687.514583111 -0.01759 0.04025 -0.03686 -0.03791 0.02050 -0.02765 0.99869
1726497687.524583340 -0.01762 0.04017 -0.03683 -0.03791 0.02050 -0.02765 0.99869
1726497687.534583330 -0.01765 0.04012 -0.03682 -0.03791 0.02050 -0.02765 0.99869
1726497687.544583321 -0.01768 0.04009 -0.03682 -0.03792 0.02050 -0.02765 0.99869
1726497687.554583073 -0.01770 0.04008 -0.03684 -0.03792 0.02049 -0.02765 0.99869
1726497687.564583302 -0.01772 0.04009 -0.03687 -0.03793 0.02048 -0.02765 0.99869
1726497687.574583292 -0.01773 0.04012 -0.03691 -0.03795 0.02047 -0.02766 0.99869
1726497687.584583282 -0.01774 0.04017 -0.03696 -0.03796 0.02045 -0.02767 0.99869
1726497687.594583035 -0.01775 0.04023 -0.03702 -0.03797 0.02044 -0.02769 0.99869
1726497687.604583263 -0.01775 0.04030 -0.03709 -0.03797 0.02043 -0.02771 0.99869
1726497687.614583492 -0.01776 0.04038 -0.03716 -0.03798 0.02041 -0.02774 0.99868
1726497687.624583244 -0.01776 0.04047 -0.03723 -0.03798 0.02041 -0.02778 0.99868
