1735977508.002417 -0.2527597096274018 0.4687596196206341 0.7582198229783840 -0.1603234128555891 -0.1295504574853728 0.9664538822531719 -0.1532317712925073
1735977508.102450 -0.3342711727298394 0.3756362981820913 0.7203623088685973 -0.1789312120489623 -0.1581843003345877 0.9405361107296784 -0.2415640140746058
1735977508.202391 -0.3904365372683427 0.2746760461851234 0.6822823579637399 -0.1714827942950397 -0.1855713634256244 0.9099972275048894 -0.3287277996618702
1735977508.302486 -0.4328963204363809 0.1798273853717233 0.6455639474230984 -0.1643347206948779 -0.2057682758922411 0.8749950758162514 -0.4062476258487961
1735977508.402483 -0.4465902408111363 0.0937499645221856 0.6142897088014407 -0.1594083942516390 -0.2066599512171530 0.8282708915750874 -0.4958305744651575
1735977508.502357 -0.4336086260429562 0.0134804478904421 0.5872976538581665 -0.1510781843193517 -0.2138476137303998 0.7720346509727100 -0.5791434002231464
1735977508.602367 -0.4001028551061064 -0.0484301051884499 0.5609058973202603 -0.1331410004381032 -0.2188179870283882 0.7035889348891382 -0.6628384216811465
1735977508.702342 -0.3592459935529222 -0.0912469468809808 0.5425823859612489 -0.1033579400534602 -0.2146951270526058 0.6244866490830090 -0.7438007554209968
1735977508.802687 -0.3115757945424864 -0.1015158970047390 0.5357968776903583 -0.0635869294171124 -0.1954950127701658 0.5335414861773756 -0.8204095836330371
1735977508.902550 -0.2702386518999796 -0.0911809040375833 0.5153002321813653 -0.0214110132136995 -0.1791093716744034 0.4439078349199251 -0.8777284520785843
1735977509.002368 -0.2276687526232597 -0.0753432110465109 0.4888362734668344 -0.0085814971699577 -0.1810255867943720 0.3624146016997594 -0.9142274067795605
1735977509.102526 -0.1893183087050924 -0.0522421375908812 0.4607921836044573 -0.0027458206362790 -0.1917411709370233 0.2893252615137185 -0.9378265707937428
1735977509.202338 -0.1565246898813893 -0.0234821706772164 0.4178153242576569 0.0051070102756531 -0.1955227635618198 0.2247140136396442 -0.9545933057848012
1735977509.302423 -0.1202411497162400 0.0111917798933659 0.3771400319182638 0.0129104979241340 -0.1984498038319151 0.1649711761874348 -0.9660411510022540
1735977509.402405 -0.0877329042404235 0.0369424588883505 0.3325248849705733 0.0230701715819575 -0.2031493294961436 0.1211684811952740 -0.9713476804282166
1735977509.502382 -0.0686208656488954 0.0543326064195944 0.2963733983225602 0.0265797057290836 -0.1874390311827703 0.0896182952548463 -0.9778183317918697
1735977509.602293 -0.0452825810775604 0.0612270250876291 0.2520163183433105 0.0282230683965964 -0.1825845447969172 0.0671574057445176 -0.9804877486563766
1735977509.702345 -0.0329371153546576 0.0647872561923135 0.2113848926393128 0.0322419364157281 -0.1837421853035699 0.0450299748406544 -0.9814130467045377
1735977509.802296 -0.0233066628812278 0.0645624420426806 0.1830718791778258 0.0337139259445446 -0.1806277335427753 0.0294246305744586 -0.9825330448326726
1735977509.902379 -0.0165454918444826 0.0587689070666794 0.1564330146067404 0.0183229595038965 -0.1819022610083416 0.0241669088236659 -0.9828488170176432
1735977510.002413 -0.0136088838915449 0.0504765928512587 0.1403108790551663 0.0056416479810158 -0.1706072305429363 0.0221902268345807 -0.9850730625327024
1735977510.101715 -0.0094071041818524 0.0456100086433647 0.1266229165348204 -0.0026146480368146 -0.1708986998428488 0.0199187726275791 -0.9850837733435052
1735977510.201682 -0.0072596397104856 0.0406998229358637 0.1117133338328384 -0.0077540698531284 -0.1752610150305806 0.0168750336688893 -0.9843468312794212
1735977510.302479 -0.0078291523567779 0.0373993632157066 0.0996364394449326 -0.0080381940752124 -0.1727084952328294 0.0139655032029137 -0.9848411688341985
1735977510.402250 -0.0060444216565068 0.0343414614627433 0.0899245019531215 -0.0061285705059718 -0.1770487675784894 0.0142768201100018 -0.9840794413714972
1735977510.502230 -0.0074772264279282 0.0354752995396719 0.0897477716247387 -0.0037770885293397 -0.1766393626052855 0.0130156032421892 -0.9841823323210400
1735977510.602300 -0.0061912751026362 0.0407007484103713 0.0846596867040775 0.0052395141179430 -0.1781136052037575 0.0157410836615952 -0.9838700673454228
1735977510.702634 -0.0095895163852185 0.0447232807770400 0.0844093122524445 0.0122647797316111 -0.1751681986868658 0.0184176079007366 -0.9842898298093650
1735977510.802398 -0.0133456592492516 0.0465864886977446 0.0846890627978890 0.0133607944918246 -0.1696471782650094 0.0184624293965042 -0.9852413221023804
1735977510.902479 -0.0168622812058007 0.0448663042228093 0.0852583656683639 0.0116661770509417 -0.1649366562908934 0.0179590947453197 -0.9860716356535790
1735977511.002420 -0.0153130993702965 0.0453839745921377 0.0848106233346838 0.0121965453795722 -0.1668038520372924 0.0178457881923327 -0.9857531369821350
1735977511.102364 -0.0129683617292795 0.0437085647093332 0.0841317519810240 0.0092632344138408 -0.1715028580253017 0.0173669664325706 -0.9849869799415002
1735977511.202533 -0.0089424332386372 0.0422797896681840 0.0827269088897684 0.0081191692071848 -0.1748942631078020 0.0172669497543474 -0.9844023203292164
1735977511.302281 -0.0109461653936694 0.0423578036059609 0.0838906185541951 0.0081702897118533 -0.1750464137129059 0.0173119738915978 -0.9843740625251416
1735977511.402579 -0.0116909645712933 0.0427341514600214 0.0848156009630187 0.0083058334200615 -0.1746695713958165 0.0172411904004212 -0.9844411080979788
1735977511.502453 -0.0130791070230881 0.0426575815894597 0.0848951711484834 0.0084430205243254 -0.1736715414439311 0.0173183350656139 -0.9846151463223942
1735977511.602380 -0.0113787199086682 0.0430360153860205 0.0848950603849494 0.0085176983791811 -0.1733269288107896 0.0174137490034908 -0.9846735428094857
1735977511.702298 -0.0115378485964270 0.0434560491193288 0.0841804972556852 0.0091682700275665 -0.1752043390657332 0.0175385778066663 -0.9843331654911159
1735977511.802434 -0.0096178282374781 0.0435545815651784 0.0841701908583252 0.0094808300916669 -0.1775474739498882 0.0178559874086615 -0.9839045543488700
1735977511.902422 -0.0090644937402042 0.0441282300201441 0.0849715419846684 0.0088579111246951 -0.1812675252852427 0.0196554151701672 -0.9831974808460197
1735977512.002495 -0.0084201969699481 0.0447522988193833 0.0834800386550081 0.0098260286704438 -0.1797258749575633 0.0194926072008002 -0.9834745026160165
1735977512.102442 -0.0057448982776265 0.0435292219019122 0.0844367006779047 0.0067284725299711 -0.1794098520823486 0.0193354129087733 -0.9835613729914624
1735977512.202410 -0.0062935242403544 0.0445220544842925 0.0836523777209180 0.0082410730751078 -0.1786835512558571 0.0195383658690592 -0.9836780598774851
1735977512.302317 -0.0099741220705972 0.0444113446696616 0.0844436600596892 0.0091039981200426 -0.1752067181585017 0.0192911156600141 -0.9843005516542951
1735977512.402580 -0.0119675521708579 0.0457434468822808 0.0846259970225328 0.0099760029952355 -0.1732157305955838 0.0194088269137229 -0.9846421113665159
1735977512.502373 -0.0127052534539307 0.0455771962058069 0.0864398460449060 0.0093227304600441 -0.1735707933009060 0.0193737961426476 -0.9845866759370080
1735977512.602645 -0.0089001991620736 0.0429863328570408 0.0834763305773330 0.0089874906638747 -0.1747489338690826 0.0192110294741796 -0.9843845648270437
1735977512.702557 -0.0111708225701039 0.0447069723301704 0.0846038734540858 0.0087388001945227 -0.1748678214927319 0.0190357244430788 -0.9843690972254632
1735977512.802490 -0.0104782014344403 0.0434032111619411 0.0834355614305270 0.0091177318535835 -0.1737548479548748 0.0191279229731858 -0.9845609388660289
1735977512.902400 -0.0099605107695153 0.0430050917910911 0.0831639580649632 0.0092753879158287 -0.1736790539060222 0.0191471975964628 -0.9845724646959826
1735977513.001334 -0.0096150771335261 0.0423152807430496 0.0834789148929876 0.0090272661837006 -0.1742065272309925 0.0190476310166954 -0.9844835103179830
1735977513.102518 -0.0086528846867890 0.0408969907983009 0.0821239823735614 0.0090926339540483 -0.1741682791754839 0.0189764993169070 -0.9844910497361079
1735977513.202414 -0.0110934827455868 0.0398181774843224 0.0817564985696385 0.0092776879721188 -0.1738500366362520 0.0189839380337480 -0.9845454277808601
1735977513.301326 -0.0118643616574461 0.0404554086194483 0.0828357983471031 0.0093935056640462 -0.1739003942204786 0.0191292242480970 -0.9845326240003263
1735977513.402352 -0.0098907220886380 0.0406910377706891 0.0827960236690854 0.0094410717663961 -0.1741275167349552 0.0190496841876008 -0.9844935670749568
1735977513.502619 -0.0114781094319763 0.0426393536400399 0.0859024866223355 0.0092481282287741 -0.1741798623988539 0.0191019147953406 -0.9844851266068635
1735977513.602471 -0.0135697481024543 0.0413477598933587 0.0852489841294113 0.0094442710626002 -0.1739489505737457 0.0190216252125988 -0.9845256452285336
1735977513.702386 -0.0125872038539531 0.0383749753680267 0.0851933624709423 0.0095487324702474 -0.1741526353849384 0.0190895445605341 -0.9844873135724825
1735977513.802662 -0.0137144542182621 0.0383346826367118 0.0836606995158514 0.0093954095937323 -0.1741432625855871 0.0190317809924355 -0.9844915650663896
1735977513.901747 -0.0125242735070083 0.0383929813634275 0.0850663172551004 0.0094487252947545 -0.1740989326235653 0.0190408533975892 -0.9844987197307730
1735977514.002422 -0.0142344343688896 0.0367580667786235 0.0842941282944277 0.0091819587752326 -0.1739454628073447 0.0190568779717404 -0.9845280610545130
1735977514.102027 -0.0161261001881074 0.0388006463450618 0.0839257984741188 0.0091560975808896 -0.1741647796250373 0.0191316811788112 -0.9844880772211129
1735977514.202182 -0.0154598453506044 0.0390226128582968 0.0873227650169449 0.0093384529972329 -0.1742831268888575 0.0190694687177196 -0.9844666273369985
1735977514.301323 -0.0137800594057532 0.0336603006126936 0.0847708383588458 0.0094162532660040 -0.1741319951942673 0.0189381313265016 -0.9844951648464072
1735977514.402428 -0.0139450097461871 0.0370265518659706 0.0862265449915707 0.0093347742240139 -0.1741467943964595 0.0188603325535518 -0.9844948165671537
1735977514.502333 -0.0120613144010510 0.0360265035240552 0.0868015769628496 0.0092770106742072 -0.1740906655690834 0.0188536102791540 -0.9845054182756467
1735977514.602476 -0.0121402137361309 0.0340470964633479 0.0879965448107752 0.0094851053971536 -0.1741797162521585 0.0188576567255809 -0.9844876068314639
1735977514.701408 -0.0109716920883793 0.0347215126544105 0.0893744789217241 0.0093775069341044 -0.1740460888137548 0.0188181008559022 -0.9845130270405327
1735977514.802423 -0.0103009627637433 0.0341812766154034 0.0866204287829849 0.0093622024610473 -0.1740909177276975 0.0189922638054515 -0.9845019022050444
1735977514.902519 -0.0067707109765069 0.0347936941127625 0.0877605797186337 0.0094241184588507 -0.1740637531872982 0.0189405307529683 -0.9845071112553838
1735977515.002458 -0.0059960659696402 0.0333839999240853 0.0874318193464254 0.0095351769918722 -0.1740862852226769 0.0189724744038150 -0.9845014428186984
1735977515.102313 -0.0084044665132239 0.0349622190854802 0.0873412488054389 0.0094469458567960 -0.1740002733265261 0.0190109519858681 -0.9845167564855685
1735977515.202468 -0.0064764869699856 0.0352217728962804 0.0874578346420587 0.0093030681087083 -0.1740260849185440 0.0189296705391970 -0.9845151305414082
1735977515.302318 -0.0073261195217291 0.0350268529898419 0.0866754383495456 0.0093321488104955 -0.1740286196091337 0.0190141449398563 -0.9845127794232661
1735977515.402371 -0.0096089572834123 0.0372314467900492 0.0912956927716613 0.0092698882239640 -0.1743242282605789 0.0188881457349583 -0.9844634937692528
1735977515.502546 -0.0101289597699393 0.0373668135621312 0.0870783442377080 0.0091389738984880 -0.1741463504483680 0.0188709021717389 -0.9844965296194911
1735977515.602603 -0.0110509373340438 0.0365878243934561 0.0866280608931540 0.0094193207941435 -0.1742624248764218 0.0189120966391530 -0.9844725573994828
1735977515.702369 -0.0110246458920554 0.0352512794948543 0.0879063112554822 0.0093375182538471 -0.1741478219086999 0.0188490230423332 -0.9844948253838942
1735977515.802476 -0.0102241886859599 0.0372793772672068 0.0844978469069757 0.0093257952218661 -0.1739640187114190 0.0187929559216886 -0.9845285036731941
1735977515.902261 -0.0099579206870449 0.0375967027088194 0.0852257270945875 0.0094027852985596 -0.1739171827944188 0.0190173785142128 -0.9845317366504388
1735977516.002448 -0.0096086761032973 0.0338883695487095 0.0844804169473266 0.0093301238133944 -0.1738695497156063 0.0188612177484105 -0.9845438451061314
1735977516.102425 -0.0089288153076266 0.0339083709950180 0.0864954993405394 0.0094471556921219 -0.1739927510266715 0.0189036948235894 -0.9845201491902114
1735977516.202386 -0.0088146191636347 0.0349886568813260 0.0855782101249732 0.0094282626324101 -0.1739863589174329 0.0189684971855485 -0.9845202135501894
1735977516.302415 -0.0101618188849431 0.0355694999092148 0.0852437385587874 0.0095770738498826 -0.1739242373986455 0.0189968000070045 -0.9845292077390430
1735977516.402358 -0.0105234886552574 0.0344848504811130 0.0849031052232239 0.0094247323128025 -0.1740223406361503 0.0189515513191604 -0.9845142142615032
1735977516.502457 -0.0072354297998578 0.0341328842055117 0.0822398784238739 0.0093739524613030 -0.1738065861743300 0.0187892502649141 -0.9845559220745974
1735977516.602371 -0.0121644425315448 0.0343782592883058 0.0831493923542986 0.0093260331392628 -0.1738278707963665 0.0187947274888968 -0.9845525149319895
1735977516.702515 -0.0069355925244535 0.0373562400519895 0.0798131312731419 0.0093784579424161 -0.1736439842680601 0.0189578672487049 -0.9845813376880128
1735977516.802533 -0.0083536703937442 0.0363817545563465 0.0813658338485769 0.0092674946101559 -0.1737321242298570 0.0190265755736904 -0.9845655143138882
1735977516.902529 -0.0114117177285627 0.0379687260212368 0.0786641175694550 0.0093195710331377 -0.1736524703131121 0.0190043906731221 -0.9845795032830286
1735977517.002470 -0.0106309187460416 0.0372443898681519 0.0788631953051024 0.0094117434561148 -0.1738240693015638 0.0188607693092133 -0.9845511075600016
1735977517.102392 -0.0142999715288467 0.0334771397020682 0.0786902332321488 0.0094405975162174 -0.1737934775991102 0.0187498265131215 -0.9845583508702125
1735977517.202306 -0.0117773387727724 0.0348372484801813 0.0760623870483868 0.0094050385050641 -0.1737198562514765 0.0189438562156786 -0.9845679697747456
1735977517.302361 -0.0105340621015248 0.0362212204157007 0.0786344754244033 0.0092354298608674 -0.1737464802633469 0.0189020983174881 -0.9845656799373922
1735977517.402428 -0.0118282270913598 0.0336409418805344 0.0795300819455350 0.0093167347498570 -0.1737278618202898 0.0188223650540257 -0.9845697268628181
1735977517.502295 -0.0137142670309031 0.0330359767448251 0.0783073065424106 0.0093638787512706 -0.1737098224315337 0.0188642798075326 -0.9845716603238587
1735977517.602482 -0.0125178354496555 0.0325273345085923 0.0779092628176012 0.0094485321170540 -0.1736752616948143 0.0188517377339498 -0.9845771887975474
1735977517.702377 -0.0107694911372378 0.0326548952571352 0.0785864895352004 0.0094066313015268 -0.1737827948882293 0.0187945917962179 -0.9845597080967747
1735977517.802276 -0.0121420142151513 0.0320849839754716 0.0773792107758762 0.0094603993395495 -0.1737627529939974 0.0190352214831109 -0.9845581074062476
1735977517.902373 -0.0127355277595093 0.0313586647258656 0.0782146363262327 0.0093521543586660 -0.1736698150081274 0.0188420907387586 -0.9845792543927009
1735977518.002528 -0.0106675947168725 0.0306663024036932 0.0778468922122750 0.0094462418871682 -0.1736208859536583 0.0188336715747626 -0.9845871466202928
1735977518.102311 -0.0117881712019761 0.0347358820956734 0.0760314178934643 0.0092369802250734 -0.1736920221753963 0.0188202660601564 -0.9845768417012296
1735977518.202302 -0.0101290312179279 0.0338660505577081 0.0773094381577299 0.0093075519315689 -0.1736029741172143 0.0187782388559890 -0.9845926846164187
1735977518.302359 -0.0093549003847552 0.0332487177749609 0.0784925641196989 0.0094305795788694 -0.1736624516575677 0.0188828407162406 -0.9845790244462731
1735977518.401417 -0.0086002344790499 0.0317780836328114 0.0779324376242532 0.0093064451754796 -0.1736768305582337 0.0189054852404579 -0.9845772347730093
1735977518.502574 -0.0063589286574168 0.0313319134221205 0.0798124652816572 0.0093440515193073 -0.1736120900246748 0.0187826565758995 -0.9845906472795792
1735977518.602436 -0.0062122036575488 0.0320495005032315 0.0819187949593197 0.0095462443531571 -0.1737736759648527 0.0188246996319161 -0.9845593986368625
1735977518.702296 -0.0072777451044292 0.0322011917929344 0.0811340016320828 0.0094060848861318 -0.1737528807296846 0.0188387447701301 -0.9845641491039254
1735977518.802358 -0.0054716502928432 0.0324003644922886 0.0813926942182140 0.0094597155648676 -0.1737361535737679 0.0189438238114161 -0.9845645708952897
1735977518.902367 -0.0049562834968511 0.0343386189380616 0.0808084530558963 0.0095004714106162 -0.1736182624660118 0.0188694079649102 -0.9845864032294540
1735977519.001753 -0.0056566004511724 0.0323632427988964 0.0810898130007209 0.0095525163979787 -0.1736818457224103 0.0190132879613479 -0.9845719175244754
1735977519.101565 -0.0056161856403294 0.0329908038089188 0.0812334352847536 0.0094871793792523 -0.1736712549944450 0.0189233617255777 -0.9845761499229420
1735977519.202410 -0.0080142244020956 0.0336007330861078 0.0810881105559463 0.0093879864536722 -0.1736851762010282 0.0189667708826317 -0.9845738097677844
1735977519.302385 -0.0095744496194356 0.0360925423098437 0.0790873862298764 0.0091197444787019 -0.1735003644811605 0.0188580768845121 -0.9846110027425885
1735977519.402623 -0.0125319370298619 0.0352873267464440 0.0803873675694991 0.0095351774651382 -0.1738116103272671 0.0189340462984342 -0.9845507129634915
1735977519.502414 -0.0107135318360583 0.0336835223221275 0.0812071604730804 0.0095160680095283 -0.1737638433388182 0.0190024309904226 -0.9845580119090063
1735977519.602366 -0.0071718046421774 0.0335759675258912 0.0785753211794410 0.0095619044938962 -0.1738052184696837 0.0189752905313942 -0.9845507881081628
1735977519.702260 -0.0097759584578588 0.0332482657417133 0.0810780446870666 0.0096813900630653 -0.1738072409385845 0.0189798310305740 -0.9845491758656926
1735977519.802320 -0.0085123352965203 0.0338310933449970 0.0788713352943305 0.0097115415300723 -0.1737034641041394 0.0190047726807168 -0.9845667123840243
1735977519.902384 -0.0028813092262802 0.0331253569192255 0.0775993240377297 0.0098079410671877 -0.1734963084074495 0.0190570986537502 -0.9846012706938333
1735977520.002268 -0.0055663775994886 0.0335293317414156 0.0803848778123201 0.0097596603676994 -0.1735765675084232 0.0190148242706164 -0.9845884219812147
1735977520.102428 -0.0055687502555775 0.0344998007113054 0.0799996893758918 0.0099419580606410 -0.1736412284624992 0.0191740628749999 -0.9845721083601850
1735977520.202294 -0.0053324013018392 0.0369037313001932 0.0779521191615144 0.0096189892200182 -0.1735208948880687 0.0190642672908342 -0.9845986633122618
1735977520.302465 -0.0057452448307503 0.0354963815956524 0.0800326054272941 0.0097477761494557 -0.1737047379375963 0.0191084859641761 -0.9845641221587997
1735977520.402364 -0.0078973366648834 0.0361650277507965 0.0803222041173777 0.0097836711827645 -0.1736830761712668 0.0191114806980570 -0.9845675294947530
1735977520.502409 -0.0075729467456816 0.0376203167386789 0.0805960529370913 0.0094791170851647 -0.1737792706488971 0.0191422222535806 -0.9845529375098212
1735977520.602543 -0.0129171026394590 0.0355519012850692 0.0815097093716979 0.0095874089543939 -0.1738185110208365 0.0190547747774084 -0.9845466583022986
1735977520.702484 -0.0133149590007576 0.0362280483991603 0.0821241360537819 0.0095271614618881 -0.1738265791766546 0.0188951075326470 -0.9845488959302892
1735977520.802482 -0.0113215817665862 0.0352537632836059 0.0830649110605581 0.0095761763547173 -0.1737472979426818 0.0189132685963632 -0.9845620658826147
1735977520.902346 -0.0129725129449550 0.0342859944702886 0.0840494240071846 0.0095211987983137 -0.1738336792706319 0.0187708297642951 -0.9845500772813123
1735977521.002873 -0.0123169539414154 0.0324184046763569 0.0832265395898814 0.0098443076846339 -0.1738531860619312 0.0190371819075749 -0.9845383410550061
1735977521.102436 -0.0126668600735441 0.0349603034124892 0.0857094665387818 0.0096593566333520 -0.1739652917303218 0.0189621929165827 -0.9845218176060945
1735977521.202536 -0.0119150495904688 0.0329389104785810 0.0874749658019520 0.0095697714005753 -0.1739813596111920 0.0188043283096452 -0.9845228810037912
1735977521.302303 -0.0077620266487135 0.0326286046118829 0.0864364169012872 0.0096725144062168 -0.1738506065358922 0.0188985038347010 -0.9845431710316079
1735977521.402342 -0.0076362526748444 0.0314131124800007 0.0891595829250447 0.0094758958449859 -0.1739390663236770 0.0188584581240503 -0.9845302266368290
1735977521.502606 -0.0071794009759557 0.0317051722394854 0.0882389450577670 0.0095456128214798 -0.1738963496318610 0.0189278239983685 -0.9845357679329191
1735977521.602529 -0.0067989059363494 0.0321315791293935 0.0865466196688974 0.0098014860693193 -0.1737963173472859 0.0189725233941870 -0.9845500567789388
1735977521.702417 -0.0070226011045875 0.0329330790090665 0.0883371446595202 0.0097756991464882 -0.1738334709371387 0.0189191781497660 -0.9845447804880598
1735977521.802404 -0.0055685800330452 0.0349064966073754 0.0875848463847291 0.0096819639428498 -0.1738119366288716 0.0189011824121390 -0.9845498542800937
1735977521.902276 -0.0051868395715633 0.0338486263575784 0.0875287979503518 0.0095811748871608 -0.1739228426959171 0.0188641901344955 -0.9845319640351565
1735977522.002589 -0.0067118736533123 0.0312447092588093 0.0861572608646522 0.0094469027281655 -0.1738043857038166 0.0188112787994049 -0.9845551926270537
1735977522.101289 -0.0036263849355068 0.0338154386406893 0.0829922980699828 0.0094863946284163 -0.1736824804320303 0.0187646565537873 -0.9845772148350529
1735977522.202299 -0.0015941552979114 0.0370078009964737 0.0844855651232327 0.0095093268896116 -0.1736965806592362 0.0188845321925129 -0.9845722142195898
1735977522.302329 -0.0063695710628740 0.0359819846271925 0.0835286664166303 0.0095067877943331 -0.1736810550673344 0.0190003352197601 -0.9845727496523901
1735977522.402587 -0.0050842138924750 0.0336234411671115 0.0849512291398962 0.0096592156361957 -0.1737500701462604 0.0189975780161451 -0.9845591423103965
1735977522.502374 -0.0050045784557858 0.0333108460062005 0.0841720985813544 0.0093196723808965 -0.1737288614923136 0.0187422063189544 -0.9845710518259183
1735977522.602532 -0.0047725724559795 0.0344417484990828 0.0836303713554932 0.0095442888183081 -0.1737336159576803 0.0188520716573989 -0.9845659635755475
1735977522.702511 -0.0052350014454161 0.0343656821767271 0.0843638213918004 0.0094147902433779 -0.1738808420373096 0.0188158836919767 -0.9845419122708589
1735977522.801749 -0.0059735568508473 0.0315748115044583 0.0830331395075205 0.0096311662465107 -0.1737071154508134 0.0188343831098386 -0.9845701319313732
1735977522.902507 -0.0007519533891605 0.0314731271078923 0.0817657411597930 0.0096721306042287 -0.1735736761683667 0.0188881805337572 -0.9845922330930191
1735977523.001756 -0.0045565373948671 0.0325409344016244 0.0841883615785200 0.0096458354567462 -0.1737412298373150 0.0189170773960218 -0.9845623835470009
1735977523.101913 -0.0045818001384883 0.0342571779116987 0.0802553819669737 0.0096278481633062 -0.1734696538121736 0.0189379073728214 -0.9846100443375375
1735977523.202383 -0.0034403416608177 0.0327108852657955 0.0791800864430177 0.0095670578491301 -0.1734950334826385 0.0188604222928252 -0.9846076524341592
1735977523.302379 -0.0027233936006095 0.0343279599911804 0.0782749780566537 0.0094723224818213 -0.1734597205456428 0.0188532736568941 -0.9846149270285548
1735977523.402229 -0.0065177333181365 0.0351470003874989 0.0788957464391289 0.0096767719783841 -0.1736523228090057 0.0190105048715594 -0.9845759653635893
1735977523.502435 -0.0070542799113691 0.0348843573605599 0.0819948639989424 0.0095933058315798 -0.1737401755174444 0.0189482239787962 -0.9845624838995435
1735977523.602376 -0.0083023728285533 0.0330142571357071 0.0825234966716259 0.0096877550506186 -0.1736441459859124 0.0188742019729419 -0.9845799218279779
1735977523.702441 -0.0070855255404374 0.0354213300278973 0.0821436476351317 0.0095040878901190 -0.1737057354846430 0.0189514463397663 -0.9845693639631222
1735977523.802473 -0.0056885877086364 0.0372852582277790 0.0822734283670100 0.0095985517135989 -0.1736915506725197 0.0190789995952112 -0.9845684865992934
1735977523.902353 -0.0047975999890107 0.0329010347208398 0.0797082345153637 0.0097498473833844 -0.1734414958738656 0.0189367050311061 -0.9846138274407900
1735977524.002473 -0.0071552412813569 0.0327251744330338 0.0817625796997013 0.0099185467368685 -0.1737628214734441 0.0189323200977132 -0.9845555705799112
1735977524.102489 -0.0084291803012372 0.0342627137631802 0.0823477222337447 0.0097372091685383 -0.1737636082324806 0.0189278672978592 -0.9845573274579758
1735977524.202562 -0.0070243312329499 0.0338819033790302 0.0802399156035286 0.0098560655307309 -0.1736925285946900 0.0190612477035020 -0.9845661137367173
1735977524.302525 -0.0081311901527911 0.0322274732155279 0.0818892065298109 0.0097481750939018 -0.1736585042555106 0.0189558328349710 -0.9845752248475532
1735977524.402401 -0.0069288917904764 0.0334848566625543 0.0831688493470102 0.0097899328111765 -0.1737037369098582 0.0190189465857120 -0.9845656142024631
1735977524.502569 -0.0099587559980803 0.0334859375090060 0.0821948697562078 0.0098321151671896 -0.1735325246774300 0.0190134805303016 -0.9845954905180808
1735977524.602372 -0.0099951964222041 0.0326856417314232 0.0821111658807213 0.0099206847440120 -0.1737078953152990 0.0190201444031513 -0.9845635485971550
1735977524.702314 -0.0085388414522663 0.0300587157200375 0.0792075632645968 0.0098344856001214 -0.1736174320059059 0.0189676596959055 -0.9845813821530021
1735977524.802404 -0.0109285210153648 0.0330340722457904 0.0811146676791887 0.0096862526348748 -0.1737950110915709 0.0188987927403961 -0.9845528458455289
1735977524.902432 -0.0105114840189269 0.0336508759385544 0.0811477150060664 0.0099989478165298 -0.1735770541784420 0.0188866386982269 -0.9845884024220372
1735977525.002550 -0.0129306453718694 0.0338668556967211 0.0775591639772777 0.0098292517870724 -0.1734741394906470 0.0189696575092112 -0.9846066528473536
1735977525.102386 -0.0122299714367784 0.0332988090840253 0.0808958427212081 0.0098170480200808 -0.1735811992975395 0.0189623440670130 -0.9845880470156457
1735977525.202469 -0.0144318363065330 0.0328484834783709 0.0806292813264654 0.0098516897647410 -0.1737175484328723 0.0190794493330115 -0.9845613907666709
1735977525.302621 -0.0113570053913227 0.0313976486442777 0.0803693669935992 0.0097438627096802 -0.1736417337526013 0.0189587260476824 -0.9845781696470497
1735977525.402510 -0.0127831256132873 0.0312451846195778 0.0792822248638409 0.0097506161911472 -0.1737780434182161 0.0188225815074788 -0.9845566654769161
1735977525.502733 -0.0103863820729813 0.0315739336348077 0.0816406888843957 0.0097572761670211 -0.1737794173458220 0.0189124968052603 -0.9845546338996827
1735977525.602300 -0.0083416068368952 0.0291351956224375 0.0854239308547461 0.0096948694883781 -0.1738536824927548 0.0188583878684331 -0.9845431772128206
1735977525.702292 -0.0075361507689227 0.0330594685809581 0.0824497448142384 0.0095068178704486 -0.1737701636390961 0.0188151505445679 -0.9845605825711311
1735977525.802277 -0.0097258876387116 0.0323785606026268 0.0835911880235503 0.0094671773511736 -0.1736700607206597 0.0188369006793736 -0.9845782110808056
1735977525.902548 -0.0073280252208027 0.0305587127791262 0.0839528958652507 0.0095668804821206 -0.1737168160201488 0.0187786425076371 -0.9845701118839801
1735977526.002435 -0.0017819563742259 0.0304639649996066 0.0853588043297274 0.0096206020074329 -0.1738400068609335 0.0188679114283097 -0.9845461380503906
1735977526.102491 -0.0010930305885049 0.0327625145424397 0.0828875399741467 0.0096199424743759 -0.1736922458760381 0.0189805078489940 -0.9845700588333580
1735977526.202343 -0.0000346270331749 0.0347045978209098 0.0860169111535985 0.0097169077189161 -0.1737303595077123 0.0189876530256703 -0.9845622443107800
1735977526.302418 -0.0017388819324436 0.0364034605633509 0.0895551970947900 0.0097540952011675 -0.1738344120600875 0.0191250737496399 -0.9845408505311504
1735977526.402421 0.0030341622449710 0.0357592762481457 0.0874479015144002 0.0097031756807415 -0.1737781242264572 0.0190239210603731 -0.9845532501340553
1735977526.502391 0.0016578735447482 0.0357737897336206 0.0908980114057031 0.0096279560536164 -0.1739767187598402 0.0190167723133771 -0.9845190532247562
1735977526.602323 -0.0012535269125098 0.0342054680996630 0.0921100700756567 0.0096692701883843 -0.1740001674830162 0.0189800829096987 -0.9845152123673089
1735977526.702364 0.0002906779709069 0.0321197828951466 0.0924729016221317 0.0096657854920606 -0.1739348973528595 0.0188676203542437 -0.9845289416649161
1735977526.802317 -0.0042008690328087 0.0293540068005301 0.0907065904774132 0.0096882344039594 -0.1738589174195470 0.0189915455616763 -0.9845397585394996
1735977526.901320 -0.0038425386044415 0.0322831004841378 0.0923818901286168 0.0096678878753267 -0.1740776548797372 0.0191086349997736 -0.9844990411798514
1735977527.002573 -0.0074284731316629 0.0315018095186152 0.0896983507443328 0.0095238391494703 -0.1739192003648499 0.0188633014934006 -0.9845331807963992
1735977527.102380 -0.0074049290619725 0.0298455465321910 0.0893351306363275 0.0096082151846752 -0.1737808504038774 0.0186915426643224 -0.9845600664594812
1735977527.202407 -0.0073934686662887 0.0321256798431178 0.0858899341311072 0.0096791014052010 -0.1737879419045835 0.0187600428455556 -0.9845568175768172
1735977527.302500 -0.0073973350854200 0.0320840393120043 0.0848482082351646 0.0096968215691844 -0.1737112047423671 0.0188477332597698 -0.9845685105412318
1735977527.402424 -0.0047663317986097 0.0309806619152892 0.0835323772035539 0.0096357950364364 -0.1737507189878039 0.0188930422550502 -0.9845612688195620
1735977527.501399 -0.0024546509748731 0.0318436154779138 0.0828042136071270 0.0096671762105361 -0.1735489793908670 0.0188773026019897 -0.9845968438416689
1735977527.602630 -0.0037583581804869 0.0316122239533472 0.0823992402485138 0.0094734177987848 -0.1735943004962320 0.0188876671931867 -0.9845905388629493
1735977527.702448 -0.0035701055859911 0.0297655729742533 0.0817656902804891 0.0097072738932200 -0.1737046822077787 0.0187291956157898 -0.9845718203585974
1735977527.801420 -0.0010444860119245 0.0305472149758972 0.0796566259395381 0.0096986887167825 -0.1734412034694289 0.0188658169282589 -0.9846157450131906
1735977527.902643 -0.0024178265836627 0.0307677212374905 0.0799346703108514 0.0096202381437317 -0.1735265566225301 0.0188928340139006 -0.9846009577426323
1735977528.002548 -0.0018190864168426 0.0306530516787377 0.0775511729849741 0.0095304161848291 -0.1734371858032966 0.0188338200084252 -0.9846187084206084
1735977528.102381 -0.0001797233524096 0.0291563608181365 0.0767427109927995 0.0095827017691025 -0.1733739624733799 0.0187132696577805 -0.9846316339128044
1735977528.202402 -0.0017341412529335 0.0323441043291021 0.0801178210827707 0.0094661935309100 -0.1735400404069999 0.0188192516321644 -0.9846014835066913
1735977528.302346 -0.0029335129894587 0.0338924142397379 0.0779932013761696 0.0093569570574168 -0.1735016196087316 0.0187333357578986 -0.9846109371112809
1735977528.402407 -0.0032776720892496 0.0290306396668658 0.0781499537352975 0.0096163034442966 -0.1734495384123878 0.0187105361239536 -0.9846180478594485
1735977528.502520 -0.0048893650779247 0.0287830902039822 0.0804416884588879 0.0096734881333491 -0.1736052751107202 0.0187642095830866 -0.9845890190936456
1735977528.602551 -0.0024073124806366 0.0322238481331221 0.0838138311457109 0.0094187245232307 -0.1737391701480596 0.0189180669561412 -0.9845649268216200
1735977528.702366 -0.0046658288308598 0.0294334146862505 0.0840766805514880 0.0096620334721879 -0.1739119425125530 0.0189730781418143 -0.9845310069604297
1735977528.802398 -0.0052752539650964 0.0320240303063359 0.0861364127230743 0.0097347054475388 -0.1737249208581687 0.0189160609684585 -0.9845644062325787
1735977528.902287 -0.0022958085833174 0.0305146256583457 0.0876458681532292 0.0098712485673928 -0.1737778312659617 0.0189787100008282 -0.9845525036172139
1735977529.002554 -0.0042751203524566 0.0321405128493414 0.0861021113720504 0.0096727504589877 -0.1736328183775542 0.0189535373768035 -0.9845805430241508
1735977529.102419 -0.0030813511243200 0.0297803152246642 0.0878033985822095 0.0098146009576911 -0.1737571132104261 0.0189467749068641 -0.9845573416198008
1735977529.202518 -0.0034795015079480 0.0279088792381008 0.0886152628017385 0.0097803222341196 -0.1736925827875374 0.0188498465899110 -0.9845709295246982
1735977529.302494 -0.0054664573392894 0.0290471657565946 0.0907225818748904 0.0097892876717163 -0.1737708610804621 0.0188990100983195 -0.9845560853011568
1735977529.402393 -0.0008925671717621 0.0292681730000391 0.0903712976503277 0.0096554992254591 -0.1737699162281470 0.0188608177967339 -0.9845583055872356
1735977529.502379 0.0003715538497584 0.0296705483938013 0.0903457705515588 0.0095773814361168 -0.1736958207555673 0.0189604874157771 -0.9845702288480154
1735977529.601334 -0.0035537700855115 0.0286402847160127 0.0912945767505108 0.0094868842061180 -0.1738394201699820 0.0188001341156537 -0.9845488357518166
1735977529.702487 -0.0003482196699112 0.0297372312451576 0.0900873604323328 0.0096077044680945 -0.1737754137087603 0.0187303897926293 -0.9845602927720675
1735977529.802301 -0.0002082362095830 0.0311832223733608 0.0897327430490882 0.0096721158579218 -0.1737250736076020 0.0188460346899820 -0.9845663390301987
1735977529.902576 -0.0001776403552837 0.0314298954349638 0.0921921837269724 0.0097726232359683 -0.1738519586566498 0.0190042773491075 -0.9845399076465984
1735977530.002412 0.0017282701937255 0.0313809057191262 0.0906701735680369 0.0096415974041944 -0.1737646293668928 0.0190274799073101 -0.9845561681229055
1735977530.102523 -0.0009508806075082 0.0320857159157033 0.0905261378910218 0.0096504486341720 -0.1738425658102479 0.0189060179335390 -0.9845446631004433
1735977530.202472 -0.0016011403538733 0.0313466343320206 0.0885999594242722 0.0096716684639874 -0.1738030097590647 0.0190964732461432 -0.9845477628522512
1735977530.302387 0.0013636298259562 0.0332404471064878 0.0925058170289139 0.0098385986170038 -0.1738010083473936 0.0190459356797506 -0.9845474411163565
1735977530.402317 -0.0035927706900674 0.0322012577590641 0.0913340591536060 0.0098898265912103 -0.1738346045280728 0.0188916495948976 -0.9845439691421343
1735977530.502613 -0.0013554562281372 0.0312999971661714 0.0902946009848537 0.0098547815719657 -0.1737357218677316 0.0189590264095736 -0.9845604793738515
1735977530.602417 -0.0001030292719918 0.0336060002929701 0.0909107781730824 0.0097041780111340 -0.1737088087219664 0.0189176636352500 -0.9845675196268192
1735977530.702436 -0.0016893055860176 0.0299418362910190 0.0918969259516046 0.0096819940688319 -0.1739218511099222 0.0189582408700109 -0.9845293463378652
1735977530.802433 -0.0049319015600696 0.0332521026564842 0.0859190398051424 0.0096764656090738 -0.1736760717842402 0.0189575073906190 -0.9845728012780196
1735977530.902572 -0.0046952642620114 0.0334310394049319 0.0864277637962804 0.0095264356180598 -0.1738768887643016 0.0189006562146197 -0.9845399127372737
1735977531.002423 -0.0063778352064436 0.0324273389062249 0.0860491710791225 0.0095304644366185 -0.1737641219135228 0.0188598433518072 -0.9845605651720926
1735977531.101408 -0.0085696588276371 0.0308323267725377 0.0836284235931228 0.0097132662204237 -0.1736346838018539 0.0188678334157785 -0.9845814612831971
1735977531.202406 -0.0071090376930686 0.0307296346050641 0.0828025966039902 0.0099055625111722 -0.1736972893882603 0.0188815787838938 -0.9845682391145550
1735977531.302248 -0.0084978382357822 0.0297036989220538 0.0819653587615611 0.0098467792957225 -0.1736869086574873 0.0187884262386316 -0.9845724420975750
1735977531.402373 -0.0070743671592568 0.0267260258312694 0.0843941709053682 0.0098568506892656 -0.1737677831459045 0.0188930022859420 -0.9845560697591940
1735977531.502301 -0.0056539229594232 0.0294628380992948 0.0834276178936997 0.0097724736326078 -0.1736776655803053 0.0189562872672585 -0.9845715953706550
1735977531.602481 -0.0082908917910202 0.0275925958639450 0.0841407282007561 0.0098162050534018 -0.1735585459392395 0.0188623177600886 -0.9845939702326660
1735977531.702280 -0.0066355031646572 0.0278785522293287 0.0835813249256709 0.0097669191538625 -0.1736919113185860 0.0188699774424706 -0.9845707954149662
1735977531.802419 -0.0023505322281633 0.0273113082292400 0.0854839235699541 0.0098420195578057 -0.1738285518234896 0.0187911000327200 -0.9845474411025262
1735977531.902535 -0.0069477561506324 0.0269196303472446 0.0849399271852207 0.0099466140523344 -0.1737332566353291 0.0187545332942869 -0.9845639074680173
1735977532.002364 -0.0074933739905806 0.0269007724233153 0.0841952925233638 0.0099883029829581 -0.1737448310068737 0.0187280527252432 -0.9845619470317925
1735977532.101792 -0.0056729557969366 0.0280808338759323 0.0872345931328374 0.0096642983417719 -0.1737554392999898 0.0187078584306116 -0.9845636925482115
1735977532.201515 -0.0010196134897104 0.0286056736299086 0.0858410902160742 0.0097152202554455 -0.1736748247178130 0.0187579114749783 -0.9845764625013753
1735977532.303324 -0.0038283346353657 0.0284779917528864 0.0854561182950559 0.0099747050554752 -0.1738326238501403 0.0189585536605927 -0.9845421765407160
1735977532.402426 -0.0013537390025074 0.0304642087290812 0.0875295598739814 0.0098459659778509 -0.1738764245229726 0.0189346236743040 -0.9845361984078507
1735977532.502528 -0.0028153110775479 0.0271939684753471 0.0854258772433353 0.0098418856276698 -0.1738191874589554 0.0187642022009126 -0.9845496087420702
1735977532.602374 -0.0024508913661188 0.0260169383268537 0.0896028575388347 0.0097971049554692 -0.1738260800930805 0.0188226646383960 -0.9845477225152044
1735977532.702497 -0.0006528335992667 0.0268326570470372 0.0869699814722563 0.0098739971151828 -0.1737600815820663 0.0187791123269112 -0.9845594360777699
1735977532.802385 -0.0003758059817522 0.0260375077474025 0.0880447240746357 0.0098001399725104 -0.1736958551623661 0.0187515544125417 -0.9845720320845230
1735977532.902605 -0.0016262693224773 0.0253172632134814 0.0885720341037388 0.0097573739685246 -0.1738152509470212 0.0187734662348289 -0.9845509682880781
1735977533.002566 0.0028749180291228 0.0256080171945803 0.0888341021838035 0.0098108028578852 -0.1738257513654047 0.0187763890737823 -0.9845485277643181
1735977533.102574 -0.0005207279970521 0.0297399250578432 0.0885691877106992 0.0096781848224991 -0.1738811655537242 0.0187211943116421 -0.9845411062458315
1735977533.202344 -0.0008892080301152 0.0285484076487463 0.0872844286280880 0.0098143525735103 -0.1736568543609822 0.0187832282620910 -0.9845781664007515
1735977533.302472 -0.0013117406366194 0.0292506137895062 0.0885836144267921 0.0097150741930662 -0.1737668222680721 0.0188360401522873 -0.9845587399457997
1735977533.402341 0.0001879856878623 0.0303985706889854 0.0901542632387292 0.0096318409445072 -0.1737560873106929 0.0188742622709036 -0.9845607203145105
1735977533.502406 0.0005335981202582 0.0319986061315447 0.0898405066640935 0.0095390262753220 -0.1738032444228839 0.0188382868559438 -0.9845539894562061
1735977533.602376 -0.0014716704642780 0.0360107269772220 0.0882736585286060 0.0094470918042212 -0.1737202072197776 0.0188927833383823 -0.9845684865958737
1735977533.702284 0.0017687647754576 0.0352260504958323 0.0892783145587613 0.0096063178831584 -0.1737831404924144 0.0190088939525962 -0.9845536047813853
1735977533.802309 0.0016367185652925 0.0359407451979477 0.0892064136155370 0.0096340659236196 -0.1737718724645105 0.0190458691185938 -0.9845546079235395
1735977533.902315 -0.0003771707728357 0.0370678654958675 0.0856104922844605 0.0094637155981661 -0.1737007349349778 0.0188686116726198 -0.9845722260269550
1735977534.002433 0.0019622942881161 0.0382099789559025 0.0877182750357095 0.0093529640857712 -0.1736611902510223 0.0189098437584597 -0.9845794690488113
1735977534.102618 0.0020662760991645 0.0367471661135900 0.0856004748844950 0.0095125294338738 -0.1736388226444003 0.0190293603125466 -0.9845795826140880
1735977534.202477 -0.0017392714957342 0.0389941432703370 0.0848715051164777 0.0094681005752536 -0.1737664767925342 0.0188476052969018 -0.9845609856119523
1735977534.302471 0.0016375379862590 0.0394963300039194 0.0854056441947089 0.0093965451413154 -0.1735968058571604 0.0189187986000944 -0.9845902360856152
1735977534.402464 0.0009602557720463 0.0388788457237848 0.0809584434057161 0.0093396584267536 -0.1735165357328342 0.0189979764138330 -0.9846034021370874
1735977534.502379 0.0006642948655838 0.0371270480370000 0.0839450196440938 0.0094570196299736 -0.1734593091437555 0.0189758821683690 -0.9846127912773739
1735977534.601680 0.0040826682821546 0.0361029273594213 0.0831656439676497 0.0094340224308256 -0.1734518965434820 0.0189036702836166 -0.9846157067892286
1735977534.698418 0.0047600464626786 0.0319595541872337 0.0800408244561060 0.0096127490968953 -0.1733875223460933 0.0189713102908754 -0.9846240153151510
1735977534.815633 0.0030120063522054 0.0318933666943180 0.0815851893378121 0.0097975265572121 -0.1734941301696700 0.0189638293385206 -0.9846035590260935
1735977534.902355 0.0010939597133315 0.0330503515673051 0.0806094504145415 0.0095957949814662 -0.1735199214202092 0.0189750973077945 -0.9846007837043184
1735977535.002400 0.0030173045208116 0.0298176896047866 0.0844516445666918 0.0096530113137140 -0.1736289888888174 0.0188555033468476 -0.9845832943857828
1735977535.102280 0.0018155260597543 0.0314614824019089 0.0815421552594537 0.0096187711694054 -0.1736095209501204 0.0189087263964283 -0.9845860417163781
1735977535.201314 0.0012550845713077 0.0295312353270724 0.0847560614910563 0.0097958199899263 -0.1736206913777046 0.0187915283469247 -0.9845845702115384
1735977535.302372 -0.0008626107219857 0.0287299785429066 0.0827755444809450 0.0098975055152479 -0.1736068056095925 0.0188378927758375 -0.9845851157855146
1735977535.402370 -0.0003082957952500 0.0305292573958185 0.0831176550976399 0.0099880725026480 -0.1737683225939741 0.0188420706127000 -0.9845556281112737
1735977535.502473 -0.0018873754401411 0.0313705689340274 0.0842718519442299 0.0098699182912003 -0.1735862441254308 0.0189177550670123 -0.9845874867712751
1735977535.608063 0.0007583537372080 0.0299706786418540 0.0828955952584886 0.0095264008202810 -0.1735907269863716 0.0188568921614042 -0.9845912475793027
1735977535.704640 -0.0012510739371590 0.0313985814206235 0.0841294910436878 0.0093602510014817 -0.1735813181786257 0.0189077331246380 -0.9845935249170835
1735977535.802419 -0.0009104033652722 0.0306340901226597 0.0825148254077833 0.0094733428716120 -0.1736489587091271 0.0188206595748287 -0.9845821843235033
1735977535.902567 -0.0023600689673180 0.0292470104562770 0.0844372295445557 0.0096228651752423 -0.1736052745224590 0.0188814913678938 -0.9845872731289619
1735977536.002378 -0.0022582807891761 0.0291245032848361 0.0845950420543819 0.0098532655399605 -0.1736333127573053 0.0189438585590859 -0.9845788521403536
1735977536.101439 -0.0011167308636111 0.0304021795945019 0.0833714551715359 0.0097586146542107 -0.1734900020540323 0.0189450975610914 -0.9846050334554071
1735977536.202454 -0.0051500645178633 0.0296888529318138 0.0822768266425948 0.0098460558227402 -0.1734236827065140 0.0190215597497156 -0.9846143720898726
1735977536.302474 -0.0029106446257879 0.0277792948085973 0.0834688045853185 0.0099166977448671 -0.1735007008538731 0.0188598865709355 -0.9846032046401145
1735977536.402297 -0.0008765929068088 0.0287180044904292 0.0824218438329487 0.0099614557723883 -0.1735427510947266 0.0189712544483692 -0.9845932025186971
1735977536.502527 -0.0016664419460500 0.0282553302519149 0.0804343540887527 0.0099919125763389 -0.1734911329012575 0.0188984460280401 -0.9846033908256817
1735977536.602631 -0.0014678177991826 0.0306408656398490 0.0816641384081553 0.0097890090209430 -0.1733977752007097 0.0188349511375821 -0.9846230910726587
1735977536.702173 -0.0017872294467968 0.0283885774893002 0.0815235592342909 0.0098694031300033 -0.1735055574711631 0.0188302781570781 -0.9846033907279650
1735977536.802373 -0.0040113764015346 0.0283799551265474 0.0819449883514928 0.0099878781770410 -0.1734729973247755 0.0189377352430505 -0.9846058722517063
1735977536.902414 0.0003809853175825 0.0296563805044314 0.0810223168772002 0.0097371379459519 -0.1735343186678026 0.0188722756893424 -0.9845988348558151
1735977537.002663 -0.0008425667654442 0.0296295054698116 0.0835052277782547 0.0096982902926634 -0.1735371989623299 0.0189262100506536 -0.9845976753551811
1735977537.102502 -0.0016144378677323 0.0305641112920849 0.0828896378871291 0.0097679392983568 -0.1735661209246146 0.0189756313992406 -0.9845909376192968
1735977537.202417 0.0014277687555899 0.0300905730071462 0.0832986752357158 0.0098346071661518 -0.1735920217587960 0.0189570084621585 -0.9845860664836503
1735977537.302468 0.0000451905477892 0.0285278623352957 0.0845293131785318 0.0096912698351304 -0.1735108577889089 0.0188488120511330 -0.9846038715151393
1735977537.402546 0.0000406228317123 0.0281293522989852 0.0833894185062923 0.0096693042118623 -0.1736129206071329 0.0187903265919893 -0.9845872140043697
1735977537.502448 -0.0009985212402801 0.0304466224850396 0.0848468823933299 0.0097511575013521 -0.1737890986632940 0.0187692748799373 -0.9845557264236824
1735977537.602502 0.0001705613160099 0.0302436585095532 0.0827775345643794 0.0097958116557841 -0.1735258062393693 0.0189126803098367 -0.9845989778414761
1735977537.702415 0.0009875558487071 0.0289362997528050 0.0825479572485478 0.0098013324153238 -0.1734237783360512 0.0187924125259536 -0.9846192016317714
1735977537.802383 -0.0026700657488813 0.0314073507697745 0.0816371498159097 0.0095856820654851 -0.1735336339451003 0.0188504404559079 -0.9846008599852865
1735977537.902658 -0.0019857112977386 0.0325243097309639 0.0860850216299393 0.0093878670721193 -0.1737220951079133 0.0188144370997926 -0.9845702202381358
1735977538.002487 -0.0006976489397819 0.0323575945196563 0.0868140885406736 0.0095438820716956 -0.1736156886306776 0.0189316958989193 -0.9845852415442189
1735977538.102369 -0.0034209681092807 0.0320096311434991 0.0830385618717714 0.0096387851608821 -0.1735704900839653 0.0188856206875556 -0.9845931708700200
1735977538.201404 -0.0024828423123486 0.0328403885598792 0.0859434684874909 0.0094269855005013 -0.1736230678893095 0.0189327625748054 -0.9845850459672663
1735977538.302522 -0.0012021549905743 0.0313064843943551 0.0848656106075329 0.0094265581562864 -0.1736769363901715 0.0186958468089377 -0.9845800765197046
1735977538.402531 -0.0048293797725052 0.0301074768224080 0.0853508672821589 0.0093992885163851 -0.1737835672559153 0.0188001181105732 -0.9845595363847851
1735977538.502437 -0.0025140599398833 0.0322464389868682 0.0855825877073004 0.0094316488464040 -0.1737106494514736 0.0188900823280729 -0.9845703728311268
1735977538.602606 -0.0022914229703692 0.0313947378602415 0.0860017678058520 0.0094264926302684 -0.1735762975974675 0.0188282729839704 -0.9845953007634599
1735977538.702352 -0.0010669531115774 0.0308953726430860 0.0864483236892855 0.0094942279687183 -0.1736629241918426 0.0189257630997801 -0.9845775052719351
1735977538.802429 -0.0028425044189165 0.0319982653086071 0.0867869539675251 0.0095325929707751 -0.1735889832453339 0.0188668204571875 -0.9845913048838797
1735977538.902424 0.0006365172256034 0.0326617173867292 0.0870604370633772 0.0095485799484186 -0.1735233022280218 0.0188427024972949 -0.9846031894968906
1735977539.002372 -0.0000975837757525 0.0283904400376438 0.0859141240314579 0.0098554341555486 -0.1735419432820734 0.0188331573079538 -0.9845970630289841
1735977539.102451 0.0003843976535896 0.0302801638260582 0.0871656940899524 0.0097058939348361 -0.1738313185753169 0.0188264105084870 -0.9845476294078710
1735977539.202459 0.0009586255976587 0.0297632919073905 0.0883185259193836 0.0098671247792611 -0.1736932887698359 0.0189611631097065 -0.9845678014125976
1735977539.302413 0.0011586869796875 0.0299332350200473 0.0914862153315394 0.0097692752427037 -0.1738778869888746 0.0188759334927545 -0.9845378310721704
1735977539.402550 0.0006330589838637 0.0285500680680595 0.0911503039660245 0.0098736475938882 -0.1737692286815206 0.0189146493073670 -0.9845552306946525
1735977539.502926 -0.0012482903967518 0.0306816100594078 0.0925500846559153 0.0097677368629844 -0.1738536606718268 0.0189312031140959 -0.9845410634078366
1735977539.603040 0.0009960507359909 0.0294300165679625 0.0959942725502221 0.0098650439421275 -0.1738926685403895 0.0188944810232206 -0.9845339096866016
1735977539.701308 -0.0031830573927179 0.0288265150322188 0.0937150199251935 0.0098883099151960 -0.1738693591234448 0.0190106557070461 -0.9845355566228229
1735977539.802390 -0.0034205020632461 0.0251491675463871 0.0888479320776027 0.0098133482272807 -0.1735986584388537 0.0186890598290774 -0.9845902310238028
1735977539.902356 -0.0001506196682071 0.0278987329387003 0.0912875819631946 0.0096421086940136 -0.1736714572808065 0.0187533495755580 -0.9845778621041562
1735977540.002397 0.0008248011748607 0.0291231906070129 0.0893368851525319 0.0097508345965051 -0.1737989398227892 0.0188318976886403 -0.9845527966394645
1735977540.102401 -0.0021020121968244 0.0276348916664446 0.0875779577130361 0.0097999113807211 -0.1736670800910113 0.0188524363832452 -0.9845751838595201
1735977540.202625 -0.0021547632797040 0.0280259387925052 0.0894785625236637 0.0096867231045008 -0.1738446591459958 0.0187765917355163 -0.9845464140835145
1735977540.302374 -0.0001255247209827 0.0293370736372922 0.0880261032186222 0.0096516016914285 -0.1737346202401306 0.0187533519387361 -0.9845666255291562
1735977540.402385 0.0018212505430776 0.0312339463404327 0.0873736071345427 0.0095937395398288 -0.1736832682983851 0.0187962322145049 -0.9845754334378711
1735977540.501702 0.0011735306264674 0.0322438041020277 0.0854610295497122 0.0097176807024385 -0.1735958421112604 0.0189234906950585 -0.9845871986692503
1735977540.602583 -0.0013377742515071 0.0283093311025239 0.0855491555341361 0.0096136879064797 -0.1735679006366822 0.0188382245277323 -0.9845947806940957
1735977540.701406 0.0007303160144993 0.0311817065482361 0.0834550477440232 0.0097602278361423 -0.1735830063216771 0.0188107583116699 -0.9845912010782216
1735977540.802384 -0.0002259527714071 0.0271795361875292 0.0852853448561352 0.0097536788934260 -0.1737113437440821 0.0187377087073672 -0.9845700244650286
1735977540.902145 0.0018061102872530 0.0300613617080985 0.0848256200611288 0.0097746852586737 -0.1735326086904710 0.0188600361048582 -0.9845989987234891
1735977541.002291 -0.0007861404930205 0.0323756353653386 0.0820901410176118 0.0098061845964566 -0.1734847625317864 0.0188335535993723 -0.9846076239658971
1735977541.102440 -0.0018048546262783 0.0291573410374919 0.0843188551241314 0.0098573450024103 -0.1735254997222228 0.0187796038739995 -0.9846009649467097
1735977541.202274 -0.0025271667400641 0.0280488040047458 0.0847623521323350 0.0099013109413545 -0.1735403334403256 0.0189117053489995 -0.9845953809112939
1735977541.302430 -0.0031929055496314 0.0288590865262597 0.0830097846837667 0.0098607257883002 -0.1735861264397067 0.0189157852139975 -0.9845876374728275
1735977541.402379 -0.0055241952135523 0.0295483792016244 0.0824429042095432 0.0099142788863826 -0.1735922415226103 0.0189922212452509 -0.9845845500968875
1735977541.502408 -0.0031959264684167 0.0279029437095867 0.0835899950873869 0.0098661582667616 -0.1736163952414550 0.0189749643229660 -0.9845811073514260
1735977541.602458 -0.0024925661371551 0.0262931608004499 0.0857200201223801 0.0098348329124969 -0.1736032582577267 0.0188852767231744 -0.9845854615557622
1735977541.702418 -0.0056498706895194 0.0261970142241644 0.0861904032396571 0.0097999813931281 -0.1737320915501024 0.0188331089635935 -0.9845640836111617
1735977541.802346 -0.0045782505850419 0.0262515168249624 0.0872318926413003 0.0098016260583855 -0.1736710046808887 0.0187260610776726 -0.9845768862289312
1735977541.902442 -0.0047154989106695 0.0242898130818200 0.0874585040927218 0.0097928862271746 -0.1737451299558971 0.0186516338611345 -0.9845653080168224
1735977542.002285 -0.0047581479170309 0.0241401004412649 0.0897871410894160 0.0096461688624505 -0.1738009614969595 0.0186983829419647 -0.9845560155137774
1735977542.102520 -0.0003106875782118 0.0237042290469866 0.0877126375277856 0.0096121958923490 -0.1737454328447471 0.0185735876415221 -0.9845685106166261
1735977542.202298 -0.0011891736594702 0.0256341094023614 0.0891222373631634 0.0096398525177918 -0.1737355529855185 0.0187194170232393 -0.9845672218282312
1735977542.302354 0.0011637267613636 0.0257827394258159 0.0885605683033915 0.0096507868318983 -0.1735687620852189 0.0188121597486415 -0.9845947642493948
1735977542.402530 0.0032813224342444 0.0259328511634690 0.0913700696828906 0.0097934314193330 -0.1735207721080758 0.0186824636385982 -0.9846042839133112
1735977542.502452 0.0037363809069598 0.0242678630979292 0.0920367577576292 0.0099250681542766 -0.1735376643329076 0.0187632907000538 -0.9845984516553525
1735977542.602416 0.0022636104619946 0.0275925484567474 0.0913710883357266 0.0097350897406156 -0.1735712655303359 0.0186630222473670 -0.9845963311990016
1735977542.702293 0.0056051253543172 0.0241905545546149 0.0912362698395792 0.0095372122634992 -0.1742585330673762 0.0185775197325762 -0.9844784817333657
1735977542.802515 0.0069137512667004 0.0274420361360149 0.0883325788749538 0.0096238884640975 -0.1739387395480103 0.0186930238064096 -0.9845320038049821
1735977542.902586 0.0043565537131140 0.0251312699829828 0.0889152866323874 0.0098069112186379 -0.1739468662498617 0.0189523165338478 -0.9845238046447651
1735977543.002434 0.0068797688255248 0.0256156448112469 0.0877147451686904 0.0100098241892307 -0.1733294351654404 0.0187999544520798 -0.9846335724712671
1735977543.102591 0.0072002293064854 0.0278105988493564 0.0867737131056013 0.0099492295243022 -0.1733763792151162 0.0188945152627093 -0.9846241116563804
1735977543.202612 0.0047580277327330 0.0263591109610544 0.0848676772215176 0.0100699162046174 -0.1734343396891706 0.0188882421683512 -0.9846127974549200
1735977543.302680 0.0031016888972653 0.0281986438508185 0.0850823906434951 0.0103793763099640 -0.1728213433732390 0.0189445040240456 -0.9847162827887879
1735977543.402361 0.0038516190866536 0.0279557122580087 0.0863192360446952 0.0106179353125811 -0.1724821843017813 0.0189503708987786 -0.9847730901029855
1735977543.502630 -0.0015157316935778 0.0274016475949170 0.0880508506961970 0.0107820682155773 -0.1726160630814394 0.0190576133955576 -0.9847457789414102
1735977543.602289 0.0011857395132029 0.0280346527538713 0.0853975492882220 0.0109809304986863 -0.1720167993595268 0.0190323877365036 -0.9848489265468765
1735977543.702347 -0.0022538344453158 0.0272516767857574 0.0860383717973037 0.0113609267956923 -0.1716331247304134 0.0191019642483769 -0.9849102064652754
1735977543.802606 -0.0011713189124177 0.0314260410895993 0.0830063880959678 0.0113348693191766 -0.1714847329898353 0.0192794651623247 -0.9849328958421365
1735977543.902509 -0.0042055222185624 0.0309253873099638 0.0864821064593524 0.0116723269464467 -0.1717641246171010 0.0193436928200784 -0.9848790097399064
1735977544.002397 -0.0038102072365561 0.0291564724388970 0.0841528085454972 0.0112911807557197 -0.1710458940772385 0.0192194412458430 -0.9850108752875054
1735977544.102393 0.0001764654649682 0.0298023421713583 0.0817041058780893 0.0108791612401368 -0.1715340231972596 0.0191359439664365 -0.9849322506573671
1735977544.202423 -0.0015489527294944 0.0279124153042326 0.0815667454106404 0.0102267452194375 -0.1728853587752885 0.0187801479982888 -0.9847097909762648
1735977544.302367 0.0006953708193073 0.0248487351149160 0.0816111628004053 0.0101383706874144 -0.1734652830432446 0.0189188030799237 -0.9846060572170753
1735977544.402313 -0.0000939784958311 0.0263349591944079 0.0788846327934829 0.0103810684522209 -0.1728584684203674 0.0189998364301222 -0.9847086825700198
1735977544.502606 -0.0004410090883766 0.0292011215235048 0.0801317303428044 0.0104036048311427 -0.1724122204827480 0.0189538303117436 -0.9847875626505643
1735977544.602579 0.0003708232220351 0.0278035824054923 0.0831906208214505 0.0102946392583759 -0.1729445765903444 0.0189339414405390 -0.9846957396536519
1735977544.702303 0.0002154417098581 0.0303318544747476 0.0810010050557592 0.0099263457729326 -0.1733599702265821 0.0188597636588397 -0.9846278980901199
1735977544.802481 0.0004672503289756 0.0293382833967729 0.0836497654802485 0.0101784834030081 -0.1729638605896414 0.0189477404479018 -0.9846932946544628
1735977544.902430 -0.0004619685087093 0.0318784240999457 0.0854671040957437 0.0100401534405406 -0.1729801590556571 0.0188312072899450 -0.9846940872798887
1735977545.001397 -0.0007253763771687 0.0325295362826830 0.0814181846063396 0.0099099324488514 -0.1731182514176684 0.0189105433022798 -0.9846696174945996
1735977545.102443 0.0004196477194811 0.0321304703591443 0.0857723970225236 0.0100790675309589 -0.1732698606106933 0.0189231074054500 -0.9846409923458292
1735977545.202381 -0.0001037069003262 0.0310419882597817 0.0824013491116254 0.0100834962598889 -0.1730263267736691 0.0188234202080628 -0.9846856819300558
1735977545.302392 0.0023775777542129 0.0310476780594019 0.0820111792680700 0.0101225220839758 -0.1731340129825567 0.0189059620671490 -0.9846647717337770
1735977545.401413 0.0007645488378902 0.0280627204160297 0.0834310585092743 0.0100900653877149 -0.1732158089167301 0.0188426639814877 -0.9846519324796327
1735977545.502450 0.0005029024113305 0.0267438798962515 0.0840783926033761 0.0102948660251993 -0.1730950664785555 0.0187369658002276 -0.9846730623952851
1735977545.602553 0.0052812639583407 0.0295315660065188 0.0829291573262460 0.0099103409014731 -0.1729423159886273 0.0187762506744313 -0.9847030988548362
1735977545.702612 0.0058701106572284 0.0249980256754426 0.0823501405267359 0.0098483355913566 -0.1730799849434266 0.0186490055337200 -0.9846819505254814
1735977545.802710 0.0064947762595105 0.0243053269504028 0.0837018388367207 0.0099489200643706 -0.1729955473994029 0.0186464338838619 -0.9846958261681362
1735977545.902263 0.0070991433871965 0.0233355671789205 0.0858519729212944 0.0098135192503057 -0.1730336898778319 0.0186448824485359 -0.9846905124787516
1735977546.002388 0.0080507418666819 0.0230757868474466 0.0835618500678997 0.0098887097333829 -0.1730022275082598 0.0186355119580482 -0.9846954658121723
1735977546.102117 0.0069556133069379 0.0259287086338962 0.0867957695402416 0.0099596677062497 -0.1731389146286501 0.0187234490908557 -0.9846690579654347
1735977546.202347 0.0065881595598156 0.0250284658704362 0.0854928659414065 0.0101836354955698 -0.1730608213381847 0.0187529058718831 -0.9846799349063667
1735977546.302318 0.0079868062467111 0.0239184052547028 0.0856677264069572 0.0102598945397804 -0.1730671482003549 0.0189329040731787 -0.9846745868159616
1735977546.402479 0.0075328465713570 0.0237999446761592 0.0838463021504914 0.0101887156270106 -0.1731279053734438 0.0188010486467105 -0.9846671717004990
1735977546.502525 0.0058565492289730 0.0260956845863572 0.0852255921159213 0.0102672404533590 -0.1730932303567097 0.0189017064126302 -0.9846705250350712
1735977546.602444 0.0065138605178680 0.0244752700946222 0.0838994377612104 0.0102446913638426 -0.1730827739212941 0.0187973793640559 -0.9846745950818542
1735977546.702582 0.0055068618106925 0.0264600185505805 0.0830038890566479 0.0101623068599711 -0.1730158409811879 0.0187647715709166 -0.9846878335984189
1735977546.802500 0.0026915588110565 0.0276237561342969 0.0862702336299756 0.0101538674628898 -0.1732029322605188 0.0189007661234508 -0.9846524281551591
1735977546.902716 0.0014194106741360 0.0271123217763719 0.0851400312552140 0.0100466951891468 -0.1729727353444973 0.0187371425967884 -0.9846971190323077
1735977547.002512 0.0030467856666413 0.0276801528432151 0.0841955046324739 0.0101468189979089 -0.1729654761320517 0.0188033730183248 -0.9846961050465114
1735977547.102367 0.0022754339063860 0.0273591788928426 0.0840407521742733 0.0102909236381853 -0.1729003760315312 0.0188301480552858 -0.9847055307974280
1735977547.202475 0.0010790085481989 0.0264570195615072 0.0833543971495250 0.0101713472872093 -0.1730118626841669 0.0187848760124814 -0.9846880559335093
1735977547.302553 0.0025452707458814 0.0279871875653720 0.0834012897987332 0.0100954443477436 -0.1729638619970653 0.0189417340467287 -0.9846942648141020
1735977547.402435 0.0046537164417905 0.0258004326076465 0.0841385756280498 0.0102127939990315 -0.1730563361789729 0.0190045112052702 -0.9846755972912564
1735977547.502604 0.0037082686515089 0.0267732754924417 0.0833242586691344 0.0102671026888356 -0.1729825035339599 0.0187860497572644 -0.9846921977999106
1735977547.602505 0.0049461041976809 0.0260082947346643 0.0800814876397945 0.0102788539977658 -0.1729180701694367 0.0187373859995759 -0.9847043193442758
1735977547.702440 0.0013301116331520 0.0277969068657273 0.0814140906030456 0.0100936872669447 -0.1728803451578503 0.0188586241772003 -0.9847105442867984
1735977547.802307 0.0050066469591831 0.0248745969627267 0.0817743879010695 0.0103766312272764 -0.1730481478871012 0.0189548502805070 -0.9846762806567753
1735977547.902601 0.0058906361806277 0.0242144412862031 0.0808331318972995 0.0103672252250405 -0.1730705892698897 0.0189256403374372 -0.9846729974507904
1735977548.002547 0.0083082666227201 0.0250064966906462 0.0778012293801007 0.0104694419676049 -0.1729963459226085 0.0189313995815747 -0.9846848517125645
1735977548.102556 0.0062542637596158 0.0252272989775030 0.0814333200802122 0.0104180775901140 -0.1731069522374389 0.0188627609513497 -0.9846672752740814
1735977548.202348 0.0087957915886085 0.0273136211694658 0.0795279431849562 0.0101556885356571 -0.1728977270906907 0.0187152318810047 -0.9847095907184412
1735977548.302538 0.0071579657695999 0.0265554733379033 0.0770224410736966 0.0100757400424260 -0.1728104372492793 0.0187413109604646 -0.9847252385837350
1735977548.402673 0.0092976298142863 0.0267281189708074 0.0815087211230846 0.0099947855518715 -0.1729237907271315 0.0187377101080875 -0.9847062328848319
1735977548.502712 0.0075292867984880 0.0274169407329085 0.0768198580110877 0.0101364372924851 -0.1728530587366574 0.0188116557701695 -0.9847157936844427
1735977548.602459 0.0059139839337337 0.0269909699077107 0.0778922087865386 0.0099169201884929 -0.1730145815654395 0.0188251190353205 -0.9846894049155892
1735977548.701587 0.0093615842500901 0.0262376505190309 0.0813663607230163 0.0101650155900377 -0.1730524280360891 0.0189041591922142 -0.9846787102268963
1735977548.802621 0.0079696716500124 0.0260579281629570 0.0788189129791581 0.0101145089039681 -0.1728525025404140 0.0187239969803672 -0.9847177874966141
1735977548.902716 0.0055466438826078 0.0267400654619941 0.0804103793030721 0.0100992405718353 -0.1729745941630614 0.0186956917136213 -0.9846970428641216
1735977549.002491 0.0029544409955545 0.0275225888010122 0.0824193878463001 0.0100422193380325 -0.1731750760529464 0.0188980826284091 -0.9846585242294877
1735977549.102576 0.0066360546999057 0.0258308462652505 0.0814219039959820 0.0099816555764612 -0.1728372963382397 0.0186767023234311 -0.9847227103793039
1735977549.201446 0.0044525175056433 0.0267266284077505 0.0811447463000482 0.0101453615859468 -0.1730489935617008 0.0188466477956003 -0.9846806189483174
1735977549.302522 0.0036981525571405 0.0301922882143290 0.0833980686936412 0.0101147138415003 -0.1729974154470611 0.0189036609589002 -0.9846889043829490
1735977549.402525 0.0020921980967822 0.0284475625277546 0.0807323543232722 0.0101008782672237 -0.1730201126651998 0.0188114766026760 -0.9846868239291005
1735977549.501469 0.0028496498063589 0.0279188234740766 0.0817450133010262 0.0100153407482267 -0.1730441876800592 0.0187702968515491 -0.9846842529541894
1735977549.600264 0.0006266960746821 0.0288934065809385 0.0824778460611814 0.0098608667058221 -0.1731204321797931 0.0187384697679261 -0.9846730162954850
1735977549.701844 0.0046444614079690 0.0304949705692737 0.0843935500220717 0.0097330720272500 -0.1730772623639902 0.0188291058992934 -0.9846801477294707
1735977549.801795 0.0046176513878976 0.0297125670403531 0.0851948029878222 0.0097323626794602 -0.1729837320151523 0.0187650998214464 -0.9846978118201931
1735977549.902596 0.0025894651806414 0.0278936737394938 0.0834809939326580 0.0097695607406614 -0.1729663312384309 0.0187099441671359 -0.9847015496738667
1735977550.002530 0.0028987862012655 0.0262216888946148 0.0813818015308824 0.0098739705073913 -0.1729876624970502 0.0187595094224123 -0.9846958180760476
1735977550.102665 0.0003449069232680 0.0287011788200914 0.0841957085396659 0.0099718129900719 -0.1730767733710144 0.0188288232785201 -0.9846778503039032
1735977550.202640 0.0025832169579489 0.0270416522085659 0.0852416601345735 0.0102034168096617 -0.1732023980247057 0.0187135856377302 -0.9846555851243008
1735977550.302515 0.0037407760507866 0.0269102834227266 0.0835494325550735 0.0100526190492378 -0.1730435296955685 0.0187933735613491 -0.9846835485530027
1735977550.402562 0.0038810118252011 0.0252149051603764 0.0837606939420935 0.0101337533792435 -0.1730647731342580 0.0187601497360404 -0.9846796169944403
1735977550.502443 0.0048092373251271 0.0271082118551636 0.0819183470318565 0.0101403665402617 -0.1729134716728059 0.0188712563155143 -0.9847040062706971
1735977550.602435 0.0061436381548873 0.0238703191149813 0.0812562578115469 0.0101630224916934 -0.1730320390683764 0.0187450194017612 -0.9846853561809989
1735977550.702564 0.0048710809062836 0.0245474074446247 0.0801365974063021 0.0102546776800542 -0.1729381901917597 0.0187105577924820 -0.9847015481789246
1735977550.802746 0.0068958734071811 0.0233116974897882 0.0792875143682008 0.0103638809490713 -0.1730374675120339 0.0187054207017247 -0.9846830617234495
1735977550.903204 0.0072803593094135 0.0216772528838515 0.0832776014079598 0.0104762589118362 -0.1730717422787978 0.0189255493087567 -0.9846716425322481
1735977551.002282 0.0059613042662769 0.0221141300091958 0.0806936887922511 0.0104036677237988 -0.1730053265196436 0.0188174027136242 -0.9846861561171852
1735977551.102501 0.0056080357732651 0.0239673765986477 0.0816790962338516 0.0102656773226412 -0.1729327158523885 0.0187978692852506 -0.9847007320843014
1735977551.202632 0.0047204598862458 0.0267712368578990 0.0829547326635942 0.0103322389078377 -0.1729779651115751 0.0188952910624866 -0.9846902235732181
1735977551.302354 0.0030182668800528 0.0261635183209948 0.0826096054303240 0.0101565962159885 -0.1728948860626567 0.0188724721520661 -0.9847070791466648
1735977551.402314 0.0025508701621498 0.0270401731544055 0.0820645514847065 0.0099674562675819 -0.1729404074851066 0.0187657858198535 -0.9847030570466422
1735977551.502689 0.0035679914264590 0.0255642385997689 0.0817327521476248 0.0099341295498646 -0.1730037186517417 0.0187453187922458 -0.9846926624211906
1735977551.602474 0.0042281636781220 0.0283453460880970 0.0838437126218506 0.0099839011270306 -0.1728844169032581 0.0187484734871449 -0.9847130520370938
1735977551.702666 0.0062121164983279 0.0291217245503099 0.0823568931069403 0.0100951461614856 -0.1729082774318486 0.0187130129197972 -0.9847084029127571
1735977551.802434 0.0034933247066683 0.0295131773332566 0.0859365179823878 0.0100240831080572 -0.1730781250441075 0.0187568178913501 -0.9846784562341403
1735977551.902824 0.0022805768366522 0.0284141198969998 0.0876022233999148 0.0100329387820765 -0.1733044828324606 0.0187711017478075 -0.9846382798310971
1735977552.002407 0.0030375922959664 0.0293046938100339 0.0826989072675315 0.0101313482086036 -0.1731178323278696 0.0187156242262465 -0.9846711620248649
1735977552.102756 -0.0008170414878507 0.0272083932534519 0.0865029896114183 0.0099641034221707 -0.1732555092689315 0.0187743724630193 -0.9846475349532824
1735977552.202549 -0.0017449048910501 0.0278364113897114 0.0864186452129050 0.0099360682184444 -0.1731630977858482 0.0187654211739645 -0.9846642448478218
1735977552.302359 0.0001936638555573 0.0247449257721288 0.0856731359627154 0.0101223677733921 -0.1731616750787168 0.0187007465999224 -0.9846638279286990
1735977552.402593 0.0020032854980899 0.0249795320238147 0.0869379929046497 0.0101128542009170 -0.1732011589687618 0.0187969928577884 -0.9846551486542346
1735977552.502440 0.0024635413367654 0.0242778741365470 0.0846322881269546 0.0101650081000957 -0.1731664646777638 0.0188444499942023 -0.9846598066468165
1735977552.602379 0.0023900808400814 0.0211948524888117 0.0858324167702607 0.0102979840813238 -0.1732262080564398 0.0188541846408421 -0.9846477299459828
1735977552.702535 -0.0011288201533082 0.0196385400750765 0.0863042833739265 0.0101764739531644 -0.1732011491163721 0.0185677812864369 -0.9846588438747442
1735977552.802520 0.0001386597724451 0.0193706573542110 0.0868386122731449 0.0101045107157196 -0.1732875150786843 0.0186105227261341 -0.9846435824321971
1735977552.902540 0.0072510949026446 0.0210346070081726 0.0867424550038939 0.0102950503246703 -0.1731225979953322 0.0189003792916071 -0.9846650972106163
1735977553.002511 0.0075457424964419 0.0219386663249177 0.0881556081379072 0.0102586410775094 -0.1731738737446510 0.0188544616194782 -0.9846573409123370
1735977553.102427 0.0087845165807438 0.0226983968487365 0.0852522981530948 0.0102980804761940 -0.1730635780422155 0.0188282769825347 -0.9846768218454219
1735977553.202446 0.0046036118712934 0.0243116293824697 0.0868259070326749 0.0102294721067630 -0.1731130307848092 0.0189681795290192 -0.9846661589789047
1735977553.302673 0.0092623450212782 0.0241928316656888 0.0868103288013319 0.0103337848422182 -0.1731311823511730 0.0189068360185165 -0.9846630581779174
1735977553.402418 0.0119003033664386 0.0237579421307320 0.0835521486931747 0.0103548662147213 -0.1729824841709227 0.0188486142925864 -0.9846900866033846
1735977553.502660 0.0110735957915409 0.0253342499224625 0.0823923872161706 0.0102792945468220 -0.1730646530864163 0.0188105046316886 -0.9846771688585043
1735977553.601345 0.0076418040408924 0.0260684369919932 0.0824538711773734 0.0101578946919255 -0.1729653827981855 0.0188756631527617 -0.9846946241700766
1735977553.702516 0.0073713911215332 0.0267590613227007 0.0810196112166219 0.0099900455619509 -0.1729130198203865 0.0189424442661786 -0.9847042552825125
1735977553.802600 0.0071249750048740 0.0251648428399036 0.0810184761484282 0.0100656265258176 -0.1729105798495841 0.0189027337647964 -0.9847046771468798
1735977553.902280 0.0064045625874573 0.0256003007538920 0.0806015354528720 0.0100605281576449 -0.1729104460089714 0.0188063150401609 -0.9847065989160315
1735977554.002349 0.0086738014434205 0.0255534234648678 0.0821285561224950 0.0099902214836677 -0.1729368648807394 0.0187996279211951 -0.9847028029969007
1735977554.102589 0.0049781545638758 0.0255145957585471 0.0828233068744605 0.0099344260471544 -0.1729456942039371 0.0187341853177425 -0.9847030640431219
1735977554.201871 0.0031821574250463 0.0254486812350098 0.0827652441182419 0.0099050031427680 -0.1729293190062681 0.0188136043672844 -0.9847047221535407
1735977554.302207 -0.0008644275494418 0.0256196242030226 0.0815653284000213 0.0100461288645676 -0.1730878519526972 0.0188573374437065 -0.9846746018994154
1735977554.402567 -0.0017015538406564 0.0253367956496064 0.0842787070109193 0.0102401412623115 -0.1731452206707800 0.0188774878833029 -0.9846621311480455
1735977554.502631 0.0000771299457223 0.0268104459273814 0.0823853379061024 0.0102533813556722 -0.1731125445311312 0.0188751143636158 -0.9846677841559013
1735977554.602448 -0.0021169220620759 0.0267765009966008 0.0818431712441542 0.0102261423341092 -0.1730060103557326 0.0188906695732699 -0.9846864927462082
1735977554.702444 0.0011292384626598 0.0289651531407451 0.0790688968105889 0.0102167152175953 -0.1729383596862076 0.0190370238387000 -0.9846956556228788
1735977554.802609 0.0019917549097632 0.0301348158938029 0.0811091473147725 0.0104782958285420 -0.1730250074929881 0.0191466328095668 -0.9846755600453566
1735977554.902560 0.0003741764539139 0.0296733848460231 0.0796926907288049 0.0103064916457937 -0.1730045992735336 0.0190828138701947 -0.9846821980085528
1735977555.002674 0.0024377345292735 0.0287807758439926 0.0783307332099656 0.0103276735351151 -0.1728887896342753 0.0189031109171908 -0.9847057824425526
1735977555.102564 0.0016149667557190 0.0289014315564033 0.0784708254132408 0.0103413825020127 -0.1729552246301749 0.0188748564801720 -0.9846945139858990
1735977555.202407 0.0064701715653796 0.0258890956125138 0.0761145756970924 0.0101532281414853 -0.1728073203235728 0.0189795390551730 -0.9847204268715799
1735977555.302430 0.0066485879711716 0.0262850606854159 0.0808107291560821 0.0103664422371600 -0.1729870335238591 0.0188506381811551 -0.9846891268558428
1735977555.402377 0.0024983725762610 0.0258085285655856 0.0802037003361884 0.0102877968260850 -0.1731302143897439 0.0190199038025632 -0.9846615323862143
1735977555.502427 0.0073354332581504 0.0240749843694375 0.0805867950905544 0.0101153490219242 -0.1730092321762094 0.0189505256066134 -0.9846859209286971
1735977555.602568 0.0079522899647875 0.0224576245711826 0.0822203219572756 0.0103450575543887 -0.1730246096423347 0.0188770549566090 -0.9846822436900542
1735977555.702618 0.0104237091425889 0.0258272293197251 0.0836957873673358 0.0101725892006292 -0.1728888498277711 0.0188117249339929 -0.9847091362626802
1735977555.802836 0.0104583959110037 0.0230419400760266 0.0832057114489137 0.0103827733592646 -0.1729556346390998 0.0189270373901397 -0.9846930048089042
1735977555.902414 0.0092088436157935 0.0214697682669324 0.0816472129939983 0.0105734809952713 -0.1729402272667097 0.0189587419401992 -0.9846930716708768
1735977556.002618 0.0114423444488365 0.0237893419918814 0.0831178687336787 0.0101953796918003 -0.1728896805751623 0.0188827343361443 -0.9847073955889378
1735977556.102564 0.0102901608467932 0.0219641791736315 0.0823735510409122 0.0102008814446780 -0.1729462175129094 0.0189931834409635 -0.9846952862934336
1735977556.202455 0.0100759780749582 0.0234871844565880 0.0801921784972995 0.0102761958442326 -0.1729010011120684 0.0188673633425511 -0.9847048624912522
1735977556.302608 0.0082971666426521 0.0227648509741764 0.0826195467117408 0.0103196710303655 -0.1730848729302865 0.0189439254439445 -0.9846706347004088
1735977556.402568 0.0107860936834685 0.0233124524543305 0.0806720806024313 0.0102556605201691 -0.1729042652893326 0.0188618438212736 -0.9847046091695282
1735977556.502477 0.0100951566408408 0.0233646139641060 0.0796470893194801 0.0102863291731867 -0.1729896084610445 0.0189120099532755 -0.9846883378390152
1735977556.602641 0.0079393053850802 0.0262238344426383 0.0805057847727302 0.0102887488148381 -0.1729987340889093 0.0189713526725455 -0.9846855677977788
1735977556.702379 0.0079295976753971 0.0245309446561124 0.0818945165863974 0.0103362615663116 -0.1729514131991288 0.0188628441478711 -0.9846954673806061
1735977556.802587 0.0100096283936555 0.0258315530856615 0.0789561914636293 0.0103438242793325 -0.1728129543256668 0.0189405002671279 -0.9847182061717678
1735977556.902519 0.0095664354846335 0.0278307207200633 0.0818193081844865 0.0103845823646720 -0.1730248942601826 0.0190210395465026 -0.9846790068189402
1735977557.002590 0.0057572245545105 0.0279180484607482 0.0788564176438248 0.0103127454829548 -0.1728739642916348 0.0190933029402420 -0.9847048723011025
1735977557.102540 0.0041866765307606 0.0305950532550667 0.0813982451744713 0.0101889034836909 -0.1729119620393945 0.0190442859222660 -0.9847004391200392
1735977557.202422 0.0040842241352637 0.0299604010800376 0.0797599222605676 0.0101807810796507 -0.1729622338323959 0.0190913180464180 -0.9846907834135376
1735977557.302369 0.0035849204916297 0.0313990943071740 0.0818122756325618 0.0101121820458006 -0.1729766099167313 0.0190452233343625 -0.9846898576019415
1735977557.402651 0.0049399408949830 0.0318983686327873 0.0837650344303899 0.0101891937478469 -0.1730643861408154 0.0189415476642981 -0.9846756401742418
1735977557.502664 0.0092137771472297 0.0354029279746877 0.0835805470455534 0.0100031915948593 -0.1730723590016002 0.0189336858697335 -0.9846762971895505
1735977557.601577 0.0102198528134519 0.0325959734563358 0.0811714161785447 0.0099173996409569 -0.1729195581838018 0.0188655445011256 -0.9847053177537718
1735977557.702528 0.0113167815449619 0.0309947505131959 0.0810337538669936 0.0099224426958886 -0.1727918954534728 0.0189037995642691 -0.9847269430449118
1735977557.802444 0.0122477716618514 0.0315470866708964 0.0797079794326317 0.0097910015212383 -0.1728822171649645 0.0187865196615148 -0.9847146500161074
1735977557.902626 0.0099768607901661 0.0284747817551717 0.0800791442252304 0.0098442347568347 -0.1729190101415908 0.0187100422419242 -0.9847091150654644
1735977558.002476 0.0113094944381944 0.0304754774212558 0.0819148819492337 0.0097826050146498 -0.1729647964427289 0.0188776006310778 -0.9846984899069695
1735977558.101582 0.0132453128688123 0.0280300348786086 0.0801246036390553 0.0098249364091219 -0.1728161914363113 0.0189028379515852 -0.9847236756163533
1735977558.202570 0.0138448788197653 0.0272936810239974 0.0833556661250624 0.0099756100543415 -0.1729644993409444 0.0187422281583140 -0.9846991916597891
1735977558.301835 0.0141332441470120 0.0263331236427662 0.0828902456339828 0.0101307537585790 -0.1729228871877918 0.0188889271341244 -0.9847021129999890
1735977558.402583 0.0113216048465540 0.0283170016170606 0.0828690908048235 0.0102742182449414 -0.1729330336304512 0.0189907724831310 -0.9846968857873567
1735977558.502577 0.0142497198810760 0.0274201847981586 0.0813361476433117 0.0103907837532105 -0.1727481937244203 0.0190063372016991 -0.9847278062104876
1735977558.602002 0.0109979624590758 0.0266473750739920 0.0805978361183629 0.0103835729249066 -0.1728363688327116 0.0190482426340471 -0.9847116001523445
1735977558.702399 0.0116506165306393 0.0309580773377049 0.0795530912048046 0.0102954650494984 -0.1728839934260280 0.0191029253990175 -0.9847031057418696
1735977558.801910 0.0125296565464424 0.0280130599718567 0.0804495241295545 0.0103679162057325 -0.1728525324641748 0.0189776071206924 -0.9847102917925886
1735977558.902674 0.0125617359256966 0.0282431916358067 0.0820392971940673 0.0103138444567342 -0.1729613377595524 0.0189869126576087 -0.9846915747586554
1735977559.002564 0.0136510504031944 0.0294324051658683 0.0831775347582221 0.0102575161490167 -0.1729642975509976 0.0189993055952285 -0.9846914042084666
1735977559.102437 0.0101427763382555 0.0292422014109718 0.0802731922283153 0.0101001568678539 -0.1729713822606778 0.0189468894859475 -0.9846927963222250
1735977559.202381 0.0147012839945526 0.0286595718090995 0.0821540467645928 0.0098174844935991 -0.1733055667660399 0.0189681919705608 -0.9846364837946477
1735977559.302538 0.0149360281147839 0.0286544652684842 0.0827953614083493 0.0102472938966903 -0.1738505471109624 0.0187709489993269 -0.9845398070726641
1735977559.402545 0.0149011068311228 0.0283612909270718 0.0809423935632981 0.0095434582114698 -0.1753649811575893 0.0188758921446518 -0.9842762551665603
1735977559.502409 0.0172218596810091 0.0277840193650628 0.0773486266344929 0.0088894685034201 -0.1770643185118866 0.0186982877473314 -0.9839814929636461
1735977559.602630 0.0151493251627513 0.0276071415596735 0.0796400906702655 0.0091149231872687 -0.1771423437367897 0.0188078367217315 -0.9839632988626029
1735977559.702499 0.0153062786246856 0.0282891847001851 0.0872188459615986 0.0077444987893398 -0.1756666106483489 0.0184960584728446 -0.9842454777456652
1735977559.802442 0.0148305588530498 0.0281441223265800 0.1023267205663349 0.0047602037148611 -0.1754005033982077 0.0197276018350938 -0.9842879789950116
1735977559.902484 0.0081343694035501 0.0255896053185345 0.1241274292747779 0.0032981908933990 -0.1722409455084537 0.0215464656369415 -0.9848136516345317
1735977560.002362 0.0049058794439564 0.0274876723888607 0.1499245134029388 0.0054842636017790 -0.1717456210329738 0.0216356008521807 -0.9848884532192007
1735977560.102504 0.0041408376501129 0.0305195730020901 0.1938809289471236 0.0100639115385144 -0.1694505416106692 0.0218766424807579 -0.9852444590791489
1735977560.202455 0.0027623325232019 0.0341114716299150 0.2409482898644867 0.0131250180065742 -0.1770118144957561 0.0211127196724932 -0.9838947121004757
1735977560.302717 -0.0039545175663242 0.0440478407120717 0.3123188763848213 0.0174707916477368 -0.1719254232121535 0.0207450331280498 -0.9847365454237187
1735977560.402582 -0.0117640568288403 0.0569731631603681 0.4014144577501140 0.0172388800514923 -0.1588662287095817 0.0214775171270428 -0.9869159329184137
1735977560.502719 -0.0155362467483478 0.0757048011131663 0.4899541619010696 0.0170838140536089 -0.1539045860254809 0.0220792965543612 -0.9876912606484740
1735977560.602678 -0.0159236015843089 0.1011090830634516 0.5783077134266076 0.0223038987525841 -0.1492166984262676 0.0258597820401228 -0.9882146450463262
1735977560.702483 -0.0091489080217591 0.1353123624558369 0.6628589768999654 0.0231397206996415 -0.1441356723469615 0.0331140190983865 -0.9887329887397224
1735977560.802915 0.0047723924458893 0.1687287566013723 0.7360651307878158 0.0109620378704708 -0.1506965684512383 0.0455428497769927 -0.9874696080472239
1735977560.902327 0.0212357759613945 0.1981221368001715 0.7984501525563814 -0.0069306141504155 -0.1624994203910620 0.0584860772731382 -0.9849493813010227
1735977561.002483 0.0513704692770977 0.2286481051753363 0.8423134247711063 -0.0084891619170258 -0.1756979456837452 0.0693077905351083 -0.9819646613720882
1735977561.102407 0.0880886811430656 0.2538870327624495 0.8720472912145956 -0.0081944487746458 -0.1870716651987346 0.0749421894915479 -0.9794491877189266
1735977561.202379 0.1338936938104493 0.2747682623207883 0.8907429581716431 -0.0008075799843561 -0.2096584326825811 0.0823560166982507 -0.9742998388243991
1735977561.302505 0.1861599814164287 0.2939558489699548 0.9018927512378533 0.0080722041116810 -0.2173469121848537 0.0929056199551046 -0.9716294072666011
1735977561.402433 0.2481097424139248 0.3085701226819104 0.9075769564500057 0.0025986164425439 -0.2084105841478679 0.0993793061932154 -0.9729758625517305
1735977561.502440 0.3196945411767632 0.3130898470335708 0.9096307514233172 -0.0129889993359677 -0.2017484262015019 0.1167415792121518 -0.9723683777789776
1735977561.602467 0.4024589195098893 0.3140916254623132 0.9141545135356097 -0.0225754948308272 -0.2000516870125111 0.1381711403926733 -0.9697310995936862
1735977561.702451 0.4986470304989398 0.3080664600133153 0.9220333108530883 -0.0289354214156927 -0.2065043787142847 0.1551997374461663 -0.9656250434076182
1735977561.802527 0.5949720347901268 0.2984370587753992 0.9254379069204697 -0.0367461116613391 -0.2168696342124354 0.1698164422514093 -0.9606142102714340
1735977561.902534 0.6973878729016381 0.2831343447571567 0.9255807218741910 -0.0444169842751857 -0.2115805734138095 0.1881559795038370 -0.9580491218297387
1735977562.002520 0.8119090734909139 0.2567060398400510 0.9168460049592390 -0.0574461158177111 -0.2075444659693546 0.2086328856845704 -0.9539903340358762
1735977562.102398 0.9299924737045783 0.2167069247369176 0.9107920318404938 -0.0698219478022649 -0.2117016920464267 0.2427154937608400 -0.9441379551094266
1735977562.202690 1.0443370853098621 0.1573377224989173 0.9114690817692656 -0.0833950863874112 -0.2214702634523057 0.2791309918285171 -0.9306353052477812
1735977562.302525 1.1535644341425246 0.0923836257971770 0.9084014848147304 -0.0892388204761228 -0.2249741330623669 0.3032002541096457 -0.9216792708316236
1735977562.402472 1.2691107053556776 0.0085545212962182 0.8984009676644541 -0.0962095089021985 -0.2327910358246506 0.3247332776185051 -0.9116470602396669
1735977562.502344 1.3822273031577204 -0.0854246918096660 0.8941686707208539 -0.1067138540997940 -0.2209739788918956 0.3416866381805475 -0.9072116044698325
1735977562.602518 1.5054298238949806 -0.1857672359554863 0.8948842250339218 -0.1078405995761993 -0.2162166219223826 0.3424115976817388 -0.9079510313120188
1735977562.702493 1.6385042305197677 -0.2871367585030133 0.8983387867234617 -0.1104646691331565 -0.2136507521766537 0.3372383612021659 -0.9101764667916492
1735977562.802403 1.7754898629108931 -0.3967358105968334 0.9090586858134085 -0.1133438382855827 -0.2113637621569573 0.3378006632803870 -0.9101479254807318
1735977562.902488 1.9208910478028292 -0.5171340998147130 0.9359161757942903 -0.1221453789594935 -0.2038855804896824 0.3376893689560996 -0.9107563156856275
1735977563.002553 2.0659030921847772 -0.6601083763210371 0.9785334412404878 -0.1313462500574629 -0.1956231499071934 0.3547099841939735 -0.9047986366752225
1735977563.102535 2.2117007941211075 -0.8201098914186532 1.0038802957785493 -0.1199109991270027 -0.1747124290694993 0.4040629750112725 -0.8898483194578946
1735977563.202604 2.3464265580333725 -1.0004126452218052 1.0270577500091378 -0.1074473236033869 -0.1767288106057043 0.4584385093648001 -0.8643240904219563
1735977563.302380 2.4885178038932767 -1.1743536088279114 1.0606957924090097 -0.0918810876401654 -0.1785798989164046 0.4984532522114158 -0.8433335287992110
1735977563.402323 2.6640588412887412 -1.3419559179012153 1.0773879852026342 -0.0805291713647014 -0.1906224763170983 0.4983872240480013 -0.8418956580169416
1735977563.502444 2.8623978066273272 -1.4818170061699416 1.0747880495608944 -0.0832212043895561 -0.1962896371568150 0.4517550488003129 -0.8662920900990756
1735977563.602336 3.0635162202101149 -1.6102610105573860 1.0819621103260693 -0.0958919549560639 -0.1834261365724581 0.3909194987232237 -0.8968508967017816
1735977563.702355 3.2508507583025446 -1.7535800924054918 1.1203331938300789 -0.1195971195303040 -0.2001648862245287 0.3520997304532927 -0.9064526061176581
1735977563.802572 3.4178648997131749 -1.9234657120345218 1.1567243591314234 -0.1261494672415925 -0.1985118129246030 0.3698415578381153 -0.8988306815746365
1735977563.902424 3.5733767552295088 -2.1140383875502979 1.1757989081752125 -0.1011422821957125 -0.1850162560642213 0.4303636346186624 -0.8776823831785825
1735977564.002494 3.7260154237055563 -2.3121142943397852 1.1974652633251792 -0.0757768661486628 -0.1719412657453512 0.4828994549388296 -0.8552790095111392
1735977564.102482 3.8897274669047932 -2.5209031168759646 1.2261398281395817 -0.0989830047903241 -0.1811219816464208 0.4993958086984766 -0.8414279641071760
1735977564.202430 4.0713623423387624 -2.7216339078474956 1.2464575186376849 -0.1151263363049075 -0.1714448938872598 0.5002624767442979 -0.8408864545291809
1735977564.302555 4.2679938308145937 -2.9176246539140238 1.2546162361353224 -0.1243506280551802 -0.1369151632596118 0.4658930600421792 -0.8652946411346892
1735977564.402464 4.4617752699993636 -3.1247750392382554 1.2726281435797655 -0.1286827262388375 -0.1257287659126167 0.4335474786965339 -0.8829890243404555
1735977564.502544 4.6343758155957051 -3.3585212614741815 1.2956476091538602 -0.1336942251017555 -0.1365772644516904 0.4302926905070321 -0.8822248610788259
1735977564.602359 4.7740338271870799 -3.6108833598849541 1.2947099499308323 -0.1256649921510280 -0.1275068800650260 0.4797347529433707 -0.8589556869257740
1735977564.702429 4.8870441312625443 -3.8734330598629572 1.2983464597396948 -0.1010585388784998 -0.1088027922586645 0.5617053460317929 -0.8139018542525657
1735977564.802507 4.9973104938057240 -4.1453922417188558 1.3101525305755952 -0.0894020872119735 -0.1234276512109235 0.6229027736238565 -0.7673102477684003
1735977564.902374 5.1341926135415941 -4.4099282379546922 1.3060271051301906 -0.0830492460136402 -0.1415669391278092 0.6406893164701287 -0.7500525476548883
1735977565.002443 5.2995610289393902 -4.6634773869302446 1.2980773924219513 -0.1073010536722015 -0.1648634155385031 0.6061145122988895 -0.7706696672884523
1735977565.102493 5.4788551195393378 -4.8992164149387403 1.3370482775049204 -0.1136619455914833 -0.1469652120579440 0.5541276155388410 -0.8114337768828462
1735977565.202491 5.6484077775040884 -5.1479564582365649 1.4000818256962941 -0.1266828923588492 -0.1375425205951147 0.5250446518009825 -0.8302780338098339
1735977565.302454 5.7990792597755147 -5.4081317368688246 1.4285788713386716 -0.1204392412109030 -0.1264935705268965 0.5308160426445911 -0.8292937324392574
1735977565.402426 5.9277330587136561 -5.6742374672006974 1.4438453023921818 -0.0845500544510487 -0.1118619806665245 0.5771428109916309 -0.8045149851272911
1735977565.502542 6.0736323699141623 -5.9331022696809637 1.4640053724329902 -0.0575916388371383 -0.1216797267948941 0.6036322457908513 -0.7858150921588781
1735977565.602356 6.2562450130991474 -6.1871735326051018 1.4704186403859607 -0.0667063211476575 -0.1402264243051720 0.5896415769860973 -0.7925967621274261
1735977565.702374 6.4544896881882119 -6.4280154988773512 1.4674960406930018 -0.0784636319154261 -0.1288641335963110 0.5376116656495538 -0.8295849507414084
1735977565.802358 6.6656977902230929 -6.6354959173138104 1.4753968869961052 -0.0815845939299484 -0.1285815050422978 0.4671535647962471 -0.8709640047054193
1735977565.902347 6.8671051827327121 -6.8472856355444955 1.4997052132019721 -0.0791830627783779 -0.1563623206886174 0.4250277430053445 -0.8880497085826269
1735977566.002311 7.0593251845986638 -7.0782913336474600 1.5182075822790657 -0.0756577785462085 -0.1530333192801446 0.4316062073018899 -0.8857611334632109
1735977566.102570 7.2290512243233218 -7.3069047020729387 1.5420209368980069 -0.0667842443671497 -0.1482929263168470 0.4705767495888258 -0.8672407943905261
1735977566.202468 7.4017774783633667 -7.5265506498173416 1.5791583629329549 -0.0546258786279353 -0.1564767633050125 0.5003180810662384 -0.8498310736186988
1735977566.302532 7.6067822725639189 -7.7350290430556603 1.6076854119868234 -0.0549197643520021 -0.1671015069352120 0.4905993557822051 -0.8534478179534982
1735977566.402476 7.8496763377854757 -7.9115131771828988 1.6187390680551847 -0.0392120666233768 -0.1545126700770154 0.4352268629599489 -0.8860958336290931
1735977566.501437 8.0921565503518309 -8.0669795130143473 1.6449274683208022 -0.0326473832876066 -0.1262884600991021 0.3527894745742384 -0.9265662198892760
1735977566.703529 8.3253324877332417 -8.2331005305032434 1.6800476902247852 -0.0495384647090531 -0.1399521135530039 0.3001589583058741 -0.9422653268453901
1735977566.703720 8.5500767666600499 -8.4136512267852979 1.6894992021996598 -0.0460733937363175 -0.1378454147087944 0.2983096929451288 -0.9433383333292259
1735977566.902563 8.7527554110904919 -8.6129605781438290 1.6911475305396944 -0.0334077016545285 -0.1262078263290672 0.3402556718823667 -0.9312258521944787
1735977566.902563 8.9540767706294258 -8.8069814757038021 1.7128101619908180 -0.0200442443556782 -0.1380977559035000 0.3875149921791510 -0.9112405658875267
1735977567.002418 9.1748261397942521 -8.9727352183781477 1.7507684735180511 -0.0167138357104277 -0.1574470011036091 0.3931545641484546 -0.9057375879517002
1735977567.102465 9.5291580646679108 -9.1741502636988912 1.7814989860393124 -0.0040710929496207 -0.1512238956724006 0.3226849415319349 -0.9343389042999281
1735977567.202323 9.6760957284873790 -9.2409373783619504 1.7937905841365922 -0.0042994665938776 -0.1489021844230757 0.2818854624231693 -0.9478133994281367
1735977567.302505 9.9343144724190378 -9.3584574994336940 1.8276640845541248 -0.0122058686100340 -0.1698052085983843 0.2390302461908322 -0.9559716257872322
1735977567.402321 10.1808990739873284 -9.4956582771909446 1.8480307714483293 -0.0035798952651588 -0.1782203024873303 0.2456016510613004 -0.9528402474324740
1735977567.502337 10.4218641779567118 -9.6373334313129408 1.8621520495921440 0.0182644729595548 -0.1695042085837885 0.2785421907244338 -0.9451714025965484
1735977567.602499 10.6759575195962420 -9.7637992030318159 1.8853226967419503 0.0191450072414653 -0.1804575752293910 0.2960328972422613 -0.9377809211059936
1735977567.702462 10.9553946528583328 -9.8567645417271894 1.9022760508547085 0.0049039224175347 -0.1960266309106592 0.2838362773312877 -0.9386087998678977
1735977567.802365 11.2484077904019628 -9.9084114902900389 1.9086858629274397 0.0138805637113069 -0.1860403372073901 0.2196173721426258 -0.9575826506030614
1735977567.902349 11.5471413569872023 -9.9292970667373996 1.9142287923864061 0.0140194195933423 -0.1913571800177576 0.1386699330832531 -0.9715742561372257
1735977568.002342 11.8376791011865308 -9.9555259983924707 1.9456633932720031 0.0111813526506589 -0.2113371371089069 0.0870255039529652 -0.9734670787927270
1735977568.102498 12.1204548114189574 -9.9933535047039506 1.9732958138884600 0.0034558129560273 -0.2143236383953156 0.0813631223484946 -0.9733619458883273
1735977568.201329 12.3989784291862915 -10.0471804503724851 2.0105610971133152 0.0140894074622690 -0.1755596871028009 0.1193579417325340 -0.9771048902789823
1735977568.302390 12.6953804158506642 -10.0878231700159748 2.0502192203713361 0.0217770195724189 -0.1895617663920263 0.1440471504654394 -0.9710007809387510
1735977568.402486 12.9979215130276025 -10.0909348269625490 2.0790088865405640 0.0198287139922341 -0.2080646602284983 0.1258315566793193 -0.9697846867264264
1735977568.502431 13.3016981857210030 -10.0521697320402641 2.1074594988220006 0.0130183745369901 -0.1945545989409017 0.0585241856849354 -0.9790576845341007
1735977568.602480 13.5974505863279767 -10.0118788104863174 2.1529135111990887 0.0055873945010390 -0.1882926358945425 -0.0069182419546859 -0.9820727071957716
1735977568.702567 13.8906439179238639 -10.0044455823102805 2.2032492455713002 -0.0161800825641820 -0.2029920047879210 -0.0209716648123296 -0.9788220676892182
1735977568.802503 14.1835990029496202 -10.0337394953498933 2.2473356513387341 -0.0197499913004097 -0.1741489365035805 0.0354523365181206 -0.9838827255286636
1735977568.901410 14.4652774666659205 -10.0716967004166396 2.2874600576635253 -0.0036315493843677 -0.1405757582847460 0.1054484609409401 -0.9844317600102734
1735977569.002499 14.7554279717589516 -10.1024138625749380 2.3289752886462911 0.0120436969683262 -0.1663228289227128 0.1481854740227460 -0.9747988157723292
1735977569.102406 15.0599399515527850 -10.0968574440877195 2.3562347369214049 0.0151157416261006 -0.1899116224979035 0.1454328766684584 -0.9708523926834829
1735977569.200420 15.3564873254124592 -10.0736010113982974 2.3739001324693461 0.0107851563112274 -0.1764435996846692 0.0871266416034471 -0.9803878236986437
1735977569.302529 15.6525308579255107 -10.0187030625000038 2.4052171976726999 0.0108382400316340 -0.1779247866723935 0.0164504580823336 -0.9838468810081584
1735977569.402372 15.9453454144319746 -9.9868810915203863 2.4478663396194609 0.0076756899659384 -0.2059291275521066 -0.0297516695330848 -0.9780844116788535
1735977569.502323 16.2312865853517856 -9.9887547306983038 2.4799376923350591 -0.0105245470359562 -0.1866178849546049 -0.0164532268941792 -0.9822384080504725
1735977569.602457 16.5171260400898134 -10.0098925501774563 2.5124231887354536 0.0034875199404071 -0.1491294151840057 0.0513102444558678 -0.9874793737316344
1735977569.702510 16.7974979698976021 -10.0308066164832503 2.5541263099561835 0.0224973916628747 -0.1746002161383796 0.1002354367291538 -0.9792657908435861
1735977569.802689 17.0818128218129104 -10.0102154939857577 2.5850382999050350 0.0231160398599137 -0.2100072574152582 0.0955082382761820 -0.9727490822177610
1735977569.902611 17.3575969940221349 -9.9608129206699072 2.5932371786254520 0.0242606847787111 -0.1916554379336494 0.0441307389999922 -0.9801694191107188
1735977570.002536 17.6228709996354773 -9.8790643224596870 2.5966110869889438 0.0303113170427003 -0.1619313229692952 -0.0301228116437834 -0.9858763040661968
1735977570.102517 17.8885442556240193 -9.8025072124122392 2.6108851088828802 0.0246025508519902 -0.1854740316578992 -0.0936949704420860 -0.9778626440282890
1735977570.202619 18.1653543513345177 -9.7476489021582999 2.6375331733317799 0.0027985391292587 -0.1961135851689817 -0.1179638902415769 -0.9734557773674076
1735977570.302541 18.4495354971471741 -9.7166274989416532 2.6345021934123896 -0.0149602537337726 -0.1642561807369001 -0.0737468331669440 -0.9835433404257257
1735977570.402542 18.7283888828687601 -9.7159228955128718 2.6258110972127144 -0.0033030636256921 -0.1272075710475896 0.0158856470120534 -0.9917433992005521
1735977570.502484 19.0185271600835470 -9.7057606798288614 2.6231994933901435 0.0252791291152145 -0.1790304158041680 0.0779272737302991 -0.9804266499117240
1735977570.602553 19.3059610667138379 -9.6695448633541066 2.6308124602405174 0.0383732750542828 -0.2422620089288735 0.0897356031564106 -0.9652896623902641
1735977570.702379 19.5844723751061949 -9.5872975749368994 2.6339635087330349 0.0580185926540344 -0.2250640500749763 0.0554077333818238 -0.9710355293972424
1735977570.802555 19.8330846505775433 -9.4769981967112358 2.6482815604170677 0.0664330871122321 -0.1681866978236013 -0.0158378474776945 -0.9833865171941319
1735977570.902472 20.0595640277705805 -9.3467977150195942 2.6791368541797360 0.0887653760191276 -0.1778416369698672 -0.0812640877480078 -0.9766725184126688
1735977571.002521 20.2651846684747170 -9.1985693683520093 2.7282774876126066 0.1026355544315452 -0.2107759572145050 -0.1287513537287805 -0.9635676041357165
1735977571.102514 20.4719654906026172 -9.0615704115113616 2.7766927290938761 0.1067886676690292 -0.2043902815803523 -0.1494712421014442 -0.9614983832735391
1735977571.202439 20.6754861826976644 -8.9161365551499383 2.8236190253004487 0.1138400146142609 -0.1796055230748320 -0.1641533868334962 -0.9632424267777729
1735977571.302377 20.8714172219616216 -8.7449703021726588 2.8693254557249861 0.1161331013066902 -0.1754336219364783 -0.1907992528688524 -0.9588179139856673
1735977571.402417 21.0593011644537462 -8.5441846534293706 2.9042369600840479 0.1080263908605991 -0.1865254463473518 -0.2357137391579854 -0.9476167948673745
1735977571.502378 21.2145359642401523 -8.3227339016536330 2.9156819349809875 0.1033802803730055 -0.1553624797393969 -0.3157331474119860 -0.9303158588052476
1735977571.602373 21.3582091512950427 -8.0853084399434607 2.9175367011124589 0.1121060592345293 -0.1615149100439374 -0.3931945521784520 -0.8981888495486846
1735977571.702344 21.5028587945829948 -7.8436653381139179 2.9221880118912602 0.1370598774829305 -0.1904821008165223 -0.4394094680836544 -0.8670931199192669
1735977571.802518 21.6663069499595409 -7.6061072020397429 2.9186267213895074 0.1314840248696670 -0.1970621610715519 -0.4425853383700697 -0.8648680096625920
1735977571.902348 21.8450072286377974 -7.3829242441245677 2.9243993927958951 0.1190170216914471 -0.1697202670847664 -0.4015371934130997 -0.8920750314823884
1735977572.002475 22.0193406308522661 -7.1495804521433017 2.9451827929061594 0.1210888238470216 -0.1689701559714815 -0.3731940095892973 -0.9041641523180299
1735977572.102495 22.1724646930459137 -6.8887262711079993 2.9577713261544321 0.1287827730143804 -0.1965966335723439 -0.3794565509863840 -0.8948617138733036
1735977572.202549 22.2954388132390662 -6.6100488036165901 2.9486651381971698 0.1152767113787157 -0.1893093541592596 -0.4307390017005456 -0.8748355049125119
1735977572.302563 22.4021095616002697 -6.3261418887395005 2.9527898651429214 0.1119305073466034 -0.1961167271975104 -0.4932768748609572 -0.8400522100238039
1735977572.402549 22.5221317532162573 -6.0490366535775140 2.9646546836963186 0.1160549654277111 -0.2040099550828113 -0.5306426322041032 -0.8144504773859385
1735977572.502367 22.6762585976892979 -5.7779990191714559 2.9622417201434357 0.0929503720230173 -0.1861399451520298 -0.5255700567230227 -0.8249171259197744
1735977572.602575 22.8607507244809760 -5.5294840926163893 2.9502650071190386 0.0744972504207407 -0.1629233849489392 -0.4722945100198865 -0.8630434671102057
1735977572.702535 23.0549797086580419 -5.2730893877085983 2.9538231527819221 0.0721818177369443 -0.1611746466226620 -0.4218417145175161 -0.8893042709709501
1735977572.802621 23.2314200590102367 -4.9943962621664690 2.9425420080022180 0.0800167086842602 -0.1690631900903486 -0.4034634069968110 -0.8956741836752573
1735977572.902547 23.3718692489100732 -4.7082766330812555 2.9197998266898169 0.0675900607663620 -0.1536757079615161 -0.4412134779351929 -0.8815588621053374
1735977573.002681 23.5014321741579408 -4.4113016851122069 2.9134247190530718 0.0743011089162274 -0.1647241583342828 -0.4975508552445546 -0.8484034672962466
1735977573.102404 23.6540107308689862 -4.1259529514294933 2.9180284499129874 0.0929473195342271 -0.1970782301295108 -0.5256773816522154 -0.8223042365327405
1735977573.202433 23.8402848127599505 -3.8662249444309476 2.9199540033176703 0.0784385121670569 -0.1819949718812591 -0.5020514368947366 -0.8418251509255876
1735977573.302482 24.0537338937061378 -3.6328810615512515 2.9299064670775516 0.0613994503111304 -0.1351820630046915 -0.4299227194109002 -0.8905741814568976
1735977573.402602 24.2710865455880942 -3.3958261083062826 2.9519481706365109 0.0697537953006102 -0.1399753980642283 -0.3707609056119678 -0.9154658086721289
1735977573.502594 24.4753334210470399 -3.1394816265040353 2.9550582357151316 0.0678787046320528 -0.1597872095223427 -0.3484820426944193 -0.9210976034330250
1735977573.602487 24.6486630088981897 -2.8806625802828849 2.9418210444796800 0.0362754224195002 -0.1450085835304297 -0.3836597236780624 -0.9112967797913357
1735977573.702605 24.8145400743025490 -2.6130766135695600 2.9484732374089067 0.0384457842162863 -0.1550885486243242 -0.4360950298328829 -0.8856018228959629
1735977573.802350 24.9961096191171954 -2.3619548704107949 2.9562405544771195 0.0622080286200202 -0.1759490424208116 -0.4518564152969402 -0.8723519218763774
1735977573.902695 25.2130753015850537 -2.1336278897968124 2.9502500810579795 0.0452435885604430 -0.1727094291879929 -0.4247523326905945 -0.8875302398440460
1735977574.002346 25.4447882542329005 -1.9344988822769857 2.9341953014529758 0.0430588616680843 -0.1463522797894887 -0.3527636040480202 -0.9231927124340397
1735977574.102446 25.6841280933021672 -1.7141263089970649 2.9445339939587059 0.0613709637780893 -0.1464802020628129 -0.3154153393663830 -0.9355695158035963
1735977574.202377 25.8923153235634551 -1.4747612173041411 2.9445708770158969 0.0579230465822183 -0.1479011657165481 -0.3425670806120230 -0.9259686609898179
1735977574.302581 26.0647352662362088 -1.2232045939753218 2.9365461956198331 0.0308656914628382 -0.1257034130611888 -0.4097839839472908 -0.9029524060190413
1735977574.402371 26.2321953002847792 -0.9803235092244339 2.9324101030341883 0.0523307158194744 -0.1561704254139690 -0.4596527639525390 -0.8726921742508255
1735977574.502578 26.4299252335555579 -0.7483701383637458 2.9428733329576278 0.0680457042409907 -0.1823032917961576 -0.4645499755316770 -0.8639031266109359
1735977574.602352 26.6572712333876716 -0.5409797850426750 2.9496489663824175 0.0432722181344463 -0.1619224254519677 -0.4156651463506847 -0.8939413456053708
1735977574.702491 26.9135985674784344 -0.3598590071785006 2.9500814323412361 0.0114550273793549 -0.1224115761200021 -0.3326494268010583 -0.9350018969117028
1735977574.802523 27.1593479877748436 -0.1709545004245964 2.9560619811121165 0.0249681130343376 -0.1579844913259573 -0.2727352145203452 -0.9487006886223519
1735977574.902478 27.3804235946235224 0.0424917992021617 2.9509247140782642 0.0443545059242496 -0.1803699920187928 -0.2519118101955881 -0.9497577499906691
1735977575.002574 27.5832069721617081 0.2662835551065953 2.9291251237871774 0.0247479918596840 -0.1700796440929857 -0.2749883970295817 -0.9459607989040653
1735977575.102520 27.7621745352848777 0.5049445985088321 2.9261376057886732 0.0182216970982447 -0.1798437169200784 -0.3243333934756043 -0.9285106661292748
1735977575.202529 27.9483647694603583 0.7230778672959437 2.9601060542697488 -0.0043949471804185 -0.1907441896922786 -0.3565624274992104 -0.9145821853905682
1735977575.302562 28.1635591462218144 0.9013723884413847 2.9710763428768177 -0.0608911298319703 -0.1697284925468377 -0.3271169179877540 -0.9276200898491567
1735977575.402634 28.4070345125945778 1.0355248449476853 2.9609655102067105 -0.0883881874714534 -0.1588670433317903 -0.2309200056951450 -0.9558371942063568
1735977575.502662 28.6690232858671727 1.1496628417681052 2.9735197943639573 -0.0781346550641397 -0.1607214224919236 -0.1696450546947936 -0.9691667325325302
1735977575.602497 28.9251033771664261 1.2582809936113057 2.9887565442090258 -0.0627740042264004 -0.1785715386323530 -0.1625548399408516 -0.9683736644475943
1735977575.702577 29.1733652867916646 1.3831567634026563 3.0077504955035899 -0.0821044555444026 -0.1684694897276263 -0.1929927083593748 -0.9631358699221952
1735977575.802517 29.4211187304156709 1.4766339427339827 3.0236625009064406 -0.0949660225288789 -0.1429523505745356 -0.2209878581366027 -0.9600575225404239
1735977575.902466 29.6940861393320574 1.5348971761371888 3.0332964903970097 -0.0857027245819683 -0.1757441205452112 -0.2205489794631094 -0.9555768910719842
1735977576.002598 29.9904659053535845 1.5376164623438644 3.0437327291666287 -0.0934488546088024 -0.1674579954714028 -0.1562888864162116 -0.9689163613582874
1735977576.102495 30.3056221350168329 1.5005041614266603 3.0394498480538163 -0.0817151144360575 -0.1451870686314302 -0.0455473652712262 -0.9849714679582164
1735977576.202426 30.6184559155256153 1.4549593752818488 3.0557156160502119 -0.0594507117355567 -0.1638633692378836 0.0320064796908558 -0.9841696979454020
1735977576.302376 30.9358914702893699 1.4427665126656750 3.0740710271932672 -0.0463857978104716 -0.1929142677843901 0.0508858045290747 -0.9787967500682292
1735977576.402534 31.2420926914055563 1.4504807189646769 3.0909884371731242 -0.0433392954725965 -0.1748400055906505 0.0146804330375935 -0.9835330003608569
1735977576.502511 31.5492288008632720 1.4492468234377465 3.1184570322495433 -0.0382415123613264 -0.1867661379323366 -0.0279585902939277 -0.9812615928909755
1735977576.602376 31.8585511632494054 1.4234241916913419 3.1487425832622562 -0.0410755449219502 -0.2079989910209123 -0.0367079472328723 -0.9765765438272599
1735977576.702555 32.1759277494587153 1.3580535507727727 3.1654033592082000 -0.0551217293658230 -0.1844519490298960 0.0139469385151892 -0.9811954730617377
1735977576.802354 32.4807417752419383 1.2754963918681970 3.1806534631411529 -0.0418103169568911 -0.1514803522097101 0.1045270406179759 -0.9820283590966375
1735977576.902407 32.7985895929804414 1.2009884147436727 3.1980258316558974 -0.0423293971218016 -0.1866794993918001 0.1702997318209621 -0.9666214295099400
1735977577.002447 33.1178834110837812 1.1755483017169572 3.2124150869268400 -0.0336725210200723 -0.1979578784089442 0.1787483083262540 -0.9631863173729602
1735977577.102697 33.4371915992336000 1.1757056552021627 3.2220726176624930 -0.0292705746377730 -0.1732634218598109 0.1211071359664778 -0.9769626818480841
1735977577.202388 33.7520684945937219 1.1890768114771697 3.2412152353707389 -0.0347821072338384 -0.1855377982893635 0.0554374363952975 -0.9804553131419232
1735977577.302655 34.0784483020268709 1.1727331427815610 3.2689848497365031 -0.0354618027006952 -0.2072268186628607 0.0243168189528599 -0.9773475320949558
1735977577.402507 34.3992579464122130 1.1209170374038897 3.2822734353376601 -0.0328460236822013 -0.1774652715180235 0.0649580633501680 -0.9814314373093508
1735977577.502546 34.7124320033521983 1.0483972648383140 3.2948416474405522 -0.0270924202916364 -0.1841418401437541 0.1367245980775918 -0.9729666837830238
1735977577.602414 35.0311783831607002 0.9885318057935959 3.3207581822434413 -0.0291198426633499 -0.2147776300809413 0.1740344040532904 -0.9605907716535134
1735977577.702580 35.3492683279897335 0.9778383323978013 3.3417989274135507 -0.0212717090370870 -0.2113853445231868 0.1548169341124226 -0.9648292426266344
1735977577.802504 35.6531232534452798 0.9984137766920450 3.3686740638801855 -0.0178336057293919 -0.1554720839991559 0.0787124527210817 -0.9845378323814071
1735977577.902381 35.9555487779425960 1.0103753021445863 3.4012841697871488 -0.0224024243845600 -0.1507173432781117 0.0002672773244619 -0.9883229949665817
1735977578.002563 36.2642464939260663 0.9945544479380830 3.4263813753230545 -0.0373842660298169 -0.1800673755025978 -0.0310876833090993 -0.9824518883281215
1735977578.102464 36.5689915991262424 0.9412771655794068 3.4287265413365708 -0.0544415550807721 -0.1638724147531965 0.0004943776620241 -0.9849780222695687
1735977578.202545 36.8763643183250167 0.8663342279424612 3.4328237453961763 -0.0319434854100415 -0.1628376893973608 0.0683316638105923 -0.9837653604251694
1735977578.302603 37.1850203224276754 0.7966454986835120 3.4443905447860956 -0.0297669463052090 -0.1749738742010891 0.0938915333989691 -0.9796338357828983
1735977578.402374 37.5024011071618304 0.7632890614541865 3.4426852234212859 -0.0419794191987347 -0.1860719329509170 0.0780664127526232 -0.9785298152491745
1735977578.502526 37.8038812245519580 0.7595585193113872 3.4371702238770037 -0.0402024459420151 -0.1421817472255693 0.0230731750026081 -0.9887546423109540
1735977578.602662 38.1155906694005608 0.7421842898794404 3.4462448193151873 -0.0355939538977572 -0.1672461368623374 -0.0263850809481565 -0.9849190970094487
1735977578.702369 38.4239967941456939 0.7009149269336034 3.4596727878523730 -0.0267393347820340 -0.1870943070699456 -0.0287870204555330 -0.9815559259108591
1735977578.802402 38.7330886260803808 0.6186868612529137 3.4639337100992651 -0.0323019902647674 -0.1642813301129941 0.0288120323899905 -0.9854633898784869
1735977578.902484 39.0296637915036442 0.5100350409619152 3.4746546805602132 -0.0231519840368788 -0.1390678336946526 0.1252941462100330 -0.9820516789823902
1735977579.002433 39.3354667677591152 0.4126055993488168 3.4936067088685352 -0.0234175904437631 -0.1627950295184288 0.1884885619062534 -0.9682052761952986
1735977579.102567 39.6532676954197782 0.3629278317786492 3.4997819268463886 -0.0188569589186268 -0.1717398113155363 0.1955538792056521 -0.9653540970220548
1735977579.202486 39.9682581944376167 0.3525790830441755 3.4865377778616806 -0.0192464916205019 -0.1397764173516463 0.1424350326432289 -0.9796960687828459
1735977579.302406 40.2938237132586039 0.3448488720428581 3.4879166606021381 -0.0323771308981538 -0.1616736992829715 0.0790234996236026 -0.9831422190416815
1735977579.402412 40.6146351222958373 0.3142104369762365 3.5055639856505842 -0.0376025627159388 -0.1711541137187585 0.0536298221961057 -0.9830646768171228
1735977579.502594 40.9273451972918352 0.2392422958670357 3.5009296752652483 -0.0472298731983963 -0.1472701885432880 0.0922395721713545 -0.9836527293561146
1735977579.602471 41.2257000951696355 0.1381389738068091 3.4850590809896285 -0.0454091292195160 -0.1425838658763666 0.1660478152479309 -0.9746978892080687
1735977579.702495 41.5428908845263791 0.0502979335941869 3.4728859748764052 -0.0383639896498585 -0.1851510030652389 0.2245678048269963 -0.9559375562228244
1735977579.802440 41.8665854587945105 0.0031041297287109 3.4645942649726664 -0.0350199061568603 -0.1915321091502032 0.2233539768727500 -0.9550926962093084
1735977579.902535 42.1967406033430734 -0.0099919803653260 3.4534632558514189 -0.0296272169037917 -0.1657890465396720 0.1669634217618001 -0.9714728178696476
1735977580.002529 42.5194277266606520 -0.0210500442899070 3.4568118956586407 -0.0378302934785842 -0.1791405293568765 0.1032667168410927 -0.9776571611919610
1735977580.202364 42.8393272509763250 -0.0502185987658725 3.4752104351029174 -0.0430485770282601 -0.1996009918791284 0.0762013861237353 -0.9759608664334506
1735977580.202364 43.1473892376556165 -0.1256887762898205 3.4800730495063945 -0.0444207632184340 -0.1801663051506938 0.1020169665309169 -0.9773225858554936
1735977580.302406 43.4464274442364911 -0.2179797499317792 3.4832554625293253 -0.0333168854225443 -0.1672086141580042 0.1652675606167099 -0.9713999680383476
1735977580.402381 43.7529010166184449 -0.3041949031828843 3.4994887670741326 -0.0241620639569232 -0.1895809588304434 0.2077466313602599 -0.9593313253890627
1735977580.502529 44.0705449413992056 -0.3444619789372546 3.5048505321577053 -0.0295499482834096 -0.1928926255366114 0.2024261537016910 -0.9596576930695547
1735977580.602470 44.3868712494198761 -0.3519083303196759 3.4989631070189620 -0.0198750578853018 -0.1494997661959739 0.1398497986301570 -0.9786198627682301
1735977580.702574 44.7020726298764757 -0.3485700187553664 3.5026180441329897 -0.0197727190323444 -0.1642102048619498 0.0632215028820932 -0.9841987044162341
1735977580.802573 45.0114635516910653 -0.3702836924207845 3.5125504445160751 -0.0288476982871105 -0.1847154559823366 0.0175369813742921 -0.9822120264530725
1735977580.902642 45.3197297527521243 -0.4405547233354615 3.5096249857576942 -0.0443047510794887 -0.1723190519303076 0.0406149966729067 -0.9832058052202929
1735977581.001740 45.6129100008523451 -0.5366742807011750 3.5014171533585996 -0.0332088494401194 -0.1404047475485571 0.1149374544010049 -0.9828392853160208
1735977581.102411 45.9179945165800802 -0.6344459514214130 3.5040769205246804 -0.0205408984986749 -0.1569502687237139 0.1789757211279955 -0.9710367531062535
1735977581.202515 46.2288250723050567 -0.7031643827984855 3.4979981490114769 -0.0193358934845591 -0.1772428086341875 0.1975015741264602 -0.9639524045450528
1735977581.302635 46.5647553859831689 -0.7213874342819189 3.4934562892858407 -0.0070729623367481 -0.1801732542141078 0.1390006264416863 -0.9737383619425189
1735977581.402499 46.8959225432946027 -0.7177152270792613 3.5171659534109319 -0.0044913875206887 -0.1840558684038660 0.0670311271608968 -0.9806171998979916
1735977581.502569 47.2151873919099856 -0.7419191538802897 3.5448887771958830 -0.0255506442596734 -0.1772567450042126 0.0319582291310144 -0.9833137253792590
1735977581.602519 47.5293696803907935 -0.8107155990396875 3.5410100748581472 -0.0440573206459902 -0.1540849466278348 0.0536596700586333 -0.9856152502520406
1735977581.702375 47.8401910687887266 -0.9055714371427803 3.5383161233683729 -0.0373442259463348 -0.1497551068542136 0.1227710936385050 -0.9803601763262101
1735977581.802763 48.1583049653547732 -0.9946303751088117 3.5311123872456882 -0.0223924572711802 -0.1855008911264287 0.1717645146317752 -0.9672564028022612
1735977581.902479 48.4829522096982259 -1.0483989325845267 3.5173051957847350 -0.0172651000979301 -0.2040196597775533 0.1735078905412746 -0.9633135038308023
1735977582.002465 48.8057937715036445 -1.0701579594972217 3.5081943590769393 -0.0127534094915559 -0.1694444575803804 0.1179180613179129 -0.9783768482321402
1735977582.102625 49.1310150004150898 -1.0783783352989871 3.5151812329599106 -0.0137416493680073 -0.1913585519107293 0.0552336823925625 -0.9798685177168582
1735977582.202578 49.4537415878826607 -1.1080525994055501 3.5285270641030051 -0.0198713855005803 -0.2115284100710857 0.0323804980402802 -0.9766331773586998
1735977582.302371 49.7717237376912394 -1.1884477271891571 3.5363587399442746 -0.0303199319261455 -0.1725158257563034 0.0723809537223991 -0.9818757503522788
1735977582.402404 50.0803670202373681 -1.2863165989273611 3.5414248435233069 -0.0258423877488509 -0.1723531853114415 0.1406127932739872 -0.9746048393457346
1735977582.502427 50.3920760443210582 -1.3792789054179626 3.5508930644352357 -0.0347153619625992 -0.1997525321434446 0.1862773393629975 -0.9613503640119614
1735977582.602640 50.7152602239416908 -1.4396210677580277 3.5475504264463251 -0.0318702890497399 -0.1948689968574743 0.1917009799178890 -0.9613849869007570
1735977582.702542 51.0370478586469360 -1.4592059971368729 3.5448891167360754 -0.0305751435575809 -0.1715399279153331 0.1338754363432048 -0.9755596246622512
1735977582.802622 51.3645556057904571 -1.4768674281807248 3.5548652880348324 -0.0320807834066572 -0.1926375518574826 0.0779776687843383 -0.9776405679600919
1735977582.902448 51.6886323120228397 -1.5154146427058868 3.5687290723538321 -0.0292971488943391 -0.2133923791752400 0.0636885730441269 -0.9744481182906540
1735977583.002446 52.0054360917607639 -1.5905581992770748 3.5686464580790211 -0.0353456964429345 -0.1858143771879602 0.0984431409005492 -0.9770018664172803
1735977583.102556 52.3133088187574415 -1.6819089019132785 3.5579028729660673 -0.0360293185893498 -0.1820547236381825 0.1532917326934506 -0.9705975533097391
1735977583.202598 52.6249822484274077 -1.7726723433444107 3.5670854478622487 -0.0391152553805949 -0.2121524055351530 0.1883626592027978 -0.9581131781998458
1735977583.302511 52.9412984552485568 -1.8425323805110938 3.5690975103607245 -0.0534403460774211 -0.2124389635457059 0.1966728293157958 -0.9556848928321885
1735977583.402354 53.2636505588033415 -1.8836897395695895 3.5679766115657174 -0.0416351657343812 -0.1941338960538949 0.1700934232193043 -0.9652185093307860
1735977583.502378 53.5831464598590301 -1.9052235401183510 3.5824469514066699 -0.0264285974656346 -0.1841398599373450 0.1279319422352465 -0.9741804039161187
1735977583.602435 53.9120693393736019 -1.9474753873611619 3.6079869089778560 -0.0244358075555804 -0.1965004184133412 0.1251166548685593 -0.9721812071558421
1735977583.702441 54.2274914972496802 -2.0150177578498574 3.6160374506053978 -0.0349961968982520 -0.1523444978289044 0.1696189031676901 -0.9730343508181547
1735977583.802742 54.5191836890769963 -2.1066200073400951 3.6188765587367384 -0.0411350266397324 -0.1347605247309930 0.2233012892492728 -0.9645123352125614
1735977583.902380 54.8140727356271142 -2.1991312449640232 3.6193176626033532 -0.0435897014576353 -0.1720036979092626 0.2521225731416659 -0.9512880078844675
1735977584.002584 55.1095496394497104 -2.2689277170542526 3.6100538374467459 -0.0548052690867292 -0.2003073705956035 0.2454029009135302 -0.9469164461496226
1735977584.102546 55.4007078135425246 -2.3037308921989359 3.5957216776519645 -0.0478401506745654 -0.1743417505379279 0.2038757029702609 -0.9621595354935625
1735977584.202539 55.6944394870027750 -2.3278510773927708 3.5867665247158822 -0.0384677336837917 -0.1751317586968284 0.1411314024091082 -0.9736174956393436
1735977584.302534 55.9989598891901466 -2.3757053133113653 3.6034084145206902 -0.0401024630493239 -0.1999124673759292 0.1050920786142457 -0.9733357349124623
1735977584.402520 56.3014520070413269 -2.4481874214561556 3.6024828391560835 -0.0299556377760124 -0.1672051101953735 0.1171505396367593 -0.9784788510503440
1735977584.502501 56.5902643533801211 -2.5598189643274281 3.5982804154879240 -0.0338285047940277 -0.1643084174699661 0.1823332719926902 -0.9688203931257618
1735977584.602532 56.8770137001075042 -2.6624673851983336 3.6104034063332029 -0.0105986241089681 -0.1692745296197689 0.2353204514763571 -0.9570047481104607
1735977584.702477 57.1658234344827250 -2.7466093224774109 3.6156258832252246 -0.0215643035021257 -0.1888647512041959 0.2377231811859242 -0.9525506683079329
1735977584.802369 57.4607615050261771 -2.8029432502322393 3.5985920928929147 -0.0418190861762282 -0.1647236780128275 0.2070303561122986 -0.9634602771164602
1735977584.902539 57.7646383309805884 -2.8356052275687422 3.5811247305257909 -0.0381917751383152 -0.1453101262408655 0.1494717855028495 -0.9772842681954103
1735977585.002395 58.0682747971112150 -2.8814932905787485 3.5854621478028026 -0.0471163703072065 -0.1705620971722378 0.1113342037163795 -0.9779025072777563
1735977585.102532 58.3665478544534295 -2.9554277839987741 3.5816896763049768 -0.0433935106204563 -0.1652420943323360 0.1149192490141576 -0.9785732571978032
1735977585.202435 58.6493633103051124 -3.0630865844536976 3.5625674398644289 -0.0363057218407426 -0.1357689240626643 0.1675734319959048 -0.9757908785747093
1735977585.302360 58.9318786331865780 -3.1701145619432203 3.5588644407976657 -0.0293572987790099 -0.1365445270243965 0.2190131556052723 -0.9656743647937976
1735977585.402501 59.2224427769329793 -3.2658752549471801 3.5570249055271490 -0.0287374949171224 -0.1606827175344673 0.2399436695367527 -0.9569651279544436
1735977585.502473 59.5248702116351751 -3.3258633143961180 3.5401789839485893 -0.0343821248347162 -0.1631604863521083 0.2156416312920708 -0.9621305587283299
1735977585.602553 59.8204928418592203 -3.3585012657388793 3.5136230921633551 -0.0316650514572966 -0.1506656870856850 0.1574597081728012 -0.9754504680163629
1735977585.702642 60.1196113580379716 -3.3873213451809558 3.5126312477116270 -0.0377222285916450 -0.1994645056626229 0.1059450238846117 -0.9734303243504049
1735977585.802634 60.4148518831526999 -3.4287523445481112 3.5249198555185779 -0.0252964834154773 -0.2126119988183116 0.0799059481804289 -0.9735354463658114
1735977585.902589 60.6930850165448916 -3.5151616481401096 3.5247737188306778 -0.0281441490099847 -0.1726380070437134 0.1113344657964511 -0.9782681953975084
1735977586.002550 60.9601541807867378 -3.6161290404579867 3.5126638216147112 -0.0256273024640067 -0.1625186432111460 0.1733663418285840 -0.9710175299644190
1735977586.102561 61.2331509616285175 -3.7101184288215263 3.5074451524984296 -0.0200330044638984 -0.1902026069854081 0.2288243118003134 -0.9544951971367991
1735977586.202613 61.5159995198131213 -3.7888864770996329 3.4959444737265293 -0.0176182975489990 -0.1888278254448149 0.2457072198949400 -0.9506111770964809
1735977586.302543 61.8073783017207177 -3.8338479171550306 3.4620300420906207 -0.0115470804543831 -0.1606431281059761 0.2100032939899045 -0.9643438530102717
1735977586.402528 62.1088650242712177 -3.8518859516715938 3.4549322478053548 -0.0166179173576791 -0.1766105313052564 0.1502106166678085 -0.9726095494570497
1735977586.502507 62.4031764100857842 -3.8800122058533342 3.4789481012305425 -0.0415579610361583 -0.1785323139142442 0.1079110023139359 -0.9771153280665208
1735977586.602535 62.6909007791721535 -3.9442819938371163 3.4851844885036605 -0.0419749795166692 -0.1475741203543709 0.1316912950336000 -0.9793453848916542
1735977586.702428 62.9662010529856673 -4.0350778463014363 3.4753561331147376 -0.0384016619469359 -0.1413984132891399 0.1926676149780084 -0.9702633617826207
1735977586.802489 63.2361459005882836 -4.1247996153302164 3.4733684633487072 -0.0300027130471415 -0.1683417068404026 0.2471883787422398 -0.9537603537381149
1735977586.902630 63.5096433757151715 -4.2007727472266456 3.4810851269443441 -0.0401644275668207 -0.1793495649891803 0.2600844632879784 -0.9479328163180268
1735977587.002436 63.7999871470274158 -4.2528141901816596 3.4702653868349063 -0.0388873212726901 -0.1688194134825940 0.2389450157132318 -0.9554543742855703
1735977587.102399 64.0900339182768874 -4.2779054288725868 3.4528932621233865 -0.0346751846340005 -0.1609518724107181 0.1821324046209679 -0.9693915171513862
1735977587.202478 64.3906797476928148 -4.3009638246752013 3.4577753755569520 -0.0421652462850632 -0.1944178789947753 0.1328068777307518 -0.9709717367463906
1735977587.302554 64.6840380065188754 -4.3411106684555731 3.4600594076769795 -0.0406114508472951 -0.1941539107427768 0.1083588215276435 -0.9741218274941303
1735977587.402555 64.9667566032875925 -4.4071564102786676 3.4416091650548815 -0.0480056697544498 -0.1819745723042671 0.1389752234210983 -0.9722482182967279
1735977587.502367 65.2378199249970265 -4.4915714269851215 3.4406426908390308 -0.0450653603712060 -0.1803030944347302 0.1930396041724590 -0.9634290937338432
1735977587.602583 65.5200140902639987 -4.5761911979646186 3.4549002894884571 -0.0520016805031979 -0.1946319038367388 0.2332509463008699 -0.9513192120857640
1735977587.702481 65.8194517808337878 -4.6429742084576153 3.4466601243261095 -0.0542957414971215 -0.1990979279946303 0.2401268906397316 -0.9485520881402439
1735977587.802540 66.1232557811485009 -4.6751900005997742 3.4298927689836640 -0.0450883524012256 -0.1687217587358389 0.1986600959837695 -0.9643827947814850
1735977587.902494 66.4393597059143559 -4.6987223362612154 3.4207575285886684 -0.0454275080805869 -0.1865258693643436 0.1364539978125239 -0.9718666307927462
1735977588.002428 66.7617700258497280 -4.7409817973901900 3.4185565058734375 -0.0426983304967953 -0.2044533174394651 0.1027056978689726 -0.9725364945265710
1735977588.102375 67.0798188211349782 -4.8168727122295429 3.3886479415508450 -0.0446866874337549 -0.1949896658026028 0.1232568536521362 -0.9720030237731585
1735977588.202457 67.3749735469408364 -4.9245158773832625 3.3696389919294902 -0.0326527917359694 -0.1697469293270638 0.1794253554207970 -0.9684659606862810
1735977588.302439 67.6801360701987420 -5.0278423288945575 3.3714057577895780 -0.0401066820180693 -0.1980087595041133 0.2161532136412437 -0.9552286498266823
1735977588.402486 68.0029450459100104 -5.1085095138032495 3.3628742814778203 -0.0422012218352568 -0.1959829557622740 0.2183340571513189 -0.9550601957018934
1735977588.502403 68.3332989803107154 -5.1585055205354164 3.3546711260753685 -0.0374398023477397 -0.1789070918266646 0.1683490404563960 -0.9686326002523860
1735977588.602572 68.6572332852848035 -5.2014458687069167 3.3711362468192712 -0.0295029549444820 -0.2028998459118671 0.1143650213975020 -0.9720503433769433
1735977588.702549 68.9774628837659805 -5.2720447983597349 3.3897775173875302 -0.0252612766786911 -0.2147917358878571 0.1024768092197908 -0.9709402049904898
1735977588.802407 69.2817376015410815 -5.3716911976397341 3.3879156313356829 -0.0279926924643881 -0.1870040031501425 0.1465276386597993 -0.9709663037836066
1735977588.902543 69.5815332520518552 -5.4852466869752030 3.3793255337269414 -0.0193601683307583 -0.1541037571945463 0.2096862731670770 -0.9653542783590028
1735977589.002566 69.8889995388499301 -5.5841745129785076 3.3781825211053826 -0.0188706552119301 -0.1817924470615205 0.2431854888474363 -0.9526049666977862
1735977589.102623 70.2143920777580490 -5.6442765379492474 3.3630304138465630 -0.0294961637423654 -0.1692573227621667 0.2283082693817862 -0.9583095894061381
1735977589.202386 70.5473144115888715 -5.6783799748333843 3.3508551302505230 -0.0334380415576077 -0.1460241091783966 0.1670403182342342 -0.9745031498151524
1735977589.302540 70.8701617851889978 -5.7075831900598688 3.3607733740042978 -0.0362271738931918 -0.1523219480193760 0.1162778779633331 -0.9807981806261874
1735977589.402509 71.1947402927318080 -5.7598758901579572 3.3773640455904643 -0.0344987566600944 -0.1619163689007057 0.1097170773322069 -0.9800791234449373
1735977589.502498 71.4900049529737629 -5.8520513230166245 3.3724656906068802 -0.0380641761425807 -0.1315282882392257 0.1535763695206380 -0.9786039682181481
1735977589.602466 71.7851804452752447 -5.9560868914876162 3.3645249168138802 -0.0496845990071756 -0.1371070740349936 0.2126565577443408 -0.9661833569873717
1735977589.702475 72.0767836378775257 -6.0457893931704731 3.3621125304405362 -0.0489822534656247 -0.1659550280574518 0.2546516442380592 -0.9514264068201664
1735977589.802566 72.3778330583584477 -6.1199871081654971 3.3595423680793273 -0.0522655181021759 -0.1667023341341387 0.2607418063741930 -0.9494695138973468
1735977589.902596 72.6852249251775220 -6.1732054481468897 3.3443288582897024 -0.0557211936059579 -0.1605453655798750 0.2275632868802716 -0.9588197352152273
1735977590.002542 72.9975686028132742 -6.2022124279359598 3.3543383566908767 -0.0491147767664445 -0.1795566539409579 0.1776132203434185 -0.9663336332178187
1735977590.102448 73.3017494202351685 -6.2359601231088524 3.3812413473298530 -0.0402829478972677 -0.1827662154805741 0.1420604994597612 -0.9720044285294474
1735977590.202553 73.5885615153163855 -6.3123074218531086 3.3902003363787672 -0.0431954818649669 -0.1529192470991279 0.1637198096141603 -0.9736250192723029
1735977590.302597 73.8669994671730450 -6.3946476271743435 3.3957607087045942 -0.0356134145493509 -0.1488619525089333 0.2066295306422674 -0.9663726200932643
1735977590.402509 74.1503271312307817 -6.4772181709832086 3.4097875500756456 -0.0258859874258870 -0.1697888019159263 0.2292138787552371 -0.9581036875959308
1735977590.502479 74.4416781916645220 -6.5346887278844701 3.4160120691958324 -0.0312107229903840 -0.1784604673731301 0.2134252897425394 -0.9600142697135782
1735977590.602539 74.7346542674690397 -6.5597821566642178 3.4016767320515480 -0.0182456336770375 -0.1502184593565895 0.1622544202876997 -0.9750769274356555
1735977590.702522 75.0230569414760140 -6.5815743302571024 3.4042823351291407 -0.0244351386153080 -0.1535896946207126 0.1044562629618179 -0.9822942628536616
1735977590.802513 75.3085719607476705 -6.6143412905613834 3.4248787668195746 -0.0291871354187893 -0.1846621086021561 0.0821636980402037 -0.9789265260973414
1735977590.902448 75.5821600218871907 -6.6649856963258616 3.4350887598933819 -0.0218891174296167 -0.1629203111334661 0.1050019436211709 -0.9807917366057401
1735977591.002367 75.8480471321909562 -6.7464929421685360 3.4310004342281060 -0.0141731543541891 -0.1378601619790004 0.1606571853907674 -0.9772322990042299
1735977591.102559 76.1119654181903087 -6.8270040473286979 3.4368541681420064 -0.0239027178546494 -0.1687684152606131 0.2115574396856602 -0.9623873086253946
1735977591.202575 76.3855449315245068 -6.8943930912390172 3.4491044712828183 -0.0315166508480680 -0.1886393579610418 0.2331222363227337 -0.9534547269164145
1735977591.302531 76.6693632133695218 -6.9316852441847656 3.4513664655805054 -0.0234061256571802 -0.1787489772238985 0.2192562840463317 -0.9588678940966399
1735977591.402396 76.9517288189547912 -6.9444474963780145 3.4484570433781152 -0.0204889118809087 -0.1760653811727697 0.1763451245932692 -0.9682373588509215
1735977591.502490 77.2316877787487925 -6.9529928949205155 3.4665994850221371 -0.0272429010095157 -0.1929259621985658 0.1355693645790003 -0.9714207867047058
1735977591.602579 77.5041173153227447 -6.9738950474494414 3.4950701957197485 -0.0285516902795944 -0.1895253874830015 0.1145545177984659 -0.9747523741615393
1735977591.702597 77.7644883648141274 -7.0160405901127074 3.5114709899822296 -0.0265122702524115 -0.1579998768120768 0.1461426217283550 -0.9762046263810650
1735977591.802465 78.0248211837898538 -7.0500968170490923 3.5251195171840379 -0.0061770877043850 -0.1427048315806969 0.1738136634371390 -0.9743644005368722
1735977591.902433 78.3022225468505866 -7.0667154194791442 3.5228863042079075 0.0189840044000534 -0.1855876890910701 0.1732387286676526 -0.9670497195720552
1735977592.002525 78.5753898895421798 -7.0402784193018579 3.5223620656167034 0.0297396036701401 -0.1763647803456966 0.1116444585579375 -0.9775206059723048
1735977592.102529 78.8310573273701465 -6.9705412732441792 3.5214783682355262 0.0478408153469851 -0.1504620868100947 0.0152822469005390 -0.9873392880612816
1735977592.202527 79.0730497159837427 -6.8810363438749222 3.5359839109889353 0.0600589439812466 -0.1696460033916559 -0.0668344116665197 -0.9814001824935057
1735977592.302528 79.3167222694994365 -6.7955428622686975 3.5660565107122002 0.0669399269467345 -0.1854133285378514 -0.1202830555300716 -0.9729711867949793
1735977592.402389 79.5528177216362593 -6.7178664883270791 3.5709618839671502 0.0739174598151038 -0.1464477534745386 -0.1223155274001174 -0.9788402200530865
1735977592.502576 79.7695409983880808 -6.6466826093207976 3.5716972458261780 0.0810182644176584 -0.1179133780143311 -0.1116106401702952 -0.9833999903990119
1735977592.602484 79.9875022221063148 -6.5583437088994367 3.5771059177052460 0.0903569700276650 -0.1593242200982240 -0.1028557827623266 -0.9776871170317535
1735977592.702602 80.1929588639267479 -6.4292928592433523 3.5811754399119291 0.1024505573552726 -0.1637094668059714 -0.1288481341651265 -0.9726773627970706
1735977592.802418 80.3740357666046492 -6.2696755994168294 3.5748077352076706 0.1110149078866575 -0.1277328034140047 -0.1982567643934514 -0.9654295813425006
1735977592.902467 80.5210523168493921 -6.0951498993046549 3.5672663155388995 0.1126026289750053 -0.1336967319299307 -0.2855088720047948 -0.9423006504432243
1735977593.002466 80.6536098748548937 -5.9021427440337124 3.5842243617755210 0.1118820022976179 -0.1558219102882467 -0.3466278654526722 -0.9181781269055159
1735977593.102608 80.7919870072490625 -5.7073828876770580 3.5988379948232607 0.1111030331090155 -0.1589798614077709 -0.3766325545839188 -0.9058308001654253
1735977593.202569 80.9398433010776870 -5.5345921223483598 3.6054353602760587 0.1081979484213841 -0.1547096038955358 -0.3714931805594969 -0.9090384806033676
1735977593.302478 81.0727305430582419 -5.3597705255901475 3.6166942068422903 0.1139178280242531 -0.1611456348339753 -0.3550226173438992 -0.9137908699513686
1735977593.402432 81.1887507807052913 -5.1652417620213376 3.6350304715159609 0.1205829753275298 -0.1758144845516969 -0.3549937004005447 -0.9102354012885401
1735977593.502605 81.2808854378025103 -4.9322030804870103 3.6495310106999566 0.1233687557540617 -0.1660070296385806 -0.4068982690691104 -0.8897503103920965
1735977593.602448 81.3329134694423459 -4.7102804297382521 3.6595605709522250 0.1096044646987927 -0.1174326788629382 -0.4829453093883417 -0.8607904828661642
1735977593.702584 81.3837565753216694 -4.4853779770042346 3.6710896966380138 0.1157335068111989 -0.1319851995147171 -0.5241706679400254 -0.8333251306552263
1735977593.802530 81.4447312868596356 -4.2520795841255810 3.6830183657773947 0.1319468609960792 -0.1480154879143437 -0.5403362204972281 -0.8177519245037159
1735977593.902561 81.5197990416295823 -4.0376256201831948 3.6810653217648679 0.1232382762551535 -0.1196100699117573 -0.5343277262765738 -0.8276470499998596
1735977594.002572 81.5923156986032865 -3.8393732612607137 3.6683707405113672 0.1100723613840052 -0.0992857757853229 -0.5265641935194966 -0.8371120355658602
1735977594.102681 81.6560171349032657 -3.6251673423185826 3.6604467128410922 0.1351496379676358 -0.1262720746465288 -0.5172040050912231 -0.8356374546651654
1735977594.202553 81.6809228517267627 -3.3952500963941503 3.6471710982345482 0.1490356421649376 -0.1158805075059668 -0.5470380529697367 -0.8155424292749727
1735977594.302536 81.6565162574051300 -3.1812939350600380 3.6286084968204131 0.1382974251721511 -0.0614568936641504 -0.6187400237203211 -0.7708810903495320
1735977594.402517 81.6010452190478190 -2.9831505976976871 3.6039348804284494 0.1505977908073394 -0.0578778936993400 -0.6909888164251675 -0.7046310455835897
1735977594.502415 81.5285529028136011 -2.7676430988595913 3.5867626106192980 0.1946136389317464 -0.0902791246905708 -0.7348684740369081 -0.6433844395487928
1735977594.602503 81.4603028035482168 -2.5765673652244732 3.5782610430558779 0.1929900686894732 -0.0725629387457564 -0.7661338525165245 -0.6087104182909970
1735977594.702443 81.4084589249664816 -2.4038372738042257 3.5668640221564534 0.1524154881404996 -0.0334162925996525 -0.7865368135230287 -0.5975054069519605
1735977594.802529 81.3434927828586893 -2.2334582400833392 3.5514981314381706 0.1745968543148065 -0.0552804900989360 -0.7924143063839679 -0.5818415359149006
1735977594.902427 81.2456616756057883 -2.0739592241339944 3.5405335611864657 0.2042958972056719 -0.0638013291085343 -0.8040499546375238 -0.5547037472708380
1735977595.002679 81.1132357355280647 -1.9458869174240723 3.5292237705827505 0.2029999957108071 -0.0297732040209853 -0.8441947604152278 -0.4952168863752662
1735977595.102497 80.9578094032861628 -1.8439387336000919 3.4990495579790797 0.1986550173022653 -0.0186152145091236 -0.8910784780870568 -0.4076380794031276
1735977595.202587 80.7916770424795345 -1.7483437924714582 3.4767316518324303 0.2270764059735275 -0.0455909966548423 -0.9144791154237085 -0.3317916730842342
1735977595.302474 80.6133189443777667 -1.6345435487637103 3.4690027563495920 0.2590512009072026 -0.0484157420601333 -0.9202686069784655 -0.2892301544431657
1735977595.402526 80.4401377866121408 -1.5220286182659732 3.4592508104510626 0.2500489995454659 -0.0342522713218878 -0.9205833339619638 -0.2980412806425960
1735977595.502614 80.2689382326400818 -1.4092325257979927 3.4564236977966032 0.2412406921331786 -0.0173461036588453 -0.9210012152007893 -0.3053830426622135
1735977595.602394 80.0760065396473522 -1.3097090273122698 3.4708405520819130 0.2480178000890556 -0.0106271065429250 -0.9194742999062455 -0.3048626695045334
1735977595.702516 79.8598777871416132 -1.2315309582266762 3.4720494684161118 0.2517138785567732 -0.0181852868773999 -0.9251431011313068 -0.2835836051541790
1735977595.802419 79.6296985988628734 -1.1897899826746676 3.4581227545924489 0.2397640336252040 -0.0215609094069188 -0.9441423438304427 -0.2250412627756893
1735977595.902550 79.3841475748150600 -1.1612160197157888 3.4534835000219801 0.2424881672001669 -0.0321920029354689 -0.9591971214593999 -0.1417887368548999
1735977596.002583 79.1288509448049808 -1.1293818377402112 3.4728901591283252 0.2412030733289344 -0.0414235283372903 -0.9655144934190798 -0.0888083988959608
1735977596.102422 78.8553418294763020 -1.0650827185563192 3.4774274658346633 0.2372924000881086 -0.0460173196512863 -0.9665832527872464 -0.0853905064030092
1735977596.202489 78.5935693929717019 -0.9790744012569768 3.4688997119224680 0.2139743018233340 -0.0388271337121008 -0.9666818689965545 -0.1350319073413682
1735977596.302557 78.3312854298415289 -0.8954442111836610 3.4736553918810009 0.2146419330110413 -0.0242697962314077 -0.9573791024824897 -0.1917422011816710
1735977596.402400 78.0630032558087379 -0.8217264133959339 3.4797151570171447 0.2260625923636849 -0.0329504892144003 -0.9500355225411324 -0.2127027867808497
1735977596.502430 77.7745759379974544 -0.7764713380555792 3.4580360462785902 0.2414730737179312 -0.0289242134378003 -0.9513416408572771 -0.1892174064857739
1735977596.602411 77.4800859171270702 -0.7731336475211809 3.4521031909116209 0.2378649142990044 -0.0188401279271897 -0.9635885620042562 -0.1206748329179876
1735977596.702652 77.1792765146699935 -0.7588623002437607 3.4712586850814020 0.2432811726813201 -0.0261327610133499 -0.9671402427350739 -0.0690731547199284
1735977596.802610 76.8712305128884452 -0.7155069475173172 3.4738827207655647 0.2473755762829635 -0.0267667166099772 -0.9660945923204954 -0.0689210115254315
1735977596.902441 76.5796644573405132 -0.6360946133995399 3.4690442053707913 0.2140858353984230 -0.0306346954437320 -0.9695945328815209 -0.1145216674830340
1735977597.002423 76.2858246173669698 -0.5514604011723041 3.4763918091431716 0.2131429904329565 -0.0216833388244299 -0.9621420298314654 -0.1684714007732741
1735977597.102536 75.9793424382981755 -0.4803087121057198 3.4898510674989156 0.2264395000936217 -0.0386277525580027 -0.9551814971344316 -0.1867119628242774
1735977597.202599 75.6565650172946391 -0.4408046025983818 3.4791811282234550 0.2037794426258722 -0.0389461298112348 -0.9661744552269276 -0.1531798283154975
1735977597.302461 75.3363836126523410 -0.4336172315855036 3.4744217740181087 0.2008318116536595 -0.0326235521710342 -0.9758150299684755 -0.0799206766692840
1735977597.402372 75.0182046513954646 -0.4257333267134653 3.4950190799426593 0.2079570329135128 -0.0425013278720283 -0.9765673210413679 -0.0355496422627365
1735977597.502506 74.7005821715127922 -0.3730550865984408 3.4966464018760290 0.1959373510459730 -0.0564239536096160 -0.9780123977707249 -0.0437794670011485
1735977597.602482 74.4014635178996855 -0.2936771194281258 3.4948894219133879 0.1768442626416165 -0.0490748972207856 -0.9771636827594476 -0.1070929424822469
1735977597.702157 74.1114764047953116 -0.2064457426292526 3.5143626486917103 0.1860993440961551 -0.0390511022564221 -0.9673761889195784 -0.1674077496741752
1735977597.805794 73.8013581971150927 -0.1421412110326393 3.5311333959842828 0.1987905356780551 -0.0395154298626768 -0.9610452841197074 -0.1879170444607700
1735977597.901139 73.4871651627262708 -0.1032277985195789 3.5298674597713937 0.1786737199094140 -0.0441350671232237 -0.9709499109172841 -0.1529185016715729
1735977598.001829 73.1748052127996402 -0.0857570158070570 3.5181608457015807 0.1757512922396940 -0.0462261104837900 -0.9790108138524007 -0.0922629738610140
1735977598.102516 72.8764950895885590 -0.0626593578314245 3.5278615356306138 0.1915780794595969 -0.0620660672655743 -0.9787692630331110 -0.0381624489043699
1735977598.202531 72.5830303184001338 0.0019249099833402 3.5204606355140489 0.1867390341659371 -0.0612863945474715 -0.9795168379955316 -0.0438095314444274
1735977598.302570 72.2890732477297604 0.0935454550403023 3.4948996406994266 0.1757091623004134 -0.0400567700989874 -0.9772478791881908 -0.1118406369577152
1735977598.402542 72.0015497057691078 0.1994544940688793 3.4788379640932612 0.1870525586104236 -0.0115569978841818 -0.9656646896010945 -0.1799152116270911
1735977598.502398 71.6914657590582607 0.3003137765702501 3.4673633268985902 0.2136013697956902 -0.0215681942392329 -0.9531336339808979 -0.2131796040737278
1735977598.602469 71.3822567495716811 0.3494166952874864 3.4409997618844637 0.1933577470828454 -0.0130589318787951 -0.9620555054088735 -0.1920714722537119
1735977598.702588 71.0623344090490292 0.3648277302550091 3.4330416454780224 0.1896422945748574 -0.0137342948528592 -0.9744748182753223 -0.1193565993171521
1735977598.802506 70.7552284915476264 0.3746525693915292 3.4487315553462974 0.2149679814551078 -0.0293590057580895 -0.9750493796533063 -0.0469629957276524
1735977598.902420 70.4443827756722669 0.4040836036610252 3.4515375215581527 0.2149051091470843 -0.0493919458447433 -0.9750800810852513 -0.0243939586563822
1735977599.002560 70.1408703156231041 0.4707730252996005 3.4475626069990168 0.1944084904014373 -0.0468631886841927 -0.9774173489343351 -0.0682971918043512
1735977599.102494 69.8466500037130942 0.5601807258999524 3.4692561913134292 0.1975963954282158 -0.0378134559162667 -0.9711391334025680 -0.1281194389605033
1735977599.202599 69.5386191553038486 0.6381274357476453 3.4966754687098276 0.2151542760628075 -0.0422375910841080 -0.9629312231194717 -0.1571244186399413
1735977599.302561 69.2306382677384562 0.6881937178500392 3.5032606165033058 0.1909923266458282 -0.0441488536808220 -0.9700659558944317 -0.1433347518772230
1735977599.402547 68.9269500592929347 0.7081099548846504 3.4985649381279180 0.1830993611221934 -0.0464691736011236 -0.9781560737774296 -0.0867521480644548
1735977599.502519 68.6244503078659562 0.7337374748367856 3.5204271220835697 0.1877588687333858 -0.0394453636090974 -0.9800826704039287 -0.0512701636003767
1735977599.602612 68.3187570616276361 0.7992853795529424 3.5314387686126456 0.1841494095387226 -0.0508474435045664 -0.9801361826024825 -0.0532597034259776
1735977599.702554 68.0299020961369934 0.9085732346101293 3.5280932453616463 0.1455933295145490 -0.0541639064026246 -0.9796885903153988 -0.1268034686035934
1735977599.802444 67.7631387454491687 1.0372422574700635 3.5266672248966713 0.1320042830348495 -0.0292387217427490 -0.9673889663932569 -0.2141927965919762
1735977599.902519 67.4741173735249760 1.1668960586883914 3.5243013156390255 0.1683768825215931 -0.0242966169223006 -0.9486390312118075 -0.2667262422409238
1735977600.002720 67.1656973516031570 1.2622526601605557 3.5045767709879367 0.1745735377081692 -0.0201643343732641 -0.9489168408947608 -0.2620578344901079
1735977600.102511 66.8560921811826461 1.3059155385665366 3.4839254892910945 0.1875065768890858 -0.0251458014762987 -0.9628392360555394 -0.1927422574409594
1735977600.202455 66.5543125939933589 1.3204423369719553 3.5000537259158251 0.2127175188274195 -0.0192226955143346 -0.9698002316002291 -0.1177678052322099
1735977600.302434 66.2568536412096165 1.3646275223760127 3.5382739717900140 0.2350816743043501 -0.0310016646056744 -0.9683979373248569 -0.0773365255419658
1735977600.402383 65.9686896887163670 1.4608241395657851 3.5615677282976628 0.1839809934099831 -0.0363220243359075 -0.9742644174063989 -0.1250621828843066
1735977600.502399 65.7059091131113462 1.5699750632895089 3.5921730763149378 0.1482742973543781 -0.0179472749435173 -0.9682877165461956 -0.2002786210555727
1735977600.602513 65.4359818269455502 1.6629989833173218 3.6210783133952105 0.1780115979415744 -0.0114482028667896 -0.9548918158330765 -0.2374077288219960
1735977600.702554 65.1458709409006076 1.7242293711826686 3.6336821186865080 0.2095811362831232 -0.0134123061391962 -0.9500383182650149 -0.2309178451018576
1735977600.802500 64.8571412546275070 1.7457775280447021 3.6428609892413197 0.1707521207225311 -0.0168959914329130 -0.9701822307299527 -0.1711860914855826
1735977600.902532 64.5632199439053949 1.7625506390855872 3.6579579541547367 0.1522562070637092 -0.0267427530192053 -0.9833823284819253 -0.0951948979777463
1735977601.002553 64.2632698067191654 1.7886254128356496 3.6572160659924160 0.1855541708370881 -0.0323319258048661 -0.9796433976061429 -0.0694486125520293
1735977601.102520 63.9737487411139440 1.8682999884442444 3.6367281515176431 0.1719311757527121 -0.0316448139370206 -0.9785296624690568 -0.1091694839383936
1735977601.202499 63.7008241915192315 1.9677220316705739 3.6155150461275278 0.1607524910264164 -0.0200857700670668 -0.9713431092607642 -0.1739188390061474
1735977601.302442 63.4169523620525624 2.0693678857285009 3.6009709155837242 0.2233203001486469 -0.0328753686898298 -0.9499147540809341 -0.2161231446522668
1735977601.402561 63.1176313513687788 2.1371459291878137 3.6015073677940390 0.2311456328539035 -0.0389783148228982 -0.9488164143633151 -0.2116596305885401
1735977601.502584 62.8061953243264881 2.1652846840137290 3.5977659653485028 0.1947062131693654 -0.0362846467709129 -0.9677364031903419 -0.1557535518123933
1735977601.602579 62.5091578104084817 2.1733556268381906 3.6129883053886265 0.1822357737606725 -0.0373163757324729 -0.9789016568829046 -0.0845526878102992
1735977601.702455 62.1982809699456993 2.2039268233639073 3.6361303048409024 0.2134065646931241 -0.0388652941128187 -0.9752537544136880 -0.0427462461674661
1735977601.802547 61.8849678907417626 2.2691791398744274 3.6398979075793827 0.2026245228132605 -0.0432997034761435 -0.9770512314267791 -0.0493895697591234
1735977601.902563 61.5862890720025078 2.3727499790282507 3.6214552829716564 0.1769229851380348 -0.0401929506037695 -0.9767199198024955 -0.1144595225947435
1735977602.002542 61.2982213577922437 2.4980919644377750 3.6115174276061555 0.2106114405410037 -0.0294818578878961 -0.9585619094173702 -0.1895592439920740
1735977602.102500 60.9969663528060053 2.6031154246986188 3.6113916430212059 0.2194252670380733 -0.0360180358500899 -0.9464060029168699 -0.2342454501621863
1735977602.202562 60.6743988679840456 2.6694879879929005 3.5925226465281748 0.1912054530271250 -0.0296484092145791 -0.9540668570540747 -0.2287310185232793
1735977602.302575 60.3498605978286378 2.6902310990411191 3.5757079305277841 0.1668605775862536 -0.0205672949625361 -0.9729575653398603 -0.1583922664571650
1735977602.402503 60.0159072731154879 2.7135463667441906 3.5867606445729980 0.1648636820913147 -0.0389995048705553 -0.9810324764659730 -0.0942034238559593
1735977602.502595 59.6885837717591983 2.7732230767781760 3.5757968090265155 0.1584775716489787 -0.0453075035062082 -0.9825965432155126 -0.0856511685337878
1735977602.602560 59.3732469390603796 2.8798039441318930 3.5316670519792432 0.1522141354672858 -0.0461533664117396 -0.9782766465495120 -0.1329493382783518
1735977602.702565 59.0738501010265580 3.0136951210047211 3.5090592423088305 0.1848905073016444 -0.0308323800362828 -0.9594761122712658 -0.2104054529518093
1735977602.802480 58.7686184414017063 3.1512790161011934 3.5137669318045881 0.1967110704671642 -0.0218440296690219 -0.9436209297212870 -0.2653434267424304
1735977602.902542 58.4416854548585079 3.2526950840101287 3.4914280724906264 0.1939924370358184 -0.0055329408734510 -0.9426906770262640 -0.2714233011109385
1735977603.002546 58.0968674329084180 3.3041484469392803 3.4515590624278971 0.2033020511711250 0.0064705040826182 -0.9576971061423152 -0.2035747073021727
1735977603.102573 57.7562262162250306 3.3070491348341382 3.4627025694175098 0.2338099171122898 0.0012850670537221 -0.9666310098288714 -0.1046697764391812
1735977603.202580 57.4156995108470127 3.3391268974439750 3.4854933056397543 0.2423475547026823 -0.0207390439892342 -0.9678379009289126 -0.0642444729884158
1735977603.302573 57.0860953682607644 3.4217533988877831 3.4815770396678385 0.2193445773267710 -0.0237629600706279 -0.9700808706280263 -0.1013231590880997
1735977603.402597 56.7846343270303677 3.5321671821485925 3.4951002356126146 0.2121108474758923 -0.0103442161366292 -0.9614272189361637 -0.1748132954447446
1735977603.502641 56.4894114703921986 3.6238818776120958 3.5347989797885311 0.2218665352164180 -0.0084799170950667 -0.9519070913947445 -0.2111308146849261
1735977603.602419 56.1584304230897260 3.6693557603340761 3.5554079169222268 0.2206961763342958 -0.0008100393364085 -0.9536817531019075 -0.2044105070395529
1735977603.702655 55.8267468165999503 3.6752433484036713 3.5467809357631133 0.1717462196462985 -0.0025363591586064 -0.9745402182486614 -0.1441116439961581
1735977603.802673 55.5040102384285845 3.6629340786752556 3.5392141629088578 0.1652829642836001 -0.0113265880587958 -0.9839542926541353 -0.0662359425695205
1735977603.902623 55.1948501814063448 3.6719236714288082 3.5477668222262762 0.1730836372358437 -0.0260163244307499 -0.9843021427647742 -0.0226825292460751
1735977604.002501 54.8857875551929197 3.7275279541349544 3.5405756387651621 0.1661125320029941 -0.0362557897427479 -0.9848056808900778 -0.0353541413177309
1735977604.102475 54.5999773153571653 3.8241928710329236 3.5279550689078962 0.1299882166247291 -0.0295096070441612 -0.9849070801856081 -0.1104096464584579
1735977604.202440 54.3280299152026629 3.9475288640685160 3.5339338394825885 0.1434670547415594 -0.0230420718512503 -0.9693405450904637 -0.1981544215310551
1735977604.302654 54.0341933040626614 4.0588956833610883 3.5434797510059894 0.2007351991581809 -0.0256988594347644 -0.9468491168305406 -0.2500433930338952
1735977604.402544 53.7322590884786209 4.1345498582836813 3.5414401663122694 0.1950662007189661 -0.0193548647110246 -0.9478194878822249 -0.2514215283935780
1735977604.502482 53.4212501365360239 4.1778855121273688 3.5246135988189331 0.1403921962816254 -0.0218398637303287 -0.9695887947672361 -0.1992752383947402
1735977604.602565 53.1085721069078716 4.2045441679531663 3.5086220575077305 0.1701841753898624 -0.0273430322587343 -0.9756109812095417 -0.1359151146014524
1735977604.702596 52.7964653304597107 4.2507651201213648 3.5027753958342922 0.1961012146975111 -0.0313833427028078 -0.9757460695321076 -0.0920815246811336
1735977604.802441 52.4906179516646318 4.3344083786336434 3.4864656705958201 0.1845909405991225 -0.0448430238509135 -0.9754489653214983 -0.1114208414698799
1735977604.902406 52.1966531398300546 4.4517095920235619 3.4766571597084384 0.1559435805371843 -0.0351489649451869 -0.9703551382553897 -0.1812651527842246
1735977605.002538 51.9135978528847133 4.5663889714485553 3.4848212960336946 0.1858712965735041 -0.0242876429665350 -0.9545652024458459 -0.2316619213179759
1735977605.102404 51.6162948822739409 4.6543321708264269 3.4866362878952963 0.2131113162928995 -0.0230875743494963 -0.9479665051918200 -0.2353933639951883
1735977605.202794 51.3120984424005542 4.7022426674485009 3.4831294823664387 0.1855640321152400 -0.0196395797258286 -0.9653847045903087 -0.1822433785804290
1735977605.302476 51.0090276737896531 4.7198154498205218 3.4800092876531599 0.1779960371646420 -0.0157931218261477 -0.9783038410952127 -0.1048312098328577
1735977605.402545 50.7004926950249128 4.7499369476408146 3.4873875783909725 0.2136132061038664 -0.0184705240346162 -0.9746328476006980 -0.0641798278095892
1735977605.502578 50.3973097589781318 4.8159670815925217 3.4858595383755273 0.2046769931408891 -0.0214679279621038 -0.9748345864339822 -0.0856970573584942
1735977605.602536 50.1111717088397626 4.9089755409047031 3.4850385648696376 0.1994941363750236 -0.0125856847754007 -0.9686986888393205 -0.1471955852996250
1735977605.702552 49.8336033204997122 4.9968278827163237 3.4954683597411171 0.2060575315513550 -0.0032710422287259 -0.9574054464681507 -0.2022483746456846
1735977605.802555 49.5352969332853803 5.0393812556745345 3.4979280115098921 0.2017062934136337 0.0122263823232010 -0.9572493110233424 -0.2069754654976192
1735977605.902543 49.2367201778507919 5.0311249402900948 3.4801305728896739 0.1767322305496714 0.0240711300308642 -0.9733371437753158 -0.1442258781609092
1735977606.002605 48.9372792922748658 4.9783103637040886 3.4699818705482559 0.1869963244029338 0.0403877589904435 -0.9801248076968818 -0.0525029991588409
1735977606.102556 48.6373965294785506 4.9293675769128074 3.4853361210767111 0.2078864546091580 0.0319915844547745 -0.9775956393179902 -0.0081563779067508
1735977606.202796 48.3441120720310451 4.9219686856839013 3.4978422914029763 0.1734673824732009 0.0375456891777990 -0.9837086752072851 -0.0285767521595491
1735977606.302002 48.0581640218843091 4.9299137160018995 3.5090458842347854 0.1401390787755821 0.0343447609075936 -0.9871475078170503 -0.0687115260252462
1735977606.402485 47.7669431536913223 4.9249344114953129 3.5156712831044876 0.1775030444584487 0.0256957858987577 -0.9793324388794187 -0.0934899457349125
1735977606.502542 47.4655224196471437 4.8620618104933273 3.5061109508809611 0.2045487752041448 0.0290652398359127 -0.9757476859023180 -0.0723288590538837
1735977606.602610 47.1760529692396773 4.7611277661536402 3.4865144596941930 0.1756882273607341 0.0306936456512761 -0.9839458308673360 0.0064922108918787
1735977606.702492 46.8939681156755483 4.6427961326536513 3.4614332255392930 0.1900034090355877 0.0210746763381451 -0.9759423182308927 0.1048387049624740
1735977606.802507 46.6034270693731116 4.5318264036906193 3.4511670966356478 0.2288066203963553 0.0149469914892324 -0.9606091431482100 0.1570165341875844
1735977606.902522 46.2965224297372799 4.4789358343810530 3.4276144456457267 0.2372571181199123 -0.0033443414841286 -0.9606540033463370 0.1443667591107026
1735977607.001952 45.9867847793794837 4.4612979276441802 3.4099676837677171 0.2228088322750781 -0.0113042319521580 -0.9725693744179795 0.0658578054934124
1735977607.102550 45.6841467705218278 4.4551166392230428 3.4135912957356860 0.2292056482225110 0.0074184890660217 -0.9733308224520532 -0.0060701653754866
1735977607.202561 45.3572721394454348 4.4329634670685731 3.4220436863364818 0.2568767400138188 0.0111498131691912 -0.9658818480598603 -0.0310206011327002
1735977607.302433 45.0377207679993248 4.3786125200741921 3.4168708704842343 0.2193061554253527 0.0022916679956966 -0.9756505306710458 -0.0023665273409769
1735977607.402501 44.7245831309274777 4.2952363586119491 3.4009045666542490 0.2136884052671617 -0.0091916368277535 -0.9745480819261754 0.0671477124019632
1735977607.502419 44.4131128486057705 4.2081899774492877 3.4036466550819315 0.2508009402641413 -0.0143870101900115 -0.9615801532895208 0.1107046119189124
1735977607.602542 44.0944876051846961 4.1693320356508989 3.4011392754018210 0.2603928652392888 -0.0235125901507238 -0.9590285103726923 0.1091193389331721
1735977607.702593 43.7697843483708766 4.1727022468614265 3.3986004293942718 0.2235387467662139 -0.0317508745148331 -0.9732589351151523 0.0423007787192335
1735977607.802551 43.4492111827673355 4.2089595298346412 3.4067596181276856 0.2239518948627307 -0.0276584067503919 -0.9735792351722493 -0.0349861996341469
1735977607.902528 43.1187050231794728 4.2322137924444876 3.4196125874112933 0.2384119795791558 -0.0300491163701953 -0.9669311825181588 -0.0854451102904881
1735977608.002516 42.7933679529309074 4.2326105602932120 3.4181388150208272 0.2211828389335168 -0.0393513463829373 -0.9706549763201682 -0.0857819342522313
1735977608.101490 42.4660238754391273 4.1940218079776770 3.4236762929234539 0.2115432220320868 -0.0487885390609567 -0.9757055996157661 -0.0294571985602725
1735977608.202574 42.1317002723042862 4.1533150336018680 3.4428283403203137 0.2318952382980718 -0.0419184456394185 -0.9716625653936376 0.0184201352468046
1735977608.302531 41.8014355608625507 4.1604617971790807 3.4465516303668324 0.2134202399682724 -0.0490130232858886 -0.9756889187206875 0.0089810136353103
1735977608.402537 41.4728634959354707 4.2338492125730589 3.4456988665500914 0.1837411292144507 -0.0472632843270159 -0.9787018391274893 -0.0784097537178415
1735977608.502411 41.1582556089044047 4.3167772022775477 3.4516884177257507 0.2029053380299068 -0.0270117193106163 -0.9658716187020724 -0.1587192710564546
1735977608.602765 40.8424714147213805 4.3845680383118077 3.4550070713739260 0.2289123753863220 -0.0309498411403159 -0.9549390640228033 -0.1863668847505725
1735977608.702528 40.5118996716618227 4.4118785532057574 3.4355280859761326 0.2243494321554481 -0.0395674220877976 -0.9582397097779352 -0.1728537243033906
1735977608.802588 40.1783496890476144 4.4202535942979413 3.4197204909169003 0.2310838033199843 -0.0466426359819387 -0.9653242216235479 -0.1121333469522718
1735977608.902447 39.8447775622993419 4.4255102397090216 3.4302833512095425 0.2495930807171120 -0.0594786061937326 -0.9648609955229575 -0.0566467014206443
1735977609.002578 39.5177538781983060 4.4692012786270974 3.4361177030847392 0.2337967435655084 -0.0757611777606768 -0.9676091719053734 -0.0577218943476077
1735977609.102534 39.2046773476434609 4.5580071078621254 3.4370091001439844 0.1896081009964357 -0.0639546701838436 -0.9704382434958606 -0.1349377032517975
1735977609.202488 38.8862712842942813 4.6751108180568988 3.4446401209971138 0.2030483706786107 -0.0547157796128301 -0.9560286027860847 -0.2044183291219472
1735977609.302604 38.5594783391058868 4.7663892605333356 3.4509951551361198 0.2275572589854159 -0.0465087767518578 -0.9446156583990283 -0.2318531549827616
1735977609.402661 38.2207580898288057 4.8146067038830322 3.4396358410197103 0.1984148907987845 -0.0315684545789603 -0.9600499083443157 -0.1947797147366057
1735977609.502457 37.8871548066513526 4.8277678019237893 3.4217275682025075 0.2013284466591222 -0.0221337267491506 -0.9724281479964928 -0.1155874201205749
1735977609.602492 37.5482656904876464 4.8360524842034449 3.4241610527031288 0.2383782536890121 -0.0347699751268069 -0.9688966015922131 -0.0566236030372376
1735977609.702608 37.2124928727826045 4.9003319853007676 3.4137522271557557 0.2448793623271508 -0.0432663352548480 -0.9660967898786451 -0.0694198438923652
1735977609.802492 36.8984406552239861 4.9913035053300421 3.4120379645905787 0.2007889223621990 -0.0403930248248199 -0.9687800969349035 -0.1397044594310685
1735977609.902484 36.5988834601096684 5.0907922247744866 3.4287131367555399 0.2168373073598024 -0.0319413837204883 -0.9545812648591626 -0.2018314616774410
1735977610.002619 36.2855728755975875 5.1679638083029431 3.4424845067807186 0.2297577001181512 -0.0316813650212364 -0.9491588818665810 -0.2128499643424699
1735977610.102529 35.9618070951339206 5.2047417175264865 3.4350674531359160 0.1994458803008789 -0.0269596949304016 -0.9642029184887737 -0.1726477560178490
1735977610.202603 35.6491996410996705 5.2051630224013179 3.4161654880359444 0.1897085340848617 -0.0209229898957881 -0.9767591042615160 -0.0975425693296754
1735977610.302360 35.3377480125044130 5.2043331908728092 3.4258313880844451 0.2091151465621611 -0.0177711187620677 -0.9768104095933490 -0.0423847440278259
1735977610.402479 35.0235792439575704 5.2350188645549416 3.4341696543933891 0.2085895904586564 -0.0140996293443158 -0.9771338454581070 -0.0387431447471084
1735977610.502539 34.7212925880270618 5.3127345831031363 3.4060237476250159 0.1628642291764394 -0.0237874384828785 -0.9826245015982173 -0.0857816383851607
1735977610.602521 34.4309960738697853 5.4066296117432149 3.3643569401738342 0.1662258995304003 -0.0333058960560172 -0.9733604225052584 -0.1543669508463508
1735977610.702569 34.1321111652920237 5.5085136780982022 3.3277139766783992 0.2184366658351568 -0.0362822210554178 -0.9519310907809666 -0.2116511796769982
1735977610.802411 33.8208237069166842 5.5845262387781442 3.2918714752321021 0.2013944345375981 -0.0131232163303758 -0.9546395278400661 -0.2189324891735415
1735977610.902365 33.5110724916662974 5.6090513389835426 3.2504373478411637 0.1686446452483710 -0.0059050646442041 -0.9720186424222785 -0.1634131959914790
1735977611.002493 33.2145425956190437 5.5891861966607284 3.2356790786317671 0.2078379488894865 -0.0131633653777697 -0.9737197668832663 -0.0921950562348108
1735977611.102541 32.8977007096700831 5.5827748655835299 3.2453755434967273 0.2454194480991200 -0.0231869024570719 -0.9674350364959207 -0.0574553061893030
1735977611.202410 32.5991836377238613 5.6270529541270244 3.2589756140092185 0.1767515514589781 -0.0154349512472835 -0.9791162614298543 -0.0992572311746785
1735977611.302505 32.3227292319545825 5.6858150803916425 3.2570657253902420 0.1400129541829973 -0.0109459829224518 -0.9754023830651444 -0.1699021754706182
1735977611.402541 32.0478673814824333 5.7744788847402484 3.2706663375048692 0.1902733634848301 -0.0190660868525609 -0.9488278542267689 -0.2513130209991631
1735977611.502434 31.7698379471641381 5.8181304976054173 3.2705915666298284 0.2132381903793514 -0.0057333171515254 -0.9367384951824330 -0.2775204404751663
1735977611.602515 31.4845714887624624 5.8334928733241487 3.2418367111657793 0.1794468082646511 0.0010927286293871 -0.9455636861136462 -0.2714902658493416
1735977611.702500 31.1902599504523579 5.8085446008200634 3.2016089722825365 0.1470923699787287 -0.0009217645819932 -0.9656396322570249 -0.2142500540457671
1735977611.802480 30.8854532817514453 5.7707238679606165 3.1834626753796766 0.1627607331694535 -0.0130095504042001 -0.9743975543725731 -0.1545609956268754
1735977611.902547 30.5488420116066912 5.7401829398024740 3.1654451130268293 0.2072149237297288 -0.0182216700333569 -0.9714374234337584 -0.1141896601153486
1735977612.002423 30.2504942047659320 5.7334475389965993 3.1249819967197698 0.1568941932741101 -0.0087783249904426 -0.9802435053970076 -0.1201241992864681
1735977612.102389 29.9505808215272218 5.7528598943601210 3.0774524672946493 0.1826890864260617 0.0069457618189079 -0.9726125720247418 -0.1435313165583826
1735977612.202429 29.6518325593141476 5.7739999314258066 3.0432247698570172 0.2293625765543486 0.0221354758416734 -0.9594960655390729 -0.1620806262347620
1735977612.302435 29.3512904712417502 5.7662291101950958 3.0129999202704152 0.2184947016902006 0.0226875040627534 -0.9656316584848894 -0.1389274725330987
1735977612.402507 29.0514246497504800 5.7267167979065867 2.9684812417078756 0.1935765379784929 0.0292943066845274 -0.9770454465906980 -0.0839771566351074
1735977612.502429 28.7609198286906711 5.6578827284118924 2.9398601674564468 0.1812445354433526 0.0398480223981194 -0.9825246396750920 -0.0144182493463362
1735977612.602568 28.4572861756924809 5.6052402024845485 2.9269189857049174 0.2084916900533110 0.0267786718751414 -0.9774785746353589 0.0187017122249418
1735977612.702428 28.1450502963252767 5.5885009224916971 2.9133413181136660 0.1845522670751437 0.0314580033591306 -0.9821748948766191 -0.0168324275190517
1735977612.802494 27.8460563523412432 5.5876745503878702 2.8918984162826873 0.1819245778042745 0.0195887412749285 -0.9813262257996630 -0.0593175165005185
1735977612.902547 27.5590305582581578 5.5833421627815714 2.8886112482236834 0.2187494610941341 0.0194908209668327 -0.9710972816014887 -0.0934818208811964
1735977613.002506 27.2691912349485435 5.5438241830655679 2.8912929583036591 0.2189707601268775 0.0296427147964537 -0.9713377352364667 -0.0876134679980503
1735977613.102591 26.9806197963976260 5.4670078562652842 2.8712145870169845 0.2216029952621652 0.0291511858688928 -0.9737273216380387 -0.0435594300799002
1735977613.202572 26.7103204786002166 5.3549542416923055 2.8744745163972842 0.2112215669747519 0.0416751622215347 -0.9759519062540537 0.0341541677927921
1735977613.302463 26.4221016598391643 5.2385355574716996 2.8897166743033029 0.2229342138310025 0.0354310603722891 -0.9709084408159748 0.0798860176547856
1735977613.402528 26.1245602120243241 5.1518162999059962 2.9009909709036568 0.1992314301922294 0.0175749344673570 -0.9768989505120886 0.0752754899712173
1735977613.502511 25.8388700268417573 5.1076163902450151 2.8974677013919026 0.1595233519462955 0.0036342853681147 -0.9867981329966417 0.0277224975069707
1735977613.602574 25.5635743516742480 5.0741357242723613 2.8991414948216692 0.1710781336475881 0.0045146222181410 -0.9851839036651691 -0.0111609288567127
1735977613.702507 25.2863466985168834 5.0292518227895950 2.9003214006967193 0.2065878600658334 0.0000937481645763 -0.9782547119863002 -0.0184164535484500
1735977613.802600 25.0033545064962013 4.9552054156110739 2.8803115265803534 0.1987049109047941 0.0033283981913983 -0.9800152660516900 0.0086809246876587
1735977613.902604 24.7336861722850401 4.8479898327507529 2.8649829439815493 0.1627222567739453 0.0060420129026851 -0.9840112446411499 0.0721583789331023
1735977614.002427 24.4580909215709035 4.7403049953234930 2.8518898527604302 0.1761363604657200 0.0098111190844038 -0.9746873327200423 0.1373474713975156
1735977614.102550 24.1637139228954574 4.6500334762390096 2.8333718766458240 0.1959204317642966 0.0150491969527174 -0.9670550496030701 0.1618432486252471
1735977614.202376 23.8754284716560612 4.6102909194619430 2.8046082316769616 0.1593694082031429 0.0017447206725126 -0.9795905599495749 0.1224772735507820
1735977614.302587 23.5946518205102436 4.5969609159643898 2.7816660892521958 0.1518500838477370 0.0039038359498777 -0.9865949452876511 0.0596382933455368
1735977614.402503 23.3138738019403782 4.5913927309123874 2.7742576449760983 0.1910591679718504 0.0157497631074947 -0.9814516004978383 0.0010465066619828
1735977614.502554 23.0341856689826834 4.5583617420876896 2.7593706141877337 0.2075833682524187 0.0384830931337883 -0.9773352694830841 -0.0156194683732984
1735977614.602391 22.7623486252714997 4.4966795400424520 2.7361627624690970 0.1728481268539143 0.0358971893954418 -0.9840689243518330 0.0210539535866132
1735977614.702329 22.4975980968758940 4.4132225953365589 2.7102937842212471 0.1779229033412471 0.0210828703998570 -0.9809256342907381 0.0753913326161400
1735977614.802543 22.2371053344092218 4.3231733523220921 2.6983760926622087 0.2031015615613130 0.0146508722093330 -0.9741415803829375 0.0978942746226507
1735977614.902535 21.9628005131640016 4.2709081408163136 2.6847117395003131 0.2055773821404334 0.0139989986473764 -0.9759759210195209 0.0708023274988541
1735977615.002471 21.7030640184640404 4.2514274762798054 2.6643881568198058 0.1455278647657329 0.0076092844624367 -0.9892919736380609 0.0080703322116639
1735977615.102505 21.4376190018958930 4.2289423317531876 2.6329284265944501 0.1832679771950252 0.0060814257030315 -0.9823930611426117 -0.0357734288978681
1735977615.202507 21.1751954800179263 4.1930835801640347 2.6083824505741808 0.2167591431541552 -0.0000516753844309 -0.9748134656383877 -0.0524802667562514
1735977615.302513 20.9107289802447056 4.1195999664052181 2.5828542737019027 0.1923253555081363 -0.0014908573818405 -0.9810836778420162 -0.0219898168459674
1735977615.402380 20.6571435487722184 4.0169815004562217 2.5400870526349717 0.1921857220263441 0.0035821432368493 -0.9809621357217052 0.0276605274597968
1735977615.502510 20.4075170514354802 3.9039585503718217 2.5023325778902659 0.2197420748391493 0.0108515288197016 -0.9720872969941143 0.0814981710858427
1735977615.602545 20.1477010549796915 3.7990560605643027 2.4816999278132803 0.2411347445909749 0.0079554714396512 -0.9631908500527421 0.1185501235760397
1735977615.702428 19.8841409271889731 3.7290073153570571 2.4534065017696109 0.2027831000829091 0.0019730061872595 -0.9744970276195898 0.0960763484315183
1735977615.802598 19.6234449904403228 3.6766900228709853 2.4151012970038352 0.1932996669916437 0.0026732200505651 -0.9796652638473431 0.0537034770419619
1735977615.902377 19.3568239844372094 3.6365062647674287 2.3898446507470541 0.2094069574214087 0.0070414145771425 -0.9776819942812772 0.0153968413139114
1735977616.002443 19.0828888387697049 3.5712425130481158 2.3674894545297995 0.2037580082279978 0.0078833061161633 -0.9789376593409956 0.0100790223539297
1735977616.102502 18.8184267881240750 3.4731184426605801 2.3257759850534598 0.1704655091349984 0.0191736975247677 -0.9835554993133460 0.0565018520851233
1735977616.202424 18.5794767553842526 3.3464749542463434 2.2886507068278608 0.1897378890394958 0.0142811430715664 -0.9725420028403483 0.1340061010800978
1735977616.302348 18.3372713620755441 3.2165123941145790 2.2737463690376245 0.2325264919380788 0.0083569413722172 -0.9560028927032049 0.1786618628050664
1735977616.402385 18.0731319003656346 3.1291499957002578 2.2647130004568417 0.2446112452177289 0.0089743889965411 -0.9554222109865067 0.1650854257916971
1735977616.502421 17.8152638195973267 3.0835259578841514 2.2592863357104584 0.1657179166871959 0.0032886962123084 -0.9809294766993119 0.1015092030728888
1735977616.702598 17.5536200310878705 3.0475629326402656 2.2470530575998318 0.1729334234718810 0.0030524784399668 -0.9840022771480793 0.0427110288925871
1735977616.802349 17.2840517690743809 3.0032518484636759 2.2322135489051758 0.2220882126435207 0.0019759729613533 -0.9750079728031786 0.0056898423439090
1735977616.902597 17.0232969571298050 2.9176052405451935 2.2201657806497055 0.2150808860198387 0.0100274036769112 -0.9762979779710507 0.0219527186029324
1735977617.002445 16.7814309454991957 2.8023001552509608 2.1922857989191500 0.1461200092738698 0.0105472326849669 -0.9852371224062706 0.0885748915048990
1735977617.102486 16.5426232342929609 2.6593365825508202 2.1486494622490779 0.1848732366252033 0.0073211442060312 -0.9683893629595041 0.1673031049745400
1735977617.202344 16.2887224741881269 2.5423156570976007 2.1152576769634979 0.2222377380710591 0.0024339422696456 -0.9536586641273591 0.2028290315435839
1735977617.302494 16.0072163777833296 2.4671760527437052 2.0821180156496895 0.2148028901716416 -0.0046813350520988 -0.9598153627860059 0.1805333011829335
1735977617.402406 15.7239123360854958 2.4401265496044884 2.0580463000297051 0.1513657492353002 -0.0074316809678898 -0.9832483881526203 0.1012708609211064
1735977617.402406 15.4373823405077797 2.4178736398471727 2.0255365090969630 0.1951751113708043 0.0024552434908289 -0.9800491242127666 0.0374748156844613
1735977617.502471 15.1534013971279169 2.3725218971510649 1.9990405168220384 0.2247600432298398 0.0050230224335126 -0.9743728886161573 0.0074273913831434
1735977617.602530 14.8781035500921952 2.2835380403706509 1.9667540961530952 0.2014738028563554 0.0009997993270961 -0.9788819372520038 0.0346043362263784
1735977617.802331 14.6212277612931594 2.1613708179171618 1.9303400863167204 0.1847062268286086 0.0020395969752392 -0.9778927642196276 0.0980060789023468
1735977617.902563 14.3668510275954731 2.0334955479676582 1.9173066039399067 0.2137045493270356 0.0017850362302099 -0.9632869169793982 0.1624976763492679
1735977618.002374 14.0875712928007779 1.9295505631116334 1.9095923945753381 0.2427326890545686 -0.0073785388755678 -0.9528826437563195 0.1817720167032512
1735977618.102505 13.7978992824054281 1.8845234759145588 1.9038498254264415 0.1787950099736917 -0.0268847608100413 -0.9753793588678838 0.1262721677139119
1735977618.202423 13.5253249473209127 1.8741986009260461 1.8949173946832889 0.1532521454442434 -0.0158743991813341 -0.9865509398222958 0.0545804589859123
1735977618.302524 13.2430659064219984 1.8545481619752493 1.8814632580344748 0.1846735588666127 -0.0000372043259286 -0.9827743653753901 0.0070867504808074
1735977618.302524 12.9592925890074575 1.8120512120752779 1.8592747840055370 0.2000182622791463 0.0111150012386002 -0.9797064295099573 0.0066680941165763
1735977618.402319 12.6896331848599875 1.7278689251214889 1.8311697921843340 0.1610443042830440 0.0061603754436194 -0.9854440197357605 0.0541005157037353
1735977618.502593 12.4450802773956379 1.6222432039082393 1.7981488179436051 0.1959682295161056 0.0189740723854368 -0.9744670695760149 0.1079368700184014
1735977618.702603 12.1892847643846096 1.5329364542058970 1.7895716465964027 0.2321784624745282 0.0181795836767652 -0.9634454718373222 0.1324216262415743
1735977618.802457 11.9214190478117583 1.4877294927495970 1.7903623867753753 0.2205273673700256 0.0162104815661720 -0.9702764787128818 0.0983283040877298
1735977618.902611 11.6512751034458120 1.4799287014954874 1.7876190537100625 0.1605821513184939 0.0191160457114681 -0.9863501389236231 0.0310056917295994
1735977619.002453 11.3865386587072202 1.4812534323122528 1.7613574564334553 0.1928492225996557 0.0182447389062860 -0.9807728893406528 -0.0236821954078945
1735977619.102372 11.1071280409467956 1.4594602721484420 1.7447797949622308 0.2232343695813640 0.0120222132328389 -0.9733345505133139 -0.0513978151640758
1735977619.202305 10.8230813606653165 1.3925274103507312 1.7331029538810268 0.1985088611370352 0.0021881986893796 -0.9798719925933804 -0.0209838501627161
1735977619.302399 10.5614909242688721 1.2771497062202481 1.7037452590920981 0.1343474606169036 -0.0004127200759092 -0.9887574832960780 0.0656447158112099
1735977619.402368 10.2922535880319170 1.1460945173882648 1.6595272471314439 0.1935517016254261 0.0070869757897964 -0.9692120572551064 0.1520378296457209
1735977619.502552 10.0197970938196512 1.0466702152812157 1.6254948123608135 0.2348603365146911 0.0022642944828937 -0.9550979364760429 0.1806195643940753
1735977619.602502 9.7210319344618892 1.0192829348464683 1.5962700242325063 0.2200335147564032 -0.0158291579251901 -0.9675532122832119 0.1231887638697662
1735977619.702421 9.4377438512193699 1.0395431316571431 1.5964276444170002 0.2102440486727857 -0.0032920411869966 -0.9773009616798913 0.0258733987341817
1735977619.802621 9.1575972576913234 1.0478656205780010 1.6106134705295498 0.2354283345678668 0.0144340212278344 -0.9708591302956137 -0.0423993801303706
1735977619.902341 8.8635906700415248 1.0134249449572341 1.6119666393945946 0.2390533770351561 0.0286754808815356 -0.9687841644105901 -0.0590630384553215
1735977620.002628 8.5839830869479243 0.9286404161225897 1.5908202899430657 0.1858013054740829 0.0277333795843898 -0.9821371447447786 -0.0107407380346332
1735977620.102351 8.3250843803389394 0.8161337057835057 1.5581041483405837 0.1983592528852411 0.0226977664542523 -0.9777979005957852 0.0636371258250420
1735977620.202372 8.0554136105693459 0.7141102875506991 1.5400177798124335 0.2371520306403374 0.0122025298661527 -0.9643750440238840 0.1165795311877772
1735977620.302402 7.7599872531771403 0.6509684817726278 1.5238188667076902 0.2168465531033408 0.0055110417160482 -0.9711287338962489 0.0992783109620246
1735977620.402681 7.4710908412237265 0.6451090009870188 1.5023410057495514 0.1418134721661170 0.0026620237077415 -0.9897065294382293 0.0190483156553253
1735977620.502565 7.1712594175527853 0.6334772842564279 1.4715194443520248 0.1808947376129905 0.0052274575856104 -0.9825033530516730 -0.0440105536586154
1735977620.602363 6.8716727179548815 0.5923010491494891 1.4343568609640023 0.2244797169261581 0.0105911326393034 -0.9723714409935179 -0.0631701301119295
1735977620.702562 6.5757372789707302 0.5053672322025815 1.3940746567406674 0.1917354659379872 0.0122121449821123 -0.9812053634476247 -0.0180113674687303
1735977620.802426 6.2939014047834760 0.3859767367532156 1.3604244638858820 0.1933183494242424 0.0086603605902842 -0.9792453075545362 0.0602631028304616
1735977620.902554 6.0152824861270568 0.2765753090984087 1.3479204591749576 0.2143176883501771 -0.0097574986705722 -0.9693013674337658 0.1201148565788666
1735977621.002467 5.7137661323454489 0.2041481242132026 1.3366413911219022 0.2292026242479205 -0.0219551332683328 -0.9658565402143050 0.1187656216515918
1735977621.102361 5.4164445213068966 0.1838767062235065 1.3131032258930655 0.1805436051666125 -0.0377386163707729 -0.9816606699283241 0.0481885109101331
1735977621.302470 5.1258183476636665 0.1990748393771619 1.2849399535992045 0.1946818835056083 -0.0363915253972588 -0.9797318786335002 -0.0300011183665207
1735977621.402421 4.8291249345246676 0.2155031227287372 1.2663553203300955 0.2270305539034127 -0.0457916865061572 -0.9703149335008356 -0.0696360457414150
1735977621.502446 4.5259472950837933 0.1952651155370365 1.2445277337465537 0.2176754733357419 -0.0412756150888550 -0.9733562999419918 -0.0590865912905188
1735977621.602297 4.2400820744095800 0.1282897203829809 1.2203995029523063 0.1573894036552953 -0.0408610035075062 -0.9866504355986083 0.0089371104092302
1735977621.702528 3.9531577813695944 0.0582663237747970 1.1901464454714112 0.2017351058629782 -0.0568843665219772 -0.9752899676127534 0.0698326211863835
1735977621.801374 3.6698084145440282 0.0334450332607947 1.1594251238507136 0.2335970783590217 -0.0628604797113448 -0.9678220816286225 0.0692920153021147
1735977621.902553 3.3792448007077431 0.0640748864804720 1.1431202814276671 0.1932315820442913 -0.0698023789697587 -0.9786666262461607 -0.0009045787860467
1735977622.002367 3.1068698233285206 0.1204106475219502 1.1255130153854445 0.1411994202064148 -0.0641476946687771 -0.9841965415377096 -0.0854690857986975
1735977622.102562 2.8386934588184456 0.1904773431975975 1.1086119679251945 0.1819766566806673 -0.0598064793104077 -0.9711100726618203 -0.1423127128213597
1735977622.202361 2.5718187925489522 0.2545850351907566 1.1023446865901976 0.1986276280491795 -0.0607177077062742 -0.9638896166361725 -0.1666650301875729
1735977622.302590 2.3083146397014778 0.2940378657199613 1.0762548935842566 0.1698893397965627 -0.0433444156296968 -0.9716623860956273 -0.1585278565557502
1735977622.402295 2.0475858881624243 0.3138404882480244 1.0435067309650110 0.1869373829116259 -0.0388964879478106 -0.9743566690195457 -0.1190401597470942
1735977622.502331 1.8000707898272872 0.3195802845242279 1.0244955209933162 0.2078071826601940 -0.0326184142293564 -0.9748256430241123 -0.0739403786210274
1735977622.602482 1.5430029476522518 0.3533825811533451 1.0065031410853831 0.2083943354553580 -0.0301155086607345 -0.9756864749081882 -0.0608338702488876
1735977622.702310 1.2954760629470543 0.4182355195346860 0.9876269772719716 0.1565769543831698 -0.0271780814072597 -0.9825975309616881 -0.0961618499983512
1735977622.802415 1.0743205192746392 0.4920598590364715 0.9857224416292329 0.1654894791721600 -0.0215038532466117 -0.9787020747427713 -0.1195536092013552
1735977622.902288 0.8673787807632325 0.5539903402757856 0.9813718529979829 0.1808449269380828 -0.0110833141315796 -0.9751708802008364 -0.1273343117818068
1735977623.002481 0.6642453357267227 0.5797229282537674 0.9625108434458375 0.1772658509594354 0.0031855657194335 -0.9798556605512999 -0.0919214596285884
1735977623.102616 0.4736553608087549 0.5728478848502144 0.9419501524144651 0.1471771655283568 0.0252366000726949 -0.9885501486265028 -0.0216933080540671
1735977623.202323 0.2998556199480855 0.5439631921436452 0.9241550766698498 0.1962491806206854 0.0362735601341508 -0.9788938840976208 0.0440142206244504
1735977623.302301 0.1267233747147521 0.5062497957076159 0.9292488819568524 0.1901201554478803 0.0535528637013169 -0.9756236924425811 0.0956285941890074
1735977623.401572 -0.0368772211355350 0.4850715490246201 0.9226567555440994 0.1395658618613851 0.0695936542212198 -0.9806232539092256 0.1185585399180877
1735977623.502313 -0.1719521446941320 0.4651572289311668 0.9184831625911039 0.1362380785571112 0.0710008715545005 -0.9754608515790255 0.1577155326094750
1735977623.602428 -0.2754224605985561 0.4299215771582586 0.9153257150887558 0.1567516833189159 0.0911823978079134 -0.9625764616470466 0.2013982015553705
1735977623.702355 -0.3633944580772334 0.3762031460646552 0.9135284174972512 0.1486047462641132 0.1046352978005844 -0.9429547367688841 0.2789344873748787
1735977623.802382 -0.4182541794414317 0.3187558481893767 0.8900891343743671 0.1171293621267279 0.1218125728544220 -0.9142414349407565 0.3682458530110536
1735977623.902468 -0.4456011434051246 0.2508353096698646 0.8669418148818894 0.1441343219857800 0.1414882645829466 -0.8742717304876615 0.4414241831629930
1735977624.002315 -0.4454758682831379 0.1796506791259541 0.8634596626244798 0.1613118310563347 0.1593770322094583 -0.8226439667875318 0.5213773668595828
1735977624.102601 -0.4290924834985250 0.1130109456591337 0.8624939096855337 0.1432082630579572 0.1743054603394414 -0.7693288883195404 0.5976972992115644
1735977624.202563 -0.4031867279122502 0.0523608581274140 0.8568632618328278 0.1150135588308084 0.1684382863540200 -0.7197123031770900 0.6636374203062407
1735977624.302368 -0.3698386700693639 0.0089236416546637 0.8547856217649624 0.1089435311457053 0.1795290968681615 -0.6610852895491682 0.7203241286677127
1735977624.402501 -0.3195869784345705 -0.0274645045409410 0.8525446686947784 0.0930368853603578 0.1939927199425189 -0.5896829965197227 0.7784503363653124
1735977624.502356 -0.2655823193143463 -0.0456948626142435 0.8508623849974550 0.0699793783287563 0.2001939912120276 -0.5065195469057439 0.8357411088930108
1735977624.602442 -0.2138912081413831 -0.0560498589127606 0.8402368128581348 0.0452873845358247 0.2017845985337784 -0.4157110860121308 0.8856728072844289
1735977624.702249 -0.1696445920138178 -0.0524269364743290 0.8255252950136776 0.0236439062404807 0.1945596607037405 -0.3206777550724698 0.9266894202084203
1735977624.802455 -0.1340658875298125 -0.0436087157741462 0.8034448248059828 0.0114152090067380 0.1980624564944946 -0.2232790875403279 0.9543518247469629
1735977624.902342 -0.1030098590000256 -0.0246538869773395 0.7755762876905966 0.0006389876980513 0.2094472447874449 -0.1543790688248911 0.9655560814651987
1735977625.002586 -0.0746040749541102 -0.0053659873561048 0.7461908807911731 -0.0061101239044093 0.2139072251786443 -0.1024427761779553 0.9714483223574987
1735977625.102510 -0.0495236982822218 0.0157469557350917 0.7090406406097672 -0.0105554117388113 0.2191200132092600 -0.0703876654791483 0.9730984429350371
1735977625.202368 -0.0280652774994316 0.0351442991811430 0.6677613152340245 -0.0131470627466640 0.2185054493904615 -0.0551135862048768 0.9741894148180043
1735977625.301514 -0.0116887370548662 0.0500716051030649 0.6223798875995289 -0.0181127107023245 0.2097662234892391 -0.0488522608811604 0.9763623906116395
1735977625.402647 0.0018452399483160 0.0577385994444782 0.5672423658585689 -0.0154555699723480 0.1998621833757589 -0.0462871697395839 0.9786080578712826
1735977625.502351 0.0190947496635953 0.0605940564131338 0.4993085618176257 -0.0137297599868598 0.2016967177271577 -0.0476464918211192 0.9781920770308531
1735977625.602561 0.0215776446080069 0.0617981214874028 0.4256808345762428 -0.0213438512481221 0.2038519249638924 -0.0479944394964176 0.9775916153894929
1735977625.702419 0.0225122512823056 0.0589756407908768 0.3558335681140846 -0.0232175693218289 0.2070750530058856 -0.0510221274006601 0.9767177736751322
1735977625.802299 0.0161238653847978 0.0565045388910246 0.2931133392044519 -0.0212001763551826 0.2099908542588396 -0.0518315688618213 0.9760982953163447
1735977625.802299 0.0103430143206668 0.0533917318411306 0.2395186148162100 -0.0188443068406050 0.2182472682736240 -0.0549861101490286 0.9741609464977935
1735977625.902417 0.0043459667022520 0.0540429869135745 0.2018192499351506 -0.0207946576660994 0.2117333449859004 -0.0553165124645889 0.9755391618394347
1735977626.002395 0.0022296740896134 0.0552105964493225 0.1754368402553871 -0.0214204420276995 0.2073194807862486 -0.0524048856333092 0.9766337724611094
1735977626.102316 0.0025351844971998 0.0562387013946907 0.1532947478943616 -0.0210360136184482 0.2034918475293894 -0.0478839193799661 0.9776787224773450
1735977626.202443 0.0001823750968153 0.0580517314524052 0.1384936932467453 -0.0162313577454459 0.1952556298986114 -0.0416039564219679 0.9797351136040165
1735977626.302306 -0.0016795416019974 0.0579283917828354 0.1285448621230448 -0.0122993238857415 0.1930739412877666 -0.0411494057228093 0.9802437993867756
1735977626.402365 -0.0019366780593841 0.0565595242544722 0.1200571336535571 -0.0115489737402907 0.1896844453409768 -0.0392863279982984 0.9809908342250921
1735977626.502433 -0.0050123704729339 0.0576232115262181 0.1161624901325546 -0.0125728381674180 0.1839321883543047 -0.0369656660588361 0.9821631297093366
1735977626.502433 -0.0062836933115907 0.0561982487369035 0.1141641370470063 -0.0102732744231291 0.1834243947026944 -0.0367830081347220 0.9822916886409749
1735977626.602480 -0.0130081041122331 0.0537460500770804 0.1150908360461324 -0.0102188920121329 0.1719496015783301 -0.0393402251883074 0.9842668619054649
1735977626.702507 -0.0146998377108284 0.0541642284480730 0.1134748183037241 -0.0113758019888807 0.1689767915824154 -0.0385318583157642 0.9848008585142259
1735977626.802471 -0.0194986164165847 0.0578201530903411 0.1128151531270451 -0.0114390533618277 0.1602171332662526 -0.0378209656062831 0.9862906229031774
1735977626.902488 -0.0240387542400013 0.0555286734640705 0.1152078365520233 -0.0071752639573220 0.1507338749078653 -0.0352476017413271 0.9879197442676645
1735977627.002389 -0.0256964681356372 0.0523318933568644 0.1165464551182196 -0.0021055749367730 0.1467568767259072 -0.0351669105328894 0.9885450288638420
1735977627.102595 -0.0290634414152529 0.0518560517201254 0.1217607891358000 0.0008324701458620 0.1478967650176282 -0.0358685431481169 0.9883518105933781
1735977627.202533 -0.0340630503816845 0.0472264193995612 0.1304642318828882 0.0050341773689861 0.1376564216868327 -0.0343761864564175 0.9898705190232248
1735977627.302366 -0.0429158357627850 0.0415630904935436 0.1309710938914782 0.0093636308757539 0.1449518719252538 -0.0384221939245646 0.9886480730048539
1735977627.402460 -0.0487730592330217 0.0438266299272196 0.1299377529451860 0.0082395196325104 0.1334253517462516 -0.0381397154052585 0.9902904361531624
1735977627.502566 -0.0485631418381191 0.0487925498373061 0.1204476917649679 -0.0011666812926929 0.1303527591678448 -0.0347382496647319 0.9908582396298282
1735977627.602578 -0.0444402632620679 0.0529094307745623 0.1125375396738997 -0.0114535970244957 0.1287768953232346 -0.0369713484533747 0.9909179813383387
1735977627.702518 -0.0216827630977102 0.0478384928178272 0.1065706623940640 -0.0119193294705787 0.1531739788113187 -0.0404580598791646 0.9872987426260075
1735977627.802677 -0.0003473551098941 0.0385251529333401 0.0982513281930661 -0.0018830419212712 0.1767583359719522 -0.0403994681061441 0.9834230156927842
1735977627.902342 0.0145585652084783 0.0307253009620795 0.0927156288996625 0.0048545211500951 0.1946000089807412 -0.0395710238376599 0.9800721423454185
1735977628.002281 0.0191432327588725 0.0284304367108448 0.0907363266088328 0.0065746364718984 0.1998125061071540 -0.0397460872162861 0.9790056103564658
1735977628.102655 0.0179578387500233 0.0293866911464257 0.0911122841285558 0.0050569671211230 0.1977176999943357 -0.0400736396995479 0.9794264860589164
1735977628.202263 0.0170647459311229 0.0296101078342056 0.0905673826341790 0.0047912309711007 0.1978612083512410 -0.0401168690307185 0.9793970712406387
1735977628.302371 0.0158327599951772 0.0308380246060398 0.0886991441109115 0.0038592593007496 0.1943780450060033 -0.0397499778456866 0.9801133715027877
1735977628.402416 0.0069627413746775 0.0320971625075850 0.0906787702698087 0.0008674224099054 0.1861923932502973 -0.0396525228509329 0.9817124414540368
1735977628.501409 0.0010089253125216 0.0348661369714437 0.0910632261600460 -0.0023122139892711 0.1797934997511879 -0.0398005818251448 0.9828961617587421
1735977628.602378 -0.0011709262437857 0.0359380308794013 0.0913808386955332 -0.0029254101725194 0.1781390546324917 -0.0398057099406870 0.9831955169985686
1735977628.702743 -0.0022542208072067 0.0345740974582051 0.0896031426266640 -0.0018625508310030 0.1814768387200320 -0.0396849370222627 0.9825923843008983
1735977628.805974 0.0027435949455425 0.0304941503534663 0.0888287308989641 -0.0001660029612010 0.1847977789184971 -0.0393570584470000 0.9819881747252391
1735977628.906153 0.0022116843913633 0.0323992869453874 0.0863193889238611 -0.0000900838128073 0.1849612643949005 -0.0394405216739125 0.9819540558541606
1735977629.002368 -0.0009181680777355 0.0319028133124636 0.0875092610454392 -0.0008482711361739 0.1827706254866550 -0.0394299448087398 0.9823642187842939
1735977629.102278 -0.0022493291383731 0.0341247406510179 0.0861427747256752 -0.0012891094219568 0.1815652610365904 -0.0394050731419442 0.9825882323701477
1735977629.202265 0.0011525109480257 0.0334001854039267 0.0885161565523565 -0.0008715879718588 0.1825057643174564 -0.0392475015162501 0.9824207448695496
1735977629.302351 0.0011689716556773 0.0326335275993165 0.0875311791560014 -0.0004192228883548 0.1836219868091739 -0.0391831190334088 0.9822155941519332
1735977629.402388 -0.0010415890991869 0.0323031749178765 0.0859120793910218 -0.0006268577881484 0.1830886314980350 -0.0390987785111757 0.9823184033623844
1735977629.502225 0.0041590730917954 0.0335400086723714 0.0870135023442961 -0.0008248216988950 0.1822157519153550 -0.0393184354851397 0.9824717807927554
1735977629.601308 -0.0004597400901866 0.0331047664820765 0.0862172797968755 -0.0007923812336710 0.1826937911201549 -0.0394241364918662 0.9823787906301706
1735977629.702531 0.0022210280966621 0.0338440032545111 0.0879224760757729 -0.0006578305045321 0.1831299802223948 -0.0393462680361373 0.9823007934407878
1735977629.801826 0.0031310203165099 0.0335464777802454 0.0877155499332215 -0.0008861053694437 0.1829507003478176 -0.0393706941931581 0.9823330415384927
1735977629.902302 0.0019624135302988 0.0328896649371666 0.0874018133625662 -0.0010837139614692 0.1826002527754765 -0.0393803978048469 0.9823976575293295
1735977630.002386 0.0014788973989824 0.0330177834873030 0.0847669844817800 -0.0010006571803566 0.1826529572184459 -0.0393486836673195 0.9823892186899311
1735977630.102495 0.0001601851958595 0.0328874255569279 0.0832411978467264 -0.0008574529159091 0.1829547615902749 -0.0393821287446188 0.9823318522380740
1735977630.202436 -0.0015133893914141 0.0322138645031654 0.0842198865509961 -0.0009744280534652 0.1826942486899034 -0.0393676623265595 0.9823808065859910
1735977630.302385 -0.0003059929979491 0.0326281216693673 0.0845712668080045 -0.0010082600688820 0.1826148047695868 -0.0395142195453494 0.9823896594245694
1735977630.402515 -0.0026143612838530 0.0315425015676522 0.0870263733291211 -0.0011413232912765 0.1823954485921516 -0.0394644696684241 0.9824322639998151
1735977630.502489 -0.0016121890565033 0.0302358062478589 0.0842417561399163 -0.0006721339252057 0.1829876523297163 -0.0394068940784400 0.9823248770289472
1735977630.602476 -0.0045376532894339 0.0315121046138298 0.0844428240078832 -0.0006268541985253 0.1818694486740250 -0.0395446593537053 0.9825270126614430
1735977630.702452 -0.0041016104477562 0.0314392739744628 0.0843231528828582 -0.0007065359000192 0.1811540357005631 -0.0394806825418753 0.9826616873891283
1735977630.802356 -0.0017074154933316 0.0312846345041103 0.0869860264637541 -0.0001425863265379 0.1827753588906206 -0.0393382487594712 0.9823673702012309
1735977630.902489 -0.0002992322018856 0.0313517259711513 0.0838291804633820 0.0006488707584713 0.1848315328798120 -0.0393818727375084 0.9819806268556038
1735977631.002443 0.0010400638363360 0.0290781663460298 0.0818342711696005 0.0011053960348412 0.1853416156222073 -0.0392738269949969 0.9818884000390896
1735977631.102578 0.0015109798397123 0.0308245440005700 0.0845368855167508 -0.0000667254879918 0.1842991239193505 -0.0393527961203347 0.9820820667886063
1735977631.201075 0.0015301337679373 0.0322632157855875 0.0846383489706449 -0.0011538599021086 0.1824171120174491 -0.0395581931854275 0.9824244577586840
1735977631.302396 0.0010448555664137 0.0332815913664950 0.0831591784869141 -0.0011066478413320 0.1819917713586366 -0.0395764810617753 0.9825026578259562
1735977631.402445 0.0046157058799548 0.0318580218269435 0.0832964630715363 -0.0006045087745040 0.1829145318334415 -0.0394777103864970 0.9823356956743119
1735977631.502506 0.0056337909535139 0.0312209974864536 0.0821630335017820 -0.0006772410636602 0.1825186577221544 -0.0395079564607844 0.9824080630288706
1735977631.602369 0.0072900990399349 0.0331696760217842 0.0829842048257496 -0.0005725978004556 0.1823518950937606 -0.0394192186984200 0.9824426617796476
1735977631.702512 0.0053020176273000 0.0320604373736108 0.0839843690458603 -0.0004399540944557 0.1829716098515363 -0.0394678256900313 0.9823255504994428
1735977631.802502 0.0090671433657708 0.0319721828321265 0.0840614034367494 -0.0000892451452761 0.1836687636790503 -0.0394891308557302 0.9821946781713757
1735977631.902559 0.0117643139728311 0.0319874702434470 0.0853796567756689 0.0003369663888122 0.1844790726937265 -0.0394033504593104 0.9820461975713243
1735977632.002559 0.0087066282358660 0.0317607228280891 0.0868533963738346 0.0002987826858333 0.1841576655318858 -0.0393483170712721 0.9821087388361899
1735977632.102316 0.0084618150210155 0.0323167772813334 0.0874188038966100 -0.0003807635076360 0.1831344557703341 -0.0394428934358193 0.9822962304143621
1735977632.202626 0.0074380809907099 0.0320308935904660 0.0856237980733890 -0.0008941845508351 0.1823018836331710 -0.0394179209180232 0.9824517551352266
1735977632.302376 0.0063347150856187 0.0314292841110240 0.0860027580094338 -0.0003372193077892 0.1833551585146808 -0.0394033698634665 0.9822566602332597
1735977632.402256 0.0068539039318830 0.0311713872187850 0.0846584709971064 -0.0001649827841814 0.1841985949341509 -0.0393126742138858 0.9821025221692073
1735977632.502651 0.0064405265902874 0.0317773765073601 0.0834900049062466 -0.0003560517983388 0.1839568145910329 -0.0393135215667557 0.9821477539630469
1735977632.602376 0.0048363034436728 0.0316631596020130 0.0818390214848255 -0.0006074136096200 0.1822243153923182 -0.0394929371064165 0.9824633519105008
1735977632.702404 0.0039082633155225 0.0303160651041795 0.0826579880571999 -0.0010887337020711 0.1825553953311782 -0.0393925261315619 0.9824055024170913
1735977632.802339 0.0050919058172391 0.0286552411877922 0.0815357982040553 -0.0004101926729120 0.1840122425477934 -0.0392130514980700 0.9821413660602597
1735977632.902317 0.0051768902804526 0.0268413519368620 0.0819539123939479 -0.0000798477403820 0.1842352801500912 -0.0391391911015690 0.9821025806361933
1735977633.002322 0.0049445507253653 0.0273450792350545 0.0808541038832430 -0.0005495317881506 0.1832559131889142 -0.0391943773811562 0.9822834464032337
1735977633.102210 0.0038154495983701 0.0259833132865325 0.0793239036935481 -0.0005478460503090 0.1831298938330590 -0.0392159106828986 0.9823060898715373
1735977633.202350 0.0054057782155361 0.0276251744858351 0.0808383572982997 -0.0002670511589593 0.1837900645304046 -0.0391487908714679 0.9821855797337335
1735977633.302261 0.0035789696506128 0.0265807945341290 0.0823426045670159 -0.0001314663457746 0.1840047706379047 -0.0390863889283567 0.9821478917656106
1735977633.402211 0.0049043844633909 0.0251420742237466 0.0817260218684263 -0.0003314867364241 0.1835129343955980 -0.0391538289110505 0.9822371764027591
1735977633.502219 0.0053665299394356 0.0247626641308916 0.0811261464836804 -0.0004076402720551 0.1834476959157424 -0.0391860548782999 0.9822480490159750
1735977633.602269 0.0065334913174020 0.0240064962733653 0.0832141980634538 -0.0003073622940556 0.1837672857884886 -0.0391677609510220 0.9821890738062788
1735977633.702187 0.0093202205752358 0.0244511325653663 0.0812228812657409 -0.0002973613709654 0.1835784880850108 -0.0391130830242786 0.9822265609445576
1735977633.801271 0.0078094326581806 0.0252606491622495 0.0801489835089526 -0.0003884278191108 0.1832743131533566 -0.0391140797447545 0.9822832911272164
1735977633.902395 0.0092523583614869 0.0269129240483022 0.0784716024356112 -0.0003070320728139 0.1833816665958983 -0.0392515368331316 0.9822578006531963
1735977634.002360 0.0083032422083362 0.0254339825756506 0.0800161497857283 -0.0002812202899615 0.1836749282718909 -0.0390843673490698 0.9822096791766957
1735977634.102477 0.0076145876243135 0.0255624761739593 0.0816675904299020 -0.0004288802640935 0.1835519384133287 -0.0390171968456888 0.9822352876560347
1735977634.202300 0.0065975055258567 0.0264339727730676 0.0812284120748756 -0.0003074944487364 0.1835526797311624 -0.0392238782731052 0.9822269628674882
1735977634.302391 0.0064323347931206 0.0268373623344362 0.0821065761865965 -0.0003427601658063 0.1835322363574841 -0.0391737714161580 0.9822327709693482
1735977634.402535 0.0075816421191834 0.0282687045372291 0.0824628366491425 -0.0005177166291570 0.1836179358201298 -0.0393416099938049 0.9822099690686009
1735977634.502505 0.0077792104857137 0.0286148911012428 0.0826731437689609 -0.0006151350676457 0.1836879827156383 -0.0393341750741067 0.9821971132547416
1735977634.602265 0.0058791010409728 0.0292476233693443 0.0827986660257920 -0.0006223096597501 0.1838268107663122 -0.0393235915477036 0.9821715591086738
1735977634.701587 0.0039877352867961 0.0305932437866780 0.0825689757394903 -0.0005523269948597 0.1837115334149342 -0.0393496220578462 0.9821921271671490
1735977634.802450 0.0077858185228528 0.0294353096208322 0.0823314545646375 -0.0005929278326750 0.1835571268710499 -0.0392907062745966 0.9822233300079335
1735977634.902234 0.0070408711714884 0.0282804526681462 0.0820752618207101 -0.0003746240881425 0.1836024884143209 -0.0392636656964503 0.9822160406249427
1735977635.002283 0.0076259381723720 0.0293673995226403 0.0803543311928834 -0.0002687430513671 0.1835270734794837 -0.0391660213302337 0.9822340677508534
1735977635.102398 0.0057725309577498 0.0299857068800255 0.0805195315552552 -0.0003165294315742 0.1835517214463100 -0.0390895193657015 0.9822324953079968
1735977635.202418 0.0068566567431289 0.0300063628446687 0.0790488213670786 -0.0004430354617253 0.1834980416161022 -0.0391724845232303 0.9822391709247358
1735977635.302280 0.0098923239945878 0.0288699631970137 0.0832990946336380 -0.0002558095855756 0.1837446851285068 -0.0392071869439970 0.9821917438771415
1735977635.402378 0.0099575574584462 0.0296915115998082 0.0814081155129570 -0.0000833122987621 0.1836381126835150 -0.0392643784941773 0.9822094202412048
1735977635.502188 0.0104624550852188 0.0292780548883885 0.0814135183706736 -0.0004384497047840 0.1836283037450929 -0.0392571455114000 0.9822114489008226
1735977635.602200 0.0084702104958560 0.0283304444422773 0.0794731528788442 -0.0003285188267075 0.1835536929152312 -0.0393294752409151 0.9822225441669703
1735977635.702241 0.0104310483487525 0.0275306862663444 0.0801962150894024 -0.0004509771349990 0.1835782431663001 -0.0392524228358855 0.9822209896744781
1735977635.802208 0.0071162596151112 0.0250901178645657 0.0808181212820469 -0.0005726652093040 0.1836783897435325 -0.0390597039270845 0.9822098862895392
1735977635.902158 0.0043754414281087 0.0247998073851994 0.0799319188857997 -0.0004363431509497 0.1835627834583342 -0.0391856890521966 0.9822265501946016
1735977636.002199 0.0065582382655614 0.0235566860595756 0.0816860561512791 -0.0004977901065264 0.1837624567809724 -0.0392632324805674 0.9821860873877252
1735977636.102314 0.0041524652782698 0.0226903454412916 0.0837447111812107 -0.0005722361934636 0.1838313744007749 -0.0391573464757048 0.9821773773349917
1735977636.202365 0.0059323251363731 0.0220630847662246 0.0829554838412735 -0.0007631897970931 0.1837049381885216 -0.0391386395652623 0.9822016494180131
1735977636.302357 0.0038926626462516 0.0239932528785525 0.0827141546687003 -0.0006982352635261 0.1837027292577059 -0.0392794508950646 0.9821964897453916
1735977636.402365 0.0062999297610302 0.0230047039292869 0.0806970575585431 -0.0004024597802395 0.1835740163251895 -0.0390671616244213 0.9822291868189296
1735977636.502402 0.0046589403044404 0.0245694200517300 0.0849006779476500 -0.0003382787504214 0.1837853761506737 -0.0391616186797500 0.9821859236941977
1735977636.602168 0.0037662971397204 0.0244507040705999 0.0841017995021079 -0.0004741022063929 0.1838140935745864 -0.0391381908645149 0.9821814273576467
1735977636.702574 0.0019267686201632 0.0230308202956067 0.0830572257930636 -0.0004122154716378 0.1836655188130532 -0.0390442706765473 0.9822129871900867
1735977636.802282 0.0047441194763203 0.0240521211126180 0.0845984180936067 -0.0005052953882742 0.1837584966362566 -0.0391623558218687 0.9821908518597772
1735977636.902340 0.0043595116590327 0.0242397358941913 0.0817709935803660 -0.0004650902345198 0.1834853522635720 -0.0390582440100412 0.9822460805575347
1735977637.002232 0.0074936552706046 0.0249084066566535 0.0835833784659842 -0.0005684903631024 0.1833037531593381 -0.0392200983317628 0.9822734826835419
1735977637.102289 0.0070091420154440 0.0259738158489050 0.0830691380039364 -0.0005251094278110 0.1835277034145729 -0.0392252892138074 0.9822314813859075
1735977637.202217 0.0068758454887523 0.0281579795298051 0.0803480459178213 -0.0001495856265238 0.1842499932175750 -0.0392273413150187 0.9820962953380993
1735977637.302260 0.0101321246513341 0.0289902653149995 0.0803869665075715 0.0001667567597497 0.1844366320330827 -0.0392156386954967 0.9820617264908457
1735977637.402281 0.0095888879644553 0.0296232408565801 0.0820170895098427 0.0002930810661558 0.1849476654101224 -0.0392401314241920 0.9819646059042283
1735977637.502156 0.0114354130594360 0.0288435313953184 0.0804028914696058 0.0004372612933155 0.1843242763226525 -0.0391621468373312 0.9820848722059530
1735977637.602180 0.0143025480193446 0.0302447887115228 0.0808472117000075 0.0004389977599410 0.1842479411480055 -0.0390220239640157 0.9821047729796653
1735977637.702305 0.0094229764052859 0.0283663423814048 0.0811324651544279 -0.0001154485029756 0.1843789498979999 -0.0390882648480982 0.9820776430900559
1735977637.802401 0.0097264140947481 0.0275375064622287 0.0852355761460624 -0.0001655588882135 0.1847039301716043 -0.0388756410663951 0.9820250074723629
1735977637.902175 0.0093762129752760 0.0242322313047779 0.0852362986748148 0.0000041191347768 0.1846382310694762 -0.0389606735422192 0.9820340062990203
1735977638.002254 0.0074215774148190 0.0252960723600460 0.0833109985198751 -0.0004051654629431 0.1842711740649987 -0.0390821997153499 0.9820980357963579
1735977638.101318 0.0065464627806931 0.0240504039561707 0.0814679531025699 -0.0003515389663049 0.1838462541790528 -0.0390249544625804 0.9821799652680154
1735977638.202313 0.0086449457628689 0.0240565077651570 0.0789619026820660 -0.0005522759604897 0.1840061049814538 -0.0390268983703075 0.9821498610316103
1735977638.302259 0.0088120142464443 0.0225388103605123 0.0783922092103955 -0.0003216023305143 0.1840542075956665 -0.0389604271296190 0.9821435894797411
1735977638.402516 0.0072338058312194 0.0219481985397300 0.0794337622191841 -0.0006245074330611 0.1838587164953210 -0.0390656273910056 0.9821758799297131
1735977638.501650 0.0050825226365349 0.0231287831070090 0.0811442951217163 -0.0005914830773225 0.1839790226810022 -0.0390484352493424 0.9821540556683002
1735977638.601861 0.0042267628249763 0.0226358690482212 0.0804433605466257 -0.0005107595762475 0.1842134092512049 -0.0392008243392196 0.9821040954745222
1735977638.703114 0.0019776948835945 0.0239465277685253 0.0814861543630254 -0.0006188051408495 0.1841642054051779 -0.0391903448041829 0.9821136794698495
1735977638.802211 0.0058351943821372 0.0235573977468356 0.0803608046024398 -0.0004744925992864 0.1839015568214103 -0.0389235213430168 0.9821735853410509
1735977638.902312 0.0069109132498739 0.0250623433028281 0.0823879822701989 -0.0001467631493857 0.1839980899547659 -0.0390008873399214 0.9821525401587449
1735977639.002322 0.0088269992491290 0.0257420374022548 0.0798446777258339 -0.0002723057591364 0.1839952362162094 -0.0392732199059184 0.9821421959663155
1735977639.102746 0.0072832875083193 0.0264034074936196 0.0825939340283443 -0.0005307789353993 0.1840879137350755 -0.0391020106246884 0.9821315548619217
1735977639.202448 0.0048100587011625 0.0265574638706126 0.0816148298743320 -0.0004221979019882 0.1841757651295039 -0.0391590917943101 0.9821128625660791
1735977639.302209 0.0060052190081393 0.0267030904706283 0.0794281202307898 -0.0002243428633616 0.1840851982693874 -0.0390561859382277 0.9821340050056094
1735977639.402201 0.0097775945629250 0.0240421902613141 0.0797607447902078 -0.0004352523788678 0.1839895941276304 -0.0390335222524848 0.9821527498045716
1735977639.502215 0.0087709665697992 0.0261372298727070 0.0805296727959217 -0.0004967450279658 0.1840117310307696 -0.0391004937479027 0.9821459094636128
1735977639.602288 0.0061176911326369 0.0273596785941041 0.0782511917885172 -0.0004734510068729 0.1840152829037605 -0.0392448469905020 0.9821394979770874
1735977639.702157 0.0065668330637602 0.0247127286606643 0.0812277272594100 -0.0006345070878401 0.1840482308266483 -0.0390872803039327 0.9821395168960355
1735977639.802145 0.0061138752761260 0.0258549696303410 0.0808863849055972 -0.0004800791356757 0.1840219367545238 -0.0390266667210617 0.9821469419602042
1735977639.902215 0.0070298912730036 0.0257431514304718 0.0823723431420065 -0.0004452051827662 0.1840855841755159 -0.0391086825456537 0.9821317683695237
1735977640.002321 0.0073758131062002 0.0233487225302123 0.0824189931187009 -0.0004606451092024 0.1841177309066835 -0.0389662290985699 0.9821313975032543
1735977640.102306 0.0084770635687372 0.0229311942901757 0.0813958416011657 -0.0005491900765631 0.1840317855295036 -0.0389857171805111 0.9821466866822918
1735977640.202162 0.0082157189707592 0.0244155592552029 0.0822741996996237 -0.0006046960050358 0.1840341902813922 -0.0391069912437371 0.9821413820759597
1735977640.302257 0.0101709655776952 0.0235571005390764 0.0816755767126574 -0.0003921264972497 0.1839899473425381 -0.0389930634114095 0.9821543089145890
1735977640.402240 0.0108062408874321 0.0245818629301519 0.0804674398580094 -0.0002824209619460 0.1840123387415244 -0.0390240175520905 0.9821489222533256
1735977640.502306 0.0146045744848105 0.0250595266478562 0.0814632211643542 -0.0001961434002722 0.1839616806221016 -0.0391024105239340 0.9821553151521790
1735977640.602210 0.0145419221806216 0.0246372434312613 0.0797635877888689 -0.0003038601972473 0.1839195547184194 -0.0391029296973302 0.9821631564817754
1735977640.702164 0.0148379727415254 0.0253287424741805 0.0805043936013748 -0.0002479834862606 0.1839663925687507 -0.0390324168907227 0.9821572050039138
1735977640.802353 0.0149953499140926 0.0227276732369344 0.0787158208080912 -0.0003563248075479 0.1839674373927414 -0.0389800460552003 0.9821590558668764
1735977640.902388 0.0169111064712808 0.0240074646144149 0.0814679641714861 -0.0003051835860020 0.1839128884377255 -0.0389000705456634 0.9821724598261825
1735977641.002288 0.0142954646569575 0.0229572925995753 0.0815683702890990 -0.0003335406070176 0.1840208465372041 -0.0388897200071223 0.9821526390883253
1735977641.102268 0.0155725073451816 0.0255768274438128 0.0819642702526484 -0.0002535756903709 0.1840390509508308 -0.0390838928200779 0.9821415441505952
1735977641.202310 0.0132715238720122 0.0242114973753219 0.0804135409522030 -0.0004327075790639 0.1839037712999576 -0.0390743694894447 0.9821672002845576
1735977641.302349 0.0152820379187814 0.0228220356022574 0.0805739867313136 -0.0004754759173202 0.1839956976667594 -0.0390796083213731 0.9821497550660097
1735977641.402191 0.0147823943454285 0.0219684144604391 0.0790925295209762 -0.0004581792648267 0.1839175452725131 -0.0389856522897655 0.9821681350605078
1735977641.502119 0.0133955988494273 0.0235383471877548 0.0798872003657622 -0.0003229855109466 0.1838634512234455 -0.0390851513683079 0.9821743622835407
1735977641.602216 0.0141728863802400 0.0244330956350490 0.0773269929356995 -0.0002436002301641 0.1838051820739738 -0.0390671697594422 0.9821860067974235
1735977641.702177 0.0114578618649779 0.0277102344653139 0.0798920729116931 -0.0002236470152026 0.1839222220597500 -0.0390862069760029 0.9821633441738934
1735977641.802143 0.0117708644256833 0.0263255671371539 0.0806094498766188 -0.0003960201327166 0.1840738475537855 -0.0391430068831780 0.9821326218118120
1735977641.902153 0.0129171291821916 0.0278036520699392 0.0809362224406109 -0.0003230735273391 0.1840561746900676 -0.0392633256560254 0.9821311579623081
1735977642.002198 0.0098112722079167 0.0299569139904668 0.0819689150926937 -0.0004706012168097 0.1836706590318593 -0.0392650634535870 0.9822031980895211
1735977642.102113 0.0085549852356797 0.0268759912455323 0.0811064568038216 -0.0004634429490559 0.1837787928184587 -0.0392084758032501 0.9821852350529451
1735977642.201437 0.0079042340540672 0.0297309612654697 0.0811817390159997 -0.0004365479844098 0.1835700474349359 -0.0392629188119190 0.9822221084443994
1735977642.302177 0.0073711272524147 0.0288739386361219 0.0812984580814776 -0.0002793318673922 0.1829698384018347 -0.0391620154909708 0.9823381784047689
1735977642.402166 0.0084516581223819 0.0278997521205836 0.0807955158198712 0.0002209200717575 0.1848228707077573 -0.0390223304145949 0.9819968000898374
1735977642.502282 0.0108735904783611 0.0251140688825586 0.0830259576905726 0.0009985803855861 0.1857448208675332 -0.0389740833424445 0.9818242639014977
1735977642.602276 0.0111446718545949 0.0269068503613792 0.0809625886512775 0.0005056245153327 0.1852402339454699 -0.0389698370607678 0.9819201351796054
1735977642.701381 0.0144856924460487 0.0269787199168352 0.0815680475412139 0.0005068247336995 0.1853518963586781 -0.0390468269351651 0.9818960041426111
1735977642.802345 0.0151405401347597 0.0273027021961919 0.0816243921476717 0.0006302226957331 0.1858117595005671 -0.0390840511955077 0.9818075319495183
1735977642.902379 0.0138104233802971 0.0256188733713855 0.0788142847397817 0.0005107729402880 0.1854630242355343 -0.0389561729877442 0.9818786189435851
1735977643.002401 0.0139730213795606 0.0241006297994585 0.0791349939784584 0.0006495123123163 0.1854493644396569 -0.0388710022242359 0.9818844924678091
1735977643.102284 0.0118817146335555 0.0248292011777486 0.0789752892307180 0.0007211847247946 0.1858617425433697 -0.0387195506532614 0.9818124510050504
1735977643.202295 0.0103014718469467 0.0250675411278882 0.0769261341422252 0.0007105263639145 0.1854941669899529 -0.0388128424559146 0.9818782879896479
1735977643.302252 0.0104275856262268 0.0216422121346148 0.0780514588893289 0.0005898756347027 0.1857054660446386 -0.0387655566728540 0.9818402943166078
1735977643.402157 0.0081137175869437 0.0210615320215927 0.0792502723130988 0.0002125000011604 0.1855771505944975 -0.0388862102455624 0.9818599384197905
1735977643.502251 0.0092486863798279 0.0196565659081063 0.0809579804434002 0.0001511787748894 0.1854282028822404 -0.0389675412463397 0.9818848656792992
1735977643.602299 0.0083933224073303 0.0245061540974213 0.0802060309521924 0.0002611361436785 0.1852000900299298 -0.0389293662834721 0.9819294083087581
1735977643.702063 0.0085649503125952 0.0217547862075891 0.0784674652293761 0.0003805240198729 0.1860513048454980 -0.0389450589019911 0.9817678185568512
1735977643.802149 0.0115263505571505 0.0238456956751177 0.0836403539617918 0.0008675520569207 0.1866533843530498 -0.0388409920275962 0.9816573428652656
1735977643.901283 0.0081098042606607 0.0234497739768025 0.0821322323081338 0.0005038604485798 0.1860165952520513 -0.0389329064044713 0.9817748220515657
1735977644.002179 0.0075545559370224 0.0243956589607159 0.0820681488217860 0.0005131126506145 0.1854409786771161 -0.0389281498125494 0.9818838929806584
1735977644.102235 0.0097397292346315 0.0251079567938563 0.0796850105607597 -0.0002274241530869 0.1842250646300831 -0.0390894123643684 0.9821064563891760
1735977644.202267 0.0112047889493426 0.0252340629248236 0.0796274506388211 -0.0000942308187690 0.1841111393404526 -0.0390088270599820 0.9821310456872431
1735977644.302243 0.0103141187322884 0.0240635626346508 0.0793956763219285 0.0002985074421260 0.1853409572267322 -0.0388665960917840 0.9819053050960790
1735977644.402164 0.0085600980709171 0.0236915411138145 0.0794869811914070 0.0005566800096158 0.1858007759079442 -0.0388783591397830 0.9818178216807693
1735977644.502204 0.0110517513830084 0.0235007589341006 0.0781369397451436 -0.0001201416416969 0.1843280579056355 -0.0390847081373826 0.9820873373710396
1735977644.602274 0.0077782016954863 0.0246339569644955 0.0778557473713663 -0.0004569587721097 0.1838200544656098 -0.0391357477663989 0.9821804172410005
1735977644.702119 0.0103856491744817 0.0223276778997210 0.0772397389401402 -0.0000557468047828 0.1845643427005508 -0.0391053155950708 0.9820421450161991
1735977644.802183 0.0084018722762432 0.0245396613910804 0.0767824813760755 0.0001507935544860 0.1848771013771802 -0.0391025698293638 0.9819834131391504
1735977644.902205 0.0108134197197728 0.0240106013356200 0.0780384242520391 -0.0000393006534293 0.1845524020640651 -0.0390755378556987 0.9820455751588772
