1735977254.002489 0.0030968149276215 -0.0209693096916154 0.0464832904209802 -0.0256519469279068 0.1518068303289968 0.0039411611886927 0.9880693959093946
1735977254.102409 0.0037456831888691 -0.0206587766084647 0.0453065407026235 -0.0258818532241469 0.1518891229894470 0.0037418427733972 0.9880515283141055
1735977254.202519 0.0065203838811882 -0.0144557866445653 0.0445687157308299 -0.0258212781060727 0.1510091590550601 0.0036812489393639 0.9881882127837283
1735977254.302592 0.0061764682138325 -0.0138854653596871 0.0486879954935741 -0.0262521557857595 0.1512128507592280 0.0038992273694761 0.9881448750602255
1735977254.402505 -0.0030286372491241 -0.0131494963901043 0.0498550503756836 -0.0262448457584860 0.1510296586268416 0.0033083936903265 0.9881752399333646
1735977254.502423 -0.0087990532948704 -0.0092192441361576 0.0479881100504342 -0.0255389832855879 0.1508967651506576 0.0032918121102880 0.9882140914664375
1735977254.601493 -0.0049612486738974 -0.0130712953311501 0.0534011057765905 -0.0258983732457773 0.1518768447609048 0.0034721303224837 0.9880539674530527
1735977254.702543 0.0023451453220297 -0.0131873006081636 0.0511736136316151 -0.0255795888335916 0.1517118712101340 0.0035372058750206 0.9880873852770421
1735977254.802649 0.0055539781842986 -0.0135056313324601 0.0462049454101323 -0.0253974256672841 0.1491164977575873 0.0036429117129534 0.9884867070731088
1735977254.902513 0.0111678097290325 -0.0141643268396236 0.0429794083209907 -0.0261439749952412 0.1495923032936217 0.0033069950209862 0.9883965293093094
1735977255.002643 0.0176800000251409 -0.0156625095760201 0.0391096222654913 -0.0257976006376716 0.1518728850501941 0.0032098700985517 0.9880580991631112
1735977255.102599 0.0193234231018036 -0.0179292025465881 0.0382214259273373 -0.0253015457904022 0.1521319738111954 0.0036865833403165 0.9880294041313755
1735977255.202394 0.0194968407185773 -0.0175650945790462 0.0384805997876605 -0.0265156065222919 0.1506108424238033 0.0035537223375061 0.9882310801693576
1735977255.302484 0.0161352457187385 -0.0160197025425463 0.0392363874855427 -0.0264174251869197 0.1475517967201128 0.0033757928856090 0.9886957018989986
1735977255.401372 0.0136616736456272 -0.0147598147853585 0.0407743111816870 -0.0268752096090658 0.1465717623520829 0.0033611747218856 0.9888291784195904
1735977255.502364 0.0149259725161814 -0.0152598954314304 0.0395883439922841 -0.0266226646520611 0.1472664559088881 0.0032619691479142 0.9887331208410779
1735977255.602721 0.0185480209409429 -0.0170872728181303 0.0376187293990329 -0.0263040732243994 0.1483193004164229 0.0034584583226248 0.9885835927840494
1735977255.702696 0.0131300365526597 -0.0173171233508301 0.0398110820576869 -0.0262263185029725 0.1494042375701024 0.0035116632565838 0.9884220870837770
1735977255.802502 0.0132978641132115 -0.0162010857458733 0.0390701522054418 -0.0264782997664045 0.1488112165284268 0.0031096062327398 0.9885061718704076
1735977255.902533 0.0113264650345302 -0.0170595525248227 0.0422564053730018 -0.0263991961561110 0.1481186603428001 0.0034953984657350 0.9886110089869177
1735977256.002410 0.0125941074248038 -0.0157557623640672 0.0419599617117974 -0.0266985802579149 0.1478546559839640 0.0034035960281243 0.9886428081213925
1735977256.102568 0.0131894133527424 -0.0161810893451545 0.0399981163389033 -0.0265344790869508 0.1483723465334752 0.0033213442092490 0.9885699453636946
1735977256.202402 0.0143915590257363 -0.0165295671622921 0.0428177269325002 -0.0264230583582551 0.1490493458979986 0.0034289735032267 0.9884707161140837
1735977256.302413 0.0098802062234356 -0.0131779871942155 0.0429729631153985 -0.0261005526018662 0.1487257610747931 0.0033459601725605 0.9885283069781686
1735977256.401677 0.0108523421464649 -0.0151510311725680 0.0436995183078071 -0.0264191697930823 0.1484018007614182 0.0033354383319998 0.9885685650724214
1735977256.501889 0.0087180152571582 -0.0153469114980205 0.0428697144394471 -0.0266580865999475 0.1480119246434665 0.0033711487030027 0.9886204792227343
1735977256.601298 0.0060533743177389 -0.0134009348062461 0.0409608325393797 -0.0266455279553311 0.1477546711419110 0.0033658543003281 0.9886593164586861
1735977256.702569 0.0054857564588517 -0.0138026101210090 0.0412591849866867 -0.0266339385809230 0.1475611068411568 0.0031946444812477 0.9886891054877256
1735977256.802634 0.0029646428564908 -0.0114013217174336 0.0445191581542308 -0.0264103374701277 0.1478737160605257 0.0033632878344601 0.9886478374366211
1735977256.902627 0.0077666459655785 -0.0128188952969367 0.0416008985716647 -0.0265806937708687 0.1480505930433668 0.0031799240863306 0.9886174066346252
1735977257.002626 0.0056678845671774 -0.0109280476845567 0.0440373113402893 -0.0264561037703908 0.1478486541765951 0.0030287987988649 0.9886514433354638
1735977257.102626 0.0042102569491174 -0.0118859098056535 0.0443890179629277 -0.0265655781086222 0.1469333665793956 0.0030434785561916 0.9887849073907216
1735977257.202667 0.0037773998002824 -0.0131027557309184 0.0460942773084571 -0.0266461290635856 0.1467865260734117 0.0031349085175963 0.9888042637032937
1735977257.302941 0.0052163603682650 -0.0128260285735567 0.0443974859301714 -0.0265804661141234 0.1469734885865165 0.0033262732392171 0.9887776334344357
1735977257.402390 0.0051456793118559 -0.0120628308512607 0.0490656965665107 -0.0265073085639185 0.1475291543554301 0.0032300238533866 0.9886971620035001
1735977257.502302 0.0056436166573454 -0.0133902283542038 0.0486227693125511 -0.0266510206428841 0.1479040418023193 0.0032543079436497 0.9886372069657496
1735977257.602364 0.0034067795682161 -0.0150228323042757 0.0501698596159849 -0.0264981574129847 0.1486124101197257 0.0031968966875104 0.9885352695092333
1735977257.702363 0.0112231717168162 -0.0111003387044318 0.0446208465145425 -0.0257000091376546 0.1483723629572479 0.0034034674620511 0.9885917093775579
1735977257.802448 0.0073435529697988 -0.0146763736506740 0.0477921865023696 -0.0259941844910853 0.1485890687332804 0.0034692425938165 0.9885512406453423
1735977257.902651 0.0104342649495098 -0.0157116422454426 0.0476304152003892 -0.0261188072802525 0.1483432122843308 0.0035171487877566 0.9885847100475648
1735977258.002455 0.0065713867883471 -0.0143248732512475 0.0419807855014912 -0.0265753986773922 0.1468273131346976 0.0034397124955624 0.9887990982402498
1735977258.102418 0.0067205508378156 -0.0140746678630032 0.0447066400779114 -0.0266286639289011 0.1465003509443576 0.0032804724926024 0.9888467019365373
1735977258.202436 0.0084211820405827 -0.0151186579664267 0.0419218618371700 -0.0265956753590139 0.1462288095647923 0.0034163018777512 0.9888873212792962
1735977258.302371 0.0072096443098817 -0.0154463381615557 0.0426353615700684 -0.0268151211978164 0.1462575593052594 0.0033715865726581 0.9888772967487919
1735977258.402509 0.0072720627836496 -0.0150969950071621 0.0423731266357912 -0.0269894545551890 0.1460538165527693 0.0030824565204964 0.9889036103053638
1735977258.502504 0.0114171392027191 -0.0110743832861509 0.0435395310593083 -0.0266632272037380 0.1459736694288380 0.0032071209403278 0.9889238972356954
1735977258.602549 0.0088623538944901 -0.0110783306893213 0.0455906896637344 -0.0268232252064440 0.1462619918742013 0.0031031801764764 0.9888773000707963
1735977258.702428 0.0099872043611254 -0.0116985261349328 0.0451956609235130 -0.0266591800475424 0.1467704673140353 0.0029700305215437 0.9888068046703125
1735977258.802409 0.0057956590809533 -0.0148556179129072 0.0440734130246990 -0.0267995059690068 0.1469651661710843 0.0032097451494253 0.9887733430610872
1735977258.902467 0.0089410877339961 -0.0140396754355385 0.0450354157155209 -0.0266527627691646 0.1467924741367351 0.0033004100722661 0.9888026633595510
1735977259.002464 0.0089563472798602 -0.0141701908485324 0.0425726923901042 -0.0265245459738808 0.1468334252381475 0.0033043641904196 0.9888000176329944
1735977259.102382 0.0012054843038377 -0.0175025816585454 0.0426425136635470 -0.0267538784961698 0.1468512068493003 0.0033072736253157 0.9887911887620580
1735977259.201397 0.0039975881859296 -0.0144368351028907 0.0441862520688816 -0.0267631583865945 0.1462075601448091 0.0032661995082074 0.9888864518489717
1735977259.302448 0.0041761279586631 -0.0153427274158101 0.0423311340103504 -0.0267693000757684 0.1459705046687530 0.0033698678908009 0.9889209575747708
1735977259.402537 0.0057618764949268 -0.0131089304446430 0.0455183055076852 -0.0269895449438014 0.1463367667180167 0.0033276671624106 0.9888609820401952
1735977259.502507 0.0070739340923276 -0.0156664165782773 0.0462616537589177 -0.0270520411933820 0.1467403413063933 0.0031387639565145 0.9888000846790924
1735977259.602396 0.0093594336783846 -0.0133566375744695 0.0438326783610343 -0.0271247926636388 0.1465790262381484 0.0031105370982931 0.9888221069782931
1735977259.702368 0.0115605104903648 -0.0132959527096944 0.0444642825643849 -0.0268495604883504 0.1468877065226175 0.0031907318508418 0.9887835567020539
1735977259.802448 0.0084106583942693 -0.0159736661747698 0.0455801606779423 -0.0268574260509203 0.1471215409685404 0.0033026520946273 0.9887482102831354
1735977259.901308 0.0108430598449509 -0.0138374929276943 0.0428695203312083 -0.0268361614821716 0.1468779901709149 0.0034084370280358 0.9887846373186031
1735977260.002462 0.0127080797369682 -0.0122598094245395 0.0453588124399486 -0.0268526178631140 0.1468760324684556 0.0032405414054022 0.9887850458474899
1735977260.101419 0.0093486900416792 -0.0133420996839126 0.0453855470556928 -0.0268629488821238 0.1468324995939091 0.0034240987470641 0.9887906121055821
1735977260.202379 0.0063954679319694 -0.0145311007623781 0.0476060165722186 -0.0269008470982491 0.1470458752565094 0.0033663872528595 0.9887580707292900
1735977260.302609 0.0082151800070185 -0.0132601068591363 0.0505474214239389 -0.0269969562443574 0.1472006285889011 0.0032545200303220 0.9887327987863783
1735977260.402377 0.0068661307265471 -0.0152933391447096 0.0449110658882387 -0.0270623177978987 0.1470127200800958 0.0032689906131060 0.9887589214719775
1735977260.502358 0.0035934718863708 -0.0191955726113031 0.0493817842438793 -0.0270912978425011 0.1472507568037809 0.0034075224063354 0.9887222385447660
1735977260.602419 0.0048321456657190 -0.0135861665117856 0.0487410324438736 -0.0269108585689278 0.1471783375601925 0.0032031065160142 0.9887386321737147
1735977260.702437 0.0056118139207212 -0.0130355015722569 0.0463582918648527 -0.0269840494572382 0.1471148210458692 0.0032694428023308 0.9887458729356567
1735977260.802307 0.0074475106561271 -0.0147424169819682 0.0467096159575682 -0.0268352622591910 0.1469956987491193 0.0032591181536851 0.9887676731151758
1735977260.901848 0.0079578630979312 -0.0137905838198907 0.0465634203182343 -0.0267372704499718 0.1470641668007301 0.0033686884286551 0.9887597792944265
1735977261.001747 0.0055836316245660 -0.0138046191185962 0.0462140085108657 -0.0264033373381287 0.1478588272601794 0.0034348342944894 0.9886500052556633
1735977261.102363 0.0096942042608033 -0.0126798155779796 0.0426020716490449 -0.0262606385568783 0.1485612816512106 0.0034242180797765 0.9885485315285623
1735977261.202337 0.0086638685151241 -0.0176341014253777 0.0464408909016921 -0.0261763450891371 0.1489555416040560 0.0034664947603462 0.9884912892875150
1735977261.302627 0.0093073898747172 -0.0161797591929746 0.0476066974581404 -0.0260472212232265 0.1506650983438307 0.0031242969517405 0.9882367171766842
1735977261.402409 0.0098483157614870 -0.0171870924565173 0.0481106426071483 -0.0254343432074127 0.1535881528097901 0.0030530120476980 0.9878028409655040
1735977261.502539 0.0158164669045118 -0.0133362350077612 0.0470084101940223 -0.0238996867315297 0.1556914396328631 0.0030283990248615 0.9875119287373331
1735977261.602210 0.0137845275810346 -0.0157689075597136 0.0489522075442645 -0.0242725122547039 0.1561679827541703 0.0032571579770892 0.9874268566497727
1735977261.702141 0.0154649479710496 -0.0116270214552616 0.0486239168455793 -0.0238459235201749 0.1556720747331026 0.0032067430028056 0.9875157182946889
1735977261.802602 0.0172203344331424 -0.0147461253192804 0.0472941451092930 -0.0237299325317502 0.1559966327153418 0.0032045898898886 0.9874673014774470
1735977261.902345 0.0211527970373416 -0.0204861492358300 0.0493333077364213 -0.0218070750785412 0.1591263521578864 0.0027848140784077 0.9870134245976555
1735977262.002512 0.0204612062469245 -0.0166913283053465 0.0493926303192257 -0.0209118529675706 0.1603868670558195 0.0016521754532789 0.9868313014886351
1735977262.102416 0.0230539715503199 -0.0164052293364727 0.0487445292894685 -0.0213245620655752 0.1607954605893311 0.0011030043643006 0.9867567411920473
1735977262.202618 0.0214047401342707 -0.0191387471889935 0.0505033979657490 -0.0214139276085803 0.1628975916397170 0.0000410626340769 0.9864105720521322
1735977262.302417 0.0265022417099275 -0.0197918991624509 0.0485556840223534 -0.0174146579052330 0.1657237926623826 -0.0033962140182841 0.9860125861093160
1735977262.402486 0.0283319598880923 -0.0211638376305818 0.0518888214661850 -0.0123596448738986 0.1654905739629732 -0.0094901484271159 0.9860882547677100
1735977262.502436 0.0293429548877200 -0.0196014403020271 0.0528563780963774 -0.0126097490247914 0.1669062489401371 -0.0163271444228772 0.9857569287858235
1735977262.602376 0.0317062094744780 -0.0197849311026073 0.0506378211058503 -0.0141097630178992 0.1704884140678333 -0.0171720591678063 0.9851089968324069
1735977262.702472 0.0292157678172758 -0.0207080523358683 0.0521212036441907 -0.0141364290723386 0.1670509582090464 -0.0170408647727652 0.9856996234463715
1735977262.802460 0.0248791008921016 -0.0191371195888119 0.0604537542990065 -0.0164585240621904 0.1615661863048497 -0.0150515095689440 0.9866098197809999
1735977262.902408 0.0274938936318395 -0.0219546892737676 0.0667774508774953 -0.0185124549383632 0.1623296427686562 -0.0130463970447120 0.9864766432181288
1735977263.002393 0.0295389379726010 -0.0220695761920071 0.0769715751981781 -0.0169222534901705 0.1634611374366590 -0.0114327372854737 0.9863383731777292
1735977263.102469 0.0247401869830171 -0.0239186999170424 0.0978392716322087 -0.0193079824522162 0.1709589131698760 -0.0084970219891634 0.9850523094936204
1735977263.202367 0.0234764874021592 -0.0299950208189506 0.1288879323507244 -0.0163557515788219 0.1870088883177677 -0.0079526365688435 0.9821898597786726
1735977263.302582 0.0169754882430895 -0.0307929539173683 0.1752106626175454 -0.0127604612129814 0.1893310941316255 -0.0106783227371947 0.9817723161956003
1735977263.402389 0.0029226795001945 -0.0270184901413295 0.2405994048258661 -0.0148033601682304 0.1733949293583422 -0.0160032546382534 0.9846110678036930
1735977263.502619 -0.0148067312248703 -0.0185219877587713 0.3160439472602615 -0.0199606435827780 0.1623564944772143 -0.0201088901959027 0.9863252880991751
1735977263.602376 -0.0229021737750454 -0.0059557337768027 0.3924361392275562 -0.0244855645268863 0.1723247245798443 -0.0221241365285081 0.9844872619852166
1735977263.702362 -0.0429081969108260 0.0143913834568140 0.4778585428752355 -0.0236081470640607 0.1908741598372130 -0.0261720668958606 0.9809815153268885
1735977263.802421 -0.0688957605189074 0.0395800630498961 0.5625194048211080 -0.0206435246289196 0.2124204304628164 -0.0279489461039315 0.9765604241543718
1735977263.902498 -0.0951725407446253 0.0678996449868791 0.6348725125696119 -0.0113389085733540 0.2266029062322450 -0.0219634168168947 0.9736735389036681
1735977264.002415 -0.1097211871423615 0.0974655715864785 0.6949561930054630 -0.0063970136266136 0.2359414695858452 -0.0104502322683552 0.9716900193950074
1735977264.102470 -0.1209459816662815 0.1258530652278966 0.7374058922056147 -0.0005204874692310 0.2451669614895725 -0.0010859501192041 0.9694801239835211
1735977264.202530 -0.1139576432137004 0.1527134452428717 0.7602135976674976 0.0093028641203720 0.2476041987314900 0.0009380663819302 0.9688161525909639
1735977264.302498 -0.0834883811835765 0.1845120995956132 0.7683791380920886 0.0166854108487610 0.2407101033169212 -0.0055451461352292 0.9704377850126735
1735977264.402547 -0.0310547505994206 0.2176252590761655 0.7698548193924177 0.0147332757679895 0.2265240848681983 -0.0157445336931141 0.9737668505440901
1735977264.502594 0.0464351084602588 0.2445037686972541 0.7620360871140344 0.0172053999910918 0.2249075561453329 -0.0268539840899040 0.9738580127197085
1735977264.602487 0.1287320568175901 0.2600281587922211 0.7640323651541777 0.0170584377544770 0.2325142654919327 -0.0444413923867490 0.9714273460670390
1735977264.702605 0.2102126304667777 0.2737945088398335 0.7742365569876207 0.0268955722184916 0.2321348142617229 -0.0676910709045042 0.9699525633362267
1735977264.802409 0.2886377009938016 0.2802580580275079 0.7932212078304973 0.0384055146167561 0.2371773746336142 -0.0857878431126885 0.9669086592760462
1735977264.902369 0.3716319965569354 0.2830101172431014 0.8109882073343917 0.0476177550499578 0.2338794229367306 -0.0989790681196424 0.9660414633984151
1735977265.002607 0.4655971954141370 0.2731592688287849 0.8233365473735914 0.0577258282676286 0.2168328298204323 -0.1175020264720145 0.9673905759505049
1735977265.102401 0.5686886558877650 0.2539768767323382 0.8373938754298057 0.0676123863855437 0.2008275238065466 -0.1462035709662388 0.9662925989190351
1735977265.202427 0.6695569032211826 0.2194933741350692 0.8455955667093351 0.0783303984473206 0.1827901663157109 -0.1898040464014084 0.9614710228327272
1735977265.302616 0.7668757896535087 0.1660002418738847 0.8556122293440255 0.0904908193957616 0.1884415090991945 -0.2450929688183120 0.9466945895532138
1735977265.402570 0.8492825671134139 0.1015193732714076 0.8592443507944979 0.1056631218030668 0.2064339009244587 -0.2971675362552384 0.9262352857864640
1735977265.502481 0.9361241923393133 0.0280790067026821 0.8657995003693237 0.1130163819967823 0.1985081230479733 -0.3400611354660775 0.9122391389486915
1735977265.602317 1.0222484855022678 -0.0507235754865583 0.8658820228192781 0.1100751239295111 0.1834805342676422 -0.3770990949806908 0.9011185455873757
1735977265.702397 1.1145226870626661 -0.1382411537542619 0.8660599744509113 0.1135727279945346 0.1824107137224133 -0.4031538726778219 0.8895473691265877
1735977265.802315 1.1989944458691155 -0.2288921083557689 0.8751494503489844 0.1219758345089720 0.1955363161279818 -0.4205129348001995 0.8775285274774041
1735977265.902494 1.2836879617522985 -0.3115277338433636 0.8979576480674932 0.1247418722221893 0.1978743016596037 -0.4284732206301198 0.8727519265289995
1735977266.002364 1.3636999929844067 -0.4017311802120325 0.9114873043771127 0.1336228940559906 0.2030664988362291 -0.4266846016018536 0.8711194923719506
1735977266.102585 1.4558240267823199 -0.4986090255271736 0.9140994469277555 0.1383753844656327 0.1887456720363938 -0.4264335757020458 0.8737171909579702
1735977266.202542 1.5486156746817938 -0.6074806056871246 0.9198027061536074 0.1349917768866135 0.1683566597692667 -0.4383975925914748 0.8724911495793695
1735977266.302473 1.6204536211425560 -0.7283023619163894 0.9489841470207108 0.1293851124802113 0.1350274529963678 -0.4716506424119415 0.8617266104271120
1735977266.402559 1.6917490706524747 -0.8512205429909465 0.9652147784209398 0.1404560211576840 0.1356986063416314 -0.4997518040535201 0.8438638093334393
1735977266.502535 1.7635986247416400 -0.9815341551425386 0.9677576857275496 0.1568052933041292 0.1654001958191900 -0.5187228496521764 0.8240033255172612
1735977266.602370 1.8382478872557839 -1.1076179743565466 0.9670186220975215 0.1506872413306579 0.1544446049519607 -0.5312170130890653 0.8192976896745899
1735977266.702660 1.9178487521688017 -1.2309445527704270 0.9570679349874900 0.1400935053704718 0.1520031174792333 -0.5366458360108588 0.8180954154142501
1735977266.802472 1.9952032954035281 -1.3510160438340637 0.9541145569006320 0.1475097764674659 0.1697801782920921 -0.5280499371395948 0.8188887719296765
1735977266.902456 2.0729321424628155 -1.4738354040403479 0.9762419066653765 0.1477243936163000 0.1784724530609019 -0.5182953598889748 0.8232223314188450
1735977267.002403 2.1513965710656207 -1.5878134716658765 0.9925828742375981 0.1423673427983131 0.1808800757100854 -0.5084560005536842 0.8297508261017962
1735977267.102429 2.2263878292865411 -1.7121802274682163 1.0012834606102063 0.1405790676574923 0.1790614679086173 -0.4994280565087875 0.8359103617127958
1735977267.202348 2.2992107304458282 -1.8449430381446505 1.0097360137939728 0.1310523968402629 0.1612013636220651 -0.4988369200601886 0.8414280223724868
1735977267.302400 2.3648320224188297 -1.9783174266775976 1.0161212497323275 0.1170025542905067 0.1454045554845043 -0.5162457264914975 0.8358578033452323
1735977267.402340 2.4209210766820672 -2.1268002257188781 1.0264365645573035 0.1256666139231836 0.1537228424740454 -0.5324281361694164 0.8228593255605375
1735977267.502490 2.4762455521697500 -2.2714282349532637 1.0341825790005215 0.1432151167402251 0.1753642852074714 -0.5443549099356844 0.8077218146364931
1735977267.602384 2.5377217742043232 -2.4084183043519158 1.0485505545123683 0.1363067168341710 0.1635748536162919 -0.5513985770475295 0.8066122708217731
1735977267.702307 2.5984169239827661 -2.5484633523720488 1.0595835142706889 0.1182539469287536 0.1505897741135925 -0.5525186112570249 0.8112101504436428
1735977267.802586 2.6583921481465413 -2.6950271787205691 1.0689626105533794 0.1209109593704455 0.1556937647599774 -0.5457779094541131 0.8144117294531567
1735977267.902669 2.7243915154329073 -2.8269912691430936 1.0935693592946973 0.1317917309915661 0.1735721610383347 -0.5388383681699321 0.8137302117672012
1735977268.002322 2.7833702054247098 -2.9426681947258913 1.1250208367937002 0.1324646170371906 0.1732234227924724 -0.5285751872142688 0.8203993189238102
1735977268.102385 2.8490382058828190 -3.0585902282837401 1.1405525551345241 0.1232482927773698 0.1640793376156990 -0.5180078419429893 0.8303949090526894
1735977268.202400 2.9211755218763518 -3.1837605572981884 1.1397194759198690 0.1150325852450266 0.1526718071378020 -0.5112065657206307 0.8379299915871503
1735977268.302596 2.9831970184803711 -3.3161473093571252 1.1385593054760246 0.1072784131005453 0.1387022760436159 -0.5229112474478366 0.8341563690313087
1735977268.402313 3.0362493099623484 -3.4625339668071389 1.1497121133504642 0.1128341393209306 0.1462919463840269 -0.5366462279147386 0.8233334376130734
1735977268.502574 3.0910976960400887 -3.5913110272241529 1.1558892910416179 0.1300670968851425 0.1664565092863256 -0.5472681580040614 0.8098594594489368
1735977268.602533 3.1356408608443189 -3.7105259205982906 1.1658519596518677 0.1342470536666630 0.1655512610097799 -0.5528714417260098 0.8055455775334475
1735977268.702585 3.1892671333535696 -3.8487578784504071 1.1656582882599067 0.1290160149247553 0.1565444545448825 -0.5558018666146436 0.8061842138815785
1735977268.802529 3.2424687753101105 -3.9811470054986935 1.1660373048191099 0.1154182040745702 0.1505846138024919 -0.5520938299671244 0.8119084401374252
1735977268.902398 3.3123895053485004 -4.1077949835311918 1.1834012008179045 0.1010477570166759 0.1560839617800578 -0.5353884798390911 0.8238848968955116
1735977269.002507 3.3839173115649377 -4.2247471927562570 1.1880857760042205 0.1037792396249191 0.1645169267993950 -0.5118014021951175 0.8367935079399622
1735977269.102542 3.4595955769492019 -4.3386741727922908 1.2080465371593279 0.1054673770072746 0.1739037239990315 -0.4864051275914543 0.8497318277075511
1735977269.202348 3.5444290444466353 -4.4505428155969513 1.2081020003264131 0.0929904295039672 0.1688110750578857 -0.4650296569729555 0.8640619301265876
1735977269.302495 3.6273645103906649 -4.5788404935563509 1.2048696729157469 0.0842749052825516 0.1583937819314024 -0.4516722239048272 0.8739572943444961
1735977269.402415 3.7110149938456103 -4.7091503326394077 1.2067922872661208 0.0766391073186188 0.1503410210647092 -0.4616787686221573 0.8708482871419995
1735977269.502375 3.7894822285684171 -4.8516624513646063 1.2159961020666596 0.0880618211481861 0.1523946149424816 -0.4688184960062531 0.8655808539905632
1735977269.602518 3.8648415757336756 -4.9799493902864711 1.2157592030305180 0.1080132217711760 0.1826574735548413 -0.4745109340311987 0.8542884552433170
1735977269.702487 3.9421808644908682 -5.1171896831797152 1.2188532733545561 0.1108826444466139 0.1720517017300686 -0.4784958628616950 0.8538998537981813
1735977269.802382 4.0323582402505638 -5.2426638090970989 1.2173319762940538 0.0921433977861581 0.1631223704320150 -0.4755508743876071 0.8595068658121613
1735977269.902511 4.1301546172979995 -5.3706378345890915 1.2259615597190594 0.0897281179696229 0.1766552607184518 -0.4616070323735453 0.8646737716442047
1735977270.002476 4.2320248602133077 -5.4647481628186378 1.2515358086095254 0.0874513284243279 0.1947836245764816 -0.4343501501806049 0.8750723123215329
1735977270.102391 4.3401191388021800 -5.5512478902650528 1.2855623159329725 0.0820540091206722 0.2029315631652751 -0.4036962859087945 0.8883215797232259
1735977270.202556 4.4533296152358366 -5.6282614276736087 1.3001335064890469 0.0822556582871577 0.1980703753303998 -0.3798820436964332 0.8998287425800767
1735977270.302485 4.5783804385644551 -5.7142720104100775 1.2955420623201941 0.0742682207669969 0.1774667411072328 -0.3654592961550907 0.9107300862707397
1735977270.402373 4.6959253168475481 -5.8107007768546026 1.2954585506467891 0.0645707710975752 0.1527199957165136 -0.3715193961640255 0.9134990731807727
1735977270.502429 4.8158232332765252 -5.9161937979152706 1.2964459440848222 0.0724722136066622 0.1623650187666939 -0.3804411504595574 0.9075516018237476
1735977270.602474 4.9227300720279361 -6.0078665896128269 1.3054830095962875 0.0875067510561002 0.1848148636312615 -0.3802408856197692 0.9019993922412906
1735977270.702318 5.0382484870446600 -6.0994391991736929 1.3119681790105315 0.0814562194478703 0.1704567358879738 -0.3779246587473945 0.9063566283833000
1735977270.802463 5.1656228489551568 -6.2003663766167838 1.3039808166437277 0.0752327803182871 0.1628148523998436 -0.3720908174867869 0.9107029022384920
1735977270.902361 5.2843515021273531 -6.2929880178620241 1.3087296944797491 0.0739176038336428 0.1607065065992897 -0.3570998670158582 0.9171637212392353
1735977271.002369 5.4083160392650100 -6.3815944814874541 1.3234811014343248 0.0651854190466474 0.1624267490279360 -0.3395140461303024 0.9241745640430491
1735977271.102563 5.5383569555774983 -6.4580270190170888 1.3400010556746946 0.0581641140514766 0.1796646523114613 -0.3208937311260235 0.9280973881389969
1735977271.202520 5.6620935773150682 -6.5319798577305077 1.3409110097265695 0.0622333374323138 0.1962182489322781 -0.3040363418761673 0.9301544566987489
1735977271.302568 5.7945607681270728 -6.6073957313528151 1.3356776359729787 0.0565957384031923 0.1850243165715604 -0.2934029050260109 0.9362038560025921
1735977271.402480 5.9292649444336538 -6.6853858960236705 1.3372731188703075 0.0529829281158108 0.1784774128020738 -0.2916747212241010 0.9382241093931640
1735977271.502380 6.0586030717117714 -6.7635697448031129 1.3465289144537964 0.0558977544568843 0.1889531196456790 -0.3000021229431497 0.9333653549668783
1735977271.602575 6.1766604710632711 -6.8364284819914527 1.3629411914604610 0.0662847915620026 0.2056690740605948 -0.3124045408240969 0.9250459238627696
1735977271.702487 6.2977921281835334 -6.9172272814681417 1.3686650478841964 0.0738998016927309 0.2120491549584403 -0.3175193411846689 0.9212792427732431
1735977271.802471 6.4198391948888123 -6.9904381963914037 1.3720172115332534 0.0697738467807986 0.2071441633521984 -0.3163237995878618 0.9231262967269569
1735977271.902526 6.5564074920641202 -7.0541479369115443 1.3842067038168999 0.0599927783911622 0.2000009153064868 -0.3054020647121778 0.9290479424050274
1735977272.002401 6.6949712911834167 -7.1129921115336243 1.4028921768642004 0.0537609233514135 0.2042719233202978 -0.2855319892059328 0.9348017049639634
1735977272.102587 6.8324543807908773 -7.1512296919728913 1.4247861707477636 0.0477741879919875 0.2174523857073346 -0.2577817642017244 0.9402024510481460
1735977272.202410 6.9674094662244039 -7.1931194155204645 1.4434616426515345 0.0428800127736837 0.2209154839010448 -0.2321740474885947 0.9462837128208748
1735977272.302471 7.1110744875187066 -7.2256339101842606 1.4550368834082656 0.0383766864469015 0.1976105173140844 -0.2164145312335629 0.9553230155581793
1735977272.402483 7.2592569720299629 -7.2756980466361609 1.4701569171985112 0.0354171499062597 0.1761440454445438 -0.2151356906332751 0.9599143375128282
1735977272.502565 7.4004700426727412 -7.3197327788555988 1.4899930335665694 0.0416635096970988 0.1858996479775127 -0.2252735636345703 0.9554879875586809
1735977272.602381 7.5300407771524007 -7.3799430786808218 1.5026665871471931 0.0538098296280712 0.2045869059609548 -0.2349705536448966 0.9487030826684039
1735977272.702374 7.6630457169904114 -7.4327774723257383 1.5166134980306645 0.0606823074440607 0.2140637903812279 -0.2416766897109406 0.9445034297773872
1735977272.802422 7.7981127167090438 -7.4873067078036453 1.5267967931544224 0.0569668215022698 0.1925059325443308 -0.2452514069172478 0.9484450403625276
1735977272.902533 7.9359235839238345 -7.5348938514570980 1.5384393911441712 0.0528014990017818 0.1755454335566988 -0.2363448772928854 0.9542205727388016
1735977273.002480 8.0817101464608871 -7.5785252818104043 1.5485802057690998 0.0526316858378609 0.1780636473498982 -0.2200288350086788 0.9576588927708235
1735977273.102470 8.2193020877126397 -7.6109207477946530 1.5620023965799790 0.0567512801330005 0.2018115961931764 -0.2039154966732808 0.9562791653391375
1735977273.202478 8.3521270850320875 -7.6447841958199030 1.5648794238559205 0.0562106085341805 0.2099529981119812 -0.1867807608208145 0.9580569155635824
1735977273.302386 8.4941295369277441 -7.6774857020128309 1.5622547527054471 0.0485307568634049 0.1892971515361739 -0.1732493606127869 0.9652958163722749
1735977273.402538 8.6408411367871452 -7.7125894999080273 1.5572496370620841 0.0482541784733736 0.1943076520881596 -0.1658679118654109 0.9656106391363213
1735977273.502483 8.7762597937803442 -7.7511168367034982 1.5657644430982589 0.0484861691316398 0.2195567041105533 -0.1674758847052772 0.9598936259426007
1735977273.602477 8.9062883786389229 -7.7887945712617457 1.5858903706364651 0.0472260238606038 0.2255832919254685 -0.1732717960943033 0.9575274229768257
1735977273.702465 9.0390043293190150 -7.8363600112052971 1.6046881841279459 0.0509108181412003 0.2180611910741931 -0.1788796996056835 0.9580498205273452
1735977273.802538 9.1837615276229858 -7.8822297480942654 1.6163929710855223 0.0451887085599473 0.2014729139077803 -0.1793113126922539 0.9618805012686207
1735977273.902358 9.3287648391557312 -7.9181352342563978 1.6328138857090038 0.0326455262364734 0.1851801813460831 -0.1711879002541395 0.9671283642102296
1735977274.002529 9.4708826746960195 -7.9444420651702590 1.6538758783853749 0.0201805573828534 0.1806552614000745 -0.1521923880526274 0.9714905551012972
1735977274.102384 9.6180336195113121 -7.9624067038208057 1.6709314944512719 0.0268833651754834 0.1977865368044945 -0.1334764943646129 0.9707429093162924
1735977274.202471 9.7587583689436457 -7.9799107645648144 1.6781530003518090 0.0320480922955259 0.2065936416950989 -0.1148539251446897 0.9711336483050275
1735977274.302545 9.9050699958683026 -7.9902979922346544 1.6839219094006659 0.0263652024716189 0.1919335296274179 -0.1002047632129547 0.9759228461988311
1735977274.402418 10.0598914245951807 -8.0043173033313550 1.6938620886491020 0.0267470213620456 0.1866540232105646 -0.0957806867531631 0.9773796255870391
1735977274.502432 10.2033149134750456 -8.0174266673809740 1.7122819654717523 0.0305858820932657 0.2074976555509912 -0.1027116977263291 0.9723474347719515
1735977274.602482 10.3480222499472614 -8.0378328500893090 1.7337513104363249 0.0356992268888557 0.2168197418690550 -0.1102433891639515 0.9693096305520853
1735977274.702396 10.4887918846490784 -8.0577043521715535 1.7473812455325601 0.0369611670904832 0.2302023020648942 -0.1143742135508735 0.9656911056471174
1735977274.802434 10.6392080819838082 -8.0744991412381744 1.7497516842227083 0.0316917994382139 0.2239321299616668 -0.1146394591946309 0.9673199188555780
1735977274.902368 10.7881925466027102 -8.0820622608250030 1.7639014752585171 0.0274861571670068 0.2140308617939363 -0.1008307921441735 0.9712200845943798
1735977275.002414 10.9399181181077321 -8.0876570360505422 1.7922036012560967 0.0244434372174477 0.1923537418896584 -0.0759727650094028 0.9780749947396006
1735977275.102441 11.0878347183402397 -8.0898915466218639 1.8131523039822839 0.0253027996977887 0.2093288282895365 -0.0484269145224754 0.9763175937799217
1735977275.202496 11.2370811570762932 -8.0823203159208159 1.8304286764140785 0.0225968273676835 0.2198010459995644 -0.0293991657511725 0.9748397676662292
1735977275.302422 11.3848262396824644 -8.0864715545151054 1.8331877684877125 0.0226376008780773 0.2113544204173022 -0.0158459718791009 0.9770188090163660
1735977275.402506 11.5539724476555161 -8.0978155556683440 1.8301735956734271 0.0213703697913767 0.2082779103371238 -0.0158898868222713 0.9777070782485705
1735977275.502346 11.7209442568196405 -8.1112868302940484 1.8359701587378718 0.0170117874642455 0.2178016016879666 -0.0338506542508175 0.9752575016867184
1735977275.602348 11.8736063097994116 -8.1490575378131673 1.8523806774154319 0.0247958912202881 0.2248616386506683 -0.0611423100521330 0.9721543216811911
1735977275.702402 12.0279468453600966 -8.1978582772943813 1.8697674326613689 0.0378709976611631 0.2354138104513657 -0.0926095353640098 0.9667313997924030
1735977275.802482 12.1778129182065502 -8.2348337879448081 1.8883813089733354 0.0440629148297819 0.2382239219800037 -0.1180379530107559 0.9630030447419151
1735977275.902360 12.3420851857369112 -8.2707568120319248 1.9084377487378188 0.0365672142742715 0.2294279143032537 -0.1313532658448379 0.9637281725313283
1735977276.002350 12.5041965969849418 -8.3059763538623077 1.9404622371847715 0.0363744288402082 0.2079339977219779 -0.1288229232707800 0.9689401467365648
1735977276.102384 12.6587962867602766 -8.3298294336919714 1.9775648969273139 0.0428525649977474 0.1985569632622037 -0.1219306890230997 0.9715305950342263
1735977276.202438 12.8174685822655192 -8.3447469024436902 2.0035184156814791 0.0481809975012375 0.2137536900519308 -0.1113538581678054 0.9693236145581687
1735977276.302426 12.9688208435492296 -8.3665872098635869 2.0218884291389974 0.0452663176645037 0.1885067218311017 -0.1069505593807728 0.9751808827893047
1735977276.402489 13.1331352818911711 -8.3996740977851854 2.0363578429277251 0.0494408128480841 0.1721734342430046 -0.1213565591850315 0.9763116818458440
1735977276.502522 13.2790483447783565 -8.4426208968820617 2.0620917259496729 0.0521001918017256 0.1786172676200472 -0.1558392420587552 0.9701008052551675
1735977276.602372 13.4262245942834948 -8.4988004712055290 2.0925804947405009 0.0556642077847058 0.1856357526370054 -0.1897593092473194 0.9625135156809871
1735977276.702473 13.5670236642496906 -8.5430894139968157 2.1144510987807328 0.0598845069638625 0.1890523000592995 -0.2132633298928933 0.9566565871779584
1735977276.802387 13.7186446415183756 -8.5838187783722883 2.1284920380170762 0.0515953583519172 0.1840632921904160 -0.2258105826878105 0.9552320159054314
1735977276.902760 13.8674910546342574 -8.6201584009674690 2.1484414624007258 0.0477468811367183 0.1840743884526718 -0.2160902530880570 0.9576752358591250
1735977277.002434 14.0182351734754622 -8.6404813461693255 2.1795042278737715 0.0469879434369279 0.1861982839478012 -0.1917258258028839 0.9624778127035782
1735977277.102419 14.1706079571701480 -8.6557747124348534 2.2050334842965280 0.0440086226497410 0.2039872121095002 -0.1646326028398567 0.9640272633647041
1735977277.202347 14.3198390967592548 -8.6646378536547743 2.2224689601106831 0.0350787576784330 0.1899970810683510 -0.1378004823134106 0.9714327650534728
1735977277.302552 14.4728827218811240 -8.6823464218522357 2.2289596267381353 0.0294881917469335 0.1762493405802126 -0.1146101946036329 0.9772057714654852
1735977277.402582 14.6208956576357867 -8.7118734471726142 2.2321043701679817 0.0286702131481573 0.1745510227607357 -0.1132218848383982 0.9776966626335906
1735977277.502496 14.7672529398564478 -8.7496426153143663 2.2514200799384390 0.0301140702036847 0.1765017708156613 -0.1290148097612075 0.9753437581370903
1735977277.602586 14.9126633748682114 -8.7899767975691585 2.2634251096702371 0.0335490327564608 0.1981456035094346 -0.1493823165975856 0.9681413665880240
1735977277.702659 15.0574041545330992 -8.8310478767179514 2.2644088620847893 0.0363484157727713 0.2090819077169208 -0.1622935565856137 0.9636515708631699
1735977277.802392 15.2060013139547117 -8.8578063305603401 2.2742359497650524 0.0259286317452420 0.2014670907002080 -0.1619558652028318 0.9656650636463018
1735977277.902362 15.3621401222260179 -8.8702223884353160 2.2885632285539903 0.0212097045498158 0.2007331520717598 -0.1418821195560878 0.9690850397372346
1735977278.002481 15.5146283454391636 -8.8717241785184733 2.3157165667821995 0.0235432503329989 0.1978245647948875 -0.1172990536998322 0.9729090856439747
1735977278.102415 15.6668473955518994 -8.8653547887544910 2.3378573546186017 0.0263361449888844 0.2064505875189701 -0.0927282672628892 0.9736970939828355
1735977278.202399 15.8231702627003994 -8.8511603276697173 2.3429631699157945 0.0212484270536501 0.1942642854222658 -0.0651014993070481 0.9785559189668707
1735977278.302479 15.9804165467902219 -8.8312682264453013 2.3498871083636170 0.0137626457382826 0.1837637989174337 -0.0428642664481145 0.9819389545443141
1735977278.402438 16.1414720030753180 -8.8188823003830592 2.3500988819330857 0.0070007044072511 0.2104311673577786 -0.0384916855866282 0.9768255238695113
1735977278.502483 16.2945827178106093 -8.8116896871568251 2.3608814945269874 0.0056864724020279 0.2384278950490092 -0.0429337524859565 0.9701940505855489
1735977278.602448 16.4434801923246603 -8.8014436142521415 2.3770235850118793 0.0042577664136904 0.2403355757023108 -0.0461019021992665 0.9695851159597153
1735977278.702381 16.5971954853835690 -8.7871196118537647 2.3827143043241392 0.0006285355609237 0.2377646580339664 -0.0427131609723888 0.9703829956325424
1735977278.802304 16.7516799746216307 -8.7627396565786864 2.3937217202552326 -0.0055616050852149 0.2278196645074398 -0.0288001216595216 0.9732614355891177
1735977278.902504 16.9032328492736745 -8.7159272380806456 2.4223186704398136 -0.0130604828796572 0.2211077678686499 -0.0021251846367737 0.9751596086617580
1735977279.002523 17.0458990853792649 -8.6722587506523876 2.4510053381878714 -0.0119471956577859 0.2400639984905555 0.0245401493388908 0.9703732901389374
1735977279.102425 17.1873046409000310 -8.6184522734833582 2.4777029265159327 -0.0110585631536607 0.2517438556985421 0.0539460257768635 0.9662259392098156
1735977279.202354 17.3260836705898207 -8.5608032390316708 2.4813922124406638 -0.0126035285530414 0.2310083316781184 0.0833736634430086 0.9692910471098951
1735977279.302503 17.4780861418225442 -8.5097055537403605 2.4903935003613351 -0.0083810637510249 0.2111532116080400 0.0969494235578227 0.9725969814212965
1735977279.402523 17.6411738028122933 -8.4696072500052360 2.4980657727505147 -0.0067030720676335 0.2261799310387573 0.0841425040950283 0.9704214273318461
1735977279.502680 17.7957160334506028 -8.4378536567185005 2.5121134623808445 -0.0055537106321527 0.2520090819295082 0.0656333176039621 0.9654806298127157
1735977279.602480 17.9497969616726323 -8.4126604373419696 2.5181539302755320 -0.0045324252712463 0.2590310844021647 0.0512263321582551 0.9644989462556252
1735977279.702379 18.1089707917845075 -8.3772816921364495 2.5216018817946302 -0.0032306768970216 0.2452566303022954 0.0413087170376630 0.9685723194043141
1735977279.802400 18.2648685471210648 -8.3387151287740284 2.5248530862363951 -0.0050244218311615 0.2289689069806611 0.0495837200604657 0.9721571115443786
1735977279.902408 18.4214903960614222 -8.2813572412376342 2.5417471164828100 -0.0066226793195681 0.2170995629415534 0.0680776107618667 0.9737501521448777
1735977280.002437 18.5743768731826151 -8.2241434930761681 2.5528529050391904 -0.0156780229710493 0.2489459906475845 0.0900519156249043 0.9641943506516188
1735977280.102345 18.7245831538162903 -8.1715592239348851 2.5693508718026892 -0.0229442236974972 0.2527304280746008 0.1119862159464351 0.9607601057299093
1735977280.202359 18.8756118289440522 -8.1229858157266115 2.5758765090936113 -0.0231741431684572 0.2259504826280059 0.1235266712949758 0.9659971531880215
1735977280.302482 19.0389201720305579 -8.0783768566277363 2.5832879519597194 -0.0222078468877571 0.2258270588907919 0.1105296800980440 0.9676218997246646
1735977280.402386 19.1985678156722770 -8.0461292329887772 2.5945946915297764 -0.0128223393287916 0.2323101344928091 0.0965187599590269 0.9677560219404693
1735977280.502361 19.3535148025635166 -8.0116547560247806 2.6012183656900429 -0.0108784854330563 0.2433857146789496 0.0788387511963812 0.9666589386928023
1735977280.602356 19.5156463825324664 -7.9743344850276507 2.6018100916237912 -0.0118431229831733 0.2533391938051718 0.0663518190606726 0.9650266470038487
1735977280.702615 19.6684827425183038 -7.9289568152431684 2.6028914415197808 -0.0231473695269067 0.2410644930503341 0.0707928052339562 0.9676468819778616
1735977280.802519 19.8183943484197904 -7.8628361945814698 2.6124881678512155 -0.0281292553818483 0.2394385721333663 0.0904093368959238 0.9662836369143570
1735977280.902481 19.9583810702064426 -7.7936536654586215 2.6435219596048083 -0.0331689303062164 0.2520829928572215 0.1149303123991388 0.9602838174551958
1735977281.002364 20.0891153203329331 -7.7176500494881282 2.6748278458121981 -0.0399227638267258 0.2463957025996831 0.1406129685485477 0.9580831507467447
1735977281.102420 20.2346436410277484 -7.6308878115076073 2.6893871940296137 -0.0412395014870220 0.2251287131518419 0.1661699194245240 0.9591683501399245
1735977281.202481 20.3767477773574193 -7.5506709247520529 2.6964098569563917 -0.0387552661460106 0.2048924838452306 0.1772853919965366 0.9618144255490859
1735977281.302330 20.5266011721918353 -7.4804866067002518 2.7032622880301704 -0.0374828554492115 0.1993880222366372 0.1702881775562300 0.9642828364751257
1735977281.402397 20.6714777169327064 -7.4210617292331502 2.7118445101475461 -0.0386264491068562 0.2201905009549742 0.1612689773487758 0.9612577477781249
1735977281.502408 20.8196390664709057 -7.3562977106978975 2.7138337711827840 -0.0313056359483132 0.2370510988675400 0.1526023225197211 0.9589260997830596
1735977281.602613 20.9650990972803974 -7.2905417494564553 2.7188075959256794 -0.0329548620154203 0.2240773407900339 0.1522146979395289 0.9620467806428072
1735977281.702392 21.1131905641018136 -7.2213644393954448 2.7259866369863492 -0.0347890532912156 0.2181745685408140 0.1596510717761062 0.9621336262151278
1735977281.802487 21.2544604763617073 -7.1484924871193449 2.7476207572711098 -0.0415091488376357 0.2180668582308813 0.1725609144693111 0.9596596098104802
1735977281.902391 21.3876939030285058 -7.0765727144278268 2.7794212240607465 -0.0480911335545067 0.2300556751079724 0.1870040587694045 0.9538297076668490
1735977282.002423 21.5121754049015692 -7.0028555881076988 2.8024613406762491 -0.0520883720107211 0.2416341380280246 0.1988309449929325 0.9483490919244579
1735977282.102417 21.6472064334149330 -6.9283924722025914 2.8041741103494138 -0.0475984298350778 0.2267865090196349 0.2089731003294484 0.9500697406730838
1735977282.202312 21.7844430193900429 -6.8546816184249160 2.8104017563364865 -0.0426468203744878 0.2141676443168017 0.2052949630943084 0.9540269634385837
1735977282.302368 21.9277220985385775 -6.7921586622135832 2.8226821252664003 -0.0357091480983749 0.2169657211379800 0.1907002982198597 0.9567048284878787
1735977282.402579 22.0691157614939080 -6.7332818608457101 2.8438361145139410 -0.0338734525037348 0.2354750820837964 0.1749751048449118 0.9553992817757498
1735977282.502483 22.2022188196300512 -6.6827469775480273 2.8564923851575807 -0.0298975519800548 0.2461235051859232 0.1673055318392503 0.9542212613417186
1735977282.602401 22.3468684941198212 -6.6265278176566493 2.8618551812331288 -0.0252311026159324 0.2344001832818619 0.1592788503739390 0.9586710558694103
1735977282.702396 22.4903143490194388 -6.5782894188801828 2.8615468461356843 -0.0205532556118250 0.2238276693261416 0.1570052188875981 0.9616798320490245
1735977282.802336 22.6335845076901663 -6.5237657255150419 2.8723637113027678 -0.0237385904959210 0.2348054883123658 0.1545795650987355 0.9593789762307406
1735977282.902468 22.7681409236734851 -6.4714812469843128 2.8875960706440051 -0.0313127713057144 0.2453086663137989 0.1531770848257105 0.9567549055368352
1735977283.002364 22.8907241585308618 -6.4276895688063753 2.9085815306738021 -0.0314032454809318 0.2525644711698190 0.1558556602472963 0.9544286443966639
1735977283.102364 23.0296261370121513 -6.3716142992674722 2.9097251960035813 -0.0290747727779595 0.2386129307498273 0.1562595363284832 0.9580195635650117
1735977283.202541 23.1680467360646780 -6.3193173352999246 2.9047335133948082 -0.0239096861868872 0.2107323629879336 0.1499449322900929 0.9656794061056111
1735977283.302460 23.3105984844101428 -6.2649276643000738 2.9099169376395833 -0.0223548751693702 0.2136784242914747 0.1414470988597069 0.9663511312005831
1735977283.402344 23.4453409447207868 -6.2208012290205064 2.9168426626968413 -0.0218261364269527 0.2257183899524372 0.1343046976429798 0.9646434970479921
1735977283.502465 23.5825547492013818 -6.1795181973545352 2.9217185784082407 -0.0182600898858142 0.2419223049139262 0.1370938297093917 0.9603881763943721
1735977283.602593 23.7219784623508652 -6.1324204561199656 2.9206281274495378 -0.0220333893209458 0.2254067477673698 0.1462110759066050 0.9629790491481122
1735977283.702409 23.8570379991726966 -6.0863054330353972 2.9114010001237132 -0.0275879791616643 0.2058585648177075 0.1677944803950890 0.9636940214849894
1735977283.802338 23.9905957656527775 -6.0315854406992360 2.9098090880989655 -0.0398899799990956 0.2018999912450307 0.1920514592945405 0.9595631401912882
1735977283.902458 24.1169446753033441 -5.9697907701323336 2.9176903306441462 -0.0502298719203106 0.2017022484899733 0.2218262750720931 0.9526732213138974
1735977284.002355 24.2336039214266030 -5.8985611541310989 2.9264769643853645 -0.0589720301257929 0.2153798908912329 0.2514291541582932 0.9417628059664326
1735977284.102364 24.3474794096136264 -5.8311117304649382 2.9179145776856816 -0.0592933962998807 0.2039422306527584 0.2800404482612430 0.9361993415129304
1735977284.202491 24.4728421669599641 -5.7454855780030645 2.9034914986143479 -0.0596186120080536 0.1867972340726000 0.3019150114446477 0.9329521639984751
1735977284.302432 24.5904290819786588 -5.6706104244877702 2.8923641848444679 -0.0672630445217539 0.1880449465032269 0.3152839137701425 0.9277450267471363
1735977284.402351 24.7085148044449241 -5.5876289826778667 2.9029730552767958 -0.0681381025456326 0.1803167160299857 0.3319246308640701 0.9234008448812429
1735977284.502605 24.8266590043447444 -5.5018301965546836 2.9037892962201051 -0.0724996065755335 0.2041434906429694 0.3464250506066184 0.9127206180352774
1735977284.602518 24.9449474404714273 -5.4081030877059586 2.9108061253571296 -0.0741688721848551 0.1850258456217869 0.3646060851394942 0.9095750752576840
1735977284.702489 25.0511622848096920 -5.3160251293527354 2.9134732624260513 -0.0791836911139716 0.1719498579153450 0.3869699111759886 0.9024508170913845
1735977284.802348 25.1416598520209646 -5.2206262821145604 2.9238313361061432 -0.0879369522084305 0.1860427138180176 0.4082380657905629 0.8893800552694554
1735977284.902547 25.2211882258000806 -5.1257224644878576 2.9407971749199637 -0.0946439524911672 0.1950943935717260 0.4238498815591464 0.8793929598058128
1735977285.002419 25.2980210694672962 -5.0247606947810599 2.9494808534915791 -0.0988145540297184 0.2067368455907418 0.4377156821993205 0.8694254091892422
1735977285.102449 25.3750595018988783 -4.9115092575298798 2.9358990691715352 -0.0943257291965745 0.1988745467612926 0.4479961005049576 0.8665166273040449
1735977285.202527 25.4498619304644969 -4.7851661156086616 2.9267553352040405 -0.0870190015593877 0.1857057225953478 0.4496548804752448 0.8693397301560193
1735977285.302526 25.5303277477940895 -4.6599136448467009 2.9286006790068853 -0.0836566490638127 0.1847041072597604 0.4442390208719536 0.8726612459388334
1735977285.402518 25.6088092432451759 -4.5369412929141344 2.9308827802194677 -0.0872137140897262 0.1979021074054859 0.4360859379777670 0.8735316700939895
1735977285.502492 25.6910806056979482 -4.4145828066733577 2.9353650746297051 -0.0849472011561212 0.2049594760776651 0.4328113160528725 0.8737562308094237
1735977285.602346 25.7679482613780344 -4.2844125109046178 2.9355856139212819 -0.0760061232527981 0.1901967455154004 0.4361176427087924 0.8762703172774692
1735977285.701386 25.8445556202121871 -4.1525801397151110 2.9295779376504902 -0.0708634587506007 0.1760365775689612 0.4451486834661892 0.8751183595263143
1735977285.801786 25.9164053140136161 -4.0203441148405750 2.9374658160903113 -0.0735307313672445 0.1806207381159405 0.4561336111493782 0.8682807779093574
1735977285.901407 25.9732115078819810 -3.8779262545984841 2.9453145268948302 -0.0863105263949173 0.1929177615990877 0.4722059590727326 0.8557772855768203
1735977286.001358 26.0273544535401768 -3.7442382590910817 2.9428888398196817 -0.0868392386209330 0.1905710263919101 0.4866479402261326 0.8481246446185450
1735977286.102389 26.0905590915418308 -3.6033410689172434 2.9322070721866589 -0.0756103135210510 0.1803756173961905 0.4952281642810645 0.8464613295603047
1735977286.202639 26.1584334165845718 -3.4617175238280473 2.9289659219589073 -0.0674491714744796 0.1747427005990805 0.4906161067451076 0.8510061302111870
1735977286.302644 26.2368961315491909 -3.3288866067433140 2.9328160350968524 -0.0683296059510004 0.1806769403573302 0.4758757354319462 0.8580379901850497
1735977286.402424 26.3193918508051290 -3.1996013819932876 2.9424078647939949 -0.0686137466924435 0.1940230090713134 0.4638309626268913 0.8616890760734697
1735977286.502551 26.4044394194371748 -3.0690133932982473 2.9321786874273661 -0.0749907776881499 0.1947624120096451 0.4574472092336749 0.8643992346677744
1735977286.602486 26.4906764478018353 -2.9389197014042501 2.9266721505841722 -0.0648522618130339 0.1747990372977499 0.4591915467287151 0.8685520157770654
1735977286.702368 26.5749564166231913 -2.8048137432685500 2.9238982061266374 -0.0590371876163781 0.1637195096515925 0.4702135865424770 0.8652223504213533
1735977286.802421 26.6541651027802864 -2.6717141643788973 2.9313307425501716 -0.0596424158554531 0.1653990768888398 0.4759011073748137 0.8617447786872113
1735977286.902535 26.7313206257024873 -2.5475726340358689 2.9360143920436736 -0.0754807616360145 0.1923231163490723 0.4727973972407747 0.8566079002104623
1735977287.002513 26.8112534680295127 -2.4143278443985450 2.9256600309180696 -0.0757930480221979 0.1794275240954502 0.4735170034042799 0.8589777790813407
1735977287.102437 26.8919000030151665 -2.2863389347250420 2.9090932082980983 -0.0731625022798730 0.1698900403959715 0.4717279044247999 0.8621237768565426
1735977287.202551 26.9769623040480688 -2.1544643456834249 2.9042205691242673 -0.0690316679713300 0.1754731755371756 0.4610569364589065 0.8671045466534721
1735977287.302544 27.0701989838198571 -2.0302000856998075 2.9072038787236600 -0.0655938290760384 0.1851505134085201 0.4461007497437396 0.8731614158045339
1735977287.402422 27.1619126361302001 -1.9090266971369561 2.9074641045706442 -0.0667849958862029 0.2094621540201125 0.4344500096006056 0.8734520934291521
1735977287.502481 27.2522409484891526 -1.7973035291483488 2.9062761584296513 -0.0634214974799269 0.2079761866648583 0.4286756298305424 0.8769041132456475
1735977287.602429 27.3508694442513551 -1.6704077209920456 2.8950236438542323 -0.0564723861814013 0.1841180150277839 0.4267887325808187 0.8836078337606939
1735977287.702378 27.4516828147938945 -1.5443471988927342 2.8903676084512409 -0.0556307410901239 0.1670029835317782 0.4279713896032029 0.8864850330481344
1735977287.802455 27.5423968585244978 -1.4250706531950716 2.9050731118819342 -0.0545746183072976 0.1641402223134494 0.4336692039250611 0.8843136434673547
1735977287.902422 27.6258201543267177 -1.3100758227778520 2.9123126473356526 -0.0661263091291818 0.1898030109119144 0.4302169169820960 0.8800656410928356
1735977288.002497 27.7120270497988379 -1.1939763396460950 2.9129104855671581 -0.0533416787486581 0.1835554109260809 0.4283578124532285 0.8831600426526991
1735977288.102556 27.8091533140229217 -1.0664237034783035 2.8919720938936218 -0.0475107627421848 0.1742985474248540 0.4225183158349965 0.8881672233161952
1735977288.202527 27.9063435236122963 -0.9445920518343288 2.8798555538021962 -0.0424821890097294 0.1795602472844447 0.4044537207823728 0.8957513990820138
1735977288.302301 28.0087176031672733 -0.8393512336323049 2.8812570959779671 -0.0478130136150337 0.1931358368038541 0.3735379391908728 0.9060253154609752
1735977288.402421 28.1226693411308304 -0.7428244097384419 2.8887882378668670 -0.0377897211692510 0.2188750102681899 0.3467512325737711 0.9112789087664768
1735977288.502439 28.2351052415047832 -0.6414228784428873 2.8876934764259650 -0.0347119147688511 0.2167668068657743 0.3285909704735219 0.9186050340258131
1735977288.602474 28.3559868659819792 -0.5398274557526918 2.8816616621608095 -0.0285663255925779 0.1909551920832768 0.3180407870503682 0.9282080248688652
1735977288.702494 28.4776819755735886 -0.4423364446350166 2.8864249037875762 -0.0262717411583834 0.1776826609649314 0.3140808704913510 0.9322509717883503
1735977288.802422 28.5977735822078571 -0.3526158068840293 2.8986517002213570 -0.0294361479062695 0.1895315969049605 0.3093663033496999 0.9313988282807948
1735977288.902369 28.7118641762929592 -0.2639586522654211 2.9091715290214397 -0.0328209143638909 0.2093487899923606 0.3063349796921658 0.9280381198668798
1735977289.002400 28.8265080533024971 -0.1719930406108576 2.9082675037189638 -0.0325041414002970 0.2048862952039651 0.3019966133103499 0.9304639339482763
1735977289.102405 28.9436734000137434 -0.0794786897317418 2.9044054195982993 -0.0244652571900805 0.1905062581508408 0.2984280438207405 0.9349061554280809
1735977289.202577 29.0681694140708125 0.0098062122999668 2.9032843771622923 -0.0166539886469104 0.1797299438642278 0.2828840834837256 0.9420171905290703
1735977289.302538 29.1962506429593809 0.0956800760610040 2.9146410623612171 -0.0180971558517210 0.1919814174782884 0.2623368442616880 0.9455130926835041
1735977289.402734 29.3238279035912228 0.1791684735512187 2.9228296615775546 -0.0140908418956212 0.2026147095122390 0.2447228384860879 0.9480819901186056
1735977289.502557 29.4563326331031270 0.2543251588204950 2.9264734635873761 -0.0061474681707270 0.1977617806525147 0.2346845778038696 0.9517224572790409
1735977289.602424 29.5883294277148323 0.3341057825244977 2.9277335406387959 -0.0032499243760848 0.1823535010440295 0.2309679218671721 0.9557146319466365
1735977289.702477 29.7225929949663268 0.4096341370473788 2.9297006140858390 -0.0080394341886876 0.1849979043369284 0.2286567796844945 0.9557338646261245
1735977289.802543 29.8515769028853164 0.4854051971433026 2.9470483556484814 -0.0127073714249615 0.1981320973486429 0.2268066484761896 0.9534888247476707
1735977289.902677 29.9819930036096771 0.5608242026249529 2.9554845459677281 -0.0124880625589020 0.2177678516502083 0.2210425916760717 0.9505584588789389
1735977290.002371 30.1073524302421944 0.6302664053612982 2.9658437664230619 -0.0051086841180592 0.1977540043675794 0.2156002884721065 0.9562341610264264
1735977290.102568 30.2443024772422042 0.7007488019965625 2.9711006984176667 0.0007501065752403 0.1860737024283721 0.1989686896059043 0.9621785048322546
1735977290.202418 30.3806797245445921 0.7612031792964407 2.9886892343122775 0.0107616901309704 0.1785007443172853 0.1687954240869214 0.9692934411781690
1735977290.302491 30.5130478811210146 0.8144391940099752 3.0110055685314490 0.0172626465976083 0.1905466604041975 0.1393320201742030 0.9715866196049785
1735977290.402533 30.6572551448904953 0.8595582225713209 3.0155701433697151 0.0238684596073346 0.2058699028773369 0.1193767640473749 0.9709773776617180
1735977290.502361 30.7932813444914899 0.9101247856145418 3.0243939267438891 0.0290675921482837 0.1880026415915648 0.1060004506339996 0.9759989683942722
1735977290.602582 30.9340215405296739 0.9561300683588754 3.0285475641517068 0.0271214077812726 0.1857654513155405 0.0994193189824243 0.9771752275567399
1735977290.702483 31.0724447059087083 1.0067822313269483 3.0485337057368818 0.0243099935968052 0.1810222048767321 0.0985210666500289 0.9782298221680988
1735977290.802309 31.2101828311832961 1.0539669224203752 3.0579926681955718 0.0216920864944176 0.1952239782103612 0.0982373064292661 0.9755852004518938
1735977290.902471 31.3481885759459935 1.0962297394997251 3.0703934214253761 0.0220092417609650 0.2032534402203754 0.0983922338222568 0.9739212497112670
1735977291.002403 31.4893585445297930 1.1413232786532499 3.0735369175228588 0.0244900477271157 0.1819120731453182 0.0958385576757713 0.9783267378892003
1735977291.102412 31.6349297211715204 1.1787538684063921 3.0786592093497127 0.0279448548588654 0.1780519062049995 0.0842848063664210 0.9800064669171618
1735977291.202423 31.7836991262295925 1.2064840019523442 3.0985370426618903 0.0340126645962294 0.1767397301997011 0.0575434853176937 0.9819852105370496
1735977291.302522 31.9357133640636590 1.2252128781287792 3.1147074681577274 0.0383892882913947 0.1821694544832909 0.0329072115224890 0.9819662254006269
1735977291.402591 32.0842095007471357 1.2421967286761033 3.1199543473786577 0.0407189544264058 0.1923605715369978 0.0166425383820312 0.9803379025543094
1735977291.502489 32.2378755380480229 1.2598439607223524 3.1186717565779012 0.0419889784948914 0.1776365963022758 0.0067438667840431 0.9831768333315716
1735977291.602376 32.3928290382972079 1.2839512015938694 3.1224053159463039 0.0365206938541891 0.1809966774996321 0.0033728690204225 0.9827996059263933
1735977291.702615 32.5412325354547463 1.3014468107812935 3.1343440808618150 0.0337907857877826 0.2026033146206574 0.0040154369450797 0.9786694824948344
1735977291.802371 32.6797351484359950 1.3285694930113523 3.1621139206401461 0.0315230286730005 0.2094337490836901 0.0026232072038316 0.9773110672615944
1735977291.902543 32.8268166986392558 1.3534069926789511 3.1662866739153324 0.0339576758561233 0.2177520088227913 0.0055602287797693 0.9753973665947669
1735977292.002533 32.9706836287063467 1.3798140918009618 3.1644078006792768 0.0385030908451873 0.1994216391904434 0.0044860594241835 0.9791467699424875
1735977292.102541 33.1250972214666746 1.3944652019208115 3.1688632449535201 0.0475605472295622 0.1902202044097066 -0.0131929207239830 0.9804999821643675
1735977292.202378 33.2757711016284290 1.3977970088351745 3.1772295236729859 0.0516308185485919 0.2011268510889542 -0.0378618697763737 0.9774705761116704
1735977292.302535 33.4310999425346651 1.3953030592997517 3.1897302310075322 0.0580280670127224 0.2042469364385454 -0.0580813012389906 0.9754703967013153
1735977292.402537 33.5820271276139408 1.3876878160030943 3.1868075311114317 0.0611093504454588 0.2161101341797114 -0.0712523684933381 0.9718462621099341
1735977292.502350 33.7506471841352038 1.3740450510428923 3.1843800175902186 0.0610927415472396 0.1974070724581291 -0.0812213646359307 0.9750390836271284
1735977292.602355 33.9095582714687609 1.3691518126582969 3.1865907197069068 0.0618883505636336 0.1908157754576831 -0.0852923994915095 0.9759530616223183
1735977292.702470 34.0656388410040805 1.3582330278616626 3.2023441738850944 0.0587732075340211 0.2086754646256044 -0.0879516762251521 0.9722472747139161
1735977292.802382 34.2144411860419240 1.3537336254968022 3.2138528835983262 0.0591742461869528 0.2237126571021157 -0.0853879589813099 0.9691026530257377
1735977292.902410 34.3738046269471837 1.3432083500625485 3.2124233305909082 0.0581492848328420 0.2134645454764964 -0.0825358971118111 0.9717198023020270
1735977293.002382 34.5281797381873048 1.3349804625082577 3.2252796445088467 0.0577519260844367 0.1972898448687485 -0.0910713787833046 0.9743959339568852
1735977293.102300 34.6816748352576170 1.3106020316379958 3.2427176794629391 0.0619321163184104 0.1876504082381525 -0.1116498277263862 0.9739024865072715
1735977293.202357 34.8338018860573868 1.2828267027921396 3.2698525053647245 0.0625130670115653 0.1889140745964711 -0.1333099653671474 0.9708923946586340
1735977293.302433 34.9903627088841844 1.2517711982972148 3.2787351745529953 0.0641193914787754 0.1973412797312898 -0.1386831874216346 0.9683553565076118
1735977293.402388 35.1388235831469444 1.2286061582925185 3.2846899583322240 0.0636519688424572 0.1903717704390028 -0.1396940500191355 0.9696352862141775
1735977293.502502 35.2980463486755269 1.1887217361879554 3.2765701769805875 0.0657590284059611 0.1803332437475065 -0.1358888849315454 0.9719515843573010
1735977293.602469 35.4496936469077184 1.1563682324912010 3.2886712963950022 0.0657440519532685 0.1887431905446855 -0.1287471975468175 0.9713278986931340
1735977293.702523 35.5914388770122727 1.1333082100560978 3.3061992333716583 0.0683782203278425 0.2067688835069108 -0.1215614605366914 0.9683975728543981
1735977293.802493 35.7302969516100717 1.1094143713976576 3.3214510964559665 0.0685190279477040 0.2171741879971027 -0.1148831602969491 0.9669241823209752
1735977293.902537 35.8708513200974366 1.0784293796873956 3.3254469472844717 0.0600775971128202 0.1905294058173160 -0.1078902935692113 0.9738834182783890
1735977294.002518 36.0225217872048660 1.0483296365860313 3.3251496797252913 0.0541522305856559 0.1900253832976746 -0.1045751951320516 0.9746906782093812
1735977294.102553 36.1759713844436348 1.0169705457950085 3.3339109248437895 0.0549088483863820 0.1940787018356783 -0.1116554189260855 0.9730629698468128
1735977294.202364 36.3291181864244237 0.9773511844710852 3.3462646761849628 0.0607146557986045 0.2131288875184283 -0.1225921735491607 0.9673990732168946
1735977294.302318 36.4654935879337927 0.9441091803906344 3.3633381352159741 0.0696080189391652 0.2181571792268698 -0.1264475624782309 0.9651803887328287
1735977294.402481 36.6176582637573134 0.9017951176349509 3.3681351458741853 0.0711088961583332 0.2051828102252366 -0.1297801136776535 0.9674712715988177
1735977294.502392 36.7724868109884682 0.8658113589199623 3.3598207386125747 0.0647530158372346 0.1918875777251526 -0.1285533707245907 0.9708039118844249
1735977294.602521 36.9253508843243097 0.8377027028882128 3.3646061013587101 0.0559101524613572 0.1957973636882175 -0.1238246959820450 0.9711873618872139
1735977294.702516 37.0733927660581131 0.8141789174647344 3.3816805133988321 0.0550280603363588 0.1887548115070277 -0.1090060907666914 0.9744029997307728
1735977294.802388 37.2258414126504462 0.7942846557071322 3.3895038701498894 0.0570444113337295 0.2214870723291896 -0.0989000302760827 0.9684566050877150
1735977294.902532 37.3791812013582501 0.7822657131910683 3.3876243731371933 0.0544717022674552 0.2060125698286872 -0.0901989620531865 0.9728596003376818
1735977295.002514 37.5356450138015134 0.7617812901831396 3.3796267567302207 0.0497485484111288 0.1819053795518127 -0.0885778574985681 0.9780539238621049
1735977295.102401 37.6985530726011575 0.7356723137003942 3.3805798157164930 0.0566685090280088 0.1810976711615160 -0.0952589392097927 0.9771990831376393
1735977295.202379 37.8513872112020451 0.7089495795207245 3.3876657406769852 0.0652529412394784 0.2073787520157944 -0.1078930037382722 0.9701006167487484
1735977295.302697 38.0044281154492296 0.6727048322870899 3.3897478689927016 0.0773389714088605 0.2292253016780309 -0.1148232952718869 0.9634781032462234
1735977295.402537 38.1555042063271159 0.6413812643105455 3.3861671714967052 0.0748031788720513 0.2048375931286898 -0.1180437480614393 0.9687681448187118
1735977295.502424 38.3151161834856921 0.6089717224846902 3.3809661518802741 0.0619327092886503 0.1857454441086213 -0.1128941398807032 0.9741241618467612
1735977295.602353 38.4726602456929925 0.5795121558712151 3.3850108684259079 0.0522872653681238 0.1729544474204861 -0.1045790060268598 0.9779652511701180
1735977295.702404 38.6175454501208435 0.5550707613354482 3.3960352794509978 0.0540469440093549 0.1879184457371335 -0.0980659422361148 0.9757810495025678
1735977295.802493 38.7678173686774770 0.5346654609804485 3.3967912576303458 0.0534899959127795 0.2060003898335174 -0.0875003137068445 0.9731630669250112
1735977295.902479 38.9248949240829205 0.5175213238882862 3.3927326351072349 0.0475591241480296 0.1909419476029285 -0.0853799797248120 0.9767238921097731
1735977296.002371 39.0817312123913752 0.4891108740322437 3.3927333376524444 0.0471612028933317 0.1775745088392014 -0.0945715234077343 0.9784167525714750
1735977296.102392 39.2294491438099229 0.4643515817200403 3.4102733659003510 0.0505332645720110 0.1854335553025037 -0.1094843479962801 0.9752302104033682
1735977296.202482 39.3758069245784057 0.4370609240958405 3.4277311175531215 0.0602109292378443 0.2051945387235463 -0.1212309262971172 0.9693156904680175
1735977296.302412 39.5183999616924737 0.4039665620910431 3.4364081989344997 0.0689421758773815 0.2128737194223832 -0.1253774546433557 0.9665465585432117
1735977296.402403 39.6654240350204645 0.3776055422151306 3.4294342883426623 0.0695461974040217 0.1939088822244547 -0.1283576132762667 0.9700963843531858
1735977296.502509 39.8226849519285935 0.3495996993321079 3.4186474869526911 0.0650194527765769 0.1867542115295737 -0.1240596502722150 0.9723705766892258
1735977296.602582 39.9701892032910777 0.3284386129413077 3.4236048255305169 0.0601544148739317 0.1831628136818323 -0.1158279793529701 0.9743801666979564
1735977296.702334 40.1164413135622482 0.3154182238270954 3.4320013040512989 0.0569473061746189 0.2029283175252435 -0.1032306409507242 0.9720702325628178
1735977296.802489 40.2640833319953728 0.3031882623219752 3.4336797249460451 0.0547417622963290 0.2101529148749766 -0.0948345018021611 0.9715171172440448
1735977296.902394 40.4235040412783135 0.2820980512189790 3.4228327654765822 0.0551156407575285 0.1919938040549840 -0.0933503402097588 0.9753903625375361
1735977297.002557 40.5816479198105213 0.2607264099175944 3.4086165794995296 0.0569451947417817 0.1835262566252108 -0.1035287984477895 0.9758878756378291
1735977297.102583 40.7401269132584574 0.2329887005260352 3.4150101203120045 0.0591093526913856 0.1968713158481581 -0.1238398662061529 0.9707787888899626
1735977297.202413 40.8914389700386423 0.1967198545046160 3.4148378805449440 0.0714208384907453 0.2211627842997934 -0.1478063965127464 0.9613216713566581
1735977297.302523 41.0438378573939673 0.1548309350051051 3.4187098465017711 0.0757670106324829 0.2283558525501177 -0.1581866228972356 0.9576481384320098
1735977297.402557 41.2024916995446020 0.1184182549221399 3.4102400987191839 0.0669517747811982 0.2000762955372133 -0.1602038416659482 0.9642726092414040
1735977297.502549 41.3629412774449463 0.0867649003520947 3.4107283951240892 0.0608535520989026 0.1782361975471070 -0.1494197926356316 0.9706711228060819
1735977297.602504 41.5182474482263686 0.0664590109979622 3.4160805575363384 0.0621397529999979 0.1922085688225919 -0.1421967321487045 0.9690070208901996
1735977297.701879 41.6665899506577659 0.0574634603053494 3.4202452410815334 0.0588795943287281 0.2152305631301958 -0.1205424206310521 0.9673047724966263
1735977297.802349 41.8241151040372330 0.0482427573374362 3.4203701081361260 0.0507108391227109 0.2114498038304993 -0.1035872216077807 0.9705601881259577
1735977297.902385 41.9833512295750495 0.0326686249061419 3.4139400238886597 0.0490135774159279 0.1904488409905903 -0.0948397429871896 0.9758751617621781
1735977298.002624 42.1358116416674520 0.0116716073886917 3.4153338859451496 0.0534237639208707 0.1841419702227691 -0.1005115736218780 0.9762863615861167
1735977298.102546 42.2853609095403087 -0.0152040748656231 3.4262740238529590 0.0574806795646694 0.2100495915810136 -0.1110817068190822 0.9696576689551796
1735977298.202365 42.4366168862024438 -0.0513701076424149 3.4292043853607690 0.0667241530868866 0.2297442109604602 -0.1204723431090987 0.9634583018848284
1735977298.302593 42.5759607605629782 -0.0848959389766983 3.4302268431497955 0.0652905679863767 0.2104342867799534 -0.1248205207510338 0.9674060110826630
1735977298.402360 42.7296904555380905 -0.1176377265415268 3.4318075323020034 0.0519778130000351 0.1867697273780438 -0.1201581050857700 0.9736413126367747
1735977298.502539 42.8839531443987241 -0.1477475697488229 3.4374403749518763 0.0429297807678548 0.1673504324237322 -0.1098463041966328 0.9788179892835821
1735977298.602438 43.0367212380194744 -0.1751517147797243 3.4499324031083507 0.0470329823014485 0.1772504638981713 -0.0954569564491871 0.9783956976035681
1735977298.702527 43.1848649748964419 -0.1978651042310614 3.4483707428177377 0.0502962069872420 0.2026480974460829 -0.0896793457931005 0.9738386186131155
1735977298.802553 43.3364927210637845 -0.2244943937889961 3.4435805135344180 0.0514718592633894 0.1872823732377771 -0.0895548148141762 0.9768602231240632
1735977298.902575 43.4912849102818342 -0.2513459434911899 3.4300731578477399 0.0482200509016408 0.1790107492050513 -0.0958621284080919 0.9779777250516291
1735977299.002342 43.6487759982572072 -0.2801733796152778 3.4327781792339027 0.0473594689924442 0.1787863139697694 -0.1075096959930754 0.9768491182886606
1735977299.102494 43.7978977894961261 -0.3142894951031940 3.4437268067684412 0.0533391407672507 0.1960409612123061 -0.1225414205401816 0.9714455609251404
1735977299.202359 43.9498794121707874 -0.3559216239501449 3.4433149681490276 0.0696227051217665 0.2140834137565828 -0.1356553144810380 0.9648412338508892
1735977299.302436 44.0962412781416546 -0.3897900911415821 3.4478548314559783 0.0710317445028761 0.1939219557271669 -0.1448181135477047 0.9676654795683853
1735977299.402537 44.2503573647363950 -0.4209771648399138 3.4431276206517780 0.0626116046234408 0.1789071320362296 -0.1421934232756800 0.9715210010340447
1735977299.502650 44.3995367359146087 -0.4446772035524676 3.4467080088198854 0.0569391623011419 0.1801094063132496 -0.1363089122194984 0.9724908297786001
1735977299.602519 44.5399816347330315 -0.4584434868899969 3.4564430908819817 0.0517686660138442 0.1856316505080264 -0.1217343037437859 0.9736743063472655
1735977299.702512 44.6867877478500333 -0.4713261458158690 3.4603216053300367 0.0532131818887197 0.2176081040889063 -0.1139429939507982 0.9679008546528090
1735977299.802556 44.8353249763463779 -0.4804198039504842 3.4591331248472237 0.0540289094039906 0.1879269698810321 -0.1080882710184928 0.9747211173500767
1735977299.902447 44.9897174242772806 -0.4953061212399012 3.4593927912589155 0.0533670858495865 0.1645953379750658 -0.1127137271997680 0.9784456778817784
1735977300.002604 45.1340203870193051 -0.5133265504551160 3.4707961735680324 0.0600167157421079 0.1637403995294671 -0.1224837103508304 0.9770285646244716
1735977300.102570 45.2831732113777505 -0.5371369221581425 3.4696720940482635 0.0634119916217716 0.1908137114175008 -0.1297231686993922 0.9709484777042644
1735977300.202355 45.4270931877120319 -0.5642270587838540 3.4729075100010185 0.0721306852574297 0.2026333685207878 -0.1371336081731517 0.9669184328140739
1735977300.302629 45.5756486699246892 -0.5933847254636233 3.4664381657366055 0.0709050370315437 0.1787855547643052 -0.1424142036542990 0.9709409846786194
1735977300.402321 45.7252094942294249 -0.6161941558091049 3.4662572942781389 0.0613665547931678 0.1720374498192920 -0.1376898131062236 0.9734879440338565
1735977300.502707 45.8816551868927149 -0.6418355556549959 3.4756628846075417 0.0600066388800566 0.1738097725115456 -0.1229470878726102 0.9752299112791035
1735977300.602536 46.0279612104429887 -0.6609859653023064 3.4848291467860104 0.0636963602762556 0.1991876916928063 -0.1193255557074785 0.9705815004010484
1735977300.702414 46.1728683692281336 -0.6911420257965575 3.4812135676566403 0.0671408623452314 0.1847867724344552 -0.1221650377509019 0.9728420513568050
1735977300.802556 46.3140346651339669 -0.7199962103276476 3.4707856933203103 0.0590698042882111 0.1686405061617650 -0.1326205958222308 0.9749271334138837
1735977300.902360 46.4580240057828675 -0.7513044440791750 3.4733284417235635 0.0559852914727317 0.1757579972108582 -0.1490153081550797 0.9714778492022286
1735977301.002509 46.5983943119732444 -0.7795085479971188 3.4791667971727107 0.0621412116698616 0.1996584151302381 -0.1624008364692574 0.9643137224959357
1735977301.102544 46.7298189585784698 -0.8151076215146215 3.4891860492073699 0.0701476424829015 0.2025256039172302 -0.1622516676612717 0.9631910944112745
1735977301.202386 46.8709815850613865 -0.8491989762679312 3.4819562464628335 0.0705300882934708 0.2009019841486935 -0.1607517307919841 0.9637545229246993
1735977301.302357 47.0147537716257347 -0.8831880444211434 3.4785266626887834 0.0646170812534802 0.1868950799987455 -0.1529573726997120 0.9682452705897122
1735977301.402345 47.1585963641013208 -0.9166975247089539 3.4899695592886011 0.0621586772344783 0.1706915512187785 -0.1382836741165749 0.9735904265448628
1735977301.502567 47.2964366510206276 -0.9459797365567638 3.5004453494951373 0.0603587237943752 0.1797877691092546 -0.1214799673657411 0.9743078569268802
1735977301.602393 47.4432292362835426 -0.9688400267600759 3.5065602979549557 0.0542782887054515 0.2007698809181014 -0.1093613910767158 0.9720007245023560
1735977301.702353 47.5820789563391955 -0.9942380719678039 3.5039571431384875 0.0509147672900388 0.1861173475646583 -0.0977310496867750 0.9763281524848183
1735977301.802541 47.7278939526150978 -1.0213871052143655 3.4931976211518814 0.0488401659361716 0.1769192037885366 -0.0919185831757791 0.9787058841087627
1735977301.902397 47.8804698747371802 -1.0548088339429860 3.4887815209449591 0.0452612698192180 0.1749328162522301 -0.0955317357029616 0.9788889695598756
1735977302.002374 48.0243696616999003 -1.0910087310352279 3.4959262977741314 0.0486271350557742 0.1893912218717626 -0.0975184386892805 0.9758363187183562
1735977302.102515 48.1726071944567948 -1.1337867326437669 3.4937579830014860 0.0589815833233084 0.2115462620533264 -0.1036296332209825 0.9700671373458776
1735977302.202400 48.3175330079670005 -1.1759729525952340 3.4937376787443557 0.0665223921179414 0.1941842455808360 -0.1106290930517271 0.9724342928371361
1735977302.302489 48.4734936645856749 -1.2153122951004935 3.4905623428098456 0.0557856410711525 0.1797236749929228 -0.1103940735330640 0.9759100939257138
1735977302.402673 48.6305874297296086 -1.2484090730714683 3.5025839565782730 0.0424614007275894 0.1590316106860877 -0.0988443836792646 0.9813948053998993
1735977302.502423 48.7825654355738578 -1.2735391433662486 3.5184371706010160 0.0390232171462091 0.1714375713169541 -0.0912353761680793 0.9801849079637847
1735977302.602392 48.9352164700993413 -1.2960950005170004 3.5248624919204801 0.0354469826178217 0.1901700180350523 -0.0859106969333395 0.9773424311960817
1735977302.702518 49.0822494474878823 -1.3138105837266059 3.5224691187041990 0.0344090693507639 0.1750666410810143 -0.0883920291310205 0.9799768039668728
1735977302.802387 49.2276962468254666 -1.3409495584907565 3.5086713710447803 0.0367856236336295 0.1731560850562945 -0.1035048682539886 0.9787494727199535
1735977302.902591 49.3752770864494295 -1.3653273914549469 3.5101260313724851 0.0471998694589927 0.1646207135824455 -0.1208376306843528 0.9777885558714893
1735977303.002405 49.5166136001068438 -1.3855646094840537 3.5161255704827936 0.0485009925194691 0.1847496433568809 -0.1338218515050400 0.9724232283650441
1735977303.102486 49.6639652294377427 -1.4073394746519947 3.5165104479512572 0.0547318177149109 0.1998301896136586 -0.1375989564614463 0.9685756814154028
1735977303.202510 49.8145236347213185 -1.4285074319832218 3.5125670077843343 0.0577361403002160 0.1760098811920005 -0.1413437471795622 0.9724757091872535
1735977303.302541 49.9720663386347255 -1.4529439645007352 3.5029512421177658 0.0585564545276072 0.1629748519207325 -0.1386205866097598 0.9750870075242196
1735977303.402369 50.1188828919383909 -1.4675075905177994 3.4988786289062546 0.0598765982825995 0.1818514728100286 -0.1348371962137693 0.9721953329100779
1735977303.502318 50.2688699587444603 -1.4759344587900174 3.5053743491329774 0.0547933814495987 0.2135024689425820 -0.1256154392522528 0.9672823489169046
1735977303.602586 50.4202920517231803 -1.4828833309147209 3.5094488812027196 0.0520987302529416 0.2149862675609706 -0.1134426977397733 0.9686058958088973
1735977303.702338 50.5787514626013959 -1.4950456588138501 3.5025337255769764 0.0520976721436894 0.1987047789640662 -0.1101370448746446 0.9724567212582422
1735977303.802612 50.7284639008014082 -1.5126799538106965 3.5087897035429991 0.0603255301802896 0.1918821790931668 -0.1242169479846345 0.9716543673489599
1735977303.902398 50.8768299610424464 -1.5393505781508956 3.5178342802730067 0.0644546435220240 0.1829103581789338 -0.1435914117477060 0.9704488169252430
1735977304.002528 51.0328710249445905 -1.5742780521066866 3.5211179645749331 0.0687976284610903 0.2195198702721943 -0.1576604909076919 0.9603234259771832
1735977304.102391 51.1801035378940625 -1.6067535771774513 3.5232279031052087 0.0673172573597359 0.2091670485928475 -0.1642604452924113 0.9616319663763572
1735977304.202343 51.3335345327831334 -1.6408372397638455 3.5167120232861704 0.0632267974007382 0.1864135048329426 -0.1618862420975392 0.9669773637091417
1735977304.302432 51.4910031189387141 -1.6718897575213756 3.5176577509360634 0.0569955761045197 0.1731701000022160 -0.1499874755240420 0.9717342115803381
1735977304.402539 51.6376033235512892 -1.6949567523143925 3.5258038142028814 0.0536028863026894 0.1776698161637899 -0.1378565645255413 0.9729109592463031
1735977304.502590 51.7918308186364413 -1.7281152188826616 3.5291548298236601 0.0582833460753681 0.2117109635213641 -0.1305008682454948 0.9668252390594106
1735977304.602452 51.9342478850451243 -1.7533875019569405 3.5280192890680744 0.0523447298787542 0.1941597207568509 -0.1242106175953857 0.9716654540355517
1735977304.702431 52.0886829402166711 -1.7860224573154018 3.5214313863605788 0.0494524955381307 0.1879412876603780 -0.1265439995996270 0.9727379602148464
1735977304.802340 52.2363262059448701 -1.8267567672025844 3.5287574873509207 0.0501820095560458 0.1939543214826974 -0.1346357657710352 0.9704311916206890
1735977304.902373 52.3782650349043806 -1.8694720292815821 3.5393032729428850 0.0612277140756753 0.2192764507124210 -0.1448011474666276 0.9629130972649499
1735977305.002565 52.5100787851167112 -1.9160424632421191 3.5545354881247229 0.0733369822352598 0.2263298823784673 -0.1557204511680362 0.9587218639768249
1735977305.102402 52.6486811089078586 -1.9635570649847240 3.5641952686487075 0.0713220054618876 0.1951808318357494 -0.1637407392092807 0.9643684901239764
1735977305.202313 52.7968549671222718 -2.0119128313862222 3.5524967327528718 0.0608635762234147 0.1692630694731077 -0.1645390287120024 0.9698311948129682
1735977305.302355 52.9469769949798845 -2.0546875251932111 3.5512578347794816 0.0505820143726834 0.1467744075843877 -0.1548142595169265 0.9756696562620359
1735977305.402428 53.0905541894524902 -2.0936111608662378 3.5641364991084741 0.0468057836076654 0.1489634065564470 -0.1438423662472220 0.9772044288685818
1735977305.502593 53.2370459927043669 -2.1240116504862456 3.5706017594691102 0.0484415046994938 0.1733882157448732 -0.1350020029414248 0.9743533273228259
1735977305.602543 53.3882587502422723 -2.1553389946556996 3.5732578865504019 0.0420503661197409 0.1536278677350457 -0.1300778039793088 0.9786265936894929
1735977305.702384 53.5414333911419575 -2.1918545511081859 3.5626602570932167 0.0418624680551890 0.1439607537846593 -0.1265236752645658 0.9805685058860640
1735977305.802529 53.6949347015090552 -2.2326353662353160 3.5631698176958300 0.0505448719314657 0.1427884336456325 -0.1366440903483873 0.9789714355951966
1735977305.902530 53.8373534609402142 -2.2727571512676561 3.5626105786242297 0.0542973952452663 0.1830763478303681 -0.1506828761986831 0.9699636666160057
1735977306.002424 53.9806245735703811 -2.3181449733460391 3.5625002186284940 0.0585633906875888 0.1904134712206564 -0.1582167380214364 0.9670990140925225
1735977306.102438 54.1267764407891363 -2.3571188487715857 3.5502026552600694 0.0506833427996673 0.1767698487517354 -0.1591756234131068 0.9699725461300381
1735977306.202510 54.2767050478539019 -2.3914599350754417 3.5382276023219812 0.0394826188679131 0.1683747970731204 -0.1540519420598215 0.9728098733388320
1735977306.302561 54.4220623733250903 -2.4184366805403257 3.5438418758415895 0.0309227441180073 0.1576522725052962 -0.1435657022975927 0.9765134069709065
1735977306.402516 54.5678761628044384 -2.4362013102428972 3.5485500799389729 0.0239915670402259 0.1934505156102471 -0.1246452711470114 0.9728642552287405
1735977306.502547 54.7162323621246713 -2.4480093974742805 3.5492200436057275 0.0216663679868701 0.2055561063948759 -0.1079746812336328 0.9724292898892605
1735977306.602424 54.8625370603813565 -2.4635385571622366 3.5438377969104726 0.0253153391385815 0.1826979318490076 -0.1011005361748583 0.9776294189965594
1735977306.702448 55.0203260285900839 -2.4756323729560239 3.5356180490936904 0.0245442076323268 0.1738233401443703 -0.1012149966751291 0.9792540797672531
1735977306.802559 55.1669754580616356 -2.4876018991394560 3.5389101190781349 0.0216565486150676 0.1798314227301170 -0.1051723557893285 0.9778192209599217
1735977306.902409 55.3204066838056647 -2.5074788621044521 3.5458165349555726 0.0274299816250934 0.1903163772065825 -0.1121709504247056 0.9749076625792964
1735977307.002511 55.4705785369435915 -2.5298120150660570 3.5431964291868474 0.0398783400996165 0.2102491186789626 -0.1183477813741670 0.9696385041495780
1735977307.102482 55.6239343718696873 -2.5544780928797834 3.5329969309842104 0.0437820020087740 0.1845387770841882 -0.1223964872966302 0.9741907800579011
1735977307.202371 55.7865163798620145 -2.5799101398903064 3.5185166486239265 0.0388145363662002 0.1660664116358140 -0.1224666234119823 0.9777102356235968
1735977307.302338 55.9439115327106862 -2.5923150581016090 3.5192966649786372 0.0334381974325409 0.1744258298404896 -0.1216423475630651 0.9765555059064822
1735977307.402386 56.1048273976832022 -2.5967224102158935 3.5246690272548045 0.0317897493343274 0.2008011570626198 -0.1113763038808153 0.9727608267675164
1735977307.502363 56.2624627478380646 -2.5968334440409246 3.5271944589853144 0.0293088466490807 0.2206525650937611 -0.1007951155320034 0.9696874659964076
1735977307.602602 56.4207022253314321 -2.5972497133114403 3.5273926250618506 0.0311308719263077 0.1896683039601670 -0.1009680331417400 0.9761466383538234
1735977307.702538 56.5745848949413386 -2.6069429129871811 3.5391091988253711 0.0387259352318711 0.1651439872234265 -0.1180025136343944 0.9784187100624815
1735977307.802344 56.7242228995157518 -2.6237516975986401 3.5508486315243397 0.0473013085556898 0.1538477150584940 -0.1331856685860539 0.9779340695892978
1735977307.902350 56.8712568601299253 -2.6382770830063067 3.5456635189151844 0.0501523914511879 0.2142619480907006 -0.1386840407591444 0.9655792520921421
1735977308.002403 57.0224846865863739 -2.6586974300102457 3.5382908043779482 0.0540133188769267 0.2240268073880987 -0.1425436759863427 0.9625881005870039
1735977308.102470 57.1701241837673422 -2.6875072159881275 3.5235895427894253 0.0543237957322238 0.1967385062710027 -0.1466610150138726 0.9679015611324320
1735977308.202429 57.3272397673801208 -2.7119883238188049 3.5133957063242036 0.0494785537563417 0.1704311994767725 -0.1448114072740822 0.9734139588512121
1735977308.302509 57.4805786518180071 -2.7375077754567991 3.5019393032125246 0.0456416342427375 0.1889796080284739 -0.1392429855212972 0.9709865807291945
1735977308.402429 57.6294415860854770 -2.7578267730561601 3.5034492186041652 0.0396560224651473 0.2127613530177823 -0.1247199779795564 0.9683000225328230
1735977308.502469 57.7814402845532058 -2.7813503016154066 3.5039212413962173 0.0398086146218549 0.2200485616373693 -0.1169193999810399 0.9676382374789078
1735977308.602502 57.9395070272124073 -2.8127896868400852 3.4914444223663987 0.0394651096879983 0.1926968370053836 -0.1198964000816726 0.9731060000703368
1735977308.702365 58.0981272509446640 -2.8477143961213187 3.4936319987699371 0.0350263923988806 0.1795782145841920 -0.1348655960057360 0.9738254913978639
1735977308.802501 58.2500209115564616 -2.8916447771629530 3.5024797904495446 0.0374625983869421 0.1717581846796336 -0.1500720936814477 0.9729203700281551
1735977308.902549 58.3954799493311967 -2.9379842400819207 3.5124152381135341 0.0563001232472341 0.2177116832931257 -0.1557404703441733 0.9618611256189720
1735977309.002381 58.5415896997290162 -2.9832426831181582 3.5114151004009351 0.0612234799169508 0.2161108210882722 -0.1628961246163181 0.9607354740512064
1735977309.102381 58.6863169708383552 -3.0281207457016635 3.5091957368832793 0.0561452231662414 0.1768364286076547 -0.1669500330862305 0.9683513194525062
1735977309.202367 58.8406619695309629 -3.0739008548500850 3.5066072713812995 0.0502390466216869 0.1699140081237649 -0.1635191479559743 0.9704982000444996
1735977309.302449 58.9951592887857785 -3.1149563194784418 3.5119509578364076 0.0491655696023693 0.1799297649221848 -0.1551088746355037 0.9701284778162269
1735977309.402583 59.1431088910785903 -3.1424489021380100 3.5148067455675469 0.0492544491887955 0.2142836701540498 -0.1471386207613733 0.9643685676238415
1735977309.502570 59.2961155476697925 -3.1737466030335773 3.5105964651848804 0.0448060970929880 0.2035448884256684 -0.1381659937177891 0.9682314032497872
1735977309.602365 59.4522662592789501 -3.2069512068010639 3.5040270886205502 0.0423375754326330 0.1868341797180725 -0.1376142469766356 0.9717833287439205
1735977309.702393 59.6062664642044453 -3.2493256157274710 3.5031557612469109 0.0442695870252076 0.1750616680446724 -0.1537526681148380 0.9714698827517008
1735977309.802367 59.7551483461173589 -3.2977127808176876 3.5070430211471262 0.0533484114670694 0.1716338071976594 -0.1696095643826109 0.9689831674960705
1735977309.902520 59.9004554296493410 -3.3477448816093851 3.5067811682872851 0.0673205644275797 0.2158532756175784 -0.1852841414133616 0.9563185096770987
1735977310.002495 60.0443650010644774 -3.3960595104355575 3.5080791987820628 0.0724113874103360 0.2097668113859353 -0.1929979386530472 0.9557752201694509
1735977310.102624 60.1927138663255690 -3.4461561818360011 3.4965987887427161 0.0596944738015008 0.1878618271623777 -0.1929019812969565 0.9612145074355065
1735977310.202491 60.3413871031107121 -3.4867932874391556 3.4992455315447599 0.0483522353136409 0.1703299188201048 -0.1836771840527077 0.9669087196593993
1735977310.302517 60.4884963966932077 -3.5215828245180218 3.5019703808419176 0.0520118556556644 0.1906033011062667 -0.1707697973800991 0.9652993446498387
1735977310.402380 60.6332046750652296 -3.5490250336682179 3.5041576550433882 0.0493859617545321 0.2169116429294903 -0.1461602087242128 0.9639230048758584
1735977310.502381 60.7758305182131480 -3.5748520199865554 3.5016552943716683 0.0466165805784193 0.2167824020383940 -0.1317023459672845 0.9661711942758145
1735977310.602577 60.9243363813594314 -3.6078128344949345 3.4871797847370241 0.0468474150798628 0.2012698310841915 -0.1292911590022408 0.9698348163473681
1735977310.702609 61.0735425169134700 -3.6459234268783227 3.4837948486238699 0.0466212256549154 0.1815862862242125 -0.1423892041381792 0.9718941282457816
1735977310.801474 61.2167882494736162 -3.6977684670355360 3.4861307584056243 0.0536521395050222 0.1724075209165079 -0.1593783005254120 0.9705646047428212
1735977310.902594 61.3564829761338970 -3.7572587464684095 3.4731198803912426 0.0669937333563377 0.2107972742615916 -0.1697668361430036 0.9603413821141198
1735977311.002414 61.5057201123294064 -3.8205600286930026 3.4609545796500552 0.0644721998511049 0.2045094742619518 -0.1809477900902644 0.9598318121655007
1735977311.102467 61.6523339235573644 -3.8760826847862222 3.4390613350999764 0.0550883131258589 0.1777691599218388 -0.1812247269903186 0.9656712700836221
1735977311.202417 61.8089021669994096 -3.9245759198433094 3.4105436143231369 0.0379457250697906 0.1601394177155301 -0.1739741688179336 0.9709008587012208
1735977311.302342 61.9569935359839477 -3.9623082608608655 3.3974739859372791 0.0361602519069968 0.1609661689538918 -0.1598513468254056 0.9732573531972074
1735977311.402578 62.1146127024990946 -3.9908990166008169 3.3869001749643268 0.0519554008301756 0.2158209285344213 -0.1486958194074320 0.9636449119991599
1735977311.502467 62.2740336113386590 -4.0172560995833795 3.3846848571929424 0.0476489064407434 0.1950727764342512 -0.1425689971607684 0.9692008433022573
1735977311.602380 62.4355113625620319 -4.0488239956165533 3.3785803070975855 0.0408107602113188 0.1786132200957952 -0.1430577989226322 0.9726079711915777
1735977311.702474 62.5899762375794069 -4.0860079597827772 3.3902255335031839 0.0406729718034668 0.1754000135409323 -0.1545846782661797 0.9714340543031508
1735977311.802352 62.7397898157522746 -4.1260529903473930 3.4031680303980698 0.0492461120046684 0.1988813408984206 -0.1623738075202859 0.9652231759164484
1735977311.902497 62.8941777702703106 -4.1680704936559501 3.4075242328106747 0.0548153842308775 0.2086144558219564 -0.1692031485520890 0.9616889190345232
1735977312.002519 63.0475347939603168 -4.2123589222501385 3.3978761708257537 0.0491216726364389 0.1824154836896014 -0.1717428764270710 0.9668588506003568
1735977312.102578 63.2009231367242847 -4.2459718464010576 3.3935947308019339 0.0349331130476106 0.1663599403353032 -0.1592996741124725 0.9724853015301039
1735977312.202538 63.3508487564297695 -4.2728129542717062 3.3982949351112541 0.0309713609832065 0.1512632915475275 -0.1423867438895268 0.9776943318816950
1735977312.302468 63.4987052618048935 -4.2982670483703718 3.3987845544408546 0.0391704294900781 0.1962882071406217 -0.1410986217191638 0.9695503061419947
1735977312.402563 63.6355455333088358 -4.3197157281441259 3.3936238767565388 0.0443991967091673 0.2043757106134796 -0.1402177725527347 0.9677800661840300
1735977312.502469 63.7739791473403272 -4.3476379412310386 3.3822899085192986 0.0368638711003773 0.1935909047000670 -0.1511675942476484 0.9686650479264145
1735977312.602533 63.9096259446871855 -4.3731488852295524 3.3755479342403434 0.0374866010716111 0.2042518788157489 -0.1642854151390360 0.9643060858010434
1735977312.702408 64.0404117449935200 -4.3910913994293450 3.3825011335050204 0.0424719973883363 0.2245173187988670 -0.1730890977767300 0.9580335418074103
1735977312.802442 64.1661482099720928 -4.4167734677106925 3.3965962275070183 0.0563877883039236 0.2358865361245828 -0.1667480386650240 0.9557055252569725
1735977312.902409 64.2983331080740328 -4.4371265371311583 3.4094957088128144 0.0569155132079600 0.2208577193379493 -0.1618649430935425 0.9600949079973493
1735977313.002501 64.4367398978039745 -4.4604728808352672 3.4057484140361152 0.0539510823993769 0.1905593736869210 -0.1567283024240892 0.9675808209277648
1735977313.102625 64.5733673982711451 -4.4885768238527328 3.4025456427136764 0.0483669932145718 0.1828430334372008 -0.1527546718415923 0.9699974584097795
1735977313.202566 64.7147831621245189 -4.5055175239854428 3.4092694409565918 0.0424069078527296 0.1808477328160572 -0.1455814688520193 0.9717519167094814
1735977313.302563 64.8548190176641413 -4.5185121851649344 3.4095510906407953 0.0366108593216824 0.2123765672293212 -0.1323619757487770 0.9674896103046781
1735977313.402489 64.9997390374887090 -4.5234415987917442 3.4043901683857469 0.0305916237231133 0.2024676747782931 -0.1224676050182127 0.9711192918220489
1735977313.502459 65.1542379556100713 -4.5359951508265413 3.4020425087415096 0.0354031781327796 0.1839640313913835 -0.1224633502231035 0.9746315088198526
1735977313.602597 65.3063675108376174 -4.5559342689979525 3.4015861272599364 0.0499420679541122 0.1961512490819877 -0.1346888473205497 0.9699945318090740
1735977313.702620 65.4487779758727157 -4.5780532023244431 3.4147521789396360 0.0518744691748641 0.1998088869129868 -0.1500387174315866 0.9668887378752035
1735977313.802540 65.5948934481648251 -4.6097367006141381 3.4183492991041176 0.0580423766097998 0.2137392722187126 -0.1552557820160488 0.9627264659182725
1735977313.902592 65.7502404972256045 -4.6401325464263365 3.4067927428626814 0.0555757363829681 0.1986439118291382 -0.1601007768761849 0.9653080726184521
1735977314.002406 65.9095669192213194 -4.6735076933577115 3.3798676060638342 0.0481439113341728 0.1753200502314418 -0.1613826652976391 0.9700003500668041
1735977314.102588 66.0704591019732703 -4.7014215380910844 3.3599011930766918 0.0443354679149571 0.1837152699367682 -0.1633624814577309 0.9682952883954330
1735977314.202550 66.2203320245250779 -4.7177897291379880 3.3514033436392587 0.0364376121790326 0.1940886447338797 -0.1483637726196483 0.9690150098827786
1735977314.302560 66.3825584943377009 -4.7363294420732069 3.3426387018862962 0.0349291235563035 0.2256630943654290 -0.1323286833301250 0.9645440600289463
1735977314.402400 66.5494329320845139 -4.7547650485609916 3.3335216180059697 0.0397106767898153 0.2054426354889105 -0.1266737229971731 0.9696237175184510
1735977314.502363 66.7250271386487270 -4.7820107324190255 3.3236826990962256 0.0427757952112431 0.1793221328646978 -0.1325837880854952 0.9738764516846076
1735977314.602431 66.8881824564825109 -4.8105161368839982 3.3315379302498034 0.0438450986012856 0.1713277457443427 -0.1447604331686810 0.9735341944973588
1735977314.702516 67.0465335756716314 -4.8470923868111768 3.3385387211844071 0.0438685530576462 0.2063723723912944 -0.1551413859666766 0.9650995515109082
1735977314.802642 67.2038634520317828 -4.8798341786860577 3.3376757366153935 0.0509679078467653 0.2059026242402607 -0.1587854865336231 0.9642580313209627
1735977314.902565 67.3715246895275897 -4.9232898243229668 3.3212398203275360 0.0512674108364723 0.1924377228458575 -0.1588667612134700 0.9670060638866583
1735977315.002442 67.5365664943619777 -4.9647364283777700 3.3034058950507226 0.0443856388099459 0.1814081239556573 -0.1582526459476768 0.9695757359179741
1735977315.102322 67.6920003665504311 -5.0014271132134986 3.3160119089496329 0.0392153723742048 0.1874061673817889 -0.1514300447257494 0.9697474024462139
1735977315.202398 67.8511841598740801 -5.0349250757968340 3.3233263826345287 0.0430900929667870 0.2259238874784406 -0.1438664421745497 0.9624988767633859
1735977315.302532 68.0122757738425747 -5.0663007243617972 3.3288223291712296 0.0493674363524376 0.2277857385210779 -0.1401786714229565 0.9623026829602471
1735977315.402424 68.1701996420022169 -5.1032940320456719 3.3289536481755650 0.0460682541572889 0.1991652588687385 -0.1484041988437143 0.9675676252253397
1735977315.502548 68.3325102814757912 -5.1477619028129347 3.3333944086317748 0.0477558916769481 0.1768321081546819 -0.1764889987228186 0.9671098250279166
1735977315.602472 68.4873897468247321 -5.1946527571537224 3.3432773319118105 0.0545314608944584 0.1670562558632469 -0.1996175407539321 0.9639872222042272
1735977315.702608 68.6433199653966284 -5.2367732300683718 3.3304599973246276 0.0591180418576082 0.2258238304860808 -0.2101894408565061 0.9493835124247447
1735977315.802376 68.7962505820272696 -5.2823704230911863 3.3221057617216569 0.0603100999346203 0.2173278898713619 -0.2112265932775482 0.9510597281045490
1735977315.902374 68.9486956696158302 -5.3186366898379225 3.3043492665686380 0.0534956766010849 0.1947903751479973 -0.2056144985255260 0.9575581446214068
1735977316.002399 69.1108007178891057 -5.3558619852208711 3.2970075666713288 0.0485057436537571 0.1872886942653134 -0.1895049485234230 0.9626307767353611
1735977316.102465 69.2643281340036481 -5.3867505450372617 3.3080534000302748 0.0523900127910342 0.1941990579923080 -0.1733513737574335 0.9641012984386371
1735977316.202492 69.4164499284348153 -5.4114462278563513 3.3053529266848827 0.0536780388909290 0.2291354518141617 -0.1549101236234519 0.9594886484277503
1735977316.302668 69.5606916995585607 -5.4378503473813113 3.3021939690866189 0.0490086163528475 0.2098278538118728 -0.1454965048879821 0.9656092348115071
1735977316.402309 69.7135031688746807 -5.4797099135490237 3.2870918962767024 0.0523224358229946 0.1914876143126855 -0.1426758143104798 0.9696589443124971
1735977316.502421 69.8667900664257076 -5.5241472878444187 3.2833562146038684 0.0575401340010123 0.1942828244771263 -0.1553768223855378 0.9668512606175309
1735977316.602379 70.0174694616381572 -5.5847409243751427 3.2845415956808774 0.0708819473007435 0.2238742982664682 -0.1699801085139503 0.9570594604475402
1735977316.702533 70.1601413033598647 -5.6467960191595559 3.2823948652666788 0.0844227494468156 0.2414171068347479 -0.1842837668298599 0.9490153176774220
1735977316.802456 70.3041964647705271 -5.7126404219831741 3.2774606130790653 0.0801154245646145 0.2209211138271825 -0.1946449748839063 0.9523070481544448
1735977316.905734 70.4539645723676813 -5.7800505771383257 3.2676244763575868 0.0668728531326169 0.2092564097101939 -0.1901126139176347 0.9568683141051895
1735977317.007822 70.6087245493497448 -5.8401952830025250 3.2775836649467780 0.0503848734263268 0.1796767048606846 -0.1796590195807640 0.9658676322061416
1735977317.101308 70.7514672032192635 -5.8919000048798607 3.2892655792238248 0.0491106649659562 0.1984108921354303 -0.1640422089209220 0.9650447731379974
1735977317.204499 70.9004010321631171 -5.9439544948028615 3.2840809519427112 0.0564054253858662 0.2326424207749879 -0.1575021221860386 0.9580652449337086
1735977317.302341 71.0467847511184658 -5.9998497927593730 3.2772884267236240 0.0532600182754349 0.2088427496206739 -0.1537612049364748 0.9643161142699319
1735977317.402524 71.1890690122563967 -6.0553493542527921 3.2621286414577546 0.0496347398440910 0.2010928233193797 -0.1611226680349381 0.9649546905711964
1735977317.502439 71.3418393723990363 -6.1211069463304000 3.2627865404519873 0.0515547926036354 0.2059670307602023 -0.1782236674830218 0.9608100800617797
1735977317.602362 71.4840426613074982 -6.1860330916149344 3.2608403787035098 0.0616271112791464 0.2096802003447630 -0.1968486006326012 0.9557651077371231
1735977317.702516 71.6374544971842653 -6.2523430250577015 3.2519107284900914 0.0710779916356558 0.2324854253011149 -0.2076675450177027 0.9475086473874114
1735977317.802451 71.7963312460108796 -6.3138786512032592 3.2467129022267720 0.0605675753736006 0.2044771258418950 -0.2115852954267440 0.9538093816795777
1735977317.902518 71.9563798485673942 -6.3635162769386051 3.2411688706084978 0.0516695931972500 0.1877306078546682 -0.2012147905996501 0.9600000416965025
1735977318.002476 72.1230168467759256 -6.4040607188867407 3.2489799835582627 0.0479900985663852 0.1835923909305525 -0.1817387250043452 0.9648636278074674
1735977318.102618 72.2783798699528433 -6.4392774619645383 3.2524110540780460 0.0480687730592353 0.2196990287653159 -0.1633163556762376 0.9605985101928846
1735977318.201452 72.4398021171674031 -6.4711106110629046 3.2565878948063727 0.0421498303439624 0.2189385143590523 -0.1501875629211386 0.9631889818078461
1735977318.302537 72.5954220188813082 -6.5049126309746121 3.2558053641245182 0.0328180895965734 0.1939359640695543 -0.1438953509382054 0.9698484122861750
1735977318.402384 72.7592696538176398 -6.5465551331396865 3.2545665528741843 0.0281591941345820 0.1893634992077291 -0.1515118267272586 0.9697384654200660
1735977318.502569 72.9176027158839446 -6.5869078297481973 3.2628476100654566 0.0284820663898730 0.2157536115400240 -0.1607327628522455 0.9627066686937841
1735977318.602412 73.0694844029765704 -6.6298812410770402 3.2754031963623849 0.0374784838969150 0.2366214353639958 -0.1601914766843843 0.9575721123595589
1735977318.702581 73.2223411259732018 -6.6716866295819939 3.2818564649600623 0.0404683704076793 0.2247039659241247 -0.1583247437266894 0.9606267299104241
1735977318.802579 73.3749384029151770 -6.7153422019481583 3.2822368100794344 0.0356503883288972 0.1898965782946331 -0.1543473653650050 0.9689402614035969
1735977318.902583 73.5306203749087928 -6.7518501770623240 3.2860556966213084 0.0332873565184614 0.1820610673655737 -0.1440800160395984 0.9721042478169458
1735977319.002465 73.6845861375440592 -6.7830181261180940 3.2873951117788716 0.0371279393282897 0.2003189545553291 -0.1380128307062965 0.9692503758717507
1735977319.102392 73.8313797757103458 -6.8085096877320739 3.2924963098315705 0.0424816798146775 0.2266224673847752 -0.1295955981179062 0.9643871344563976
1735977319.201317 73.9820779713124068 -6.8336826193139011 3.2870235868358315 0.0380376263150009 0.2107916587808610 -0.1279044830960849 0.9683803275452557
1735977319.302594 74.1357001107475355 -6.8609390881719499 3.2807115891966241 0.0388399381731225 0.1976582737457623 -0.1368779657113676 0.9698902456078580
1735977319.402522 74.2826537511311358 -6.8841168713966585 3.2911620536211421 0.0417778704502310 0.2110252673097818 -0.1507332393869926 0.9648846753065272
1735977319.502610 74.4318317329795320 -6.9148811612599062 3.3064343741379263 0.0456312386924354 0.2284868755109817 -0.1673422824556638 0.9579708232911647
1735977319.602532 74.5742302523289169 -6.9507640401629365 3.3205308235338320 0.0486964134646600 0.2441168535205893 -0.1662121677586588 0.9541536230774652
1735977319.702570 74.7254662381504318 -6.9874465163649315 3.3335276891055483 0.0455749394729527 0.2210529807541741 -0.1636418584124152 0.9603540215811368
1735977319.802574 74.8814999341324636 -7.0217814396354141 3.3337899629262711 0.0399151829373428 0.2021774940553666 -0.1564142573919125 0.9659532178905496
1735977319.902547 75.0345437169518021 -7.0559395245310084 3.3396826959454109 0.0334065209790764 0.1791767333766198 -0.1442487555596673 0.9726109186576335
1735977320.002508 75.1873526657425657 -7.0851540922815639 3.3515269835801056 0.0381092208463058 0.2146828618327185 -0.1364151650174541 0.9663590734685851
1735977320.102557 75.3342238488176150 -7.1167084702486090 3.3586119953146207 0.0449135819984607 0.2210393804759456 -0.1334383472614738 0.9650484806013654
1735977320.202499 75.4773344797314962 -7.1508338187564675 3.3491639383340304 0.0444128166327646 0.2053063412808009 -0.1369362261392172 0.9680523115614079
1735977320.302536 75.6309872370620155 -7.1853932548667085 3.3396959881354182 0.0396726554828732 0.2039495043455327 -0.1478368292506275 0.9669410281921385
1735977320.402412 75.7751338122227764 -7.2223045619350206 3.3416721853578348 0.0393222811902890 0.2051490837071618 -0.1626543517006644 0.9643190206197014
1735977320.502540 75.9220704942418507 -7.2566707713704082 3.3510474444553715 0.0439773498050678 0.2246783513155904 -0.1661615909506101 0.9591537712207533
1735977320.602605 76.0615693019043988 -7.2875717361911247 3.3604034762551600 0.0468884391557759 0.2313956572400505 -0.1646927479943642 0.9576710410376024
1735977320.702601 76.2105335018815140 -7.3235839567980934 3.3686968677813058 0.0454091817919134 0.2116486376713352 -0.1638806921342340 0.9624375195961873
1735977320.801426 76.3540014290172735 -7.3563489247210638 3.3672560005592205 0.0372672960657718 0.1901892707500026 -0.1601781799687607 0.9678750645602063
1735977320.902567 76.5004422820695709 -7.3817249743076987 3.3759404843631842 0.0339067730581378 0.1991118269296303 -0.1580908819739383 0.9665464728373030
1735977321.001293 76.6367010111944467 -7.3969633888254753 3.4007695610428432 0.0252469451401985 0.2120558474926184 -0.1539744790360962 0.9647210835836635
1735977321.102320 76.7703675782241248 -7.4055755860308938 3.4177883342721382 0.0205865164703670 0.2057547549067731 -0.1479504210472938 0.9671359000082654
1735977321.202810 76.9135978403245986 -7.4133962133777773 3.4160379054770922 0.0235774783885951 0.1899328262004998 -0.1437412815885055 0.9709315465117097
1735977321.302408 77.0534469963901643 -7.4142361268199313 3.4081490696209489 0.0252243851666322 0.1735375955371205 -0.1375052215780884 0.9748542185203494
1735977321.402694 77.2021648092562458 -7.4093849674007570 3.4143144034161854 0.0227747275258948 0.1762507608851010 -0.1292289234432782 0.9755597708081426
1735977321.502374 77.3457551814294675 -7.3903143771467752 3.4200801141612178 0.0179089444999897 0.2024976528311723 -0.1201133050297767 0.9717236048689907
1735977321.602519 77.4821580836861159 -7.3656708229764902 3.4315142965636376 0.0157558349837523 0.2110926086350909 -0.0987884732339721 0.9723335342359112
1735977321.702386 77.6208231703036518 -7.3321919201564238 3.4424777897167878 0.0094305843490493 0.1885557974486904 -0.0713798656736299 0.9794195679604009
1735977321.802555 77.7659792491343467 -7.2783989504332975 3.4440632681430063 0.0021097022479302 0.1734227809797631 -0.0359462366510692 0.9841889840189717
1735977321.902497 77.9022762459037921 -7.2295278392729205 3.4536966313509567 -0.0031733041140168 0.1654563594104891 0.0078324781808484 0.9861809040724595
1735977322.002432 78.0357602406782718 -7.1622838924637922 3.4588284972557184 -0.0122034353311174 0.1736760386935547 0.0491557602205237 0.9834995785392979
1735977322.102761 78.1585178846321611 -7.0879602486151194 3.4575116914795294 -0.0214904567166006 0.1985017282804919 0.0860045161214874 0.9760832174289641
1735977322.202563 78.2869008383034952 -7.0088337828372342 3.4524289258391683 -0.0270776880013727 0.1900022381529147 0.1124252289508949 0.9749494941814794
1735977322.302380 78.4179812319795673 -6.9276578536533489 3.4507890037261642 -0.0193041264301076 0.1801626092230536 0.1237539414279633 0.9756299231377419
1735977322.402735 78.5459611139852143 -6.8539835687401123 3.4665385076679489 -0.0120951339567806 0.1739036213060819 0.1198934215290856 0.9773621671137304
1735977322.502434 78.6776697288269560 -6.7845422936812509 3.4676420634796372 -0.0198751995605706 0.2122519622168389 0.1192595942247312 0.9697067753516430
1735977322.602633 78.7982241968098265 -6.7156858640509425 3.4641432988181577 -0.0291819640540879 0.2335152075283574 0.1255229553026306 0.9637754139419765
1735977322.702396 78.9251509622907577 -6.6491245841455440 3.4656851770172881 -0.0289445637040420 0.2220886329493101 0.1354618926721378 0.9651367400427627
1735977322.802431 79.0554465655036296 -6.5752940823252484 3.4725742435743907 -0.0343003414757977 0.2023528104012630 0.1524115613994425 0.9667717117547132
1735977322.902623 79.1687836046756246 -6.4974163049319662 3.4958671129972485 -0.0409053027241044 0.1723629939016268 0.1803411054333816 0.9675199430675231
1735977323.002517 79.2790463434910464 -6.4149375463660787 3.5112768359856572 -0.0475432137470647 0.1855049583523134 0.2085845137736403 0.9590724966691108
1735977323.102502 79.3820345403337768 -6.3301488552411005 3.5149148855118582 -0.0556382358162495 0.2046440565503558 0.2297955232578456 0.9498522065692763
1735977323.202350 79.4891636575678575 -6.2410070751417486 3.5145815478985587 -0.0628448357535842 0.1990779424528150 0.2506366925777453 0.9453040504417337
1735977323.302581 79.6019064563615331 -6.1484138485081896 3.5025600074986549 -0.0674810283625470 0.1925477767983129 0.2634812833062581 0.9428410670990354
1735977323.402599 79.7174350400652116 -6.0557271697663548 3.4999786900946512 -0.0708068812814623 0.1858876911160638 0.2667465777488651 0.9430155964319998
1735977323.502737 79.8291744203373668 -5.9604420357595957 3.5119580505907639 -0.0773430736344697 0.1997140461850334 0.2712736273235055 0.9383725101663642
1735977323.602828 79.9421223067815134 -5.8680008706290847 3.5182947923197481 -0.0778253512242118 0.2206526796480447 0.2770082758776357 0.9319452906508329
1735977323.702739 80.0604687386841647 -5.7702825518186263 3.5212068682144051 -0.0790772997430681 0.2213793000609315 0.2901997319373218 0.9276433052382708
1735977323.802679 80.1727808310288594 -5.6690721147241439 3.5330517849691367 -0.0818782513007955 0.2012721839278766 0.3130641681432030 0.9245411221604106
1735977323.902821 80.2707971600288346 -5.5617116919665976 3.5524335217321559 -0.0887676351148742 0.1804165298542954 0.3480444173428228 0.9156611088541119
1735977324.002803 80.3604016217681192 -5.4499475862488795 3.5729285589284068 -0.0941289860835526 0.1652007961238612 0.3859154148336779 0.9027279343925695
1735977324.102803 80.4367992072786109 -5.3328547239566699 3.5939755809598108 -0.1071723346273855 0.1921436112324826 0.4100136974789992 0.8851461411725501
1735977324.202984 80.4998584502976655 -5.2070167039330642 3.6030043317292164 -0.1077825832619881 0.1847055169189998 0.4315269042179414 0.8763853705426268
1735977324.302407 80.5700722221557584 -5.0852851032967470 3.5958581249407398 -0.1107106284937841 0.1765247224441666 0.4430437241991522 0.8719486438731737
1735977324.402547 80.6328613172812823 -4.9629316702159993 3.5984152043707334 -0.1097529988073263 0.1673749858286368 0.4458570033250472 0.8724399268475003
1735977324.502561 80.6924265556320819 -4.8390222280879724 3.6067710014774255 -0.1099440280543683 0.1860603187209660 0.4399857998713331 0.8716113608737648
1735977324.602570 80.7442232327298370 -4.7193376494792902 3.6209724877683160 -0.1166110001965847 0.2042097579829732 0.4442788028226561 0.8644747507823206
1735977324.702379 80.7753109664863729 -4.5979435350719688 3.6377812264020957 -0.1359022833439599 0.2000426604066489 0.4668770890598689 0.8506111256680760
1735977324.802526 80.7947001919441448 -4.4613296708150321 3.6396730213940813 -0.1387474593820617 0.1771748791430037 0.5019720860526882 0.8350941441176544
1735977324.902473 80.8022488967257431 -4.3192920536717256 3.6473978341483382 -0.1294934739984841 0.1447227907744528 0.5492569447426751 0.8127752227240936
1735977325.002508 80.7957329694023088 -4.1845784009672586 3.6507613434500206 -0.1255692092096382 0.1171106315373487 0.5990265576704431 0.7821027150476393
1735977325.102401 80.7698732529852350 -4.0555275501537436 3.6507415661835578 -0.1444986235754930 0.1171654139830293 0.6401475985909492 0.7453881308212617
1735977325.202491 80.7313228409985157 -3.9338679015863813 3.6427860209603637 -0.1663453253751612 0.1322345437162646 0.6712360313165682 0.7101305854815481
1735977325.302454 80.6822325090884505 -3.8176560529433448 3.6333585665221717 -0.1610482452562974 0.1138242369375308 0.7026349270097915 0.6836751166536643
1735977325.402374 80.6160250620843186 -3.6981583323274423 3.6147047061432680 -0.1574461305551376 0.0999369969015287 0.7275517602466397 0.6602209848115514
1735977325.502393 80.5407257184123466 -3.5853472287530175 3.6112547842753613 -0.1448155762843537 0.0869555641420671 0.7491219095484258 0.6405337956460108
1735977325.602370 80.4614246921995715 -3.4823009410588845 3.6043438230852147 -0.1523593725672058 0.0921594948406270 0.7705581505839869 0.6119913281005160
1735977325.702413 80.3692075665843504 -3.3816691189226735 3.6011174944595341 -0.1815831204025753 0.1077957313335436 0.7893701932016759 0.5764567189094766
1735977325.802489 80.2680276273630113 -3.2914312266417114 3.5933014970374644 -0.1727698955151671 0.0998877392603583 0.8163338978806641 0.5420073522749432
1735977325.902449 80.1614497674207200 -3.1891452952621981 3.5840681159994854 -0.1609784331458977 0.0827361145572891 0.8453343072931787 0.5026435997036236
1735977326.002553 80.0457604135329035 -3.0997510474695988 3.5739399106293983 -0.1541018235522858 0.0613761108656186 0.8752942727366243 0.4542527238303976
1735977326.102512 79.9267683359177283 -3.0276095544816859 3.5721039095895577 -0.1597435915780113 0.0559443336175721 0.8991433475691657 0.4036006157180114
1735977326.202383 79.8027046434060736 -2.9599038836962217 3.5722358836610382 -0.1902410908434238 0.0592924635760052 0.9127920056287450 0.3565157578257170
1735977326.302368 79.6799811712895547 -2.9000780160121469 3.5614235200188773 -0.1839658494155621 0.0532211793455377 0.9270491368769677 0.3223413875591378
1735977326.402580 79.5563141278951207 -2.8336917694226478 3.5451515055362752 -0.1772472691860763 0.0538205139066637 0.9339510217889874 0.3056505304235668
1735977326.502583 79.4376114246200160 -2.7616804735818761 3.5375250747559077 -0.1737650574703768 0.0565559111951282 0.9336051064403248 0.3082022695240175
1735977326.602450 79.3230881809316202 -2.6839614944720065 3.5379405413671825 -0.1952477316187428 0.0684002749982709 0.9277703402799868 0.3105509964154906
1735977326.702487 79.2001518255279677 -2.6102222818538019 3.5336019723754744 -0.2203872543350925 0.0770844062679227 0.9212428105157032 0.3111255960381420
1735977326.802420 79.0825417035996736 -2.5263641495559011 3.5278125942257685 -0.2047571326824400 0.0784589775555085 0.9237802537691410 0.3139247492677688
1735977326.902557 78.9560614738018103 -2.4479652839634185 3.5236551998251846 -0.1806484602866645 0.0749689153347706 0.9285943776314187 0.3153700641483010
1735977327.002705 78.8301979134295010 -2.3673529388047814 3.5288950831485884 -0.1565773454055444 0.0698209625454135 0.9339271784464713 0.3136695609299659
1735977327.102399 78.7067565786275054 -2.2950752095020324 3.5414840693273884 -0.1623865401659251 0.0716178139050149 0.9363536381655002 0.3028916713919992
1735977327.202640 78.5794298280622741 -2.2224065797676764 3.5440414411607621 -0.1882780818428481 0.0745602452520614 0.9356837180699401 0.2889430972775492
1735977327.302470 78.4509642107350516 -2.1490767222809133 3.5382994297222599 -0.1821750771327533 0.0768782645646943 0.9378858407662163 0.2850826606432670
1735977327.402401 78.3142965702848102 -2.0654522338643826 3.5144756639142991 -0.1639534843987145 0.0757689236037304 0.9397248932119078 0.2903367876231345
1735977327.501964 78.1801761896099379 -1.9749939340026819 3.4977530425525578 -0.1503060501426667 0.0751664717361029 0.9359047504828604 0.3095809923765843
1735977327.602529 78.0508751926249573 -1.8830051435347277 3.4897326765707462 -0.1693353575801818 0.0778436154321553 0.9260178497666178 0.3282633852918297
1735977327.702425 77.9256540178802481 -1.7925315471683543 3.4844766288703863 -0.2082083336541301 0.0905266566944417 0.9155299441790307 0.3320529107480286
1735977327.802447 77.8014781305079595 -1.7048930267856972 3.4794056695843580 -0.2119915745632774 0.0814040062955592 0.9168553100092822 0.3283432663859547
1735977327.902554 77.6709249967207143 -1.6072004652880842 3.4671592212110380 -0.1885410332432148 0.0700560351401662 0.9256324155225373 0.3205449454568482
1735977328.002580 77.5354243904239695 -1.5126021795195104 3.4560446000207965 -0.1730726359583184 0.0638343775115014 0.9330478901765666 0.3088570374254347
1735977328.102558 77.4022366319560149 -1.4268734926874698 3.4573475914199387 -0.1709139066442466 0.0603126157885535 0.9386317293585064 0.2934643104941445
1735977328.202660 77.2680257985916938 -1.3439229711182492 3.4589767010341177 -0.2174976448510326 0.0701938101051414 0.9342228714381264 0.2738525698055057
1735977328.302480 77.1319475734265012 -1.2631181543314312 3.4589462551915475 -0.2091136561299206 0.0628757161660408 0.9407747293499952 0.2593473187696920
1735977328.402424 76.9898712232779161 -1.1796842280668709 3.4517614698968959 -0.1858070720636642 0.0507475232080513 0.9489364795061795 0.2498399061835297
1735977328.502434 76.8498820796664575 -1.0849422724231701 3.4463832494453039 -0.1807352095698435 0.0477023236387025 0.9483266935024779 0.2563898491201843
1735977328.602509 76.7083067382473587 -0.9959215170769389 3.4553563441908408 -0.1779566346593890 0.0468688968088977 0.9473300032167405 0.2621080076952859
1735977328.702472 76.5674354593842850 -0.9071083861853895 3.4577804237962817 -0.2064931638477631 0.0526737966443651 0.9409868179920285 0.2629255651252767
1735977328.802390 76.4241237555886670 -0.8252331315633102 3.4571441539524388 -0.2012358829567459 0.0532557555219465 0.9432474271951113 0.2587512995217778
1735977328.902486 76.2710947427824948 -0.7537946517937861 3.4435054912568006 -0.1787319355870333 0.0395992789265456 0.9516604078490976 0.2466358863634805
1735977329.002421 76.1206030760990018 -0.6932817401359133 3.4311791357401642 -0.1725266535554489 0.0338405764817833 0.9587282229462332 0.2234492419380665
1735977329.102420 75.9634264649742477 -0.6493173633776554 3.4329599736855494 -0.1870886988233731 0.0377518928267059 0.9641542252706019 0.1843345959211772
1735977329.202320 75.8076842881418571 -0.6129789113827473 3.4420045095278269 -0.2231998559593009 0.0351040357731013 0.9626926541167115 0.1489039444806951
1735977329.302602 75.6470190780740808 -0.5754768927068494 3.4412191123465332 -0.2075603744641223 0.0320587616297703 0.9699642672616122 0.1227201979737750
1735977329.402653 75.4872707849906561 -0.5344958227383030 3.4357028389693638 -0.1879667203113381 0.0299114542643397 0.9747796680323443 0.1165264594413833
1735977329.502567 75.3283394324694342 -0.4811045360425370 3.4366470735238450 -0.1857803940351443 0.0308765346215992 0.9741280915860983 0.1249269626010893
1735977329.602371 75.1717708090445029 -0.4287941926005768 3.4451504840712248 -0.2147720104335043 0.0317780061698709 0.9663842328787103 0.1377122227750504
1735977329.702611 75.0188775367580263 -0.3696008138492471 3.4450370826606793 -0.2336370822577467 0.0491221356205258 0.9594178353354097 0.1500604772299571
1735977329.802426 74.8682662025183987 -0.3163043234615479 3.4424859870528590 -0.2174742306349106 0.0451555648832268 0.9623005529419075 0.1569827371959402
1735977329.902582 74.7086435777922588 -0.2705950073180213 3.4422588843679334 -0.2019401060891243 0.0387568050670069 0.9669422219823424 0.1508006729479746
1735977330.002483 74.5509265850831895 -0.2270388631831202 3.4478562752948072 -0.1978471256745769 0.0438739467910573 0.9696083906924476 0.1370808533460651
1735977330.102510 74.3921633837681497 -0.1946421871975635 3.4612338944635161 -0.2291728726430831 0.0454042045826455 0.9643040048474831 0.1246436475952130
1735977330.202548 74.2360075674396995 -0.1662410913425679 3.4649804550882668 -0.2281903575200598 0.0410575058150573 0.9662977955183104 0.1118571067369778
1735977330.302443 74.0775090432749153 -0.1355615593191994 3.4527435426071884 -0.2097455865550450 0.0374321602660913 0.9709949340029088 0.1085101858775501
1735977330.402409 73.9175315648285221 -0.0993093765139224 3.4436278910816722 -0.2110552066234276 0.0402463319976908 0.9698140468396685 0.1153110882367304
1735977330.502569 73.7523418756849622 -0.0590799581424777 3.4379815836692496 -0.2475233219274921 0.0385670110067127 0.9600753670298480 0.1244993188193810
1735977330.602638 73.5938503769951780 -0.0095908574756225 3.4443947119049043 -0.2648181313724018 0.0500874754297218 0.9533713372883585 0.1358149304697873
1735977330.702562 73.4419044343253660 0.0395502745821426 3.4585753669135766 -0.2500077954351612 0.0548826050230722 0.9558329299769929 0.1444555705368571
1735977330.802462 73.2758408092860662 0.0920680137409463 3.4586338139515886 -0.2261543695713781 0.0456138530348911 0.9620114937798709 0.1459707620398871
1735977330.902479 73.1174211345451965 0.1451145512108521 3.4691236796239768 -0.2160681122097727 0.0420884291584766 0.9648183519759355 0.1437660693888407
1735977331.002743 72.9630830664041667 0.1846588159271413 3.4868628103805390 -0.2299224835132403 0.0421061578057746 0.9625682487004634 0.1372045540193976
1735977331.102404 72.8096609739233998 0.2246002925290407 3.5014556561274546 -0.2406816018325630 0.0431841052277054 0.9607765460759496 0.1308278567636218
1735977331.202529 72.6527206289820811 0.2642340093589181 3.5003097175295164 -0.2237260142892764 0.0414559688151444 0.9660067861033833 0.1227149639695366
1735977331.302421 72.4908789728491740 0.3106632592839814 3.4855672231340846 -0.2032228759429229 0.0402372871676734 0.9706065546531041 0.1224922017081281
1735977331.402396 72.3333369397283121 0.3607036610881873 3.4714689505852996 -0.1841736009186805 0.0440018088463589 0.9724264331738852 0.1361277253450246
1735977331.502493 72.1687203493368514 0.4192254564770503 3.4563596202133744 -0.2037012931006784 0.0496588427973159 0.9658927496383003 0.1519571607964134
1735977331.602668 72.0079144943520788 0.4740241020853097 3.4438509558983808 -0.2375989985002981 0.0501166065210459 0.9573254957759977 0.1567256737095433
1735977331.702403 71.8390348256613009 0.5240529250814349 3.4432614567724911 -0.2248580739028659 0.0448932247319207 0.9601175381295386 0.1599929934401395
1735977331.802489 71.6765369388410960 0.5692870886195267 3.4355105552935195 -0.2013685290696488 0.0446728069375389 0.9663410677032229 0.1537530379889863
1735977331.902503 71.5148646990944314 0.6029568396910246 3.4358019268217657 -0.1995109911154305 0.0483878090383155 0.9688295246085764 0.1386482477614837
1735977332.002547 71.3557381632785734 0.6268279392057243 3.4443903819157886 -0.2349516469710655 0.0459778880087407 0.9630744199792721 0.1231723141839440
1735977332.102507 71.1998570860532567 0.6481363754432797 3.4491188751171773 -0.2418361538484229 0.0446628521293667 0.9633422547113155 0.1072017006357232
1735977332.202426 71.0414696627586011 0.6638554085762329 3.4434037848102790 -0.2198297289596691 0.0358507832056983 0.9702048142097331 0.0953531860679732
1735977332.302456 70.8889207475981777 0.6802350753748588 3.4393963801441898 -0.2103222372378837 0.0316355795295058 0.9725147605191843 0.0947564625943650
1735977332.402575 70.7310738187764940 0.7033289539559788 3.4427717100639561 -0.2185019255121138 0.0334266966498761 0.9705803513099179 0.0954638473438633
1735977332.502498 70.5759718187947414 0.7230210408688482 3.4503132200217896 -0.2475000027208743 0.0383714519316905 0.9632696931871479 0.0968652595978517
1735977332.602474 70.4256087571760787 0.7501516344865427 3.4558418190280844 -0.2474704363302304 0.0476188058887518 0.9626007761859089 0.0994513858854699
1735977332.702546 70.2631203350734523 0.7683779505505168 3.4541142520977179 -0.2169640395598193 0.0414438993751930 0.9706419099397585 0.0952013204265660
1735977332.802437 70.0995629586336264 0.7812131129566056 3.4524909364068956 -0.2145595299410450 0.0332018097779703 0.9723702313454875 0.0857786752757833
1735977332.902605 69.9307408762034441 0.7863140120642990 3.4667040976984818 -0.2048191355050027 0.0246712587843289 0.9769846802408479 0.0542345396926006
1735977333.002654 69.7509809250013291 0.7758123720599731 3.4651512341216395 -0.2264369338728122 0.0242036869375665 0.9732274349862597 0.0311264567044463
1735977333.102307 69.5626333455564207 0.7712443527845816 3.4552847538208029 -0.2384064821992317 0.0270879419058500 0.9703663085418230 0.0285975505176271
1735977333.202469 69.3789743187055308 0.7761336102754608 3.4483354883725235 -0.2209153792407703 0.0309372688988644 0.9741076362219746 0.0367912171859469
1735977333.302300 69.2026537613953678 0.7917310001910696 3.4548153565016917 -0.1949788440900413 0.0380623164475783 0.9785000351053494 0.0554273553652511
1735977333.402405 69.0326070705904868 0.8109846109114945 3.4611612664139804 -0.2156990880205779 0.0456771120301801 0.9726720364869749 0.0727778420946547
1735977333.502319 68.8741985559885705 0.8356601990632183 3.4718773501340139 -0.2409419596440771 0.0590809294017969 0.9647172673828377 0.0881873566747669
1735977333.602366 68.7149366142937339 0.8537362870188901 3.4727563732517335 -0.2254835612360539 0.0579956797467518 0.9675147256470531 0.0985338540762855
1735977333.702830 68.5606084805818199 0.8758141078811001 3.4633017260454930 -0.2019640376102763 0.0565650834970077 0.9722616235536137 0.1035290017629004
1735977333.802372 68.4026052620441334 0.8968767127308602 3.4590848811273447 -0.2146994721041522 0.0578976832742965 0.9686583966849197 0.1106928429550363
1735977333.902485 68.2437879717446663 0.9201003776847212 3.4549150638179720 -0.2388057426844576 0.0608420199374076 0.9629270965708799 0.1097336437034525
1735977334.002410 68.0786767650036921 0.9484828928824021 3.4452071150085244 -0.2451785137236126 0.0629123046671870 0.9612041309957077 0.1096182324548697
1735977334.102346 67.9062716655184033 0.9814098546647619 3.4307127326545950 -0.2242790842268604 0.0641824027549103 0.9654023748147977 0.1165236725172885
1735977334.202303 67.7378816411124802 1.0299721873903522 3.4048510498308269 -0.2119339499460085 0.0667527898086575 0.9657279907126037 0.1341548130602899
1735977334.302457 67.5738522734292673 1.0854577703731216 3.3980953374563283 -0.2285146834977683 0.0703288349988543 0.9579802432765403 0.1584574008541073
1735977334.402383 67.4016229795983435 1.1512682827201566 3.3921679586686611 -0.2656971494482137 0.0815136485007508 0.9451816300850506 0.1714416403122537
1735977334.502389 67.2358365366215480 1.2134172040391800 3.3845604762569472 -0.2581785601095564 0.0704475202564645 0.9465899434410450 0.1798567679175590
1735977334.602360 67.0635242294676459 1.2690797252988342 3.3969976504737467 -0.2295385298090962 0.0592743577393015 0.9549674758805091 0.1784257096331170
1735977334.702251 66.8996209375661692 1.3239225303409163 3.4183486315173273 -0.2245711124489924 0.0559814538703673 0.9582030893343474 0.1681687600777710
1735977334.802503 66.7408519651037437 1.3630439889551147 3.4411023786590591 -0.2534331111141231 0.0515598834604077 0.9543315511371050 0.1495477419181353
1735977334.902563 66.5797863649400909 1.4005661675784238 3.4549047882131472 -0.2556809741916788 0.0393119167004650 0.9575858507082357 0.1269297095447493
1735977335.002509 66.4116869099205758 1.4377326624854871 3.4631030760760235 -0.2231174759908234 0.0302170009995375 0.9676444806591591 0.1138845196150246
1735977335.102359 66.2503446890414551 1.4880213495633030 3.4787571740621210 -0.2016658215371433 0.0290240969757513 0.9711651057245162 0.1238015978959098
1735977335.202423 66.0892147404193082 1.5391047920090692 3.5049511297304505 -0.1986546514266034 0.0299180628476160 0.9707190146933946 0.1317035819357478
1735977335.302395 65.9376072889504456 1.5860921433212805 3.5202415645708780 -0.2194767879499349 0.0352550840962155 0.9653837547458669 0.1364596081971520
1735977335.402603 65.7793974153987620 1.6286655278216999 3.5255895162752471 -0.2128646225351259 0.0431410063401802 0.9669305005363439 0.1336896150696483
1735977335.502476 65.6194449972447700 1.6613030049851585 3.5239941705368079 -0.1954264726041569 0.0350598294120520 0.9720394314529105 0.1253740238956908
1735977335.602309 65.4636433515172342 1.6903711694156855 3.5325207371066885 -0.1935478534395219 0.0338983778823441 0.9748801712833126 0.1048750687461920
1735977335.702360 65.3098132273526915 1.7097127391383853 3.5523827937709673 -0.2053226561123566 0.0369021962477258 0.9747231202888728 0.0799729552622948
1735977335.802530 65.1631342168928285 1.7220177528357941 3.5652666613998512 -0.2290257775185070 0.0338749816593818 0.9708498661017286 0.0620501115218612
1735977335.902446 65.0115062779189827 1.7378056426131347 3.5657484108123070 -0.2142776654035127 0.0305110467784245 0.9751177871833154 0.0479526772184765
1735977336.002512 64.8501755844807235 1.7654380974365524 3.5634236240355870 -0.2008067400080108 0.0272329747713668 0.9781554793178319 0.0463343990244831
1735977336.102365 64.6901355251677046 1.7979547099849027 3.5783725919254001 -0.1887924176578682 0.0297798490598554 0.9795121917530100 0.0634543129510047
1735977336.202369 64.5401894070009376 1.8368958628371093 3.5934129594842972 -0.1956094589485089 0.0404310035767200 0.9764877325904174 0.0810800938583350
1735977336.302387 64.3881562186515168 1.8853598626059627 3.5983968898546679 -0.2196512776397253 0.0518207809335777 0.9688124150993099 0.1023251056393932
1735977336.402262 64.2373510958212677 1.9265557003931362 3.5903495344020344 -0.2039554478752118 0.0541368354342109 0.9708445760221357 0.1137197763785632
1735977336.502575 64.0824022537843518 1.9596029293275850 3.5911138539450698 -0.1903077640958006 0.0418866497634152 0.9742345020999184 0.1135587883634652
1735977336.602395 63.9256892396357941 1.9866729417424649 3.6028546868464533 -0.1903399952354676 0.0369972939810741 0.9759231621124108 0.0998792676402528
1735977336.702388 63.7751504195151639 2.0053919695981657 3.6187025240975941 -0.2182942479844373 0.0352986890006863 0.9720777953725334 0.0785263242194414
1735977336.802279 63.6282448525957207 2.0152184287603538 3.6288599936843244 -0.2270249312250686 0.0292745853441104 0.9717697734162422 0.0571505619371201
1735977336.902359 63.4714844698908820 2.0258894991479175 3.6231624839671959 -0.2031690979432345 0.0251159754896210 0.9778496700013302 0.0436065166509185
1735977337.002298 63.3096291024637097 2.0523247985089870 3.6089760224727025 -0.1876390139988403 0.0261110414419931 0.9808179802776900 0.0458901242573031
1735977337.102313 63.1447117348487765 2.0867907077704460 3.6037171514354953 -0.1802744888678436 0.0286757978748939 0.9807998276412503 0.0686331215854974
1735977337.202357 62.9783273149733063 2.1261713382187977 3.6016701638142692 -0.2273603394153574 0.0406812704027448 0.9690245613175956 0.0874283127058616
1735977337.302313 62.8237307129659683 2.1610483647768857 3.5955778358039079 -0.2363979336237960 0.0429615051989817 0.9655713977509657 0.0997105906846595
1735977337.402445 62.6656776490840031 2.1900708842421914 3.5970285799518709 -0.2078699332623794 0.0417874579111437 0.9715078144323515 0.1059078170093892
1735977337.502631 62.5034723109474228 2.2111959396104859 3.5948943401034845 -0.1900290757236605 0.0373174224106526 0.9764617390326255 0.0949675342926064
1735977337.602535 62.3451760626457698 2.2245657005275836 3.6088240013694466 -0.1810076394643703 0.0308851313895680 0.9799275044557805 0.0776171960692489
1735977337.702323 62.1901500581593396 2.2278918135346286 3.6178915223221839 -0.2157174789466725 0.0288503546974617 0.9742730712494112 0.0585287019244613
1735977337.802350 62.0371126205787249 2.2390778124407973 3.6177998207293736 -0.2122951731423518 0.0252142812195715 0.9759896172806592 0.0417045134654699
1735977337.902398 61.8813725227695386 2.2511298035547589 3.6054312801053787 -0.1935843689900187 0.0208932370309514 0.9800946025913745 0.0387702811488461
1735977338.002312 61.7232136984858215 2.2768747947025267 3.5931928527204495 -0.1950152248932994 0.0241576262955040 0.9790561894596004 0.0532395438788674
1735977338.102471 61.5704794062747212 2.3115315729365320 3.6008529212090483 -0.1965219156663684 0.0323367237327644 0.9773548353109023 0.0714912502020408
1735977338.202490 61.4193076082831411 2.3580951778457591 3.6120410517084287 -0.2042296119647857 0.0489661232671839 0.9736805086040493 0.0885372889434501
1735977338.302416 61.2633687520880486 2.4039442785013327 3.6016965502847880 -0.2072914867117214 0.0478199416985481 0.9721453308652918 0.0983714815869124
1735977338.402302 61.1070004480811022 2.4476579719591842 3.5852345584700420 -0.1883815973712080 0.0405624589716458 0.9762754647275291 0.0987586839983845
1735977338.502360 60.9536791174163355 2.4886119633721480 3.5699721778069100 -0.1675185388255787 0.0323661672795382 0.9816772298038905 0.0848515577342908
1735977338.602348 60.8013805714275151 2.5293900907577864 3.5626591038353284 -0.1674851024618144 0.0301849235904281 0.9826536496400198 0.0736845688753425
1735977338.702382 60.6436944018451527 2.5723840122146484 3.5450819628819636 -0.2212864062781148 0.0374516241718931 0.9721139998711503 0.0680005404237164
1735977338.802598 60.4871590876497223 2.6229501076366173 3.5340785552337324 -0.2180266097659300 0.0357972081829469 0.9729062476572146 0.0680910463265216
1735977338.902433 60.3257995001374638 2.6739944242902451 3.5105841303629348 -0.1962366036970398 0.0345946809123443 0.9769534425421119 0.0765269529456142
1735977339.002504 60.1694681234777633 2.7352938592326130 3.5064922865695731 -0.1748626681660766 0.0334748488676945 0.9783346225114258 0.1056591130501857
1735977339.102456 60.0095645022640340 2.8062209459617868 3.5168964276396735 -0.1843031833038906 0.0360726028181811 0.9739727758197235 0.1269178313397958
1735977339.202488 59.8549048646444035 2.8704605796164153 3.5165505380046596 -0.2141872366627710 0.0427810442423140 0.9659009985616234 0.1390283096421814
1735977339.302501 59.6935830717318012 2.9329688268216110 3.5137948911609338 -0.1889211464565967 0.0435453570504738 0.9697367077531945 0.1484025604121015
1735977339.402624 59.5360946386168024 2.9926004519024150 3.5100019746068876 -0.1779160516879582 0.0390551379452272 0.9721511609995722 0.1474540434136371
1735977339.502288 59.3769334505492452 3.0479943124801587 3.5113923548931529 -0.1788608813011764 0.0385470878631365 0.9731783292784041 0.1394519507942866
1735977339.602409 59.2242664339848233 3.0939416882703905 3.5178974869355741 -0.2089833583674827 0.0432554164921818 0.9681685946807038 0.1307841624338630
1735977339.702376 59.0728849776831666 3.1399940899864656 3.5168917493347132 -0.2156057039638899 0.0393281189959442 0.9683924822691785 0.1190944153141330
1735977339.802364 58.9195321713743425 3.1889598125510461 3.5002226500306484 -0.2007107916967504 0.0317269494284451 0.9723504289782181 0.1150791989992268
1735977339.902314 58.7641633073052745 3.2469009601661041 3.4928436877178748 -0.1850520570866969 0.0303391814957032 0.9741780063607255 0.1257476924527642
1735977340.002465 58.6021513622091561 3.3112656083603436 3.4945495856255397 -0.1719250610216833 0.0272211370357333 0.9749344807544720 0.1385768426800838
1735977340.102351 58.4417108208386793 3.3719918381278040 3.4882273478661050 -0.2043994241078058 0.0327857667639262 0.9676077737579557 0.1445031663503323
1735977340.202262 58.2832725072228612 3.4291836729685468 3.4732380029102607 -0.2160056011994333 0.0411622666898909 0.9648364330649479 0.1440066161047131
1735977340.302507 58.1218146646723852 3.4816509315238058 3.4547293403872521 -0.2066679879265511 0.0326352644632742 0.9679726112516316 0.1387526797813331
1735977340.402511 57.9648844381947086 3.5246795479792370 3.4499130240746978 -0.2007139087090063 0.0251436779099728 0.9711189114858869 0.1265297675109628
1735977340.502533 57.8038731096976903 3.5625691934660195 3.4497345852918055 -0.2196965469869958 0.0289455428151844 0.9696698990627007 0.1031303526846333
1735977340.602341 57.6427627944749261 3.5881587010957947 3.4525576635599324 -0.2591381093630454 0.0355019156097345 0.9612170197891742 0.0874579620812417
1735977340.702482 57.4866911624105086 3.6117772708345650 3.4607608164456618 -0.2283775701617432 0.0322962461540909 0.9703324877198612 0.0724948357247451
1735977340.802399 57.3266434289755296 3.6390733817943861 3.4584065990308122 -0.2002763305857861 0.0251970379543227 0.9768212000921689 0.0712379374765749
1735977340.902293 57.1604521091781663 3.6785486810538202 3.4745183436481284 -0.1806705925010517 0.0249169454845477 0.9794211687402461 0.0864375905294072
1735977341.002390 57.0020555155681166 3.7178697781198666 3.4780074691646905 -0.2206008680345136 0.0248763725024132 0.9703819994742908 0.0952638347423491
1735977341.102453 56.8489845724527143 3.7563829432098634 3.4824506155618908 -0.2346145363706981 0.0326793722142498 0.9666959985249828 0.0968861413775551
1735977341.202432 56.6986945630059367 3.7920007492925349 3.4807682034281813 -0.2072189937859681 0.0343179551629414 0.9726324019527950 0.0993417195306290
1735977341.302468 56.5404667231155784 3.8279042288952332 3.4726149631814796 -0.2004353447097948 0.0276041771253191 0.9748219892351142 0.0937324452897427
1735977341.402534 56.3838028780857385 3.8532362553678605 3.4818671250139244 -0.1966167476484594 0.0245238552331609 0.9768960834575064 0.0800904313512533
1735977341.502539 56.2295003092567356 3.8761888897211882 3.4930170786774792 -0.2236257741705504 0.0290516147231161 0.9718143876727969 0.0687336360215902
1735977341.602284 56.0743354304632149 3.9002514983479388 3.5012169291242983 -0.2301485825503007 0.0292587076950287 0.9710310083915336 0.0572218377564523
1735977341.702548 55.9115448103915682 3.9248796897635443 3.4934508020974770 -0.2072512863038747 0.0273561933218762 0.9764905267782418 0.0525813096515996
1735977341.802599 55.7460498805664315 3.9527415899762017 3.4817289417111850 -0.1966614131521240 0.0232112496634492 0.9782277848985618 0.0620961135541000
1735977341.902354 55.5791240047988708 3.9879953652280515 3.4802557582073952 -0.2053970268926307 0.0231089732371133 0.9754757014243824 0.0756650026776153
1735977342.002370 55.4189918824610359 4.0322765543736967 3.4835916774955247 -0.2237079620741544 0.0370703809797548 0.9690112197206636 0.0979683143374241
1735977342.102386 55.2616936847873816 4.0778597721989085 3.4856548278567980 -0.2384624944500600 0.0436726621579404 0.9638222609570084 0.1107925385773508
1735977342.202308 55.0971236861050926 4.1163404445055125 3.4774565115929503 -0.2084339195192609 0.0346996572608358 0.9702459391044057 0.1182118971644923
1735977342.302453 54.9277730782128941 4.1484253216195999 3.4690736675681664 -0.1815368911662325 0.0241100452466174 0.9768036031872633 0.1109855110556556
1735977342.402403 54.7614761289609788 4.1679765425345634 3.4775780529089300 -0.1744469316446075 0.0260755894489624 0.9793780236427047 0.0985242025107583
1735977342.502294 54.5945462104950749 4.1800754350323741 3.4752188384426912 -0.2148712082107926 0.0347639065019145 0.9718802142159472 0.0898369851582575
1735977342.602280 54.4282561395343549 4.1898958017082171 3.4640277773171197 -0.2254679276969657 0.0336910710843722 0.9706702878579749 0.0763434187008910
1735977342.702365 54.2589976898408395 4.2018039278576493 3.4513694612207106 -0.2087610313552328 0.0284232913455733 0.9744050638450668 0.0783946417153350
1735977342.802396 54.0892809848602312 4.2272111455797239 3.4586244979528429 -0.1857502016334785 0.0306128220525804 0.9772059744907274 0.0981233975090903
1735977342.902375 53.9301413088085724 4.2570713762564756 3.4682478733448026 -0.1873103234277295 0.0335017928225770 0.9758386541325651 0.1073843271423562
1735977343.002454 53.7681330577497789 4.2898800807535986 3.4669774434607690 -0.2336242301583871 0.0419722962595393 0.9644179083940668 0.1164308524336048
1735977343.102350 53.6060908590739587 4.3257939964756584 3.4611767533499687 -0.2160924145391179 0.0465457273545333 0.9677483469550596 0.1208333588436612
1735977343.202481 53.4358207316319707 4.3516935850833640 3.4423464877226717 -0.1967146158299777 0.0359596513728739 0.9724630526180602 0.1196907460281271
1735977343.302474 53.2766238229745781 4.3815032130634677 3.4296899597074537 -0.2189045766814413 0.0322772159560358 0.9680465842553709 0.1180032980452478
1735977343.402450 53.1217178799093048 4.4011617216747352 3.4326209661964242 -0.2490095179862772 0.0280562788581441 0.9624521401746362 0.1043694545455627
1735977343.502485 52.9654391066700256 4.4130440824780504 3.4364671855425426 -0.2631286349496530 0.0265022036378982 0.9601641124522707 0.0902542621188099
1735977343.602396 52.8081876625256044 4.4242017352006204 3.4332268033776354 -0.2334481630926850 0.0241741207923385 0.9682423187088754 0.0861648379202857
1735977343.702556 52.6422193682958977 4.4474059727085100 3.4123245754837663 -0.2191804789758942 0.0285255524720033 0.9702731405823146 0.0985710056588470
1735977343.802425 52.4829405849571344 4.4744041490643349 3.4184993593289841 -0.1782879190164083 0.0333719057725192 0.9769242866900724 0.1127770894863057
1735977343.902386 52.3180737412517658 4.5012235011371162 3.4099858493736948 -0.2303361071546355 0.0342691443381824 0.9663638879454144 0.1091409160773341
1735977344.002437 52.1581019400343777 4.5281574428933720 3.4042397829119828 -0.2431037250072948 0.0361050896932968 0.9639627380546086 0.1018471454095726
1735977344.102355 52.0012002140204785 4.5567619257634782 3.4068694748869142 -0.2096656065379151 0.0439783053533143 0.9716904764641244 0.0996185727776798
1735977344.202339 51.8339758944875086 4.5910899392256965 3.4042740187108902 -0.2008114653016917 0.0377608866588654 0.9745269954345999 0.0924446105045366
1735977344.302268 51.6752029469237257 4.6165116571734934 3.4126598069005709 -0.2225559071251594 0.0276371061972560 0.9707547246251307 0.0856756860651026
1735977344.402524 51.5237695424541400 4.6392341341493442 3.4245262326674144 -0.2497119966569863 0.0310645848347570 0.9647893814573171 0.0765529863678304
1735977344.502488 51.3653287897681281 4.6588350462288117 3.4242857111732379 -0.2336009659173096 0.0276887514019043 0.9694776163421197 0.0691163741808374
1735977344.602344 51.2062463748336327 4.6768824816995744 3.4237719492249918 -0.2146460113177805 0.0257573323769551 0.9738924272404018 0.0692617485917670
1735977344.702355 51.0423795293971878 4.7074138703021413 3.4313303979185932 -0.1997138085280380 0.0255601552527561 0.9758910126075564 0.0842484697693635
1735977344.802503 50.8821151491579187 4.7424927753990014 3.4364813388463129 -0.2256777305206176 0.0331768423462434 0.9687838153239071 0.0970915971928043
1735977344.902505 50.7225251145631546 4.7860634456594688 3.4361227915236046 -0.2486267174256268 0.0437620329930015 0.9618261718078296 0.1056411618450514
1735977345.002400 50.5604306880895251 4.8218501122582893 3.4347146654949143 -0.2216455307716758 0.0455345105330839 0.9674288762957264 0.1134955344876750
1735977345.102284 50.3955253964680523 4.8535814914343369 3.4298331517162346 -0.2022287159291612 0.0358818029386795 0.9725165348630443 0.1096705616356986
1735977345.202509 50.2370410585465734 4.8786568895120235 3.4379952351510026 -0.1856099534444454 0.0242167861715497 0.9773299594271664 0.0989375704975891
1735977345.302478 50.0825497041683718 4.8982151571671615 3.4448712820413561 -0.2082015694962488 0.0219489883918581 0.9750380884004329 0.0739667123529389
1735977345.402607 49.9299459838094464 4.9148937209875418 3.4477527957867347 -0.2252019491044949 0.0225103092951316 0.9725149269215760 0.0546999543847692
1735977345.502422 49.7743667534183700 4.9339131585987328 3.4388582245854167 -0.2119373959275253 0.0257357388366432 0.9757738119945232 0.0478087834991464
1735977345.602496 49.6226968474484593 4.9604377922933658 3.4265036845803172 -0.2013790733727884 0.0291216416267374 0.9773994459437207 0.0573473788885661
1735977345.702303 49.4812203431619295 4.9984352077263914 3.4322976653218200 -0.2039187527503432 0.0284255010131475 0.9755968684819482 0.0762881601371548
1735977345.802479 49.3418650567726971 5.0517884965005360 3.4344074887285596 -0.2342636282863247 0.0373370277613882 0.9665840456854164 0.0971688296033493
1735977345.902396 49.1977567576979382 5.0982849551742788 3.4410020083588329 -0.2422270131751692 0.0444434669520308 0.9627613954730861 0.1115407894908227
1735977346.002285 49.0446634843407310 5.1441086996274663 3.4334049911368014 -0.2080537795288893 0.0332971327969719 0.9706105060440422 0.1162762715611977
1735977346.102311 48.8971563223645020 5.1731932032532635 3.4336300086796134 -0.1776922879285477 0.0163191961066584 0.9784362015609558 0.1040275642515933
1735977346.202255 48.7445304569724911 5.2020837284869454 3.4367409159174604 -0.1600501200244059 0.0099790417770763 0.9831886107725900 0.0873185744984943
1735977346.302573 48.5931999092598517 5.2185882039501381 3.4302338031403741 -0.2213799406283977 0.0145759605052056 0.9722113376353125 0.0747233446526200
1735977346.402358 48.4526297779765258 5.2338221509309335 3.4151896579974981 -0.2262597287281324 0.0138846189822447 0.9717767799230754 0.0652965735236444
1735977346.502599 48.3013053857185000 5.2523597022935293 3.4006181310042192 -0.2139771058058030 0.0140544646385386 0.9747480061661276 0.0623104701463178
1735977346.602396 48.1550907326608453 5.2685451113182573 3.3918788981299830 -0.2262554774442450 0.0112081089322576 0.9718979247372614 0.0640098516795960
1735977346.702396 48.0090843438647070 5.2870196329089678 3.4022783125147598 -0.2467919910396159 0.0146735318096821 0.9669290081251850 0.0626633375186674
1735977346.802370 47.8634468510382476 5.3162632975428288 3.4120887322170486 -0.2600840165255835 0.0267043082411449 0.9629137066767907 0.0666361595775562
1735977346.902424 47.7211175538304317 5.3432888686727615 3.4270091070434092 -0.2420072820141032 0.0348855702799142 0.9670613170085596 0.0707663873888007
1735977347.002279 47.5624760641780711 5.3774910341639943 3.4294100866246966 -0.2139937628365183 0.0296984201299543 0.9736918292020410 0.0724492584781670
1735977347.102474 47.4074519583378873 5.4030508344306902 3.4271126219719519 -0.1995729093748283 0.0196317061645144 0.9771768543810577 0.0700759960234443
1735977347.202365 47.2568780539603424 5.4305285290484351 3.4278065014740737 -0.2237549586507579 0.0207536748216193 0.9722417676030676 0.0651839611304738
1735977347.302419 47.1037712696078472 5.4505951958586705 3.4311593435065002 -0.2517099101664552 0.0258884710244834 0.9652182506904429 0.0657695729504987
1735977347.402403 46.9474071424126365 5.4708732134259650 3.4324422442854852 -0.2335449034443687 0.0300453289190559 0.9693379241255783 0.0702712255281002
1735977347.502315 46.7856770564586597 5.4873853424516996 3.4168566836826804 -0.2138504074997449 0.0286469492163023 0.9729437222574568 0.0826309193498193
1735977347.602350 46.6253648300019989 5.5069126576715677 3.4110380635977635 -0.2131119525433955 0.0288864013876885 0.9715068476328373 0.0996158446258331
1735977347.702309 46.4629162306104675 5.5325694630420150 3.4252969355723430 -0.2069738073705138 0.0353395594427513 0.9706245907123533 0.1174770722542171
1735977347.802284 46.2986141540203917 5.5531708086508944 3.4196872567139005 -0.2312375999836725 0.0419285281330926 0.9639788227609701 0.1245632375573055
1735977347.902535 46.1273102223737794 5.5702910077010923 3.4164653316769735 -0.2140591405307307 0.0348969065443162 0.9689846680774418 0.1184466263754786
1735977348.002443 45.9616348049924852 5.5691176544920653 3.4053130672456402 -0.1877106498855051 0.0232635242810266 0.9774076855033604 0.0943278149675450
1735977348.115095 45.7991055432344467 5.5530870477317924 3.4125153409666709 -0.1669906299416105 0.0215018254816526 0.9838776247146869 0.0603043994949498
1735977348.201435 45.6495430553316481 5.5268136311507110 3.4142350494116975 -0.2154123909580462 0.0146700999011295 0.9755923400625632 0.0400234431537421
1735977348.309357 45.5083089783632460 5.4951947233052358 3.4113649754972681 -0.2311508125769755 0.0160631348566481 0.9724769725691239 0.0244911283197169
1735977348.419098 45.3652009449577207 5.4602884749027210 3.4000370695170399 -0.2135593957959060 0.0106511681896031 0.9768169410555685 0.0103730781509749
1735977348.502342 45.2101701872955886 5.4208131659463605 3.3847675908546617 -0.1975331678449091 0.0003033748661655 0.9802764495727373 0.0062159454561989
1735977348.602494 45.0630703252001652 5.3820204320197096 3.3844654256106903 -0.1882648191910828 0.0039517878748958 0.9820200399023854 0.0133185005784563
1735977348.702305 44.9014005492060306 5.3436218546012944 3.3908596664771524 -0.2060344966698585 0.0050703346001985 0.9784221069048530 0.0146375752400627
1735977348.802372 44.7446594054513582 5.3014150031342124 3.3946379531908852 0.2252426514784628 -0.0082095988587844 -0.9742549307225795 -0.0050675836718920
1735977348.902346 44.5814500432227305 5.2544807705765280 3.3889235959368276 0.1995642913254855 -0.0138555987393136 -0.9797852975254293 0.0016990480681930
1735977349.002520 44.4266656844018897 5.2035278467643158 3.3975401762877153 0.1820654016359681 -0.0187850125392597 -0.9828661015182444 0.0217609585579686
1735977349.102315 44.2738086549165004 5.1474992563721731 3.4118260035525556 0.1718901938131984 -0.0168920046624425 -0.9842168214288367 0.0385443882538409
1735977349.202443 44.1225457699385828 5.0938087530901006 3.4183942395489217 0.2268262558197828 -0.0090627855197691 -0.9728062374484974 0.0459971735077173
1735977349.302402 43.9863930951177124 5.0378687324177660 3.4209737343344337 0.2265574040824818 -0.0078863275835038 -0.9722714307414837 0.0574265918940082
1735977349.402356 43.8395030900688738 4.9880873990437156 3.4210822319614449 0.1951022177528253 -0.0098422356123596 -0.9787667479005515 0.0620798536584794
1735977349.502443 43.6895728264252696 4.9446170084671914 3.4263470149916309 0.1821096191940846 -0.0150895392666666 -0.9818295854675062 0.0511767281331105
1735977349.601481 43.5422971100699172 4.9087350622890131 3.4303743733121426 0.1993822912718576 -0.0193577992037430 -0.9790074835055254 0.0376340906273852
1735977349.702319 43.3834415779418805 4.8887636899126878 3.4323981746174077 0.2378502487436084 -0.0261480797225182 -0.9706794215314586 0.0229128286071668
1735977349.802344 43.2274895540727115 4.8677585780260255 3.4342811541531542 0.2205821309933049 -0.0347713412731103 -0.9746793517130667 0.0116033898804413
1735977349.902523 43.0678777279729132 4.8472077249379266 3.4203201696285568 0.2021136169668514 -0.0329274963827879 -0.9787609719140006 0.0096346082691162
1735977350.002236 42.9043073153051822 4.8212046206403567 3.4201236049261281 0.1854270534478338 -0.0237678232782109 -0.9821886606789122 0.0189032605662285
1735977350.102478 42.7364376552634155 4.8054477189377014 3.4329906925011140 0.1651931222246139 -0.0228715969649551 -0.9855055844612406 0.0310944595975747
1735977350.202390 42.5678243743474738 4.7819822586121408 3.4260221195179299 0.2017360175437311 -0.0196044692697853 -0.9786916191068039 0.0328779363760577
1735977350.302492 42.3976366403210605 4.7646260768970183 3.4174865911879668 0.1934269825051933 -0.0195252522573811 -0.9804496088165761 0.0303863708699237
1735977350.402500 42.2247415499450156 4.7577982805892409 3.4094552952740615 0.1885827245466332 -0.0245626253590328 -0.9815757879304776 0.0184988104131730
1735977350.502431 42.0512895613095594 4.7619587616615977 3.4161185290890166 0.1687604777535497 -0.0305205948517143 -0.9851248308139917 -0.0108379957554576
1735977350.602357 41.8851386587531351 4.7684340167960082 3.4171944384484294 0.1838742564202147 -0.0344354750103551 -0.9815215986477557 -0.0402468293742326
1735977350.702252 41.7153158739716758 4.7868748756549886 3.4137406293212207 0.2100285602813583 -0.0367089045483106 -0.9751298500943661 -0.0605164080885667
1735977350.802547 41.5433494949856268 4.7902367880652363 3.4066461066626559 0.1886192841702446 -0.0317659635416712 -0.9789154276908240 -0.0716817593831582
1735977350.902431 41.3729288513170559 4.7892898450383052 3.3962455218427761 0.1754453969360821 -0.0317588107357839 -0.9817853570240300 -0.0656338583947883
1735977351.002257 41.2076930047595411 4.7914648503654345 3.3967280905557682 0.1667814321774808 -0.0411082633714226 -0.9831993640666963 -0.0617501017186079
1735977351.102397 41.0444359343513270 4.7819630090602310 3.3932636290687523 0.2150552497419232 -0.0411106245887724 -0.9740023446390552 -0.0581428305295084
1735977351.202282 40.8837731480403050 4.7734422400455321 3.3891080944253034 0.2300354488286283 -0.0369529569827775 -0.9710655772525582 -0.0524386873176331
1735977351.301358 40.7210434765428104 4.7660427223710284 3.3757384071938943 0.2110972990791317 -0.0385848183367960 -0.9752006995185840 -0.0541547576291942
1735977351.401834 40.5541697290657623 4.7791022022386871 3.3681623717592903 0.1970941823523411 -0.0448115685211056 -0.9767409117526882 -0.0715751208037253
1735977351.502424 40.3936744612731999 4.7877929746278589 3.3715244667003517 0.2267450354562376 -0.0520277244367919 -0.9688238613906792 -0.0852063987381989
1735977351.602745 40.2339093580334364 4.8051570481995105 3.3723032595371625 0.2596984626405813 -0.0570211839350304 -0.9595305049784110 -0.0927712406979768
1735977351.702495 40.0737711486745241 4.8323551830911615 3.3729219178723757 0.2439960241108196 -0.0596351355176100 -0.9622445523220886 -0.1048571044630354
1735977351.802538 39.9179501626986522 4.8610194039314969 3.3675143439108028 0.2168255596023181 -0.0584114187341734 -0.9682524245779540 -0.1098272514611747
1735977351.902314 39.7495365646394418 4.8876641199036888 3.3641047706637925 0.2092893785639921 -0.0499455999235912 -0.9704363384537267 -0.1093467241260328
1735977352.002478 39.5909430606060369 4.9108422840608990 3.3680534696558184 0.2276908827877664 -0.0423148054079463 -0.9667082090818363 -0.1088189212977411
1735977352.102280 39.4329111785168251 4.9352472643386305 3.3719479586949310 0.2417139033461453 -0.0388145385391643 -0.9635243321729188 -0.1081142073822541
1735977352.202272 39.2719221020731553 4.9599858717812335 3.3697074921599870 0.2324472294755468 -0.0374868947502577 -0.9661120553255853 -0.1057852295251990
1735977352.302257 39.1047035364181923 4.9808059909757949 3.3571985130594553 0.2120115108800721 -0.0340793529920796 -0.9705333243022691 -0.1093379319942397
1735977352.402384 38.9342759859552743 5.0118850119054308 3.3592847082882549 0.1943974562572263 -0.0381430820614332 -0.9717789181805506 -0.1280643138091694
1735977352.502318 38.7629774620156198 5.0494339321569068 3.3616851714478986 0.2076291761659138 -0.0431893711771284 -0.9660753528500822 -0.1473879779275689
1735977352.602506 38.5924394420402237 5.0912437076442592 3.3617507795545070 0.2373496227428495 -0.0514188708462226 -0.9561301842757730 -0.1638179691654827
1735977352.702318 38.4194915971332520 5.1291432583001342 3.3550921488981746 0.2211203609687916 -0.0520880595134516 -0.9579712527475643 -0.1751676309436675
1735977352.802389 38.2466015381803857 5.1615585678759519 3.3507890469836101 0.2081567362497524 -0.0447494015138640 -0.9619253356535811 -0.1713706884089203
1735977352.902657 38.0689312172460248 5.1838735784431620 3.3587351176081675 0.2027247669803630 -0.0422940081412473 -0.9654096640855820 -0.1584236920989695
1735977353.002300 37.8957773088961076 5.1886140978778625 3.3653237075838747 0.2300120340363437 -0.0429683630826280 -0.9623286600957575 -0.1384620306465556
1735977353.102258 37.7276798922541303 5.1887020355235860 3.3699454821488484 0.2483231088171168 -0.0379686045861873 -0.9605658953825447 -0.1191938728337588
1735977353.202359 37.5478853633075786 5.1866898036192861 3.3688359352878683 0.2173996568925957 -0.0327613123833314 -0.9695420933911771 -0.1079454248060457
1735977353.302545 37.3719312232975653 5.1922529690626913 3.3698153829352639 0.1924612142891921 -0.0366897294313618 -0.9740075332052426 -0.1136744034865431
1735977353.402276 37.2076931719971000 5.2048756458193450 3.3775047258405144 0.1945835378679167 -0.0374208357104234 -0.9725605335821332 -0.1219136430592366
1735977353.502288 37.0453699966475227 5.2240605446421506 3.3835748678547208 0.2291480433738322 -0.0480753672504765 -0.9628831328115012 -0.1342981974145041
1735977353.602361 36.8808533899997997 5.2532243948359554 3.3815050428761424 0.2334853929257363 -0.0589116869619298 -0.9597171411094552 -0.1447653048568896
1735977353.702345 36.7135371251824623 5.2817056550272330 3.3648762683956561 0.2161003198009769 -0.0533393045749336 -0.9635072637211693 -0.1486920412326194
1735977353.802416 36.5413839703090702 5.3083458574944729 3.3575251087576192 0.1986687343428145 -0.0426045621252291 -0.9688985210855504 -0.1412488623634723
1735977353.902290 36.3794051152456532 5.3290293824479082 3.3651881079815911 0.2009581931768200 -0.0421012192849397 -0.9700906916722775 -0.1294887711758496
1735977354.002289 36.2240120224933975 5.3449512546746201 3.3680067043607775 0.2314342682275364 -0.0441698747484165 -0.9649539919700680 -0.1155465059433817
1735977354.102365 36.0618672441690578 5.3605047296334973 3.3621309530457526 0.2332277762375896 -0.0453297148757164 -0.9657104422076019 -0.1046583162092379
1735977354.202385 35.8970681185859561 5.3746540602544366 3.3427695937643569 0.2154792217177851 -0.0427216837875014 -0.9700062163957720 -0.1040745064644424
1735977354.302391 35.7360404349184790 5.4010940016245002 3.3359930704308556 0.2114757281737005 -0.0428192114178991 -0.9690698534287890 -0.1197837664396051
1735977354.402442 35.5804530593991615 5.4360218410025878 3.3339974877821024 0.2273764563676619 -0.0438671843584501 -0.9634385987551952 -0.1347652909868580
1735977354.502516 35.4304049321162040 5.4716239696442965 3.3280607996829796 0.2673846955858006 -0.0514885606708898 -0.9518684133837154 -0.1407155865172628
1735977354.602423 35.2775077559314880 5.5015865790595200 3.3185723009711054 0.2581278762350948 -0.0499788815125430 -0.9539541019423182 -0.1443734127204178
1735977354.702236 35.1111101493625029 5.5383308006452179 3.3010077750884856 0.2308351156051496 -0.0407952613814810 -0.9618525172885577 -0.1410341484819857
1735977354.802599 34.9435666404054004 5.5617134661363341 3.2889328388985044 0.2095356609234710 -0.0315198860322087 -0.9689727877318122 -0.1272518770828992
1735977354.902482 34.7866847247701116 5.5780754281136620 3.2876816208102784 0.2169847751660904 -0.0305361125948183 -0.9688830402634335 -0.1151121516765440
1735977355.002388 34.6310423884227063 5.5820860217152219 3.2820625547152686 0.2578941291945385 -0.0351547096446138 -0.9609565607838596 -0.0939002279190524
1735977355.102405 34.4681689809535072 5.5839294704957467 3.2717554651310259 0.2438207360875896 -0.0279055296904115 -0.9661789193212443 -0.0791898094809946
1735977355.202264 34.2966711679558429 5.5899786702932852 3.2592508550764490 0.2212855781674405 -0.0257680226356756 -0.9720841341662604 -0.0736283777274824
1735977355.302401 34.1205428068160543 5.6067501973403449 3.2443909803702446 0.2046202195385383 -0.0255828117047969 -0.9743654648804415 -0.0899334551187624
1735977355.402383 33.9430181699656828 5.6337855732745314 3.2383124930579301 0.2398456434826649 -0.0284426215035130 -0.9646190946196902 -0.1057122834843890
1735977355.502382 33.7759979862724009 5.6638390366157187 3.2280107069802471 0.2761624653554018 -0.0345006301733556 -0.9537672759356601 -0.1134547601501948
1735977355.602354 33.6118249634096955 5.6907654817917148 3.2221620586880206 0.2483935158342264 -0.0414300224002587 -0.9603466945691891 -0.1196596873030285
1735977355.702546 33.4423502700191122 5.7099649057157809 3.2117854740264700 0.2327050054929617 -0.0354349368270704 -0.9650257437289577 -0.1154038977286060
1735977355.802485 33.2726984127618692 5.7286893822977571 3.2205779247894952 0.2183699844442939 -0.0261607771825832 -0.9699688327736007 -0.1038779431776592
1735977355.902348 33.1088742816133390 5.7396337215265207 3.2278973068218173 0.2401733560152258 -0.0200507622389107 -0.9666493193769525 -0.0866245885536947
1735977356.002354 32.9534906743780169 5.7454063043712447 3.2274050186953929 0.2572678063050227 -0.0241859592569765 -0.9628911957529489 -0.0779028905450725
1735977356.102288 32.7887914614186755 5.7649746992438242 3.2221400509563800 0.2273234739338097 -0.0264903221688690 -0.9709142619819335 -0.0703405779769516
1735977356.202317 32.6194472807149722 5.7885061377245801 3.2045850638398479 0.2181060007369912 -0.0343898217012814 -0.9721428033975186 -0.0786478379123247
1735977356.302320 32.4548721578018089 5.8282676634367530 3.1929358115216453 0.2092094777871296 -0.0444050152033414 -0.9714466666981243 -0.1027178796020001
1735977356.402356 32.2954195962723460 5.8685615366077695 3.1754334852090720 0.2612710329803626 -0.0511528210844888 -0.9550430498986586 -0.1304362260292010
1735977356.602488 32.1403029806435754 5.9158542965435759 3.1600087941757571 0.2826658678420656 -0.0482226725695139 -0.9463071474101936 -0.1492560342757629
1735977356.702394 31.9699363285775142 5.9538694745937972 3.1477238348528269 0.2650643038876268 -0.0375250281571518 -0.9506241867460278 -0.1569918553295870
1735977356.802603 31.7957914971695565 5.9817171018684894 3.1333135901339690 0.2408173135884056 -0.0300824977127989 -0.9591958657790678 -0.1450701757073709
1735977356.902548 31.6378623548556028 5.9959002493494893 3.1292827815291764 0.2035759547694536 -0.0305592764869995 -0.9709772497062977 -0.1217626453929562
1735977357.002384 31.4730069986445962 6.0010719610561658 3.1192357237633619 0.2373151978616916 -0.0360107003195578 -0.9651334049124501 -0.1044137780585586
1735977357.002384 31.3148035971179048 5.9969663471779269 3.1046241455394301 0.2669861739469775 -0.0348679516941154 -0.9585578921604820 -0.0931094852454092
1735977357.102410 31.1543197042470617 6.0038092431914061 3.0806865370772081 0.2662885607725970 -0.0309763359029183 -0.9592241134740305 -0.0895542804429187
1735977357.202417 30.9827767222181620 6.0211553900366459 3.0570930769577700 0.2421464124529372 -0.0258755696442703 -0.9647088176760654 -0.1001622030997954
1735977357.302279 30.8150678762230932 6.0355257565649589 3.0462684285357864 0.2300441897860678 -0.0205596493485645 -0.9659175139622085 -0.1168774049395465
1735977357.402414 30.6521808310232871 6.0654395943659072 3.0302872421995826 0.2582024208570020 -0.0301750039740950 -0.9567154336046256 -0.1308302644706498
1735977357.502414 30.4933544356512591 6.0887367627191429 3.0125867889433344 0.2694601220231382 -0.0402242278409739 -0.9526635509895945 -0.1349274351263270
1735977357.602295 30.3169721230964555 6.1143125755004695 2.9912928004351547 0.2597859328253562 -0.0329740891704281 -0.9555311462767023 -0.1355883735597248
1735977357.702249 30.1303178267005514 6.1276273041981106 2.9815796488703272 0.2233879397250175 -0.0231479398110189 -0.9661294871356580 -0.1271055284199225
1735977357.802346 29.9660682803080078 6.1301262051718233 2.9799409123950746 0.1617779586490044 -0.0200085499509274 -0.9814244614885930 -0.1011611408399867
1735977357.902350 29.8029867104602211 6.1172863774921957 2.9604247841802440 0.2066865354448962 -0.0158641597250641 -0.9745713615712750 -0.0850862251314187
1735977358.002378 29.6443035379989261 6.1012187155076276 2.9342342482217774 0.2338385535250761 -0.0206649342576663 -0.9700399282433377 -0.0625701925127834
1735977358.102411 29.4790125085982098 6.0858944975117968 2.9022539175209534 0.2475925191788194 -0.0170520776015919 -0.9676301826833006 -0.0458148519198463
1735977358.202302 29.2973981421971956 6.0665075976830956 2.8769678809581474 0.2416196579185335 -0.0143889006025419 -0.9697164213411272 -0.0326031076454156
1735977358.302465 29.1312336911773961 6.0551090439739932 2.8676802520433147 0.2460036280658257 -0.0103753007699165 -0.9685142757552014 -0.0368057844742185
1735977358.402259 28.9710814994518522 6.0590632700053169 2.8582087031389976 0.2544140929541897 -0.0248977733367655 -0.9658768104739416 -0.0416600189372668
1735977358.502316 28.8049154651733836 6.0636058967433977 2.8463161484731567 0.2670130187422998 -0.0277193563193876 -0.9622591833819947 -0.0446424585387036
1735977358.602379 28.6231021645523036 6.0641801996524789 2.8354466931828117 0.2497638907949008 -0.0168318589439536 -0.9671818389343038 -0.0435198554126976
1735977358.702350 28.4304239998308681 6.0566622050128061 2.8158068782404624 0.2260784445580344 -0.0108191169189604 -0.9734706304948825 -0.0335621092783187
1735977358.802422 28.2653166687921136 6.0264151668794339 2.8177065475838399 0.2263249935384146 0.0023297818294909 -0.9738995581601930 -0.0170651701381627
1735977358.902512 28.1055584531779523 5.9877190381611545 2.8159611653201400 0.2644298447678893 0.0154292638570551 -0.9642743321281760 0.0037158325607125
1735977359.002352 27.9409025003575202 5.9465434757933480 2.8121028631806384 0.2717547507798571 0.0131560190780899 -0.9620703840502217 0.0199211125204823
1735977359.102246 27.7734884612576387 5.9058934415668967 2.8121314148186927 0.2664355605712981 0.0057702447971549 -0.9635858214851342 0.0219353817121619
1735977359.202560 27.6039916429273937 5.8778211469160411 2.8282887262481986 0.2447902519830035 -0.0021889378143134 -0.9695621987144871 0.0046993520055674
1735977359.302395 27.4557723466095709 5.8579626730038914 2.8459968830550904 0.2532557297507014 -0.0146282173503473 -0.9672761481517089 0.0049400225084593
1735977359.402444 27.3135797811143703 5.8384721496111078 2.8566567007574890 0.2856769497594672 -0.0171119952611693 -0.9581726686264869 0.0009985446936574
1735977359.502469 27.1726725885985196 5.8177235011054957 2.8650498317705742 0.2851060444508041 -0.0333935497962571 -0.9579138421552751 -0.0006966038615689
1735977359.602313 27.0234388205163185 5.7934436711622244 2.8609590040648354 0.2590945526329171 -0.0327138607482864 -0.9652976788565084 0.0004553077282713
1735977359.702626 26.8612962231869048 5.7729163014578306 2.8446762009935807 0.2338931459669695 -0.0226050312253651 -0.9719667244530038 0.0079809391097064
1735977359.802584 26.7012083949022099 5.7434920203314244 2.8346023588555540 0.2382046432622362 -0.0186491343104840 -0.9709254177541098 0.0146489206697176
1735977359.902456 26.5591082627910815 5.7065283631620654 2.8241199568568960 0.2845291403994119 -0.0046675491019123 -0.9582485417203378 0.0279484264279592
1735977360.002393 26.4158253835181362 5.6830748531124753 2.8186661152887087 0.2964641690377474 0.0016463189392184 -0.9543488117705855 0.0363954884948664
1735977360.102384 26.2681532967947895 5.6491405279522171 2.8115763032728363 0.2701847953926855 -0.0001690588003686 -0.9620463953062798 0.0382998829753814
1735977360.202268 26.1072589038718519 5.6271151344871351 2.8056028655964274 0.2526375154207217 -0.0042993674984240 -0.9672919335859784 0.0224079552984432
1735977360.302409 25.9422071084797459 5.6194580586119134 2.8052087371897318 0.2553378113715307 -0.0069928127689181 -0.9667939385594551 -0.0079487746396552
1735977360.402322 25.7934184091396936 5.6121015188399781 2.8054120035983603 0.2874537986025766 -0.0085276914438095 -0.9573415617152808 -0.0281908914391852
1735977360.502415 25.6432692977081871 5.6018908162491536 2.8073101039219268 0.2991690428251739 -0.0164397432295334 -0.9530769889841457 -0.0432651329193704
1735977360.602291 25.4868849758976879 5.5936467461457928 2.8116641513577196 0.2743309709514056 -0.0226843181411334 -0.9602253955190578 -0.0468522132625570
1735977360.702400 25.3241491375217649 5.5675102442662157 2.8130642120358469 0.2530235847463582 -0.0190192201742762 -0.9667077007111579 -0.0330689614565039
1735977360.802391 25.1760171912334521 5.5330034813847666 2.8258217623133142 0.2282346051252323 -0.0192642163989110 -0.9733503803164750 -0.0112646405907501
1735977360.902391 25.0328616574529903 5.4889835066902535 2.8260663297481052 0.2455608582238740 -0.0156716855990948 -0.9691383369694140 0.0150048990331906
1735977361.002266 24.8944010814998578 5.4379673748819970 2.8228025519728583 0.2588892792739814 -0.0123511301220890 -0.9651995734704530 0.0348363895109882
1735977361.102299 24.7457894524925663 5.3908653546269578 2.8115776139057718 0.2371189019134395 -0.0151563579835908 -0.9702822453364414 0.0457960211471667
1735977361.202413 24.5954526419603638 5.3489821645816980 2.7888888859445453 0.2126512552926862 -0.0175262190697772 -0.9762387208854221 0.0378184493542221
1735977361.302353 24.4452983527302479 5.3167116576479616 2.7703129501685799 0.2170285473209539 -0.0160226956717372 -0.9757721805629092 0.0225950107473516
1735977361.402342 24.3109498752106816 5.3013647535001240 2.7498080619340439 0.2653762086876266 -0.0169993912910331 -0.9638789997973085 0.0149586867089220
1735977361.502305 24.1730064469617965 5.2793474770037463 2.7480533689216999 0.2781081523882963 -0.0207195759616078 -0.9602785844935280 0.0095705229870590
1735977361.602309 24.0288465605662260 5.2546410674763360 2.7462204879659797 0.2537249855256671 -0.0259577093703345 -0.9668775679980363 0.0098791470506260
1735977361.702439 23.8801386445612778 5.2284989337992407 2.7235796397577694 0.2175725465418212 -0.0191177041584981 -0.9756765533203287 0.0187606950825156
1735977361.802418 23.7154336150513565 5.1928268476411485 2.7124205267043364 0.1870324706235148 -0.0101400691532079 -0.9816394326954171 0.0360563185510125
1735977361.902287 23.5659524041090513 5.1590192798041921 2.7063028555028019 0.1901181115574981 -0.0056589246787945 -0.9805513321814008 0.0483959211770048
1735977362.002384 23.4221381308385190 5.1157517016127825 2.6860825066719705 0.2348870179206111 0.0007384323076045 -0.9701415169927236 0.0604398919352681
1735977362.102310 23.2800571085979122 5.0779062894401346 2.6677921873270578 0.2529086654694779 -0.0068820122891809 -0.9656751235373348 0.0588336690888205
1735977362.202397 23.1220824609876203 5.0471593991892778 2.6406472864050863 0.2422506359481510 -0.0148692548608577 -0.9688987463909341 0.0482571640761848
1735977362.302309 22.9633882744355766 5.0232693050328834 2.6284327310763769 0.2319581101484529 -0.0155686872761748 -0.9723230035422746 0.0232600063496298
1735977362.402544 22.8199947409322945 5.0125866729790989 2.6224017863420501 0.2525856566710213 -0.0191811942352292 -0.9673838096181758 0.0010642933827480
1735977362.502567 22.6921693738876620 5.0072174714413684 2.6205529096843554 0.2839742254542590 -0.0246359048287408 -0.9583473716120113 -0.0179451050504685
1735977362.602268 22.5527641042216729 5.0006507001093530 2.6121756970454566 0.2818585115626308 -0.0254929646757843 -0.9588376911015524 -0.0231553521843635
1735977362.702249 22.4049285669372473 4.9876354043998026 2.6049363539896757 0.2474743027704063 -0.0155434894789879 -0.9685197351350889 -0.0220089085820975
1735977362.802382 22.2613654266468473 4.9645804735230747 2.5872454702961849 0.2196452607351864 -0.0067525021777831 -0.9754993554250631 -0.0105532324999371
1735977362.902534 22.1196662556807908 4.9341243344932035 2.5777760289324125 0.2259144275275304 0.0020548029430323 -0.9741393035796415 0.0033266260902997
1735977363.002270 21.9953080530441838 4.8971990009476176 2.5711135748918204 0.2590879616087793 0.0086898078929944 -0.9654363936839662 0.0270274885753088
1735977363.102241 21.8637466510151413 4.8579849405818036 2.5680580464355551 0.2663468459887307 0.0091171887654190 -0.9627855715439326 0.0449463872596448
1735977363.202491 21.7187915411270929 4.8178712552917897 2.5653737711033826 0.2381969482196863 0.0025827660459579 -0.9696627481960107 0.0548607139886072
1735977363.302323 21.5727009359053490 4.7886127587178677 2.5554416553201165 0.2128059280337544 -0.0008245744806108 -0.9756333897435127 0.0534082941892121
1735977363.402272 21.4319006869614519 4.7554312311284415 2.5529731261966577 0.2095191631502821 -0.0040808061026062 -0.9766925291743751 0.0464410459542074
1735977363.502430 21.2925056916729396 4.7269757976204847 2.5511050334199594 0.2491837341707996 -0.0118423633908664 -0.9675854820690750 0.0393136101518400
1735977363.602359 21.1623028954588825 4.7082126309902055 2.5497084230526554 0.2556811855632935 -0.0113664764938427 -0.9659775685548605 0.0372192370945891
1735977363.702264 21.0214423823437961 4.6782487964017365 2.5321538153911622 0.2359976627743556 -0.0045542268908051 -0.9708703005632469 0.0411730696778795
1735977363.802471 20.8795661354539739 4.6484188474360737 2.5079895439217568 0.2171538460487547 0.0012318281299806 -0.9748921233597196 0.0492751210741216
1735977363.902358 20.7371818714726537 4.6089574673722478 2.4934376753975713 0.1913887520716289 0.0022126126116933 -0.9792276519886691 0.0669227577633570
1735977364.002379 20.5993011144081279 4.5602430898055575 2.4813238684541035 0.2177906003014956 0.0119250042158632 -0.9722296390544752 0.0848208561544318
1735977364.102270 20.4780202749327778 4.5115208365335215 2.4628199748377337 0.2600736977893120 0.0199489127420557 -0.9607265046958554 0.0947010864430198
1735977364.202273 20.3570880982395117 4.4552739424219077 2.4481532804481718 0.2599889196567597 0.0147552276335177 -0.9600996129625844 0.1019645923950556
1735977364.302397 20.2235645589668032 4.4061831178736535 2.4250440454377853 0.2336418096018058 0.0129222585693641 -0.9661008087628028 0.1090584583941959
1735977364.402266 20.0844159146837704 4.3457753642052319 2.4043198202589759 0.2234660187570986 0.0084721530488936 -0.9689353469799383 0.1056193848516200
1735977364.502414 19.9497829929520591 4.2920075417907606 2.4013772215205580 0.2402096135252018 0.0012195817552315 -0.9651059703964223 0.1042512354631602
1735977364.602588 19.8210043686821216 4.2437577614206168 2.3936828626474971 0.2744766245885147 -0.0073471738390626 -0.9564424313117234 0.0991285891032122
1735977364.702380 19.6950331605745248 4.1972765789947779 2.3961569949101298 0.2743504127251788 -0.0119822660048085 -0.9563817586511492 0.0996102808863088
1735977364.802289 19.5579466114744136 4.1325572190924751 2.3850199006679746 0.2375191829584554 -0.0072460161819036 -0.9650947638096476 0.1101100805713982
1735977364.902338 19.4207054248274247 4.0630549737049453 2.3660144274554682 0.2033831636848690 0.0013125172301649 -0.9704734891876339 0.1296717888055611
1735977365.002354 19.2827825062430662 3.9859396864559917 2.3513576760890000 0.1877942803178006 0.0011000727297541 -0.9704349447729006 0.1516183237063580
1735977365.102315 19.1583055280568111 3.9050095915179170 2.3292690966414056 0.2124700132036098 0.0065581352586506 -0.9630532476370601 0.1653539433061657
1735977365.202569 19.0284552944548864 3.8202054331194599 2.2966778472357277 0.2444896127755486 0.0110642952756591 -0.9539436010743235 0.1734762709544655
1735977365.302459 18.8922752152813693 3.7249568114094145 2.2656345491647967 0.2443518196031403 0.0073649642487174 -0.9540982806223806 0.1730156538341739
1735977365.402520 18.7437002696436501 3.6426806772591731 2.2368939214508239 0.2304399323750716 0.0005951197538431 -0.9602947460277310 0.1572611972197429
1735977365.502480 18.5971976995352577 3.5752002582646574 2.2247338944045079 0.2291536978205909 -0.0009454553056774 -0.9644240919217661 0.1318099382076000
1735977365.602396 18.4699240116553689 3.5181773669092355 2.2251716682119649 0.2757101559575651 0.0040169942529609 -0.9544747705623406 0.1137791106442394
1735977365.702279 18.3421584004454559 3.4652607807087623 2.2247797719507183 0.2855132682195373 0.0059653346445067 -0.9528175292645018 0.1028851028063236
1735977365.802355 18.2005027306748524 3.3993568022881893 2.2232029346970177 0.2590442651386760 0.0039907087190767 -0.9608545895734503 0.0981763751536965
1735977365.902337 18.0575696522901552 3.3348256345664615 2.2145958209769492 0.2277896438907741 0.0010047862811110 -0.9681935722242510 0.1034991557660633
1735977366.002450 17.9201832544283697 3.2630271793544474 2.2104159539175146 0.2334939153396743 0.0100361291031693 -0.9668737385753811 0.1026403491091069
1735977366.102412 17.8032721822011304 3.1892852624836259 2.2123934611950937 0.2654372506068205 0.0199726382214980 -0.9564105012866443 0.1200962644772722
1735977366.202382 17.6887415868397504 3.1188172282001294 2.2161454879747544 0.2693442069259306 0.0336678321535543 -0.9531385612566335 0.1335928827413953
1735977366.302265 17.5555290832792004 3.0497531045683348 2.2061271155329316 0.2501388517914205 0.0207315160691223 -0.9582214275321697 0.1371585027774682
1735977366.402267 17.4148628356544819 2.9874832979119255 2.2048222541604732 0.2197717390260147 0.0123516231463013 -0.9678892166018485 0.1214013365535692
1735977366.502404 17.2721717526683278 2.9408137967310894 2.2039473145978139 0.1780303225087461 -0.0021046468192391 -0.9796949201360005 0.0921880588195345
1735977366.602285 17.1153647634394090 2.8952346565588303 2.1948151333964483 0.2257450760016638 0.0010109704200880 -0.9717374556755035 0.0690250377552337
1735977366.702456 16.9636813550930867 2.8595821222583662 2.1730607743549570 0.2493264209189138 0.0133966813295909 -0.9666072361489557 0.0576828898859520
1735977366.802347 16.8102974780578549 2.8099414638016778 2.1480131553770097 0.2231725013385410 0.0126446648792970 -0.9728386731618266 0.0601586493957938
1735977366.902369 16.6510084983861510 2.7556613174894293 2.1080863919957542 0.2325829796453845 0.0125935587744633 -0.9708529628126253 0.0564896844974008
1735977367.001742 16.5083353475144072 2.6962285591684299 2.0832699398232872 0.2538544567687230 0.0217073698760213 -0.9643081772933287 0.0720863654024830
1735977367.101713 16.3835679249083022 2.6265506357065989 2.0650524631957694 0.2923725587194264 0.0367356754646996 -0.9509164528435694 0.0944810921158922
1735977367.202423 16.2510715229812668 2.5486149094076191 2.0563563519755834 0.2964702917891720 0.0334211342498763 -0.9477934361612821 0.1125877268688050
1735977367.302720 16.1132804912707925 2.4727877591274141 2.0393784932832362 0.2644298177918328 0.0234949541838381 -0.9564776089673980 0.1211422392664375
1735977367.402340 15.9652161579638339 2.4085488848049703 2.0180593688680575 0.2269939512439428 0.0095549818711631 -0.9671831155417580 0.1137509095833642
1735977367.502437 15.8131247660713399 2.3463779582330164 2.0098119293503878 0.2054002114118507 -0.0012402845507611 -0.9736430970987248 0.0991379559916569
1735977367.602435 15.6650803260997282 2.2943140094571217 1.9807682733196916 0.2537132525008570 0.0076733159526104 -0.9632515856939602 0.0878469600259403
1735977367.702291 15.5096307248208269 2.2453374072530847 1.9589312884972898 0.2729046993873676 0.0033417503917648 -0.9587291379579235 0.0796887557128790
1735977367.802287 15.3426581329868164 2.2014342797534874 1.9365787590424044 0.2557689159163577 0.0000978056070566 -0.9637974397152368 0.0753441921012413
1735977367.902434 15.1769364135458193 2.1504068134062879 1.9206202035984183 0.2160070866845157 -0.0022971067334884 -0.9731569986435662 0.0793795804585115
1735977368.002302 15.0266168342364601 2.0986942329066927 1.9192750973713684 0.2130390832040261 0.0031557478429989 -0.9735505577097849 0.0824845553185947
1735977368.102464 14.8916881175873765 2.0380698742910495 1.9126108140634717 0.2537766247316513 0.0169376114999906 -0.9630235468753544 0.0888605099023076
1735977368.202526 14.7455541473052651 1.9757887860355887 1.9010654273740857 0.2600222195924135 0.0214406853413163 -0.9610435071405563 0.0912366138855946
1735977368.302347 14.5979424752183071 1.9122624837494464 1.8885877321896627 0.2352902373611827 0.0157951175955082 -0.9681106370231041 0.0845624795366238
1735977368.402496 14.4482847443084097 1.8650108953710158 1.8827720292911738 0.2144636923776818 0.0086893295369429 -0.9746576178457318 0.0630265672491592
1735977368.502394 14.3013298335286052 1.8287384239046851 1.8800437695782835 0.2416024118240124 0.0035342809566323 -0.9694254873463561 0.0427785921018893
1735977368.602617 14.1612590757238408 1.7995750991726658 1.8740678813140488 0.2775182941663323 -0.0075113078662284 -0.9603620079801893 0.0251394169663196
1735977368.702322 14.0112861723983357 1.7671736055760909 1.8692669627676237 0.2593270414178658 -0.0123352791639335 -0.9655138462732644 0.0195022853022825
1735977368.802280 13.8544881951584777 1.7301196745478824 1.8557047472993460 0.2383624867518397 -0.0105635106374343 -0.9708076155548901 0.0245827324177062
1735977368.902302 13.7024967472812573 1.6791246066871264 1.8516763857747416 0.2037715392099066 -0.0063572221532727 -0.9781169097354601 0.0415217584414916
1735977369.002409 13.5599082476393011 1.6283698521474903 1.8502239735861641 0.2025117494695499 -0.0018880369706696 -0.9773796570485377 0.0609461453322749
1735977369.102321 13.4211780454719758 1.5728405748018721 1.8435993250870901 0.2500591492233640 0.0052341626033830 -0.9656721914253485 0.0701444519494854
1735977369.202524 13.2871118141875613 1.5272235804865910 1.8309220611037720 0.2437920355511444 0.0091179532606134 -0.9668662002148948 0.0751801650182937
1735977369.302430 13.1394901414462897 1.4770942052177050 1.8031723998279559 0.2166509576402393 0.0123805509128199 -0.9735502223674836 0.0714776121655283
1735977369.402272 12.9882738754489804 1.4370307481719999 1.7843440532903396 0.2139157695787758 0.0174152164277444 -0.9748299311389553 0.0603602445150351
1735977369.502385 12.8480173160516937 1.3981705319139499 1.7725333195020050 0.2431761461205543 0.0259588275291803 -0.9684361102947044 0.0481975259585813
1735977369.602409 12.7064006794550615 1.3724917764343831 1.7673865034738843 0.2790266740423565 0.0099749038489327 -0.9596067588486439 0.0346335796311271
1735977369.702366 12.5640688874887587 1.3410122578940367 1.7618972165947615 0.2708466627873529 0.0027754048479238 -0.9620585119118673 0.0328298955649847
1735977369.802366 12.4119649210302363 1.3058124164228482 1.7455744506968391 0.2366952725115727 0.0012419580367268 -0.9708166705094505 0.0385849422942719
1735977369.902409 12.2628907113013028 1.2600223996341631 1.7241794593613238 0.2014360973720152 0.0011690533234732 -0.9775543437628164 0.0617222567661637
1735977370.002358 12.1236913053292046 1.2054672798625867 1.7068293343943495 0.2140837336136841 0.0064014682976441 -0.9733222562164033 0.0822858539450722
1735977370.102272 12.0014482540810707 1.1406865132229465 1.6867219478449513 0.2597042660315904 0.0172840292806503 -0.9602214688248865 0.1011419168524917
1735977370.202353 11.8869727770196896 1.0757487042516383 1.6743647449061390 0.2896712165028695 0.0240783754087996 -0.9498214959508824 0.1155419577341860
1735977370.302531 11.7623397229706121 1.0114626078902533 1.6645608796855624 0.2644482948317463 0.0190538586036833 -0.9556452780116631 0.1282425531830360
1735977370.402383 11.6264814486459702 0.9393530920623985 1.6553813159560364 0.2301366192673468 0.0201058797065404 -0.9644768891183561 0.1281297015917888
1735977370.502538 11.4925575826045936 0.8705186095072250 1.6472431331814361 0.2294486613150124 0.0118852382981547 -0.9653237398153176 0.1239440610933569
1735977370.602442 11.3662825566834123 0.8038187838156633 1.6505323625332438 0.2521181539184836 0.0062284308727867 -0.9609337456440046 0.1140349928582541
1735977370.702434 11.2481755747424010 0.7435546536925082 1.6517410983911427 0.2727251314598274 -0.0055436032300239 -0.9567245275091557 0.1013333587513545
1735977370.802366 11.1310937456243213 0.6786463838944357 1.6543206617216308 0.2619805866277446 -0.0081076832055927 -0.9599026401205616 0.0994352009742845
1735977370.902509 11.0015570883055886 0.6003356278727880 1.6430009361573579 0.2317604326624753 -0.0094833109438544 -0.9672732133831738 0.1028576654267122
1735977371.002596 10.8637888172711552 0.5062210502801814 1.6321779625275727 0.2047983517246229 -0.0081594322700257 -0.9724964174521962 0.1106425634127868
1735977371.102304 10.7376746195392236 0.4212600097248826 1.6292095134759847 0.2170645569425800 -0.0040958671487279 -0.9690306565885878 0.1176681290031934
1735977371.202595 10.6221510507598644 0.3237055563234714 1.6175506563835793 0.2587102360465974 0.0137107406492806 -0.9565117077314039 0.1340387344326837
1735977371.302266 10.5024579543088201 0.2281167295228372 1.6135739702361711 0.2600892985571782 0.0103037895779380 -0.9549867132601892 0.1422946456929067
1735977371.402473 10.3739985842456459 0.1374223402844366 1.6019136980875341 0.2352648046080247 -0.0045774135379471 -0.9617189323376392 0.1404500415856192
1735977371.502432 10.2342847019766516 0.0651394622356462 1.5882992702404533 0.2209092791996499 -0.0123924220907634 -0.9684874459267335 0.1143572705188780
1735977371.602605 10.0997894627521418 -0.0029491253067340 1.5771017892081225 0.2446367575351611 -0.0114236752253418 -0.9658037485268537 0.0851203608927189
1735977371.702366 9.9567702467812502 -0.0584327276730096 1.5639461732116884 0.2887400137911141 -0.0073111383968284 -0.9554173379761747 0.0612655040440367
1735977371.802362 9.8120831929664938 -0.1129365066197643 1.5598305266893420 0.2762952621256671 -0.0107776184399042 -0.9599797352674493 0.0445385107913438
1735977371.902428 9.6553956692980858 -0.1796603142218106 1.5610744270627843 0.2540180187036151 -0.0127882663917711 -0.9661869949633315 0.0423556038831999
1735977372.002390 9.5151331611159993 -0.2522857712139024 1.5782126838780441 0.2270151513593988 -0.0143292122239973 -0.9724687245673881 0.0506297784765679
1735977372.102415 9.3769916386673255 -0.3251777940720033 1.6038566986565514 0.2439301381358767 -0.0042660131482401 -0.9674035274723992 0.0678992185138396
1735977372.202382 9.2543926885635983 -0.3977898615478304 1.6179457837402731 0.2560850370779073 0.0078735560899980 -0.9631569453602130 0.0817750542872853
1735977372.302352 9.1204943868384341 -0.4692726511188187 1.6214003042483933 0.2394734329397406 0.0044804591530591 -0.9668990933335571 0.0879689929041978
1735977372.402509 8.9781609541210390 -0.5323632537233933 1.6105967018044915 0.2198910127247082 -0.0099419106634143 -0.9724820040973916 0.0763403736039057
1735977372.502636 8.8372043789958887 -0.5764885236865593 1.6073257801633931 0.1894921257191670 -0.0230531319020952 -0.9807108385767808 0.0420421038717533
1735977372.602446 8.7038507958688651 -0.6014338870300563 1.5945776415304111 0.2052043390612740 -0.0270599856639416 -0.9782826670545635 0.0110435386947845
1735977372.702323 8.5682175385122417 -0.6180169084448712 1.5795801974416692 0.2470311072050821 -0.0291682542611742 -0.9684697731514200 -0.0138254659387628
1735977372.802608 8.4226434715266851 -0.6277791686803956 1.5640042637304021 0.2438873093054105 -0.0324756639528399 -0.9689257354260842 -0.0254407319000714
1735977372.902573 8.2709746165398492 -0.6462398013869557 1.5451089339075139 0.2161619656419687 -0.0333164050107580 -0.9754149134269604 -0.0270142264600491
1735977373.002429 8.1224441243984771 -0.6655968767114195 1.5371606551436601 0.2006361046788862 -0.0324398888648738 -0.9787363603915692 -0.0277118017671590
1735977373.102320 7.9813581535896398 -0.6883362990554791 1.5266528717240884 0.2228467259164255 -0.0304116745180721 -0.9742379942181196 -0.0165770149059267
1735977373.202296 7.8399307882539944 -0.7073231403764220 1.5136698564865485 0.2592863307501090 -0.0240826525666687 -0.9653975371610269 -0.0140790544754144
1735977373.302422 7.7032349012800099 -0.7144808890452294 1.5082464109893468 0.2402437902260257 -0.0173577569751994 -0.9703994428904621 -0.0175085912769741
1735977373.402606 7.5478498761654720 -0.7220862150571681 1.4898843524219845 0.2206269892853480 -0.0192060344245785 -0.9747584747971166 -0.0282979796410268
1735977373.502479 7.4005548617444239 -0.7169936610033164 1.4773668179434527 0.2220947796025288 -0.0189910619951081 -0.9736793262715541 -0.0475585747155500
1735977373.602627 7.2515212584548605 -0.6950341390597781 1.4717244031277452 0.2523371140729235 -0.0342267816403826 -0.9644920396002581 -0.0700686365474909
1735977373.702633 7.1065070624165747 -0.6703624888766841 1.4635597972122605 0.2680388325442218 -0.0473436067685846 -0.9582535175697153 -0.0875440644003904
1735977373.802513 6.9532128667614721 -0.6428427928793533 1.4507191216509783 0.2354604013626628 -0.0477126773386416 -0.9654106811957101 -0.1013119758199765
1735977373.902414 6.7890142138475280 -0.6153532680009313 1.4203214554023680 0.2079849245749192 -0.0412939902205180 -0.9712453088705961 -0.1082572284796420
1735977374.002347 6.6325085813446583 -0.5988747447937307 1.4094854529473000 0.1413613017491090 -0.0307760684475119 -0.9850738534543034 -0.0932701410924269
1735977374.102491 6.4758987604967020 -0.5900396161312027 1.3910669325424962 0.1473450480591843 -0.0183755127872332 -0.9856483588589328 -0.0803062265390145
1735977374.202426 6.3116595261260846 -0.5791987141316590 1.3598532215179073 0.1928850520734561 -0.0184262239102637 -0.9788862099974522 -0.0650969955977447
1735977374.302434 6.1497022417335154 -0.5688859321295822 1.3321154940758455 0.2079068660055950 -0.0211262143275642 -0.9759384943407053 -0.0622292005405373
1735977374.402404 5.9743551970022413 -0.5463970794160410 1.3096552003979685 0.1876793426131016 -0.0286818652144880 -0.9796141064473622 -0.0656507228708737
1735977374.502611 5.8124806909214186 -0.5084989858981575 1.2944166115947111 0.1779112941388827 -0.0348655478299378 -0.9795353506508007 -0.0874211748820582
1735977374.602494 5.6642287889719292 -0.4552391122118378 1.2811762591179989 0.2075619488364869 -0.0496672862631317 -0.9701941443606872 -0.1147803132888651
1735977374.702494 5.5145326281838827 -0.3915357703433253 1.2727099199512768 0.2327331639052816 -0.0568098217674339 -0.9599349799224652 -0.1453710868455148
1735977374.802570 5.3576324062638925 -0.3284995355350516 1.2654393461591982 0.2177740600501028 -0.0544349072132911 -0.9601418870533753 -0.1665498615176792
1735977374.902427 5.1992944680003710 -0.2743870587493918 1.2518466027544237 0.1803007623494832 -0.0384705606682193 -0.9670484481856759 -0.1755817471143978
1735977375.002346 5.0483483150435653 -0.2438772629534976 1.2408057596201560 0.1900405335035229 -0.0318514969310376 -0.9668381891680432 -0.1676126299990779
1735977375.102518 4.9010635579490378 -0.2352745472005281 1.2284931094197127 0.2442029935658207 -0.0248497160257798 -0.9581114450725672 -0.1475460889616763
1735977375.202437 4.7467223417084483 -0.2270815899442022 1.2116037184369985 0.2640934492330775 -0.0239999259536177 -0.9554024413405141 -0.1299416357715359
1735977375.302375 4.5946504942029502 -0.2181832884287322 1.2008758257908412 0.2398181190197884 -0.0273602864079888 -0.9622997072993005 -0.1253712800012994
1735977375.402535 4.4409619323351910 -0.1924057977285454 1.1982068324294255 0.2040840291479242 -0.0269145448106873 -0.9672268339542740 -0.1486525075576395
1735977375.502577 4.2958727245702715 -0.1555883446023405 1.1966861934489332 0.1676515912545972 -0.0340510961599037 -0.9687641874543671 -0.1795255299560213
1735977375.602497 4.1515193507742350 -0.1194329086979831 1.1853350036127086 0.2197869124066986 -0.0462750515301194 -0.9551728968426302 -0.1928654190825134
1735977375.702555 4.0021560874468722 -0.0770824200860035 1.1709184199580485 0.2327409380156332 -0.0546567832231612 -0.9498596543240986 -0.2015215345976793
1735977375.802348 3.8433309005939846 -0.0414724483589365 1.1502933773036472 0.2154131737119256 -0.0543185099151821 -0.9537171212564262 -0.2026581276295263
1735977375.902498 3.6833444401514659 -0.0111165052050684 1.1327712234445482 0.2135768232797893 -0.0521451596257578 -0.9552831584046261 -0.1977369721468398
1735977376.002559 3.5448207587744993 0.0028746742985494 1.1459692057922639 0.2239572467660362 -0.0486567904837784 -0.9565799812098819 -0.1800844466057430
1735977376.102608 3.4080868886023339 0.0045119049886192 1.1482668010539470 0.2559296551923376 -0.0355454270256661 -0.9531216137913534 -0.1574665791031875
1735977376.202383 3.2751120140941228 0.0060274629622692 1.1478152536687563 0.2491842770471872 -0.0275673446928055 -0.9568638072070088 -0.1468294658315110
1735977376.302318 3.1331259226064310 0.0136487939746014 1.1376484417490542 0.2258289987974324 -0.0339213010887165 -0.9627427547513543 -0.1448343771636126
1735977376.402520 2.9868412973280822 0.0295117695062961 1.1268245678925255 0.2174660803915628 -0.0441262605667895 -0.9629245740704484 -0.1534198215967141
1735977376.502667 2.8605617513436745 0.0510012222045927 1.1152373112484970 0.2475921704195728 -0.0481648922145184 -0.9522531277494419 -0.1720239547164701
1735977376.602653 2.7427581480271068 0.0870413459907662 1.1145302440876117 0.2606179569835282 -0.0716974929840187 -0.9440557947066509 -0.1889349265708492
1735977376.702456 2.6223301139842179 0.1273723446435264 1.1179966041252765 0.2636414367861321 -0.0757645185002952 -0.9409767998545800 -0.1982815994518814
1735977376.802500 2.4871459496042316 0.1685157776859073 1.1113575577094477 0.2408740536011436 -0.0694803473380781 -0.9469206197679562 -0.2012299965059961
1735977376.902428 2.3470885641676595 0.2097122866079714 1.0866086716942531 0.2055662595240480 -0.0558605917186995 -0.9561857792938941 -0.2008254533525488
1735977377.002535 2.1982531025020657 0.2507858722157392 1.0601945112917412 0.2024523431036642 -0.0491275118310066 -0.9584347196190558 -0.1949421057182688
1735977377.102534 2.0551689408963378 0.2728454359673739 1.0338240016988456 0.2428825950555679 -0.0512438215778601 -0.9508590642738544 -0.1850652740451859
1735977377.202561 1.9360941422135884 0.2914673007274083 1.0186546704456581 0.2695041980530816 -0.0524917168972728 -0.9452351727135959 -0.1764725903760706
1735977377.302400 1.7982631008829320 0.3186046271401791 1.0089123104836153 0.2619615453989876 -0.0497736437552187 -0.9472054911340905 -0.1780463161228821
1735977377.402449 1.6558135920875565 0.3545299381023631 0.9938229509592641 0.2287605260303655 -0.0441016967368294 -0.9535034075591481 -0.1911933938407302
1735977377.502645 1.5148055491404198 0.3992017199788083 0.9783150639629637 0.2088499888849290 -0.0438857971806504 -0.9528114882137464 -0.2158841978387708
1735977377.602534 1.3806143082970272 0.4416586956375774 0.9641962619926907 0.2242452330985975 -0.0501436886794339 -0.9460088928599348 -0.2286194666866675
1735977377.702482 1.2533345491430183 0.4785314574703615 0.9445536261870764 0.2561494386410422 -0.0530242221585545 -0.9371767496931607 -0.2308151571776041
1735977377.802645 1.1084505974064984 0.5189389601250961 0.9283131148892906 0.2531938508420117 -0.0459110150755094 -0.9394484120872847 -0.2263221898471485
1735977377.902449 0.9644850209693858 0.5609387894445877 0.9154279471740716 0.2215333327128128 -0.0315250358988087 -0.9511004917872827 -0.2129248908200314
1735977378.002507 0.8187735179549439 0.5799715902199993 0.9125355351276212 0.2097369393139726 -0.0246947883570501 -0.9592944903377696 -0.1874957720131485
1735977378.102690 0.6897900274094624 0.5793988219801989 0.9090855575753980 0.2226073969052559 -0.0168449181277798 -0.9616248108674892 -0.1594989614398785
1735977378.202416 0.5653350171672445 0.5688714236897163 0.9018574094626221 0.2384159122318935 -0.0065992917388967 -0.9631875251920552 -0.1240326306162333
1735977378.302545 0.4356545462923862 0.5547795193773972 0.8825048418455254 0.2360653178440243 0.0076471909168184 -0.9669377567335823 -0.0961564391255692
1735977378.403123 0.3001493140507903 0.5420976354795882 0.8635562244857573 0.2075701763978442 0.0204836210889830 -0.9751479072568726 -0.0747101205312429
1735977378.502641 0.1743795977550163 0.5266518249633018 0.8504058441556793 0.1993753369581084 0.0329962351338846 -0.9779121568867403 -0.0533716862479893
1735977378.602526 0.0617142315549584 0.5041927473386877 0.8408404889136297 0.2102269280070137 0.0429870287104384 -0.9764502176150422 -0.0223992549634731
1735977378.702407 -0.0409577632433349 0.4741608904287964 0.8288738520245784 0.2356312679844555 0.0479214038081658 -0.9705390775156546 0.0153409132764159
1735977378.802364 -0.1443821417902141 0.4321075068755956 0.8196940553237242 0.2286513380868151 0.0633724110694008 -0.9691220284612030 0.0671192748590390
1735977378.902378 -0.2406187211118501 0.3796497450879196 0.8043713738958446 0.2014771143526173 0.0921623773943855 -0.9659355406059414 0.1337220998169904
1735977379.002529 -0.3261289673117150 0.3222248856074389 0.7875357838441756 0.1651976681798007 0.1113581085875001 -0.9576681976682270 0.2077997239041973
1735977379.102458 -0.3821526303067848 0.2587015856238679 0.7767086788489288 0.1696661014416403 0.1324260432749374 -0.9360678251141029 0.2783051991434811
1735977379.202499 -0.4039613234533473 0.1902020802594515 0.7622648328675863 0.1742338658650469 0.1546299826681392 -0.9036021588215278 0.3594930695004371
1735977379.302509 -0.4091994908160055 0.1223917142049969 0.7382403909157225 0.1622072668357414 0.1725082616938277 -0.8649863694567456 0.4424118927957194
1735977379.409896 -0.3993576039481011 0.0563025467887269 0.7134482248825964 0.1509789088811856 0.1869730547678783 -0.8230050361922259 0.5146932642516779
1735977379.491330 -0.3870578313510470 -0.0051268285843180 0.6898786690592540 0.1350714612017693 0.1989094381478666 -0.7796175958685767 0.5782621723722032
1735977379.608925 -0.3585217373084317 -0.0485927238057801 0.6775326125216843 0.1281919919713873 0.2119712855907495 -0.7255646286058343 0.6420209942015063
1735977379.702519 -0.3245879191436739 -0.0800558203609379 0.6542096838379881 0.1140864944541026 0.2229684746184921 -0.6674651321683899 0.7012557510986350
1735977379.802412 -0.2844602496469194 -0.0905845508712620 0.6368879074728421 0.1068301042568066 0.2371900140310214 -0.5981581939191855 0.7579808712070391
1735977379.902493 -0.2218788832927677 -0.1034659022862928 0.6243117405375097 0.0864521778958573 0.2505733562759340 -0.5220924706552622 0.8106531108598555
1735977380.002366 -0.1644753080050380 -0.0797493554598137 0.6063653103565094 0.0517313973680152 0.2438238771461365 -0.4229717013645594 0.8711881078759905
1735977380.102423 -0.1402032385360563 -0.0480312907296327 0.5781649421786367 0.0203172669992361 0.2291421494839741 -0.3175431542603499 0.9199170773357419
1735977380.202513 -0.0950702001757413 -0.0210305647141903 0.5304885325276950 0.0013508090446470 0.2146820716689664 -0.2294482879241435 0.9493488645316457
1735977380.302633 -0.0589447084992689 -0.0029718587400668 0.4606225330683593 -0.0140749205309637 0.2060096879289498 -0.1683913724400133 0.9638497034181380
1735977380.402528 -0.0391861169330150 0.0167706941644101 0.3915281282597219 -0.0135049002972060 0.1992967972731594 -0.1190003648880264 0.9725930893344558
1735977380.502509 -0.0161656984065722 0.0289628087686219 0.3325505116420246 -0.0178263161569258 0.1972770038968191 -0.0884702077980415 0.9761849356130934
1735977380.602527 0.0072025234487086 0.0348480882233326 0.2737248674520441 -0.0146007022208570 0.2040725214180918 -0.0695013513571453 0.9763763555393232
1735977380.702495 0.0153682313018482 0.0359814186054823 0.2320040317897367 -0.0132662953593286 0.2105637199337159 -0.0637571540168103 0.9754086069780148
1735977380.802518 0.0187047650065755 0.0369486156051243 0.2049943843603919 -0.0101317595347890 0.1907496755384381 -0.0547008865405285 0.9800610806181369
1735977380.902565 0.0182052925719973 0.0373013496277741 0.1905681942115108 -0.0076463383310778 0.1772822045514052 -0.0490943091675698 0.9829050321709009
1735977381.001921 0.0276309759266901 0.0320275736032830 0.1683995924285170 -0.0018977650646201 0.1863476037922631 -0.0447364240794807 0.9814630005299345
1735977381.102471 0.0313889011698149 0.0240520989215591 0.1542229405473299 0.0009739965182093 0.1809190708784384 -0.0466113828128084 0.9823923453058575
1735977381.202399 0.0376859403351292 0.0143635721154532 0.1348712145190269 0.0094099530593871 0.1879185379286918 -0.0486013524475584 0.9809362794934395
1735977381.302535 0.0369854879096173 0.0057102510545815 0.1228343879366345 0.0117836470127291 0.1909108857672903 -0.0464325721099773 0.9804377571298853
1735977381.402420 0.0403866035264329 0.0050037674403842 0.1125382945006403 0.0067780102895929 0.1882814502725112 -0.0470170737982768 0.9809656206163606
1735977381.502434 0.0422634776431550 0.0034239824911548 0.1093654039554051 0.0050868887304701 0.1903537777544633 -0.0447524122313897 0.9806817957202633
1735977381.602498 0.0401670306284883 0.0013318349215665 0.1068939689081551 0.0050865956430451 0.1883092764563610 -0.0438875175462225 0.9811155022467417
1735977381.702610 0.0380569055280763 0.0002303560840427 0.1007975097833118 0.0075975742429682 0.1905687011431469 -0.0421411878699745 0.9807395002217175
1735977381.802566 0.0369666919122882 -0.0037971530118876 0.0968650049734146 0.0080808815053127 0.1872924381600679 -0.0410836721429597 0.9814114192556577
1735977381.902364 0.0336425755211889 -0.0061600110439762 0.0920286241875056 0.0067508870389784 0.1849803571049299 -0.0408881694696206 0.9818680413410670
1735977382.002481 0.0304260409405168 -0.0066816219354155 0.0918122968496274 0.0042971208936086 0.1826569993398280 -0.0404150913592066 0.9823362844436843
1735977382.102637 0.0289429977123730 -0.0043280948663034 0.0914792782710366 0.0009122279484762 0.1820632813114152 -0.0407456335876135 0.9824418164867752
1735977382.202505 0.0240516488504011 -0.0035235976956839 0.0908423799466086 0.0004964826248484 0.1796806516609746 -0.0409314739662254 0.9828729477214454
1735977382.302454 0.0243076753294782 -0.0052384825131353 0.0884898451363861 -0.0004213376317773 0.1791779652447801 -0.0404133167661376 0.9829861866136779
1735977382.402427 0.0202512197337059 -0.0060964910003228 0.0873396499816404 -0.0000582622797168 0.1790675769365553 -0.0401441926674653 0.9830174175927175
1735977382.502471 0.0194525584714656 -0.0074132198885499 0.0887684586291446 0.0001808458951398 0.1804336000110118 -0.0399738040394393 0.9827745307406195
1735977382.602497 0.0175330109642262 -0.0073370614323241 0.0869057684911931 -0.0000102558307420 0.1804040251327658 -0.0400912663490439 0.9827751919809761
1735977382.702411 0.0178410872275299 -0.0075454014619681 0.0867734241442398 -0.0002441333758625 0.1799000146492808 -0.0399507617303612 0.9828732684152354
1735977382.802475 0.0188865851812516 -0.0086851862380102 0.0878890572701274 -0.0001880120454980 0.1798393695989642 -0.0397020651391772 0.9828944560925159
1735977382.902525 0.0165406668892795 -0.0083722644371344 0.0868193221019943 -0.0003060462043895 0.1802606772346990 -0.0397131958905452 0.9828167970943352
1735977383.002600 0.0170492100013173 -0.0089159135640524 0.0857538145654755 -0.0001927805993208 0.1802545853192095 -0.0396588484206737 0.9828201376899979
1735977383.102498 0.0179374043567147 -0.0108110224280574 0.0855810928311372 -0.0002999697733156 0.1800981133520198 -0.0395808584478707 0.9828519396275859
1735977383.202567 0.0156500132702232 -0.0107140719247973 0.0854666152974750 -0.0003788342778324 0.1799772789170593 -0.0394755090909350 0.9828782832783582
1735977383.302622 0.0169642684201056 -0.0112962487187134 0.0830057523215182 -0.0003883812100218 0.1799236939788143 -0.0395233950939366 0.9828861657106088
1735977383.402484 0.0150736896474565 -0.0102996422188105 0.0853050325544872 -0.0005965566586640 0.1801681989130559 -0.0395540463407362 0.9828400386831284
1735977383.502599 0.0161080355994552 -0.0101106739850699 0.0843988171715822 -0.0005482736930534 0.1799850374296714 -0.0394879794949792 0.9828762817225785
1735977383.602452 0.0171576212486177 -0.0096803565980755 0.0851447208743738 -0.0005690453971221 0.1800833206577679 -0.0395708048840826 0.9828549359946428
1735977383.702495 0.0171577479983174 -0.0100093129115668 0.0846567881214743 -0.0004765969493175 0.1802516799665135 -0.0396287224430275 0.9828217890757872
1735977383.802529 0.0167257309699280 -0.0080694872792327 0.0854822007905571 -0.0005281688742748 0.1802414058670560 -0.0395026295584126 0.9828287230777691
1735977383.902424 0.0146942806146872 -0.0094846745130380 0.0865695963315827 -0.0005562113288566 0.1803029783393885 -0.0395010283350070 0.9828174781674268
1735977384.002602 0.0147588506094769 -0.0114467569121115 0.0839075529754075 -0.0005571904806608 0.1800699607378901 -0.0393892532657646 0.9828646832121848
1735977384.102537 0.0142901433675210 -0.0098340807768231 0.0849101268363532 -0.0005336965299604 0.1802617509855049 -0.0394983323762820 0.9828251614804877
1735977384.202502 0.0147423948381370 -0.0120394358240794 0.0814909624206605 -0.0004010820233142 0.1799678694519243 -0.0393531646474267 0.9828849035011060
1735977384.302567 0.0135919217188177 -0.0117710904755703 0.0833767497022427 -0.0003032810037550 0.1802054169546083 -0.0391792397759109 0.9828483621044655
1735977384.402552 0.0136993841579821 -0.0123972532907173 0.0825758914968451 -0.0002858252110947 0.1800309219226697 -0.0389649964412055 0.9828888617274891
1735977384.502452 0.0131662933811071 -0.0124346032138463 0.0814596459649333 -0.0003541990575224 0.1800837163048292 -0.0388880790909557 0.9828822141892105
1735977384.602553 0.0124058602251301 -0.0115211462042712 0.0810978471051404 -0.0004747026692021 0.1801382631963206 -0.0390878066580527 0.9828642450311497
1735977384.701628 0.0121951810157886 -0.0121487093032757 0.0803544202240417 -0.0004777770526707 0.1799693385235469 -0.0389822052978893 0.9828993827399619
1735977384.802406 0.0100557529483246 -0.0128799140838577 0.0809027040619563 -0.0004615272410485 0.1800624568738455 -0.0387905284170339 0.9828899193308922
1735977384.902575 0.0107527867254438 -0.0133886824364786 0.0800152026907593 -0.0004322284230090 0.1800750764578977 -0.0388485278061312 0.9828853299874655
1735977385.002547 0.0105962782565399 -0.0130554242512803 0.0811617287302839 -0.0003529969326550 0.1800596095780455 -0.0386816143985109 0.9828947782439851
1735977385.102425 0.0101351425441332 -0.0134135917907582 0.0797036254990566 -0.0002693124150703 0.1799532009063553 -0.0387584342635461 0.9829112659481620
1735977385.202542 0.0110189724428813 -0.0130419495014935 0.0799050835894568 -0.0002436659325841 0.1799856737113902 -0.0389389186298712 0.9828981933555004
1735977385.301437 0.0116386299329652 -0.0133747890599219 0.0796107495746762 -0.0003870690023620 0.1799037752626713 -0.0387784799379324 0.9829194836391886
1735977385.402589 0.0109847689087512 -0.0134750054354547 0.0799742498326320 -0.0003838037972783 0.1799848606690361 -0.0385783425572414 0.9829125160003452
1735977385.502587 0.0109259462306170 -0.0132129459860412 0.0799607305655304 -0.0003512896571560 0.1800127732273135 -0.0386525435658329 0.9829045014376930
1735977385.601629 0.0096418089955315 -0.0134222296665807 0.0803741685173943 -0.0004105500677557 0.1801028013023404 -0.0385675552293412 0.9828913246617468
1735977385.701675 0.0102510526509666 -0.0132669568432863 0.0798020815535956 -0.0001931445570167 0.1799452746875608 -0.0386242768931078 0.9829180159338229
1735977385.802521 0.0098431696469394 -0.0132440453200441 0.0805045123785991 -0.0004251561922963 0.1802716148507039 -0.0385817645915779 0.9828598127720614
1735977385.902555 0.0095374616993985 -0.0128652949829533 0.0805413356072756 -0.0006485717115448 0.1802829685236681 -0.0387128567567561 0.9828524534927713
1735977386.002671 0.0096925642215700 -0.0127633074637836 0.0803498148192825 -0.0007613013779173 0.1801647675998799 -0.0387176165496289 0.9828738592030054
1735977386.102564 0.0099855499113645 -0.0128960516497352 0.0804807948466232 -0.0006343227490905 0.1803318261017394 -0.0387440399994291 0.9828422709132859
1735977386.202647 0.0092907894255018 -0.0131484350011914 0.0804058819162641 -0.0005817663858284 0.1802600002519934 -0.0385020643057103 0.9828649881348012
1735977386.302536 0.0095143779639621 -0.0132547672242839 0.0803684071663541 -0.0005388373031628 0.1801825757062928 -0.0385297649726964 0.9828781238166590
1735977386.402381 0.0088734504174609 -0.0132758489097264 0.0808575167915262 -0.0006442860858798 0.1803516865211959 -0.0386403288773673 0.9828427031059694
1735977386.502717 0.0098616378891155 -0.0139424886898818 0.0802896257622746 -0.0006653377865919 0.1802381809982549 -0.0383548841939736 0.9828746910438467
1735977386.602581 0.0088338876329189 -0.0136552377900999 0.0809768647797887 -0.0005559577466976 0.1803289969375614 -0.0384439867821518 0.9828546197962192
1735977386.702632 0.0095314210060178 -0.0133606901397781 0.0809975503524306 -0.0006699005105233 0.1803992342579277 -0.0385383124791249 0.9828379652738902
1735977386.802592 0.0105740360580094 -0.0135760573275369 0.0799279963145826 -0.0005899286312454 0.1801814761046180 -0.0384425816861205 0.9828817098543838
1735977386.902671 0.0096324498377666 -0.0132122650713982 0.0804999888210709 -0.0005547495868329 0.1802282839620646 -0.0386081443779930 0.9828666588610449
1735977387.002567 0.0100118621882066 -0.0134344499582137 0.0801772253040940 -0.0008136637352994 0.1802176652036396 -0.0384903411266729 0.9828730460948796
1735977387.102467 0.0108113472772932 -0.0136036150341982 0.0802574930585914 -0.0005776307785131 0.1802836933339194 -0.0383999033187055 0.9828646415889011
1735977387.202573 0.0094985425884214 -0.0144720682907980 0.0808923825379114 -0.0006077896528517 0.1803752165424612 -0.0382312235407598 0.9828544070184427
1735977387.302577 0.0112587246638381 -0.0145586651453599 0.0800733820233229 -0.0006344024454591 0.1802456576176358 -0.0383266190514233 0.9828744430066387
1735977387.402632 0.0126221967275464 -0.0145835631319406 0.0796862355247757 -0.0007408683216907 0.1802135172164173 -0.0381716023095840 0.9828862945955331
1735977387.502555 0.0102479923681964 -0.0148344239342923 0.0801876343998021 -0.0008244950444148 0.1802524603601772 -0.0381735711334554 0.9828790104631107
1735977387.602555 0.0116714037736810 -0.0148991312620803 0.0799152491407280 -0.0008597424361520 0.1801778787315848 -0.0382121942780178 0.9828911542318352
1735977387.702510 0.0111077061810667 -0.0151328579497353 0.0793039033249799 -0.0008326003814903 0.1800909802730546 -0.0381954075010025 0.9829077558177713
1735977387.802558 0.0122929747010099 -0.0151609817878974 0.0793199118496496 -0.0008532122750273 0.1800244925756631 -0.0380968217654501 0.9829237438749053
1735977387.902568 0.0117898514680739 -0.0149192714962550 0.0797747876762092 -0.0007123946858387 0.1801652859335342 -0.0382428310467188 0.9828923888767435
1735977388.002565 0.0108152886139572 -0.0146555088399170 0.0803934862841645 -0.0007609592773591 0.1803450903104425 -0.0382641368208180 0.9828585478975367
1735977388.102512 0.0106675673236844 -0.0149930562454117 0.0806055801579516 -0.0010340189722400 0.1804322320697305 -0.0382431914752153 0.9828431201066069
1735977388.202535 0.0112424529275781 -0.0143950722850261 0.0798388537367621 -0.0010745872263572 0.1801408226746237 -0.0384025542265196 0.9828903159037033
1735977388.302534 0.0086538284216710 -0.0138240408340326 0.0800493983830184 -0.0010566257612644 0.1800513551261064 -0.0384617433326833 0.9829044141517852
1735977388.402581 0.0104843823295443 -0.0141701860062958 0.0806380851128873 -0.0009224414507145 0.1803025302090220 -0.0383635096538689 0.9828623442929494
1735977388.502569 0.0102235889997749 -0.0143317601406232 0.0810855109255076 -0.0012134642745063 0.1804091864733804 -0.0383053908466017 0.9828447232256764
1735977388.602556 0.0128827100281530 -0.0142634257734690 0.0807380174134946 -0.0009489833400263 0.1803248661627220 -0.0382035417176784 0.9828644522385793
1735977388.702542 0.0131999630921180 -0.0143055353375925 0.0801613545823163 -0.0008600385448149 0.1803816386704381 -0.0381132297270006 0.9828576226921404
1735977388.802562 0.0130418359604924 -0.0151359445771042 0.0799630555743733 -0.0006626672814241 0.1803324205558508 -0.0381308278877575 0.9828661246238656
1735977388.901488 0.0142486512548895 -0.0150464727018712 0.0801013574724067 -0.0008317652124555 0.1801301273715838 -0.0380663680232068 0.9829055890599312
1735977389.001540 0.0144614647071315 -0.0168655747502467 0.0796463741148334 -0.0010768929326317 0.1802901778153361 -0.0380614803717985 0.9828761955591524
1735977389.102592 0.0128407907053047 -0.0175477937661054 0.0787554942586067 -0.0008399747464143 0.1803369245231002 -0.0380334547087551 0.9828689355244127
1735977389.202602 0.0153231492551062 -0.0194520241540648 0.0778147973399728 -0.0009006460024866 0.1801150209489435 -0.0379410805722122 0.9829131408574985
1735977389.302593 0.0150384776375218 -0.0163591290045093 0.0782811836912813 -0.0009915082069623 0.1802206733127647 -0.0381274588202676 0.9828864749837991
1735977389.402545 0.0164345565436672 -0.0169731662316307 0.0787372223800708 -0.0007156816992363 0.1801409545494834 -0.0379082505171273 0.9829098070710441
1735977389.502553 0.0141597003329838 -0.0178742009997680 0.0789194325210459 -0.0009602581175778 0.1802662965487916 -0.0379383263835742 0.9828854580388013
1735977389.602581 0.0147923405514987 -0.0190478236350189 0.0810624882442699 -0.0011450676523036 0.1804112084571393 -0.0379073451647537 0.9828598668506444
1735977389.702450 0.0150894503704876 -0.0173768114001889 0.0785857299476268 -0.0011568999003090 0.1802953653310844 -0.0381873195732586 0.9828702719314292
1735977389.801399 0.0210635641536718 -0.0155821536171309 0.0783340989104941 -0.0013974879292081 0.1802343811470820 -0.0380768226675121 0.9828854309916100
1735977389.902476 0.0231580548494479 -0.0183021205118675 0.0776425176054068 -0.0013015343138267 0.1800903001052852 -0.0380470188947306 0.9829131264611549
1735977390.001943 0.0183652250827748 -0.0173702362198852 0.0768566853399694 -0.0012680495555038 0.1800990486458318 -0.0380804099101588 0.9829102741900022
1735977390.102562 0.0213059923598750 -0.0156490398613023 0.0773923798437662 -0.0010629850571917 0.1800294620258296 -0.0381528655579540 0.9829204554363367
1735977390.202562 0.0207193803906044 -0.0144053286148531 0.0774385890449947 -0.0009617479450584 0.1800550750041690 -0.0381750321178615 0.9829150074797585
1735977390.302533 0.0198459605319866 -0.0143161912640822 0.0737494631137461 -0.0010305898239544 0.1800972976610981 -0.0380562313178534 0.9829118091251455
1735977390.402596 0.0189404060520473 -0.0124410236680562 0.0766208881325348 -0.0009337556191693 0.1801949157530929 -0.0383306872504112 0.9828833495649881
1735977390.502797 0.0210907805777762 -0.0140557025179222 0.0774098649517753 -0.0008123887570707 0.1802124081387226 -0.0379786931021452 0.9828939143405064
1735977390.602429 0.0204557621232602 -0.0099215249452053 0.0761996653635942 -0.0008332572944733 0.1801299706042168 -0.0381024547035915 0.9829042182827206
1735977390.702575 0.0225963215688688 -0.0127252070135377 0.0810951627596523 -0.0009415870693555 0.1803815773423864 -0.0381240211434629 0.9828571406776858
1735977390.802681 0.0202512489036121 -0.0128832023133593 0.0773140797762415 -0.0008895662615635 0.1802467196506666 -0.0380843915401677 0.9828834660569155
1735977390.902559 0.0200651004860454 -0.0124347503527993 0.0762599573041959 -0.0008586333580333 0.1801682712284580 -0.0379576319340551 0.9829027800190943
1735977391.002525 0.0190743269052359 -0.0118269130605553 0.0763951161267353 -0.0008560127159375 0.1801878174968701 -0.0379546377219770 0.9828993148554629
1735977391.102481 0.0181225556383632 -0.0140696156476207 0.0799207264521322 -0.0009848001920203 0.1804368601667074 -0.0380726463235761 0.9828489422407096
1735977391.202578 0.0163642289845899 -0.0133644653160638 0.0763944435687585 -0.0009713119881033 0.1803209342646173 -0.0380571914812097 0.9828708294559972
1735977391.302569 0.0159558528104479 -0.0150059291534120 0.0771479447679145 -0.0009433150357865 0.1803466265365486 -0.0382107393452887 0.9828601853022211
1735977391.402561 0.0123764911072148 -0.0147125276793360 0.0778859330090913 -0.0010173693997701 0.1803829534267486 -0.0382297136597827 0.9828527072079717
1735977391.502713 0.0134377325183873 -0.0172004639013792 0.0784505088954146 -0.0011791552590912 0.1803839614214656 -0.0380525083537020 0.9828592181298225
1735977391.602552 0.0097673292208670 -0.0174571164531278 0.0781424350961321 -0.0011259399578364 0.1804552005258588 -0.0379594761449161 0.9828498008511714
1735977391.702543 0.0118180000288687 -0.0172773853189717 0.0770531482317946 -0.0013421195341091 0.1803902949012285 -0.0379952479806761 0.9828600619373496
1735977391.802450 0.0100883735904254 -0.0169995122306092 0.0770235940989337 -0.0013893864762694 0.1804436171757065 -0.0379835735894142 0.9828506594407638
1735977391.902685 0.0123350187837627 -0.0208297907023577 0.0777468177687661 -0.0016386382289469 0.1805009068152340 -0.0379152112763543 0.9828423954314865
1735977392.002484 0.0116204877954373 -0.0203213367092731 0.0779401097361974 -0.0013230952031011 0.1804079947605164 -0.0378590126149765 0.9828620961301702
1735977392.102596 0.0138786611534651 -0.0214028251873467 0.0766060417391272 -0.0014872461412910 0.1803580176564682 -0.0378250012715093 0.9828723431070561
1735977392.202535 0.0126471026327673 -0.0195931720765937 0.0790726570518270 -0.0013822652879082 0.1804319736468498 -0.0379427309764851 0.9828543846341748
1735977392.302469 0.0130855338017473 -0.0196734932734479 0.0797424378666777 -0.0015046996366601 0.1803621370652185 -0.0380066470007710 0.9828645533215804
1735977392.402589 0.0125881203939555 -0.0182928073264882 0.0790687003579610 -0.0014126723117771 0.1804658794336281 -0.0380091846584924 0.9828455486996843
1735977392.502603 0.0154222700937313 -0.0218689138027127 0.0764841134962250 -0.0014240848340965 0.1802618086952689 -0.0378575886956641 0.9828888316012374
1735977392.602491 0.0118045049072481 -0.0200616579389014 0.0776559100260071 -0.0012922252057763 0.1803764947342530 -0.0379785317715323 0.9828633075997295
1735977392.702679 0.0142971624661869 -0.0194317387072005 0.0773642493981389 -0.0011716953661042 0.1803381334507161 -0.0379544823723938 0.9828714270042265
1735977392.802610 0.0144859198770609 -0.0174150721229233 0.0777717779074368 -0.0013493307362377 0.1803652091177881 -0.0380566295089547 0.9828622810937853
1735977392.902497 0.0138044378405885 -0.0188958649175853 0.0783566527710505 -0.0012499703266619 0.1805860992322194 -0.0378466627774666 0.9828299590747539
1735977393.002499 0.0130401979964472 -0.0185037676168292 0.0799777289612853 -0.0013643576423644 0.1803794420295590 -0.0378886928299381 0.9828661365501242
1735977393.102512 0.0132247125760261 -0.0171067421816471 0.0801696765292889 -0.0011817146828788 0.1803477388472407 -0.0379386810712663 0.9828702626092970
1735977393.202624 0.0132963080843122 -0.0183279916214838 0.0778185646725797 -0.0010732064522348 0.1804395350409176 -0.0378367082502964 0.9828574697945326
1735977393.302545 0.0113596703646508 -0.0177930511068952 0.0772454359004030 -0.0009826677857930 0.1804220214919924 -0.0378461753006280 0.9828604150844006
1735977393.402540 0.0118433402530138 -0.0188839225927384 0.0757058403106489 -0.0010540640101773 0.1803952216603163 -0.0377563989820125 0.9828687131489633
1735977393.502622 0.0175453187973125 -0.0170109282493918 0.0752340204224119 -0.0012566670331364 0.1803754393560212 -0.0378572952923052 0.9828682245643316
1735977393.602571 0.0176645603112643 -0.0179415441159145 0.0763947968927221 -0.0012157277460528 0.1804159071205172 -0.0379853246397236 0.9828559088574191
1735977393.702487 0.0176655305462830 -0.0169446540107439 0.0757174957368340 -0.0011293119644662 0.1802420428870034 -0.0379832577937479 0.9828879909520618
1735977393.801654 0.0149526552617512 -0.0189667378725846 0.0748204724063071 -0.0011538873357151 0.1803979175331488 -0.0379171050043902 0.9828619196213707
1735977393.902610 0.0122328844505388 -0.0173274631686763 0.0747224423914721 -0.0011744527871158 0.1802606698073243 -0.0380219225476137 0.9828830271131194
1735977394.002634 0.0153376922589131 -0.0182129681972814 0.0731586814129588 -0.0012239980008725 0.1802934931378367 -0.0378988095316557 0.9828817011202997
1735977394.102593 0.0131041295698390 -0.0172648737786964 0.0754836094493572 -0.0011302287949532 0.1803859829354122 -0.0379565061270167 0.9828626167404710
1735977394.202576 0.0134635822181606 -0.0158626087977485 0.0760606664090945 -0.0010516078256944 0.1803937857088748 -0.0379929789976526 0.9828598627197499
1735977394.301921 0.0137285818969214 -0.0181366310066751 0.0743889649200977 -0.0012883023315741 0.1802550817069057 -0.0378998759237362 0.9828886229888433
1735977394.402545 0.0130521535664941 -0.0150251858968785 0.0755866437879294 -0.0011693713100529 0.1803068783611521 -0.0379048079355429 0.9828790809259120
1735977394.502557 0.0150622150834377 -0.0145633424245406 0.0764660174306482 -0.0010163244553612 0.1802617257261701 -0.0379584449816048 0.9828854632038277
1735977394.601376 0.0130915824730403 -0.0136219051971021 0.0756143056206533 -0.0011048610135927 0.1802572368646998 -0.0380159973492280 0.9828839665929991
1735977394.701353 0.0138977011199946 -0.0128376313028309 0.0755205979270321 -0.0011665656285844 0.1802673810038526 -0.0381542103463688 0.9828766792957757
1735977394.802626 0.0170819582319556 -0.0135580205057137 0.0751380505947634 -0.0011167425021440 0.1802965506282343 -0.0380680772214780 0.9828747266129109
1735977394.901274 0.0170166848227241 -0.0126723740318169 0.0758870757175338 -0.0011900791246566 0.1804068155929907 -0.0381871008317564 0.9828497901151219
1735977395.002594 0.0156416761619092 -0.0119551808735897 0.0764774134725662 -0.0011710625517482 0.1805073690382063 -0.0381188074871460 0.9828340016763576
1735977395.102575 0.0160780788702517 -0.0114625909368288 0.0757449947560897 -0.0010388831727639 0.1804150895192871 -0.0381906890939979 0.9828483033825853
1735977395.201314 0.0161333857877582 -0.0105359232447950 0.0762472698529065 -0.0010406292559984 0.1803291356600282 -0.0381621076961792 0.9828651858006998
1735977395.301417 0.0147381917956269 -0.0108586155680281 0.0755408824408600 -0.0009718331571479 0.1803905535516468 -0.0381011354628187 0.9828563512569317
1735977395.401408 0.0153536595949592 -0.0113269760779310 0.0754467736231451 -0.0010846157583116 0.1803155017786975 -0.0381242201758748 0.9828691099342449
1735977395.502605 0.0137162280538993 -0.0100671563894013 0.0753362709931397 -0.0010035272474849 0.1804035496867872 -0.0380495393761981 0.9828559328542152
1735977395.602584 0.0094667098629580 -0.0138395554103083 0.0773666146289964 -0.0011066302195662 0.1806029385511101 -0.0381311895702578 0.9828160389097332
1735977395.701385 0.0131068964487782 -0.0119787426256744 0.0771027946052100 -0.0009178434934240 0.1805357079729776 -0.0380519500100577 0.9828316563941404
1735977395.801349 0.0117331886466710 -0.0140165070276346 0.0774519657493829 -0.0011471679902740 0.1805500824897066 -0.0379774173044867 0.9828316577590708
1735977395.901259 0.0119851282078846 -0.0149129875438631 0.0801964913906867 -0.0014039355090800 0.1806942705199193 -0.0381418016259813 0.9827984597744773
1735977396.001532 0.0105655092333015 -0.0173590000530603 0.0805442172765303 -0.0011263448338074 0.1805484519407302 -0.0379798423648499 0.9828318876710617
1735977396.102496 0.0112165012791433 -0.0154166670135542 0.0773247708468425 -0.0011101148449686 0.1805326720593982 -0.0380391935470138 0.9828325094940732
1735977396.201313 0.0088724734716153 -0.0180618047129510 0.0790367726300614 -0.0012193299468046 0.1805767714614320 -0.0380162074753409 0.9828251679786383
1735977396.301217 0.0105062344738196 -0.0179283221604676 0.0783392958546190 -0.0011355437894802 0.1805722833892261 -0.0380062036538567 0.9828264798507033
1735977396.401337 0.0110235127950799 -0.0172590035529308 0.0811287664901346 -0.0011506918438574 0.1807861824761841 -0.0380279136530006 0.9827862992111605
1735977396.501307 0.0112727119434451 -0.0173289049566686 0.0783133392785352 -0.0012201718135219 0.1805654707441364 -0.0380260931603149 0.9828268607413297
1735977396.601314 0.0117435247795347 -0.0190724568414364 0.0801995843852764 -0.0014403206808011 0.1806056934967784 -0.0380482163210375 0.9828183159606214
1735977396.702525 0.0120088379617777 -0.0168023570799955 0.0799436704134010 -0.0013663019023211 0.1805847746437856 -0.0380208177363312 0.9828233258346211
1735977396.802648 0.0141866393533110 -0.0151454522811190 0.0794142129763499 -0.0012447928636147 0.1805575104703794 -0.0379259556230036 0.9828321615583954
1735977396.902814 0.0131821536119539 -0.0167763861979729 0.0791856299307118 -0.0012482368618161 0.1804734872273408 -0.0379894415583985 0.9828451376706409
1735977397.002600 0.0148224113661179 -0.0179293549082590 0.0798651047992877 -0.0011610653830292 0.1804751494662065 -0.0380084534724446 0.9828442042444774
1735977397.102630 0.0175939751842498 -0.0157520885535468 0.0786054377328810 -0.0015872745015737 0.1804292834363013 -0.0381863510223668 0.9828451336980389
1735977397.202604 0.0178395861524945 -0.0159641636238215 0.0813085748399418 -0.0013795739051661 0.1805593827168677 -0.0380356107240585 0.9828274001092927
1735977397.301794 0.0152591184141939 -0.0151697871466223 0.0804048269030594 -0.0012223670398414 0.1804777413056627 -0.0380991649638933 0.9828401418038848
1735977397.402711 0.0198816872501943 -0.0157341267719962 0.0803119598445430 -0.0012962870450481 0.1805430205189117 -0.0381108491898382 0.9828276046977080
1735977397.502661 0.0182494487161698 -0.0106756644995441 0.0807277200640375 -0.0013219493101802 0.1805650225756130 -0.0382494343710581 0.9828181448480607
1735977397.601849 0.0195526717890886 -0.0131944941214442 0.0827855203144993 -0.0012130993692259 0.1806911131822627 -0.0380348867737594 0.9828034378221225
1735977397.702798 0.0192180718993567 -0.0149310654221067 0.0781192492686789 -0.0013331912899615 0.1804586641325066 -0.0380698267795267 0.9828446374831947
1735977397.802575 0.0197915827437294 -0.0151336626316013 0.0788034266685583 -0.0012553840979245 0.1804351521925824 -0.0379990846090003 0.9828517942359797
1735977397.902701 0.0169025454716326 -0.0133238661574265 0.0792476579381334 -0.0010100501332724 0.1805530243984947 -0.0379802749937951 0.9828311573666562
1735977398.002527 0.0186228312969473 -0.0162004554638572 0.0776615184116320 -0.0010437453579754 0.1803524793583189 -0.0379647725900384 0.9828685414780156
1735977398.102703 0.0198501090473874 -0.0172904650283346 0.0749055681265150 -0.0011052187886067 0.1803713725414814 -0.0379149546182094 0.9828669302989245
1735977398.202653 0.0164880761855800 -0.0168160340477694 0.0740920802594051 -0.0014174574680484 0.1803841316777763 -0.0379586843428318 0.9828625001169503
1735977398.302663 0.0182391357219951 -0.0149169857027135 0.0756761730949063 -0.0013792393210755 0.1804288191851859 -0.0381444151005815 0.9828471613139905
1735977398.402595 0.0169883270914959 -0.0175227903372672 0.0745479866908018 -0.0013574170023018 0.1803642035970666 -0.0379978623695594 0.9828647281977423
1735977398.502291 0.0173934170622861 -0.0155953444434200 0.0713803059733522 -0.0012458366740567 0.1802324497504896 -0.0380387248580797 0.9828874642394673
1735977398.602290 0.0181065400905212 -0.0176898933216063 0.0749306696794231 -0.0014674386966693 0.1803018633245641 -0.0380173788946601 0.9828752533294047
1735977398.702600 0.0152026539849994 -0.0197372629367049 0.0755945331192530 -0.0015726971618428 0.1803871300979485 -0.0379607327526428 0.9828616345587743
1735977398.802729 0.0156470718316024 -0.0200130126582662 0.0777465983689787 -0.0016407459318638 0.1805765343407018 -0.0378710746841875 0.9828302014593128
1735977398.901339 0.0145684668384840 -0.0197326127293947 0.0744595978273059 -0.0014497910386557 0.1803644148575455 -0.0378463670825179 0.9828704026766169
1735977399.001329 0.0129533609723488 -0.0219555003575002 0.0740166049912326 -0.0016181057235890 0.1804771526973481 -0.0380101288412695 0.9828431254241928
1735977399.102681 0.0141345437746684 -0.0180443538787168 0.0751406044674041 -0.0014844007077951 0.1805084498359351 -0.0380749920713351 0.9828350782665086
1735977399.202796 0.0125090664723310 -0.0170226914842035 0.0755447918556339 -0.0013928827165394 0.1804834394906362 -0.0381609901187987 0.9828364700093911
1735977399.302697 0.0144330132237678 -0.0162213243554332 0.0727525707359496 -0.0013693028750236 0.1803899338155696 -0.0380987640926348 0.9828560835454317
1735977399.402710 0.0161050190840245 -0.0155457931003516 0.0775873343601215 -0.0014947635562514 0.1805811992108881 -0.0382312356145715 0.9828156331666951
1735977399.502799 0.0131535536987285 -0.0147116210668322 0.0762148985985530 -0.0012491050102810 0.1806020128210094 -0.0381961208662900 0.9828135169259941
1735977399.602876 0.0161835691799872 -0.0138368984935441 0.0760188680387708 -0.0011912157246888 0.1804826688810112 -0.0381150244859748 0.9828386602831199
1735977399.703098 0.0170483921866078 -0.0107559620398381 0.0796510280607968 -0.0012416276267319 0.1805707416833709 -0.0380889891398553 0.9828234299786804
1735977399.802920 0.0153396595198115 -0.0109077902200260 0.0737946044040148 -0.0011689472098633 0.1804688687827825 -0.0380033453863248 0.9828455456998985
1735977399.902788 0.0132991883919537 -0.0122180452738704 0.0771124811077893 -0.0012703370169681 0.1805499168436494 -0.0380663573565476 0.9828280959604373
1735977400.002813 0.0182582011381555 -0.0104424401844121 0.0742093447741930 -0.0013477103188716 0.1805337350319204 -0.0381588998452886 0.9828273767833892
1735977400.103127 0.0165077943154371 -0.0106438525707338 0.0762526938590707 -0.0013789418489645 0.1806150531998848 -0.0381359024104817 0.9828132854333615
1735977400.203100 0.0159440775615539 -0.0119506075169508 0.0755292572408701 -0.0013158301900291 0.1805350515845153 -0.0381884211679468 0.9828260315177794
1735977400.302586 0.0178622488171648 -0.0092259092709812 0.0778949165667830 -0.0011840308265066 0.1805204118541019 -0.0382423117066520 0.9828267927617554
1735977400.403023 0.0220314311794336 -0.0103708567014120 0.0753310823888971 -0.0012253962141053 0.1803441103520154 -0.0381482680599729 0.9828627625001790
1735977400.502540 0.0199413635460731 -0.0114789885006881 0.0802892649063283 -0.0012972720877263 0.1806084003143093 -0.0382695981292184 0.9828094223602382
1735977400.602602 0.0197802865866999 -0.0133032020682424 0.0757210072632047 -0.0013906140735080 0.1804921978022269 -0.0381125235220915 0.9828367454851280
1735977400.702597 0.0226545373217469 -0.0141758312548415 0.0736647855691072 -0.0013064692018542 0.1802516509278392 -0.0380643290209695 0.9828828731503040
1735977400.802599 0.0205546829751793 -0.0152691050311868 0.0744331394392229 -0.0011462259218782 0.1802854565571564 -0.0377986542351547 0.9828871257973242
1735977400.902729 0.0214231912236690 -0.0158219593496780 0.0729079818029249 -0.0011587791827905 0.1803212649721873 -0.0378939493147483 0.9828768728762354
1735977401.001558 0.0207446944089549 -0.0189690225624980 0.0739176885494490 -0.0012574796165641 0.1803166132694412 -0.0378772019799788 0.9828782504940379
1735977401.102621 0.0212276639225137 -0.0195377020977101 0.0714523174169777 -0.0014343141580947 0.1804038027456807 -0.0380275312588612 0.9828562039098853
1735977401.202638 0.0212872896495215 -0.0224849285252262 0.0715306869343128 -0.0014375066246551 0.1803534720427961 -0.0377652710860396 0.9828755480713774
1735977401.302603 0.0184340342543875 -0.0236459704999789 0.0734923191958783 -0.0013496313462541 0.1804320610427794 -0.0376617854849781 0.9828652195276661
1735977401.402551 0.0170445442914108 -0.0231967158475761 0.0748647754011682 -0.0012672906671654 0.1803649008798731 -0.0376918825629186 0.9828765021577339
1735977401.502692 0.0176806114807427 -0.0229825432791122 0.0724636933111194 -0.0013046589476632 0.1804023535435257 -0.0376839844369787 0.9828698825469934
1735977401.602644 0.0219012503572265 -0.0241041468582419 0.0736152381200063 -0.0013739210501666 0.1802925828734767 -0.0377893928663312 0.9828858828412140
1735977401.702581 0.0156129740610045 -0.0223936282960860 0.0740105691561198 -0.0013678590359888 0.1803965438995394 -0.0376344588545317 0.9828727605430349
1735977401.802541 0.0167163118699699 -0.0231262780413841 0.0747002106843488 -0.0012848765252820 0.1803410067327604 -0.0376688457689114 0.9828817469265402
1735977401.902582 0.0151195450030915 -0.0218414794527880 0.0749119472970530 -0.0012371163997377 0.1805936302014339 -0.0375773629468295 0.9828389247825116
1735977402.002502 0.0173203567082562 -0.0199571273556788 0.0745562510186626 -0.0012022088919585 0.1804263442562087 -0.0378156277094467 0.9828605533304614
1735977402.101325 0.0165591487370368 -0.0204168043863728 0.0751742497230088 -0.0012179355309626 0.1803974722949576 -0.0378058812155687 0.9828662085798588
1735977402.202580 0.0154356584596716 -0.0206167426532405 0.0724704238192027 -0.0013369079754130 0.1804137596097766 -0.0377638966336045 0.9828646784433642
1735977402.302589 0.0174510967393712 -0.0191338829147655 0.0753527526128785 -0.0013686113497682 0.1803867434664984 -0.0377690090762165 0.9828693970400776
1735977402.402707 0.0154734565098369 -0.0180993061656222 0.0745222972355325 -0.0015126579144731 0.1805156248524647 -0.0377861100334599 0.9828448661608288
1735977402.502769 0.0167166920606589 -0.0187413595332842 0.0735657115399590 -0.0014797969059147 0.1804544137759421 -0.0378992633636351 0.9828517999100335
1735977402.602645 0.0150523415176783 -0.0173229696369734 0.0743106167617027 -0.0013270946374748 0.1805144738740221 -0.0377688983004525 0.9828460071969456
1735977402.702573 0.0165474137266921 -0.0174282535517564 0.0766697205342911 -0.0012826868222857 0.1805080911213538 -0.0378398973587983 0.9828445074995925
1735977402.802541 0.0152453772701563 -0.0180436086167088 0.0740043594601197 -0.0013536911082992 0.1804792166676720 -0.0378771991142574 0.9828482780463452
1735977402.902667 0.0144900445332514 -0.0195390860387113 0.0753770255654771 -0.0015416346391436 0.1805203620418912 -0.0379886605865105 0.9828361429647094
1735977403.002559 0.0150824175012564 -0.0186139563627878 0.0738410864263695 -0.0013099133034538 0.1804694959639709 -0.0379908598656115 0.9828457354642789
1735977403.101801 0.0168306578438279 -0.0161438349758884 0.0761313875911825 -0.0009649125308631 0.1804725946221937 -0.0378208074137923 0.9828521242082708
1735977403.202740 0.0180912599260883 -0.0167500855970406 0.0758766460376391 -0.0009705893400285 0.1805770964441963 -0.0377901930581798 0.9828341017205000
1735977403.302676 0.0163710844402911 -0.0147549009626754 0.0745781398953782 -0.0009691908095351 0.1805593075269204 -0.0377906815547847 0.9828373525269574
1735977403.401925 0.0177947450274983 -0.0187031981710782 0.0735169082259856 -0.0011209956930695 0.1804124943795500 -0.0377312326734716 0.9828664351382365
1735977403.502643 0.0196746658169615 -0.0175771104700513 0.0734453678380142 -0.0010816106475155 0.1803965305344538 -0.0377121894008517 0.9828701402831066
1735977403.602026 0.0217425485149921 -0.0148216709691388 0.0747258657277691 -0.0012284902797330 0.1802891962013758 -0.0380767496646871 0.9828756064119545
1735977403.702594 0.0199792469111663 -0.0169459403999574 0.0740052804139915 -0.0013430259864726 0.1803911674155445 -0.0380286802860714 0.9828586075704666
1735977403.802360 0.0170787896355266 -0.0151654495734687 0.0718314058748041 -0.0012906993672561 0.1803895938695822 -0.0380825579023125 0.9828568803759414
1735977403.901294 0.0196075527350802 -0.0133613528059286 0.0717875259808786 -0.0012716251599486 0.1803720339654400 -0.0380175296702402 0.9828626454242706
1735977404.001298 0.0221539518496614 -0.0123571737292932 0.0735687904228229 -0.0011717818937543 0.1803347255604830 -0.0380098998987459 0.9828699106157978
1735977404.101343 0.0211961624853645 -0.0127016132716729 0.0741606321681013 -0.0011434547447447 0.1804739657882161 -0.0379962661767701 0.9828449134734047
1735977404.202600 0.0205504751793787 -0.0144588590561620 0.0735840688403400 -0.0013589631947570 0.1804419137453494 -0.0380184275521454 0.9828496671156854
1735977404.302601 0.0195242254554177 -0.0136626797738226 0.0755995924173675 -0.0012744724908326 0.1805582953358726 -0.0379873293414750 0.9828296090954812
1735977404.402602 0.0199870316948240 -0.0139514888891020 0.0748468562418437 -0.0010698880117194 0.1805228155894117 -0.0378763160421656 0.9828406549763739
1735977404.502607 0.0216103572005257 -0.0147638776859488 0.0749213517719819 -0.0014268643892342 0.1804414304066389 -0.0379694221525022 0.9828515540162849
1735977404.602684 0.0222921228407943 -0.0139716791492256 0.0731036271041650 -0.0014566271907341 0.1804391564183766 -0.0379784126546809 0.9828515804741237
1735977404.702588 0.0237637773051911 -0.0130973665827128 0.0754651473856626 -0.0011923906006235 0.1805546855542881 -0.0379893166331342 0.9828302984497351
1735977404.802543 0.0226469819318048 -0.0133582028060656 0.0747659689915098 -0.0012279724731482 0.1804889387874059 -0.0379093182794778 0.9828454195073540
1735977404.902666 0.0254022315146767 -0.0140339141353461 0.0748174895959703 -0.0014232294213499 0.1804440623726792 -0.0381527440669089 0.9828439768816940
1735977405.002604 0.0234018447226817 -0.0132911304632227 0.0769229664764696 -0.0014676947277062 0.1804804816564331 -0.0379448222787139 0.9828452737208869
1735977405.102549 0.0215313681144146 -0.0103492784530774 0.0767159599359201 -0.0011489137181297 0.1804446164208575 -0.0380517286348393 0.9828481501991538
1735977405.202504 0.0198210522704611 -0.0120555775214270 0.0773858197655728 -0.0013800217043702 0.1805246900793996 -0.0382394640657229 0.9828258620934833
1735977405.302579 0.0209281686096530 -0.0106328901365363 0.0766971116319503 -0.0010401453968494 0.1805051583262073 -0.0380273337339706 0.9828380984700734
1735977405.402668 0.0216333108185256 -0.0116725237297579 0.0754500512793529 -0.0012214783863286 0.1803887461995811 -0.0380568961553793 0.9828581183925347
1735977405.502903 0.0236270747086997 -0.0109819476194888 0.0755156100464206 -0.0011949890816121 0.1805125873202961 -0.0380592851629679 0.9828353212176043
1735977405.602604 0.0219260634466956 -0.0143833883688572 0.0797668634125779 -0.0015283409139112 0.1806863750216063 -0.0381137148714330 0.9828008154220780
1735977405.702612 0.0205622366703613 -0.0125250146125943 0.0787989780769435 -0.0012737166164095 0.1807251550156126 -0.0380240134732727 0.9827975225802863
1735977405.802663 0.0208781677342230 -0.0136778455872899 0.0776857438454805 -0.0012959521118348 0.1805400902364113 -0.0380750941571660 0.9828295292320410
1735977405.902575 0.0177079145702337 -0.0121350729534159 0.0791651882143918 -0.0014517794303168 0.1806716343277589 -0.0381584943297195 0.9828019038424332
1735977406.002517 0.0230339709796491 -0.0105715054607232 0.0772719282262828 -0.0012042180688578 0.1806221898565622 -0.0379667960005913 0.9828187507326630
1735977406.102649 0.0215432924006268 -0.0111187183712537 0.0765744648209604 -0.0012513890183282 0.1805923380286665 -0.0380348225324828 0.9828215472535119
1735977406.202588 0.0225277707076217 -0.0126528581416804 0.0788638737388189 -0.0014565043089884 0.1806420285106698 -0.0380185422882935 0.9828127627239186
1735977406.302606 0.0241413499244566 -0.0148866712555587 0.0757266446024025 -0.0015381012403903 0.1804122213359180 -0.0379773033425561 0.9828564437739834
1735977406.402620 0.0214490475503065 -0.0170223776648815 0.0798859526858994 -0.0014471585433756 0.1806778720460863 -0.0379029448008209 0.9828106526999362
1735977406.501512 0.0221979029493913 -0.0166075156381310 0.0795847885699842 -0.0014284880167370 0.1806596573885160 -0.0378195647606121 0.9828172404549933
1735977406.602747 0.0215839267477358 -0.0179696032736127 0.0806476592749552 -0.0011740682338323 0.1806153971912735 -0.0378233142581201 0.9828255678195151
1735977406.702753 0.0214810759874885 -0.0163022143706723 0.0819606495366528 -0.0013178007927206 0.1807121509163911 -0.0379225389062846 0.9828037764249503
1735977406.802718 0.0215640312362046 -0.0117100468380999 0.0809703258197522 -0.0012704234367759 0.1806037637339017 -0.0380697230921897 0.9828180720423919
1735977406.902858 0.0197074532203666 -0.0160476415266827 0.0785044370514014 -0.0012312904059788 0.1805651429365260 -0.0380056844614710 0.9828276965108702
1735977407.001593 0.0187449422862201 -0.0145548976670890 0.0787799561477581 -0.0012927573961531 0.1805972288446793 -0.0379538343510500 0.9828237258888239
1735977407.102576 0.0169395209028620 -0.0149412561810735 0.0780893529889993 -0.0013312309839358 0.1806369666980854 -0.0379865210307327 0.9828151089122328
1735977407.202631 0.0167473069449183 -0.0145672751839241 0.0783237216969049 -0.0016039563830038 0.1806223958677255 -0.0379964189938454 0.9828169969931170
1735977407.302846 0.0180546399085086 -0.0157104024247295 0.0782283847023646 -0.0013377460958775 0.1805950467346429 -0.0379319418451250 0.9828249118322924
1735977407.402473 0.0136571013054338 -0.0134277175159688 0.0756198715360289 -0.0012526764020567 0.1805685445568328 -0.0379791523162059 0.9828280701668026
1735977407.502590 0.0166309026560012 -0.0152561862679196 0.0748059894013784 -0.0014311704543717 0.1804648884571791 -0.0380859481114994 0.9828427322525800
1735977407.602543 0.0174439661648902 -0.0112844622040422 0.0731423985586844 -0.0013516866839447 0.1803372482830014 -0.0381331854014671 0.9828644413122092
1735977407.702528 0.0157154859075641 -0.0120703786823120 0.0725154795548102 -0.0013893778125704 0.1804585437057751 -0.0381545518071995 0.9828412963491495
1735977407.802637 0.0174127192914158 -0.0124226928677962 0.0726372097573194 -0.0014692785191947 0.1804101781410293 -0.0380243934275329 0.9828551034349995
1735977407.902619 0.0149477901674962 -0.0116540745135731 0.0756328372132957 -0.0014154098375594 0.1806631495244109 -0.0380523602018210 0.9828076316868847
1735977408.002666 0.0175368105824295 -0.0148696462564646 0.0746898292041016 -0.0015480047640489 0.1805550253136176 -0.0380647451779149 0.9828268218205025
1735977408.102675 0.0189541036883592 -0.0136508936488518 0.0746549945256214 -0.0015306829110884 0.1805010624032613 -0.0380677567708062 0.9828366442983079
1735977408.202613 0.0176996749883067 -0.0130740371862732 0.0762774254339105 -0.0014825261678891 0.1806504870162494 -0.0381676773133802 0.9828053887039160
1735977408.302594 0.0202667840690855 -0.0118600851144726 0.0758943544059658 -0.0014431013986306 0.1805191473297235 -0.0381810064764867 0.9828290622738755
1735977408.402581 0.0181791349042032 -0.0124440360177735 0.0765476509722556 -0.0014584903370510 0.1806415137227830 -0.0382030041791799 0.9828057014474245
1735977408.502714 0.0217232315082239 -0.0137062687494464 0.0789052315240423 -0.0014414158336025 0.1806610777588885 -0.0381597933807075 0.9828038092480784
1735977408.603043 0.0214055138648895 -0.0154146595694237 0.0770103323703029 -0.0014138289128323 0.1804814546704159 -0.0380749307468033 0.9828401422695768
1735977408.702719 0.0246350750436911 -0.0148250071290575 0.0771760044759560 -0.0015133951217333 0.1804590057896871 -0.0380588779854470 0.9828447378254066
1735977408.802772 0.0259616675001318 -0.0163767404629935 0.0776760840285217 -0.0017769589994172 0.1805896130733392 -0.0381552922517540 0.9828165687145894
1735977408.902810 0.0252262905799556 -0.0154013131020737 0.0800804948628798 -0.0015580773956442 0.1806582857898631 -0.0379593042892513 0.9828119084484952
1735977409.002587 0.0239536353785648 -0.0155132038935286 0.0771383226445680 -0.0015517987442684 0.1805116654277966 -0.0380876529220243 0.9828338930155147
1735977409.102610 0.0249962140076960 -0.0164950535564201 0.0776440746289174 -0.0015136881423104 0.1805543989173657 -0.0380367868018259 0.9828280727724403
1735977409.202579 0.0247706801335407 -0.0152651622619574 0.0782464165801575 -0.0012990983108152 0.1804520848372405 -0.0380781349766627 0.9828455692824642
1735977409.302553 0.0235335926902817 -0.0167599909111842 0.0763274591258196 -0.0013988402791192 0.1805206844319166 -0.0380002019678720 0.9828358511921036
1735977409.402656 0.0204126988956049 -0.0180292677748068 0.0775421159704761 -0.0015188105779556 0.1806482979221338 -0.0377484145532050 0.9828219283629073
1735977409.502560 0.0207105280402066 -0.0179401543116708 0.0763973230835714 -0.0013685827165101 0.1805760716419865 -0.0377567519224695 0.9828351016401284
1735977409.602649 0.0233088720874519 -0.0186867662040859 0.0775601141983984 -0.0014664057303693 0.1804212514928112 -0.0378693197966771 0.9828590622679015
1735977409.702645 0.0205737645139493 -0.0198885008429421 0.0760759086389095 -0.0014753675553175 0.1805062951342448 -0.0377975917352769 0.9828461948679962
1735977409.802681 0.0233617727916942 -0.0179512851983476 0.0780956263012868 -0.0013158590071647 0.1805730659421882 -0.0377871166014713 0.9828345589112434
1735977409.902583 0.0212095011125469 -0.0197588112562029 0.0756940655160050 -0.0014025257646124 0.1803640348457287 -0.0377886021945239 0.9828727635863314
1735977410.002536 0.0179009246279779 -0.0200962152037426 0.0749355873341034 -0.0013175395344391 0.1804862640509093 -0.0378382793065949 0.9828485321745345
1735977410.102604 0.0196909909523229 -0.0194763127506877 0.0744719314767166 -0.0014876233941861 0.1805841423883401 -0.0378503209472829 0.9828298467683471
1735977410.202564 0.0211608217505544 -0.0175128209989890 0.0753308763393385 -0.0014969459362214 0.1806910140390676 -0.0379073427088701 0.9828079924212816
1735977410.302540 0.0179414927005502 -0.0183809056199791 0.0754680248922174 -0.0013653400722834 0.1806846102558579 -0.0378279458621946 0.9828124205437284
1735977410.402434 0.0167795267516077 -0.0184639804605655 0.0741231822520752 -0.0013842718157544 0.1805123636615424 -0.0378906782222892 0.9828416285753866
1735977410.502675 0.0193532449009256 -0.0180957066589748 0.0759383508298688 -0.0015546362667029 0.1805197641737399 -0.0379299448238119 0.9828385000265294
1735977410.603012 0.0187247859366399 -0.0173914354936217 0.0747401590578241 -0.0014626841677335 0.1805173733308903 -0.0379812322081907 0.9828370996664142
1735977410.702549 0.0202032708508621 -0.0194129088246084 0.0803558784327900 -0.0015486713039941 0.1806552538069740 -0.0378610905020942 0.9828162690529305
1735977410.802557 0.0181212325394581 -0.0200060792871170 0.0776565307274434 -0.0013455993650780 0.1806374953336242 -0.0376955402418499 0.9828261956662627
1735977410.902659 0.0172514394984765 -0.0215184435965148 0.0778516420651754 -0.0013786580502639 0.1807128550947899 -0.0377057171497204 0.9828119058088863
1735977411.002688 0.0176306764941134 -0.0184050378639553 0.0788787594827005 -0.0013402837185275 0.1806522564261535 -0.0377978163936714 0.9828195617525953
1735977411.102654 0.0219764528228127 -0.0190262826173455 0.0769066864621319 -0.0013127696158187 0.1805224276186965 -0.0378774538135178 0.9828403879853500
1735977411.202746 0.0202896465886715 -0.0197478720667139 0.0802972676140791 -0.0014655302883405 0.1806724730564500 -0.0378671463153877 0.9828129979454734
1735977411.302645 0.0214870201686115 -0.0170170574797241 0.0788679774193838 -0.0014104729181463 0.1805820791516405 -0.0378451285030858 0.9828305395662077
1735977411.401840 0.0236413697306099 -0.0177885430306356 0.0792619701246984 -0.0013784358293758 0.1806122086228172 -0.0379373689201766 0.9828214924646625
1735977411.502701 0.0246758171503107 -0.0173925402481343 0.0786401262529743 -0.0014508724822542 0.1806108594251589 -0.0378965992677944 0.9828232090211759
1735977411.602576 0.0250552270036410 -0.0171707972869719 0.0765793485769400 -0.0012506346851501 0.1805127801367910 -0.0378685845628469 0.9828425827279653
1735977411.702517 0.0220057618683280 -0.0174605790509614 0.0785047865943834 -0.0012244127472961 0.1806423242312936 -0.0378435799752442 0.9828197774589185
1735977411.802558 0.0241322478311386 -0.0165772646745374 0.0783026585171951 -0.0013217546257415 0.1806773592202668 -0.0379050991917975 0.9828108405411287
1735977411.902646 0.0242658647717699 -0.0170940536617789 0.0795019803287634 -0.0011919514534140 0.1807516384014894 -0.0379075316117947 0.9827972545311728
1735977412.002587 0.0212941214731813 -0.0200221368102894 0.0790648756094564 -0.0014626727262748 0.1807927846519873 -0.0377827627513496 0.9827941251580370
1735977412.102631 0.0234551673064322 -0.0210130727520081 0.0776996509615471 -0.0014147762200192 0.1806141465544797 -0.0377623468916465 0.9828278250181357
1735977412.201550 0.0246743481495178 -0.0211312388192850 0.0762369349691827 -0.0014712103590741 0.1805500883529318 -0.0376669819530131 0.9828431714197231
1735977412.301550 0.0236676710804303 -0.0214830826319067 0.0770992448127924 -0.0014086249917000 0.1806114687536341 -0.0377288869771010 0.9828296109793176
1735977412.401798 0.0229198829967408 -0.0199900415893968 0.0775031099937164 -0.0015042723348880 0.1806283605379186 -0.0378352224409280 0.9828222771574583
1735977412.502632 0.0229927012549088 -0.0211144026629953 0.0769952410691876 -0.0015496613117108 0.1805827914872186 -0.0378781455042307 0.9828289271595863
1735977412.602655 0.0239147164746491 -0.0206417667794394 0.0766001442516726 -0.0013582237373964 0.1805624585181855 -0.0378560335054353 0.9828337980194735
1735977412.702510 0.0233946287163013 -0.0207452887203256 0.0770088147291969 -0.0013245230220237 0.1805604134712804 -0.0376917826063815 0.9828405324618017
1735977412.802691 0.0232688119500814 -0.0185000952821113 0.0774700728409230 -0.0014821877055044 0.1806085188065941 -0.0377801879907601 0.9828280742070185
1735977412.902564 0.0221163748117836 -0.0175341569032678 0.0780568110204522 -0.0013193089250519 0.1806867419096847 -0.0378377228249127 0.9828117151588337
1735977413.002571 0.0225706352023321 -0.0174373720989013 0.0773792461263181 -0.0013347027099644 0.1807071004950735 -0.0377968606206938 0.9828095236242673
1735977413.102553 0.0222067288131782 -0.0173116057098911 0.0798897968289597 -0.0014336047212365 0.1806943355773518 -0.0378285247513635 0.9828105130608332
1735977413.202593 0.0257565720462422 -0.0178234637289431 0.0773250497705578 -0.0012640269661866 0.1806362128431277 -0.0377457188452316 0.9828246138321820
1735977413.302613 0.0251971595379818 -0.0197496059628334 0.0775956043027517 -0.0012671373689764 0.1806886911304895 -0.0377281729086575 0.9828156369479544
1735977413.402510 0.0241694962358966 -0.0191130678344326 0.0777099197129118 -0.0014398029945808 0.1806103352424822 -0.0378775822845417 0.9828240547174315
1735977413.502704 0.0259719080463409 -0.0192249645020506 0.0765645688820480 -0.0014846975432722 0.1806149435982491 -0.0378058069581668 0.9828259046150789
1735977413.602512 0.0271354192116679 -0.0185722839576327 0.0771366113334806 -0.0013315651495835 0.1805041967117756 -0.0377725422175363 0.9828477486152744
1735977413.702536 0.0272366606039892 -0.0166746058801856 0.0758235311407083 -0.0015028230705417 0.1805024246832745 -0.0379405402158872 0.9828413562800480
1735977413.802616 0.0267054908049652 -0.0174311488019348 0.0769685672422492 -0.0016147854811565 0.1806395099348589 -0.0379115608857964 0.9828171108957895
1735977413.902631 0.0283805183703764 -0.0184089090191589 0.0755783389188961 -0.0015427023870137 0.1805728438445459 -0.0378797304212775 0.9828307047291764
1735977414.002538 0.0282976691129031 -0.0177814906265694 0.0765341008720484 -0.0018375048314226 0.1811748035706497 -0.0379057571639772 0.9827184071243179
1735977414.102670 0.0279200636881310 -0.0189137228890070 0.0757480838904843 -0.0010720481864479 0.1818513743912832 -0.0378464618250866 0.9825968520568390
1735977414.202559 0.0292085303443137 -0.0164521759343571 0.0776297994560481 -0.0017032373883751 0.1816605921196793 -0.0380275150039626 0.9826242600077356
1735977414.302547 0.0283378969027109 -0.0166273745692211 0.0783703279317645 -0.0013623707012343 0.1814450303582165 -0.0379669226776608 0.9826669617356466
1735977414.402696 0.0278281194471118 -0.0166738438914806 0.0760843274642542 -0.0021538124749825 0.1824149665192275 -0.0382486850963267 0.9824750272500640
1735977414.502528 0.0263489170782547 -0.0127934110376309 0.0764179294145203 -0.0018033606701208 0.1806808982914790 -0.0369543933434819 0.9828456306539155
1735977414.602537 0.0251608905884597 -0.0150368069545645 0.0893294506908116 -0.0044740250860146 0.1883949430705949 -0.0362199860158655 0.9814150198249298
1735977414.702680 0.0152248705264239 -0.0107016911871364 0.1213843087416520 -0.0060110313703798 0.1900761259664897 -0.0365075341567595 0.9810719309965139
1735977414.802690 0.0153513276074608 -0.0055804486767785 0.1675715162214400 -0.0112002778246552 0.1817947445279622 -0.0414433978847465 0.9823989359778594
1735977414.902777 0.0211246841608545 0.0030189973990115 0.2230422822694845 -0.0169164527103908 0.1927463592332262 -0.0505661516931758 0.9797988257458651
1735977415.002582 0.0395474350756979 0.0205573960152095 0.2931119034690241 -0.0272357271202891 0.2060691258224012 -0.0644279993202308 0.9760342019901829
1735977415.102566 0.0633044174233366 0.0460437309820854 0.3832959189957884 -0.0306440562125574 0.2124584495246273 -0.0875178497498134 0.9727604921148897
1735977415.202578 0.1009711929947490 0.0746363468386275 0.4840051519663747 -0.0185460811999304 0.2142291552598696 -0.1099694073896631 0.9703961259955312
1735977415.302557 0.1456976341590978 0.1018611130483946 0.5802094260087273 0.0010425027765830 0.1983853102355627 -0.1260780754198587 0.9719807100807737
1735977415.402651 0.2097066502398689 0.1236542219022729 0.6468581230708053 0.0118050049747753 0.1960519930306353 -0.1417041320253442 0.9702289404327235
1735977415.502583 0.2858822024989685 0.1278392201131660 0.6821098747180958 0.0353668041192476 0.2130283984276284 -0.1540127074521430 0.9641826468947734
1735977415.602602 0.3802693441118568 0.1251867561019673 0.6958358083513022 0.0552812048377864 0.2339108191509200 -0.1660667841461844 0.9563741633268712
1735977415.702624 0.4903632170089210 0.1128347291456318 0.6967080377292880 0.0758094609465656 0.2483376346703181 -0.1711565378276416 0.9504140068392291
1735977415.802652 0.6115086502223962 0.0967821454419607 0.7010284869148276 0.0786446907452522 0.2583878876233064 -0.1786231062634702 0.9461207629345941
1735977415.902528 0.7413933914667675 0.0743429194223148 0.7232648916724588 0.0801220960090946 0.2616300566471310 -0.1812562342421229 0.9446038009336470
1735977416.002679 0.8761275614263341 0.0386269709612697 0.7576134718761760 0.0910894258694158 0.2631917538899824 -0.1806122286902075 0.9432984893588304
1735977416.102701 1.0139323653071213 -0.0196641373002949 0.7890104517311332 0.0967846609753058 0.2465122231166087 -0.1875125030610354 0.9458876859594842
1735977416.202534 1.1556834484141949 -0.0942973494089907 0.8185950378381311 0.0972658828156389 0.2280704921645697 -0.2123578172807701 0.9452128628428902
1735977416.302607 1.2971558238125971 -0.1928842376580928 0.8492461036288153 0.0936275291892883 0.2241379989954768 -0.2511106096357884 0.9369842607603157
1735977416.402556 1.4340844584855439 -0.3056950059088068 0.8749690443992550 0.0954377741248572 0.2332577198701679 -0.2826700627901872 0.9255161278947304
1735977416.502514 1.5713879220717353 -0.4249939764872564 0.8989762157862797 0.1035453904957134 0.2377887687009996 -0.3062159638292962 0.9159512198162345
1735977416.603036 1.7106283083325964 -0.5518823082903792 0.9326281041247779 0.1044844281789022 0.2181071479522562 -0.3263736758512557 0.9137792402936281
1735977416.702677 1.8591130361617154 -0.6621949590945542 0.9653827664132063 0.0966307324024286 0.1896647373683065 -0.3237897700715822 0.9218730789817943
1735977416.802598 1.9990207074002337 -0.7654745593623887 1.0045315070745537 0.0801938327117892 0.1482928293730891 -0.3171229957702526 0.9332798034379711
1735977416.902606 2.1453717227480831 -0.8727178127028723 1.0249423615268625 0.0884470220042845 0.1598729500894450 -0.3104102054711143 0.9328790213460972
1735977417.002517 2.2946482469485239 -0.9855012459304179 1.0424056445479386 0.0932058508922680 0.1548915118674541 -0.3054866050466896 0.9348792558656495
1735977417.102570 2.4391446044035781 -1.0991839389852305 1.0579752754700060 0.0758208166429267 0.1369961105573351 -0.3205541845230448 0.9341992743737965
1735977417.202592 2.5818007077812455 -1.2328474344032538 1.0675435201698333 0.0727885238169969 0.1449854598088365 -0.3517805423799044 0.9219172941470744
1735977417.302529 2.7229273269591090 -1.3712375759062236 1.0750570515192244 0.0917152419883795 0.1789462753736741 -0.3703854719181550 0.9068523292735525
1735977417.402761 2.8618753240665207 -1.5163112849231781 1.0698830977852745 0.1132144973275746 0.2139043628951319 -0.3878377264816835 0.8893870355738335
1735977417.502577 2.9918323021327868 -1.6556122026022986 1.0693181148298980 0.1201819545377642 0.2118114733461542 -0.4075001747495502 0.8801339699963296
1735977417.602520 3.1172942513461255 -1.7799922307087470 1.0847284904275349 0.1158157395769021 0.1920366821658255 -0.4162554032747769 0.8811583662506699
1735977417.702570 3.2452495434238191 -1.9070008131988958 1.1059439151650028 0.1190206872317452 0.1895398280992218 -0.4195575558174803 0.8797046020860995
1735977417.802606 3.3726043778094792 -2.0208281685291438 1.1175967110849538 0.1310027027292903 0.2228472913370905 -0.4160344161018747 0.8718329778346970
1735977417.902640 3.5020461095894317 -2.1421001824379537 1.1213288956960572 0.1310277530384567 0.2186383520110344 -0.4092156497892416 0.8761116087184102
1735977418.002527 3.6361625855124031 -2.2697535176315773 1.1219273295376297 0.1315126586964934 0.2084402531276864 -0.4126487939719534 0.8769139378024153
1735977418.102498 3.7627774081401704 -2.4089357447541642 1.1305439889030244 0.1319084583328202 0.2024884219260027 -0.4315549609353845 0.8691138667046076
1735977418.202698 3.8778227693172398 -2.5477739797340626 1.1425849644280297 0.1463276996840204 0.2105624393357425 -0.4462120159931524 0.8574068463859451
1735977418.302678 3.9908148447765539 -2.6896612020836770 1.1492950324868854 0.1600504639109605 0.2144331343519184 -0.4613888634984243 0.8458856876277850
1735977418.402531 4.1041093007519338 -2.8294049643191208 1.1500462927957471 0.1726188050171971 0.2092191403890858 -0.4747874887208584 0.8372615720331538
1735977418.502654 4.2201786696509132 -2.9721437893586184 1.1549058880196021 0.1656682165388939 0.1872798641530100 -0.4743348016222568 0.8440893261270556
1735977418.602614 4.3491491937946654 -3.1010812187503292 1.1705958481402199 0.1482662579695398 0.1425189630789186 -0.4451350970137462 0.8715275138038859
1735977418.702686 4.4971026881726619 -3.2507328856333308 1.1706285347188696 0.1419657741609293 0.1541782339421776 -0.4124337448565771 0.8865512942007017
1735977418.802597 4.6433768819135164 -3.4135976277709497 1.1748681467334987 0.1383310284448203 0.1691455087436491 -0.3849112189329477 0.8967149362984889
1735977418.902711 4.7878226555642236 -3.5910178925499512 1.1813783431139397 0.1400582102239858 0.1734038905567202 -0.3733027746246690 0.9005330793181173
1735977419.002683 4.9183585015599425 -3.7875437571923869 1.1900667238066538 0.1550374209138494 0.1829305392832120 -0.3977763152297123 0.8855923548429082
1735977419.102615 5.0085971628511956 -3.9788767276479682 1.2044433035983888 0.1367225556480842 0.1640991064943915 -0.4592481662757666 0.8622468021379637
1735977419.202751 5.0791308844028809 -4.1770683018873074 1.2289673792778031 0.1437820376133520 0.1787356732500299 -0.5045736831397294 0.8323374814643513
1735977419.302699 5.1496025397858531 -4.3620011657768440 1.2608609965049211 0.1544702078699691 0.2106618351357910 -0.5287128486975987 0.8076034111616291
1735977419.402580 5.2402099367621098 -4.5354937297217086 1.2900753161307361 0.1630516046445699 0.2220017853987676 -0.5366059922090541 0.7976110522227778
1735977419.502574 5.3434987086392161 -4.6979221765508798 1.3206739217263581 0.1518049858715852 0.2137510330631634 -0.5315885103746982 0.8054063556780314
1735977419.602688 5.4683099655416205 -4.8528151684101131 1.3469119035119701 0.1321853202853522 0.2047030460226146 -0.5093139172750945 0.8253623675210908
1735977419.702570 5.6022109712390407 -5.0132878415949689 1.3552055994900611 0.1332405363354217 0.2142647961784420 -0.4849840962254458 0.8373338539698771
1735977419.802515 5.7338738642843401 -5.1759734271378566 1.3577157738702523 0.1266538778086323 0.2049564621239034 -0.4725401145815413 0.8477366831634413
1735977419.902673 5.8524495577389519 -5.3519738602357583 1.3691999182820287 0.1117143740426086 0.1887702911846356 -0.4851850429083105 0.8464520954764051
1735977420.002827 5.9597000719615920 -5.5237901689911864 1.3727944117973490 0.1081206871905025 0.1869467347920884 -0.4915720309050852 0.8436336727418364
1735977420.102633 6.0717516508688822 -5.6952334531159625 1.3752719862303009 0.1137908597975607 0.2077841550008092 -0.4901158564132770 0.8388467276263356
1735977420.202566 6.1877121571821725 -5.8572277321530333 1.3868740954347656 0.1176435422819430 0.2013738095957875 -0.4820425008089896 0.8445375143722459
1735977420.302517 6.3210575106890596 -6.0078491792646336 1.4049305647889725 0.0964345996245494 0.1859147511266290 -0.4592047676771103 0.8632885118263693
1735977420.402658 6.4560820337437583 -6.1370772871337218 1.4273899990661436 0.0792176437889991 0.1691442645871590 -0.4254945919286798 0.8854767839470636
1735977420.502666 6.6063274356092325 -6.2615535433638518 1.4382146568455292 0.0878614080359846 0.1919925665206538 -0.3974981753314875 0.8929806425600078
1735977420.602660 6.7556380994881673 -6.3800678974954463 1.4414942760685994 0.0838378614854622 0.1950863252779328 -0.3759716646408877 0.9019744154122428
1735977420.702533 6.8984543627636601 -6.4998684198637964 1.4470095642036220 0.0716521830950806 0.1881897670370109 -0.3689440220665129 0.9073758233618797
1735977420.802640 7.0387134558933813 -6.6271622177583431 1.4510358971369370 0.0825785088199113 0.2063077870847734 -0.3717835292773563 0.9013295147876480
1735977420.902628 7.1766638719006304 -6.7484494246815538 1.4635360584409809 0.0908665384810880 0.2079854156974402 -0.3737197823108009 0.8993435735864218
1735977421.002665 7.3268154106909087 -6.8693874272995794 1.4724938909635437 0.0902619263283363 0.2128228874358872 -0.3722263938640858 0.8988919373038611
1735977421.102630 7.4905538151687834 -6.9742317038316637 1.4954394874638082 0.0802866509102730 0.2156377467801849 -0.3555746207551749 0.9058813967203380
1735977421.202608 7.6475272264328593 -7.0619417577831625 1.5266454919111450 0.0647980505090098 0.1877475375750644 -0.3268482956915988 0.9239709229127444
1735977421.302539 7.8169984351357877 -7.1466382647929745 1.5466384398468978 0.0686735349516632 0.2032552278168392 -0.2961936667738495 0.9307204573476556
1735977421.402661 7.9823199532586200 -7.2191028637252437 1.5639175814096220 0.0674783129169607 0.2157450794110249 -0.2714389617262113 0.9355328043702197
1735977421.502535 8.1477217474647574 -7.2963979182472691 1.5676220469153981 0.0533977734250747 0.2008589210406643 -0.2562506440660354 0.9440021075439222
1735977421.602643 8.3079989908237248 -7.3878339767372649 1.5787486534631427 0.0522952925918051 0.1948463382114079 -0.2685704111035674 0.9418970438099931
1735977421.702615 8.4621811738140522 -7.4865830186654767 1.5943282386983717 0.0612637616575456 0.1958460453444898 -0.2845715335148975 0.9364347923606166
1735977421.802529 8.6213811158899780 -7.5807154108518864 1.6042487493973678 0.0743914391004984 0.2173572662658700 -0.2991088632193178 0.9261509707027423
1735977421.902545 8.7837313827193810 -7.6761452249400026 1.6047120307185851 0.0722406187186254 0.2225258103573616 -0.3034892036288003 0.9236654480994221
1735977422.002624 8.9548043387844700 -7.7526760652979796 1.6064861642816826 0.0634406481029563 0.2245868279471203 -0.2866511427581760 0.9291755287545832
1735977422.102629 9.1306087714344866 -7.8106820115338982 1.6171189183929979 0.0552395884905892 0.2144476220668973 -0.2551562765507430 0.9411992774062272
1735977422.202595 9.3120472244468750 -7.8500871345317673 1.6223913011539952 0.0560086304894524 0.2219304943001928 -0.2181190948141291 0.9487011908329372
1735977422.302537 9.4952083434984633 -7.8851336559535596 1.6275256087584087 0.0600142104537387 0.2443621456757827 -0.1868905476594833 0.9496090561383040
1735977422.402546 9.6808098294406530 -7.9253947401005522 1.6351114827879567 0.0537716391658662 0.2393265426518629 -0.1700687782101273 0.9544150184703909
1735977422.502721 9.8617866518453656 -7.9779463725220383 1.6503541519222584 0.0507704880058349 0.2398987922579092 -0.1791783363532353 0.9527675743866040
1735977422.602684 10.0389459798991965 -8.0343098575245229 1.6701575174146113 0.0538688771789134 0.2432522662640567 -0.1941962268281564 0.9487962397240995
1735977422.702657 10.2122836679389888 -8.0943695981310118 1.6929106162033920 0.0544979360506692 0.2483634913947611 -0.2037839170524196 0.9454193071115029
1735977422.802715 10.3964203605205086 -8.1527560192753583 1.7158676391380261 0.0493849178627424 0.2553719658265413 -0.2115017771051498 0.9421323087756525
1735977422.902677 10.5941446442656346 -8.2094339422429528 1.7414186115723067 0.0465660183271808 0.2563792822347786 -0.2012348316878233 0.9442488083622377
1735977423.102662 10.7934895227869134 -8.2501972694073107 1.7634199374550101 0.0415595311763069 0.2175568171347000 -0.1732737674246297 0.9596447458351969
1735977423.402579 10.9998536964530693 -8.2856853126890968 1.7777550872298604 0.0395898840449086 0.2255459992266061 -0.1478316402651223 0.9621369182453742
1735977423.702610 11.2018350369520352 -8.3232748425325873 1.7988231418813212 0.0400418454935981 0.2402009773440295 -0.1262049849452838 0.9616508944868718
1735977423.902569 11.4124788538394828 -8.3795708007948502 1.8206761934616702 0.0431997996962006 0.2379754095147707 -0.1321882295602048 0.9612636234343959
1735977424.002582 11.6068478350388755 -8.4573346585752045 1.8470138988194826 0.0437327327239502 0.2033700051240293 -0.1723779187948346 0.9628156325155452
1735977424.102700 11.8054329529541562 -8.5429000647254512 1.8685878484540825 0.0437225194061800 0.2046344231558788 -0.2177712801233040 0.9533041297035771
1735977424.202578 12.0096247795544215 -8.6217225353479101 1.8894963701527048 0.0391138160110383 0.2278169428731874 -0.2460640274406155 0.9412874398060742
1735977424.202578 12.2180601949367418 -8.6812301900108988 1.9168080681086122 0.0340005227664224 0.2332301492197200 -0.2470905614139354 0.9398903746749955
1735977424.302646 12.4217112683565958 -8.7207442315520787 1.9491127909432142 0.0271023517674528 0.1924445963907327 -0.2174305063282239 0.9565325476775652
1735977424.402699 12.6298873634529034 -8.7470029398185982 1.9651610692349122 0.0281901372597324 0.2073340079521778 -0.1875571395718421 0.9597084165012789
1735977424.402699 12.8360485697151852 -8.7759208100978938 1.9924553347169467 0.0417138736778229 0.2316482865376122 -0.1590369833436877 0.9588046005396086
1735977424.502640 13.0357095817016120 -8.8105844095965669 2.0266459582763496 0.0464135346200429 0.2350243122638547 -0.1500223972200158 0.9592198062912045
1735977424.602655 13.2243144167638480 -8.8614420578953617 2.0617269562860847 0.0371883273830056 0.2053624430026188 -0.1688074211183500 0.9633002387032936
1735977424.602655 13.4142324769751866 -8.9214583612099396 2.0823750637058627 0.0469952506850465 0.2115268186836946 -0.1845216951847997 0.9586446658677723
1735977424.702699 13.6069740376821962 -8.9805888104654450 2.0990191150580206 0.0539328274529044 0.2366471410288933 -0.2026495833662256 0.9486951708147784
1735977424.702699 13.8012479540666710 -9.0229429210536534 2.1295800162427794 0.0518126511158726 0.2357978821690098 -0.2004076844614305 0.9495006940270041
1735977424.802560 13.9854671718660253 -9.0546745746403250 2.1728529252608233 0.0489946980716847 0.2186633153180395 -0.1808555587304141 0.9576414469786164
1735977424.902626 14.1609316640770224 -9.0706547798312585 2.2109808447494799 0.0500739531150951 0.2184446808380311 -0.1581432959210190 0.9616471382935816
1735977425.002539 14.3401573955114277 -9.0897256083474876 2.2270026971242336 0.0470118169178689 0.2150675965772777 -0.1343025458774178 0.9661773357636776
1735977425.102863 14.5176190303527939 -9.1064170509537572 2.2351189748742946 0.0414150223051741 0.2035142455488653 -0.1229253659397909 0.9704411894569945
1735977425.202729 14.6884649780580308 -9.1429069952478894 2.2489173541255449 0.0394127381331808 0.2057018050624606 -0.1347875873642278 0.9684862981784623
1735977425.402674 14.8654278854744746 -9.1860360482170922 2.2594590674908139 0.0512414199376028 0.2279910851774739 -0.1522542948220545 0.9603192238368528
1735977425.502527 15.0385342704669203 -9.2244615098995677 2.2693080730855977 0.0557674581910833 0.2463626950647468 -0.1719491169159322 0.9521706329640564
1735977425.602579 15.2075829369029858 -9.2657544501517393 2.2786369496578160 0.0551568294191560 0.2256992641807367 -0.1893333596345431 0.9540285348175898
1735977425.702640 15.3829742327010077 -9.3014695361382476 2.2869329303209245 0.0524467952392564 0.2196887377263139 -0.1945565336740111 0.9545333663052874
1735977425.802557 15.5564921778269714 -9.3357428017799986 2.2983045747244697 0.0523751439481022 0.2352937223483902 -0.1919022499467030 0.9513502167894048
1735977425.902791 15.7221760281435241 -9.3637643170037492 2.3130982615533964 0.0532471811341045 0.2597372544038867 -0.1844962217944630 0.9463944423545454
1735977426.002665 15.8866126885329653 -9.3987240587003260 2.3252574410185192 0.0565198545847017 0.2724798144245307 -0.1750278221550553 0.9444180844523021
1735977426.102681 16.0495809029147942 -9.4422512260276168 2.3452953003765122 0.0572736628420540 0.2490284108799465 -0.1785119180548297 0.9501779166196450
1735977426.202617 16.2176573108543529 -9.5013815753771933 2.3687368305584906 0.0607545604881306 0.2305146846637495 -0.1995797412010865 0.9504418921935069
1735977426.302593 16.3788120192396498 -9.5716009371215911 2.3940380161667725 0.0630586984171247 0.2378473765580273 -0.2207543065704679 0.9437795092864616
1735977426.402608 16.5398523049857999 -9.6428186790846713 2.4197752935364747 0.0572033493971632 0.2433721523940006 -0.2295066180708369 0.9406510960598221
1735977426.502752 16.7096216591358449 -9.7125498309970073 2.4469007786903698 0.0420179811286256 0.2369954369143027 -0.2291799400597447 0.9431565125777827
1735977426.602683 16.8803996413028123 -9.7686118567225524 2.4812509726476790 0.0300172550137648 0.2250486512536878 -0.2048407756789183 0.9520989053609891
1735977426.702535 17.0474297859606772 -9.8088532299898610 2.5121981703781846 0.0222773596325795 0.2121999564178770 -0.1735065418610733 0.9614418223041181
1735977426.802557 17.2175256905622192 -9.8358328067771019 2.5328520148759770 0.0154591449622681 0.2286172050547405 -0.1459184345878660 0.9623944091885722
1735977426.902545 17.3795363722797731 -9.8555965899130555 2.5561737807883245 0.0064212429884901 0.2220642856730211 -0.1136464090568675 0.9683649696139843
1735977427.102636 17.5393480907260866 -9.8730572630926279 2.5780746511445560 0.0038910868270192 0.2191079665772601 -0.0904938049444336 0.9714872256969526
1735977427.102636 17.7025615902777247 -9.8821031895492411 2.5957849323606625 0.0049866336446634 0.2192499380788956 -0.0679654174446096 0.9732858265529579
1735977427.202601 17.8657546037775106 -9.8812769130599758 2.6102349735569863 0.0002908120240087 0.2283818893946408 -0.0487455487344619 0.9723505023927725
1735977427.302550 18.0370384660536018 -9.8712299583274312 2.6110989042413695 -0.0036748776766780 0.2205711177157658 -0.0279195357987639 0.9749642951536538
1735977427.402638 18.1969599298247893 -9.8433804601406294 2.6059689952201155 -0.0169823228851780 0.2076963998009225 0.0091015681147461 0.9780035622005739
1735977427.602539 18.3580012123416267 -9.8001696676450063 2.6087096203201203 -0.0203246482257450 0.2038851760077041 0.0550723604584930 0.9772332264062337
1735977427.702722 18.5226394993963837 -9.7438423259783136 2.6051479625175675 -0.0288984762629139 0.2402550560819769 0.0871106693026595 0.9663612768475207
1735977427.802533 18.6820014850586702 -9.6821358962220962 2.5874098745169367 -0.0403998118472799 0.2415030265831279 0.1176909905701742 0.9623892009434150
1735977427.902844 18.8498756254086395 -9.6130850181286167 2.5707876097774061 -0.0480354283665229 0.2314004794683175 0.1394395972675242 0.9616147952466975
1735977428.002592 19.0282965618982907 -9.5451601768234884 2.5574412968357425 -0.0574910672279860 0.2319711454726688 0.1350592054419380 0.9615836811648156
1735977428.002592 19.2089179750054768 -9.4821498369852861 2.5353957484064580 -0.0548810604031489 0.2451423792436859 0.1294189567909837 0.9592413756354050
1735977428.102726 19.3893949360735327 -9.4172728842937996 2.4996239497338286 -0.0584847626026198 0.2800535618517084 0.1262953869021113 0.9498415711500168
1735977428.202656 19.5648638485480753 -9.3465756727196023 2.4866908185960428 -0.0650036770155440 0.2864497675903975 0.1280318774770626 0.9472744538788981
1735977428.202656 19.7338745757435028 -9.2680233829615037 2.5028399962967405 -0.0657598103788917 0.2706765651169457 0.1396503864152227 0.9502145094711525
1735977428.302673 19.8906837797755465 -9.1779968063315245 2.5361305401836574 -0.0667603124468404 0.2581866658162612 0.1639183063729239 0.9497439102792472
1735977428.402634 20.0392668846835882 -9.0779884184241784 2.5745098711184271 -0.0757174067153556 0.2709304652075759 0.1913082558202909 0.9403535019330264
1735977428.502604 20.1890438756358783 -8.9662584915053696 2.6278474117067776 -0.0754367081925191 0.2731919059613669 0.2209295256414404 0.9332018164760078
1735977428.602719 20.3460629554193417 -8.8463301898976798 2.6924679647936061 -0.0786001829525157 0.2634440211187145 0.2399466731297289 0.9310450327619006
1735977428.702650 20.5119029242455646 -8.7323228331164007 2.7437020456583454 -0.0782164725538169 0.2395972994002903 0.2469063926092424 0.9356882765269725
1735977428.802621 20.6703510032910138 -8.6206253859317901 2.7894975204782266 -0.0762083813394861 0.2241193989803930 0.2581553008311962 0.9366528803495122
1735977428.902634 20.8294290811514671 -8.5015622344783051 2.8304212762740417 -0.0787026266030708 0.2217648388789704 0.2599476824595722 0.9365113214407284
1735977429.002532 20.9846611887155809 -8.3739352070134654 2.8698541419367261 -0.0802845323501957 0.2116579975999333 0.2622433881251221 0.9380744593591459
1735977429.102714 21.1280881661453925 -8.2379932530664348 2.8878531361208459 -0.0791336404406503 0.2071250523726285 0.2820411692934757 0.9334290859266250
1735977429.202643 21.2572039132724342 -8.0850237382258001 2.8955280886003303 -0.0863910161872678 0.2044394240645437 0.3123162934450218 0.9236880680506011
1735977429.302683 21.3790675855689685 -7.9228711710532300 2.8927213302796355 -0.0986233874941004 0.2283006629479209 0.3427290573613546 0.9059188859809281
1735977429.402584 21.4927599219623033 -7.7559840090528667 2.8981523885033575 -0.0984800797383618 0.2226043720398092 0.3690713149643948 0.8969589354669146
1735977429.502661 21.6114885264908061 -7.6023696247094410 2.8988687054795017 -0.0911603363037303 0.2121630577019902 0.3747144998264796 0.8979229775717537
1735977429.602638 21.7329561742878106 -7.4562618172430382 2.8959032737011028 -0.0873739791103132 0.2083202616516269 0.3724966095081376 0.9001192877973286
1735977429.702602 21.8531037061285112 -7.3020086103956849 2.8914979056316592 -0.0992013163464888 0.2292919520655820 0.3583128670342163 0.8995533274191135
1735977429.802544 21.9723802426278709 -7.1416999670774670 2.8933499879825981 -0.1056226975371936 0.2276963354385711 0.3552643999405742 0.9004362446768100
1735977429.902544 22.0883296460220002 -6.9765375166688539 2.8962167481272281 -0.1054339419932041 0.2275574548507890 0.3618991138979747 0.8978476039826947
1735977430.002660 22.1861515887214722 -6.8103043408875594 2.9025712448851584 -0.1100437898949697 0.2387001991404963 0.3803725020948899 0.8866957420028093
1735977430.102594 22.2678519770195074 -6.6356065910134925 2.9151084447299365 -0.1175400154652219 0.2341177045149292 0.4015296182938925 0.8775803158855927
1735977430.202511 22.3517929879084747 -6.4644851039052540 2.9173197457036388 -0.1146213537911097 0.2349131317665476 0.4199438733509209 0.8690943038668195
1735977430.302682 22.4455157717309355 -6.2985611473917675 2.9207270510369079 -0.0964361094056462 0.2277118423297440 0.4270563884944840 0.8697529733847102
1735977430.402610 22.5496220783326464 -6.1403260269769158 2.9189028200497096 -0.0748117561867775 0.2002931728353756 0.4138472965856161 0.8848820605937074
1735977430.502495 22.6617919595665001 -5.9929204777763214 2.9185987673254132 -0.0728054137351431 0.1997630145464647 0.4019518020346828 0.8906339644271574
1735977430.602504 22.7792276899605994 -5.8427324240239189 2.9120529045851606 -0.0815805387784200 0.2182783617459775 0.3964540390081745 0.8879883824916968
1735977430.602504 22.9035219770679745 -5.6931529937249090 2.9076945786198758 -0.0670146449056610 0.2301833738526514 0.3925915577488523 0.8879169558885044
1735977430.702583 23.0205977468063452 -5.5393676273613970 2.9069676437142347 -0.0554457192316010 0.2131232234173813 0.4018496728125832 0.8888313137595318
1735977430.802687 23.1319380069241305 -5.3868300643649603 2.9099742800625195 -0.0655916807549905 0.2154881586309375 0.4105254262328319 0.8835900968899183
1735977430.902571 23.2354136431451295 -5.2329111431363886 2.9044172981350487 -0.0931862644699122 0.2363927289638354 0.4207748218380335 0.8708520810759688
1735977431.002577 23.3454404790092163 -5.0817395092880391 2.8924053210285114 -0.0926131740528252 0.2325210892386207 0.4349512710986278 0.8649705976626226
1735977431.102593 23.4681996002856224 -4.9446506574887534 2.8891305561268137 -0.0703944729595835 0.2108834667236440 0.4331652222629803 0.8734647513558993
1735977431.202499 23.5999113860120353 -4.8204163882751914 2.8913350073725228 -0.0762858369611051 0.2208861248633828 0.4112274066885381 0.8810685619803953
1735977431.302583 23.7360455787339397 -4.6949801240218880 2.9025513877173958 -0.0691207788940677 0.2237965739980141 0.3873511738968616 0.8916818263666429
1735977431.402523 23.8797859045307774 -4.5604626369842149 2.8979286033195577 -0.0701197276694823 0.2385931063363819 0.3665763146716668 0.8965368698062858
1735977431.502575 24.0139782463709786 -4.4207862503369206 2.8891924958316553 -0.0685415228933643 0.2146778530947230 0.3685537963079848 0.9018778067216598
1735977431.602648 24.1358389732705589 -4.2651598146210441 2.8855584935825931 -0.0665476999177454 0.1980022858470405 0.3963961472777330 0.8940003315762105
1735977431.702790 24.2543789004496908 -4.1046996631130925 2.8811768622782132 -0.0654048438662393 0.2048720539178540 0.4158078458954948 0.8836591442485395
1735977431.802606 24.3678591299322811 -3.9464106917931789 2.8748213613988289 -0.0788760765943320 0.2396608799905083 0.4270166536295926 0.8683305848962394
1735977431.902556 24.4885027322391373 -3.7904535514172450 2.8819256061247396 -0.0781500247382153 0.2288572430046449 0.4334120503166394 0.8681422294751339
1735977432.002623 24.6319103807548458 -3.6448119539654478 2.8924661751400835 -0.0551951265947557 0.2044650728528457 0.4122236702704480 0.8861259378058123
1735977432.102671 24.7806616060705096 -3.5134997963520194 2.8900850347801499 -0.0480640671346842 0.1888588460871719 0.3820946232403646 0.9033415082879221
1735977432.202595 24.9306156724899850 -3.3792909532212496 2.8891045149194863 -0.0642409198673879 0.2133806822271625 0.3498945617021664 0.9098986670822808
1735977432.302706 25.0793081779511340 -3.2365842746629947 2.8933695467485423 -0.0684145015585490 0.2241987229105760 0.3338510370631610 0.9130158123896946
1735977432.402663 25.2001898315561874 -3.0879963747658001 2.9074632547152173 -0.0665522469097552 0.2083668033890462 0.3517685104420781 0.9101719555875446
1735977432.502603 25.3041492657388964 -2.9243072591779926 2.9210218900795870 -0.0666704947050572 0.2049571596325796 0.3836652027959624 0.8979691642894322
1735977432.602558 25.3970715834743395 -2.7682570259398354 2.9293175923938497 -0.0761310287739273 0.2185465895851793 0.4072450665262096 0.8835116922987345
1735977432.602558 25.4993093396834141 -2.6029727450651241 2.9295293279701085 -0.0775716796772099 0.2043616111706046 0.4243588918620091 0.8787141157904877
1735977432.702610 25.6056899027731930 -2.4478772902615495 2.9299097854635843 -0.0761483840885222 0.1917855982666668 0.4157879901660735 0.8857426573965267
1735977432.802638 25.7256291098044159 -2.3074057054390451 2.9259029230008391 -0.0684953830990336 0.1961781206688659 0.3934349658541386 0.8955620889186306
1735977432.902577 25.8509081074685270 -2.1671387972290077 2.9244177111675462 -0.0796457811205729 0.2370533934495008 0.3681057748570573 0.8955224043655499
1735977433.002502 25.9673046065661239 -2.0170090214468051 2.9174434482071483 -0.0796378856871684 0.2349535054233585 0.3520869700953352 0.9024906774818452
1735977433.102666 26.0721852157545584 -1.8664424474708596 2.9089773686448610 -0.0712783415629677 0.2134756225561696 0.3597957180339025 0.9054803133601289
1735977433.202618 26.1607968691418691 -1.7124124478712195 2.9068394657585626 -0.0664894281870187 0.2035340485821623 0.3793472783101116 0.9001381502001947
1735977433.302644 26.2454556327685324 -1.5453293506049859 2.8988953295624129 -0.0811158510918479 0.2324694908702938 0.3908435286764096 0.8869157178717287
1735977433.402575 26.3247600954067558 -1.3892958170560956 2.8911126358866048 -0.0866490063553214 0.2363095810059973 0.4108165906574083 0.8762873161600760
1735977433.502629 26.4105944813846705 -1.2225456308035247 2.8744487789423148 -0.0864601872983106 0.2204986356946656 0.4236729632658480 0.8743032699622413
1735977433.602606 26.5170115219325169 -1.0687720396894003 2.8689193587383230 -0.0755470397244565 0.2064038183443471 0.4131731617190235 0.8837296232427940
1735977433.702677 26.6302687751233407 -0.9142371518500185 2.8744557334040133 -0.0899187972770718 0.2297085828716373 0.3953863631200503 0.8847701400420614
1735977433.802627 26.7406757596526390 -0.7614188218066686 2.8780671693171436 -0.0970952668746670 0.2443539116735355 0.3908020935120656 0.8821209660284500
1735977433.902560 26.8436044917743004 -0.6129618313084261 2.8746998644282828 -0.0753825578685883 0.2264124161011932 0.3957829682567156 0.8867980208831733
1735977434.002594 26.9468907893245664 -0.4486462529437836 2.8594526541831518 -0.0687133847637654 0.2090132842617363 0.4156198918925210 0.8825259334544672
1735977434.102571 27.0391470485342964 -0.2853964083894397 2.8536653800279290 -0.0715588251090935 0.2119048580184063 0.4344992193724790 0.8724597950976948
1735977434.202524 27.1297171982160101 -0.1241090288831813 2.8572016031392748 -0.0830038387873541 0.2314532951579701 0.4498272180073766 0.8586007272573351
1735977434.302532 27.2155078078642987 0.0375421064822891 2.8598643586134389 -0.0832897228900604 0.2414365560646447 0.4601194238813022 0.8503301283758438
1735977434.402554 27.3096100580848429 0.1963052753939078 2.8646922392100596 -0.0721521696805819 0.2330030329147741 0.4526131742723367 0.8576974790321006
1735977434.502503 27.4278304047358255 0.3455913625140811 2.8719803457872457 -0.0546155253526237 0.2335738652516278 0.4208382668967492 0.8748460132944609
1735977434.602527 27.5505955164702385 0.4779515188208553 2.8811943916630556 -0.0428901204349107 0.2453828393117022 0.3762718601119687 0.8923940760831423
1735977434.702579 27.6873546762635279 0.6015190256674771 2.8886261260976358 -0.0256220656002422 0.2419083090484618 0.3348203579213384 0.9103401604285718
1735977434.802610 27.8336877125013125 0.7260692190774205 2.8916890159486872 -0.0120607484547313 0.2353441402408660 0.3021859677063179 0.9236619050942804
1735977434.902506 27.9803179560454645 0.8582716627507464 2.8850535048751818 0.0052241602794643 0.2317712044457795 0.2840561324616042 0.9303584957155403
1735977435.002538 28.1298134484002773 0.9834417475131566 2.8711959287627580 0.0073115224867748 0.2390957439458107 0.2607849792836447 0.9352919124241126
1735977435.102491 28.2786227261278462 1.0957377865462128 2.8709461080702590 0.0007253068018409 0.2513511065315135 0.2512922559925831 0.9347054601603572
1735977435.202550 28.4422503520815795 1.1960852672954558 2.8759055367930335 0.0039436757550868 0.2583387623536591 0.2372769292801285 0.9364535173293500
1735977435.302537 28.6288293606471846 1.2768117641169932 2.8892795946106862 0.0186949303635372 0.2518564751248903 0.1946927414819621 0.9477940451018914
1735977435.402647 28.8185206724140386 1.3236081804378850 2.9120412283496506 0.0352344157174177 0.2099299310276508 0.1259568900941467 0.9689286980194101
1735977435.502551 29.0121551014021328 1.3463943394669657 2.9253518490534547 0.0387000807463687 0.2015743983677095 0.0688226437103862 0.9762855675393517
1735977435.602489 29.2125678419540264 1.3634374002003375 2.9417133475774069 0.0369117665738901 0.2119189693754977 0.0272468072123891 0.9762097537947225
1735977435.702631 29.4151669641205871 1.3822361835041053 2.9575120133325665 0.0483856621480201 0.2107548950780377 0.0177723061892602 0.9761789523606101
1735977435.802535 29.6032206276795584 1.4036378532880864 2.9836126644716487 0.0591335031614590 0.2013135766299365 0.0155855615512287 0.9776160611096002
1735977435.902657 29.7833318401073228 1.4290524674137788 3.0030091267978145 0.0536391806979619 0.2184133222106025 0.0187956470876939 0.9741997652563533
1735977436.002641 29.9630074293416691 1.4457846466958371 3.0183371904075158 0.0551873794185085 0.2203787421804870 0.0263857161053708 0.9734944052913046
1735977436.102612 30.1489910345500434 1.4460244572359180 3.0277991039993868 0.0581081713854373 0.2063829730835437 0.0181086267405676 0.9765764621764180
1735977436.202652 30.3407526890851571 1.4320663211270412 3.0413228122313076 0.0558203751971333 0.2001608198312691 -0.0151462077329356 0.9780543565204525
1735977436.302592 30.5233982666726114 1.4050921135336827 3.0467059826458929 0.0610025807819561 0.2170931417620650 -0.0525606651864713 0.9728240485375415
1735977436.402594 30.7115039929561249 1.3709778357510827 3.0484880232666662 0.0732746618167410 0.2333854083845611 -0.0813615607206449 0.9661999645652626
1735977436.502605 30.9013498974910057 1.3503776037983810 3.0462338831482145 0.0654456695880866 0.2181068202608216 -0.0987683733773323 0.9687058829739172
1735977436.602600 31.0904243750543436 1.3414168546778171 3.0486432117009721 0.0511736717165649 0.2100053493853016 -0.0887200871952942 0.9723208085198333
1735977436.702513 31.2762644955859876 1.3462777820248764 3.0687597262136870 0.0478467771412283 0.2328445918158596 -0.0683839341131752 0.9689260650506355
1735977436.802537 31.4589834491081710 1.3585851609333486 3.0825115464167672 0.0469695132923385 0.2424913495205840 -0.0436043103755514 0.9680343353132881
1735977436.902528 31.6434196857648224 1.3700482933004599 3.0986489235609400 0.0391312902335543 0.2243602790326654 -0.0279441003494937 0.9733192356943837
1735977437.002628 31.8284044468749130 1.3644570626264652 3.1158556388939584 0.0341550841199791 0.2025664082414245 -0.0402473040337836 0.9778447908533020
1735977437.102532 32.0099984228231733 1.3444808831621911 3.1365988158208902 0.0404760628459078 0.1981563628074038 -0.0646095841206058 0.9772007704945781
1735977437.202596 32.1920783819467431 1.3234121508914836 3.1477033644090944 0.0533364518645132 0.2336121217088607 -0.0960767321281618 0.9661003369406113
1735977437.302639 32.3726073652082036 1.3066706502959751 3.1519145821844110 0.0538636253522894 0.2257858622035792 -0.1156746227280224 0.9657840524411367
1735977437.402626 32.5530031167105989 1.3035069712700129 3.1602901271806956 0.0490153368636010 0.2104618080714816 -0.1120236538506520 0.9699247522737937
1735977437.502547 32.7286321994728837 1.3150464482033133 3.1738133296030986 0.0530680966616554 0.2306846881528098 -0.0929250621990618 0.9671263022914074
1735977437.602493 32.9019123106073579 1.3423888247956823 3.1922535649687660 0.0462026048653632 0.2459493245979823 -0.0721603894566102 0.9654880254187111
1735977437.702559 33.0777805625773951 1.3659683907999616 3.1964861649065850 0.0394335945704502 0.2394579617390993 -0.0528495965384850 0.9686649556604847
1735977437.802488 33.2543527443214231 1.3766932105228631 3.2064146522208636 0.0366918419270724 0.2146753277915001 -0.0547809424535964 0.9744574186271592
1735977437.902490 33.4323179397604875 1.3652138257752129 3.2152037101302509 0.0390282860644534 0.1919562157896356 -0.0867709736992538 0.9767806315800275
1735977438.002513 33.6079669141827111 1.3526905441321089 3.2292715249228183 0.0483353399695216 0.1986148854912537 -0.1118059432411454 0.9724789217393275
1735977438.102547 33.7877318857386584 1.3385594897384332 3.2258660142300810 0.0501846535614166 0.2343052385409852 -0.1300530847959505 0.9621168072922486
1735977438.202528 33.9568181339557000 1.3302027591640146 3.2292392934121161 0.0543312030575661 0.2115168921602083 -0.1360319513030851 0.9663353625578853
1735977438.302627 34.1361919833671621 1.3264097833511683 3.2361657125511809 0.0590984681482277 0.2138392922743435 -0.1256595498277024 0.9669487089185445
1735977438.402553 34.3127565616178529 1.3228307357869551 3.2588084568475124 0.0595808257322417 0.2243860127513739 -0.1119669468998286 0.9662113874761235
1735977438.502522 34.4840695588222275 1.3224111565578505 3.2776896050362700 0.0591151067663041 0.2374506955265334 -0.0993664203127924 0.9644941087742297
1735977438.602535 34.6603340496958126 1.3165344107059280 3.2867234736558628 0.0547467917787340 0.2321170997405398 -0.0857990800056096 0.9673484163775571
1735977438.702567 34.8346995173094172 1.3010677121907894 3.2847862884499208 0.0512376438970873 0.2091585578650172 -0.0808272246587266 0.9731877317730991
1735977438.802502 35.0082699808570226 1.2663419019225433 3.2893185808510590 0.0531234840389311 0.2044059604717030 -0.0972651694540106 0.9725921990116354
1735977438.902484 35.1817784979304733 1.2199333661045939 3.2953925494207588 0.0611393933201389 0.2365195155984619 -0.1232032718760265 0.9618427351311422
1735977439.002547 35.3452403712763825 1.1681573732361255 3.3071517258203698 0.0714287639981686 0.2469766741117184 -0.1539562462806315 0.9540429384202712
1735977439.102601 35.5137823763855494 1.1173238476764631 3.3143552069111695 0.0617990978490484 0.2242973764994452 -0.1731302032991649 0.9570253346208238
1735977439.202547 35.6845354263465779 1.0866755658233935 3.3220032201416294 0.0458249221474900 0.2042398799045699 -0.1671298689254724 0.9634592647744366
1735977439.302568 35.8530872760468498 1.0696883760710434 3.3415354357050266 0.0464175044598861 0.2111335481027900 -0.1423557437678365 0.9659207433125916
1735977439.402500 36.0275241246180471 1.0620150825665338 3.3533273713807121 0.0507578622691808 0.2364547852550447 -0.1152977485983717 0.9634413335102455
1735977439.502527 36.2023742024322104 1.0507537487644247 3.3631357587896957 0.0487549228154942 0.2294413723312866 -0.0915588379586267 0.9677792069246255
1735977439.602615 36.3745602285637162 1.0341163393448918 3.3671548238817763 0.0471059620978410 0.2127642736668636 -0.0823774206445155 0.9724846285437140
1735977439.702529 36.5521568844612617 1.0030290650548779 3.3791403405713774 0.0525577959070113 0.2200397609157316 -0.0942850477327205 0.9695001348527928
1735977439.802535 36.7261209405499542 0.9618713161085058 3.3950411597344452 0.0638526198097969 0.2411042979014437 -0.1097918658811255 0.9621524342136325
1735977439.902507 36.8905655144044147 0.9205747071200576 3.4123097564840257 0.0726313904140651 0.2418720720682089 -0.1283994217545527 0.9590287641009770
1735977440.002636 37.0692678870246013 0.8811068609470455 3.4120974011049516 0.0712965151475338 0.2211444433469882 -0.1397276033089950 0.9625425387888540
1735977440.102551 37.2423908490453357 0.8582191608401984 3.4143015508165666 0.0595662945908680 0.2109110114507925 -0.1294467471786177 0.9670635663917820
1735977440.202542 37.4245981697907766 0.8456752772798000 3.4273875830999510 0.0537284699180006 0.2038311767076237 -0.1063173490955068 0.9717318170172057
1735977440.302522 37.6033512408762434 0.8432544588266692 3.4307919493337531 0.0533075247394357 0.2280179538004697 -0.0817912324648662 0.9687498721768584
1735977440.402602 37.7877978063933639 0.8351916632669093 3.4236967680983574 0.0521426997206098 0.2239048169395632 -0.0635214091029586 0.9711399499571015
1735977440.502775 37.9703171877112595 0.8141221478642262 3.4096740129946039 0.0504485378634909 0.2117951582753863 -0.0684855137026476 0.9736054079407245
1735977440.602501 38.1537126970537273 0.7668379812991299 3.4134060374242110 0.0571122867732757 0.2109770252755463 -0.0987977492609467 0.9708068223114110
1735977440.702579 38.3322852025753988 0.7181401586881484 3.4170766838854121 0.0644058773716234 0.2314444551851951 -0.1358725504119515 0.9611576338814417
1735977440.802520 38.5089082818818866 0.6704254873666540 3.4265976584847668 0.0749664609444460 0.2434633834206183 -0.1652085841334580 0.9527915482388937
1735977440.902594 38.6929316829017154 0.6267915489174950 3.4227283443389700 0.0719964034465622 0.2208964088333158 -0.1809670932694190 0.9556527641402613
1735977441.002584 38.8728008011449120 0.6067284566228894 3.4345456411438078 0.0643122762563142 0.2035346882027844 -0.1653848905614508 0.9628527404514688
1735977441.102583 39.0541126811735211 0.5960894303745158 3.4521358806542088 0.0710797937875589 0.1977861517390064 -0.1400608190860899 0.9675801093719975
1735977441.202575 39.2354102929608430 0.5910250385735860 3.4658053627821479 0.0774661935408907 0.2293138807791350 -0.1141710454124723 0.9635243148617065
1735977441.305316 39.4149781749311714 0.5776333590811086 3.4659330111219120 0.0649894197415494 0.2140754205120853 -0.0923028657663324 0.9702722662353868
1735977441.401316 39.5978784990587940 0.5508023754130759 3.4652223894641510 0.0619704005462773 0.2029007251319699 -0.0972672755400337 0.9723836908885680
1735977441.503283 39.7718970841604147 0.5065560530812619 3.4754822821600815 0.0637617696500529 0.2188250366854210 -0.1223442142415080 0.9659616624340460
1735977441.607742 39.9431904218129645 0.4548539018010007 3.4881755510992516 0.0739067718317057 0.2357926866378334 -0.1575673266976290 0.9560921166722857
1735977441.702574 40.1028826250099186 0.4029978302479649 3.4931702426180071 0.0817801377105905 0.2327939554994400 -0.1880231048551195 0.9506662376457905
1735977441.802511 40.2737770181097545 0.3577202514286500 3.4849897734429836 0.0692253924778915 0.1999156075877916 -0.2048541106204784 0.9556549525016750
1735977441.902501 40.4567306766419321 0.3317166634636697 3.4763185123486169 0.0534574941101278 0.1759180921229235 -0.1930131986405944 0.9638158674445150
1735977442.002598 40.6380727457286710 0.3179823540897466 3.4685685118491971 0.0474843995570184 0.1667404741594269 -0.1669062604886259 0.9706107078976113
1735977442.102627 40.8305833604681467 0.3132936077109197 3.4581211979567601 0.0525380650063440 0.2194350001797003 -0.1402699240139725 0.9640603616157229
1735977442.202566 41.0206211707214763 0.2992783831811273 3.4542676346079513 0.0488375786727450 0.2140852228419821 -0.1233975208496777 0.9677579553370955
1735977442.302472 41.2134510315321378 0.2682623580708006 3.4509674840408588 0.0519584584986116 0.2111190911916362 -0.1338930383265455 0.9668514375086547
1735977442.402477 41.3930773860616981 0.2160028474429694 3.4641847088263367 0.0552619688866809 0.1891538228716896 -0.1635655470471289 0.9666505355644129
1735977442.502620 41.5637566143679464 0.1635568653403427 3.4709545457370101 0.0647126710355631 0.2224097635762870 -0.1894285136314146 0.9541818513767574
1735977442.602499 41.7372851744306530 0.1139846883643090 3.4683778395062648 0.0639866212494475 0.2243444801850080 -0.2115412686570198 0.9491183056745754
1735977442.702480 41.9145226150126433 0.0718665052915026 3.4632204770738726 0.0557548621487355 0.1994184153303413 -0.2175353147346682 0.9538354563640418
1735977442.802480 42.0996691666431744 0.0488759670413945 3.4602070978360566 0.0565492934644293 0.1998226421970726 -0.2026554610793582 0.9569764120231843
1735977442.902778 42.2790133375910884 0.0457566330387444 3.4633626736581968 0.0565389274884324 0.2253617559306836 -0.1733791100826932 0.9570554387438746
1735977443.002561 42.4633339125359157 0.0497057297605019 3.4680892221611583 0.0470356918727091 0.2372259125320270 -0.1404348772067438 0.9600987216829994
1735977443.102563 42.6458860338774954 0.0435307162715602 3.4693212882621944 0.0408892900015617 0.2205489226090861 -0.1252037561370514 0.9664420614544431
1735977443.202565 42.8197873817949457 0.0199984577029327 3.4719988131209645 0.0400883524698456 0.2018043447380676 -0.1421011694679497 0.9682330236451006
1735977443.302581 42.9900520091555549 -0.0224806330371630 3.4794687005080194 0.0468065788161357 0.2069402772841185 -0.1704467241109008 0.9622540101537451
1735977443.402565 43.1546569433995728 -0.0734919574703729 3.4821289993942082 0.0598710860077231 0.2423636669501888 -0.1993589236123643 0.9475923836644283
1735977443.502550 43.3180147764037358 -0.1239620048102780 3.4810365373162480 0.0662551296458271 0.2415853539925620 -0.2203883175783512 0.9426960082693080
1735977443.602591 43.4912039228703478 -0.1701995595129531 3.4709209601639190 0.0627677931985855 0.2203999571472655 -0.2295988277163046 0.9459220059485676
1735977443.702526 43.6709036746234673 -0.1955544590511322 3.4702026245748256 0.0592490880565646 0.2110114282963552 -0.2128895497552677 0.9521773796398426
1735977443.802559 43.8540581506239207 -0.2081895038443955 3.4777987200377742 0.0609264218502438 0.2170784989493685 -0.1859071562217171 0.9563490083018694
1735977443.902491 44.0321756917096039 -0.2113345934710900 3.4777283793363685 0.0600259010446890 0.2353421879570392 -0.1603010238050404 0.9567207155374147
1735977444.002461 44.2193329617074653 -0.2281160364647206 3.4681231078043839 0.0472196797053606 0.2270193914077658 -0.1397043268813332 0.9626604795170540
1735977444.102540 44.3986088170823763 -0.2578398579189609 3.4650541343794017 0.0438042024260506 0.2057550934604513 -0.1443221980532910 0.9669111316527311
1735977444.202496 44.5762035104084262 -0.3037698120815601 3.4716739904837501 0.0505747565285080 0.2150425751327886 -0.1661424963490424 0.9610387899503587
1735977444.302537 44.7432918976953644 -0.3595370534019995 3.4763249384176609 0.0592073749173876 0.2524896488691385 -0.1885174436889914 0.9472088668262661
1735977444.402564 44.9126393907609156 -0.4162871345624712 3.4804719530764379 0.0667932464814427 0.2450324672944046 -0.2106276225553791 0.9439988118704147
1735977444.502595 45.0842608999322039 -0.4639312513262498 3.4749944185348056 0.0576541192654130 0.2141905840956274 -0.2212756736152246 0.9496501842692563
1735977444.602536 45.2645514484235605 -0.4951199836768580 3.4784584374264731 0.0428682194275883 0.1900495000383502 -0.2035977745725765 0.9594745694844528
1735977444.702422 45.4389914511581878 -0.5064112469137360 3.4955825298539049 0.0409209997185689 0.1842604649518569 -0.1703123237704002 0.9671438699643837
1735977444.802579 45.6197684861312922 -0.5166353503010633 3.4981658204922219 0.0372611114338426 0.2060775957791219 -0.1383373262781173 0.9679909184753922
1735977444.902597 45.8020707494497401 -0.5322823553504801 3.5000844669671269 0.0315984418909907 0.1835142155584543 -0.1133874815712488 0.9759443376448048
1735977445.002586 45.9858671310578089 -0.5665493592787405 3.4917167900778092 0.0338692422181759 0.1791152362834141 -0.1183993716902368 0.9760902598356673
1735977445.102550 46.1625491848791683 -0.6187324961852793 3.4897175935731939 0.0400634423031689 0.2066762327672967 -0.1442612110664956 0.9668860110589907
1735977445.202500 46.3287640880830835 -0.6787625596985798 3.4852330207434266 0.0555515298942271 0.2427681639121642 -0.1704103815955314 0.9533823723782566
1735977445.302578 46.4967568096847756 -0.7341699529799727 3.4789858205701343 0.0577128112700304 0.2535139863033726 -0.1887597299113437 0.9469792260275196
1735977445.402507 46.6714449143682231 -0.7734961096866680 3.4794996535611857 0.0466246857308644 0.2291052682992495 -0.1931091298380790 0.9529143606280719
1735977445.502531 46.8529624240515403 -0.8007782755043970 3.4905916883997579 0.0411758967093561 0.2107633031195898 -0.1700966329861925 0.9617434746516667
1735977445.602595 47.0284720489062735 -0.8087276591799624 3.5021176740958335 0.0396131583353976 0.2287437191996792 -0.1332764488014793 0.9635063553543691
1735977445.702575 47.2055711238703566 -0.8105096372025018 3.5053419078701480 0.0330918163163949 0.2381530033952646 -0.0954774854008228 0.9659565872482225
1735977445.802678 47.3847113141282748 -0.8283575291176967 3.5050004705124178 0.0334826202058644 0.2203250959342194 -0.0821267695779553 0.9713861024146971
1735977445.902513 47.5601228651035157 -0.8659276828917939 3.5108778491333004 0.0377149694288720 0.2020753130092254 -0.1039928555356414 0.9731025819258451
1735977446.002503 47.7288645240583307 -0.9143093223801961 3.5235275300883897 0.0443140188362502 0.1975775610129116 -0.1349022076094819 0.9699488489094968
1735977446.102603 47.9011998637932948 -0.9651284862841603 3.5273336531110950 0.0527156040519267 0.2409411960483242 -0.1559791958526345 0.9564721091581337
1735977446.202552 48.0719969670635479 -1.0130113258399578 3.5222007056034421 0.0557999716574452 0.2321480351592980 -0.1721404744764870 0.9556993826416943
1735977446.302577 48.2501519459900194 -1.0524992941529583 3.5144593960809991 0.0538045170145487 0.2185504891369242 -0.1768727432686387 0.9581528011415864
1735977446.402579 48.4239679666852822 -1.0782405941439841 3.5191824548514647 0.0493393708269646 0.1965382555536203 -0.1606319354248814 0.9659895040382146
1735977446.502517 48.6008914332758124 -1.0958176981365286 3.5242174017906334 0.0506161571008069 0.2054264299321067 -0.1408231374845041 0.9671643244427062
1735977446.602482 48.7810999166341048 -1.1102746675064428 3.5225242610979266 0.0481782758879635 0.2355199125308648 -0.1196999366784750 0.9632658769483565
1735977446.702546 48.9639549477570455 -1.1362491426966128 3.5140383938317390 0.0416423456236191 0.2057784095830931 -0.1113193971919738 0.9713542880994716
1735977446.802445 49.1465698555400081 -1.1790419000396448 3.5086327136843862 0.0448277037556056 0.2012617728664618 -0.1306676763172874 0.9697474589420120
1735977446.902584 49.3163391332003513 -1.2378613021227962 3.5102483932737698 0.0479762175486010 0.2206110193300517 -0.1568621401176691 0.9614693597289461
1735977447.002545 49.4828306261960833 -1.3039925522928204 3.5131813602710693 0.0534290030888060 0.2583440240965028 -0.1776096673858182 0.9480814906397345
1735977447.102468 49.6511970046793749 -1.3629634806513915 3.5148485934877942 0.0554163682039511 0.2468780669730825 -0.1949764219279107 0.9476098569954344
1735977447.202535 49.8267135985760632 -1.4105554072942199 3.5098157955350562 0.0473118790991455 0.2210798253272221 -0.1943844643268097 0.9545155718780978
1735977447.302496 50.0020421986358201 -1.4386379599389365 3.5197918720991774 0.0408337292262050 0.1981768881884627 -0.1735293890521531 0.9638184884513292
1735977447.402470 50.1722352968176679 -1.4517780157326348 3.5355898584962371 0.0431484465100624 0.2182649552474634 -0.1495139128615328 0.9634024137064559
1735977447.502403 50.3486345531903368 -1.4642534956553246 3.5373468885385568 0.0424047761383828 0.2233929994335966 -0.1285722454737873 0.9652805708489854
1735977447.602504 50.5275218587802613 -1.4875889528259212 3.5342532750350362 0.0391813153197703 0.1998427240834407 -0.1197546360093525 0.9716926146240847
1735977447.702641 50.7058357773957056 -1.5218190475716702 3.5301406218461300 0.0401584809232800 0.1880295944214063 -0.1387172536921614 0.9714883898224212
1735977447.802554 50.8745813396776612 -1.5722098315253397 3.5396762851252315 0.0525926848395343 0.1938673201789279 -0.1677370013271142 0.9651496101920148
1735977447.902535 51.0465959824630815 -1.6288933241392856 3.5358627549406623 0.0672454931700348 0.2384557807165705 -0.1931772770816775 0.9493679075629629
1735977448.002535 51.2145792887352371 -1.6860176365340016 3.5285647188285880 0.0714240140807522 0.2309955101571968 -0.2104565035419084 0.9472316214193462
1735977448.102546 51.3916600284538703 -1.7279542792703413 3.5209012440121645 0.0694747742787795 0.2142112619280038 -0.2083092511533317 0.9517846641368326
1735977448.202534 51.5703805383171598 -1.7553183923060729 3.5265086484697150 0.0608852819917222 0.1929145694043301 -0.1862303224287945 0.9614547406697820
1735977448.302486 51.7451798752657126 -1.7717454801682098 3.5323511380353314 0.0657197791970157 0.2103732676056258 -0.1583081526303211 0.9624772868540860
1735977448.402437 51.9195621733455042 -1.7881382719528560 3.5339582694130023 0.0668972932948505 0.2275920096334613 -0.1376760334265030 0.9616506325692141
1735977448.502508 52.0984867892398427 -1.8167669777467670 3.5295683514322644 0.0589257459714525 0.2128607124801391 -0.1351497987206680 0.9658947175805024
1735977448.602527 52.2759543593965645 -1.8575572802112916 3.5347278181219135 0.0548118161634187 0.2162274630399164 -0.1583326190316082 0.9618586854558111
1735977448.702532 52.4386122137630153 -1.9056325114032036 3.5576538729269136 0.0556883209147394 0.2352130584434762 -0.1833702878594518 0.9528635608426343
1735977448.802519 52.5965138060002317 -1.9591629124278613 3.5774167594777868 0.0691853187847643 0.2431091651806935 -0.2074617245828885 0.9450243162495295
1735977448.902542 52.7534438609441381 -2.0106875549039978 3.5817714370955138 0.0741498047218340 0.2310156776646246 -0.2272458915287838 0.9431292954394728
1735977449.002490 52.9195178858913877 -2.0527192761101545 3.5792187044755290 0.0610822328134911 0.2010620361716896 -0.2303489697139723 0.9501486044807540
1735977449.102567 53.0896629945527820 -2.0772110924612019 3.5870150867310930 0.0554012146304981 0.1734529941050134 -0.2102062526090499 0.9605509333801786
1735977449.202689 53.2620332954594602 -2.0900799363377174 3.5891346977304162 0.0561883509462975 0.1771024378767436 -0.1840642139589383 0.9651932246217479
1735977449.302582 53.4388133965666086 -2.1051622377665047 3.5791280610349876 0.0652835860578844 0.2247290409947353 -0.1622057722083458 0.9586053405793773
1735977449.402581 53.6173369980038217 -2.1273217921003109 3.5634297500122303 0.0606344184391008 0.2203198418575616 -0.1513816236605312 0.9616996613300395
1735977449.502583 53.7939189135696836 -2.1555494878048678 3.5539444323877309 0.0538651520362850 0.1976959302962319 -0.1576873964173041 0.9659966612527950
1735977449.602592 53.9672932721968053 -2.1901718254876634 3.5522357652048342 0.0504011808176999 0.2113526426881289 -0.1692691089709733 0.9613208362191566
1735977449.702543 54.1340877038016828 -2.2332327319378091 3.5568594499855557 0.0590557263152531 0.2436373775176860 -0.1838360602024313 0.9504512362214752
1735977449.802630 54.3015500015902859 -2.2779930378681588 3.5512807255619281 0.0660053933650406 0.2533782420039589 -0.1969820062137052 0.9447967208631355
1735977449.902508 54.4712647290539778 -2.3188144481916115 3.5481005464848669 0.0580560783753419 0.2301307371001303 -0.2010920785758517 0.9503848228688578
1735977450.002515 54.6398518340979962 -2.3487749753841571 3.5567095152034018 0.0453222091053681 0.2156346894239294 -0.1907840497687564 0.9565819486236856
1735977450.102519 54.8129274346542203 -2.3657278073404409 3.5674314934100533 0.0402544879861307 0.2096168177053471 -0.1634050857493590 0.9631921635288061
1735977450.202566 54.9908924378316328 -2.3754680841648543 3.5757247487928616 0.0400039464123138 0.2365716707258523 -0.1399151209538236 0.9606546142136082
1735977450.302543 55.1675289045910802 -2.3891122428118643 3.5733993586688402 0.0403301365482856 0.2272711064862066 -0.1231473076489038 0.9651715209543631
1735977450.402623 55.3415781404210918 -2.4085364329537775 3.5665561170520919 0.0409545507289944 0.2031231222779223 -0.1268899555534101 0.9700322990242686
1735977450.502584 55.5161697887875434 -2.4454979912832089 3.5695371921103773 0.0451062920656331 0.1869227906225861 -0.1564357487834295 0.9687895278462306
1735977450.602426 55.6873703049388880 -2.4822658187404598 3.5722001664500427 0.0529461596436726 0.2095865659224365 -0.1811177519945668 0.9594094722673221
1735977450.702546 55.8619080072207552 -2.5250563436290987 3.5712912350164685 0.0586199190430984 0.2454946831492460 -0.2006838306211045 0.9465844208331722
1735977450.802463 56.0268261169243189 -2.5576625348670654 3.5689803087149299 0.0594487814133997 0.2125269426219120 -0.2072364881424648 0.9530745925847685
1735977450.902542 56.2035934219376614 -2.5800234947619178 3.5659816147742709 0.0527842587178306 0.1978251322312755 -0.1918975242542672 0.9598199723252119
1735977451.002427 56.3753777963929821 -2.5891708262408684 3.5755271926430354 0.0557373555642620 0.1882816068969327 -0.1680725160847792 0.9660201928717349
1735977451.102561 56.5437017238019806 -2.5922034775460636 3.5827494888602587 0.0573086234291899 0.2139729947303462 -0.1453741192545137 0.9642601540340414
1735977451.202536 56.7164992641519277 -2.6110038395481587 3.5764094729528031 0.0518541740852567 0.2070729030676813 -0.1275487305980921 0.9685882916739567
1735977451.302503 56.8866576503606325 -2.6355415904528039 3.5673887902839847 0.0494381609230631 0.1963324258073644 -0.1329520955821072 0.9702232666255058
1735977451.402627 57.0562816694500228 -2.6776895113715433 3.5620020429030785 0.0465616873490414 0.1937617756212253 -0.1582494308080020 0.9670809176218211
1735977451.502484 57.2221858564713131 -2.7329913926034388 3.5663236310582165 0.0551715316607488 0.2158668186689854 -0.1836407998249131 0.9574098784384901
1735977451.602537 57.3816283121584689 -2.7927203532770628 3.5659703418049635 0.0715520916019571 0.2280500179868175 -0.2130355816603405 0.9473591338189746
1735977451.702561 57.5506725297683062 -2.8429592418470220 3.5552156185797816 0.0639088555495427 0.1990134892740115 -0.2328170407018040 0.9497923535321735
1735977451.802577 57.7227129609120126 -2.8814470830201966 3.5428258164449384 0.0549541031827323 0.1806810942921986 -0.2315977866402285 0.9543043822240902
1735977451.902536 57.9006625723622008 -2.9123142007000111 3.5395496494826162 0.0598540856065802 0.1767910217172809 -0.2174032007854860 0.9580700764373062
1735977452.002429 58.0788561345183822 -2.9381033558876175 3.5405950810433597 0.0664637500735612 0.2156166177567412 -0.1946871609685580 0.9545621789214704
1735977452.102645 58.2580398628560090 -2.9632220924758492 3.5329794880226943 0.0620094534569028 0.2107059290183017 -0.1793320567996273 0.9589566479056943
1735977452.202694 58.4403749296136326 -3.0000602805709482 3.5257992397306714 0.0642742472312190 0.1999052721360048 -0.1788500177532533 0.9612072484458027
1735977452.302613 58.6088860812171433 -3.0461417458218909 3.5321348030412145 0.0602685895505967 0.1767947530357231 -0.1994681452540630 0.9619375091145597
1735977452.402685 58.7770284824242424 -3.0961472622215607 3.5370039479789877 0.0634553907411675 0.1953422873353549 -0.2106043205290992 0.9557513402234673
1735977452.502769 58.9443538395615150 -3.1498916848454224 3.5357720641644783 0.0685994526304535 0.2182995041875566 -0.2201470352065416 0.9482482398929296
1735977452.602742 59.1135330534691050 -3.1984340800062925 3.5328082030431300 0.0642962022233759 0.1947838021328462 -0.2225347733876855 0.9531020634956229
1735977452.702530 59.2882271213039758 -3.2417697224975268 3.5229987584824416 0.0547276640982176 0.1850507952218176 -0.2121472935459682 0.9579951000977232
1735977452.802675 59.4493961764643544 -3.2740285061901293 3.5255323893371719 0.0541328472729211 0.1856913596791545 -0.1915545347438346 0.9622344901351784
1735977452.902665 59.6198608496655993 -3.2992724975732211 3.5235303698325375 0.0637361516719481 0.2193476032855639 -0.1720064351487217 0.9582474201219423
1735977453.002691 59.7888232754723461 -3.3265125594503382 3.5202789870388869 0.0592501406075652 0.2230492022917450 -0.1571269853757480 0.9602341301275067
1735977453.102598 59.9589519053830386 -3.3548726251085497 3.5075345745221935 0.0500371966189802 0.2066386721992325 -0.1549096816138248 0.9647796269866787
1735977453.202671 60.1284505495378383 -3.3932520241135280 3.5086329618976202 0.0525809006977939 0.2044256060435404 -0.1723012052891334 0.9621630397866319
1735977453.302746 60.2932853068595946 -3.4367135286629820 3.5136459797705881 0.0659082907866060 0.2139685719723119 -0.1923112560901626 0.9554527346733284
1735977453.402480 60.4577019944700496 -3.4832851460128134 3.5182569568662578 0.0765648241870862 0.2454525307095930 -0.2083684088636772 0.9436490285339547
1735977453.502597 60.6239882811276658 -3.5230099612041803 3.5104285931499342 0.0676795270619503 0.2274358186487527 -0.2189572782324619 0.9464407748619428
1735977453.602596 60.7878703568767378 -3.5510743936790754 3.5054747098969981 0.0538747095462005 0.2046472459799175 -0.2135846206332934 0.9537288032837636
1735977453.702438 60.9615256929689480 -3.5725190370392261 3.5089870130742100 0.0499673582636038 0.1874513133134688 -0.1950696932529760 0.9614120256265793
1735977453.802549 61.1274913427523217 -3.5794622975933206 3.5190651461973221 0.0509460552053531 0.2145877786480092 -0.1716141768738197 0.9601589238297207
1735977453.902751 61.2933852769169860 -3.5914278634772354 3.5222889842681644 0.0489303414370266 0.2187309377202649 -0.1542395297358979 0.9622747871776121
1735977454.002537 61.4669733700823215 -3.6125164786359205 3.5148097162910914 0.0503624226342230 0.2001389659790722 -0.1536986865582802 0.9663253771031264
1735977454.102601 61.6316361447987831 -3.6476470196531374 3.5091999321121863 0.0473486191128889 0.1766091449084780 -0.1821454566836245 0.9661212919775201
1735977454.202625 61.7904587656344546 -3.6873244122910487 3.5060857936695160 0.0552161524859521 0.1839947740192120 -0.2012757950575366 0.9605129639740548
1735977454.302442 61.9546265128979314 -3.7251131841313283 3.5075917996581372 0.0565169335572784 0.2234875222775232 -0.2112300103805329 0.9498636988127168
1735977454.402455 62.1135148070577898 -3.7685507889048120 3.5043499403422556 0.0604152123873618 0.2040477110637476 -0.2146856314029732 0.9532180303534664
1735977454.502629 62.2862241189259436 -3.8015893098203013 3.4869926876752060 0.0549762320097519 0.1838956894090008 -0.2115138416748571 0.9583433018030343
1735977454.602537 62.4618777009955437 -3.8343133435842849 3.4767576801503011 0.0505289464974502 0.1676527564816432 -0.1964284197166211 0.9647565779706275
1735977454.702485 62.6355451720438836 -3.8596751108556728 3.4783473815653787 0.0585057558636435 0.1854983480265449 -0.1801710972726980 0.9642125362791123
1735977454.802472 62.8065622622193800 -3.8811529464312540 3.4812903324270352 0.0658477481026424 0.2122929591437253 -0.1624213621746388 0.9613610532350197
1735977454.902473 62.9754458908704109 -3.9068033923992784 3.4717029211653427 0.0550069326599876 0.2001684293814728 -0.1550555375170884 0.9658491691374905
1735977455.002714 63.1497558242828205 -3.9418668177507676 3.4655930892097526 0.0511872364550096 0.2009669493287990 -0.1589291203043642 0.9652635323168776
1735977455.102611 63.3179770051905848 -3.9786681168114733 3.4647522185383477 0.0509132209095367 0.2193452594097124 -0.1730741342889529 0.9588226348763531
1735977455.202403 63.4858108863570223 -4.0249131486113354 3.4701691136113966 0.0583839523106337 0.2421125913635127 -0.1823502343422939 0.9511683338143384
1735977455.302543 63.6479062413238807 -4.0755887471546437 3.4690070727229538 0.0569259249393992 0.2447403433917581 -0.1895798702434976 0.9491686236832404
1735977455.402575 63.8224799304188366 -4.1279852557170891 3.4615957489336262 0.0520616456617859 0.2282290394701867 -0.1952079193232776 0.9524153289542222
1735977455.502616 63.9992777212556732 -4.1753370660371836 3.4585911400343177 0.0412769308349175 0.2116995633878488 -0.1914245789417348 0.9575156084467884
1735977455.602478 64.1725752092314110 -4.2110381813486262 3.4653828158438449 0.0408791291676825 0.2200198721567735 -0.1817989307274538 0.9575329244683776
1735977455.702444 64.3449633171266413 -4.2435316653081658 3.4686279273598242 0.0448046104383028 0.2422296722969443 -0.1713183928445526 0.9539220833042638
1735977455.802377 64.5183274710572903 -4.2800037499708834 3.4665763520496791 0.0443733085069934 0.2259453263646080 -0.1659400493594817 0.9588762271558864
1735977455.902611 64.6972781183361718 -4.3246078991795658 3.4569221116585571 0.0463173677845637 0.2070567229352927 -0.1770132310288055 0.9610663509714351
1735977456.002416 64.8690375983821639 -4.3729067815146276 3.4606475132806414 0.0505687315930295 0.2118822114093079 -0.1967771049975991 0.9559432529298680
1735977456.102462 65.0400409592446920 -4.4258672745035073 3.4631725073964881 0.0628614242541600 0.2316208990535195 -0.2086680424484978 0.9480811402633689
1735977456.202559 65.2159669929738328 -4.4758240981661359 3.4594544142459247 0.0685024572267340 0.2348891171352821 -0.2201877769010760 0.9442731908238575
1735977456.302429 65.3977571175670676 -4.5146907143176076 3.4500775517265030 0.0589987223248985 0.2184794423521251 -0.2214652211932731 0.9485457499959338
1735977456.402585 65.5794565948884269 -4.5397333589591078 3.4435497243190665 0.0488184015617904 0.1969252769972493 -0.2050475743733686 0.9574929196563839
1735977456.502668 65.7615975570526388 -4.5519935721523490 3.4334654947433707 0.0428156500898271 0.2107469598747471 -0.1761996755056351 0.9605759800050416
1735977456.602527 65.9394391418624082 -4.5578425247284224 3.4339609372549225 0.0405736805932502 0.2332221479286226 -0.1529071456853317 0.9594689213085755
1735977456.702540 66.1220383480714986 -4.5786621675509025 3.4312219282337346 0.0460137372137808 0.2214704136054310 -0.1413679894630153 0.9637679614099264
1735977456.802372 66.3050035666438049 -4.6054053156474293 3.4231931616490843 0.0463968003498498 0.2003695625345571 -0.1485488010654599 0.9672810496587955
1735977456.902560 66.4837593024430475 -4.6473374394913742 3.4251218910165444 0.0518585066852341 0.1969857743379276 -0.1656039955954743 0.9649262234159038
1735977457.002568 66.6631596788470375 -4.6922759667011045 3.4226104094062157 0.0505155083699830 0.2311398355799907 -0.1796546533320373 0.9548543163008284
1735977457.102381 66.8372979477520062 -4.7425761800398893 3.4167452309272348 0.0561029194510888 0.2236751144209240 -0.1948249440517927 0.9533441911466535
1735977457.202596 67.0199411254231023 -4.7909167018719030 3.3938745404111348 0.0507067863696263 0.1945561366841269 -0.2040808425508766 0.9580854561041707
1735977457.302542 67.2041845963458400 -4.8357175294260850 3.3720053865378441 0.0382959281796089 0.1751859350025143 -0.1956922573923126 0.9641306189821263
1735977457.402545 67.3881511425566089 -4.8725146850696666 3.3630208766790779 0.0431296486101311 0.1831985434944631 -0.1811221101150536 0.9652838485646305
1735977457.501315 67.5710657404844142 -4.9040445109869406 3.3559671347152631 0.0503335048171208 0.2294029018015982 -0.1660468778738749 0.9577417612729278
1735977457.602548 67.7577658240818010 -4.9449949748210624 3.3462420595543771 0.0451627643387656 0.2177277082868538 -0.1621692819973465 0.9613823868460983
1735977457.702524 67.9400922009495645 -4.9954586597669284 3.3424186567148513 0.0387758225455347 0.2053934711451882 -0.1877265367542102 0.9597232439589646
1735977457.802483 68.1135375697507044 -5.0571306684344606 3.3452126415944790 0.0353078379100101 0.1998429813051755 -0.2154467394423627 0.9551957086737957
1735977457.901743 68.2861501440256546 -5.1167956624298458 3.3504043824404190 0.0465526180293290 0.2327310836396682 -0.2372334123113362 0.9420134842695410
1735977458.002408 68.4605578360784222 -5.1725282365256220 3.3582817182391613 0.0491707876183456 0.2298035214905496 -0.2500115502443463 0.9392905833127217
1735977458.102481 68.6407989415313722 -5.2159481623060380 3.3552866300940503 0.0404384193346591 0.2067519132359348 -0.2515834783859164 0.9446290986510196
1735977458.202370 68.8243306734061520 -5.2468244286413821 3.3662659368097323 0.0344240149281601 0.1860152719332380 -0.2303831978249046 0.9545349066240587
1735977458.302395 69.0060141467659633 -5.2663386213071082 3.3716078160322813 0.0432898713355673 0.1818788316580442 -0.2045844884826075 0.9608284262586971
1735977458.402548 69.1865146303253056 -5.2864349385305740 3.3698985144307367 0.0536926268146943 0.2178995817820157 -0.1809678050227617 0.9575424416861138
1735977458.502558 69.3657151674394612 -5.3115172625783851 3.3560028419589227 0.0427931330495637 0.2007959032008000 -0.1635487786086289 0.9649360341686919
1735977458.602497 69.5486385495330808 -5.3464924265178571 3.3342937772728507 0.0416454156024461 0.1950318149640395 -0.1655543581270708 0.9658260738954326
1735977458.702587 69.7256235054512530 -5.3987243519185988 3.3277068124530222 0.0459357058197237 0.1881957613585475 -0.1865296435790469 0.9631609203055294
1735977458.802603 69.9009249502673100 -5.4563421034080077 3.3232413393487881 0.0602427311567576 0.2134163257217274 -0.2044561062040949 0.9534264449311609
1735977459.102553 70.0725787983680277 -5.5172534777569249 3.3155639325554098 0.0622400319029281 0.2189202277756962 -0.2227586877970048 0.9479339002854135
1735977459.302546 70.2508734839192357 -5.5662753427210312 3.3075529944141451 0.0496231399123658 0.2068282511142031 -0.2283672823258052 0.9500568419254735
1735977459.302546 70.4380305253648658 -5.6097168142096230 3.2974440512476395 0.0477776754371310 0.1995977237978116 -0.2234912665281907 0.9528534494717338
1735977459.402486 70.6195012201002754 -5.6380795865680611 3.3032024100913127 0.0462905620641944 0.2103618863595568 -0.2068819264568973 0.9543610056663635
1735977459.502978 70.8023410471190857 -5.6625241370321291 3.3063710839474414 0.0360312191282551 0.2262271989996975 -0.1890692084364502 0.9548695408808980
1735977459.602590 70.9906858025412788 -5.6969736925339047 3.2977163071629256 0.0386807967429880 0.2090830670066265 -0.1779193299849622 0.9607979907723226
1735977459.702438 71.1691141489037875 -5.7368892749405909 3.2994076650358668 0.0431455857513996 0.1917237966411774 -0.1900015129040883 0.9619146892140793
1735977459.802626 71.3423222494934350 -5.7810376714278746 3.3035004248357360 0.0471485675762871 0.1990840543940516 -0.2111920336980760 0.9557931139969577
1735977459.802626 71.5095525176683253 -5.8336749447670000 3.3123868282481506 0.0567929588934722 0.2253713309390682 -0.2302632495858836 0.9449662210370413
1735977459.902507 71.6764899150356882 -5.8887983602775984 3.3177575907632191 0.0642110832012248 0.2260666829086610 -0.2483202239533095 0.9397381859052970
1735977460.002889 71.8505859576493862 -5.9417461067635173 3.3225915017015812 0.0543024744183867 0.2083297237784436 -0.2554252933009022 0.9425539172931097
1735977460.102484 72.0272707200211073 -5.9801210247914218 3.3246346966680789 0.0530628056634504 0.1929987805143905 -0.2427272935128005 0.9492203486857158
1735977460.202466 72.2020036239459557 -6.0017561061005233 3.3294427369896171 0.0533415537049535 0.2051384638795073 -0.2206772518136082 0.9520369949836462
1735977460.202466 72.3755825285033723 -6.0211034217094648 3.3362512312871142 0.0523638086462397 0.2211548372140313 -0.1978397035116106 0.9535240013944762
1735977460.302450 72.5519677779974046 -6.0454291297162861 3.3326169492456512 0.0441872398533589 0.2062445339413584 -0.1845019401499123 0.9599321403799186
1735977460.402480 72.7247195003777165 -6.0786512763271041 3.3369636787749948 0.0424508771743399 0.1953871877422167 -0.1965125788951410 0.9598982113897796
1735977460.502592 72.8888193539707174 -6.1301909861259070 3.3434731804762041 0.0482450692926891 0.1949647465397767 -0.2131525239345679 0.9561522694821928
1735977460.602433 73.0526797766495264 -6.1798612059025935 3.3414358322938447 0.0600773154833581 0.2394538439705942 -0.2263312299243023 0.9422455874839488
1735977460.702429 73.2070690081363864 -6.2301826693208593 3.3437474533579263 0.0688715560501894 0.2369018669443736 -0.2350458092202651 0.9401530097667542
1735977460.802468 73.3645528009613486 -6.2771039624793641 3.3428949263952346 0.0592431275574153 0.2106867660312829 -0.2329538228566871 0.9475409515545756
1735977460.902422 73.5309280208218041 -6.3134484638172070 3.3439522632946774 0.0534899662875163 0.2064554155222283 -0.2209011104492266 0.9516920112675126
1735977461.002437 73.6963978006334486 -6.3475719638549464 3.3516131297758811 0.0581101722895454 0.2276445493991196 -0.2023347020663117 0.9507164852599792
1735977461.102578 73.8637388410900968 -6.3652774454198529 3.3570120116415119 0.0573289167932890 0.2410829685204474 -0.1854113071643727 0.9509022267111775
1735977461.202599 74.0322834290179514 -6.3858877627480402 3.3567975538221040 0.0427026157928582 0.2229237175275564 -0.1779203908569140 0.9575102282928704
1735977461.302537 74.2034988727811253 -6.4196749507560007 3.3506868942789354 0.0393538974337378 0.2122907615795213 -0.1888472397330656 0.9579773605623276
1735977461.402541 74.3709008351405316 -6.4527977552105336 3.3606949878566925 0.0426085341034031 0.2087954952578985 -0.2067712642675187 0.9549003080189996
1735977461.502437 74.5373950523726592 -6.4888748889608969 3.3607969370052881 0.0504256724129076 0.2453388697721647 -0.2137929871356186 0.9442238342640225
1735977461.602600 74.7037798608332793 -6.5191148964842176 3.3638877842462742 0.0511987803534331 0.2535755771457022 -0.2163018313565855 0.9414306290520466
1735977461.702462 74.8764189175936679 -6.5463550030364548 3.3674562335235541 0.0409108395771343 0.2235737543520099 -0.2107997790299985 0.9507389403674097
1735977461.802532 75.0495036888952427 -6.5603947753733101 3.3747294694793859 0.0342324638945366 0.2138094694071526 -0.1885048286779431 0.9579037419138943
1735977461.902417 75.2267469488259479 -6.5703157106963674 3.3930769573365813 0.0350938261312441 0.2073170591008076 -0.1581532988449471 0.9647671192768353
1735977462.002449 75.4043989708365672 -6.5743769659205480 3.4111786424509596 0.0292179658257794 0.2327656101730928 -0.1354001351496759 0.9626179328244414
1735977462.102492 75.5735820901223576 -6.5845445501139608 3.4200431117231336 0.0193040899578944 0.1979215587834742 -0.1209351747613025 0.9725374502738033
1735977462.202570 75.7518665564669789 -6.5988792808871706 3.4249685133542607 0.0169816221635524 0.1885883999024358 -0.1263839987401914 0.9737418162908341
1735977462.302627 75.9311010631384136 -6.6262454695508151 3.4268579283693645 0.0197418699298803 0.1934560657601556 -0.1462578077343958 0.9699451854970994
1735977462.402550 76.0992533786180587 -6.6567169669162221 3.4272239761972796 0.0269829723685050 0.2157431410037509 -0.1597062068618365 0.9629230207040438
1735977462.502541 76.2665622134439900 -6.6830437227882209 3.4265886810454851 0.0295864202055300 0.2335612677653224 -0.1669378067580755 0.9574474119313712
1735977462.602588 76.4457001583476199 -6.6952694760139169 3.4299033578975946 0.0193259782773748 0.2177977279756876 -0.1607649303532282 0.9624683337236465
1735977462.702367 76.6261166555623277 -6.6911037675945533 3.4381808953714632 0.0127312440046719 0.2091509991097249 -0.1384831441495560 0.9679443133692922
1735977462.802543 76.7936558708685624 -6.6551647094989503 3.4556605611259075 0.0026274671934538 0.2271448225141681 -0.0977007515041219 0.9689442136556079
1735977462.902358 76.9530530533254051 -6.6148751261874024 3.4751200486303446 -0.0110321575990411 0.2289520868071243 -0.0600636130471850 0.9715202498317218
1735977463.002389 77.1168852980488282 -6.5725821777595987 3.4756890322035772 -0.0091226829862533 0.2133620103882168 -0.0322657154031501 0.9763976407118944
1735977463.102568 77.2844643975921599 -6.5396195090024269 3.4671770961101456 -0.0027545978905851 0.1947625945887018 -0.0291751145380904 0.9804125441013225
1735977463.202689 77.4486557779387113 -6.5139439046679337 3.4585425425369296 -0.0026073053603414 0.2110691796131965 -0.0382781079962422 0.9767178660311268
1735977463.302371 77.6169334010897245 -6.5006805147532249 3.4595905158369193 0.0018286102882756 0.2389234808312605 -0.0470007849151895 0.9698985270167411
1735977463.402583 77.7881759879634558 -6.4973441305206006 3.4579431529028182 0.0093062699673435 0.2367249224943103 -0.0542787794064397 0.9700147001543351
1735977463.502535 77.9685643007516660 -6.4922010642438268 3.4555480485296499 0.0061923665535461 0.2306460647512134 -0.0625838108319531 0.9710032512988801
1735977463.602684 78.1473921456422431 -6.4808597763273665 3.4666847676527097 0.0010686661771990 0.2181846037276515 -0.0596278994360136 0.9740835951075545
1735977463.702619 78.3183017611848982 -6.4617914567361501 3.4794090928778405 -0.0024166764315513 0.2200342416635437 -0.0438964778711421 0.9745009961006109
1735977463.802710 78.4879899009766149 -6.4271665228688768 3.4871486986934799 0.0016202377292478 0.2352478354340386 -0.0268376754520922 0.9715634667532681
1735977463.902586 78.6618706353236092 -6.3875814982290740 3.4918019473768123 0.0013445146517257 0.2295370163123434 -0.0095082325841897 0.9732525591725425
1735977464.002607 78.8418455695633611 -6.3446313049030829 3.4979457738779005 -0.0006788497514346 0.2197742745222629 -0.0085880115066386 0.9755127131306849
1735977464.102686 79.0176484418746554 -6.3164211988037966 3.5132205764936937 -0.0022594948448972 0.2105847817430368 -0.0237931624854294 0.9772833927782797
1735977464.202703 79.1891677043967803 -6.2865915696045347 3.5168408207456170 -0.0040474160228068 0.2369841356702235 -0.0356121284602859 0.9708521587609020
1735977464.302530 79.3564022499499515 -6.2619710159972595 3.5214798618061134 -0.0079633941666999 0.2625820886485161 -0.0424485488731373 0.9639426081322963
1735977464.402532 79.5288052259334535 -6.2344740635993068 3.5326740890533217 -0.0110399438114861 0.2444828722848236 -0.0470455767974311 0.9684487381910303
1735977464.502524 79.7005722655495106 -6.1854385181437568 3.5510114594689788 -0.0225337081662766 0.2140506510677319 -0.0318902525161089 0.9760417832081864
1735977464.602466 79.8638252844181267 -6.1218766753832803 3.5734149368134100 -0.0297313201063544 0.1823046420941704 0.0060827633493315 0.9827736596315989
1735977464.702516 80.0189716990485636 -6.0381867765917638 3.5829535218216138 -0.0380792623795791 0.2195000130322805 0.0443921009361379 0.9738578209522843
1735977464.802423 80.1667066374605355 -5.9488272826773283 3.5793510334513332 -0.0505590289776330 0.2166036399058951 0.0923270085982159 0.9705680662641138
1735977464.902638 80.3175015512135388 -5.8505421039166565 3.5730366806899503 -0.0545424311956119 0.2081922764727210 0.1278581454754671 0.9681597976842214
1735977465.002407 80.4687402895916506 -5.7599196150007854 3.5801702827436346 -0.0508766817099992 0.2071470952324594 0.1375683672647385 0.9672520811675971
1735977465.102458 80.6129452279145795 -5.6754361422841928 3.5822465366202110 -0.0439820473595066 0.2277997619566133 0.1463432850498839 0.9616426003892428
1735977465.202322 80.7478108191362907 -5.5849610019200151 3.5893509471020248 -0.0468810208473123 0.2583941198745080 0.1531358815477057 0.9526720582032410
1735977465.302631 80.8696551569403539 -5.4865664321407026 3.6130820709936384 -0.0454192221613546 0.2455210763585100 0.1650679730718579 0.9541535828093739
1735977465.402417 80.9901081085004932 -5.3787741393730002 3.6299050350346591 -0.0522154806562545 0.2157592259038209 0.1920192183215390 0.9559550825286748
1735977465.502532 81.0971041980615439 -5.2461655588215157 3.6439482267272876 -0.0621642548546128 0.2040915816471192 0.2293380571645034 0.9496769383612299
1735977465.602522 81.1889038890047772 -5.1062333803338342 3.6554241452904539 -0.0787255397865560 0.2174983479219189 0.2771775405049318 0.9325606516877002
1735977465.702647 81.2652153626601574 -4.9553073613221725 3.6614533853847568 -0.0947934467574403 0.2244116053035026 0.3183894607550916 0.9161232368721096
1735977465.802560 81.3411476159682962 -4.7917410310012407 3.6564119439111171 -0.0980639517126246 0.1992862687707080 0.3518824708905201 0.9093113719369925
1735977465.902551 81.4185853121909275 -4.6404307945038079 3.6532530374027155 -0.1058578413579125 0.2004252673205113 0.3594321160555431 0.9052250458258319
1735977466.002621 81.4986161776946432 -4.4935842538601793 3.6616799746631825 -0.1078611721750213 0.2124513101285219 0.3613625682482880 0.9014696348911074
1735977466.102416 81.5704337520641616 -4.3582079721846885 3.6732841488505259 -0.1170253828860580 0.2335268222215343 0.3588920639889035 0.8960841307987037
1735977466.202374 81.6433103031618685 -4.2152164802473582 3.6835187692024545 -0.1241232470886541 0.2255442219605873 0.3672875562492230 0.8937690274879948
1735977466.302615 81.7009975102030666 -4.0568968048018048 3.6832633660812002 -0.1249456629756298 0.1905323724511887 0.3898636649969278 0.8922400568607448
1735977466.402519 81.7430573364922566 -3.8940733095600297 3.6858953272768193 -0.1261136000212978 0.1556182154124759 0.4250983716736216 0.8827058996755034
1735977466.502526 81.7677168754269559 -3.7258979438368978 3.6980984241769725 -0.1171625850595727 0.1207057938192151 0.4747846234318408 0.8638764965857774
1735977466.602571 81.7765476503729190 -3.5515768053535557 3.6805592871518211 -0.1491572575421987 0.1536352801255665 0.5056169828066776 0.8357629926723850
1735977466.702395 81.7796622714355834 -3.3798870401505128 3.6599118285325627 -0.1567674032487434 0.1515243835440506 0.5379274542033177 0.8143085388749026
1735977466.802662 81.7750633719691109 -3.2075861905191800 3.6304572501811458 -0.1554390510399313 0.1354655011672317 0.5559205568301514 0.8052578058603164
1735977466.902595 81.7806610451501683 -3.0389492759585601 3.6185754672527435 -0.1436927447845992 0.1174524901684165 0.5572621516854526 0.8093307123471876
1735977467.002601 81.7724036261707852 -2.8655013738586321 3.6062880195382125 -0.1339061502556746 0.1206287317164286 0.5706566478990089 0.8011671749496838
1735977467.102444 81.7511173441055661 -2.6839407067387042 3.5889287664621099 -0.1720074088042379 0.1502496169740439 0.5798891415128575 0.7820275490486803
1735977467.202485 81.7105237847299009 -2.5141481370806105 3.5804480571618935 -0.1616193412370718 0.1275633136477955 0.6142367620070048 0.7617873651803628
1735977467.302540 81.6449304706946037 -2.3348879576732564 3.5630053219242441 -0.1594406811137377 0.1012948266428419 0.6614022760213821 0.7258547076206915
1735977467.402374 81.5524169351196804 -2.1771214182031557 3.5564927897364007 -0.1545273526121400 0.0837475883032427 0.7178644554877718 0.6736306571819002
1735977467.502593 81.4380872509362916 -2.0393459040039992 3.5386519453701673 -0.1954451711844601 0.1003886765626599 0.7543610300336427 0.6185973933385562
1735977467.602402 81.3199659468065761 -1.9001657279886177 3.5229704081958877 -0.2087826979432927 0.0980868178258217 0.7832091180714452 0.5773839611368441
1735977467.702397 81.1950880505846015 -1.7668111662657555 3.5032953101134945 -0.2069593930958364 0.0782469143590988 0.8037076295651661 0.5523579239781257
1735977467.802433 81.0743887629094218 -1.6320418398820773 3.5027617430102387 -0.2002060780403174 0.0636882008396017 0.8104638186935611 0.5468178288773872
1735977467.902407 80.9485650313109204 -1.5052685636669310 3.5002850529232798 -0.2120167238489144 0.0665960584965184 0.8201118280558224 0.5272859407229050
1735977468.002483 80.8081833304631232 -1.3874537972880934 3.5020388706948529 -0.2364433798643244 0.0810998894691398 0.8214563486075183 0.5125688279429714
1735977468.102536 80.6562685379286251 -1.2708647624304881 3.5104373374528262 -0.2179612388339326 0.0682843412068329 0.8367433971899867 0.4976852764256611
1735977468.202538 80.4840180326314254 -1.1663743372818522 3.5034345556688731 -0.2115455572676294 0.0554975461500044 0.8555909236469811 0.4691829823688859
1735977468.302348 80.2902855171537055 -1.0866193094164571 3.4892176363193856 -0.2157022956699101 0.0496842339857835 0.8808445887620366 0.4184696010280976
1735977468.402376 80.0802301873799109 -1.0283486125274770 3.4779154205159677 -0.2261459586376522 0.0469182901820649 0.9036069291022208 0.3607647392923853
1735977468.502434 79.8588483830612290 -0.9685616227546479 3.4727651934178154 -0.2439476213883072 0.0519297026276220 0.9172524159605884 0.3105493027177134
1735977468.602487 79.6454953524043674 -0.8863853715929187 3.4684824803607226 -0.2364006217182358 0.0475997863786398 0.9242775148788279 0.2959055286360119
1735977468.702469 79.4501134994506231 -0.8044569437805574 3.4703862712017859 -0.2123405321603705 0.0476618536554259 0.9299156585114086 0.2964738001295781
1735977468.802457 79.2609804816403596 -0.7150692578372477 3.4711573985598707 -0.2263716755868813 0.0386460830948813 0.9247933233196621 0.3033474145213476
1735977468.902621 79.0630385499055279 -0.6168005488310919 3.4755861692754912 -0.2179290835364175 0.0396823481923144 0.9257255235918894 0.3065362633709812
1735977469.002483 78.8397148088856596 -0.5338559494187115 3.4828089749665732 -0.1887019528967796 0.0359752271697168 0.9371310412301049 0.2913464734058204
1735977469.102575 78.6206195271009278 -0.4740648401453703 3.4800455512843520 -0.1489069183248344 0.0273446423580003 0.9557184590377267 0.2523513963976960
1735977469.202593 78.3978072450361338 -0.4246616254612928 3.4716618259074772 -0.1685138874217939 0.0307219236526744 0.9630477996471054 0.2078416915537954
1735977469.302504 78.1743173051519307 -0.3695954075562450 3.4726672128873024 -0.1820155017663391 0.0271328942320725 0.9665182101890848 0.1788203359247134
1735977469.402466 77.9570673968332954 -0.2914839924501605 3.4786131631549950 -0.1801667065118809 0.0273250322160433 0.9639589984063170 0.1938462015891570
1735977469.502414 77.7513183410274706 -0.2002433330017367 3.4762029232349909 -0.1682405628448400 0.0350600560299416 0.9598844718515536 0.2215574557154261
1735977469.602356 77.5479874284470299 -0.1074193982857473 3.4690580109967488 -0.1972142601041966 0.0378278963199702 0.9468992438976102 0.2511123409506078
1735977469.702485 77.3441930838561831 -0.0225776177758606 3.4785700510801356 -0.2028185066922094 0.0415055158216960 0.9410563509749609 0.2674974575378404
1735977469.802405 77.1198653006699857 0.0371548031445682 3.4988926273419785 -0.1866866246695937 0.0374273971114666 0.9464133399894770 0.2608621935139273
1735977469.902570 76.9001652540657687 0.0727343525871216 3.5063150195030643 -0.1781763851014603 0.0407324797908062 0.9558935197982612 0.2299165494042546
1735977470.002409 76.6756224072476726 0.0856102388075078 3.4982419180001543 -0.2243103745870716 0.0427588277307310 0.9549866851074013 0.1893593667376368
1735977470.102631 76.4521127441936841 0.1064190781512615 3.4935358748652043 -0.2127615239088805 0.0284927629279852 0.9644188064820238 0.1543277749094089
1735977470.202530 76.2347857211798328 0.1549472370205870 3.4896965397556552 -0.1988645293902664 0.0304451975160627 0.9661517460705674 0.1614831027178684
1735977470.402313 76.0310830594762876 0.2211843426355527 3.4921828600389304 -0.1874033082411051 0.0384728583306002 0.9637515205617438 0.1859646360120378
1735977470.501040 75.8259670221654147 0.2896169922800302 3.4926107847258785 -0.2105373493301387 0.0465320380850186 0.9521319213888741 0.2166877897829597
1735977470.602487 75.6115377093050967 0.3555535696589619 3.5092942661763229 -0.2173837488119582 0.0505748067034369 0.9459967793068469 0.2351097365496428
1735977470.702317 75.3817050622868408 0.4041948080775115 3.5235878099264908 -0.2049645804250976 0.0454239814153120 0.9523924415019482 0.2210765027168277
1735977470.802629 75.1542363685551322 0.4169469866097501 3.5319236037082562 -0.1695398710118735 0.0362896983073519 0.9673970739984574 0.1846136266727398
1735977470.902424 74.9266113622418288 0.4248977717593042 3.5257518308811258 -0.1894729185160318 0.0403703886907578 0.9695550140804684 0.1497775668696656
1735977471.002400 74.6993549692385983 0.4485500247062033 3.5235523893221572 -0.2004692269966246 0.0343579564230881 0.9708111946528654 0.1271111489778974
1735977471.102466 74.4784479038693519 0.5063340101642407 3.5198053152720643 -0.1973300435782933 0.0400536615931186 0.9678816688753948 0.1505378130216899
1735977471.201327 74.2671310410810293 0.5797984585582114 3.5107334433534927 -0.1832622566987997 0.0418603495500922 0.9627387068314354 0.1944140909855639
1735977471.301062 74.0440204761591900 0.6599035611959947 3.4978674108438685 -0.2077780017348826 0.0422332756022019 0.9481956848043800 0.2365789418890035
1735977471.402385 73.8131146662314279 0.7304083353119917 3.4947806124887899 -0.2098808609375558 0.0451047740986238 0.9414985435344514 0.2598000694536656
1735977471.502977 73.5690313145325092 0.7669536636772052 3.4854301112876289 -0.1894558617848418 0.0309418275183645 0.9514524056022208 0.2405980041873460
1735977471.602621 73.3276584465367591 0.7823191593021599 3.4721032153614741 -0.2089086017677953 0.0282998612518577 0.9570469026591403 0.1990415536291268
1735977471.701331 73.0876006236583322 0.7981273513973660 3.4777053101047049 -0.2273898729229173 0.0229403580918630 0.9606947189484342 0.1575856676455882
1735977471.802556 72.8458464479620176 0.8350203062466093 3.4907400959182509 -0.2355985050565493 0.0331227614950490 0.9608620982343192 0.1419163671420695
1735977471.901304 72.6178725915954288 0.8995310592390917 3.4988632377866682 -0.2106405540842421 0.0453066645622257 0.9625605909057978 0.1644839565319699
1735977472.002503 72.4013864204464426 0.9696357197561862 3.5029533953136891 -0.2055373201953000 0.0490316130287855 0.9577947469073756 0.1948833849443473
1735977472.102443 72.1808892674489329 1.0471398936826481 3.5166305706496122 -0.2033301279935721 0.0497368275336347 0.9531028909403240 0.2185817611746319
1735977472.202551 71.9514872251047848 1.1035568618697993 3.5289753620068840 -0.1832682366877105 0.0407816618180708 0.9579031528621291 0.2171892244507692
1735977472.302424 71.7243779117041527 1.1186643422278901 3.5287583848916486 -0.1451139333993998 0.0241289699153505 0.9721898883371162 0.1822266724693287
1735977472.503142 71.4910305729232931 1.1166324397909282 3.5196541761150737 -0.1649730616411287 0.0239707132747678 0.9774102089380107 0.1299175788783248
1735977472.601058 71.2571204380968624 1.1049271651688044 3.5162734244830500 -0.1915157120059435 0.0166624013676448 0.9773851690493944 0.0881040734461622
1735977472.702484 71.0271717773282631 1.1038967317297492 3.5200181777877213 -0.1935434350077872 0.0154682222256789 0.9778163841686839 0.0785925678282887
1735977472.802669 70.8122043669284125 1.1264136773677216 3.5288552834273021 -0.1607830696928960 0.0167494348263964 0.9819856634158627 0.0978387335304050
1735977472.902438 70.5915110979906046 1.1536820533170600 3.5272279110940290 -0.1819613389112743 0.0197177574002400 0.9754241882197354 0.1226740975943657
1735977473.002734 70.3713792716130655 1.1794710195400779 3.5251701777731492 -0.1953924240890174 0.0287018856405335 0.9693302952623406 0.1462763858451497
1735977473.102389 70.1496297194815526 1.1720452941221600 3.5144154985479887 -0.1916106461316490 0.0286960771014510 0.9709164087398743 0.1406528445772258
1735977473.202455 69.9342627913234196 1.1429844284548831 3.5074277480392522 -0.1679992886456307 0.0265974177129357 0.9797679729704500 0.1054681730520679
1735977473.302584 69.7191587722019506 1.0912771788503737 3.4928037143126507 -0.2171243373318869 0.0295037457119110 0.9732017578786196 0.0697487604844762
1735977473.402707 69.5064095912577926 1.0412104138630121 3.4806145992352859 -0.2295466307903011 0.0259060636774024 0.9724098430397681 0.0325010356286886
1735977473.402707 69.2801612605365165 1.0072608967883943 3.4715299328589766 -0.2235763313345838 0.0324305455056959 0.9736636442416381 0.0306755874803476
1735977473.602799 69.0717286396349266 1.0137136791480101 3.4686249111614544 -0.1839338672510963 0.0539948348904366 0.9794170742314022 0.0632066846718815
1735977473.602799 68.8701431422288266 1.0371120666214531 3.4536817457030833 -0.2052230137740955 0.0685279802580366 0.9707838960020989 0.1037596154687252
1735977473.702487 68.6677283831624123 1.0774407569636746 3.4499780241780500 -0.2112582457914196 0.0822967064873366 0.9628026742945917 0.1469973335052437
1735977473.802452 68.4587785381221465 1.1009104644022853 3.4522595100412334 -0.2068590780887385 0.0877734129559035 0.9589363803255835 0.1730496121880013
1735977473.902481 68.2403466484290107 1.1154382938823286 3.4404439782364520 -0.1790456540745214 0.0832971990207988 0.9645053900900846 0.1753099622939046
1735977474.002632 68.0208571806128504 1.1205844499153796 3.4199094937609562 -0.2054133654382871 0.0755306330054865 0.9626306165863628 0.1595078956906723
1735977474.102506 67.8036438534440435 1.1318361599778375 3.4134225993204157 -0.2285960287286483 0.0667976700938821 0.9608902023626671 0.1413221352900979
1735977474.202482 67.5801029522595798 1.1732969667823228 3.4138316832372406 -0.2311261543460557 0.0696937612682662 0.9591363183524080 0.1475838854173227
1735977474.302442 67.3748755960833421 1.2445184439873702 3.4192422573574630 -0.2046329854209379 0.0715431707072043 0.9562229804707408 0.1965821141979286
1735977474.402584 67.1757721047706866 1.3317019830765846 3.4294440762327794 -0.1936056079353879 0.0577656279497051 0.9482481129387109 0.2449602357765824
1735977474.502666 66.9767435382673852 1.4259374841008969 3.4472689496552587 -0.2030264718211495 0.0537342198159348 0.9369215775100358 0.2794116013281032
1735977474.602469 66.7659255812717873 1.5100530798355036 3.4695219414198823 -0.2074604877659765 0.0506115341825802 0.9342166820539212 0.2857233095072074
1735977474.702463 66.5530384294791446 1.5644893093139047 3.4916647157528917 -0.1765117311081327 0.0446126774401475 0.9481308562690930 0.2605785815896389
1735977474.802520 66.3375774942737451 1.6092590373480236 3.5020295965031347 -0.2126571698332029 0.0541306113501768 0.9503559093424542 0.2206138042173824
1735977474.902697 66.1234624361935488 1.6472975477393705 3.5146479215860400 -0.2160811905221660 0.0494174832392360 0.9583886406576797 0.1798834203342500
1735977475.002696 65.9121750613447404 1.7038738493978329 3.5278943590361176 -0.2053561213342429 0.0391912396011115 0.9618355860089384 0.1765367260824958
1735977475.102509 65.7131757028953132 1.7754714727827139 3.5382644135869041 -0.1810304206467378 0.0280564862931442 0.9621631485796334 0.2017000146075205
1735977475.202582 65.5150130128932204 1.8570605995246281 3.5479683424767914 -0.1926917274105089 0.0302592087141193 0.9538287325285429 0.2283966450684921
1735977475.302816 65.3195433772501559 1.9374070402625190 3.5653380041644063 -0.1970015624179599 0.0323303871024673 0.9463200648240755 0.2542114580148681
1735977475.402833 65.1060213070409617 2.0045897009905032 3.5900510370612633 -0.1998843561762458 0.0351403076313030 0.9438812925924821 0.2605753411770396
1735977475.502461 64.8944348605022157 2.0435527817855665 3.6131325661008633 -0.1725495288749266 0.0251589320992373 0.9569747678147530 0.2319331411992832
1735977475.602468 64.6822079900986893 2.0613569082279870 3.6041238378124776 -0.1975258698151216 0.0327143833762167 0.9603101789944299 0.1942103498626676
1735977475.702845 64.4625520393902605 2.0710312139057896 3.6011641347291601 -0.2295434997929596 0.0337408707951359 0.9613918700636299 0.1479763748587654
1735977475.802543 64.2551014231638646 2.0914653066937765 3.6101072042358950 -0.2299545434689690 0.0254135587766300 0.9648858537098870 0.1243798547950090
1735977475.902414 64.0480522563449455 2.1450376773399786 3.6198225274778331 -0.2052706261773040 0.0304907537025177 0.9676953058174821 0.1431784867437840
1735977476.002513 63.8460102734365549 2.2114180932512202 3.6256965212925207 -0.1857279931142502 0.0347502297079699 0.9679319383300004 0.1655454525794195
1735977476.102365 63.6347706701088427 2.2789933781860769 3.6234016601809884 -0.2042716387769442 0.0371621785711454 0.9570742368187912 0.2022398954038400
1735977476.102365 63.4181353422015945 2.3429258009196547 3.6219239419006284 -0.2054852882136283 0.0408415168599212 0.9531435687075560 0.2182317673020303
1735977476.202808 63.1986401567453981 2.3770398066546998 3.6202463394587117 -0.1796218022289585 0.0298726606427137 0.9630603050332329 0.1983897204480183
1735977476.302489 62.9828323323702648 2.3984883387367710 3.6153612263995147 -0.1820600693127931 0.0364999479767008 0.9686280705896533 0.1651712621047772
1735977476.402479 62.7639160774812979 2.4145745469093942 3.6065170460855698 -0.2226476945564553 0.0382779509140865 0.9646806004730661 0.1354774581007438
1735977476.502636 62.5561263533316847 2.4602455917782033 3.6069015379285059 -0.2146512737181251 0.0398235890111448 0.9646400705537429 0.1476768320743916
1735977476.602702 62.3665769121017632 2.5311800105670912 3.6078495743496797 -0.1715498765953663 0.0354746103575740 0.9646354796497162 0.1969532514609879
1735977476.702428 62.1831952170576798 2.6131503150761586 3.5935711698012205 -0.2001513696058351 0.0401550629228030 0.9506195621026228 0.2337722145901689
1735977476.802363 61.9947039138287224 2.6955635143032239 3.5904291787860498 -0.2234524097797318 0.0477373338715004 0.9375054835812121 0.2624378703114876
1735977476.902488 61.7929432288061662 2.7639567452021097 3.5885102276984964 -0.2194613531582287 0.0529635250295596 0.9357215949726485 0.2710289213132897
1735977477.002510 61.5790469344899307 2.8100078226809533 3.5744313027506696 -0.2038212419293333 0.0484790032115547 0.9455610635417839 0.2490400825163067
1735977477.102425 61.3587745829941582 2.8266164293461045 3.5529387649329767 -0.2159278672016861 0.0402340751719634 0.9536002086341585 0.2059199297146284
1735977477.202557 61.1339468683376452 2.8368020933302556 3.5393497151639970 -0.2289976805659261 0.0326316836280159 0.9610377215548095 0.1513331862737566
1735977477.302415 60.9056621140397851 2.8641330094306592 3.5306964784483945 -0.2358579443731386 0.0337683015838128 0.9630481817797157 0.1255744060507780
1735977477.402567 60.6912620497639281 2.9288578599101518 3.5182543754414146 -0.1995425560312993 0.0404482428048772 0.9660454059078898 0.1590691098571750
1735977477.502553 60.4865850982224629 3.0135074613498469 3.5035181205197379 -0.1847486114031580 0.0403409912860264 0.9609645275386749 0.2019597282109403
1735977477.602581 60.2731126510163762 3.0953866794032838 3.4959459044967116 -0.2105124367288279 0.0407247390883177 0.9504553222850236 0.2250792970238526
1735977477.702511 60.0452493735816972 3.1646849666299777 3.4916442951374420 -0.2208632981594370 0.0531091978850108 0.9490144447149186 0.2185644077808213
1735977477.802371 59.8103512688229699 3.2070527994840199 3.4880182105876010 -0.2040682030107064 0.0441455123008472 0.9609190802195947 0.1817742103093967
1735977477.902525 59.5798257122411883 3.2263985188247783 3.4857904428281912 -0.2170286742940066 0.0384631644658337 0.9660388188041026 0.1348634126701335
1735977478.002301 59.3499757155710626 3.2532180749806603 3.4938278055231753 -0.2296912094843764 0.0342754701327666 0.9680296212716157 0.0947934215729886
1735977478.102528 59.1135836886784958 3.3047976543640680 3.5080890162198459 -0.2289756417435678 0.0433578015439091 0.9684365643336948 0.0884357246532746
1735977478.202615 58.9013149800567888 3.3788050073037237 3.5182480476125053 -0.1760821691576031 0.0442314427903119 0.9758599303598248 0.1213921146185310
1735977478.302505 58.6842052547236221 3.4559352803111345 3.5177083290228679 -0.1843137949192467 0.0427763606101492 0.9685589312765738 0.1615308163162611
1735977478.402517 58.4769226348338478 3.5336793752683837 3.5303946493718779 -0.2051557410647800 0.0450483479790776 0.9583129294904358 0.1936958890218791
1735977478.502454 58.2582518485058500 3.5958410278775483 3.5444937081342354 -0.1958435534891251 0.0403942014570798 0.9602474095306465 0.1947781392638303
1735977478.602431 58.0540274116068531 3.6224217875211164 3.5589744650030326 -0.1397187042990132 0.0333230837984920 0.9759670730451759 0.1638796146163270
1735977478.702595 57.8430277764005822 3.6332621507581613 3.5563018250945175 -0.1709216699876046 0.0396129402698808 0.9740023849642602 0.1433037046825952
1735977478.802495 57.6297664468705975 3.6384737573081329 3.5357238386932526 -0.2082260882327245 0.0351885806582014 0.9691273109490918 0.1272631727686430
1735977478.902534 57.4222763665663223 3.6550985611121134 3.5208042824090851 -0.2051272765078614 0.0151269842497706 0.9694969759217216 0.1333026198490174
1735977479.002556 57.2179558410131790 3.6814879026282599 3.5171163618267607 -0.1815905888575167 0.0072680042005358 0.9709228144379081 0.1558233697405268
1735977479.102444 57.0172382766750516 3.7070730186542438 3.5050593553476745 -0.2200291318054857 0.0310323270810803 0.9592469230040741 0.1745551962562939
1735977479.202657 56.8209601629849175 3.7393881993803002 3.4968993393312142 -0.2398731013035165 0.0446795905797279 0.9490035368631661 0.1996419707322646
1735977479.302623 56.6190243093069370 3.7634788059392292 3.4990645853386297 -0.2317026734288027 0.0404975999716266 0.9482556697255735 0.2132721274704874
1735977479.402566 56.4173833925540222 3.7671590470864658 3.4958441042935156 -0.2262638965717262 0.0410989410141321 0.9525938225698520 0.1991997373428328
1735977479.502478 56.2139106210692887 3.7475601778772298 3.4910683853314786 -0.2484769176335159 0.0449098234138060 0.9531499577344779 0.1665757702520110
1735977479.602532 56.0170137351312434 3.7276057300764669 3.4939598077908887 -0.2587195111725623 0.0440936413522065 0.9561020036230370 0.1303415666583286
1735977479.702392 55.8183448112063161 3.7213408760791080 3.4946806012121203 -0.2528662229610261 0.0451046395127756 0.9595203517248141 0.1155202986740270
1735977479.802324 55.6187486990071065 3.7479263780879855 3.4888229783098730 -0.2317612861801714 0.0430268196613897 0.9615555752665691 0.1408768067913104
1735977479.902313 55.4298677665309256 3.7934126124577374 3.4770500951335364 -0.2140986413898592 0.0483401510218941 0.9593576814432573 0.1773635830998422
1735977480.002440 55.2460594207393072 3.8446071575999361 3.4574702789130596 -0.2516381332346887 0.0554509820700814 0.9435472703934705 0.2081393452056952
1735977480.102458 55.0518573861677467 3.9062496469511063 3.4527832804657170 -0.2725974739374265 0.0651897541973340 0.9324302771045900 0.2280672959660873
1735977480.202355 54.8426212341188801 3.9446085534928716 3.4683535989280894 -0.2601453904037081 0.0669534537396795 0.9391621612487596 0.2140468307697864
1735977480.302505 54.6327872710990405 3.9582380342301211 3.4835276367546100 -0.1954368473630566 0.0574917817514103 0.9629952285085481 0.1764633774855476
1735977480.402314 54.4280159768161127 3.9560734548772949 3.4788956246081644 -0.2195142045164014 0.0525491528137417 0.9651554076589245 0.1323901039384175
1735977480.502793 54.2179468464559235 3.9702503556171092 3.4644182009995599 -0.2525605315177382 0.0512876771925799 0.9613271112406276 0.0971233096708380
1735977480.602280 54.0054599480456190 4.0231341843554622 3.4612424353779541 -0.2736514568800334 0.0443923539294310 0.9544801552310649 0.1100537701767714
1735977480.702489 53.8106232155274569 4.1116988855194467 3.4721570712131333 -0.2298122089556928 0.0570163131693709 0.9582063256444430 0.1605494507697020
1735977480.802446 53.6286630965561031 4.2096294114993507 3.4754959266318055 -0.2569375974302365 0.0630844346563035 0.9426060145545444 0.2037089258144331
1735977480.902538 53.4463419817112495 4.2928030256204934 3.4886863363001992 -0.2502468121467620 0.0553489222373144 0.9374955571796134 0.2354041420324573
1735977481.002306 53.2409101488236374 4.3575435269645570 3.4840943355257403 -0.2382315610643321 0.0675792398552210 0.9397714479651926 0.2356021970246611
1735977481.102555 53.0296268808598228 4.3978457153038342 3.4645964809939809 -0.2099161301864601 0.0684118489219856 0.9537604579617336 0.2039510383480334
1735977481.202501 52.8081414089952688 4.4099095625628015 3.4518877044676572 -0.2411407780653136 0.0644359113467260 0.9542088418288434 0.1648776050851946
1735977481.302600 52.5846414967207281 4.4246117533491960 3.4579102601879144 -0.2701728800305148 0.0499497227209948 0.9525982234520955 0.1306455692781970
1735977481.402366 52.3608020139049728 4.4589157416609195 3.4644293020956836 -0.2629619123790601 0.0408652026595947 0.9546134104719748 0.1337695944398528
1735977481.502308 52.1464932653933104 4.5246258360154226 3.4634777000279211 -0.1951414242578651 0.0408088330936706 0.9641520865799795 0.1751148697958474
1735977481.702611 51.9387578899893683 4.5933613458648699 3.4739200622922541 -0.1874920389501332 0.0290305636969001 0.9593146389510563 0.2090918104469096
1735977481.802446 51.7232994317332668 4.6534356069989586 3.4810421734129249 -0.2212444793526842 0.0310704325870139 0.9492563086377025 0.2213548487978941
1735977481.902365 51.4965314174469455 4.6818751693830496 3.4806101275320076 -0.2165994053155124 0.0318287530138055 0.9550697449950151 0.1997834084545299
1735977482.002345 51.2793117128537901 4.6930567480095453 3.4861306371915153 -0.1685108616540675 0.0250645947749227 0.9726199738581983 0.1580703705488486
1735977482.102417 51.0622747586719825 4.6854221302875976 3.4738888268929671 -0.2012753922053987 0.0251284961463253 0.9721163111014117 0.1176718014843426
1735977482.202569 50.8423820878869250 4.6823997504290134 3.4631702180671429 -0.2145545784726203 0.0155910843184033 0.9725579935161918 0.0886239256294361
1735977482.302469 50.6236571769369235 4.6923728751672789 3.4550583484622841 -0.2178397206201740 0.0093128637481358 0.9718282349651721 0.0894930634932748
1735977482.402543 50.4127914418643357 4.7230490808511236 3.4585095570236093 -0.2390470483384028 0.0066103724816117 0.9636952044037179 0.1187617980060434
1735977482.502551 50.2097232828224591 4.7523456416259204 3.4769884964706765 -0.2429978517584884 0.0106445029494256 0.9597628038782099 0.1403356650661418
1735977482.602569 49.9974379601998535 4.7784482507124828 3.4849754358922138 -0.2386270280809325 0.0067213417978262 0.9594415641598005 0.1499461569907482
1735977482.702311 49.7829238971406554 4.7802433549801995 3.4897843114797436 -0.2194651237187035 0.0026249305689645 0.9660119656313717 0.1365615299696663
1735977482.802656 49.5716603514309142 4.7559952249467310 3.4855451763799943 -0.2059829282029302 0.0094288715013862 0.9729411391586843 0.1042481146292762
1735977482.902598 49.3723790681664241 4.7118594262800881 3.4851683993395661 -0.2378651912712872 0.0104259338677546 0.9693411501926508 0.0607386633673167
1735977483.002509 49.1743764074421321 4.6708942207284068 3.4787295825308129 -0.2488992025805477 0.0034506237132638 0.9683136691537108 0.0201474137505317
1735977483.102304 48.9686025678974985 4.6412759923259941 3.4777571400685425 -0.2285813308321536 0.0033009173473441 0.9733728612968722 0.0168805222196440
1735977483.202289 48.7699228697612597 4.6491861303118158 3.4880892650316451 -0.1896973069512997 0.0110428308093685 0.9807221715968232 0.0455742225556447
1735977483.302273 48.5722375601835594 4.6532341093825940 3.4839163038158696 -0.2266905163596621 0.0055914398190750 0.9720901744089508 0.0601734028530455
1735977483.402559 48.3733379987248853 4.6342976906986353 3.4830368543546806 -0.2326704341696906 0.0083973295739859 0.9711840392556470 0.0509462051030258
1735977483.502243 48.1908844197077926 4.6064297023878247 3.4789721150115094 -0.1924285436673004 0.0284027733972448 0.9807420571373933 0.0175941867484924
1735977483.602275 48.0190764031286577 4.5790290031523186 3.4681050080531399 -0.2000949469554463 0.0345045075046903 0.9791577187953823 -0.0046489663559646
1735977483.702490 47.8450537653046553 4.5472884598142720 3.4496597546968695 -0.2700668840961422 0.0218865460225957 0.9625073196640309 -0.0128264106812734
1735977483.802420 47.6789437661771913 4.5236202050876599 3.4484035806402131 -0.2729827528159053 0.0118235635643088 0.9617253623810041 -0.0206142514493625
1735977483.902366 47.4972839683321268 4.5021152563922042 3.4441000919026439 -0.2546932329771955 0.0075264732712566 0.9667572058767344 -0.0213357484314600
1735977484.002316 47.3003782054642912 4.4912881927165493 3.4442131409004326 -0.2347302671451288 0.0029852225312610 0.9720547690460155 0.0015218762475848
1735977484.102280 47.1057399305943889 4.4964832856230537 3.4448558010801551 -0.2167914971983585 0.0034850108005454 0.9757229288660698 0.0308879835410557
1735977484.102280 46.9072797994143684 4.4999604911554822 3.4453231948374725 -0.2166155821134363 0.0080003621503627 0.9744628745069255 0.0586156122446929
1735977484.202313 46.6921043980449610 4.4934865201808512 3.4417122838642995 -0.2340914117555413 0.0118024277406558 0.9689299964985465 0.0789719920418056
1735977484.302370 46.4701885979006590 4.4676847775638109 3.4365605112030675 -0.2314790417468295 0.0104202538042518 0.9703372352537296 0.0689530378067045
1735977484.402428 46.2493985378487977 4.4190067183253356 3.4331057407267491 -0.2166121601127076 0.0188018328821456 0.9757020173336163 0.0270413857390912
1735977484.502567 46.0232349019071947 4.3632818268731581 3.4371162555033608 -0.2357774365339665 0.0204714601958690 0.9715500796226089 -0.0089645147232344
1735977484.602659 45.7924531841099451 4.3104105928999816 3.4443293990984167 -0.2476564982595531 0.0185284548978317 0.9682594758744413 -0.0282230864411971
1735977484.702534 45.5591044177825353 4.2928835007634056 3.4467706709924757 -0.2220006814227120 0.0237247125060064 0.9747470229958974 -0.0045909285546953
1735977484.802324 45.3360172714385641 4.2889055012040025 3.4436918716116844 -0.1777449211159427 0.0264358875573735 0.9829134237466027 0.0398633702196962
1735977484.902236 45.1049771211899824 4.2981205756495511 3.4406909821782357 -0.2126036144196062 0.0278735109509043 0.9733501377876758 0.0813159258183900
1735977485.002397 44.8757954102909622 4.2962640574641471 3.4507084223792912 -0.2176813488167894 0.0295392920338107 0.9710080910160385 0.0942631836128680
1735977485.102573 44.6533272163950485 4.2739160714308158 3.4515626967485793 -0.1817992567061797 0.0345698530500227 0.9799465626750234 0.0738829467643705
1735977485.201372 44.4348676664536413 4.2397966124052742 3.4535087887858169 -0.1571783529177824 0.0361138028117749 0.9862739591990713 0.0354180183849133
1735977485.302348 44.2079552716032254 4.1997137527683606 3.4509575825613057 -0.1905003048755583 0.0299328445116925 0.9811734950981498 0.0105939217780420
1735977485.402367 43.9728844243504113 4.1852972548925980 3.4462369792688059 -0.2134056078925010 0.0315467764130626 0.9764114261439727 0.0091418987890722
1735977485.502378 43.7570712087325404 4.2023981590064325 3.4453735353890100 -0.1800867438148771 0.0390475108475692 0.9819712173183442 0.0421495546488073
1735977485.602375 43.5457253479453357 4.2214606054368247 3.4340019908005890 -0.2239321631801374 0.0441911697413110 0.9705423947583685 0.0771296751390156
1735977485.702440 43.3438502257842089 4.2526895110501286 3.4324309017563079 -0.2445480556367360 0.0510628695574681 0.9619449072366181 0.1106834553055849
1735977485.802451 43.1348463278977832 4.2793898046842189 3.4423216437317454 -0.2375106456828884 0.0427948452671306 0.9613167503759242 0.1327682185334001
1735977485.902363 42.9260457971504081 4.2793229445106737 3.4486764248391526 -0.1935258097193548 0.0224962410888641 0.9721926691020968 0.1299349616288124
1735977486.002376 42.7216875914046028 4.2786257799081397 3.4454820497577114 -0.1787717033987870 0.0253495883435756 0.9777682211817857 0.1066179257053606
1735977486.102311 42.4994257553360555 4.2619872727453743 3.4279419944794873 -0.2219719317032332 0.0270800414537907 0.9714724989557398 0.0789703530667450
1735977486.202421 42.2905319331743499 4.2603360039411129 3.4236950379738760 -0.2295669609917881 0.0348170695858142 0.9697925720237723 0.0747606135205431
1735977486.302255 42.0920291045052579 4.2834767389543797 3.4309132644918954 -0.1876583914147488 0.0366044246177599 0.9749118779844509 0.1139792717772096
1735977486.402250 41.8982805323426462 4.3165943694050721 3.4266468780233743 -0.1697040972712864 0.0358324712742217 0.9736791322510021 0.1478698779016718
1735977486.502314 41.6959033815170343 4.3536391311704401 3.4208598718357033 -0.2033346644952755 0.0348412714366270 0.9619782916724582 0.1789940400410364
1735977486.602438 41.4861313538509435 4.3895503863014609 3.4283237244910287 -0.2188609183418907 0.0373649501542338 0.9562571139611443 0.1904628334379676
1735977486.702312 41.2704526468108455 4.4040395452312762 3.4276186429936168 -0.2103409095471931 0.0284351992883225 0.9612687011578223 0.1758141785711447
1735977486.802250 41.0628933000418996 4.3998698494888000 3.4344001463249625 -0.2265117027230446 0.0249903468517510 0.9641331282277467 0.1360707247997008
1735977486.902727 40.8533424543037995 4.3859204977339346 3.4396240005333545 -0.2287658150926354 0.0157233978451437 0.9681601769297243 0.1004233459540687
1735977487.002348 40.6436283804588143 4.3836012857916167 3.4468889428479477 -0.2305561218448744 0.0144839347343560 0.9687656560172870 0.0901509513863168
1735977487.102398 40.4380157351228462 4.4144101527147299 3.4553901947500503 -0.1938547551639702 0.0127862465343466 0.9737678766638188 0.1184608297181720
1735977487.202693 40.2459397198443227 4.4486542774806033 3.4519783152613623 -0.1976373598649279 0.0258153806296887 0.9694981964058645 0.1426404124865770
1735977487.302238 40.0380474324922275 4.4858913754151697 3.4401882927077456 -0.2253030398897976 0.0261930810596873 0.9597097734329784 0.1658602227727861
1735977487.402525 39.8346833797400208 4.5136534406087296 3.4447013899950178 -0.2263265045817013 0.0357301288916107 0.9579212740256177 0.1728771355106159
1735977487.502239 39.6303398131751621 4.5255762121703311 3.4494563855180482 -0.1985063047891089 0.0395372313492356 0.9665547194113518 0.1574929480321365
1735977487.602259 39.4252049042760362 4.5069838416100199 3.4494344642530046 -0.2057480513921748 0.0345059497768255 0.9697957172194442 0.1263857018857200
1735977487.702306 39.2207688820484606 4.4843546007826074 3.4371443416696308 -0.2144931126909537 0.0276635526521145 0.9720530543521296 0.0913251990827569
1735977487.802229 39.0063896148392573 4.4737394282363594 3.4305670777887496 -0.2257942357510653 0.0263288619015220 0.9702594357743244 0.0831888299199634
1735977487.902484 38.8051161274266079 4.4975970985881837 3.4296811794694309 -0.1927046094528885 0.0277698732520404 0.9741795237983879 0.1143154541045156
1735977488.002482 38.6159683702894014 4.5213314955563781 3.4164963092131795 -0.2007025731207107 0.0395679544030187 0.9692899759610361 0.1364910129955103
1735977488.102336 38.4172997303637516 4.5524211290249044 3.3983365730470605 -0.2434065180286252 0.0471995822439999 0.9554756609277230 0.1599741472610609
1735977488.202428 38.2097066370518519 4.5790090363400999 3.4029238780846551 -0.2432462832474958 0.0450571715881173 0.9544984295885258 0.1665348158428027
1735977488.302345 38.0045180412420791 4.5891612670583335 3.4191733057255180 -0.2075906127154853 0.0342028940989989 0.9658848442360917 0.1510058516173564
1735977488.402236 37.8103599976534639 4.5871332821726414 3.4343289679534181 -0.2191912862255816 0.0413488839881306 0.9671076412008834 0.1222630776914062
1735977488.502550 37.6143039846165053 4.5877364767328652 3.4303667229453203 -0.2440182889160333 0.0386631488626527 0.9629324634776478 0.1082649822213262
1735977488.602242 37.4275490518625986 4.5910732616671250 3.4220977891677027 -0.2309102728428371 0.0296253407793333 0.9660894306279951 0.1116870498680635
1735977488.702334 37.2404831546304322 4.6132095100967225 3.4066186435691090 -0.2362013701149870 0.0292459012517060 0.9608195801167276 0.1420539491886577
1735977488.802485 37.0570885842419528 4.6401368787462305 3.4000244685938039 -0.2560753914876714 0.0296970963272394 0.9520924814335524 0.1645095229519173
1735977488.902367 36.8694953780947969 4.6657111195907790 3.4000114368957246 -0.2651549656078449 0.0349950344008087 0.9473323482928856 0.1761522456816140
1735977489.002450 36.6708821860271996 4.6903893683221956 3.3986552569739397 -0.2591841443871383 0.0396687357599676 0.9480533366587615 0.1801245167979703
1735977489.102320 36.4665202701482016 4.7041527977158868 3.3990088838729045 -0.2331252127900246 0.0425627849714946 0.9575489140407779 0.1641375085603627
1735977489.202482 36.2656610406641349 4.7010437324591301 3.3961454117474101 -0.2275364389512958 0.0477941124202464 0.9635670922426459 0.1322170583335465
1735977489.302432 36.0713457567173350 4.6769176619372441 3.3888013103369525 -0.2459855919878783 0.0412417423760287 0.9650342497028367 0.0806170212836308
1735977489.402368 35.8606296915424991 4.6591761534462837 3.3899783788861542 -0.2539001873252574 0.0350527669873973 0.9654061399787364 0.0479268535800464
1735977489.502503 35.6522489715211393 4.6644059590725888 3.3916020506383009 -0.2345698623838772 0.0386170444882775 0.9702408064225652 0.0460269604546051
1735977489.602541 35.4536854059651318 4.6972336983608489 3.3895670107757452 -0.2166073057514275 0.0402074640965688 0.9728039709257165 0.0715336919024078
1735977489.702357 35.2497265757906746 4.7382818434744349 3.3853735757495458 -0.2331605026465809 0.0334965302217379 0.9676967818683347 0.0898726923507159
1735977489.802358 35.0350389026599771 4.7764113659602128 3.3826117092814378 -0.2389117184761581 0.0437379021441634 0.9656706438689840 0.0921324821138479
1735977489.902213 34.8255851720103777 4.7890230753917118 3.3627688442673649 -0.2179223164807833 0.0501147850996626 0.9720774212300567 0.0711607998042955
1735977490.002222 34.6225043500791827 4.7964690640840590 3.3385037952848684 -0.2336048635490050 0.0474401750016940 0.9692500695941505 0.0610941905077248
1735977490.102387 34.4259063068553459 4.7949263999335461 3.3192593458626347 -0.2745860644022758 0.0367865348285668 0.9593058610757751 0.0546031958500730
1735977490.202527 34.2332418921945987 4.7983295308145788 3.3145795196032743 -0.2597802525033217 0.0229212099524113 0.9640439474920228 0.0510696176569372
1735977490.302378 34.0311796034775398 4.8188968134515839 3.3109449770539752 -0.2388275121682901 0.0181664657977090 0.9685440576456689 0.0674819038794049
1735977490.402280 33.8319482539069014 4.8513082408032391 3.3009686242344389 -0.1812378203086739 0.0197638408848506 0.9781455642408855 0.0999674859097654
1735977490.502479 33.6350493815691181 4.8926916050801106 3.2765821583398065 -0.2122782697166436 0.0284359277496591 0.9682069326901339 0.1292465462203398
1735977490.602311 33.4362409637763776 4.9323832815148068 3.2515830169198301 -0.2483853218494653 0.0316954600873349 0.9563377078426498 0.1507259707477664
1735977490.702314 33.2298791584636888 4.9603134492974110 3.2392177028422968 -0.2559806749000074 0.0360586764896142 0.9534742570844572 0.1551144964366530
1735977490.802357 33.0247322353844766 4.9747632230443726 3.2237832909247417 -0.2286055549869923 0.0377706295065375 0.9624177151033722 0.1416510551707029
1735977490.902285 32.8301396816312732 4.9691132186122857 3.2070674135645705 -0.2699341159434159 0.0323651969652734 0.9549742866791483 0.1187946920400808
1735977491.002313 32.6391235907426278 4.9554226552402829 3.2014310430127213 -0.2970398853396526 0.0155573578906848 0.9510605934700954 0.0837199061226017
1735977491.102441 32.4441489450959892 4.9573994593475685 3.2081391019837548 -0.2879504667723262 0.0162095158604719 0.9547052157556368 0.0732101856994760
1735977491.202361 32.2580595606570526 4.9860891620073025 3.2159699220410216 -0.2458314164258931 0.0289637750228685 0.9639094854859481 0.0980128472429937
1735977491.302284 32.0776698868538617 5.0239303418034247 3.2116413796791639 -0.2605683470386188 0.0329365179286728 0.9572141032692560 0.1214927273985169
1735977491.402412 31.9083449180634844 5.0761869415139884 3.2105572840677570 -0.2737042612734450 0.0322265392861152 0.9510008524303849 0.1401599308043472
1735977491.502370 31.7311103661521727 5.1399868824373289 3.2019536291841755 -0.2698141615258852 0.0419646204557208 0.9490045049337846 0.1575745489775340
1735977491.602283 31.5425002628551709 5.1942770867099206 3.1907769463676714 -0.2256047416026628 0.0385608805915138 0.9603806622757461 0.1590111398022224
1735977491.702362 31.3539429999749437 5.2447928727846627 3.1736189055695037 -0.1823630359365984 0.0434548112353374 0.9717980406473214 0.1430523355227558
1735977491.802514 31.1607927882207996 5.2751912965009158 3.1464186816047297 -0.1926734501621067 0.0358286049065823 0.9733323444199430 0.1192367392168023
1735977491.902313 30.9607281290762231 5.3064716664377309 3.1318794237583401 -0.2117791737083177 0.0251598773083832 0.9719500947894412 0.0991442151416093
1735977492.002400 30.7445219645704952 5.3562698218292004 3.1225059224506535 -0.2150116720996983 0.0315129942461782 0.9711756857093374 0.0979525371878156
1735977492.102227 30.5409241952278379 5.4320744953119569 3.0973990680606622 -0.1785309941125892 0.0263445871922459 0.9733944980170536 0.1411941857760758
1735977492.202284 30.3534752170706987 5.5163136816140996 3.0693052795554214 -0.1576573765855858 0.0185989080723306 0.9696965620325340 0.1857062460149146
1735977492.302584 30.1475947215831823 5.5975722297640846 3.0406453901133461 -0.2225076419768740 0.0135173091841790 0.9504233020537235 0.2168021644901345
1735977492.402334 29.9417762061023467 5.6567582471364179 3.0363473153779292 -0.2262592591274220 0.0158455379941393 0.9496896878298278 0.2159749138545282
1735977492.602257 29.7373168963992001 5.6899982941227600 3.0223958877106836 -0.2021042293617244 0.0140550436219677 0.9621239304395713 0.1824112899422600
1735977492.702310 29.5352629767427644 5.6936025414485396 3.0100187174646491 -0.1905010308723420 0.0144404519077225 0.9703244691295740 0.1482270393473681
1735977492.802332 29.3350880502903770 5.6823713521866486 2.9988888776226372 -0.2315696691136556 0.0090239254730681 0.9667033607167159 0.1085295788928330
1735977492.902280 29.1441186726067407 5.6676400434116392 2.9892920088629928 -0.2271270369780151 -0.0023444578289690 0.9710657289388787 0.0737506791255502
1735977493.002294 28.9462542660223434 5.6707409896246510 2.9709150591470292 -0.2051887311443952 0.0107434926607607 0.9769216161420586 0.0583636692745533
1735977493.102270 28.7530288794401656 5.6792804840325255 2.9389904026091838 -0.2018963784989675 0.0144158227661410 0.9768822467868301 0.0687830816094454
1735977493.202315 28.5687108723195884 5.6883243471696714 2.9129545037213962 -0.2147592885608238 0.0182043266527067 0.9730355850237346 0.0821510848710403
1735977493.302272 28.3719638359912771 5.6842183543872062 2.9074700617471310 -0.2226220400399667 0.0094566732362408 0.9705046025694527 0.0920370306520977
1735977493.402231 28.1727504332014611 5.6541385103926611 2.9047972481820405 -0.1940195153419118 -0.0095503041896577 0.9779844418811956 0.0762341838987022
1735977493.502352 27.9842229524424191 5.5978922249406402 2.8911089619179275 -0.1691602133511484 -0.0148767986023081 0.9850309047887680 0.0296246467212958
1735977493.602365 27.8080127628187270 5.5244199825613931 2.8875890205438752 -0.1995464130330615 -0.0218626458953862 0.9794394697334279 -0.0200394333351426
1735977493.702244 27.6284809222435790 5.4504672116042423 2.8836927775062975 -0.2207772460742214 -0.0301824530939584 0.9728528697449275 -0.0624797644855751
1735977493.802406 27.4496116127921255 5.3894637518410828 2.8890023410224912 -0.2197974880167832 -0.0266873834782984 0.9720011649157112 -0.0786802594498430
1735977493.902278 27.2795062469653757 5.3438766439434398 2.8972024139571393 -0.2260600191376397 -0.0185559688171845 0.9714019471947908 -0.0702196607433745
1735977494.002259 27.1177832353362653 5.3154220201130640 2.9059884517399719 -0.2375790979081714 -0.0112648472443590 0.9693842149133288 -0.0610206467564036
1735977494.102717 26.9475514270412333 5.2850068245737933 2.9115582270218314 -0.2379773012501825 -0.0029009525992323 0.9701795471742696 -0.0459351151998786
1735977494.102717 26.7728453856487185 5.2510463158672724 2.9073860322943696 -0.2179381030690241 -0.0033450502585089 0.9755845212989541 -0.0269561805776366
1735977494.202423 26.5885435260012528 5.2132881927258987 2.8959258882968975 -0.1759225468179891 -0.0053103020395929 0.9840626324886729 -0.0253730871748798
1735977494.302303 26.4158087431854369 5.1466199290368246 2.8735415859488591 -0.1781613808251590 -0.0034910780162242 0.9830171114636901 -0.0438599284807933
1735977494.402592 26.2497384263493565 5.0684084357667976 2.8481256368119809 -0.2304184668259861 -0.0082080181051768 0.9703749431469672 -0.0721971488139772
1735977494.502266 26.0924735776327026 4.9930508646207352 2.8403610222613938 -0.2493521517145467 -0.0137654464858905 0.9636893810282203 -0.0945346170025314
1735977494.602291 25.9272371785856919 4.9212615591116391 2.8384884033821756 -0.2407685178428959 -0.0068715957602703 0.9658767461409734 -0.0952124637406701
1735977494.702235 25.7626007472953376 4.8760814119815796 2.8502031664721321 -0.2211096234566966 0.0004785317249918 0.9723428033088684 -0.0752314978960107
1735977494.802402 25.5999628935182777 4.8430382340132798 2.8545639662842128 -0.2387974707134933 0.0002560455729564 0.9700726143125521 -0.0439866500464999
1735977494.902415 25.4313969025343667 4.8216463452991736 2.8648678338324389 -0.2359290453192582 0.0102525656331835 0.9716064750786036 -0.0146023305678063
1735977495.002315 25.2554720719714680 4.7951291923570114 2.8678228853308818 -0.2209085102430101 0.0033679837883437 0.9752606474318445 0.0073997539307029
1735977495.102223 25.0827576183974443 4.7583035864655931 2.8566748687851420 -0.2018616039656010 0.0077555067809409 0.9793488436429832 0.0082211564975530
1735977495.201402 24.9177040672314192 4.7144906074787114 2.8516785601121191 -0.1701075536323541 0.0219894047428019 0.9851394207926628 -0.0089558850243898
1735977495.302370 24.7487999403907182 4.6652909363248822 2.8278876624434290 -0.2213401539989667 0.0197623782206144 0.9748110805882131 -0.0190089925356277
1735977495.402367 24.5826344434735979 4.6124845752805843 2.8049103428656159 -0.2263951015742864 0.0204122350443982 0.9732447302768649 -0.0335155729769507
1735977495.502389 24.4014379483618136 4.5691629605298694 2.7803978685672730 -0.2351834501334840 0.0204525194287705 0.9713504275657631 -0.0273639562223024
1735977495.602574 24.2236190988065836 4.5518491214078987 2.7572546097104964 -0.2138100257595364 0.0207966077118899 0.9766537960356110 0.0003697047677950
1735977495.702504 24.0519776870720712 4.5400283931158834 2.7258194851150934 -0.2398727337525682 0.0244867143159505 0.9703298067146968 0.0179314981275337
1735977495.802493 23.8823274538208139 4.5379651688548579 2.7127396774707759 -0.2698357131400694 0.0278057943849726 0.9619284226316663 0.0333051864754603
1735977495.902242 23.7042373419553449 4.5253426113841062 2.7108867936680250 -0.2641955794370592 0.0302368281622444 0.9632890679664655 0.0368863330367965
1735977496.002292 23.5221354310006134 4.5083168134955223 2.7229410476147757 -0.2145744111148755 0.0207122925982810 0.9761206216113031 0.0267834854936921
1735977496.102613 23.3550641726257915 4.4829243019955927 2.7164870076260472 -0.2063870597819780 0.0203839587585447 0.9782236547772494 0.0082071319059264
1735977496.202267 23.1865609928897918 4.4391302433546249 2.7060843728161963 -0.2414109932926246 0.0130089846963860 0.9701824326338399 -0.0172495229882579
1735977496.302402 23.0121457613285969 4.4011049245259191 2.6971870968002585 -0.2480866771995445 0.0113410068683787 0.9680362424361912 -0.0350744278544929
1735977496.402317 22.8241932192293397 4.3683010204357853 2.6963929060424103 -0.2372174802282124 0.0129556825294510 0.9710298138977591 -0.0257122127802575
1735977496.502358 22.6450643299996379 4.3588852290384281 2.6908664468385646 -0.2182422837982724 0.0103595197045725 0.9758382978968927 -0.0016131558202771
1735977496.602537 22.4588798782948302 4.3596681164338271 2.6823283822243753 -0.2227140765480926 0.0110869627475703 0.9745667597308555 0.0222519705209561
1735977496.702481 22.2692813996025869 4.3653185492130895 2.6783609928988796 -0.2272087697891382 0.0145374618501594 0.9728422416703403 0.0417469754076728
1735977496.802310 22.0698190112873469 4.3601034850751770 2.6654717453778431 -0.2180425906663722 0.0183326744904321 0.9747317954800950 0.0449362724497147
1735977496.902368 21.8711279802846335 4.3279704202430027 2.6309524953935730 -0.1880434656685592 0.0207254671966965 0.9816820474789303 0.0225935319596388
1735977497.002300 21.6930438419710292 4.2697275707805709 2.5994643528076238 -0.2031977288828956 0.0141584927349077 0.9789350338699356 -0.0140149749331529
1735977497.102268 21.5141324302031016 4.1983899426574620 2.5794336685132961 -0.2429373883320531 -0.0015702472840465 0.9682248261752321 -0.0593266015528444
1735977497.202348 21.3312871835529343 4.1338237076706497 2.5734013025540068 -0.2541030488144190 -0.0073628908437345 0.9633693625189897 -0.0854218928694257
1735977497.302282 21.1383099799392440 4.0948250245987543 2.5702094443300907 -0.2309804305432689 0.0058108620692129 0.9693980807388393 -0.0829556245706919
1735977497.402322 20.9504142983327490 4.0748024732477148 2.5534087001813717 -0.2339836505942025 0.0076400664743646 0.9704271559617359 -0.0588592865306256
1735977497.502303 20.7671960902322930 4.0654716325166769 2.5402523242941966 -0.2451704193544681 0.0103350800345728 0.9689934578978187 -0.0289193731858361
1735977497.602423 20.5843592821844723 4.0502802461687386 2.5296909350431056 -0.2478998705586379 0.0112372832993525 0.9687070688649841 -0.0050982714788128
1735977497.702298 20.3959591920218095 4.0242507313365152 2.5073822543688364 -0.2195605003697039 0.0045967755724575 0.9755613359514775 0.0072205351816907
1735977497.802439 20.2218443838661912 3.9810057103489003 2.4811030969181624 -0.1845355646104124 0.0096886065172547 0.9827750114021827 -0.0024562697550474
1735977497.902349 20.0585413590230708 3.9159122305691780 2.4620961881393604 -0.1849083548400285 0.0159095465792926 0.9822875732176465 -0.0258246033886725
1735977498.002332 19.8866264309776675 3.8453860049451660 2.4452351673911261 -0.2030908273117255 0.0192191133513639 0.9776029236086148 -0.0517422969698426
1735977498.102442 19.6997233106981682 3.7822131508036323 2.4275454390150895 -0.2120204015387314 0.0250159695776339 0.9751972637461126 -0.0584110210451849
1735977498.202323 19.5095671800863926 3.7356662347713270 2.4040214006814624 -0.1947917037277810 0.0250845906518225 0.9799552798589067 -0.0333856997427176
1735977498.302231 19.3250749701740681 3.7045558644837002 2.3629862874656009 -0.2061455784542184 0.0188681726245901 0.9783278505148277 -0.0047549398125731
1735977498.402479 19.1414735417335500 3.6786944108624922 2.3327170235426458 -0.2235752852372071 0.0165389265659226 0.9743937838152720 0.0172426738444355
1735977498.502490 18.9534787470845671 3.6428316518950155 2.3207265079395820 -0.2181100183190753 0.0224540865861166 0.9752943723906827 0.0269206442623520
1735977498.602340 18.7514721252669077 3.5956680875943121 2.2991112160229186 -0.2045809381012656 0.0270816319169158 0.9783243146067819 0.0171685883954726
1735977498.702533 18.5582590801442464 3.5320866319283355 2.2744335360552372 -0.1896975037467325 0.0306648301029664 0.9813635743112259 -0.0002455241530146
1735977498.802283 18.3734707366673753 3.4568386482346201 2.2559592236273187 -0.2153919061324578 0.0163355239477877 0.9761421037050764 -0.0220470134985578
1735977498.902520 18.1883415716740728 3.3795789404003318 2.2474051990326700 -0.2336600194607907 0.0040574961524499 0.9711513761597904 -0.0474503594665134
1735977499.002694 17.9938293125036175 3.3105485987286980 2.2434407362501849 -0.2389147392266960 0.0061410533435405 0.9696274424059811 -0.0520063243972053
1735977499.102368 17.8022413235197341 3.2694935065256856 2.2324830578636439 -0.2091311376138661 0.0130608409187677 0.9774605622847257 -0.0257765570403174
1735977499.202309 17.6165248637713425 3.2350937978803502 2.2153756250798211 -0.2097607321372181 0.0086167057288886 0.9777146963299213 0.0004002700714693
1735977499.302245 17.4308234313976200 3.2067703069230786 2.2055863284855604 -0.2221907892290999 0.0116436431061675 0.9746711537242488 0.0226234580647505
1735977499.402462 17.2362739953929633 3.1762796604869705 2.2001184408885575 -0.2275899085104045 0.0213644788039838 0.9732177261491993 0.0243649358431718
1735977499.502511 17.0397899510173794 3.1201291423405566 2.1813829967215206 -0.1868386446381476 0.0246197480297175 0.9820749831193789 -0.0037304701855038
1735977499.602284 16.8525396883155665 3.0518063113475158 2.1698018087916178 -0.1561417742715860 0.0339840338515852 0.9860449293358358 -0.0466929234636491
1735977499.702354 16.6607039303574282 2.9819111047049609 2.1513579005002117 -0.2045038241937745 0.0265660643971140 0.9757016705160668 -0.0740181076813408
1735977499.802457 16.4636159923960896 2.9292744427164372 2.1350013558971921 -0.2320277982446134 0.0179503927320652 0.9693153094338605 -0.0791752179640897
1735977499.902352 16.2651920862920001 2.8929226535776524 2.1170596670046713 -0.2199720651243618 0.0145191075736099 0.9734314399449158 -0.0619089477132148
1735977500.002509 16.0610868099893231 2.8686531764079799 2.0896180109490872 -0.2025802994423238 0.0035521243825892 0.9787551548020178 -0.0314157864569303
1735977500.102489 15.8531169504588618 2.8529580952774247 2.0664512250266038 -0.2101810806621085 -0.0011252454072309 0.9775854057825539 -0.0122238110031646
1735977500.202436 15.6252851031753135 2.8302459866117666 2.0467391002193662 -0.2246331417882779 0.0020133418471282 0.9744200378946095 0.0064411035080776
1735977500.302422 15.4012409286043663 2.7872875668857877 2.0227147161037333 -0.1958977881671853 0.0064763301882359 0.9805472517720889 -0.0104499177365806
1735977500.402586 15.1840180250452246 2.7143165535872003 1.9848750338186105 -0.1479408469039583 0.0097841973980617 0.9869455288655922 -0.0628991124804808
1735977500.502249 14.9616306263067713 2.6271447635888574 1.9550409261750943 -0.1827295772986335 0.0119480942544280 0.9771775362869292 -0.1076624688559460
1735977500.601948 14.7257447397500254 2.5552888690146007 1.9424792071473425 -0.2176466644243345 0.0132603557926550 0.9681113709766900 -0.1233469327338430
1735977500.702309 14.4892298052174109 2.5075633736708012 1.9270548858118290 -0.2065644525658458 0.0079742666825083 0.9725185913875927 -0.1071220211373057
1735977500.802371 14.2649025120216759 2.4840269912841162 1.9051531002920179 -0.1524049389241727 0.0025198128035778 0.9864555694389012 -0.0605953352819125
1735977500.902362 14.0427793134058003 2.4737500049630388 1.8828074581334251 -0.1819655010484136 -0.0065958268603529 0.9831982723849226 -0.0128921943644759
1735977501.002502 13.8152024794617336 2.4558622317638377 1.8833384055883027 -0.2111341095823158 -0.0003026574048089 0.9772961519586784 0.0177349241931848
1735977501.102268 13.5873744698087204 2.4067913506083487 1.8739551943154380 -0.1949434724024829 -0.0055512339806042 0.9806827249823906 0.0150870570380017
1735977501.202307 13.3675122083749862 2.3356118484420252 1.8462417081278082 -0.1732384504957597 -0.0031745372030592 0.9846511082902600 -0.0209894384426376
1735977501.302381 13.1579231243606074 2.2394240481323435 1.8194686437959262 -0.2078965281178600 -0.0042079587068664 0.9765010447695305 -0.0566307005437557
1735977501.402408 12.9514139964126951 2.1472337594367503 1.8122234664776080 -0.2261959142338313 -0.0065866200948833 0.9694966060027986 -0.0941719478863063
1735977501.502621 12.7455452335888975 2.0679272307386047 1.8038655232716729 -0.2146073617332862 -0.0036236710645308 0.9714885987209544 -0.1006998105911372
1735977501.602330 12.5313579662049435 2.0176509414168335 1.7843164444538486 -0.1871184474679959 0.0122181284035134 0.9797738944780960 -0.0698607161050235
1735977501.702371 12.3189396000078943 1.9816165470732874 1.7659660617151831 -0.2123311231277746 0.0061893700615370 0.9765882573130499 -0.0339493965748972
1735977501.802348 12.1094938616294137 1.9454482575004621 1.7624304497912631 -0.2187659526388583 0.0121106104787113 0.9756517409913327 -0.0099232746826477
1735977501.902238 11.8977634117972961 1.8863744132037108 1.7549957292093401 -0.2110737815785187 0.0065899136925265 0.9773699081730712 -0.0123488608960985
1735977502.002297 11.6916784176598085 1.8123248938780598 1.7331696982662141 -0.1740437119820697 0.0085833198879263 0.9836349913068904 -0.0457964716533687
1735977502.102660 11.4979161870712048 1.7192323522249706 1.7061942629491276 -0.2001892150498044 0.0023278150387944 0.9762104981396570 -0.0832581694298602
1735977502.202519 11.3027496338709899 1.6265481277785976 1.7007712361199521 -0.2132885891001637 0.0014767894449274 0.9707399532496475 -0.1103165446225969
1735977502.302378 11.0891818067176153 1.5480862629442333 1.7001585221097664 -0.2047736292215971 0.0042475839134126 0.9721783272694230 -0.1136618616508692
1735977502.402534 10.8782475901027311 1.5025366842908128 1.6823802711355371 -0.1774759730817120 0.0052215566960591 0.9810803921911381 -0.0771769290815069
1735977502.502448 10.6746634411536405 1.4727873318704205 1.6604568598201426 -0.1678683507059534 0.0048668684486486 0.9852838775992321 -0.0318152630947522
1735977502.602230 10.4643126317692499 1.4509385189345299 1.6452777343015095 -0.1889640987069730 0.0103900997729223 0.9818944454802034 0.0082409442234373
1735977502.702411 10.2459544844289585 1.4169726551507136 1.6386287733569471 -0.1986602412451443 0.0155526115317387 0.9794750567013052 0.0303453146785298
1735977502.802518 10.0286741885316690 1.3605369129564919 1.6201483733672424 -0.1770267670447772 0.0205389652387635 0.9838579023785441 0.0162266011193480
1735977502.902256 9.8247078275393918 1.2860602693430569 1.5982296887170122 -0.1808084946780812 0.0215558433382503 0.9832505343791439 -0.0078753103653683
1735977503.002533 9.6270432472785892 1.2095774240477308 1.5935513621422794 -0.1974485397536415 0.0218743748166081 0.9792384560610031 -0.0403439220552521
1735977503.102350 9.4183237806567366 1.1428242638900579 1.5981134407210003 -0.2175864960096282 0.0199881931328152 0.9745461785989455 -0.0501630807240675
1735977503.202426 9.2023513341198662 1.1122708620388608 1.5997610808748277 -0.2043548368260983 0.0255533991994334 0.9782964025538231 -0.0228532974728199
1735977503.302372 9.0016094688962927 1.1031047152437063 1.5932178555029661 -0.1912851571743081 0.0371923914226263 0.9805159438002631 0.0248031977483882
1735977503.402451 8.8044309748213845 1.1111282336010333 1.5836680899779338 -0.2028551122035323 0.0407231102683462 0.9758203248917469 0.0704707405320124
1735977503.518592 8.5943210422521261 1.1149540866566794 1.5851593871595047 -0.1999503197016088 0.0351475562855002 0.9744610878522243 0.0959693034268869
1735977503.604577 8.3754401759772197 1.0827802066817234 1.5708783883459523 -0.1842571249876898 0.0142164067936848 0.9795640273576736 0.0793821263003360
1735977503.704752 8.1684909333018805 1.0255210868476903 1.5475756684759827 -0.1493633830923146 0.0103156953480711 0.9881834436742692 0.0328275474071183
1735977503.808493 7.9658603334073037 0.9510282487212590 1.5170417650204111 -0.1793959494241313 0.0103436682698313 0.9836169893600838 -0.0144124980188452
1735977503.902309 7.7506869636963680 0.8732329161268844 1.4918284585964607 -0.2169163912253650 0.0092908996087015 0.9745026975960239 -0.0566167005423146
1735977504.002551 7.5260523993123956 0.8187660856840332 1.4792668738021044 -0.2085389718346218 0.0087237004248352 0.9763355674525371 -0.0566061304470554
1735977504.102243 7.3096728515031923 0.7998033728301632 1.4697893090859209 -0.1439083909078960 0.0126813061434817 0.9894485656970328 -0.0110043328230433
1735977504.202232 7.0932936602271157 0.7930465434554428 1.4530097640634978 -0.1550417230644583 0.0093228232095219 0.9873729830366204 0.0311406718934195
1735977504.302451 6.8782214296482058 0.7766308494637071 1.4376139547197460 -0.1768430058786785 0.0155748914468193 0.9819333913679115 0.0655041139542074
1735977504.402309 6.6503204105126912 0.7302904252354105 1.4098261574642377 -0.1788307125828460 0.0134481530103999 0.9817202373578221 0.0637502861156084
1735977504.502296 6.4303336248425120 0.6526134309760563 1.3762746695418662 -0.1714912297790946 0.0185099076829878 0.9846997885665434 0.0247884614977592
1735977504.602436 6.2238751815249369 0.5475268717308531 1.3498060652450889 -0.1940469002585475 0.0128925840510993 0.9805351411013294 -0.0270262620784017
1735977504.702552 6.0099170575802647 0.4415151093652534 1.3466947487887022 -0.2120997318296830 0.0140257364099178 0.9745983496047254 -0.0705339593648472
1735977504.802462 5.7874036837226441 0.3626754173145477 1.3457982514065645 -0.1902057786964018 0.0286675683424439 0.9781933861171713 -0.0783430381875077
1735977504.902633 5.5707414763202774 0.3218938081432320 1.3223485448962753 -0.1593970488688148 0.0515844690465398 0.9851290931147640 -0.0381089656640269
1735977505.002549 5.3653547340792560 0.3016319504885610 1.2897038354082160 -0.1721762929549270 0.0507332824034966 0.9836309184251919 0.0158642528623310
1735977505.102563 5.1540855539620409 0.2885573271241249 1.2746037541834330 -0.1816435267234820 0.0506977615200028 0.9803391600603041 0.0580559852950079
1735977505.202283 4.9328567335846643 0.2703066958482160 1.2627176930674944 -0.1867686535863097 0.0511589130493081 0.9777846016458414 0.0802340852596570
1735977505.302385 4.7127849125781411 0.2388075878941957 1.2383912203342406 -0.1503576412611206 0.0510952807137587 0.9845886110434149 0.0732606238491978
1735977505.402351 4.4991623121620803 0.1885988867618748 1.2006963969624520 -0.1464759099340906 0.0449382511406259 0.9868168317910779 0.0521335006231285
1735977505.502534 4.2890135717134221 0.1449394290289205 1.1681972040618185 -0.1828861540969932 0.0453352570779250 0.9814804550618889 0.0345468585662585
1735977505.602371 4.0708427464316710 0.1227371094448481 1.1538065764027128 -0.2135054838343624 0.0580590948015199 0.9741932916376618 0.0446316077646866
1735977505.702290 3.8579332345083133 0.1396467545219334 1.1488011628356294 -0.1897566151671787 0.0709029952751287 0.9740857160043485 0.1006091950947146
1735977505.802284 3.6706511493364284 0.1772234397924160 1.1360415430564830 -0.1652976465984015 0.0740520355361606 0.9702851486113769 0.1604360135573666
1735977505.902304 3.4803380632672063 0.2223052142284244 1.1231060526700349 -0.1897222061212260 0.0706033006545304 0.9598271189067428 0.1943001807831444
1735977506.002354 3.2833921081692687 0.2604398073157955 1.1192625064448556 -0.2140626866505392 0.0733071437072937 0.9509522994803967 0.2109335273928197
1735977506.102441 3.0847162975194560 0.2820552066121443 1.1233119157079141 -0.1957134157444360 0.0593694292741914 0.9577621004742621 0.2021467008398401
1735977506.202449 2.8935266140062907 0.2913235636183651 1.1028311626730802 -0.2019504172703745 0.0508482899434725 0.9619853541457107 0.1766767069630224
1735977506.302557 2.6990964144010410 0.2869693129271869 1.0869029751418362 -0.2199174743698057 0.0419458496943137 0.9637991039324072 0.1448037893817600
1735977506.402367 2.4959135786139606 0.2995519843316283 1.0760314123217776 -0.2348921281154412 0.0470921761903545 0.9630891020889485 0.1227493239433876
1735977506.502291 2.2915452984401585 0.3355873775220176 1.0756162926704309 -0.2048888929283897 0.0548021473535713 0.9688865154123218 0.1275781582097221
1735977506.602411 2.1047231890464166 0.3978299665459271 1.0522752036526037 -0.1722920284989566 0.0525984502367851 0.9691235596298436 0.1683697898044182
1735977506.702351 1.9321919031936559 0.4579969547369697 1.0241979943615909 -0.1819646035928341 0.0490233858051427 0.9605311950904448 0.2046103954876800
1735977506.802281 1.7625468555705117 0.5238296096136262 1.0147103370207027 -0.1892102057050791 0.0494616819639417 0.9553072911804993 0.2216777379253861
1735977506.902356 1.5710977608706918 0.5745975180167915 1.0062837774440547 -0.1881924932606069 0.0359942097802482 0.9563424939529050 0.2206740505872627
1735977507.002279 1.3799463516171453 0.6023111607115231 0.9904770422681771 -0.1435530185806583 0.0194592544524699 0.9708922977350189 0.1907406995671107
1735977507.102342 1.1955933199348976 0.6033960668621139 0.9637739960058909 -0.1626941077934957 0.0125214688649813 0.9759683982793481 0.1444282717018580
1735977507.202285 1.0080758532715000 0.5941363700766644 0.9361890701270544 -0.1966978691291007 0.0059448234965708 0.9752675809115439 0.1006367377085086
1735977507.302425 0.8255853775843689 0.5952030948298890 0.9174258773299974 -0.2033250550378829 0.0015908458713110 0.9756801705128118 0.0818815978797816
1735977507.402244 0.6484713348394266 0.6165075715485738 0.9030078700859082 -0.1701392308296202 -0.0102507760949135 0.9807394736318262 0.0953815945690034
1735977507.502272 0.4809441404487307 0.6365069489278571 0.8849580533475689 -0.1745746138924441 -0.0163991698366558 0.9794074538225649 0.1000790228258302
1735977507.602366 0.3220734844341398 0.6532228723128604 0.8585631093976070 -0.2038686290432852 -0.0251774596023452 0.9740059924032390 0.0954777690489532
1735977507.702301 0.1613052283360432 0.6523467503257159 0.8413435740715642 -0.2083628105305844 -0.0377449036728596 0.9748067827241016 0.0700856461025276
1735977507.802614 -0.0006464324026886 0.6177990204869732 0.8233911914060781 -0.1662859615347274 -0.0683192951352903 0.9836480368193449 0.0108624384986614
1735977507.902394 -0.1385080215997195 0.5543664394175324 0.7982621909124120 -0.1198424781407437 -0.0966440236695879 0.9850595894776188 -0.0771707088228584
1735977508.002417 -0.2527597096274018 0.4687596196206341 0.7582198229783840 -0.1603234128555891 -0.1295504574853728 0.9664538822531719 -0.1532317712925073
1735977508.102450 -0.3342711727298394 0.3756362981820913 0.7203623088685973 -0.1789312120489623 -0.1581843003345877 0.9405361107296784 -0.2415640140746058
1735977508.202391 -0.3904365372683427 0.2746760461851234 0.6822823579637399 -0.1714827942950397 -0.1855713634256244 0.9099972275048894 -0.3287277996618702
1735977508.302486 -0.4328963204363809 0.1798273853717233 0.6455639474230984 -0.1643347206948779 -0.2057682758922411 0.8749950758162514 -0.4062476258487961
1735977508.402483 -0.4465902408111363 0.0937499645221856 0.6142897088014407 -0.1594083942516390 -0.2066599512171530 0.8282708915750874 -0.4958305744651575
1735977508.502357 -0.4336086260429562 0.0134804478904421 0.5872976538581665 -0.1510781843193517 -0.2138476137303998 0.7720346509727100 -0.5791434002231464
1735977508.602367 -0.4001028551061064 -0.0484301051884499 0.5609058973202603 -0.1331410004381032 -0.2188179870283882 0.7035889348891382 -0.6628384216811465
1735977508.702342 -0.3592459935529222 -0.0912469468809808 0.5425823859612489 -0.1033579400534602 -0.2146951270526058 0.6244866490830090 -0.7438007554209968
1735977508.802687 -0.3115757945424864 -0.1015158970047390 0.5357968776903583 -0.0635869294171124 -0.1954950127701658 0.5335414861773756 -0.8204095836330371
1735977508.902550 -0.2702386518999796 -0.0911809040375833 0.5153002321813653 -0.0214110132136995 -0.1791093716744034 0.4439078349199251 -0.8777284520785843
1735977509.002368 -0.2276687526232597 -0.0753432110465109 0.4888362734668344 -0.0085814971699577 -0.1810255867943720 0.3624146016997594 -0.9142274067795605
1735977509.102526 -0.1893183087050924 -0.0522421375908812 0.4607921836044573 -0.0027458206362790 -0.1917411709370233 0.2893252615137185 -0.9378265707937428
1735977509.202338 -0.1565246898813893 -0.0234821706772164 0.4178153242576569 0.0051070102756531 -0.1955227635618198 0.2247140136396442 -0.9545933057848012
1735977509.302423 -0.1202411497162400 0.0111917798933659 0.3771400319182638 0.0129104979241340 -0.1984498038319151 0.1649711761874348 -0.9660411510022540
1735977509.402405 -0.0877329042404235 0.0369424588883505 0.3325248849705733 0.0230701715819575 -0.2031493294961436 0.1211684811952740 -0.9713476804282166
1735977509.502382 -0.0686208656488954 0.0543326064195944 0.2963733983225602 0.0265797057290836 -0.1874390311827703 0.0896182952548463 -0.9778183317918697
1735977509.602293 -0.0452825810775604 0.0612270250876291 0.2520163183433105 0.0282230683965964 -0.1825845447969172 0.0671574057445176 -0.9804877486563766
1735977509.702345 -0.0329371153546576 0.0647872561923135 0.2113848926393128 0.0322419364157281 -0.1837421853035699 0.0450299748406544 -0.9814130467045377
1735977509.802296 -0.0233066628812278 0.0645624420426806 0.1830718791778258 0.0337139259445446 -0.1806277335427753 0.0294246305744586 -0.9825330448326726
1735977509.902379 -0.0165454918444826 0.0587689070666794 0.1564330146067404 0.0183229595038965 -0.1819022610083416 0.0241669088236659 -0.9828488170176432
1735977510.002413 -0.0136088838915449 0.0504765928512587 0.1403108790551663 0.0056416479810158 -0.1706072305429363 0.0221902268345807 -0.9850730625327024
1735977510.101715 -0.0094071041818524 0.0456100086433647 0.1266229165348204 -0.0026146480368146 -0.1708986998428488 0.0199187726275791 -0.9850837733435052
1735977510.201682 -0.0072596397104856 0.0406998229358637 0.1117133338328384 -0.0077540698531284 -0.1752610150305806 0.0168750336688893 -0.9843468312794212
1735977510.302479 -0.0078291523567779 0.0373993632157066 0.0996364394449326 -0.0080381940752124 -0.1727084952328294 0.0139655032029137 -0.9848411688341985
1735977510.402250 -0.0060444216565068 0.0343414614627433 0.0899245019531215 -0.0061285705059718 -0.1770487675784894 0.0142768201100018 -0.9840794413714972
1735977510.502230 -0.0074772264279282 0.0354752995396719 0.0897477716247387 -0.0037770885293397 -0.1766393626052855 0.0130156032421892 -0.9841823323210400
1735977510.602300 -0.0061912751026362 0.0407007484103713 0.0846596867040775 0.0052395141179430 -0.1781136052037575 0.0157410836615952 -0.9838700673454228
1735977510.702634 -0.0095895163852185 0.0447232807770400 0.0844093122524445 0.0122647797316111 -0.1751681986868658 0.0184176079007366 -0.9842898298093650
1735977510.802398 -0.0133456592492516 0.0465864886977446 0.0846890627978890 0.0133607944918246 -0.1696471782650094 0.0184624293965042 -0.9852413221023804
1735977510.902479 -0.0168622812058007 0.0448663042228093 0.0852583656683639 0.0116661770509417 -0.1649366562908934 0.0179590947453197 -0.9860716356535790
1735977511.002420 -0.0153130993702965 0.0453839745921377 0.0848106233346838 0.0121965453795722 -0.1668038520372924 0.0178457881923327 -0.9857531369821350
1735977511.102364 -0.0129683617292795 0.0437085647093332 0.0841317519810240 0.0092632344138408 -0.1715028580253017 0.0173669664325706 -0.9849869799415002
1735977511.202533 -0.0089424332386372 0.0422797896681840 0.0827269088897684 0.0081191692071848 -0.1748942631078020 0.0172669497543474 -0.9844023203292164
1735977511.302281 -0.0109461653936694 0.0423578036059609 0.0838906185541951 0.0081702897118533 -0.1750464137129059 0.0173119738915978 -0.9843740625251416
1735977511.402579 -0.0116909645712933 0.0427341514600214 0.0848156009630187 0.0083058334200615 -0.1746695713958165 0.0172411904004212 -0.9844411080979788
1735977511.502453 -0.0130791070230881 0.0426575815894597 0.0848951711484834 0.0084430205243254 -0.1736715414439311 0.0173183350656139 -0.9846151463223942
1735977511.602380 -0.0113787199086682 0.0430360153860205 0.0848950603849494 0.0085176983791811 -0.1733269288107896 0.0174137490034908 -0.9846735428094857
1735977511.702298 -0.0115378485964270 0.0434560491193288 0.0841804972556852 0.0091682700275665 -0.1752043390657332 0.0175385778066663 -0.9843331654911159
1735977511.802434 -0.0096178282374781 0.0435545815651784 0.0841701908583252 0.0094808300916669 -0.1775474739498882 0.0178559874086615 -0.9839045543488700
1735977511.902422 -0.0090644937402042 0.0441282300201441 0.0849715419846684 0.0088579111246951 -0.1812675252852427 0.0196554151701672 -0.9831974808460197
1735977512.002495 -0.0084201969699481 0.0447522988193833 0.0834800386550081 0.0098260286704438 -0.1797258749575633 0.0194926072008002 -0.9834745026160165
1735977512.102442 -0.0057448982776265 0.0435292219019122 0.0844367006779047 0.0067284725299711 -0.1794098520823486 0.0193354129087733 -0.9835613729914624
1735977512.202410 -0.0062935242403544 0.0445220544842925 0.0836523777209180 0.0082410730751078 -0.1786835512558571 0.0195383658690592 -0.9836780598774851
1735977512.302317 -0.0099741220705972 0.0444113446696616 0.0844436600596892 0.0091039981200426 -0.1752067181585017 0.0192911156600141 -0.9843005516542951
1735977512.402580 -0.0119675521708579 0.0457434468822808 0.0846259970225328 0.0099760029952355 -0.1732157305955838 0.0194088269137229 -0.9846421113665159
1735977512.502373 -0.0127052534539307 0.0455771962058069 0.0864398460449060 0.0093227304600441 -0.1735707933009060 0.0193737961426476 -0.9845866759370080
1735977512.602645 -0.0089001991620736 0.0429863328570408 0.0834763305773330 0.0089874906638747 -0.1747489338690826 0.0192110294741796 -0.9843845648270437
1735977512.702557 -0.0111708225701039 0.0447069723301704 0.0846038734540858 0.0087388001945227 -0.1748678214927319 0.0190357244430788 -0.9843690972254632
1735977512.802490 -0.0104782014344403 0.0434032111619411 0.0834355614305270 0.0091177318535835 -0.1737548479548748 0.0191279229731858 -0.9845609388660289
1735977512.902400 -0.0099605107695153 0.0430050917910911 0.0831639580649632 0.0092753879158287 -0.1736790539060222 0.0191471975964628 -0.9845724646959826
1735977513.001334 -0.0096150771335261 0.0423152807430496 0.0834789148929876 0.0090272661837006 -0.1742065272309925 0.0190476310166954 -0.9844835103179830
1735977513.102518 -0.0086528846867890 0.0408969907983009 0.0821239823735614 0.0090926339540483 -0.1741682791754839 0.0189764993169070 -0.9844910497361079
1735977513.202414 -0.0110934827455868 0.0398181774843224 0.0817564985696385 0.0092776879721188 -0.1738500366362520 0.0189839380337480 -0.9845454277808601
1735977513.301326 -0.0118643616574461 0.0404554086194483 0.0828357983471031 0.0093935056640462 -0.1739003942204786 0.0191292242480970 -0.9845326240003263
1735977513.402352 -0.0098907220886380 0.0406910377706891 0.0827960236690854 0.0094410717663961 -0.1741275167349552 0.0190496841876008 -0.9844935670749568
1735977513.502619 -0.0114781094319763 0.0426393536400399 0.0859024866223355 0.0092481282287741 -0.1741798623988539 0.0191019147953406 -0.9844851266068635
1735977513.602471 -0.0135697481024543 0.0413477598933587 0.0852489841294113 0.0094442710626002 -0.1739489505737457 0.0190216252125988 -0.9845256452285336
1735977513.702386 -0.0125872038539531 0.0383749753680267 0.0851933624709423 0.0095487324702474 -0.1741526353849384 0.0190895445605341 -0.9844873135724825
1735977513.802662 -0.0137144542182621 0.0383346826367118 0.0836606995158514 0.0093954095937323 -0.1741432625855871 0.0190317809924355 -0.9844915650663896
1735977513.901747 -0.0125242735070083 0.0383929813634275 0.0850663172551004 0.0094487252947545 -0.1740989326235653 0.0190408533975892 -0.9844987197307730
1735977514.002422 -0.0142344343688896 0.0367580667786235 0.0842941282944277 0.0091819587752326 -0.1739454628073447 0.0190568779717404 -0.9845280610545130
1735977514.102027 -0.0161261001881074 0.0388006463450618 0.0839257984741188 0.0091560975808896 -0.1741647796250373 0.0191316811788112 -0.9844880772211129
1735977514.202182 -0.0154598453506044 0.0390226128582968 0.0873227650169449 0.0093384529972329 -0.1742831268888575 0.0190694687177196 -0.9844666273369985
1735977514.301323 -0.0137800594057532 0.0336603006126936 0.0847708383588458 0.0094162532660040 -0.1741319951942673 0.0189381313265016 -0.9844951648464072
1735977514.402428 -0.0139450097461871 0.0370265518659706 0.0862265449915707 0.0093347742240139 -0.1741467943964595 0.0188603325535518 -0.9844948165671537
1735977514.502333 -0.0120613144010510 0.0360265035240552 0.0868015769628496 0.0092770106742072 -0.1740906655690834 0.0188536102791540 -0.9845054182756467
1735977514.602476 -0.0121402137361309 0.0340470964633479 0.0879965448107752 0.0094851053971536 -0.1741797162521585 0.0188576567255809 -0.9844876068314639
1735977514.701408 -0.0109716920883793 0.0347215126544105 0.0893744789217241 0.0093775069341044 -0.1740460888137548 0.0188181008559022 -0.9845130270405327
1735977514.802423 -0.0103009627637433 0.0341812766154034 0.0866204287829849 0.0093622024610473 -0.1740909177276975 0.0189922638054515 -0.9845019022050444
1735977514.902519 -0.0067707109765069 0.0347936941127625 0.0877605797186337 0.0094241184588507 -0.1740637531872982 0.0189405307529683 -0.9845071112553838
1735977515.002458 -0.0059960659696402 0.0333839999240853 0.0874318193464254 0.0095351769918722 -0.1740862852226769 0.0189724744038150 -0.9845014428186984
1735977515.102313 -0.0084044665132239 0.0349622190854802 0.0873412488054389 0.0094469458567960 -0.1740002733265261 0.0190109519858681 -0.9845167564855685
1735977515.202468 -0.0064764869699856 0.0352217728962804 0.0874578346420587 0.0093030681087083 -0.1740260849185440 0.0189296705391970 -0.9845151305414082
1735977515.302318 -0.0073261195217291 0.0350268529898419 0.0866754383495456 0.0093321488104955 -0.1740286196091337 0.0190141449398563 -0.9845127794232661
1735977515.402371 -0.0096089572834123 0.0372314467900492 0.0912956927716613 0.0092698882239640 -0.1743242282605789 0.0188881457349583 -0.9844634937692528
1735977515.502546 -0.0101289597699393 0.0373668135621312 0.0870783442377080 0.0091389738984880 -0.1741463504483680 0.0188709021717389 -0.9844965296194911
1735977515.602603 -0.0110509373340438 0.0365878243934561 0.0866280608931540 0.0094193207941435 -0.1742624248764218 0.0189120966391530 -0.9844725573994828
1735977515.702369 -0.0110246458920554 0.0352512794948543 0.0879063112554822 0.0093375182538471 -0.1741478219086999 0.0188490230423332 -0.9844948253838942
1735977515.802476 -0.0102241886859599 0.0372793772672068 0.0844978469069757 0.0093257952218661 -0.1739640187114190 0.0187929559216886 -0.9845285036731941
1735977515.902261 -0.0099579206870449 0.0375967027088194 0.0852257270945875 0.0094027852985596 -0.1739171827944188 0.0190173785142128 -0.9845317366504388
1735977516.002448 -0.0096086761032973 0.0338883695487095 0.0844804169473266 0.0093301238133944 -0.1738695497156063 0.0188612177484105 -0.9845438451061314
1735977516.102425 -0.0089288153076266 0.0339083709950180 0.0864954993405394 0.0094471556921219 -0.1739927510266715 0.0189036948235894 -0.9845201491902114
1735977516.202386 -0.0088146191636347 0.0349886568813260 0.0855782101249732 0.0094282626324101 -0.1739863589174329 0.0189684971855485 -0.9845202135501894
1735977516.302415 -0.0101618188849431 0.0355694999092148 0.0852437385587874 0.0095770738498826 -0.1739242373986455 0.0189968000070045 -0.9845292077390430
1735977516.402358 -0.0105234886552574 0.0344848504811130 0.0849031052232239 0.0094247323128025 -0.1740223406361503 0.0189515513191604 -0.9845142142615032
1735977516.502457 -0.0072354297998578 0.0341328842055117 0.0822398784238739 0.0093739524613030 -0.1738065861743300 0.0187892502649141 -0.9845559220745974
1735977516.602371 -0.0121644425315448 0.0343782592883058 0.0831493923542986 0.0093260331392628 -0.1738278707963665 0.0187947274888968 -0.9845525149319895
1735977516.702515 -0.0069355925244535 0.0373562400519895 0.0798131312731419 0.0093784579424161 -0.1736439842680601 0.0189578672487049 -0.9845813376880128
1735977516.802533 -0.0083536703937442 0.0363817545563465 0.0813658338485769 0.0092674946101559 -0.1737321242298570 0.0190265755736904 -0.9845655143138882
1735977516.902529 -0.0114117177285627 0.0379687260212368 0.0786641175694550 0.0093195710331377 -0.1736524703131121 0.0190043906731221 -0.9845795032830286
1735977517.002470 -0.0106309187460416 0.0372443898681519 0.0788631953051024 0.0094117434561148 -0.1738240693015638 0.0188607693092133 -0.9845511075600016
1735977517.102392 -0.0142999715288467 0.0334771397020682 0.0786902332321488 0.0094405975162174 -0.1737934775991102 0.0187498265131215 -0.9845583508702125
1735977517.202306 -0.0117773387727724 0.0348372484801813 0.0760623870483868 0.0094050385050641 -0.1737198562514765 0.0189438562156786 -0.9845679697747456
1735977517.302361 -0.0105340621015248 0.0362212204157007 0.0786344754244033 0.0092354298608674 -0.1737464802633469 0.0189020983174881 -0.9845656799373922
1735977517.402428 -0.0118282270913598 0.0336409418805344 0.0795300819455350 0.0093167347498570 -0.1737278618202898 0.0188223650540257 -0.9845697268628181
1735977517.502295 -0.0137142670309031 0.0330359767448251 0.0783073065424106 0.0093638787512706 -0.1737098224315337 0.0188642798075326 -0.9845716603238587
1735977517.602482 -0.0125178354496555 0.0325273345085923 0.0779092628176012 0.0094485321170540 -0.1736752616948143 0.0188517377339498 -0.9845771887975474
1735977517.702377 -0.0107694911372378 0.0326548952571352 0.0785864895352004 0.0094066313015268 -0.1737827948882293 0.0187945917962179 -0.9845597080967747
1735977517.802276 -0.0121420142151513 0.0320849839754716 0.0773792107758762 0.0094603993395495 -0.1737627529939974 0.0190352214831109 -0.9845581074062476
1735977517.902373 -0.0127355277595093 0.0313586647258656 0.0782146363262327 0.0093521543586660 -0.1736698150081274 0.0188420907387586 -0.9845792543927009
1735977518.002528 -0.0106675947168725 0.0306663024036932 0.0778468922122750 0.0094462418871682 -0.1736208859536583 0.0188336715747626 -0.9845871466202928
1735977518.102311 -0.0117881712019761 0.0347358820956734 0.0760314178934643 0.0092369802250734 -0.1736920221753963 0.0188202660601564 -0.9845768417012296
1735977518.202302 -0.0101290312179279 0.0338660505577081 0.0773094381577299 0.0093075519315689 -0.1736029741172143 0.0187782388559890 -0.9845926846164187
1735977518.302359 -0.0093549003847552 0.0332487177749609 0.0784925641196989 0.0094305795788694 -0.1736624516575677 0.0188828407162406 -0.9845790244462731
1735977518.401417 -0.0086002344790499 0.0317780836328114 0.0779324376242532 0.0093064451754796 -0.1736768305582337 0.0189054852404579 -0.9845772347730093
1735977518.502574 -0.0063589286574168 0.0313319134221205 0.0798124652816572 0.0093440515193073 -0.1736120900246748 0.0187826565758995 -0.9845906472795792
1735977518.602436 -0.0062122036575488 0.0320495005032315 0.0819187949593197 0.0095462443531571 -0.1737736759648527 0.0188246996319161 -0.9845593986368625
1735977518.702296 -0.0072777451044292 0.0322011917929344 0.0811340016320828 0.0094060848861318 -0.1737528807296846 0.0188387447701301 -0.9845641491039254
1735977518.802358 -0.0054716502928432 0.0324003644922886 0.0813926942182140 0.0094597155648676 -0.1737361535737679 0.0189438238114161 -0.9845645708952897
1735977518.902367 -0.0049562834968511 0.0343386189380616 0.0808084530558963 0.0095004714106162 -0.1736182624660118 0.0188694079649102 -0.9845864032294540
1735977519.001753 -0.0056566004511724 0.0323632427988964 0.0810898130007209 0.0095525163979787 -0.1736818457224103 0.0190132879613479 -0.9845719175244754
1735977519.101565 -0.0056161856403294 0.0329908038089188 0.0812334352847536 0.0094871793792523 -0.1736712549944450 0.0189233617255777 -0.9845761499229420
1735977519.202410 -0.0080142244020956 0.0336007330861078 0.0810881105559463 0.0093879864536722 -0.1736851762010282 0.0189667708826317 -0.9845738097677844
1735977519.302385 -0.0095744496194356 0.0360925423098437 0.0790873862298764 0.0091197444787019 -0.1735003644811605 0.0188580768845121 -0.9846110027425885
1735977519.402623 -0.0125319370298619 0.0352873267464440 0.0803873675694991 0.0095351774651382 -0.1738116103272671 0.0189340462984342 -0.9845507129634915
1735977519.502414 -0.0107135318360583 0.0336835223221275 0.0812071604730804 0.0095160680095283 -0.1737638433388182 0.0190024309904226 -0.9845580119090063
1735977519.602366 -0.0071718046421774 0.0335759675258912 0.0785753211794410 0.0095619044938962 -0.1738052184696837 0.0189752905313942 -0.9845507881081628
1735977519.702260 -0.0097759584578588 0.0332482657417133 0.0810780446870666 0.0096813900630653 -0.1738072409385845 0.0189798310305740 -0.9845491758656926
1735977519.802320 -0.0085123352965203 0.0338310933449970 0.0788713352943305 0.0097115415300723 -0.1737034641041394 0.0190047726807168 -0.9845667123840243
1735977519.902384 -0.0028813092262802 0.0331253569192255 0.0775993240377297 0.0098079410671877 -0.1734963084074495 0.0190570986537502 -0.9846012706938333
1735977520.002268 -0.0055663775994886 0.0335293317414156 0.0803848778123201 0.0097596603676994 -0.1735765675084232 0.0190148242706164 -0.9845884219812147
1735977520.102428 -0.0055687502555775 0.0344998007113054 0.0799996893758918 0.0099419580606410 -0.1736412284624992 0.0191740628749999 -0.9845721083601850
1735977520.202294 -0.0053324013018392 0.0369037313001932 0.0779521191615144 0.0096189892200182 -0.1735208948880687 0.0190642672908342 -0.9845986633122618
1735977520.302465 -0.0057452448307503 0.0354963815956524 0.0800326054272941 0.0097477761494557 -0.1737047379375963 0.0191084859641761 -0.9845641221587997
1735977520.402364 -0.0078973366648834 0.0361650277507965 0.0803222041173777 0.0097836711827645 -0.1736830761712668 0.0191114806980570 -0.9845675294947530
1735977520.502409 -0.0075729467456816 0.0376203167386789 0.0805960529370913 0.0094791170851647 -0.1737792706488971 0.0191422222535806 -0.9845529375098212
1735977520.602543 -0.0129171026394590 0.0355519012850692 0.0815097093716979 0.0095874089543939 -0.1738185110208365 0.0190547747774084 -0.9845466583022986
1735977520.702484 -0.0133149590007576 0.0362280483991603 0.0821241360537819 0.0095271614618881 -0.1738265791766546 0.0188951075326470 -0.9845488959302892
1735977520.802482 -0.0113215817665862 0.0352537632836059 0.0830649110605581 0.0095761763547173 -0.1737472979426818 0.0189132685963632 -0.9845620658826147
1735977520.902346 -0.0129725129449550 0.0342859944702886 0.0840494240071846 0.0095211987983137 -0.1738336792706319 0.0187708297642951 -0.9845500772813123
1735977521.002873 -0.0123169539414154 0.0324184046763569 0.0832265395898814 0.0098443076846339 -0.1738531860619312 0.0190371819075749 -0.9845383410550061
1735977521.102436 -0.0126668600735441 0.0349603034124892 0.0857094665387818 0.0096593566333520 -0.1739652917303218 0.0189621929165827 -0.9845218176060945
1735977521.202536 -0.0119150495904688 0.0329389104785810 0.0874749658019520 0.0095697714005753 -0.1739813596111920 0.0188043283096452 -0.9845228810037912
1735977521.302303 -0.0077620266487135 0.0326286046118829 0.0864364169012872 0.0096725144062168 -0.1738506065358922 0.0188985038347010 -0.9845431710316079
1735977521.402342 -0.0076362526748444 0.0314131124800007 0.0891595829250447 0.0094758958449859 -0.1739390663236770 0.0188584581240503 -0.9845302266368290
1735977521.502606 -0.0071794009759557 0.0317051722394854 0.0882389450577670 0.0095456128214798 -0.1738963496318610 0.0189278239983685 -0.9845357679329191
1735977521.602529 -0.0067989059363494 0.0321315791293935 0.0865466196688974 0.0098014860693193 -0.1737963173472859 0.0189725233941870 -0.9845500567789388
1735977521.702417 -0.0070226011045875 0.0329330790090665 0.0883371446595202 0.0097756991464882 -0.1738334709371387 0.0189191781497660 -0.9845447804880598
1735977521.802404 -0.0055685800330452 0.0349064966073754 0.0875848463847291 0.0096819639428498 -0.1738119366288716 0.0189011824121390 -0.9845498542800937
1735977521.902276 -0.0051868395715633 0.0338486263575784 0.0875287979503518 0.0095811748871608 -0.1739228426959171 0.0188641901344955 -0.9845319640351565
1735977522.002589 -0.0067118736533123 0.0312447092588093 0.0861572608646522 0.0094469027281655 -0.1738043857038166 0.0188112787994049 -0.9845551926270537
1735977522.101289 -0.0036263849355068 0.0338154386406893 0.0829922980699828 0.0094863946284163 -0.1736824804320303 0.0187646565537873 -0.9845772148350529
1735977522.202299 -0.0015941552979114 0.0370078009964737 0.0844855651232327 0.0095093268896116 -0.1736965806592362 0.0188845321925129 -0.9845722142195898
1735977522.302329 -0.0063695710628740 0.0359819846271925 0.0835286664166303 0.0095067877943331 -0.1736810550673344 0.0190003352197601 -0.9845727496523901
1735977522.402587 -0.0050842138924750 0.0336234411671115 0.0849512291398962 0.0096592156361957 -0.1737500701462604 0.0189975780161451 -0.9845591423103965
1735977522.502374 -0.0050045784557858 0.0333108460062005 0.0841720985813544 0.0093196723808965 -0.1737288614923136 0.0187422063189544 -0.9845710518259183
1735977522.602532 -0.0047725724559795 0.0344417484990828 0.0836303713554932 0.0095442888183081 -0.1737336159576803 0.0188520716573989 -0.9845659635755475
1735977522.702511 -0.0052350014454161 0.0343656821767271 0.0843638213918004 0.0094147902433779 -0.1738808420373096 0.0188158836919767 -0.9845419122708589
1735977522.801749 -0.0059735568508473 0.0315748115044583 0.0830331395075205 0.0096311662465107 -0.1737071154508134 0.0188343831098386 -0.9845701319313732
1735977522.902507 -0.0007519533891605 0.0314731271078923 0.0817657411597930 0.0096721306042287 -0.1735736761683667 0.0188881805337572 -0.9845922330930191
1735977523.001756 -0.0045565373948671 0.0325409344016244 0.0841883615785200 0.0096458354567462 -0.1737412298373150 0.0189170773960218 -0.9845623835470009
1735977523.101913 -0.0045818001384883 0.0342571779116987 0.0802553819669737 0.0096278481633062 -0.1734696538121736 0.0189379073728214 -0.9846100443375375
1735977523.202383 -0.0034403416608177 0.0327108852657955 0.0791800864430177 0.0095670578491301 -0.1734950334826385 0.0188604222928252 -0.9846076524341592
1735977523.302379 -0.0027233936006095 0.0343279599911804 0.0782749780566537 0.0094723224818213 -0.1734597205456428 0.0188532736568941 -0.9846149270285548
1735977523.402229 -0.0065177333181365 0.0351470003874989 0.0788957464391289 0.0096767719783841 -0.1736523228090057 0.0190105048715594 -0.9845759653635893
1735977523.502435 -0.0070542799113691 0.0348843573605599 0.0819948639989424 0.0095933058315798 -0.1737401755174444 0.0189482239787962 -0.9845624838995435
1735977523.602376 -0.0083023728285533 0.0330142571357071 0.0825234966716259 0.0096877550506186 -0.1736441459859124 0.0188742019729419 -0.9845799218279779
1735977523.702441 -0.0070855255404374 0.0354213300278973 0.0821436476351317 0.0095040878901190 -0.1737057354846430 0.0189514463397663 -0.9845693639631222
1735977523.802473 -0.0056885877086364 0.0372852582277790 0.0822734283670100 0.0095985517135989 -0.1736915506725197 0.0190789995952112 -0.9845684865992934
1735977523.902353 -0.0047975999890107 0.0329010347208398 0.0797082345153637 0.0097498473833844 -0.1734414958738656 0.0189367050311061 -0.9846138274407900
1735977524.002473 -0.0071552412813569 0.0327251744330338 0.0817625796997013 0.0099185467368685 -0.1737628214734441 0.0189323200977132 -0.9845555705799112
1735977524.102489 -0.0084291803012372 0.0342627137631802 0.0823477222337447 0.0097372091685383 -0.1737636082324806 0.0189278672978592 -0.9845573274579758
1735977524.202562 -0.0070243312329499 0.0338819033790302 0.0802399156035286 0.0098560655307309 -0.1736925285946900 0.0190612477035020 -0.9845661137367173
1735977524.302525 -0.0081311901527911 0.0322274732155279 0.0818892065298109 0.0097481750939018 -0.1736585042555106 0.0189558328349710 -0.9845752248475532
1735977524.402401 -0.0069288917904764 0.0334848566625543 0.0831688493470102 0.0097899328111765 -0.1737037369098582 0.0190189465857120 -0.9845656142024631
1735977524.502569 -0.0099587559980803 0.0334859375090060 0.0821948697562078 0.0098321151671896 -0.1735325246774300 0.0190134805303016 -0.9845954905180808
1735977524.602372 -0.0099951964222041 0.0326856417314232 0.0821111658807213 0.0099206847440120 -0.1737078953152990 0.0190201444031513 -0.9845635485971550
1735977524.702314 -0.0085388414522663 0.0300587157200375 0.0792075632645968 0.0098344856001214 -0.1736174320059059 0.0189676596959055 -0.9845813821530021
1735977524.802404 -0.0109285210153648 0.0330340722457904 0.0811146676791887 0.0096862526348748 -0.1737950110915709 0.0188987927403961 -0.9845528458455289
1735977524.902432 -0.0105114840189269 0.0336508759385544 0.0811477150060664 0.0099989478165298 -0.1735770541784420 0.0188866386982269 -0.9845884024220372
1735977525.002550 -0.0129306453718694 0.0338668556967211 0.0775591639772777 0.0098292517870724 -0.1734741394906470 0.0189696575092112 -0.9846066528473536
1735977525.102386 -0.0122299714367784 0.0332988090840253 0.0808958427212081 0.0098170480200808 -0.1735811992975395 0.0189623440670130 -0.9845880470156457
1735977525.202469 -0.0144318363065330 0.0328484834783709 0.0806292813264654 0.0098516897647410 -0.1737175484328723 0.0190794493330115 -0.9845613907666709
1735977525.302621 -0.0113570053913227 0.0313976486442777 0.0803693669935992 0.0097438627096802 -0.1736417337526013 0.0189587260476824 -0.9845781696470497
1735977525.402510 -0.0127831256132873 0.0312451846195778 0.0792822248638409 0.0097506161911472 -0.1737780434182161 0.0188225815074788 -0.9845566654769161
1735977525.502733 -0.0103863820729813 0.0315739336348077 0.0816406888843957 0.0097572761670211 -0.1737794173458220 0.0189124968052603 -0.9845546338996827
1735977525.602300 -0.0083416068368952 0.0291351956224375 0.0854239308547461 0.0096948694883781 -0.1738536824927548 0.0188583878684331 -0.9845431772128206
1735977525.702292 -0.0075361507689227 0.0330594685809581 0.0824497448142384 0.0095068178704486 -0.1737701636390961 0.0188151505445679 -0.9845605825711311
1735977525.802277 -0.0097258876387116 0.0323785606026268 0.0835911880235503 0.0094671773511736 -0.1736700607206597 0.0188369006793736 -0.9845782110808056
1735977525.902548 -0.0073280252208027 0.0305587127791262 0.0839528958652507 0.0095668804821206 -0.1737168160201488 0.0187786425076371 -0.9845701118839801
1735977526.002435 -0.0017819563742259 0.0304639649996066 0.0853588043297274 0.0096206020074329 -0.1738400068609335 0.0188679114283097 -0.9845461380503906
1735977526.102491 -0.0010930305885049 0.0327625145424397 0.0828875399741467 0.0096199424743759 -0.1736922458760381 0.0189805078489940 -0.9845700588333580
1735977526.202343 -0.0000346270331749 0.0347045978209098 0.0860169111535985 0.0097169077189161 -0.1737303595077123 0.0189876530256703 -0.9845622443107800
1735977526.302418 -0.0017388819324436 0.0364034605633509 0.0895551970947900 0.0097540952011675 -0.1738344120600875 0.0191250737496399 -0.9845408505311504
1735977526.402421 0.0030341622449710 0.0357592762481457 0.0874479015144002 0.0097031756807415 -0.1737781242264572 0.0190239210603731 -0.9845532501340553
1735977526.502391 0.0016578735447482 0.0357737897336206 0.0908980114057031 0.0096279560536164 -0.1739767187598402 0.0190167723133771 -0.9845190532247562
1735977526.602323 -0.0012535269125098 0.0342054680996630 0.0921100700756567 0.0096692701883843 -0.1740001674830162 0.0189800829096987 -0.9845152123673089
1735977526.702364 0.0002906779709069 0.0321197828951466 0.0924729016221317 0.0096657854920606 -0.1739348973528595 0.0188676203542437 -0.9845289416649161
1735977526.802317 -0.0042008690328087 0.0293540068005301 0.0907065904774132 0.0096882344039594 -0.1738589174195470 0.0189915455616763 -0.9845397585394996
1735977526.901320 -0.0038425386044415 0.0322831004841378 0.0923818901286168 0.0096678878753267 -0.1740776548797372 0.0191086349997736 -0.9844990411798514
1735977527.002573 -0.0074284731316629 0.0315018095186152 0.0896983507443328 0.0095238391494703 -0.1739192003648499 0.0188633014934006 -0.9845331807963992
1735977527.102380 -0.0074049290619725 0.0298455465321910 0.0893351306363275 0.0096082151846752 -0.1737808504038774 0.0186915426643224 -0.9845600664594812
1735977527.202407 -0.0073934686662887 0.0321256798431178 0.0858899341311072 0.0096791014052010 -0.1737879419045835 0.0187600428455556 -0.9845568175768172
1735977527.302500 -0.0073973350854200 0.0320840393120043 0.0848482082351646 0.0096968215691844 -0.1737112047423671 0.0188477332597698 -0.9845685105412318
1735977527.402424 -0.0047663317986097 0.0309806619152892 0.0835323772035539 0.0096357950364364 -0.1737507189878039 0.0188930422550502 -0.9845612688195620
1735977527.501399 -0.0024546509748731 0.0318436154779138 0.0828042136071270 0.0096671762105361 -0.1735489793908670 0.0188773026019897 -0.9845968438416689
1735977527.602630 -0.0037583581804869 0.0316122239533472 0.0823992402485138 0.0094734177987848 -0.1735943004962320 0.0188876671931867 -0.9845905388629493
1735977527.702448 -0.0035701055859911 0.0297655729742533 0.0817656902804891 0.0097072738932200 -0.1737046822077787 0.0187291956157898 -0.9845718203585974
1735977527.801420 -0.0010444860119245 0.0305472149758972 0.0796566259395381 0.0096986887167825 -0.1734412034694289 0.0188658169282589 -0.9846157450131906
1735977527.902643 -0.0024178265836627 0.0307677212374905 0.0799346703108514 0.0096202381437317 -0.1735265566225301 0.0188928340139006 -0.9846009577426323
1735977528.002548 -0.0018190864168426 0.0306530516787377 0.0775511729849741 0.0095304161848291 -0.1734371858032966 0.0188338200084252 -0.9846187084206084
1735977528.102381 -0.0001797233524096 0.0291563608181365 0.0767427109927995 0.0095827017691025 -0.1733739624733799 0.0187132696577805 -0.9846316339128044
1735977528.202402 -0.0017341412529335 0.0323441043291021 0.0801178210827707 0.0094661935309100 -0.1735400404069999 0.0188192516321644 -0.9846014835066913
1735977528.302346 -0.0029335129894587 0.0338924142397379 0.0779932013761696 0.0093569570574168 -0.1735016196087316 0.0187333357578986 -0.9846109371112809
1735977528.402407 -0.0032776720892496 0.0290306396668658 0.0781499537352975 0.0096163034442966 -0.1734495384123878 0.0187105361239536 -0.9846180478594485
1735977528.502520 -0.0048893650779247 0.0287830902039822 0.0804416884588879 0.0096734881333491 -0.1736052751107202 0.0187642095830866 -0.9845890190936456
1735977528.602551 -0.0024073124806366 0.0322238481331221 0.0838138311457109 0.0094187245232307 -0.1737391701480596 0.0189180669561412 -0.9845649268216200
1735977528.702366 -0.0046658288308598 0.0294334146862505 0.0840766805514880 0.0096620334721879 -0.1739119425125530 0.0189730781418143 -0.9845310069604297
1735977528.802398 -0.0052752539650964 0.0320240303063359 0.0861364127230743 0.0097347054475388 -0.1737249208581687 0.0189160609684585 -0.9845644062325787
1735977528.902287 -0.0022958085833174 0.0305146256583457 0.0876458681532292 0.0098712485673928 -0.1737778312659617 0.0189787100008282 -0.9845525036172139
1735977529.002554 -0.0042751203524566 0.0321405128493414 0.0861021113720504 0.0096727504589877 -0.1736328183775542 0.0189535373768035 -0.9845805430241508
1735977529.102419 -0.0030813511243200 0.0297803152246642 0.0878033985822095 0.0098146009576911 -0.1737571132104261 0.0189467749068641 -0.9845573416198008
1735977529.202518 -0.0034795015079480 0.0279088792381008 0.0886152628017385 0.0097803222341196 -0.1736925827875374 0.0188498465899110 -0.9845709295246982
1735977529.302494 -0.0054664573392894 0.0290471657565946 0.0907225818748904 0.0097892876717163 -0.1737708610804621 0.0188990100983195 -0.9845560853011568
1735977529.402393 -0.0008925671717621 0.0292681730000391 0.0903712976503277 0.0096554992254591 -0.1737699162281470 0.0188608177967339 -0.9845583055872356
1735977529.502379 0.0003715538497584 0.0296705483938013 0.0903457705515588 0.0095773814361168 -0.1736958207555673 0.0189604874157771 -0.9845702288480154
1735977529.601334 -0.0035537700855115 0.0286402847160127 0.0912945767505108 0.0094868842061180 -0.1738394201699820 0.0188001341156537 -0.9845488357518166
1735977529.702487 -0.0003482196699112 0.0297372312451576 0.0900873604323328 0.0096077044680945 -0.1737754137087603 0.0187303897926293 -0.9845602927720675
1735977529.802301 -0.0002082362095830 0.0311832223733608 0.0897327430490882 0.0096721158579218 -0.1737250736076020 0.0188460346899820 -0.9845663390301987
1735977529.902576 -0.0001776403552837 0.0314298954349638 0.0921921837269724 0.0097726232359683 -0.1738519586566498 0.0190042773491075 -0.9845399076465984
1735977530.002412 0.0017282701937255 0.0313809057191262 0.0906701735680369 0.0096415974041944 -0.1737646293668928 0.0190274799073101 -0.9845561681229055
1735977530.102523 -0.0009508806075082 0.0320857159157033 0.0905261378910218 0.0096504486341720 -0.1738425658102479 0.0189060179335390 -0.9845446631004433
1735977530.202472 -0.0016011403538733 0.0313466343320206 0.0885999594242722 0.0096716684639874 -0.1738030097590647 0.0190964732461432 -0.9845477628522512
1735977530.302387 0.0013636298259562 0.0332404471064878 0.0925058170289139 0.0098385986170038 -0.1738010083473936 0.0190459356797506 -0.9845474411163565
1735977530.402317 -0.0035927706900674 0.0322012577590641 0.0913340591536060 0.0098898265912103 -0.1738346045280728 0.0188916495948976 -0.9845439691421343
1735977530.502613 -0.0013554562281372 0.0312999971661714 0.0902946009848537 0.0098547815719657 -0.1737357218677316 0.0189590264095736 -0.9845604793738515
1735977530.602417 -0.0001030292719918 0.0336060002929701 0.0909107781730824 0.0097041780111340 -0.1737088087219664 0.0189176636352500 -0.9845675196268192
1735977530.702436 -0.0016893055860176 0.0299418362910190 0.0918969259516046 0.0096819940688319 -0.1739218511099222 0.0189582408700109 -0.9845293463378652
1735977530.802433 -0.0049319015600696 0.0332521026564842 0.0859190398051424 0.0096764656090738 -0.1736760717842402 0.0189575073906190 -0.9845728012780196
1735977530.902572 -0.0046952642620114 0.0334310394049319 0.0864277637962804 0.0095264356180598 -0.1738768887643016 0.0189006562146197 -0.9845399127372737
1735977531.002423 -0.0063778352064436 0.0324273389062249 0.0860491710791225 0.0095304644366185 -0.1737641219135228 0.0188598433518072 -0.9845605651720926
1735977531.101408 -0.0085696588276371 0.0308323267725377 0.0836284235931228 0.0097132662204237 -0.1736346838018539 0.0188678334157785 -0.9845814612831971
1735977531.202406 -0.0071090376930686 0.0307296346050641 0.0828025966039902 0.0099055625111722 -0.1736972893882603 0.0188815787838938 -0.9845682391145550
1735977531.302248 -0.0084978382357822 0.0297036989220538 0.0819653587615611 0.0098467792957225 -0.1736869086574873 0.0187884262386316 -0.9845724420975750
1735977531.402373 -0.0070743671592568 0.0267260258312694 0.0843941709053682 0.0098568506892656 -0.1737677831459045 0.0188930022859420 -0.9845560697591940
1735977531.502301 -0.0056539229594232 0.0294628380992948 0.0834276178936997 0.0097724736326078 -0.1736776655803053 0.0189562872672585 -0.9845715953706550
1735977531.602481 -0.0082908917910202 0.0275925958639450 0.0841407282007561 0.0098162050534018 -0.1735585459392395 0.0188623177600886 -0.9845939702326660
1735977531.702280 -0.0066355031646572 0.0278785522293287 0.0835813249256709 0.0097669191538625 -0.1736919113185860 0.0188699774424706 -0.9845707954149662
1735977531.802419 -0.0023505322281633 0.0273113082292400 0.0854839235699541 0.0098420195578057 -0.1738285518234896 0.0187911000327200 -0.9845474411025262
1735977531.902535 -0.0069477561506324 0.0269196303472446 0.0849399271852207 0.0099466140523344 -0.1737332566353291 0.0187545332942869 -0.9845639074680173
1735977532.002364 -0.0074933739905806 0.0269007724233153 0.0841952925233638 0.0099883029829581 -0.1737448310068737 0.0187280527252432 -0.9845619470317925
1735977532.101792 -0.0056729557969366 0.0280808338759323 0.0872345931328374 0.0096642983417719 -0.1737554392999898 0.0187078584306116 -0.9845636925482115
1735977532.201515 -0.0010196134897104 0.0286056736299086 0.0858410902160742 0.0097152202554455 -0.1736748247178130 0.0187579114749783 -0.9845764625013753
1735977532.303324 -0.0038283346353657 0.0284779917528864 0.0854561182950559 0.0099747050554752 -0.1738326238501403 0.0189585536605927 -0.9845421765407160
1735977532.402426 -0.0013537390025074 0.0304642087290812 0.0875295598739814 0.0098459659778509 -0.1738764245229726 0.0189346236743040 -0.9845361984078507
1735977532.502528 -0.0028153110775479 0.0271939684753471 0.0854258772433353 0.0098418856276698 -0.1738191874589554 0.0187642022009126 -0.9845496087420702
1735977532.602374 -0.0024508913661188 0.0260169383268537 0.0896028575388347 0.0097971049554692 -0.1738260800930805 0.0188226646383960 -0.9845477225152044
1735977532.702497 -0.0006528335992667 0.0268326570470372 0.0869699814722563 0.0098739971151828 -0.1737600815820663 0.0187791123269112 -0.9845594360777699
1735977532.802385 -0.0003758059817522 0.0260375077474025 0.0880447240746357 0.0098001399725104 -0.1736958551623661 0.0187515544125417 -0.9845720320845230
1735977532.902605 -0.0016262693224773 0.0253172632134814 0.0885720341037388 0.0097573739685246 -0.1738152509470212 0.0187734662348289 -0.9845509682880781
1735977533.002566 0.0028749180291228 0.0256080171945803 0.0888341021838035 0.0098108028578852 -0.1738257513654047 0.0187763890737823 -0.9845485277643181
1735977533.102574 -0.0005207279970521 0.0297399250578432 0.0885691877106992 0.0096781848224991 -0.1738811655537242 0.0187211943116421 -0.9845411062458315
1735977533.202344 -0.0008892080301152 0.0285484076487463 0.0872844286280880 0.0098143525735103 -0.1736568543609822 0.0187832282620910 -0.9845781664007515
1735977533.302472 -0.0013117406366194 0.0292506137895062 0.0885836144267921 0.0097150741930662 -0.1737668222680721 0.0188360401522873 -0.9845587399457997
1735977533.402341 0.0001879856878623 0.0303985706889854 0.0901542632387292 0.0096318409445072 -0.1737560873106929 0.0188742622709036 -0.9845607203145105
1735977533.502406 0.0005335981202582 0.0319986061315447 0.0898405066640935 0.0095390262753220 -0.1738032444228839 0.0188382868559438 -0.9845539894562061
1735977533.602376 -0.0014716704642780 0.0360107269772220 0.0882736585286060 0.0094470918042212 -0.1737202072197776 0.0188927833383823 -0.9845684865958737
1735977533.702284 0.0017687647754576 0.0352260504958323 0.0892783145587613 0.0096063178831584 -0.1737831404924144 0.0190088939525962 -0.9845536047813853
1735977533.802309 0.0016367185652925 0.0359407451979477 0.0892064136155370 0.0096340659236196 -0.1737718724645105 0.0190458691185938 -0.9845546079235395
1735977533.902315 -0.0003771707728357 0.0370678654958675 0.0856104922844605 0.0094637155981661 -0.1737007349349778 0.0188686116726198 -0.9845722260269550
1735977534.002433 0.0019622942881161 0.0382099789559025 0.0877182750357095 0.0093529640857712 -0.1736611902510223 0.0189098437584597 -0.9845794690488113
1735977534.102618 0.0020662760991645 0.0367471661135900 0.0856004748844950 0.0095125294338738 -0.1736388226444003 0.0190293603125466 -0.9845795826140880
1735977534.202477 -0.0017392714957342 0.0389941432703370 0.0848715051164777 0.0094681005752536 -0.1737664767925342 0.0188476052969018 -0.9845609856119523
1735977534.302471 0.0016375379862590 0.0394963300039194 0.0854056441947089 0.0093965451413154 -0.1735968058571604 0.0189187986000944 -0.9845902360856152
1735977534.402464 0.0009602557720463 0.0388788457237848 0.0809584434057161 0.0093396584267536 -0.1735165357328342 0.0189979764138330 -0.9846034021370874
1735977534.502379 0.0006642948655838 0.0371270480370000 0.0839450196440938 0.0094570196299736 -0.1734593091437555 0.0189758821683690 -0.9846127912773739
1735977534.601680 0.0040826682821546 0.0361029273594213 0.0831656439676497 0.0094340224308256 -0.1734518965434820 0.0189036702836166 -0.9846157067892286
1735977534.698418 0.0047600464626786 0.0319595541872337 0.0800408244561060 0.0096127490968953 -0.1733875223460933 0.0189713102908754 -0.9846240153151510
1735977534.815633 0.0030120063522054 0.0318933666943180 0.0815851893378121 0.0097975265572121 -0.1734941301696700 0.0189638293385206 -0.9846035590260935
1735977534.902355 0.0010939597133315 0.0330503515673051 0.0806094504145415 0.0095957949814662 -0.1735199214202092 0.0189750973077945 -0.9846007837043184
1735977535.002400 0.0030173045208116 0.0298176896047866 0.0844516445666918 0.0096530113137140 -0.1736289888888174 0.0188555033468476 -0.9845832943857828
1735977535.102280 0.0018155260597543 0.0314614824019089 0.0815421552594537 0.0096187711694054 -0.1736095209501204 0.0189087263964283 -0.9845860417163781
1735977535.201314 0.0012550845713077 0.0295312353270724 0.0847560614910563 0.0097958199899263 -0.1736206913777046 0.0187915283469247 -0.9845845702115384
1735977535.302372 -0.0008626107219857 0.0287299785429066 0.0827755444809450 0.0098975055152479 -0.1736068056095925 0.0188378927758375 -0.9845851157855146
1735977535.402370 -0.0003082957952500 0.0305292573958185 0.0831176550976399 0.0099880725026480 -0.1737683225939741 0.0188420706127000 -0.9845556281112737
1735977535.502473 -0.0018873754401411 0.0313705689340274 0.0842718519442299 0.0098699182912003 -0.1735862441254308 0.0189177550670123 -0.9845874867712751
1735977535.608063 0.0007583537372080 0.0299706786418540 0.0828955952584886 0.0095264008202810 -0.1735907269863716 0.0188568921614042 -0.9845912475793027
1735977535.704640 -0.0012510739371590 0.0313985814206235 0.0841294910436878 0.0093602510014817 -0.1735813181786257 0.0189077331246380 -0.9845935249170835
1735977535.802419 -0.0009104033652722 0.0306340901226597 0.0825148254077833 0.0094733428716120 -0.1736489587091271 0.0188206595748287 -0.9845821843235033
1735977535.902567 -0.0023600689673180 0.0292470104562770 0.0844372295445557 0.0096228651752423 -0.1736052745224590 0.0188814913678938 -0.9845872731289619
1735977536.002378 -0.0022582807891761 0.0291245032848361 0.0845950420543819 0.0098532655399605 -0.1736333127573053 0.0189438585590859 -0.9845788521403536
1735977536.101439 -0.0011167308636111 0.0304021795945019 0.0833714551715359 0.0097586146542107 -0.1734900020540323 0.0189450975610914 -0.9846050334554071
1735977536.202454 -0.0051500645178633 0.0296888529318138 0.0822768266425948 0.0098460558227402 -0.1734236827065140 0.0190215597497156 -0.9846143720898726
1735977536.302474 -0.0029106446257879 0.0277792948085973 0.0834688045853185 0.0099166977448671 -0.1735007008538731 0.0188598865709355 -0.9846032046401145
1735977536.402297 -0.0008765929068088 0.0287180044904292 0.0824218438329487 0.0099614557723883 -0.1735427510947266 0.0189712544483692 -0.9845932025186971
1735977536.502527 -0.0016664419460500 0.0282553302519149 0.0804343540887527 0.0099919125763389 -0.1734911329012575 0.0188984460280401 -0.9846033908256817
1735977536.602631 -0.0014678177991826 0.0306408656398490 0.0816641384081553 0.0097890090209430 -0.1733977752007097 0.0188349511375821 -0.9846230910726587
1735977536.702173 -0.0017872294467968 0.0283885774893002 0.0815235592342909 0.0098694031300033 -0.1735055574711631 0.0188302781570781 -0.9846033907279650
1735977536.802373 -0.0040113764015346 0.0283799551265474 0.0819449883514928 0.0099878781770410 -0.1734729973247755 0.0189377352430505 -0.9846058722517063
1735977536.902414 0.0003809853175825 0.0296563805044314 0.0810223168772002 0.0097371379459519 -0.1735343186678026 0.0188722756893424 -0.9845988348558151
1735977537.002663 -0.0008425667654442 0.0296295054698116 0.0835052277782547 0.0096982902926634 -0.1735371989623299 0.0189262100506536 -0.9845976753551811
1735977537.102502 -0.0016144378677323 0.0305641112920849 0.0828896378871291 0.0097679392983568 -0.1735661209246146 0.0189756313992406 -0.9845909376192968
1735977537.202417 0.0014277687555899 0.0300905730071462 0.0832986752357158 0.0098346071661518 -0.1735920217587960 0.0189570084621585 -0.9845860664836503
1735977537.302468 0.0000451905477892 0.0285278623352957 0.0845293131785318 0.0096912698351304 -0.1735108577889089 0.0188488120511330 -0.9846038715151393
1735977537.402546 0.0000406228317123 0.0281293522989852 0.0833894185062923 0.0096693042118623 -0.1736129206071329 0.0187903265919893 -0.9845872140043697
1735977537.502448 -0.0009985212402801 0.0304466224850396 0.0848468823933299 0.0097511575013521 -0.1737890986632940 0.0187692748799373 -0.9845557264236824
1735977537.602502 0.0001705613160099 0.0302436585095532 0.0827775345643794 0.0097958116557841 -0.1735258062393693 0.0189126803098367 -0.9845989778414761
1735977537.702415 0.0009875558487071 0.0289362997528050 0.0825479572485478 0.0098013324153238 -0.1734237783360512 0.0187924125259536 -0.9846192016317714
1735977537.802383 -0.0026700657488813 0.0314073507697745 0.0816371498159097 0.0095856820654851 -0.1735336339451003 0.0188504404559079 -0.9846008599852865
1735977537.902658 -0.0019857112977386 0.0325243097309639 0.0860850216299393 0.0093878670721193 -0.1737220951079133 0.0188144370997926 -0.9845702202381358
1735977538.002487 -0.0006976489397819 0.0323575945196563 0.0868140885406736 0.0095438820716956 -0.1736156886306776 0.0189316958989193 -0.9845852415442189
1735977538.102369 -0.0034209681092807 0.0320096311434991 0.0830385618717714 0.0096387851608821 -0.1735704900839653 0.0188856206875556 -0.9845931708700200
1735977538.201404 -0.0024828423123486 0.0328403885598792 0.0859434684874909 0.0094269855005013 -0.1736230678893095 0.0189327625748054 -0.9845850459672663
1735977538.302522 -0.0012021549905743 0.0313064843943551 0.0848656106075329 0.0094265581562864 -0.1736769363901715 0.0186958468089377 -0.9845800765197046
1735977538.402531 -0.0048293797725052 0.0301074768224080 0.0853508672821589 0.0093992885163851 -0.1737835672559153 0.0188001181105732 -0.9845595363847851
1735977538.502437 -0.0025140599398833 0.0322464389868682 0.0855825877073004 0.0094316488464040 -0.1737106494514736 0.0188900823280729 -0.9845703728311268
1735977538.602606 -0.0022914229703692 0.0313947378602415 0.0860017678058520 0.0094264926302684 -0.1735762975974675 0.0188282729839704 -0.9845953007634599
1735977538.702352 -0.0010669531115774 0.0308953726430860 0.0864483236892855 0.0094942279687183 -0.1736629241918426 0.0189257630997801 -0.9845775052719351
1735977538.802429 -0.0028425044189165 0.0319982653086071 0.0867869539675251 0.0095325929707751 -0.1735889832453339 0.0188668204571875 -0.9845913048838797
1735977538.902424 0.0006365172256034 0.0326617173867292 0.0870604370633772 0.0095485799484186 -0.1735233022280218 0.0188427024972949 -0.9846031894968906
1735977539.002372 -0.0000975837757525 0.0283904400376438 0.0859141240314579 0.0098554341555486 -0.1735419432820734 0.0188331573079538 -0.9845970630289841
1735977539.102451 0.0003843976535896 0.0302801638260582 0.0871656940899524 0.0097058939348361 -0.1738313185753169 0.0188264105084870 -0.9845476294078710
1735977539.202459 0.0009586255976587 0.0297632919073905 0.0883185259193836 0.0098671247792611 -0.1736932887698359 0.0189611631097065 -0.9845678014125976
1735977539.302413 0.0011586869796875 0.0299332350200473 0.0914862153315394 0.0097692752427037 -0.1738778869888746 0.0188759334927545 -0.9845378310721704
1735977539.402550 0.0006330589838637 0.0285500680680595 0.0911503039660245 0.0098736475938882 -0.1737692286815206 0.0189146493073670 -0.9845552306946525
1735977539.502926 -0.0012482903967518 0.0306816100594078 0.0925500846559153 0.0097677368629844 -0.1738536606718268 0.0189312031140959 -0.9845410634078366
1735977539.603040 0.0009960507359909 0.0294300165679625 0.0959942725502221 0.0098650439421275 -0.1738926685403895 0.0188944810232206 -0.9845339096866016
1735977539.701308 -0.0031830573927179 0.0288265150322188 0.0937150199251935 0.0098883099151960 -0.1738693591234448 0.0190106557070461 -0.9845355566228229
1735977539.802390 -0.0034205020632461 0.0251491675463871 0.0888479320776027 0.0098133482272807 -0.1735986584388537 0.0186890598290774 -0.9845902310238028
1735977539.902356 -0.0001506196682071 0.0278987329387003 0.0912875819631946 0.0096421086940136 -0.1736714572808065 0.0187533495755580 -0.9845778621041562
1735977540.002397 0.0008248011748607 0.0291231906070129 0.0893368851525319 0.0097508345965051 -0.1737989398227892 0.0188318976886403 -0.9845527966394645
1735977540.102401 -0.0021020121968244 0.0276348916664446 0.0875779577130361 0.0097999113807211 -0.1736670800910113 0.0188524363832452 -0.9845751838595201
1735977540.202625 -0.0021547632797040 0.0280259387925052 0.0894785625236637 0.0096867231045008 -0.1738446591459958 0.0187765917355163 -0.9845464140835145
1735977540.302374 -0.0001255247209827 0.0293370736372922 0.0880261032186222 0.0096516016914285 -0.1737346202401306 0.0187533519387361 -0.9845666255291562
1735977540.402385 0.0018212505430776 0.0312339463404327 0.0873736071345427 0.0095937395398288 -0.1736832682983851 0.0187962322145049 -0.9845754334378711
1735977540.501702 0.0011735306264674 0.0322438041020277 0.0854610295497122 0.0097176807024385 -0.1735958421112604 0.0189234906950585 -0.9845871986692503
1735977540.602583 -0.0013377742515071 0.0283093311025239 0.0855491555341361 0.0096136879064797 -0.1735679006366822 0.0188382245277323 -0.9845947806940957
1735977540.701406 0.0007303160144993 0.0311817065482361 0.0834550477440232 0.0097602278361423 -0.1735830063216771 0.0188107583116699 -0.9845912010782216
1735977540.802384 -0.0002259527714071 0.0271795361875292 0.0852853448561352 0.0097536788934260 -0.1737113437440821 0.0187377087073672 -0.9845700244650286
1735977540.902145 0.0018061102872530 0.0300613617080985 0.0848256200611288 0.0097746852586737 -0.1735326086904710 0.0188600361048582 -0.9845989987234891
1735977541.002291 -0.0007861404930205 0.0323756353653386 0.0820901410176118 0.0098061845964566 -0.1734847625317864 0.0188335535993723 -0.9846076239658971
1735977541.102440 -0.0018048546262783 0.0291573410374919 0.0843188551241314 0.0098573450024103 -0.1735254997222228 0.0187796038739995 -0.9846009649467097
1735977541.202274 -0.0025271667400641 0.0280488040047458 0.0847623521323350 0.0099013109413545 -0.1735403334403256 0.0189117053489995 -0.9845953809112939
1735977541.302430 -0.0031929055496314 0.0288590865262597 0.0830097846837667 0.0098607257883002 -0.1735861264397067 0.0189157852139975 -0.9845876374728275
1735977541.402379 -0.0055241952135523 0.0295483792016244 0.0824429042095432 0.0099142788863826 -0.1735922415226103 0.0189922212452509 -0.9845845500968875
1735977541.502408 -0.0031959264684167 0.0279029437095867 0.0835899950873869 0.0098661582667616 -0.1736163952414550 0.0189749643229660 -0.9845811073514260
1735977541.602458 -0.0024925661371551 0.0262931608004499 0.0857200201223801 0.0098348329124969 -0.1736032582577267 0.0188852767231744 -0.9845854615557622
1735977541.702418 -0.0056498706895194 0.0261970142241644 0.0861904032396571 0.0097999813931281 -0.1737320915501024 0.0188331089635935 -0.9845640836111617
1735977541.802346 -0.0045782505850419 0.0262515168249624 0.0872318926413003 0.0098016260583855 -0.1736710046808887 0.0187260610776726 -0.9845768862289312
1735977541.902442 -0.0047154989106695 0.0242898130818200 0.0874585040927218 0.0097928862271746 -0.1737451299558971 0.0186516338611345 -0.9845653080168224
1735977542.002285 -0.0047581479170309 0.0241401004412649 0.0897871410894160 0.0096461688624505 -0.1738009614969595 0.0186983829419647 -0.9845560155137774
1735977542.102520 -0.0003106875782118 0.0237042290469866 0.0877126375277856 0.0096121958923490 -0.1737454328447471 0.0185735876415221 -0.9845685106166261
1735977542.202298 -0.0011891736594702 0.0256341094023614 0.0891222373631634 0.0096398525177918 -0.1737355529855185 0.0187194170232393 -0.9845672218282312
1735977542.302354 0.0011637267613636 0.0257827394258159 0.0885605683033915 0.0096507868318983 -0.1735687620852189 0.0188121597486415 -0.9845947642493948
1735977542.402530 0.0032813224342444 0.0259328511634690 0.0913700696828906 0.0097934314193330 -0.1735207721080758 0.0186824636385982 -0.9846042839133112
1735977542.502452 0.0037363809069598 0.0242678630979292 0.0920367577576292 0.0099250681542766 -0.1735376643329076 0.0187632907000538 -0.9845984516553525
1735977542.602416 0.0022636104619946 0.0275925484567474 0.0913710883357266 0.0097350897406156 -0.1735712655303359 0.0186630222473670 -0.9845963311990016
1735977542.702293 0.0056051253543172 0.0241905545546149 0.0912362698395792 0.0095372122634992 -0.1742585330673762 0.0185775197325762 -0.9844784817333657
1735977542.802515 0.0069137512667004 0.0274420361360149 0.0883325788749538 0.0096238884640975 -0.1739387395480103 0.0186930238064096 -0.9845320038049821
1735977542.902586 0.0043565537131140 0.0251312699829828 0.0889152866323874 0.0098069112186379 -0.1739468662498617 0.0189523165338478 -0.9845238046447651
1735977543.002434 0.0068797688255248 0.0256156448112469 0.0877147451686904 0.0100098241892307 -0.1733294351654404 0.0187999544520798 -0.9846335724712671
1735977543.102591 0.0072002293064854 0.0278105988493564 0.0867737131056013 0.0099492295243022 -0.1733763792151162 0.0188945152627093 -0.9846241116563804
1735977543.202612 0.0047580277327330 0.0263591109610544 0.0848676772215176 0.0100699162046174 -0.1734343396891706 0.0188882421683512 -0.9846127974549200
1735977543.302680 0.0031016888972653 0.0281986438508185 0.0850823906434951 0.0103793763099640 -0.1728213433732390 0.0189445040240456 -0.9847162827887879
1735977543.402361 0.0038516190866536 0.0279557122580087 0.0863192360446952 0.0106179353125811 -0.1724821843017813 0.0189503708987786 -0.9847730901029855
1735977543.502630 -0.0015157316935778 0.0274016475949170 0.0880508506961970 0.0107820682155773 -0.1726160630814394 0.0190576133955576 -0.9847457789414102
1735977543.602289 0.0011857395132029 0.0280346527538713 0.0853975492882220 0.0109809304986863 -0.1720167993595268 0.0190323877365036 -0.9848489265468765
1735977543.702347 -0.0022538344453158 0.0272516767857574 0.0860383717973037 0.0113609267956923 -0.1716331247304134 0.0191019642483769 -0.9849102064652754
1735977543.802606 -0.0011713189124177 0.0314260410895993 0.0830063880959678 0.0113348693191766 -0.1714847329898353 0.0192794651623247 -0.9849328958421365
1735977543.902509 -0.0042055222185624 0.0309253873099638 0.0864821064593524 0.0116723269464467 -0.1717641246171010 0.0193436928200784 -0.9848790097399064
1735977544.002397 -0.0038102072365561 0.0291564724388970 0.0841528085454972 0.0112911807557197 -0.1710458940772385 0.0192194412458430 -0.9850108752875054
1735977544.102393 0.0001764654649682 0.0298023421713583 0.0817041058780893 0.0108791612401368 -0.1715340231972596 0.0191359439664365 -0.9849322506573671
1735977544.202423 -0.0015489527294944 0.0279124153042326 0.0815667454106404 0.0102267452194375 -0.1728853587752885 0.0187801479982888 -0.9847097909762648
1735977544.302367 0.0006953708193073 0.0248487351149160 0.0816111628004053 0.0101383706874144 -0.1734652830432446 0.0189188030799237 -0.9846060572170753
1735977544.402313 -0.0000939784958311 0.0263349591944079 0.0788846327934829 0.0103810684522209 -0.1728584684203674 0.0189998364301222 -0.9847086825700198
1735977544.502606 -0.0004410090883766 0.0292011215235048 0.0801317303428044 0.0104036048311427 -0.1724122204827480 0.0189538303117436 -0.9847875626505643
1735977544.602579 0.0003708232220351 0.0278035824054923 0.0831906208214505 0.0102946392583759 -0.1729445765903444 0.0189339414405390 -0.9846957396536519
1735977544.702303 0.0002154417098581 0.0303318544747476 0.0810010050557592 0.0099263457729326 -0.1733599702265821 0.0188597636588397 -0.9846278980901199
1735977544.802481 0.0004672503289756 0.0293382833967729 0.0836497654802485 0.0101784834030081 -0.1729638605896414 0.0189477404479018 -0.9846932946544628
1735977544.902430 -0.0004619685087093 0.0318784240999457 0.0854671040957437 0.0100401534405406 -0.1729801590556571 0.0188312072899450 -0.9846940872798887
1735977545.001397 -0.0007253763771687 0.0325295362826830 0.0814181846063396 0.0099099324488514 -0.1731182514176684 0.0189105433022798 -0.9846696174945996
1735977545.102443 0.0004196477194811 0.0321304703591443 0.0857723970225236 0.0100790675309589 -0.1732698606106933 0.0189231074054500 -0.9846409923458292
1735977545.202381 -0.0001037069003262 0.0310419882597817 0.0824013491116254 0.0100834962598889 -0.1730263267736691 0.0188234202080628 -0.9846856819300558
1735977545.302392 0.0023775777542129 0.0310476780594019 0.0820111792680700 0.0101225220839758 -0.1731340129825567 0.0189059620671490 -0.9846647717337770
1735977545.401413 0.0007645488378902 0.0280627204160297 0.0834310585092743 0.0100900653877149 -0.1732158089167301 0.0188426639814877 -0.9846519324796327
1735977545.502450 0.0005029024113305 0.0267438798962515 0.0840783926033761 0.0102948660251993 -0.1730950664785555 0.0187369658002276 -0.9846730623952851
1735977545.602553 0.0052812639583407 0.0295315660065188 0.0829291573262460 0.0099103409014731 -0.1729423159886273 0.0187762506744313 -0.9847030988548362
1735977545.702612 0.0058701106572284 0.0249980256754426 0.0823501405267359 0.0098483355913566 -0.1730799849434266 0.0186490055337200 -0.9846819505254814
1735977545.802710 0.0064947762595105 0.0243053269504028 0.0837018388367207 0.0099489200643706 -0.1729955473994029 0.0186464338838619 -0.9846958261681362
1735977545.902263 0.0070991433871965 0.0233355671789205 0.0858519729212944 0.0098135192503057 -0.1730336898778319 0.0186448824485359 -0.9846905124787516
1735977546.002388 0.0080507418666819 0.0230757868474466 0.0835618500678997 0.0098887097333829 -0.1730022275082598 0.0186355119580482 -0.9846954658121723
1735977546.102117 0.0069556133069379 0.0259287086338962 0.0867957695402416 0.0099596677062497 -0.1731389146286501 0.0187234490908557 -0.9846690579654347
1735977546.202347 0.0065881595598156 0.0250284658704362 0.0854928659414065 0.0101836354955698 -0.1730608213381847 0.0187529058718831 -0.9846799349063667
1735977546.302318 0.0079868062467111 0.0239184052547028 0.0856677264069572 0.0102598945397804 -0.1730671482003549 0.0189329040731787 -0.9846745868159616
1735977546.402479 0.0075328465713570 0.0237999446761592 0.0838463021504914 0.0101887156270106 -0.1731279053734438 0.0188010486467105 -0.9846671717004990
1735977546.502525 0.0058565492289730 0.0260956845863572 0.0852255921159213 0.0102672404533590 -0.1730932303567097 0.0189017064126302 -0.9846705250350712
1735977546.602444 0.0065138605178680 0.0244752700946222 0.0838994377612104 0.0102446913638426 -0.1730827739212941 0.0187973793640559 -0.9846745950818542
1735977546.702582 0.0055068618106925 0.0264600185505805 0.0830038890566479 0.0101623068599711 -0.1730158409811879 0.0187647715709166 -0.9846878335984189
1735977546.802500 0.0026915588110565 0.0276237561342969 0.0862702336299756 0.0101538674628898 -0.1732029322605188 0.0189007661234508 -0.9846524281551591
1735977546.902716 0.0014194106741360 0.0271123217763719 0.0851400312552140 0.0100466951891468 -0.1729727353444973 0.0187371425967884 -0.9846971190323077
1735977547.002512 0.0030467856666413 0.0276801528432151 0.0841955046324739 0.0101468189979089 -0.1729654761320517 0.0188033730183248 -0.9846961050465114
1735977547.102367 0.0022754339063860 0.0273591788928426 0.0840407521742733 0.0102909236381853 -0.1729003760315312 0.0188301480552858 -0.9847055307974280
1735977547.202475 0.0010790085481989 0.0264570195615072 0.0833543971495250 0.0101713472872093 -0.1730118626841669 0.0187848760124814 -0.9846880559335093
1735977547.302553 0.0025452707458814 0.0279871875653720 0.0834012897987332 0.0100954443477436 -0.1729638619970653 0.0189417340467287 -0.9846942648141020
1735977547.402435 0.0046537164417905 0.0258004326076465 0.0841385756280498 0.0102127939990315 -0.1730563361789729 0.0190045112052702 -0.9846755972912564
1735977547.502604 0.0037082686515089 0.0267732754924417 0.0833242586691344 0.0102671026888356 -0.1729825035339599 0.0187860497572644 -0.9846921977999106
1735977547.602505 0.0049461041976809 0.0260082947346643 0.0800814876397945 0.0102788539977658 -0.1729180701694367 0.0187373859995759 -0.9847043193442758
1735977547.702440 0.0013301116331520 0.0277969068657273 0.0814140906030456 0.0100936872669447 -0.1728803451578503 0.0188586241772003 -0.9847105442867984
1735977547.802307 0.0050066469591831 0.0248745969627267 0.0817743879010695 0.0103766312272764 -0.1730481478871012 0.0189548502805070 -0.9846762806567753
1735977547.902601 0.0058906361806277 0.0242144412862031 0.0808331318972995 0.0103672252250405 -0.1730705892698897 0.0189256403374372 -0.9846729974507904
1735977548.002547 0.0083082666227201 0.0250064966906462 0.0778012293801007 0.0104694419676049 -0.1729963459226085 0.0189313995815747 -0.9846848517125645
1735977548.102556 0.0062542637596158 0.0252272989775030 0.0814333200802122 0.0104180775901140 -0.1731069522374389 0.0188627609513497 -0.9846672752740814
1735977548.202348 0.0087957915886085 0.0273136211694658 0.0795279431849562 0.0101556885356571 -0.1728977270906907 0.0187152318810047 -0.9847095907184412
1735977548.302538 0.0071579657695999 0.0265554733379033 0.0770224410736966 0.0100757400424260 -0.1728104372492793 0.0187413109604646 -0.9847252385837350
1735977548.402673 0.0092976298142863 0.0267281189708074 0.0815087211230846 0.0099947855518715 -0.1729237907271315 0.0187377101080875 -0.9847062328848319
1735977548.502712 0.0075292867984880 0.0274169407329085 0.0768198580110877 0.0101364372924851 -0.1728530587366574 0.0188116557701695 -0.9847157936844427
1735977548.602459 0.0059139839337337 0.0269909699077107 0.0778922087865386 0.0099169201884929 -0.1730145815654395 0.0188251190353205 -0.9846894049155892
1735977548.701587 0.0093615842500901 0.0262376505190309 0.0813663607230163 0.0101650155900377 -0.1730524280360891 0.0189041591922142 -0.9846787102268963
1735977548.802621 0.0079696716500124 0.0260579281629570 0.0788189129791581 0.0101145089039681 -0.1728525025404140 0.0187239969803672 -0.9847177874966141
1735977548.902716 0.0055466438826078 0.0267400654619941 0.0804103793030721 0.0100992405718353 -0.1729745941630614 0.0186956917136213 -0.9846970428641216
1735977549.002491 0.0029544409955545 0.0275225888010122 0.0824193878463001 0.0100422193380325 -0.1731750760529464 0.0188980826284091 -0.9846585242294877
1735977549.102576 0.0066360546999057 0.0258308462652505 0.0814219039959820 0.0099816555764612 -0.1728372963382397 0.0186767023234311 -0.9847227103793039
1735977549.201446 0.0044525175056433 0.0267266284077505 0.0811447463000482 0.0101453615859468 -0.1730489935617008 0.0188466477956003 -0.9846806189483174
1735977549.302522 0.0036981525571405 0.0301922882143290 0.0833980686936412 0.0101147138415003 -0.1729974154470611 0.0189036609589002 -0.9846889043829490
1735977549.402525 0.0020921980967822 0.0284475625277546 0.0807323543232722 0.0101008782672237 -0.1730201126651998 0.0188114766026760 -0.9846868239291005
1735977549.501469 0.0028496498063589 0.0279188234740766 0.0817450133010262 0.0100153407482267 -0.1730441876800592 0.0187702968515491 -0.9846842529541894
1735977549.600264 0.0006266960746821 0.0288934065809385 0.0824778460611814 0.0098608667058221 -0.1731204321797931 0.0187384697679261 -0.9846730162954850
1735977549.701844 0.0046444614079690 0.0304949705692737 0.0843935500220717 0.0097330720272500 -0.1730772623639902 0.0188291058992934 -0.9846801477294707
1735977549.801795 0.0046176513878976 0.0297125670403531 0.0851948029878222 0.0097323626794602 -0.1729837320151523 0.0187650998214464 -0.9846978118201931
1735977549.902596 0.0025894651806414 0.0278936737394938 0.0834809939326580 0.0097695607406614 -0.1729663312384309 0.0187099441671359 -0.9847015496738667
1735977550.002530 0.0028987862012655 0.0262216888946148 0.0813818015308824 0.0098739705073913 -0.1729876624970502 0.0187595094224123 -0.9846958180760476
1735977550.102665 0.0003449069232680 0.0287011788200914 0.0841957085396659 0.0099718129900719 -0.1730767733710144 0.0188288232785201 -0.9846778503039032
1735977550.202640 0.0025832169579489 0.0270416522085659 0.0852416601345735 0.0102034168096617 -0.1732023980247057 0.0187135856377302 -0.9846555851243008
1735977550.302515 0.0037407760507866 0.0269102834227266 0.0835494325550735 0.0100526190492378 -0.1730435296955685 0.0187933735613491 -0.9846835485530027
1735977550.402562 0.0038810118252011 0.0252149051603764 0.0837606939420935 0.0101337533792435 -0.1730647731342580 0.0187601497360404 -0.9846796169944403
1735977550.502443 0.0048092373251271 0.0271082118551636 0.0819183470318565 0.0101403665402617 -0.1729134716728059 0.0188712563155143 -0.9847040062706971
1735977550.602435 0.0061436381548873 0.0238703191149813 0.0812562578115469 0.0101630224916934 -0.1730320390683764 0.0187450194017612 -0.9846853561809989
1735977550.702564 0.0048710809062836 0.0245474074446247 0.0801365974063021 0.0102546776800542 -0.1729381901917597 0.0187105577924820 -0.9847015481789246
1735977550.802746 0.0068958734071811 0.0233116974897882 0.0792875143682008 0.0103638809490713 -0.1730374675120339 0.0187054207017247 -0.9846830617234495
1735977550.903204 0.0072803593094135 0.0216772528838515 0.0832776014079598 0.0104762589118362 -0.1730717422787978 0.0189255493087567 -0.9846716425322481
1735977551.002282 0.0059613042662769 0.0221141300091958 0.0806936887922511 0.0104036677237988 -0.1730053265196436 0.0188174027136242 -0.9846861561171852
1735977551.102501 0.0056080357732651 0.0239673765986477 0.0816790962338516 0.0102656773226412 -0.1729327158523885 0.0187978692852506 -0.9847007320843014
1735977551.202632 0.0047204598862458 0.0267712368578990 0.0829547326635942 0.0103322389078377 -0.1729779651115751 0.0188952910624866 -0.9846902235732181
1735977551.302354 0.0030182668800528 0.0261635183209948 0.0826096054303240 0.0101565962159885 -0.1728948860626567 0.0188724721520661 -0.9847070791466648
1735977551.402314 0.0025508701621498 0.0270401731544055 0.0820645514847065 0.0099674562675819 -0.1729404074851066 0.0187657858198535 -0.9847030570466422
1735977551.502689 0.0035679914264590 0.0255642385997689 0.0817327521476248 0.0099341295498646 -0.1730037186517417 0.0187453187922458 -0.9846926624211906
1735977551.602474 0.0042281636781220 0.0283453460880970 0.0838437126218506 0.0099839011270306 -0.1728844169032581 0.0187484734871449 -0.9847130520370938
1735977551.702666 0.0062121164983279 0.0291217245503099 0.0823568931069403 0.0100951461614856 -0.1729082774318486 0.0187130129197972 -0.9847084029127571
1735977551.802434 0.0034933247066683 0.0295131773332566 0.0859365179823878 0.0100240831080572 -0.1730781250441075 0.0187568178913501 -0.9846784562341403
1735977551.902824 0.0022805768366522 0.0284141198969998 0.0876022233999148 0.0100329387820765 -0.1733044828324606 0.0187711017478075 -0.9846382798310971
1735977552.002407 0.0030375922959664 0.0293046938100339 0.0826989072675315 0.0101313482086036 -0.1731178323278696 0.0187156242262465 -0.9846711620248649
1735977552.102756 -0.0008170414878507 0.0272083932534519 0.0865029896114183 0.0099641034221707 -0.1732555092689315 0.0187743724630193 -0.9846475349532824
1735977552.202549 -0.0017449048910501 0.0278364113897114 0.0864186452129050 0.0099360682184444 -0.1731630977858482 0.0187654211739645 -0.9846642448478218
1735977552.302359 0.0001936638555573 0.0247449257721288 0.0856731359627154 0.0101223677733921 -0.1731616750787168 0.0187007465999224 -0.9846638279286990
1735977552.402593 0.0020032854980899 0.0249795320238147 0.0869379929046497 0.0101128542009170 -0.1732011589687618 0.0187969928577884 -0.9846551486542346
1735977552.502440 0.0024635413367654 0.0242778741365470 0.0846322881269546 0.0101650081000957 -0.1731664646777638 0.0188444499942023 -0.9846598066468165
1735977552.602379 0.0023900808400814 0.0211948524888117 0.0858324167702607 0.0102979840813238 -0.1732262080564398 0.0188541846408421 -0.9846477299459828
1735977552.702535 -0.0011288201533082 0.0196385400750765 0.0863042833739265 0.0101764739531644 -0.1732011491163721 0.0185677812864369 -0.9846588438747442
1735977552.802520 0.0001386597724451 0.0193706573542110 0.0868386122731449 0.0101045107157196 -0.1732875150786843 0.0186105227261341 -0.9846435824321971
1735977552.902540 0.0072510949026446 0.0210346070081726 0.0867424550038939 0.0102950503246703 -0.1731225979953322 0.0189003792916071 -0.9846650972106163
1735977553.002511 0.0075457424964419 0.0219386663249177 0.0881556081379072 0.0102586410775094 -0.1731738737446510 0.0188544616194782 -0.9846573409123370
1735977553.102427 0.0087845165807438 0.0226983968487365 0.0852522981530948 0.0102980804761940 -0.1730635780422155 0.0188282769825347 -0.9846768218454219
1735977553.202446 0.0046036118712934 0.0243116293824697 0.0868259070326749 0.0102294721067630 -0.1731130307848092 0.0189681795290192 -0.9846661589789047
1735977553.302673 0.0092623450212782 0.0241928316656888 0.0868103288013319 0.0103337848422182 -0.1731311823511730 0.0189068360185165 -0.9846630581779174
1735977553.402418 0.0119003033664386 0.0237579421307320 0.0835521486931747 0.0103548662147213 -0.1729824841709227 0.0188486142925864 -0.9846900866033846
1735977553.502660 0.0110735957915409 0.0253342499224625 0.0823923872161706 0.0102792945468220 -0.1730646530864163 0.0188105046316886 -0.9846771688585043
1735977553.601345 0.0076418040408924 0.0260684369919932 0.0824538711773734 0.0101578946919255 -0.1729653827981855 0.0188756631527617 -0.9846946241700766
1735977553.702516 0.0073713911215332 0.0267590613227007 0.0810196112166219 0.0099900455619509 -0.1729130198203865 0.0189424442661786 -0.9847042552825125
1735977553.802600 0.0071249750048740 0.0251648428399036 0.0810184761484282 0.0100656265258176 -0.1729105798495841 0.0189027337647964 -0.9847046771468798
1735977553.902280 0.0064045625874573 0.0256003007538920 0.0806015354528720 0.0100605281576449 -0.1729104460089714 0.0188063150401609 -0.9847065989160315
1735977554.002349 0.0086738014434205 0.0255534234648678 0.0821285561224950 0.0099902214836677 -0.1729368648807394 0.0187996279211951 -0.9847028029969007
1735977554.102589 0.0049781545638758 0.0255145957585471 0.0828233068744605 0.0099344260471544 -0.1729456942039371 0.0187341853177425 -0.9847030640431219
1735977554.201871 0.0031821574250463 0.0254486812350098 0.0827652441182419 0.0099050031427680 -0.1729293190062681 0.0188136043672844 -0.9847047221535407
1735977554.302207 -0.0008644275494418 0.0256196242030226 0.0815653284000213 0.0100461288645676 -0.1730878519526972 0.0188573374437065 -0.9846746018994154
1735977554.402567 -0.0017015538406564 0.0253367956496064 0.0842787070109193 0.0102401412623115 -0.1731452206707800 0.0188774878833029 -0.9846621311480455
1735977554.502631 0.0000771299457223 0.0268104459273814 0.0823853379061024 0.0102533813556722 -0.1731125445311312 0.0188751143636158 -0.9846677841559013
1735977554.602448 -0.0021169220620759 0.0267765009966008 0.0818431712441542 0.0102261423341092 -0.1730060103557326 0.0188906695732699 -0.9846864927462082
1735977554.702444 0.0011292384626598 0.0289651531407451 0.0790688968105889 0.0102167152175953 -0.1729383596862076 0.0190370238387000 -0.9846956556228788
1735977554.802609 0.0019917549097632 0.0301348158938029 0.0811091473147725 0.0104782958285420 -0.1730250074929881 0.0191466328095668 -0.9846755600453566
1735977554.902560 0.0003741764539139 0.0296733848460231 0.0796926907288049 0.0103064916457937 -0.1730045992735336 0.0190828138701947 -0.9846821980085528
1735977555.002674 0.0024377345292735 0.0287807758439926 0.0783307332099656 0.0103276735351151 -0.1728887896342753 0.0189031109171908 -0.9847057824425526
1735977555.102564 0.0016149667557190 0.0289014315564033 0.0784708254132408 0.0103413825020127 -0.1729552246301749 0.0188748564801720 -0.9846945139858990
1735977555.202407 0.0064701715653796 0.0258890956125138 0.0761145756970924 0.0101532281414853 -0.1728073203235728 0.0189795390551730 -0.9847204268715799
1735977555.302430 0.0066485879711716 0.0262850606854159 0.0808107291560821 0.0103664422371600 -0.1729870335238591 0.0188506381811551 -0.9846891268558428
1735977555.402377 0.0024983725762610 0.0258085285655856 0.0802037003361884 0.0102877968260850 -0.1731302143897439 0.0190199038025632 -0.9846615323862143
1735977555.502427 0.0073354332581504 0.0240749843694375 0.0805867950905544 0.0101153490219242 -0.1730092321762094 0.0189505256066134 -0.9846859209286971
1735977555.602568 0.0079522899647875 0.0224576245711826 0.0822203219572756 0.0103450575543887 -0.1730246096423347 0.0188770549566090 -0.9846822436900542
1735977555.702618 0.0104237091425889 0.0258272293197251 0.0836957873673358 0.0101725892006292 -0.1728888498277711 0.0188117249339929 -0.9847091362626802
1735977555.802836 0.0104583959110037 0.0230419400760266 0.0832057114489137 0.0103827733592646 -0.1729556346390998 0.0189270373901397 -0.9846930048089042
1735977555.902414 0.0092088436157935 0.0214697682669324 0.0816472129939983 0.0105734809952713 -0.1729402272667097 0.0189587419401992 -0.9846930716708768
1735977556.002618 0.0114423444488365 0.0237893419918814 0.0831178687336787 0.0101953796918003 -0.1728896805751623 0.0188827343361443 -0.9847073955889378
1735977556.102564 0.0102901608467932 0.0219641791736315 0.0823735510409122 0.0102008814446780 -0.1729462175129094 0.0189931834409635 -0.9846952862934336
1735977556.202455 0.0100759780749582 0.0234871844565880 0.0801921784972995 0.0102761958442326 -0.1729010011120684 0.0188673633425511 -0.9847048624912522
1735977556.302608 0.0082971666426521 0.0227648509741764 0.0826195467117408 0.0103196710303655 -0.1730848729302865 0.0189439254439445 -0.9846706347004088
1735977556.402568 0.0107860936834685 0.0233124524543305 0.0806720806024313 0.0102556605201691 -0.1729042652893326 0.0188618438212736 -0.9847046091695282
1735977556.502477 0.0100951566408408 0.0233646139641060 0.0796470893194801 0.0102863291731867 -0.1729896084610445 0.0189120099532755 -0.9846883378390152
1735977556.602641 0.0079393053850802 0.0262238344426383 0.0805057847727302 0.0102887488148381 -0.1729987340889093 0.0189713526725455 -0.9846855677977788
1735977556.702379 0.0079295976753971 0.0245309446561124 0.0818945165863974 0.0103362615663116 -0.1729514131991288 0.0188628441478711 -0.9846954673806061
1735977556.802587 0.0100096283936555 0.0258315530856615 0.0789561914636293 0.0103438242793325 -0.1728129543256668 0.0189405002671279 -0.9847182061717678
1735977556.902519 0.0095664354846335 0.0278307207200633 0.0818193081844865 0.0103845823646720 -0.1730248942601826 0.0190210395465026 -0.9846790068189402
1735977557.002590 0.0057572245545105 0.0279180484607482 0.0788564176438248 0.0103127454829548 -0.1728739642916348 0.0190933029402420 -0.9847048723011025
1735977557.102540 0.0041866765307606 0.0305950532550667 0.0813982451744713 0.0101889034836909 -0.1729119620393945 0.0190442859222660 -0.9847004391200392
1735977557.202422 0.0040842241352637 0.0299604010800376 0.0797599222605676 0.0101807810796507 -0.1729622338323959 0.0190913180464180 -0.9846907834135376
1735977557.302369 0.0035849204916297 0.0313990943071740 0.0818122756325618 0.0101121820458006 -0.1729766099167313 0.0190452233343625 -0.9846898576019415
1735977557.402651 0.0049399408949830 0.0318983686327873 0.0837650344303899 0.0101891937478469 -0.1730643861408154 0.0189415476642981 -0.9846756401742418
1735977557.502664 0.0092137771472297 0.0354029279746877 0.0835805470455534 0.0100031915948593 -0.1730723590016002 0.0189336858697335 -0.9846762971895505
1735977557.601577 0.0102198528134519 0.0325959734563358 0.0811714161785447 0.0099173996409569 -0.1729195581838018 0.0188655445011256 -0.9847053177537718
1735977557.702528 0.0113167815449619 0.0309947505131959 0.0810337538669936 0.0099224426958886 -0.1727918954534728 0.0189037995642691 -0.9847269430449118
1735977557.802444 0.0122477716618514 0.0315470866708964 0.0797079794326317 0.0097910015212383 -0.1728822171649645 0.0187865196615148 -0.9847146500161074
1735977557.902626 0.0099768607901661 0.0284747817551717 0.0800791442252304 0.0098442347568347 -0.1729190101415908 0.0187100422419242 -0.9847091150654644
1735977558.002476 0.0113094944381944 0.0304754774212558 0.0819148819492337 0.0097826050146498 -0.1729647964427289 0.0188776006310778 -0.9846984899069695
1735977558.101582 0.0132453128688123 0.0280300348786086 0.0801246036390553 0.0098249364091219 -0.1728161914363113 0.0189028379515852 -0.9847236756163533
1735977558.202570 0.0138448788197653 0.0272936810239974 0.0833556661250624 0.0099756100543415 -0.1729644993409444 0.0187422281583140 -0.9846991916597891
1735977558.301835 0.0141332441470120 0.0263331236427662 0.0828902456339828 0.0101307537585790 -0.1729228871877918 0.0188889271341244 -0.9847021129999890
1735977558.402583 0.0113216048465540 0.0283170016170606 0.0828690908048235 0.0102742182449414 -0.1729330336304512 0.0189907724831310 -0.9846968857873567
1735977558.502577 0.0142497198810760 0.0274201847981586 0.0813361476433117 0.0103907837532105 -0.1727481937244203 0.0190063372016991 -0.9847278062104876
1735977558.602002 0.0109979624590758 0.0266473750739920 0.0805978361183629 0.0103835729249066 -0.1728363688327116 0.0190482426340471 -0.9847116001523445
1735977558.702399 0.0116506165306393 0.0309580773377049 0.0795530912048046 0.0102954650494984 -0.1728839934260280 0.0191029253990175 -0.9847031057418696
1735977558.801910 0.0125296565464424 0.0280130599718567 0.0804495241295545 0.0103679162057325 -0.1728525324641748 0.0189776071206924 -0.9847102917925886
1735977558.902674 0.0125617359256966 0.0282431916358067 0.0820392971940673 0.0103138444567342 -0.1729613377595524 0.0189869126576087 -0.9846915747586554
1735977559.002564 0.0136510504031944 0.0294324051658683 0.0831775347582221 0.0102575161490167 -0.1729642975509976 0.0189993055952285 -0.9846914042084666
1735977559.102437 0.0101427763382555 0.0292422014109718 0.0802731922283153 0.0101001568678539 -0.1729713822606778 0.0189468894859475 -0.9846927963222250
1735977559.202381 0.0147012839945526 0.0286595718090995 0.0821540467645928 0.0098174844935991 -0.1733055667660399 0.0189681919705608 -0.9846364837946477
1735977559.302538 0.0149360281147839 0.0286544652684842 0.0827953614083493 0.0102472938966903 -0.1738505471109624 0.0187709489993269 -0.9845398070726641
1735977559.402545 0.0149011068311228 0.0283612909270718 0.0809423935632981 0.0095434582114698 -0.1753649811575893 0.0188758921446518 -0.9842762551665603
1735977559.502409 0.0172218596810091 0.0277840193650628 0.0773486266344929 0.0088894685034201 -0.1770643185118866 0.0186982877473314 -0.9839814929636461
1735977559.602630 0.0151493251627513 0.0276071415596735 0.0796400906702655 0.0091149231872687 -0.1771423437367897 0.0188078367217315 -0.9839632988626029
1735977559.702499 0.0153062786246856 0.0282891847001851 0.0872188459615986 0.0077444987893398 -0.1756666106483489 0.0184960584728446 -0.9842454777456652
1735977559.802442 0.0148305588530498 0.0281441223265800 0.1023267205663349 0.0047602037148611 -0.1754005033982077 0.0197276018350938 -0.9842879789950116
1735977559.902484 0.0081343694035501 0.0255896053185345 0.1241274292747779 0.0032981908933990 -0.1722409455084537 0.0215464656369415 -0.9848136516345317
1735977560.002362 0.0049058794439564 0.0274876723888607 0.1499245134029388 0.0054842636017790 -0.1717456210329738 0.0216356008521807 -0.9848884532192007
1735977560.102504 0.0041408376501129 0.0305195730020901 0.1938809289471236 0.0100639115385144 -0.1694505416106692 0.0218766424807579 -0.9852444590791489
1735977560.202455 0.0027623325232019 0.0341114716299150 0.2409482898644867 0.0131250180065742 -0.1770118144957561 0.0211127196724932 -0.9838947121004757
1735977560.302717 -0.0039545175663242 0.0440478407120717 0.3123188763848213 0.0174707916477368 -0.1719254232121535 0.0207450331280498 -0.9847365454237187
1735977560.402582 -0.0117640568288403 0.0569731631603681 0.4014144577501140 0.0172388800514923 -0.1588662287095817 0.0214775171270428 -0.9869159329184137
1735977560.502719 -0.0155362467483478 0.0757048011131663 0.4899541619010696 0.0170838140536089 -0.1539045860254809 0.0220792965543612 -0.9876912606484740
1735977560.602678 -0.0159236015843089 0.1011090830634516 0.5783077134266076 0.0223038987525841 -0.1492166984262676 0.0258597820401228 -0.9882146450463262
1735977560.702483 -0.0091489080217591 0.1353123624558369 0.6628589768999654 0.0231397206996415 -0.1441356723469615 0.0331140190983865 -0.9887329887397224
1735977560.802915 0.0047723924458893 0.1687287566013723 0.7360651307878158 0.0109620378704708 -0.1506965684512383 0.0455428497769927 -0.9874696080472239
1735977560.902327 0.0212357759613945 0.1981221368001715 0.7984501525563814 -0.0069306141504155 -0.1624994203910620 0.0584860772731382 -0.9849493813010227
1735977561.002483 0.0513704692770977 0.2286481051753363 0.8423134247711063 -0.0084891619170258 -0.1756979456837452 0.0693077905351083 -0.9819646613720882
1735977561.102407 0.0880886811430656 0.2538870327624495 0.8720472912145956 -0.0081944487746458 -0.1870716651987346 0.0749421894915479 -0.9794491877189266
1735977561.202379 0.1338936938104493 0.2747682623207883 0.8907429581716431 -0.0008075799843561 -0.2096584326825811 0.0823560166982507 -0.9742998388243991
1735977561.302505 0.1861599814164287 0.2939558489699548 0.9018927512378533 0.0080722041116810 -0.2173469121848537 0.0929056199551046 -0.9716294072666011
1735977561.402433 0.2481097424139248 0.3085701226819104 0.9075769564500057 0.0025986164425439 -0.2084105841478679 0.0993793061932154 -0.9729758625517305
1735977561.502440 0.3196945411767632 0.3130898470335708 0.9096307514233172 -0.0129889993359677 -0.2017484262015019 0.1167415792121518 -0.9723683777789776
1735977561.602467 0.4024589195098893 0.3140916254623132 0.9141545135356097 -0.0225754948308272 -0.2000516870125111 0.1381711403926733 -0.9697310995936862
1735977561.702451 0.4986470304989398 0.3080664600133153 0.9220333108530883 -0.0289354214156927 -0.2065043787142847 0.1551997374461663 -0.9656250434076182
1735977561.802527 0.5949720347901268 0.2984370587753992 0.9254379069204697 -0.0367461116613391 -0.2168696342124354 0.1698164422514093 -0.9606142102714340
1735977561.902534 0.6973878729016381 0.2831343447571567 0.9255807218741910 -0.0444169842751857 -0.2115805734138095 0.1881559795038370 -0.9580491218297387
1735977562.002520 0.8119090734909139 0.2567060398400510 0.9168460049592390 -0.0574461158177111 -0.2075444659693546 0.2086328856845704 -0.9539903340358762
1735977562.102398 0.9299924737045783 0.2167069247369176 0.9107920318404938 -0.0698219478022649 -0.2117016920464267 0.2427154937608400 -0.9441379551094266
1735977562.202690 1.0443370853098621 0.1573377224989173 0.9114690817692656 -0.0833950863874112 -0.2214702634523057 0.2791309918285171 -0.9306353052477812
1735977562.302525 1.1535644341425246 0.0923836257971770 0.9084014848147304 -0.0892388204761228 -0.2249741330623669 0.3032002541096457 -0.9216792708316236
1735977562.402472 1.2691107053556776 0.0085545212962182 0.8984009676644541 -0.0962095089021985 -0.2327910358246506 0.3247332776185051 -0.9116470602396669
1735977562.502344 1.3822273031577204 -0.0854246918096660 0.8941686707208539 -0.1067138540997940 -0.2209739788918956 0.3416866381805475 -0.9072116044698325
1735977562.602518 1.5054298238949806 -0.1857672359554863 0.8948842250339218 -0.1078405995761993 -0.2162166219223826 0.3424115976817388 -0.9079510313120188
1735977562.702493 1.6385042305197677 -0.2871367585030133 0.8983387867234617 -0.1104646691331565 -0.2136507521766537 0.3372383612021659 -0.9101764667916492
1735977562.802403 1.7754898629108931 -0.3967358105968334 0.9090586858134085 -0.1133438382855827 -0.2113637621569573 0.3378006632803870 -0.9101479254807318
1735977562.902488 1.9208910478028292 -0.5171340998147130 0.9359161757942903 -0.1221453789594935 -0.2038855804896824 0.3376893689560996 -0.9107563156856275
1735977563.002553 2.0659030921847772 -0.6601083763210371 0.9785334412404878 -0.1313462500574629 -0.1956231499071934 0.3547099841939735 -0.9047986366752225
1735977563.102535 2.2117007941211075 -0.8201098914186532 1.0038802957785493 -0.1199109991270027 -0.1747124290694993 0.4040629750112725 -0.8898483194578946
1735977563.202604 2.3464265580333725 -1.0004126452218052 1.0270577500091378 -0.1074473236033869 -0.1767288106057043 0.4584385093648001 -0.8643240904219563
1735977563.302380 2.4885178038932767 -1.1743536088279114 1.0606957924090097 -0.0918810876401654 -0.1785798989164046 0.4984532522114158 -0.8433335287992110
1735977563.402323 2.6640588412887412 -1.3419559179012153 1.0773879852026342 -0.0805291713647014 -0.1906224763170983 0.4983872240480013 -0.8418956580169416
1735977563.502444 2.8623978066273272 -1.4818170061699416 1.0747880495608944 -0.0832212043895561 -0.1962896371568150 0.4517550488003129 -0.8662920900990756
1735977563.602336 3.0635162202101149 -1.6102610105573860 1.0819621103260693 -0.0958919549560639 -0.1834261365724581 0.3909194987232237 -0.8968508967017816
1735977563.702355 3.2508507583025446 -1.7535800924054918 1.1203331938300789 -0.1195971195303040 -0.2001648862245287 0.3520997304532927 -0.9064526061176581
1735977563.802572 3.4178648997131749 -1.9234657120345218 1.1567243591314234 -0.1261494672415925 -0.1985118129246030 0.3698415578381153 -0.8988306815746365
1735977563.902424 3.5733767552295088 -2.1140383875502979 1.1757989081752125 -0.1011422821957125 -0.1850162560642213 0.4303636346186624 -0.8776823831785825
1735977564.002494 3.7260154237055563 -2.3121142943397852 1.1974652633251792 -0.0757768661486628 -0.1719412657453512 0.4828994549388296 -0.8552790095111392
1735977564.102482 3.8897274669047932 -2.5209031168759646 1.2261398281395817 -0.0989830047903241 -0.1811219816464208 0.4993958086984766 -0.8414279641071760
1735977564.202430 4.0713623423387624 -2.7216339078474956 1.2464575186376849 -0.1151263363049075 -0.1714448938872598 0.5002624767442979 -0.8408864545291809
1735977564.302555 4.2679938308145937 -2.9176246539140238 1.2546162361353224 -0.1243506280551802 -0.1369151632596118 0.4658930600421792 -0.8652946411346892
1735977564.402464 4.4617752699993636 -3.1247750392382554 1.2726281435797655 -0.1286827262388375 -0.1257287659126167 0.4335474786965339 -0.8829890243404555
1735977564.502544 4.6343758155957051 -3.3585212614741815 1.2956476091538602 -0.1336942251017555 -0.1365772644516904 0.4302926905070321 -0.8822248610788259
1735977564.602359 4.7740338271870799 -3.6108833598849541 1.2947099499308323 -0.1256649921510280 -0.1275068800650260 0.4797347529433707 -0.8589556869257740
1735977564.702429 4.8870441312625443 -3.8734330598629572 1.2983464597396948 -0.1010585388784998 -0.1088027922586645 0.5617053460317929 -0.8139018542525657
1735977564.802507 4.9973104938057240 -4.1453922417188558 1.3101525305755952 -0.0894020872119735 -0.1234276512109235 0.6229027736238565 -0.7673102477684003
1735977564.902374 5.1341926135415941 -4.4099282379546922 1.3060271051301906 -0.0830492460136402 -0.1415669391278092 0.6406893164701287 -0.7500525476548883
1735977565.002443 5.2995610289393902 -4.6634773869302446 1.2980773924219513 -0.1073010536722015 -0.1648634155385031 0.6061145122988895 -0.7706696672884523
1735977565.102493 5.4788551195393378 -4.8992164149387403 1.3370482775049204 -0.1136619455914833 -0.1469652120579440 0.5541276155388410 -0.8114337768828462
1735977565.202491 5.6484077775040884 -5.1479564582365649 1.4000818256962941 -0.1266828923588492 -0.1375425205951147 0.5250446518009825 -0.8302780338098339
1735977565.302454 5.7990792597755147 -5.4081317368688246 1.4285788713386716 -0.1204392412109030 -0.1264935705268965 0.5308160426445911 -0.8292937324392574
1735977565.402426 5.9277330587136561 -5.6742374672006974 1.4438453023921818 -0.0845500544510487 -0.1118619806665245 0.5771428109916309 -0.8045149851272911
1735977565.502542 6.0736323699141623 -5.9331022696809637 1.4640053724329902 -0.0575916388371383 -0.1216797267948941 0.6036322457908513 -0.7858150921588781
1735977565.602356 6.2562450130991474 -6.1871735326051018 1.4704186403859607 -0.0667063211476575 -0.1402264243051720 0.5896415769860973 -0.7925967621274261
1735977565.702374 6.4544896881882119 -6.4280154988773512 1.4674960406930018 -0.0784636319154261 -0.1288641335963110 0.5376116656495538 -0.8295849507414084
1735977565.802358 6.6656977902230929 -6.6354959173138104 1.4753968869961052 -0.0815845939299484 -0.1285815050422978 0.4671535647962471 -0.8709640047054193
1735977565.902347 6.8671051827327121 -6.8472856355444955 1.4997052132019721 -0.0791830627783779 -0.1563623206886174 0.4250277430053445 -0.8880497085826269
1735977566.002311 7.0593251845986638 -7.0782913336474600 1.5182075822790657 -0.0756577785462085 -0.1530333192801446 0.4316062073018899 -0.8857611334632109
1735977566.102570 7.2290512243233218 -7.3069047020729387 1.5420209368980069 -0.0667842443671497 -0.1482929263168470 0.4705767495888258 -0.8672407943905261
1735977566.202468 7.4017774783633667 -7.5265506498173416 1.5791583629329549 -0.0546258786279353 -0.1564767633050125 0.5003180810662384 -0.8498310736186988
1735977566.302532 7.6067822725639189 -7.7350290430556603 1.6076854119868234 -0.0549197643520021 -0.1671015069352120 0.4905993557822051 -0.8534478179534982
1735977566.402476 7.8496763377854757 -7.9115131771828988 1.6187390680551847 -0.0392120666233768 -0.1545126700770154 0.4352268629599489 -0.8860958336290931
1735977566.501437 8.0921565503518309 -8.0669795130143473 1.6449274683208022 -0.0326473832876066 -0.1262884600991021 0.3527894745742384 -0.9265662198892760
1735977566.703529 8.3253324877332417 -8.2331005305032434 1.6800476902247852 -0.0495384647090531 -0.1399521135530039 0.3001589583058741 -0.9422653268453901
1735977566.703720 8.5500767666600499 -8.4136512267852979 1.6894992021996598 -0.0460733937363175 -0.1378454147087944 0.2983096929451288 -0.9433383333292259
1735977566.902563 8.7527554110904919 -8.6129605781438290 1.6911475305396944 -0.0334077016545285 -0.1262078263290672 0.3402556718823667 -0.9312258521944787
1735977566.902563 8.9540767706294258 -8.8069814757038021 1.7128101619908180 -0.0200442443556782 -0.1380977559035000 0.3875149921791510 -0.9112405658875267
1735977567.002418 9.1748261397942521 -8.9727352183781477 1.7507684735180511 -0.0167138357104277 -0.1574470011036091 0.3931545641484546 -0.9057375879517002
1735977567.102465 9.5291580646679108 -9.1741502636988912 1.7814989860393124 -0.0040710929496207 -0.1512238956724006 0.3226849415319349 -0.9343389042999281
1735977567.202323 9.6760957284873790 -9.2409373783619504 1.7937905841365922 -0.0042994665938776 -0.1489021844230757 0.2818854624231693 -0.9478133994281367
1735977567.302505 9.9343144724190378 -9.3584574994336940 1.8276640845541248 -0.0122058686100340 -0.1698052085983843 0.2390302461908322 -0.9559716257872322
1735977567.402321 10.1808990739873284 -9.4956582771909446 1.8480307714483293 -0.0035798952651588 -0.1782203024873303 0.2456016510613004 -0.9528402474324740
1735977567.502337 10.4218641779567118 -9.6373334313129408 1.8621520495921440 0.0182644729595548 -0.1695042085837885 0.2785421907244338 -0.9451714025965484
1735977567.602499 10.6759575195962420 -9.7637992030318159 1.8853226967419503 0.0191450072414653 -0.1804575752293910 0.2960328972422613 -0.9377809211059936
1735977567.702462 10.9553946528583328 -9.8567645417271894 1.9022760508547085 0.0049039224175347 -0.1960266309106592 0.2838362773312877 -0.9386087998678977
1735977567.802365 11.2484077904019628 -9.9084114902900389 1.9086858629274397 0.0138805637113069 -0.1860403372073901 0.2196173721426258 -0.9575826506030614
1735977567.902349 11.5471413569872023 -9.9292970667373996 1.9142287923864061 0.0140194195933423 -0.1913571800177576 0.1386699330832531 -0.9715742561372257
1735977568.002342 11.8376791011865308 -9.9555259983924707 1.9456633932720031 0.0111813526506589 -0.2113371371089069 0.0870255039529652 -0.9734670787927270
1735977568.102498 12.1204548114189574 -9.9933535047039506 1.9732958138884600 0.0034558129560273 -0.2143236383953156 0.0813631223484946 -0.9733619458883273
1735977568.201329 12.3989784291862915 -10.0471804503724851 2.0105610971133152 0.0140894074622690 -0.1755596871028009 0.1193579417325340 -0.9771048902789823
1735977568.302390 12.6953804158506642 -10.0878231700159748 2.0502192203713361 0.0217770195724189 -0.1895617663920263 0.1440471504654394 -0.9710007809387510
1735977568.402486 12.9979215130276025 -10.0909348269625490 2.0790088865405640 0.0198287139922341 -0.2080646602284983 0.1258315566793193 -0.9697846867264264
1735977568.502431 13.3016981857210030 -10.0521697320402641 2.1074594988220006 0.0130183745369901 -0.1945545989409017 0.0585241856849354 -0.9790576845341007
1735977568.602480 13.5974505863279767 -10.0118788104863174 2.1529135111990887 0.0055873945010390 -0.1882926358945425 -0.0069182419546859 -0.9820727071957716
1735977568.702567 13.8906439179238639 -10.0044455823102805 2.2032492455713002 -0.0161800825641820 -0.2029920047879210 -0.0209716648123296 -0.9788220676892182
1735977568.802503 14.1835990029496202 -10.0337394953498933 2.2473356513387341 -0.0197499913004097 -0.1741489365035805 0.0354523365181206 -0.9838827255286636
1735977568.901410 14.4652774666659205 -10.0716967004166396 2.2874600576635253 -0.0036315493843677 -0.1405757582847460 0.1054484609409401 -0.9844317600102734
1735977569.002499 14.7554279717589516 -10.1024138625749380 2.3289752886462911 0.0120436969683262 -0.1663228289227128 0.1481854740227460 -0.9747988157723292
1735977569.102406 15.0599399515527850 -10.0968574440877195 2.3562347369214049 0.0151157416261006 -0.1899116224979035 0.1454328766684584 -0.9708523926834829
1735977569.200420 15.3564873254124592 -10.0736010113982974 2.3739001324693461 0.0107851563112274 -0.1764435996846692 0.0871266416034471 -0.9803878236986437
1735977569.302529 15.6525308579255107 -10.0187030625000038 2.4052171976726999 0.0108382400316340 -0.1779247866723935 0.0164504580823336 -0.9838468810081584
1735977569.402372 15.9453454144319746 -9.9868810915203863 2.4478663396194609 0.0076756899659384 -0.2059291275521066 -0.0297516695330848 -0.9780844116788535
1735977569.502323 16.2312865853517856 -9.9887547306983038 2.4799376923350591 -0.0105245470359562 -0.1866178849546049 -0.0164532268941792 -0.9822384080504725
1735977569.602457 16.5171260400898134 -10.0098925501774563 2.5124231887354536 0.0034875199404071 -0.1491294151840057 0.0513102444558678 -0.9874793737316344
1735977569.702510 16.7974979698976021 -10.0308066164832503 2.5541263099561835 0.0224973916628747 -0.1746002161383796 0.1002354367291538 -0.9792657908435861
1735977569.802689 17.0818128218129104 -10.0102154939857577 2.5850382999050350 0.0231160398599137 -0.2100072574152582 0.0955082382761820 -0.9727490822177610
1735977569.902611 17.3575969940221349 -9.9608129206699072 2.5932371786254520 0.0242606847787111 -0.1916554379336494 0.0441307389999922 -0.9801694191107188
1735977570.002536 17.6228709996354773 -9.8790643224596870 2.5966110869889438 0.0303113170427003 -0.1619313229692952 -0.0301228116437834 -0.9858763040661968
1735977570.102517 17.8885442556240193 -9.8025072124122392 2.6108851088828802 0.0246025508519902 -0.1854740316578992 -0.0936949704420860 -0.9778626440282890
1735977570.202619 18.1653543513345177 -9.7476489021582999 2.6375331733317799 0.0027985391292587 -0.1961135851689817 -0.1179638902415769 -0.9734557773674076
1735977570.302541 18.4495354971471741 -9.7166274989416532 2.6345021934123896 -0.0149602537337726 -0.1642561807369001 -0.0737468331669440 -0.9835433404257257
1735977570.402542 18.7283888828687601 -9.7159228955128718 2.6258110972127144 -0.0033030636256921 -0.1272075710475896 0.0158856470120534 -0.9917433992005521
1735977570.502484 19.0185271600835470 -9.7057606798288614 2.6231994933901435 0.0252791291152145 -0.1790304158041680 0.0779272737302991 -0.9804266499117240
1735977570.602553 19.3059610667138379 -9.6695448633541066 2.6308124602405174 0.0383732750542828 -0.2422620089288735 0.0897356031564106 -0.9652896623902641
1735977570.702379 19.5844723751061949 -9.5872975749368994 2.6339635087330349 0.0580185926540344 -0.2250640500749763 0.0554077333818238 -0.9710355293972424
1735977570.802555 19.8330846505775433 -9.4769981967112358 2.6482815604170677 0.0664330871122321 -0.1681866978236013 -0.0158378474776945 -0.9833865171941319
1735977570.902472 20.0595640277705805 -9.3467977150195942 2.6791368541797360 0.0887653760191276 -0.1778416369698672 -0.0812640877480078 -0.9766725184126688
1735977571.002521 20.2651846684747170 -9.1985693683520093 2.7282774876126066 0.1026355544315452 -0.2107759572145050 -0.1287513537287805 -0.9635676041357165
1735977571.102514 20.4719654906026172 -9.0615704115113616 2.7766927290938761 0.1067886676690292 -0.2043902815803523 -0.1494712421014442 -0.9614983832735391
1735977571.202439 20.6754861826976644 -8.9161365551499383 2.8236190253004487 0.1138400146142609 -0.1796055230748320 -0.1641533868334962 -0.9632424267777729
1735977571.302377 20.8714172219616216 -8.7449703021726588 2.8693254557249861 0.1161331013066902 -0.1754336219364783 -0.1907992528688524 -0.9588179139856673
1735977571.402417 21.0593011644537462 -8.5441846534293706 2.9042369600840479 0.1080263908605991 -0.1865254463473518 -0.2357137391579854 -0.9476167948673745
1735977571.502378 21.2145359642401523 -8.3227339016536330 2.9156819349809875 0.1033802803730055 -0.1553624797393969 -0.3157331474119860 -0.9303158588052476
1735977571.602373 21.3582091512950427 -8.0853084399434607 2.9175367011124589 0.1121060592345293 -0.1615149100439374 -0.3931945521784520 -0.8981888495486846
1735977571.702344 21.5028587945829948 -7.8436653381139179 2.9221880118912602 0.1370598774829305 -0.1904821008165223 -0.4394094680836544 -0.8670931199192669
1735977571.802518 21.6663069499595409 -7.6061072020397429 2.9186267213895074 0.1314840248696670 -0.1970621610715519 -0.4425853383700697 -0.8648680096625920
1735977571.902348 21.8450072286377974 -7.3829242441245677 2.9243993927958951 0.1190170216914471 -0.1697202670847664 -0.4015371934130997 -0.8920750314823884
1735977572.002475 22.0193406308522661 -7.1495804521433017 2.9451827929061594 0.1210888238470216 -0.1689701559714815 -0.3731940095892973 -0.9041641523180299
1735977572.102495 22.1724646930459137 -6.8887262711079993 2.9577713261544321 0.1287827730143804 -0.1965966335723439 -0.3794565509863840 -0.8948617138733036
1735977572.202549 22.2954388132390662 -6.6100488036165901 2.9486651381971698 0.1152767113787157 -0.1893093541592596 -0.4307390017005456 -0.8748355049125119
1735977572.302563 22.4021095616002697 -6.3261418887395005 2.9527898651429214 0.1119305073466034 -0.1961167271975104 -0.4932768748609572 -0.8400522100238039
1735977572.402549 22.5221317532162573 -6.0490366535775140 2.9646546836963186 0.1160549654277111 -0.2040099550828113 -0.5306426322041032 -0.8144504773859385
1735977572.502367 22.6762585976892979 -5.7779990191714559 2.9622417201434357 0.0929503720230173 -0.1861399451520298 -0.5255700567230227 -0.8249171259197744
1735977572.602575 22.8607507244809760 -5.5294840926163893 2.9502650071190386 0.0744972504207407 -0.1629233849489392 -0.4722945100198865 -0.8630434671102057
1735977572.702535 23.0549797086580419 -5.2730893877085983 2.9538231527819221 0.0721818177369443 -0.1611746466226620 -0.4218417145175161 -0.8893042709709501
1735977572.802621 23.2314200590102367 -4.9943962621664690 2.9425420080022180 0.0800167086842602 -0.1690631900903486 -0.4034634069968110 -0.8956741836752573
1735977572.902547 23.3718692489100732 -4.7082766330812555 2.9197998266898169 0.0675900607663620 -0.1536757079615161 -0.4412134779351929 -0.8815588621053374
1735977573.002681 23.5014321741579408 -4.4113016851122069 2.9134247190530718 0.0743011089162274 -0.1647241583342828 -0.4975508552445546 -0.8484034672962466
1735977573.102404 23.6540107308689862 -4.1259529514294933 2.9180284499129874 0.0929473195342271 -0.1970782301295108 -0.5256773816522154 -0.8223042365327405
1735977573.202433 23.8402848127599505 -3.8662249444309476 2.9199540033176703 0.0784385121670569 -0.1819949718812591 -0.5020514368947366 -0.8418251509255876
1735977573.302482 24.0537338937061378 -3.6328810615512515 2.9299064670775516 0.0613994503111304 -0.1351820630046915 -0.4299227194109002 -0.8905741814568976
1735977573.402602 24.2710865455880942 -3.3958261083062826 2.9519481706365109 0.0697537953006102 -0.1399753980642283 -0.3707609056119678 -0.9154658086721289
1735977573.502594 24.4753334210470399 -3.1394816265040353 2.9550582357151316 0.0678787046320528 -0.1597872095223427 -0.3484820426944193 -0.9210976034330250
1735977573.602487 24.6486630088981897 -2.8806625802828849 2.9418210444796800 0.0362754224195002 -0.1450085835304297 -0.3836597236780624 -0.9112967797913357
1735977573.702605 24.8145400743025490 -2.6130766135695600 2.9484732374089067 0.0384457842162863 -0.1550885486243242 -0.4360950298328829 -0.8856018228959629
1735977573.802350 24.9961096191171954 -2.3619548704107949 2.9562405544771195 0.0622080286200202 -0.1759490424208116 -0.4518564152969402 -0.8723519218763774
1735977573.902695 25.2130753015850537 -2.1336278897968124 2.9502500810579795 0.0452435885604430 -0.1727094291879929 -0.4247523326905945 -0.8875302398440460
1735977574.002346 25.4447882542329005 -1.9344988822769857 2.9341953014529758 0.0430588616680843 -0.1463522797894887 -0.3527636040480202 -0.9231927124340397
1735977574.102446 25.6841280933021672 -1.7141263089970649 2.9445339939587059 0.0613709637780893 -0.1464802020628129 -0.3154153393663830 -0.9355695158035963
1735977574.202377 25.8923153235634551 -1.4747612173041411 2.9445708770158969 0.0579230465822183 -0.1479011657165481 -0.3425670806120230 -0.9259686609898179
1735977574.302581 26.0647352662362088 -1.2232045939753218 2.9365461956198331 0.0308656914628382 -0.1257034130611888 -0.4097839839472908 -0.9029524060190413
1735977574.402371 26.2321953002847792 -0.9803235092244339 2.9324101030341883 0.0523307158194744 -0.1561704254139690 -0.4596527639525390 -0.8726921742508255
1735977574.502578 26.4299252335555579 -0.7483701383637458 2.9428733329576278 0.0680457042409907 -0.1823032917961576 -0.4645499755316770 -0.8639031266109359
1735977574.602352 26.6572712333876716 -0.5409797850426750 2.9496489663824175 0.0432722181344463 -0.1619224254519677 -0.4156651463506847 -0.8939413456053708
1735977574.702491 26.9135985674784344 -0.3598590071785006 2.9500814323412361 0.0114550273793549 -0.1224115761200021 -0.3326494268010583 -0.9350018969117028
1735977574.802523 27.1593479877748436 -0.1709545004245964 2.9560619811121165 0.0249681130343376 -0.1579844913259573 -0.2727352145203452 -0.9487006886223519
1735977574.902478 27.3804235946235224 0.0424917992021617 2.9509247140782642 0.0443545059242496 -0.1803699920187928 -0.2519118101955881 -0.9497577499906691
1735977575.002574 27.5832069721617081 0.2662835551065953 2.9291251237871774 0.0247479918596840 -0.1700796440929857 -0.2749883970295817 -0.9459607989040653
1735977575.102520 27.7621745352848777 0.5049445985088321 2.9261376057886732 0.0182216970982447 -0.1798437169200784 -0.3243333934756043 -0.9285106661292748
1735977575.202529 27.9483647694603583 0.7230778672959437 2.9601060542697488 -0.0043949471804185 -0.1907441896922786 -0.3565624274992104 -0.9145821853905682
1735977575.302562 28.1635591462218144 0.9013723884413847 2.9710763428768177 -0.0608911298319703 -0.1697284925468377 -0.3271169179877540 -0.9276200898491567
1735977575.402634 28.4070345125945778 1.0355248449476853 2.9609655102067105 -0.0883881874714534 -0.1588670433317903 -0.2309200056951450 -0.9558371942063568
1735977575.502662 28.6690232858671727 1.1496628417681052 2.9735197943639573 -0.0781346550641397 -0.1607214224919236 -0.1696450546947936 -0.9691667325325302
1735977575.602497 28.9251033771664261 1.2582809936113057 2.9887565442090258 -0.0627740042264004 -0.1785715386323530 -0.1625548399408516 -0.9683736644475943
1735977575.702577 29.1733652867916646 1.3831567634026563 3.0077504955035899 -0.0821044555444026 -0.1684694897276263 -0.1929927083593748 -0.9631358699221952
1735977575.802517 29.4211187304156709 1.4766339427339827 3.0236625009064406 -0.0949660225288789 -0.1429523505745356 -0.2209878581366027 -0.9600575225404239
1735977575.902466 29.6940861393320574 1.5348971761371888 3.0332964903970097 -0.0857027245819683 -0.1757441205452112 -0.2205489794631094 -0.9555768910719842
1735977576.002598 29.9904659053535845 1.5376164623438644 3.0437327291666287 -0.0934488546088024 -0.1674579954714028 -0.1562888864162116 -0.9689163613582874
1735977576.102495 30.3056221350168329 1.5005041614266603 3.0394498480538163 -0.0817151144360575 -0.1451870686314302 -0.0455473652712262 -0.9849714679582164
1735977576.202426 30.6184559155256153 1.4549593752818488 3.0557156160502119 -0.0594507117355567 -0.1638633692378836 0.0320064796908558 -0.9841696979454020
1735977576.302376 30.9358914702893699 1.4427665126656750 3.0740710271932672 -0.0463857978104716 -0.1929142677843901 0.0508858045290747 -0.9787967500682292
1735977576.402534 31.2420926914055563 1.4504807189646769 3.0909884371731242 -0.0433392954725965 -0.1748400055906505 0.0146804330375935 -0.9835330003608569
1735977576.502511 31.5492288008632720 1.4492468234377465 3.1184570322495433 -0.0382415123613264 -0.1867661379323366 -0.0279585902939277 -0.9812615928909755
1735977576.602376 31.8585511632494054 1.4234241916913419 3.1487425832622562 -0.0410755449219502 -0.2079989910209123 -0.0367079472328723 -0.9765765438272599
1735977576.702555 32.1759277494587153 1.3580535507727727 3.1654033592082000 -0.0551217293658230 -0.1844519490298960 0.0139469385151892 -0.9811954730617377
1735977576.802354 32.4807417752419383 1.2754963918681970 3.1806534631411529 -0.0418103169568911 -0.1514803522097101 0.1045270406179759 -0.9820283590966375
1735977576.902407 32.7985895929804414 1.2009884147436727 3.1980258316558974 -0.0423293971218016 -0.1866794993918001 0.1702997318209621 -0.9666214295099400
1735977577.002447 33.1178834110837812 1.1755483017169572 3.2124150869268400 -0.0336725210200723 -0.1979578784089442 0.1787483083262540 -0.9631863173729602
1735977577.102697 33.4371915992336000 1.1757056552021627 3.2220726176624930 -0.0292705746377730 -0.1732634218598109 0.1211071359664778 -0.9769626818480841
1735977577.202388 33.7520684945937219 1.1890768114771697 3.2412152353707389 -0.0347821072338384 -0.1855377982893635 0.0554374363952975 -0.9804553131419232
1735977577.302655 34.0784483020268709 1.1727331427815610 3.2689848497365031 -0.0354618027006952 -0.2072268186628607 0.0243168189528599 -0.9773475320949558
1735977577.402507 34.3992579464122130 1.1209170374038897 3.2822734353376601 -0.0328460236822013 -0.1774652715180235 0.0649580633501680 -0.9814314373093508
1735977577.502546 34.7124320033521983 1.0483972648383140 3.2948416474405522 -0.0270924202916364 -0.1841418401437541 0.1367245980775918 -0.9729666837830238
1735977577.602414 35.0311783831607002 0.9885318057935959 3.3207581822434413 -0.0291198426633499 -0.2147776300809413 0.1740344040532904 -0.9605907716535134
1735977577.702580 35.3492683279897335 0.9778383323978013 3.3417989274135507 -0.0212717090370870 -0.2113853445231868 0.1548169341124226 -0.9648292426266344
1735977577.802504 35.6531232534452798 0.9984137766920450 3.3686740638801855 -0.0178336057293919 -0.1554720839991559 0.0787124527210817 -0.9845378323814071
1735977577.902381 35.9555487779425960 1.0103753021445863 3.4012841697871488 -0.0224024243845600 -0.1507173432781117 0.0002672773244619 -0.9883229949665817
1735977578.002563 36.2642464939260663 0.9945544479380830 3.4263813753230545 -0.0373842660298169 -0.1800673755025978 -0.0310876833090993 -0.9824518883281215
1735977578.102464 36.5689915991262424 0.9412771655794068 3.4287265413365708 -0.0544415550807721 -0.1638724147531965 0.0004943776620241 -0.9849780222695687
1735977578.202545 36.8763643183250167 0.8663342279424612 3.4328237453961763 -0.0319434854100415 -0.1628376893973608 0.0683316638105923 -0.9837653604251694
1735977578.302603 37.1850203224276754 0.7966454986835120 3.4443905447860956 -0.0297669463052090 -0.1749738742010891 0.0938915333989691 -0.9796338357828983
1735977578.402374 37.5024011071618304 0.7632890614541865 3.4426852234212859 -0.0419794191987347 -0.1860719329509170 0.0780664127526232 -0.9785298152491745
1735977578.502526 37.8038812245519580 0.7595585193113872 3.4371702238770037 -0.0402024459420151 -0.1421817472255693 0.0230731750026081 -0.9887546423109540
1735977578.602662 38.1155906694005608 0.7421842898794404 3.4462448193151873 -0.0355939538977572 -0.1672461368623374 -0.0263850809481565 -0.9849190970094487
1735977578.702369 38.4239967941456939 0.7009149269336034 3.4596727878523730 -0.0267393347820340 -0.1870943070699456 -0.0287870204555330 -0.9815559259108591
1735977578.802402 38.7330886260803808 0.6186868612529137 3.4639337100992651 -0.0323019902647674 -0.1642813301129941 0.0288120323899905 -0.9854633898784869
1735977578.902484 39.0296637915036442 0.5100350409619152 3.4746546805602132 -0.0231519840368788 -0.1390678336946526 0.1252941462100330 -0.9820516789823902
1735977579.002433 39.3354667677591152 0.4126055993488168 3.4936067088685352 -0.0234175904437631 -0.1627950295184288 0.1884885619062534 -0.9682052761952986
1735977579.102567 39.6532676954197782 0.3629278317786492 3.4997819268463886 -0.0188569589186268 -0.1717398113155363 0.1955538792056521 -0.9653540970220548
1735977579.202486 39.9682581944376167 0.3525790830441755 3.4865377778616806 -0.0192464916205019 -0.1397764173516463 0.1424350326432289 -0.9796960687828459
1735977579.302406 40.2938237132586039 0.3448488720428581 3.4879166606021381 -0.0323771308981538 -0.1616736992829715 0.0790234996236026 -0.9831422190416815
1735977579.402412 40.6146351222958373 0.3142104369762365 3.5055639856505842 -0.0376025627159388 -0.1711541137187585 0.0536298221961057 -0.9830646768171228
1735977579.502594 40.9273451972918352 0.2392422958670357 3.5009296752652483 -0.0472298731983963 -0.1472701885432880 0.0922395721713545 -0.9836527293561146
1735977579.602471 41.2257000951696355 0.1381389738068091 3.4850590809896285 -0.0454091292195160 -0.1425838658763666 0.1660478152479309 -0.9746978892080687
1735977579.702495 41.5428908845263791 0.0502979335941869 3.4728859748764052 -0.0383639896498585 -0.1851510030652389 0.2245678048269963 -0.9559375562228244
1735977579.802440 41.8665854587945105 0.0031041297287109 3.4645942649726664 -0.0350199061568603 -0.1915321091502032 0.2233539768727500 -0.9550926962093084
1735977579.902535 42.1967406033430734 -0.0099919803653260 3.4534632558514189 -0.0296272169037917 -0.1657890465396720 0.1669634217618001 -0.9714728178696476
1735977580.002529 42.5194277266606520 -0.0210500442899070 3.4568118956586407 -0.0378302934785842 -0.1791405293568765 0.1032667168410927 -0.9776571611919610
1735977580.202364 42.8393272509763250 -0.0502185987658725 3.4752104351029174 -0.0430485770282601 -0.1996009918791284 0.0762013861237353 -0.9759608664334506
1735977580.202364 43.1473892376556165 -0.1256887762898205 3.4800730495063945 -0.0444207632184340 -0.1801663051506938 0.1020169665309169 -0.9773225858554936
1735977580.302406 43.4464274442364911 -0.2179797499317792 3.4832554625293253 -0.0333168854225443 -0.1672086141580042 0.1652675606167099 -0.9713999680383476
1735977580.402381 43.7529010166184449 -0.3041949031828843 3.4994887670741326 -0.0241620639569232 -0.1895809588304434 0.2077466313602599 -0.9593313253890627
1735977580.502529 44.0705449413992056 -0.3444619789372546 3.5048505321577053 -0.0295499482834096 -0.1928926255366114 0.2024261537016910 -0.9596576930695547
1735977580.602470 44.3868712494198761 -0.3519083303196759 3.4989631070189620 -0.0198750578853018 -0.1494997661959739 0.1398497986301570 -0.9786198627682301
1735977580.702574 44.7020726298764757 -0.3485700187553664 3.5026180441329897 -0.0197727190323444 -0.1642102048619498 0.0632215028820932 -0.9841987044162341
1735977580.802573 45.0114635516910653 -0.3702836924207845 3.5125504445160751 -0.0288476982871105 -0.1847154559823366 0.0175369813742921 -0.9822120264530725
1735977580.902642 45.3197297527521243 -0.4405547233354615 3.5096249857576942 -0.0443047510794887 -0.1723190519303076 0.0406149966729067 -0.9832058052202929
1735977581.001740 45.6129100008523451 -0.5366742807011750 3.5014171533585996 -0.0332088494401194 -0.1404047475485571 0.1149374544010049 -0.9828392853160208
1735977581.102411 45.9179945165800802 -0.6344459514214130 3.5040769205246804 -0.0205408984986749 -0.1569502687237139 0.1789757211279955 -0.9710367531062535
1735977581.202515 46.2288250723050567 -0.7031643827984855 3.4979981490114769 -0.0193358934845591 -0.1772428086341875 0.1975015741264602 -0.9639524045450528
1735977581.302635 46.5647553859831689 -0.7213874342819189 3.4934562892858407 -0.0070729623367481 -0.1801732542141078 0.1390006264416863 -0.9737383619425189
1735977581.402499 46.8959225432946027 -0.7177152270792613 3.5171659534109319 -0.0044913875206887 -0.1840558684038660 0.0670311271608968 -0.9806171998979916
1735977581.502569 47.2151873919099856 -0.7419191538802897 3.5448887771958830 -0.0255506442596734 -0.1772567450042126 0.0319582291310144 -0.9833137253792590
1735977581.602519 47.5293696803907935 -0.8107155990396875 3.5410100748581472 -0.0440573206459902 -0.1540849466278348 0.0536596700586333 -0.9856152502520406
1735977581.702375 47.8401910687887266 -0.9055714371427803 3.5383161233683729 -0.0373442259463348 -0.1497551068542136 0.1227710936385050 -0.9803601763262101
1735977581.802763 48.1583049653547732 -0.9946303751088117 3.5311123872456882 -0.0223924572711802 -0.1855008911264287 0.1717645146317752 -0.9672564028022612
1735977581.902479 48.4829522096982259 -1.0483989325845267 3.5173051957847350 -0.0172651000979301 -0.2040196597775533 0.1735078905412746 -0.9633135038308023
1735977582.002465 48.8057937715036445 -1.0701579594972217 3.5081943590769393 -0.0127534094915559 -0.1694444575803804 0.1179180613179129 -0.9783768482321402
1735977582.102625 49.1310150004150898 -1.0783783352989871 3.5151812329599106 -0.0137416493680073 -0.1913585519107293 0.0552336823925625 -0.9798685177168582
1735977582.202578 49.4537415878826607 -1.1080525994055501 3.5285270641030051 -0.0198713855005803 -0.2115284100710857 0.0323804980402802 -0.9766331773586998
1735977582.302371 49.7717237376912394 -1.1884477271891571 3.5363587399442746 -0.0303199319261455 -0.1725158257563034 0.0723809537223991 -0.9818757503522788
1735977582.402404 50.0803670202373681 -1.2863165989273611 3.5414248435233069 -0.0258423877488509 -0.1723531853114415 0.1406127932739872 -0.9746048393457346
1735977582.502427 50.3920760443210582 -1.3792789054179626 3.5508930644352357 -0.0347153619625992 -0.1997525321434446 0.1862773393629975 -0.9613503640119614
1735977582.602640 50.7152602239416908 -1.4396210677580277 3.5475504264463251 -0.0318702890497399 -0.1948689968574743 0.1917009799178890 -0.9613849869007570
1735977582.702542 51.0370478586469360 -1.4592059971368729 3.5448891167360754 -0.0305751435575809 -0.1715399279153331 0.1338754363432048 -0.9755596246622512
1735977582.802622 51.3645556057904571 -1.4768674281807248 3.5548652880348324 -0.0320807834066572 -0.1926375518574826 0.0779776687843383 -0.9776405679600919
1735977582.902448 51.6886323120228397 -1.5154146427058868 3.5687290723538321 -0.0292971488943391 -0.2133923791752400 0.0636885730441269 -0.9744481182906540
1735977583.002446 52.0054360917607639 -1.5905581992770748 3.5686464580790211 -0.0353456964429345 -0.1858143771879602 0.0984431409005492 -0.9770018664172803
1735977583.102556 52.3133088187574415 -1.6819089019132785 3.5579028729660673 -0.0360293185893498 -0.1820547236381825 0.1532917326934506 -0.9705975533097391
1735977583.202598 52.6249822484274077 -1.7726723433444107 3.5670854478622487 -0.0391152553805949 -0.2121524055351530 0.1883626592027978 -0.9581131781998458
1735977583.302511 52.9412984552485568 -1.8425323805110938 3.5690975103607245 -0.0534403460774211 -0.2124389635457059 0.1966728293157958 -0.9556848928321885
1735977583.402354 53.2636505588033415 -1.8836897395695895 3.5679766115657174 -0.0416351657343812 -0.1941338960538949 0.1700934232193043 -0.9652185093307860
1735977583.502378 53.5831464598590301 -1.9052235401183510 3.5824469514066699 -0.0264285974656346 -0.1841398599373450 0.1279319422352465 -0.9741804039161187
1735977583.602435 53.9120693393736019 -1.9474753873611619 3.6079869089778560 -0.0244358075555804 -0.1965004184133412 0.1251166548685593 -0.9721812071558421
1735977583.702441 54.2274914972496802 -2.0150177578498574 3.6160374506053978 -0.0349961968982520 -0.1523444978289044 0.1696189031676901 -0.9730343508181547
1735977583.802742 54.5191836890769963 -2.1066200073400951 3.6188765587367384 -0.0411350266397324 -0.1347605247309930 0.2233012892492728 -0.9645123352125614
1735977583.902380 54.8140727356271142 -2.1991312449640232 3.6193176626033532 -0.0435897014576353 -0.1720036979092626 0.2521225731416659 -0.9512880078844675
1735977584.002584 55.1095496394497104 -2.2689277170542526 3.6100538374467459 -0.0548052690867292 -0.2003073705956035 0.2454029009135302 -0.9469164461496226
1735977584.102546 55.4007078135425246 -2.3037308921989359 3.5957216776519645 -0.0478401506745654 -0.1743417505379279 0.2038757029702609 -0.9621595354935625
1735977584.202539 55.6944394870027750 -2.3278510773927708 3.5867665247158822 -0.0384677336837917 -0.1751317586968284 0.1411314024091082 -0.9736174956393436
1735977584.302534 55.9989598891901466 -2.3757053133113653 3.6034084145206902 -0.0401024630493239 -0.1999124673759292 0.1050920786142457 -0.9733357349124623
1735977584.402520 56.3014520070413269 -2.4481874214561556 3.6024828391560835 -0.0299556377760124 -0.1672051101953735 0.1171505396367593 -0.9784788510503440
1735977584.502501 56.5902643533801211 -2.5598189643274281 3.5982804154879240 -0.0338285047940277 -0.1643084174699661 0.1823332719926902 -0.9688203931257618
1735977584.602532 56.8770137001075042 -2.6624673851983336 3.6104034063332029 -0.0105986241089681 -0.1692745296197689 0.2353204514763571 -0.9570047481104607
1735977584.702477 57.1658234344827250 -2.7466093224774109 3.6156258832252246 -0.0215643035021257 -0.1888647512041959 0.2377231811859242 -0.9525506683079329
1735977584.802369 57.4607615050261771 -2.8029432502322393 3.5985920928929147 -0.0418190861762282 -0.1647236780128275 0.2070303561122986 -0.9634602771164602
1735977584.902539 57.7646383309805884 -2.8356052275687422 3.5811247305257909 -0.0381917751383152 -0.1453101262408655 0.1494717855028495 -0.9772842681954103
1735977585.002395 58.0682747971112150 -2.8814932905787485 3.5854621478028026 -0.0471163703072065 -0.1705620971722378 0.1113342037163795 -0.9779025072777563
1735977585.102532 58.3665478544534295 -2.9554277839987741 3.5816896763049768 -0.0433935106204563 -0.1652420943323360 0.1149192490141576 -0.9785732571978032
1735977585.202435 58.6493633103051124 -3.0630865844536976 3.5625674398644289 -0.0363057218407426 -0.1357689240626643 0.1675734319959048 -0.9757908785747093
1735977585.302360 58.9318786331865780 -3.1701145619432203 3.5588644407976657 -0.0293572987790099 -0.1365445270243965 0.2190131556052723 -0.9656743647937976
1735977585.402501 59.2224427769329793 -3.2658752549471801 3.5570249055271490 -0.0287374949171224 -0.1606827175344673 0.2399436695367527 -0.9569651279544436
1735977585.502473 59.5248702116351751 -3.3258633143961180 3.5401789839485893 -0.0343821248347162 -0.1631604863521083 0.2156416312920708 -0.9621305587283299
1735977585.602553 59.8204928418592203 -3.3585012657388793 3.5136230921633551 -0.0316650514572966 -0.1506656870856850 0.1574597081728012 -0.9754504680163629
1735977585.702642 60.1196113580379716 -3.3873213451809558 3.5126312477116270 -0.0377222285916450 -0.1994645056626229 0.1059450238846117 -0.9734303243504049
1735977585.802634 60.4148518831526999 -3.4287523445481112 3.5249198555185779 -0.0252964834154773 -0.2126119988183116 0.0799059481804289 -0.9735354463658114
1735977585.902589 60.6930850165448916 -3.5151616481401096 3.5247737188306778 -0.0281441490099847 -0.1726380070437134 0.1113344657964511 -0.9782681953975084
1735977586.002550 60.9601541807867378 -3.6161290404579867 3.5126638216147112 -0.0256273024640067 -0.1625186432111460 0.1733663418285840 -0.9710175299644190
1735977586.102561 61.2331509616285175 -3.7101184288215263 3.5074451524984296 -0.0200330044638984 -0.1902026069854081 0.2288243118003134 -0.9544951971367991
1735977586.202613 61.5159995198131213 -3.7888864770996329 3.4959444737265293 -0.0176182975489990 -0.1888278254448149 0.2457072198949400 -0.9506111770964809
1735977586.302543 61.8073783017207177 -3.8338479171550306 3.4620300420906207 -0.0115470804543831 -0.1606431281059761 0.2100032939899045 -0.9643438530102717
1735977586.402528 62.1088650242712177 -3.8518859516715938 3.4549322478053548 -0.0166179173576791 -0.1766105313052564 0.1502106166678085 -0.9726095494570497
1735977586.502507 62.4031764100857842 -3.8800122058533342 3.4789481012305425 -0.0415579610361583 -0.1785323139142442 0.1079110023139359 -0.9771153280665208
1735977586.602535 62.6909007791721535 -3.9442819938371163 3.4851844885036605 -0.0419749795166692 -0.1475741203543709 0.1316912950336000 -0.9793453848916542
1735977586.702428 62.9662010529856673 -4.0350778463014363 3.4753561331147376 -0.0384016619469359 -0.1413984132891399 0.1926676149780084 -0.9702633617826207
1735977586.802489 63.2361459005882836 -4.1247996153302164 3.4733684633487072 -0.0300027130471415 -0.1683417068404026 0.2471883787422398 -0.9537603537381149
1735977586.902630 63.5096433757151715 -4.2007727472266456 3.4810851269443441 -0.0401644275668207 -0.1793495649891803 0.2600844632879784 -0.9479328163180268
1735977587.002436 63.7999871470274158 -4.2528141901816596 3.4702653868349063 -0.0388873212726901 -0.1688194134825940 0.2389450157132318 -0.9554543742855703
1735977587.102399 64.0900339182768874 -4.2779054288725868 3.4528932621233865 -0.0346751846340005 -0.1609518724107181 0.1821324046209679 -0.9693915171513862
1735977587.202478 64.3906797476928148 -4.3009638246752013 3.4577753755569520 -0.0421652462850632 -0.1944178789947753 0.1328068777307518 -0.9709717367463906
1735977587.302554 64.6840380065188754 -4.3411106684555731 3.4600594076769795 -0.0406114508472951 -0.1941539107427768 0.1083588215276435 -0.9741218274941303
1735977587.402555 64.9667566032875925 -4.4071564102786676 3.4416091650548815 -0.0480056697544498 -0.1819745723042671 0.1389752234210983 -0.9722482182967279
1735977587.502367 65.2378199249970265 -4.4915714269851215 3.4406426908390308 -0.0450653603712060 -0.1803030944347302 0.1930396041724590 -0.9634290937338432
1735977587.602583 65.5200140902639987 -4.5761911979646186 3.4549002894884571 -0.0520016805031979 -0.1946319038367388 0.2332509463008699 -0.9513192120857640
1735977587.702481 65.8194517808337878 -4.6429742084576153 3.4466601243261095 -0.0542957414971215 -0.1990979279946303 0.2401268906397316 -0.9485520881402439
1735977587.802540 66.1232557811485009 -4.6751900005997742 3.4298927689836640 -0.0450883524012256 -0.1687217587358389 0.1986600959837695 -0.9643827947814850
1735977587.902494 66.4393597059143559 -4.6987223362612154 3.4207575285886684 -0.0454275080805869 -0.1865258693643436 0.1364539978125239 -0.9718666307927462
1735977588.002428 66.7617700258497280 -4.7409817973901900 3.4185565058734375 -0.0426983304967953 -0.2044533174394651 0.1027056978689726 -0.9725364945265710
1735977588.102375 67.0798188211349782 -4.8168727122295429 3.3886479415508450 -0.0446866874337549 -0.1949896658026028 0.1232568536521362 -0.9720030237731585
1735977588.202457 67.3749735469408364 -4.9245158773832625 3.3696389919294902 -0.0326527917359694 -0.1697469293270638 0.1794253554207970 -0.9684659606862810
1735977588.302439 67.6801360701987420 -5.0278423288945575 3.3714057577895780 -0.0401066820180693 -0.1980087595041133 0.2161532136412437 -0.9552286498266823
1735977588.402486 68.0029450459100104 -5.1085095138032495 3.3628742814778203 -0.0422012218352568 -0.1959829557622740 0.2183340571513189 -0.9550601957018934
1735977588.502403 68.3332989803107154 -5.1585055205354164 3.3546711260753685 -0.0374398023477397 -0.1789070918266646 0.1683490404563960 -0.9686326002523860
1735977588.602572 68.6572332852848035 -5.2014458687069167 3.3711362468192712 -0.0295029549444820 -0.2028998459118671 0.1143650213975020 -0.9720503433769433
1735977588.702549 68.9774628837659805 -5.2720447983597349 3.3897775173875302 -0.0252612766786911 -0.2147917358878571 0.1024768092197908 -0.9709402049904898
1735977588.802407 69.2817376015410815 -5.3716911976397341 3.3879156313356829 -0.0279926924643881 -0.1870040031501425 0.1465276386597993 -0.9709663037836066
1735977588.902543 69.5815332520518552 -5.4852466869752030 3.3793255337269414 -0.0193601683307583 -0.1541037571945463 0.2096862731670770 -0.9653542783590028
1735977589.002566 69.8889995388499301 -5.5841745129785076 3.3781825211053826 -0.0188706552119301 -0.1817924470615205 0.2431854888474363 -0.9526049666977862
1735977589.102623 70.2143920777580490 -5.6442765379492474 3.3630304138465630 -0.0294961637423654 -0.1692573227621667 0.2283082693817862 -0.9583095894061381
1735977589.202386 70.5473144115888715 -5.6783799748333843 3.3508551302505230 -0.0334380415576077 -0.1460241091783966 0.1670403182342342 -0.9745031498151524
1735977589.302540 70.8701617851889978 -5.7075831900598688 3.3607733740042978 -0.0362271738931918 -0.1523219480193760 0.1162778779633331 -0.9807981806261874
1735977589.402509 71.1947402927318080 -5.7598758901579572 3.3773640455904643 -0.0344987566600944 -0.1619163689007057 0.1097170773322069 -0.9800791234449373
1735977589.502498 71.4900049529737629 -5.8520513230166245 3.3724656906068802 -0.0380641761425807 -0.1315282882392257 0.1535763695206380 -0.9786039682181481
1735977589.602466 71.7851804452752447 -5.9560868914876162 3.3645249168138802 -0.0496845990071756 -0.1371070740349936 0.2126565577443408 -0.9661833569873717
1735977589.702475 72.0767836378775257 -6.0457893931704731 3.3621125304405362 -0.0489822534656247 -0.1659550280574518 0.2546516442380592 -0.9514264068201664
1735977589.802566 72.3778330583584477 -6.1199871081654971 3.3595423680793273 -0.0522655181021759 -0.1667023341341387 0.2607418063741930 -0.9494695138973468
1735977589.902596 72.6852249251775220 -6.1732054481468897 3.3443288582897024 -0.0557211936059579 -0.1605453655798750 0.2275632868802716 -0.9588197352152273
1735977590.002542 72.9975686028132742 -6.2022124279359598 3.3543383566908767 -0.0491147767664445 -0.1795566539409579 0.1776132203434185 -0.9663336332178187
1735977590.102448 73.3017494202351685 -6.2359601231088524 3.3812413473298530 -0.0402829478972677 -0.1827662154805741 0.1420604994597612 -0.9720044285294474
1735977590.202553 73.5885615153163855 -6.3123074218531086 3.3902003363787672 -0.0431954818649669 -0.1529192470991279 0.1637198096141603 -0.9736250192723029
1735977590.302597 73.8669994671730450 -6.3946476271743435 3.3957607087045942 -0.0356134145493509 -0.1488619525089333 0.2066295306422674 -0.9663726200932643
1735977590.402509 74.1503271312307817 -6.4772181709832086 3.4097875500756456 -0.0258859874258870 -0.1697888019159263 0.2292138787552371 -0.9581036875959308
1735977590.502479 74.4416781916645220 -6.5346887278844701 3.4160120691958324 -0.0312107229903840 -0.1784604673731301 0.2134252897425394 -0.9600142697135782
1735977590.602539 74.7346542674690397 -6.5597821566642178 3.4016767320515480 -0.0182456336770375 -0.1502184593565895 0.1622544202876997 -0.9750769274356555
1735977590.702522 75.0230569414760140 -6.5815743302571024 3.4042823351291407 -0.0244351386153080 -0.1535896946207126 0.1044562629618179 -0.9822942628536616
1735977590.802513 75.3085719607476705 -6.6143412905613834 3.4248787668195746 -0.0291871354187893 -0.1846621086021561 0.0821636980402037 -0.9789265260973414
1735977590.902448 75.5821600218871907 -6.6649856963258616 3.4350887598933819 -0.0218891174296167 -0.1629203111334661 0.1050019436211709 -0.9807917366057401
1735977591.002367 75.8480471321909562 -6.7464929421685360 3.4310004342281060 -0.0141731543541891 -0.1378601619790004 0.1606571853907674 -0.9772322990042299
1735977591.102559 76.1119654181903087 -6.8270040473286979 3.4368541681420064 -0.0239027178546494 -0.1687684152606131 0.2115574396856602 -0.9623873086253946
1735977591.202575 76.3855449315245068 -6.8943930912390172 3.4491044712828183 -0.0315166508480680 -0.1886393579610418 0.2331222363227337 -0.9534547269164145
1735977591.302531 76.6693632133695218 -6.9316852441847656 3.4513664655805054 -0.0234061256571802 -0.1787489772238985 0.2192562840463317 -0.9588678940966399
1735977591.402396 76.9517288189547912 -6.9444474963780145 3.4484570433781152 -0.0204889118809087 -0.1760653811727697 0.1763451245932692 -0.9682373588509215
1735977591.502490 77.2316877787487925 -6.9529928949205155 3.4665994850221371 -0.0272429010095157 -0.1929259621985658 0.1355693645790003 -0.9714207867047058
1735977591.602579 77.5041173153227447 -6.9738950474494414 3.4950701957197485 -0.0285516902795944 -0.1895253874830015 0.1145545177984659 -0.9747523741615393
1735977591.702597 77.7644883648141274 -7.0160405901127074 3.5114709899822296 -0.0265122702524115 -0.1579998768120768 0.1461426217283550 -0.9762046263810650
1735977591.802465 78.0248211837898538 -7.0500968170490923 3.5251195171840379 -0.0061770877043850 -0.1427048315806969 0.1738136634371390 -0.9743644005368722
1735977591.902433 78.3022225468505866 -7.0667154194791442 3.5228863042079075 0.0189840044000534 -0.1855876890910701 0.1732387286676526 -0.9670497195720552
1735977592.002525 78.5753898895421798 -7.0402784193018579 3.5223620656167034 0.0297396036701401 -0.1763647803456966 0.1116444585579375 -0.9775206059723048
1735977592.102529 78.8310573273701465 -6.9705412732441792 3.5214783682355262 0.0478408153469851 -0.1504620868100947 0.0152822469005390 -0.9873392880612816
1735977592.202527 79.0730497159837427 -6.8810363438749222 3.5359839109889353 0.0600589439812466 -0.1696460033916559 -0.0668344116665197 -0.9814001824935057
1735977592.302528 79.3167222694994365 -6.7955428622686975 3.5660565107122002 0.0669399269467345 -0.1854133285378514 -0.1202830555300716 -0.9729711867949793
1735977592.402389 79.5528177216362593 -6.7178664883270791 3.5709618839671502 0.0739174598151038 -0.1464477534745386 -0.1223155274001174 -0.9788402200530865
1735977592.502576 79.7695409983880808 -6.6466826093207976 3.5716972458261780 0.0810182644176584 -0.1179133780143311 -0.1116106401702952 -0.9833999903990119
1735977592.602484 79.9875022221063148 -6.5583437088994367 3.5771059177052460 0.0903569700276650 -0.1593242200982240 -0.1028557827623266 -0.9776871170317535
1735977592.702602 80.1929588639267479 -6.4292928592433523 3.5811754399119291 0.1024505573552726 -0.1637094668059714 -0.1288481341651265 -0.9726773627970706
1735977592.802418 80.3740357666046492 -6.2696755994168294 3.5748077352076706 0.1110149078866575 -0.1277328034140047 -0.1982567643934514 -0.9654295813425006
1735977592.902467 80.5210523168493921 -6.0951498993046549 3.5672663155388995 0.1126026289750053 -0.1336967319299307 -0.2855088720047948 -0.9423006504432243
1735977593.002466 80.6536098748548937 -5.9021427440337124 3.5842243617755210 0.1118820022976179 -0.1558219102882467 -0.3466278654526722 -0.9181781269055159
1735977593.102608 80.7919870072490625 -5.7073828876770580 3.5988379948232607 0.1111030331090155 -0.1589798614077709 -0.3766325545839188 -0.9058308001654253
1735977593.202569 80.9398433010776870 -5.5345921223483598 3.6054353602760587 0.1081979484213841 -0.1547096038955358 -0.3714931805594969 -0.9090384806033676
1735977593.302478 81.0727305430582419 -5.3597705255901475 3.6166942068422903 0.1139178280242531 -0.1611456348339753 -0.3550226173438992 -0.9137908699513686
1735977593.402432 81.1887507807052913 -5.1652417620213376 3.6350304715159609 0.1205829753275298 -0.1758144845516969 -0.3549937004005447 -0.9102354012885401
1735977593.502605 81.2808854378025103 -4.9322030804870103 3.6495310106999566 0.1233687557540617 -0.1660070296385806 -0.4068982690691104 -0.8897503103920965
1735977593.602448 81.3329134694423459 -4.7102804297382521 3.6595605709522250 0.1096044646987927 -0.1174326788629382 -0.4829453093883417 -0.8607904828661642
1735977593.702584 81.3837565753216694 -4.4853779770042346 3.6710896966380138 0.1157335068111989 -0.1319851995147171 -0.5241706679400254 -0.8333251306552263
1735977593.802530 81.4447312868596356 -4.2520795841255810 3.6830183657773947 0.1319468609960792 -0.1480154879143437 -0.5403362204972281 -0.8177519245037159
1735977593.902561 81.5197990416295823 -4.0376256201831948 3.6810653217648679 0.1232382762551535 -0.1196100699117573 -0.5343277262765738 -0.8276470499998596
1735977594.002572 81.5923156986032865 -3.8393732612607137 3.6683707405113672 0.1100723613840052 -0.0992857757853229 -0.5265641935194966 -0.8371120355658602
1735977594.102681 81.6560171349032657 -3.6251673423185826 3.6604467128410922 0.1351496379676358 -0.1262720746465288 -0.5172040050912231 -0.8356374546651654
1735977594.202553 81.6809228517267627 -3.3952500963941503 3.6471710982345482 0.1490356421649376 -0.1158805075059668 -0.5470380529697367 -0.8155424292749727
1735977594.302536 81.6565162574051300 -3.1812939350600380 3.6286084968204131 0.1382974251721511 -0.0614568936641504 -0.6187400237203211 -0.7708810903495320
1735977594.402517 81.6010452190478190 -2.9831505976976871 3.6039348804284494 0.1505977908073394 -0.0578778936993400 -0.6909888164251675 -0.7046310455835897
1735977594.502415 81.5285529028136011 -2.7676430988595913 3.5867626106192980 0.1946136389317464 -0.0902791246905708 -0.7348684740369081 -0.6433844395487928
1735977594.602503 81.4603028035482168 -2.5765673652244732 3.5782610430558779 0.1929900686894732 -0.0725629387457564 -0.7661338525165245 -0.6087104182909970
1735977594.702443 81.4084589249664816 -2.4038372738042257 3.5668640221564534 0.1524154881404996 -0.0334162925996525 -0.7865368135230287 -0.5975054069519605
1735977594.802529 81.3434927828586893 -2.2334582400833392 3.5514981314381706 0.1745968543148065 -0.0552804900989360 -0.7924143063839679 -0.5818415359149006
1735977594.902427 81.2456616756057883 -2.0739592241339944 3.5405335611864657 0.2042958972056719 -0.0638013291085343 -0.8040499546375238 -0.5547037472708380
1735977595.002679 81.1132357355280647 -1.9458869174240723 3.5292237705827505 0.2029999957108071 -0.0297732040209853 -0.8441947604152278 -0.4952168863752662
1735977595.102497 80.9578094032861628 -1.8439387336000919 3.4990495579790797 0.1986550173022653 -0.0186152145091236 -0.8910784780870568 -0.4076380794031276
1735977595.202587 80.7916770424795345 -1.7483437924714582 3.4767316518324303 0.2270764059735275 -0.0455909966548423 -0.9144791154237085 -0.3317916730842342
1735977595.302474 80.6133189443777667 -1.6345435487637103 3.4690027563495920 0.2590512009072026 -0.0484157420601333 -0.9202686069784655 -0.2892301544431657
1735977595.402526 80.4401377866121408 -1.5220286182659732 3.4592508104510626 0.2500489995454659 -0.0342522713218878 -0.9205833339619638 -0.2980412806425960
1735977595.502614 80.2689382326400818 -1.4092325257979927 3.4564236977966032 0.2412406921331786 -0.0173461036588453 -0.9210012152007893 -0.3053830426622135
1735977595.602394 80.0760065396473522 -1.3097090273122698 3.4708405520819130 0.2480178000890556 -0.0106271065429250 -0.9194742999062455 -0.3048626695045334
1735977595.702516 79.8598777871416132 -1.2315309582266762 3.4720494684161118 0.2517138785567732 -0.0181852868773999 -0.9251431011313068 -0.2835836051541790
1735977595.802419 79.6296985988628734 -1.1897899826746676 3.4581227545924489 0.2397640336252040 -0.0215609094069188 -0.9441423438304427 -0.2250412627756893
1735977595.902550 79.3841475748150600 -1.1612160197157888 3.4534835000219801 0.2424881672001669 -0.0321920029354689 -0.9591971214593999 -0.1417887368548999
1735977596.002583 79.1288509448049808 -1.1293818377402112 3.4728901591283252 0.2412030733289344 -0.0414235283372903 -0.9655144934190798 -0.0888083988959608
1735977596.102422 78.8553418294763020 -1.0650827185563192 3.4774274658346633 0.2372924000881086 -0.0460173196512863 -0.9665832527872464 -0.0853905064030092
1735977596.202489 78.5935693929717019 -0.9790744012569768 3.4688997119224680 0.2139743018233340 -0.0388271337121008 -0.9666818689965545 -0.1350319073413682
1735977596.302557 78.3312854298415289 -0.8954442111836610 3.4736553918810009 0.2146419330110413 -0.0242697962314077 -0.9573791024824897 -0.1917422011816710
1735977596.402400 78.0630032558087379 -0.8217264133959339 3.4797151570171447 0.2260625923636849 -0.0329504892144003 -0.9500355225411324 -0.2127027867808497
1735977596.502430 77.7745759379974544 -0.7764713380555792 3.4580360462785902 0.2414730737179312 -0.0289242134378003 -0.9513416408572771 -0.1892174064857739
1735977596.602411 77.4800859171270702 -0.7731336475211809 3.4521031909116209 0.2378649142990044 -0.0188401279271897 -0.9635885620042562 -0.1206748329179876
1735977596.702652 77.1792765146699935 -0.7588623002437607 3.4712586850814020 0.2432811726813201 -0.0261327610133499 -0.9671402427350739 -0.0690731547199284
1735977596.802610 76.8712305128884452 -0.7155069475173172 3.4738827207655647 0.2473755762829635 -0.0267667166099772 -0.9660945923204954 -0.0689210115254315
1735977596.902441 76.5796644573405132 -0.6360946133995399 3.4690442053707913 0.2140858353984230 -0.0306346954437320 -0.9695945328815209 -0.1145216674830340
1735977597.002423 76.2858246173669698 -0.5514604011723041 3.4763918091431716 0.2131429904329565 -0.0216833388244299 -0.9621420298314654 -0.1684714007732741
1735977597.102536 75.9793424382981755 -0.4803087121057198 3.4898510674989156 0.2264395000936217 -0.0386277525580027 -0.9551814971344316 -0.1867119628242774
1735977597.202599 75.6565650172946391 -0.4408046025983818 3.4791811282234550 0.2037794426258722 -0.0389461298112348 -0.9661744552269276 -0.1531798283154975
1735977597.302461 75.3363836126523410 -0.4336172315855036 3.4744217740181087 0.2008318116536595 -0.0326235521710342 -0.9758150299684755 -0.0799206766692840
1735977597.402372 75.0182046513954646 -0.4257333267134653 3.4950190799426593 0.2079570329135128 -0.0425013278720283 -0.9765673210413679 -0.0355496422627365
1735977597.502506 74.7005821715127922 -0.3730550865984408 3.4966464018760290 0.1959373510459730 -0.0564239536096160 -0.9780123977707249 -0.0437794670011485
1735977597.602482 74.4014635178996855 -0.2936771194281258 3.4948894219133879 0.1768442626416165 -0.0490748972207856 -0.9771636827594476 -0.1070929424822469
1735977597.702157 74.1114764047953116 -0.2064457426292526 3.5143626486917103 0.1860993440961551 -0.0390511022564221 -0.9673761889195784 -0.1674077496741752
1735977597.805794 73.8013581971150927 -0.1421412110326393 3.5311333959842828 0.1987905356780551 -0.0395154298626768 -0.9610452841197074 -0.1879170444607700
1735977597.901139 73.4871651627262708 -0.1032277985195789 3.5298674597713937 0.1786737199094140 -0.0441350671232237 -0.9709499109172841 -0.1529185016715729
1735977598.001829 73.1748052127996402 -0.0857570158070570 3.5181608457015807 0.1757512922396940 -0.0462261104837900 -0.9790108138524007 -0.0922629738610140
1735977598.102516 72.8764950895885590 -0.0626593578314245 3.5278615356306138 0.1915780794595969 -0.0620660672655743 -0.9787692630331110 -0.0381624489043699
1735977598.202531 72.5830303184001338 0.0019249099833402 3.5204606355140489 0.1867390341659371 -0.0612863945474715 -0.9795168379955316 -0.0438095314444274
1735977598.302570 72.2890732477297604 0.0935454550403023 3.4948996406994266 0.1757091623004134 -0.0400567700989874 -0.9772478791881908 -0.1118406369577152
1735977598.402542 72.0015497057691078 0.1994544940688793 3.4788379640932612 0.1870525586104236 -0.0115569978841818 -0.9656646896010945 -0.1799152116270911
1735977598.502398 71.6914657590582607 0.3003137765702501 3.4673633268985902 0.2136013697956902 -0.0215681942392329 -0.9531336339808979 -0.2131796040737278
1735977598.602469 71.3822567495716811 0.3494166952874864 3.4409997618844637 0.1933577470828454 -0.0130589318787951 -0.9620555054088735 -0.1920714722537119
1735977598.702588 71.0623344090490292 0.3648277302550091 3.4330416454780224 0.1896422945748574 -0.0137342948528592 -0.9744748182753223 -0.1193565993171521
1735977598.802506 70.7552284915476264 0.3746525693915292 3.4487315553462974 0.2149679814551078 -0.0293590057580895 -0.9750493796533063 -0.0469629957276524
1735977598.902420 70.4443827756722669 0.4040836036610252 3.4515375215581527 0.2149051091470843 -0.0493919458447433 -0.9750800810852513 -0.0243939586563822
1735977599.002560 70.1408703156231041 0.4707730252996005 3.4475626069990168 0.1944084904014373 -0.0468631886841927 -0.9774173489343351 -0.0682971918043512
1735977599.102494 69.8466500037130942 0.5601807258999524 3.4692561913134292 0.1975963954282158 -0.0378134559162667 -0.9711391334025680 -0.1281194389605033
1735977599.202599 69.5386191553038486 0.6381274357476453 3.4966754687098276 0.2151542760628075 -0.0422375910841080 -0.9629312231194717 -0.1571244186399413
1735977599.302561 69.2306382677384562 0.6881937178500392 3.5032606165033058 0.1909923266458282 -0.0441488536808220 -0.9700659558944317 -0.1433347518772230
1735977599.402547 68.9269500592929347 0.7081099548846504 3.4985649381279180 0.1830993611221934 -0.0464691736011236 -0.9781560737774296 -0.0867521480644548
1735977599.502519 68.6244503078659562 0.7337374748367856 3.5204271220835697 0.1877588687333858 -0.0394453636090974 -0.9800826704039287 -0.0512701636003767
1735977599.602612 68.3187570616276361 0.7992853795529424 3.5314387686126456 0.1841494095387226 -0.0508474435045664 -0.9801361826024825 -0.0532597034259776
1735977599.702554 68.0299020961369934 0.9085732346101293 3.5280932453616463 0.1455933295145490 -0.0541639064026246 -0.9796885903153988 -0.1268034686035934
1735977599.802444 67.7631387454491687 1.0372422574700635 3.5266672248966713 0.1320042830348495 -0.0292387217427490 -0.9673889663932569 -0.2141927965919762
1735977599.902519 67.4741173735249760 1.1668960586883914 3.5243013156390255 0.1683768825215931 -0.0242966169223006 -0.9486390312118075 -0.2667262422409238
1735977600.002720 67.1656973516031570 1.2622526601605557 3.5045767709879367 0.1745735377081692 -0.0201643343732641 -0.9489168408947608 -0.2620578344901079
1735977600.102511 66.8560921811826461 1.3059155385665366 3.4839254892910945 0.1875065768890858 -0.0251458014762987 -0.9628392360555394 -0.1927422574409594
1735977600.202455 66.5543125939933589 1.3204423369719553 3.5000537259158251 0.2127175188274195 -0.0192226955143346 -0.9698002316002291 -0.1177678052322099
1735977600.302434 66.2568536412096165 1.3646275223760127 3.5382739717900140 0.2350816743043501 -0.0310016646056744 -0.9683979373248569 -0.0773365255419658
1735977600.402383 65.9686896887163670 1.4608241395657851 3.5615677282976628 0.1839809934099831 -0.0363220243359075 -0.9742644174063989 -0.1250621828843066
1735977600.502399 65.7059091131113462 1.5699750632895089 3.5921730763149378 0.1482742973543781 -0.0179472749435173 -0.9682877165461956 -0.2002786210555727
1735977600.602513 65.4359818269455502 1.6629989833173218 3.6210783133952105 0.1780115979415744 -0.0114482028667896 -0.9548918158330765 -0.2374077288219960
1735977600.702554 65.1458709409006076 1.7242293711826686 3.6336821186865080 0.2095811362831232 -0.0134123061391962 -0.9500383182650149 -0.2309178451018576
1735977600.802500 64.8571412546275070 1.7457775280447021 3.6428609892413197 0.1707521207225311 -0.0168959914329130 -0.9701822307299527 -0.1711860914855826
1735977600.902532 64.5632199439053949 1.7625506390855872 3.6579579541547367 0.1522562070637092 -0.0267427530192053 -0.9833823284819253 -0.0951948979777463
1735977601.002553 64.2632698067191654 1.7886254128356496 3.6572160659924160 0.1855541708370881 -0.0323319258048661 -0.9796433976061429 -0.0694486125520293
1735977601.102520 63.9737487411139440 1.8682999884442444 3.6367281515176431 0.1719311757527121 -0.0316448139370206 -0.9785296624690568 -0.1091694839383936
1735977601.202499 63.7008241915192315 1.9677220316705739 3.6155150461275278 0.1607524910264164 -0.0200857700670668 -0.9713431092607642 -0.1739188390061474
1735977601.302442 63.4169523620525624 2.0693678857285009 3.6009709155837242 0.2233203001486469 -0.0328753686898298 -0.9499147540809341 -0.2161231446522668
1735977601.402561 63.1176313513687788 2.1371459291878137 3.6015073677940390 0.2311456328539035 -0.0389783148228982 -0.9488164143633151 -0.2116596305885401
1735977601.502584 62.8061953243264881 2.1652846840137290 3.5977659653485028 0.1947062131693654 -0.0362846467709129 -0.9677364031903419 -0.1557535518123933
1735977601.602579 62.5091578104084817 2.1733556268381906 3.6129883053886265 0.1822357737606725 -0.0373163757324729 -0.9789016568829046 -0.0845526878102992
1735977601.702455 62.1982809699456993 2.2039268233639073 3.6361303048409024 0.2134065646931241 -0.0388652941128187 -0.9752537544136880 -0.0427462461674661
1735977601.802547 61.8849678907417626 2.2691791398744274 3.6398979075793827 0.2026245228132605 -0.0432997034761435 -0.9770512314267791 -0.0493895697591234
1735977601.902563 61.5862890720025078 2.3727499790282507 3.6214552829716564 0.1769229851380348 -0.0401929506037695 -0.9767199198024955 -0.1144595225947435
1735977602.002542 61.2982213577922437 2.4980919644377750 3.6115174276061555 0.2106114405410037 -0.0294818578878961 -0.9585619094173702 -0.1895592439920740
1735977602.102500 60.9969663528060053 2.6031154246986188 3.6113916430212059 0.2194252670380733 -0.0360180358500899 -0.9464060029168699 -0.2342454501621863
1735977602.202562 60.6743988679840456 2.6694879879929005 3.5925226465281748 0.1912054530271250 -0.0296484092145791 -0.9540668570540747 -0.2287310185232793
1735977602.302575 60.3498605978286378 2.6902310990411191 3.5757079305277841 0.1668605775862536 -0.0205672949625361 -0.9729575653398603 -0.1583922664571650
1735977602.402503 60.0159072731154879 2.7135463667441906 3.5867606445729980 0.1648636820913147 -0.0389995048705553 -0.9810324764659730 -0.0942034238559593
1735977602.502595 59.6885837717591983 2.7732230767781760 3.5757968090265155 0.1584775716489787 -0.0453075035062082 -0.9825965432155126 -0.0856511685337878
1735977602.602560 59.3732469390603796 2.8798039441318930 3.5316670519792432 0.1522141354672858 -0.0461533664117396 -0.9782766465495120 -0.1329493382783518
1735977602.702565 59.0738501010265580 3.0136951210047211 3.5090592423088305 0.1848905073016444 -0.0308323800362828 -0.9594761122712658 -0.2104054529518093
1735977602.802480 58.7686184414017063 3.1512790161011934 3.5137669318045881 0.1967110704671642 -0.0218440296690219 -0.9436209297212870 -0.2653434267424304
1735977602.902542 58.4416854548585079 3.2526950840101287 3.4914280724906264 0.1939924370358184 -0.0055329408734510 -0.9426906770262640 -0.2714233011109385
1735977603.002546 58.0968674329084180 3.3041484469392803 3.4515590624278971 0.2033020511711250 0.0064705040826182 -0.9576971061423152 -0.2035747073021727
1735977603.102573 57.7562262162250306 3.3070491348341382 3.4627025694175098 0.2338099171122898 0.0012850670537221 -0.9666310098288714 -0.1046697764391812
1735977603.202580 57.4156995108470127 3.3391268974439750 3.4854933056397543 0.2423475547026823 -0.0207390439892342 -0.9678379009289126 -0.0642444729884158
1735977603.302573 57.0860953682607644 3.4217533988877831 3.4815770396678385 0.2193445773267710 -0.0237629600706279 -0.9700808706280263 -0.1013231590880997
1735977603.402597 56.7846343270303677 3.5321671821485925 3.4951002356126146 0.2121108474758923 -0.0103442161366292 -0.9614272189361637 -0.1748132954447446
1735977603.502641 56.4894114703921986 3.6238818776120958 3.5347989797885311 0.2218665352164180 -0.0084799170950667 -0.9519070913947445 -0.2111308146849261
1735977603.602419 56.1584304230897260 3.6693557603340761 3.5554079169222268 0.2206961763342958 -0.0008100393364085 -0.9536817531019075 -0.2044105070395529
1735977603.702655 55.8267468165999503 3.6752433484036713 3.5467809357631133 0.1717462196462985 -0.0025363591586064 -0.9745402182486614 -0.1441116439961581
1735977603.802673 55.5040102384285845 3.6629340786752556 3.5392141629088578 0.1652829642836001 -0.0113265880587958 -0.9839542926541353 -0.0662359425695205
1735977603.902623 55.1948501814063448 3.6719236714288082 3.5477668222262762 0.1730836372358437 -0.0260163244307499 -0.9843021427647742 -0.0226825292460751
1735977604.002501 54.8857875551929197 3.7275279541349544 3.5405756387651621 0.1661125320029941 -0.0362557897427479 -0.9848056808900778 -0.0353541413177309
1735977604.102475 54.5999773153571653 3.8241928710329236 3.5279550689078962 0.1299882166247291 -0.0295096070441612 -0.9849070801856081 -0.1104096464584579
1735977604.202440 54.3280299152026629 3.9475288640685160 3.5339338394825885 0.1434670547415594 -0.0230420718512503 -0.9693405450904637 -0.1981544215310551
1735977604.302654 54.0341933040626614 4.0588956833610883 3.5434797510059894 0.2007351991581809 -0.0256988594347644 -0.9468491168305406 -0.2500433930338952
1735977604.402544 53.7322590884786209 4.1345498582836813 3.5414401663122694 0.1950662007189661 -0.0193548647110246 -0.9478194878822249 -0.2514215283935780
1735977604.502482 53.4212501365360239 4.1778855121273688 3.5246135988189331 0.1403921962816254 -0.0218398637303287 -0.9695887947672361 -0.1992752383947402
1735977604.602565 53.1085721069078716 4.2045441679531663 3.5086220575077305 0.1701841753898624 -0.0273430322587343 -0.9756109812095417 -0.1359151146014524
1735977604.702596 52.7964653304597107 4.2507651201213648 3.5027753958342922 0.1961012146975111 -0.0313833427028078 -0.9757460695321076 -0.0920815246811336
1735977604.802441 52.4906179516646318 4.3344083786336434 3.4864656705958201 0.1845909405991225 -0.0448430238509135 -0.9754489653214983 -0.1114208414698799
1735977604.902406 52.1966531398300546 4.4517095920235619 3.4766571597084384 0.1559435805371843 -0.0351489649451869 -0.9703551382553897 -0.1812651527842246
1735977605.002538 51.9135978528847133 4.5663889714485553 3.4848212960336946 0.1858712965735041 -0.0242876429665350 -0.9545652024458459 -0.2316619213179759
1735977605.102404 51.6162948822739409 4.6543321708264269 3.4866362878952963 0.2131113162928995 -0.0230875743494963 -0.9479665051918200 -0.2353933639951883
1735977605.202794 51.3120984424005542 4.7022426674485009 3.4831294823664387 0.1855640321152400 -0.0196395797258286 -0.9653847045903087 -0.1822433785804290
1735977605.302476 51.0090276737896531 4.7198154498205218 3.4800092876531599 0.1779960371646420 -0.0157931218261477 -0.9783038410952127 -0.1048312098328577
1735977605.402545 50.7004926950249128 4.7499369476408146 3.4873875783909725 0.2136132061038664 -0.0184705240346162 -0.9746328476006980 -0.0641798278095892
1735977605.502578 50.3973097589781318 4.8159670815925217 3.4858595383755273 0.2046769931408891 -0.0214679279621038 -0.9748345864339822 -0.0856970573584942
1735977605.602536 50.1111717088397626 4.9089755409047031 3.4850385648696376 0.1994941363750236 -0.0125856847754007 -0.9686986888393205 -0.1471955852996250
1735977605.702552 49.8336033204997122 4.9968278827163237 3.4954683597411171 0.2060575315513550 -0.0032710422287259 -0.9574054464681507 -0.2022483746456846
1735977605.802555 49.5352969332853803 5.0393812556745345 3.4979280115098921 0.2017062934136337 0.0122263823232010 -0.9572493110233424 -0.2069754654976192
1735977605.902543 49.2367201778507919 5.0311249402900948 3.4801305728896739 0.1767322305496714 0.0240711300308642 -0.9733371437753158 -0.1442258781609092
1735977606.002605 48.9372792922748658 4.9783103637040886 3.4699818705482559 0.1869963244029338 0.0403877589904435 -0.9801248076968818 -0.0525029991588409
1735977606.102556 48.6373965294785506 4.9293675769128074 3.4853361210767111 0.2078864546091580 0.0319915844547745 -0.9775956393179902 -0.0081563779067508
1735977606.202796 48.3441120720310451 4.9219686856839013 3.4978422914029763 0.1734673824732009 0.0375456891777990 -0.9837086752072851 -0.0285767521595491
1735977606.302002 48.0581640218843091 4.9299137160018995 3.5090458842347854 0.1401390787755821 0.0343447609075936 -0.9871475078170503 -0.0687115260252462
1735977606.402485 47.7669431536913223 4.9249344114953129 3.5156712831044876 0.1775030444584487 0.0256957858987577 -0.9793324388794187 -0.0934899457349125
1735977606.502542 47.4655224196471437 4.8620618104933273 3.5061109508809611 0.2045487752041448 0.0290652398359127 -0.9757476859023180 -0.0723288590538837
1735977606.602610 47.1760529692396773 4.7611277661536402 3.4865144596941930 0.1756882273607341 0.0306936456512761 -0.9839458308673360 0.0064922108918787
1735977606.702492 46.8939681156755483 4.6427961326536513 3.4614332255392930 0.1900034090355877 0.0210746763381451 -0.9759423182308927 0.1048387049624740
1735977606.802507 46.6034270693731116 4.5318264036906193 3.4511670966356478 0.2288066203963553 0.0149469914892324 -0.9606091431482100 0.1570165341875844
1735977606.902522 46.2965224297372799 4.4789358343810530 3.4276144456457267 0.2372571181199123 -0.0033443414841286 -0.9606540033463370 0.1443667591107026
1735977607.001952 45.9867847793794837 4.4612979276441802 3.4099676837677171 0.2228088322750781 -0.0113042319521580 -0.9725693744179795 0.0658578054934124
1735977607.102550 45.6841467705218278 4.4551166392230428 3.4135912957356860 0.2292056482225110 0.0074184890660217 -0.9733308224520532 -0.0060701653754866
1735977607.202561 45.3572721394454348 4.4329634670685731 3.4220436863364818 0.2568767400138188 0.0111498131691912 -0.9658818480598603 -0.0310206011327002
1735977607.302433 45.0377207679993248 4.3786125200741921 3.4168708704842343 0.2193061554253527 0.0022916679956966 -0.9756505306710458 -0.0023665273409769
1735977607.402501 44.7245831309274777 4.2952363586119491 3.4009045666542490 0.2136884052671617 -0.0091916368277535 -0.9745480819261754 0.0671477124019632
1735977607.502419 44.4131128486057705 4.2081899774492877 3.4036466550819315 0.2508009402641413 -0.0143870101900115 -0.9615801532895208 0.1107046119189124
1735977607.602542 44.0944876051846961 4.1693320356508989 3.4011392754018210 0.2603928652392888 -0.0235125901507238 -0.9590285103726923 0.1091193389331721
1735977607.702593 43.7697843483708766 4.1727022468614265 3.3986004293942718 0.2235387467662139 -0.0317508745148331 -0.9732589351151523 0.0423007787192335
1735977607.802551 43.4492111827673355 4.2089595298346412 3.4067596181276856 0.2239518948627307 -0.0276584067503919 -0.9735792351722493 -0.0349861996341469
1735977607.902528 43.1187050231794728 4.2322137924444876 3.4196125874112933 0.2384119795791558 -0.0300491163701953 -0.9669311825181588 -0.0854451102904881
1735977608.002516 42.7933679529309074 4.2326105602932120 3.4181388150208272 0.2211828389335168 -0.0393513463829373 -0.9706549763201682 -0.0857819342522313
1735977608.101490 42.4660238754391273 4.1940218079776770 3.4236762929234539 0.2115432220320868 -0.0487885390609567 -0.9757055996157661 -0.0294571985602725
1735977608.202574 42.1317002723042862 4.1533150336018680 3.4428283403203137 0.2318952382980718 -0.0419184456394185 -0.9716625653936376 0.0184201352468046
1735977608.302531 41.8014355608625507 4.1604617971790807 3.4465516303668324 0.2134202399682724 -0.0490130232858886 -0.9756889187206875 0.0089810136353103
1735977608.402537 41.4728634959354707 4.2338492125730589 3.4456988665500914 0.1837411292144507 -0.0472632843270159 -0.9787018391274893 -0.0784097537178415
1735977608.502411 41.1582556089044047 4.3167772022775477 3.4516884177257507 0.2029053380299068 -0.0270117193106163 -0.9658716187020724 -0.1587192710564546
1735977608.602765 40.8424714147213805 4.3845680383118077 3.4550070713739260 0.2289123753863220 -0.0309498411403159 -0.9549390640228033 -0.1863668847505725
1735977608.702528 40.5118996716618227 4.4118785532057574 3.4355280859761326 0.2243494321554481 -0.0395674220877976 -0.9582397097779352 -0.1728537243033906
1735977608.802588 40.1783496890476144 4.4202535942979413 3.4197204909169003 0.2310838033199843 -0.0466426359819387 -0.9653242216235479 -0.1121333469522718
1735977608.902447 39.8447775622993419 4.4255102397090216 3.4302833512095425 0.2495930807171120 -0.0594786061937326 -0.9648609955229575 -0.0566467014206443
1735977609.002578 39.5177538781983060 4.4692012786270974 3.4361177030847392 0.2337967435655084 -0.0757611777606768 -0.9676091719053734 -0.0577218943476077
1735977609.102534 39.2046773476434609 4.5580071078621254 3.4370091001439844 0.1896081009964357 -0.0639546701838436 -0.9704382434958606 -0.1349377032517975
1735977609.202488 38.8862712842942813 4.6751108180568988 3.4446401209971138 0.2030483706786107 -0.0547157796128301 -0.9560286027860847 -0.2044183291219472
1735977609.302604 38.5594783391058868 4.7663892605333356 3.4509951551361198 0.2275572589854159 -0.0465087767518578 -0.9446156583990283 -0.2318531549827616
1735977609.402661 38.2207580898288057 4.8146067038830322 3.4396358410197103 0.1984148907987845 -0.0315684545789603 -0.9600499083443157 -0.1947797147366057
1735977609.502457 37.8871548066513526 4.8277678019237893 3.4217275682025075 0.2013284466591222 -0.0221337267491506 -0.9724281479964928 -0.1155874201205749
1735977609.602492 37.5482656904876464 4.8360524842034449 3.4241610527031288 0.2383782536890121 -0.0347699751268069 -0.9688966015922131 -0.0566236030372376
1735977609.702608 37.2124928727826045 4.9003319853007676 3.4137522271557557 0.2448793623271508 -0.0432663352548480 -0.9660967898786451 -0.0694198438923652
1735977609.802492 36.8984406552239861 4.9913035053300421 3.4120379645905787 0.2007889223621990 -0.0403930248248199 -0.9687800969349035 -0.1397044594310685
1735977609.902484 36.5988834601096684 5.0907922247744866 3.4287131367555399 0.2168373073598024 -0.0319413837204883 -0.9545812648591626 -0.2018314616774410
1735977610.002619 36.2855728755975875 5.1679638083029431 3.4424845067807186 0.2297577001181512 -0.0316813650212364 -0.9491588818665810 -0.2128499643424699
1735977610.102529 35.9618070951339206 5.2047417175264865 3.4350674531359160 0.1994458803008789 -0.0269596949304016 -0.9642029184887737 -0.1726477560178490
1735977610.202603 35.6491996410996705 5.2051630224013179 3.4161654880359444 0.1897085340848617 -0.0209229898957881 -0.9767591042615160 -0.0975425693296754
1735977610.302360 35.3377480125044130 5.2043331908728092 3.4258313880844451 0.2091151465621611 -0.0177711187620677 -0.9768104095933490 -0.0423847440278259
1735977610.402479 35.0235792439575704 5.2350188645549416 3.4341696543933891 0.2085895904586564 -0.0140996293443158 -0.9771338454581070 -0.0387431447471084
1735977610.502539 34.7212925880270618 5.3127345831031363 3.4060237476250159 0.1628642291764394 -0.0237874384828785 -0.9826245015982173 -0.0857816383851607
1735977610.602521 34.4309960738697853 5.4066296117432149 3.3643569401738342 0.1662258995304003 -0.0333058960560172 -0.9733604225052584 -0.1543669508463508
1735977610.702569 34.1321111652920237 5.5085136780982022 3.3277139766783992 0.2184366658351568 -0.0362822210554178 -0.9519310907809666 -0.2116511796769982
1735977610.802411 33.8208237069166842 5.5845262387781442 3.2918714752321021 0.2013944345375981 -0.0131232163303758 -0.9546395278400661 -0.2189324891735415
1735977610.902365 33.5110724916662974 5.6090513389835426 3.2504373478411637 0.1686446452483710 -0.0059050646442041 -0.9720186424222785 -0.1634131959914790
1735977611.002493 33.2145425956190437 5.5891861966607284 3.2356790786317671 0.2078379488894865 -0.0131633653777697 -0.9737197668832663 -0.0921950562348108
1735977611.102541 32.8977007096700831 5.5827748655835299 3.2453755434967273 0.2454194480991200 -0.0231869024570719 -0.9674350364959207 -0.0574553061893030
1735977611.202410 32.5991836377238613 5.6270529541270244 3.2589756140092185 0.1767515514589781 -0.0154349512472835 -0.9791162614298543 -0.0992572311746785
1735977611.302505 32.3227292319545825 5.6858150803916425 3.2570657253902420 0.1400129541829973 -0.0109459829224518 -0.9754023830651444 -0.1699021754706182
1735977611.402541 32.0478673814824333 5.7744788847402484 3.2706663375048692 0.1902733634848301 -0.0190660868525609 -0.9488278542267689 -0.2513130209991631
1735977611.502434 31.7698379471641381 5.8181304976054173 3.2705915666298284 0.2132381903793514 -0.0057333171515254 -0.9367384951824330 -0.2775204404751663
1735977611.602515 31.4845714887624624 5.8334928733241487 3.2418367111657793 0.1794468082646511 0.0010927286293871 -0.9455636861136462 -0.2714902658493416
1735977611.702500 31.1902599504523579 5.8085446008200634 3.2016089722825365 0.1470923699787287 -0.0009217645819932 -0.9656396322570249 -0.2142500540457671
1735977611.802480 30.8854532817514453 5.7707238679606165 3.1834626753796766 0.1627607331694535 -0.0130095504042001 -0.9743975543725731 -0.1545609956268754
1735977611.902547 30.5488420116066912 5.7401829398024740 3.1654451130268293 0.2072149237297288 -0.0182216700333569 -0.9714374234337584 -0.1141896601153486
1735977612.002423 30.2504942047659320 5.7334475389965993 3.1249819967197698 0.1568941932741101 -0.0087783249904426 -0.9802435053970076 -0.1201241992864681
1735977612.102389 29.9505808215272218 5.7528598943601210 3.0774524672946493 0.1826890864260617 0.0069457618189079 -0.9726125720247418 -0.1435313165583826
1735977612.202429 29.6518325593141476 5.7739999314258066 3.0432247698570172 0.2293625765543486 0.0221354758416734 -0.9594960655390729 -0.1620806262347620
1735977612.302435 29.3512904712417502 5.7662291101950958 3.0129999202704152 0.2184947016902006 0.0226875040627534 -0.9656316584848894 -0.1389274725330987
1735977612.402507 29.0514246497504800 5.7267167979065867 2.9684812417078756 0.1935765379784929 0.0292943066845274 -0.9770454465906980 -0.0839771566351074
1735977612.502429 28.7609198286906711 5.6578827284118924 2.9398601674564468 0.1812445354433526 0.0398480223981194 -0.9825246396750920 -0.0144182493463362
1735977612.602568 28.4572861756924809 5.6052402024845485 2.9269189857049174 0.2084916900533110 0.0267786718751414 -0.9774785746353589 0.0187017122249418
1735977612.702428 28.1450502963252767 5.5885009224916971 2.9133413181136660 0.1845522670751437 0.0314580033591306 -0.9821748948766191 -0.0168324275190517
1735977612.802494 27.8460563523412432 5.5876745503878702 2.8918984162826873 0.1819245778042745 0.0195887412749285 -0.9813262257996630 -0.0593175165005185
1735977612.902547 27.5590305582581578 5.5833421627815714 2.8886112482236834 0.2187494610941341 0.0194908209668327 -0.9710972816014887 -0.0934818208811964
1735977613.002506 27.2691912349485435 5.5438241830655679 2.8912929583036591 0.2189707601268775 0.0296427147964537 -0.9713377352364667 -0.0876134679980503
1735977613.102591 26.9806197963976260 5.4670078562652842 2.8712145870169845 0.2216029952621652 0.0291511858688928 -0.9737273216380387 -0.0435594300799002
1735977613.202572 26.7103204786002166 5.3549542416923055 2.8744745163972842 0.2112215669747519 0.0416751622215347 -0.9759519062540537 0.0341541677927921
1735977613.302463 26.4221016598391643 5.2385355574716996 2.8897166743033029 0.2229342138310025 0.0354310603722891 -0.9709084408159748 0.0798860176547856
1735977613.402528 26.1245602120243241 5.1518162999059962 2.9009909709036568 0.1992314301922294 0.0175749344673570 -0.9768989505120886 0.0752754899712173
1735977613.502511 25.8388700268417573 5.1076163902450151 2.8974677013919026 0.1595233519462955 0.0036342853681147 -0.9867981329966417 0.0277224975069707
1735977613.602574 25.5635743516742480 5.0741357242723613 2.8991414948216692 0.1710781336475881 0.0045146222181410 -0.9851839036651691 -0.0111609288567127
1735977613.702507 25.2863466985168834 5.0292518227895950 2.9003214006967193 0.2065878600658334 0.0000937481645763 -0.9782547119863002 -0.0184164535484500
1735977613.802600 25.0033545064962013 4.9552054156110739 2.8803115265803534 0.1987049109047941 0.0033283981913983 -0.9800152660516900 0.0086809246876587
1735977613.902604 24.7336861722850401 4.8479898327507529 2.8649829439815493 0.1627222567739453 0.0060420129026851 -0.9840112446411499 0.0721583789331023
1735977614.002427 24.4580909215709035 4.7403049953234930 2.8518898527604302 0.1761363604657200 0.0098111190844038 -0.9746873327200423 0.1373474713975156
1735977614.102550 24.1637139228954574 4.6500334762390096 2.8333718766458240 0.1959204317642966 0.0150491969527174 -0.9670550496030701 0.1618432486252471
1735977614.202376 23.8754284716560612 4.6102909194619430 2.8046082316769616 0.1593694082031429 0.0017447206725126 -0.9795905599495749 0.1224772735507820
1735977614.302587 23.5946518205102436 4.5969609159643898 2.7816660892521958 0.1518500838477370 0.0039038359498777 -0.9865949452876511 0.0596382933455368
1735977614.402503 23.3138738019403782 4.5913927309123874 2.7742576449760983 0.1910591679718504 0.0157497631074947 -0.9814516004978383 0.0010465066619828
1735977614.502554 23.0341856689826834 4.5583617420876896 2.7593706141877337 0.2075833682524187 0.0384830931337883 -0.9773352694830841 -0.0156194683732984
1735977614.602391 22.7623486252714997 4.4966795400424520 2.7361627624690970 0.1728481268539143 0.0358971893954418 -0.9840689243518330 0.0210539535866132
1735977614.702329 22.4975980968758940 4.4132225953365589 2.7102937842212471 0.1779229033412471 0.0210828703998570 -0.9809256342907381 0.0753913326161400
1735977614.802543 22.2371053344092218 4.3231733523220921 2.6983760926622087 0.2031015615613130 0.0146508722093330 -0.9741415803829375 0.0978942746226507
1735977614.902535 21.9628005131640016 4.2709081408163136 2.6847117395003131 0.2055773821404334 0.0139989986473764 -0.9759759210195209 0.0708023274988541
1735977615.002471 21.7030640184640404 4.2514274762798054 2.6643881568198058 0.1455278647657329 0.0076092844624367 -0.9892919736380609 0.0080703322116639
1735977615.102505 21.4376190018958930 4.2289423317531876 2.6329284265944501 0.1832679771950252 0.0060814257030315 -0.9823930611426117 -0.0357734288978681
1735977615.202507 21.1751954800179263 4.1930835801640347 2.6083824505741808 0.2167591431541552 -0.0000516753844309 -0.9748134656383877 -0.0524802667562514
1735977615.302513 20.9107289802447056 4.1195999664052181 2.5828542737019027 0.1923253555081363 -0.0014908573818405 -0.9810836778420162 -0.0219898168459674
1735977615.402380 20.6571435487722184 4.0169815004562217 2.5400870526349717 0.1921857220263441 0.0035821432368493 -0.9809621357217052 0.0276605274597968
1735977615.502510 20.4075170514354802 3.9039585503718217 2.5023325778902659 0.2197420748391493 0.0108515288197016 -0.9720872969941143 0.0814981710858427
1735977615.602545 20.1477010549796915 3.7990560605643027 2.4816999278132803 0.2411347445909749 0.0079554714396512 -0.9631908500527421 0.1185501235760397
1735977615.702428 19.8841409271889731 3.7290073153570571 2.4534065017696109 0.2027831000829091 0.0019730061872595 -0.9744970276195898 0.0960763484315183
1735977615.802598 19.6234449904403228 3.6766900228709853 2.4151012970038352 0.1932996669916437 0.0026732200505651 -0.9796652638473431 0.0537034770419619
1735977615.902377 19.3568239844372094 3.6365062647674287 2.3898446507470541 0.2094069574214087 0.0070414145771425 -0.9776819942812772 0.0153968413139114
1735977616.002443 19.0828888387697049 3.5712425130481158 2.3674894545297995 0.2037580082279978 0.0078833061161633 -0.9789376593409956 0.0100790223539297
1735977616.102502 18.8184267881240750 3.4731184426605801 2.3257759850534598 0.1704655091349984 0.0191736975247677 -0.9835554993133460 0.0565018520851233
1735977616.202424 18.5794767553842526 3.3464749542463434 2.2886507068278608 0.1897378890394958 0.0142811430715664 -0.9725420028403483 0.1340061010800978
1735977616.302348 18.3372713620755441 3.2165123941145790 2.2737463690376245 0.2325264919380788 0.0083569413722172 -0.9560028927032049 0.1786618628050664
1735977616.402385 18.0731319003656346 3.1291499957002578 2.2647130004568417 0.2446112452177289 0.0089743889965411 -0.9554222109865067 0.1650854257916971
1735977616.502421 17.8152638195973267 3.0835259578841514 2.2592863357104584 0.1657179166871959 0.0032886962123084 -0.9809294766993119 0.1015092030728888
1735977616.702598 17.5536200310878705 3.0475629326402656 2.2470530575998318 0.1729334234718810 0.0030524784399668 -0.9840022771480793 0.0427110288925871
1735977616.802349 17.2840517690743809 3.0032518484636759 2.2322135489051758 0.2220882126435207 0.0019759729613533 -0.9750079728031786 0.0056898423439090
1735977616.902597 17.0232969571298050 2.9176052405451935 2.2201657806497055 0.2150808860198387 0.0100274036769112 -0.9762979779710507 0.0219527186029324
1735977617.002445 16.7814309454991957 2.8023001552509608 2.1922857989191500 0.1461200092738698 0.0105472326849669 -0.9852371224062706 0.0885748915048990
1735977617.102486 16.5426232342929609 2.6593365825508202 2.1486494622490779 0.1848732366252033 0.0073211442060312 -0.9683893629595041 0.1673031049745400
1735977617.202344 16.2887224741881269 2.5423156570976007 2.1152576769634979 0.2222377380710591 0.0024339422696456 -0.9536586641273591 0.2028290315435839
1735977617.302494 16.0072163777833296 2.4671760527437052 2.0821180156496895 0.2148028901716416 -0.0046813350520988 -0.9598153627860059 0.1805333011829335
1735977617.402406 15.7239123360854958 2.4401265496044884 2.0580463000297051 0.1513657492353002 -0.0074316809678898 -0.9832483881526203 0.1012708609211064
1735977617.402406 15.4373823405077797 2.4178736398471727 2.0255365090969630 0.1951751113708043 0.0024552434908289 -0.9800491242127666 0.0374748156844613
1735977617.502471 15.1534013971279169 2.3725218971510649 1.9990405168220384 0.2247600432298398 0.0050230224335126 -0.9743728886161573 0.0074273913831434
1735977617.602530 14.8781035500921952 2.2835380403706509 1.9667540961530952 0.2014738028563554 0.0009997993270961 -0.9788819372520038 0.0346043362263784
1735977617.802331 14.6212277612931594 2.1613708179171618 1.9303400863167204 0.1847062268286086 0.0020395969752392 -0.9778927642196276 0.0980060789023468
1735977617.902563 14.3668510275954731 2.0334955479676582 1.9173066039399067 0.2137045493270356 0.0017850362302099 -0.9632869169793982 0.1624976763492679
1735977618.002374 14.0875712928007779 1.9295505631116334 1.9095923945753381 0.2427326890545686 -0.0073785388755678 -0.9528826437563195 0.1817720167032512
1735977618.102505 13.7978992824054281 1.8845234759145588 1.9038498254264415 0.1787950099736917 -0.0268847608100413 -0.9753793588678838 0.1262721677139119
1735977618.202423 13.5253249473209127 1.8741986009260461 1.8949173946832889 0.1532521454442434 -0.0158743991813341 -0.9865509398222958 0.0545804589859123
1735977618.302524 13.2430659064219984 1.8545481619752493 1.8814632580344748 0.1846735588666127 -0.0000372043259286 -0.9827743653753901 0.0070867504808074
1735977618.302524 12.9592925890074575 1.8120512120752779 1.8592747840055370 0.2000182622791463 0.0111150012386002 -0.9797064295099573 0.0066680941165763
1735977618.402319 12.6896331848599875 1.7278689251214889 1.8311697921843340 0.1610443042830440 0.0061603754436194 -0.9854440197357605 0.0541005157037353
1735977618.502593 12.4450802773956379 1.6222432039082393 1.7981488179436051 0.1959682295161056 0.0189740723854368 -0.9744670695760149 0.1079368700184014
1735977618.702603 12.1892847643846096 1.5329364542058970 1.7895716465964027 0.2321784624745282 0.0181795836767652 -0.9634454718373222 0.1324216262415743
1735977618.802457 11.9214190478117583 1.4877294927495970 1.7903623867753753 0.2205273673700256 0.0162104815661720 -0.9702764787128818 0.0983283040877298
1735977618.902611 11.6512751034458120 1.4799287014954874 1.7876190537100625 0.1605821513184939 0.0191160457114681 -0.9863501389236231 0.0310056917295994
1735977619.002453 11.3865386587072202 1.4812534323122528 1.7613574564334553 0.1928492225996557 0.0182447389062860 -0.9807728893406528 -0.0236821954078945
1735977619.102372 11.1071280409467956 1.4594602721484420 1.7447797949622308 0.2232343695813640 0.0120222132328389 -0.9733345505133139 -0.0513978151640758
1735977619.202305 10.8230813606653165 1.3925274103507312 1.7331029538810268 0.1985088611370352 0.0021881986893796 -0.9798719925933804 -0.0209838501627161
1735977619.302399 10.5614909242688721 1.2771497062202481 1.7037452590920981 0.1343474606169036 -0.0004127200759092 -0.9887574832960780 0.0656447158112099
1735977619.402368 10.2922535880319170 1.1460945173882648 1.6595272471314439 0.1935517016254261 0.0070869757897964 -0.9692120572551064 0.1520378296457209
1735977619.502552 10.0197970938196512 1.0466702152812157 1.6254948123608135 0.2348603365146911 0.0022642944828937 -0.9550979364760429 0.1806195643940753
1735977619.602502 9.7210319344618892 1.0192829348464683 1.5962700242325063 0.2200335147564032 -0.0158291579251901 -0.9675532122832119 0.1231887638697662
1735977619.702421 9.4377438512193699 1.0395431316571431 1.5964276444170002 0.2102440486727857 -0.0032920411869966 -0.9773009616798913 0.0258733987341817
1735977619.802621 9.1575972576913234 1.0478656205780010 1.6106134705295498 0.2354283345678668 0.0144340212278344 -0.9708591302956137 -0.0423993801303706
1735977619.902341 8.8635906700415248 1.0134249449572341 1.6119666393945946 0.2390533770351561 0.0286754808815356 -0.9687841644105901 -0.0590630384553215
1735977620.002628 8.5839830869479243 0.9286404161225897 1.5908202899430657 0.1858013054740829 0.0277333795843898 -0.9821371447447786 -0.0107407380346332
1735977620.102351 8.3250843803389394 0.8161337057835057 1.5581041483405837 0.1983592528852411 0.0226977664542523 -0.9777979005957852 0.0636371258250420
1735977620.202372 8.0554136105693459 0.7141102875506991 1.5400177798124335 0.2371520306403374 0.0122025298661527 -0.9643750440238840 0.1165795311877772
1735977620.302402 7.7599872531771403 0.6509684817726278 1.5238188667076902 0.2168465531033408 0.0055110417160482 -0.9711287338962489 0.0992783109620246
1735977620.402681 7.4710908412237265 0.6451090009870188 1.5023410057495514 0.1418134721661170 0.0026620237077415 -0.9897065294382293 0.0190483156553253
1735977620.502565 7.1712594175527853 0.6334772842564279 1.4715194443520248 0.1808947376129905 0.0052274575856104 -0.9825033530516730 -0.0440105536586154
1735977620.602363 6.8716727179548815 0.5923010491494891 1.4343568609640023 0.2244797169261581 0.0105911326393034 -0.9723714409935179 -0.0631701301119295
1735977620.702562 6.5757372789707302 0.5053672322025815 1.3940746567406674 0.1917354659379872 0.0122121449821123 -0.9812053634476247 -0.0180113674687303
1735977620.802426 6.2939014047834760 0.3859767367532156 1.3604244638858820 0.1933183494242424 0.0086603605902842 -0.9792453075545362 0.0602631028304616
1735977620.902554 6.0152824861270568 0.2765753090984087 1.3479204591749576 0.2143176883501771 -0.0097574986705722 -0.9693013674337658 0.1201148565788666
1735977621.002467 5.7137661323454489 0.2041481242132026 1.3366413911219022 0.2292026242479205 -0.0219551332683328 -0.9658565402143050 0.1187656216515918
1735977621.102361 5.4164445213068966 0.1838767062235065 1.3131032258930655 0.1805436051666125 -0.0377386163707729 -0.9816606699283241 0.0481885109101331
1735977621.302470 5.1258183476636665 0.1990748393771619 1.2849399535992045 0.1946818835056083 -0.0363915253972588 -0.9797318786335002 -0.0300011183665207
1735977621.402421 4.8291249345246676 0.2155031227287372 1.2663553203300955 0.2270305539034127 -0.0457916865061572 -0.9703149335008356 -0.0696360457414150
1735977621.502446 4.5259472950837933 0.1952651155370365 1.2445277337465537 0.2176754733357419 -0.0412756150888550 -0.9733562999419918 -0.0590865912905188
1735977621.602297 4.2400820744095800 0.1282897203829809 1.2203995029523063 0.1573894036552953 -0.0408610035075062 -0.9866504355986083 0.0089371104092302
1735977621.702528 3.9531577813695944 0.0582663237747970 1.1901464454714112 0.2017351058629782 -0.0568843665219772 -0.9752899676127534 0.0698326211863835
1735977621.801374 3.6698084145440282 0.0334450332607947 1.1594251238507136 0.2335970783590217 -0.0628604797113448 -0.9678220816286225 0.0692920153021147
1735977621.902553 3.3792448007077431 0.0640748864804720 1.1431202814276671 0.1932315820442913 -0.0698023789697587 -0.9786666262461607 -0.0009045787860467
1735977622.002367 3.1068698233285206 0.1204106475219502 1.1255130153854445 0.1411994202064148 -0.0641476946687771 -0.9841965415377096 -0.0854690857986975
1735977622.102562 2.8386934588184456 0.1904773431975975 1.1086119679251945 0.1819766566806673 -0.0598064793104077 -0.9711100726618203 -0.1423127128213597
1735977622.202361 2.5718187925489522 0.2545850351907566 1.1023446865901976 0.1986276280491795 -0.0607177077062742 -0.9638896166361725 -0.1666650301875729
1735977622.302590 2.3083146397014778 0.2940378657199613 1.0762548935842566 0.1698893397965627 -0.0433444156296968 -0.9716623860956273 -0.1585278565557502
1735977622.402295 2.0475858881624243 0.3138404882480244 1.0435067309650110 0.1869373829116259 -0.0388964879478106 -0.9743566690195457 -0.1190401597470942
1735977622.502331 1.8000707898272872 0.3195802845242279 1.0244955209933162 0.2078071826601940 -0.0326184142293564 -0.9748256430241123 -0.0739403786210274
1735977622.602482 1.5430029476522518 0.3533825811533451 1.0065031410853831 0.2083943354553580 -0.0301155086607345 -0.9756864749081882 -0.0608338702488876
1735977622.702310 1.2954760629470543 0.4182355195346860 0.9876269772719716 0.1565769543831698 -0.0271780814072597 -0.9825975309616881 -0.0961618499983512
1735977622.802415 1.0743205192746392 0.4920598590364715 0.9857224416292329 0.1654894791721600 -0.0215038532466117 -0.9787020747427713 -0.1195536092013552
1735977622.902288 0.8673787807632325 0.5539903402757856 0.9813718529979829 0.1808449269380828 -0.0110833141315796 -0.9751708802008364 -0.1273343117818068
1735977623.002481 0.6642453357267227 0.5797229282537674 0.9625108434458375 0.1772658509594354 0.0031855657194335 -0.9798556605512999 -0.0919214596285884
1735977623.102616 0.4736553608087549 0.5728478848502144 0.9419501524144651 0.1471771655283568 0.0252366000726949 -0.9885501486265028 -0.0216933080540671
1735977623.202323 0.2998556199480855 0.5439631921436452 0.9241550766698498 0.1962491806206854 0.0362735601341508 -0.9788938840976208 0.0440142206244504
1735977623.302301 0.1267233747147521 0.5062497957076159 0.9292488819568524 0.1901201554478803 0.0535528637013169 -0.9756236924425811 0.0956285941890074
1735977623.401572 -0.0368772211355350 0.4850715490246201 0.9226567555440994 0.1395658618613851 0.0695936542212198 -0.9806232539092256 0.1185585399180877
1735977623.502313 -0.1719521446941320 0.4651572289311668 0.9184831625911039 0.1362380785571112 0.0710008715545005 -0.9754608515790255 0.1577155326094750
1735977623.602428 -0.2754224605985561 0.4299215771582586 0.9153257150887558 0.1567516833189159 0.0911823978079134 -0.9625764616470466 0.2013982015553705
1735977623.702355 -0.3633944580772334 0.3762031460646552 0.9135284174972512 0.1486047462641132 0.1046352978005844 -0.9429547367688841 0.2789344873748787
1735977623.802382 -0.4182541794414317 0.3187558481893767 0.8900891343743671 0.1171293621267279 0.1218125728544220 -0.9142414349407565 0.3682458530110536
1735977623.902468 -0.4456011434051246 0.2508353096698646 0.8669418148818894 0.1441343219857800 0.1414882645829466 -0.8742717304876615 0.4414241831629930
1735977624.002315 -0.4454758682831379 0.1796506791259541 0.8634596626244798 0.1613118310563347 0.1593770322094583 -0.8226439667875318 0.5213773668595828
1735977624.102601 -0.4290924834985250 0.1130109456591337 0.8624939096855337 0.1432082630579572 0.1743054603394414 -0.7693288883195404 0.5976972992115644
1735977624.202563 -0.4031867279122502 0.0523608581274140 0.8568632618328278 0.1150135588308084 0.1684382863540200 -0.7197123031770900 0.6636374203062407
1735977624.302368 -0.3698386700693639 0.0089236416546637 0.8547856217649624 0.1089435311457053 0.1795290968681615 -0.6610852895491682 0.7203241286677127
1735977624.402501 -0.3195869784345705 -0.0274645045409410 0.8525446686947784 0.0930368853603578 0.1939927199425189 -0.5896829965197227 0.7784503363653124
1735977624.502356 -0.2655823193143463 -0.0456948626142435 0.8508623849974550 0.0699793783287563 0.2001939912120276 -0.5065195469057439 0.8357411088930108
1735977624.602442 -0.2138912081413831 -0.0560498589127606 0.8402368128581348 0.0452873845358247 0.2017845985337784 -0.4157110860121308 0.8856728072844289
1735977624.702249 -0.1696445920138178 -0.0524269364743290 0.8255252950136776 0.0236439062404807 0.1945596607037405 -0.3206777550724698 0.9266894202084203
1735977624.802455 -0.1340658875298125 -0.0436087157741462 0.8034448248059828 0.0114152090067380 0.1980624564944946 -0.2232790875403279 0.9543518247469629
1735977624.902342 -0.1030098590000256 -0.0246538869773395 0.7755762876905966 0.0006389876980513 0.2094472447874449 -0.1543790688248911 0.9655560814651987
1735977625.002586 -0.0746040749541102 -0.0053659873561048 0.7461908807911731 -0.0061101239044093 0.2139072251786443 -0.1024427761779553 0.9714483223574987
1735977625.102510 -0.0495236982822218 0.0157469557350917 0.7090406406097672 -0.0105554117388113 0.2191200132092600 -0.0703876654791483 0.9730984429350371
1735977625.202368 -0.0280652774994316 0.0351442991811430 0.6677613152340245 -0.0131470627466640 0.2185054493904615 -0.0551135862048768 0.9741894148180043
1735977625.301514 -0.0116887370548662 0.0500716051030649 0.6223798875995289 -0.0181127107023245 0.2097662234892391 -0.0488522608811604 0.9763623906116395
1735977625.402647 0.0018452399483160 0.0577385994444782 0.5672423658585689 -0.0154555699723480 0.1998621833757589 -0.0462871697395839 0.9786080578712826
1735977625.502351 0.0190947496635953 0.0605940564131338 0.4993085618176257 -0.0137297599868598 0.2016967177271577 -0.0476464918211192 0.9781920770308531
1735977625.602561 0.0215776446080069 0.0617981214874028 0.4256808345762428 -0.0213438512481221 0.2038519249638924 -0.0479944394964176 0.9775916153894929
1735977625.702419 0.0225122512823056 0.0589756407908768 0.3558335681140846 -0.0232175693218289 0.2070750530058856 -0.0510221274006601 0.9767177736751322
1735977625.802299 0.0161238653847978 0.0565045388910246 0.2931133392044519 -0.0212001763551826 0.2099908542588396 -0.0518315688618213 0.9760982953163447
1735977625.802299 0.0103430143206668 0.0533917318411306 0.2395186148162100 -0.0188443068406050 0.2182472682736240 -0.0549861101490286 0.9741609464977935
1735977625.902417 0.0043459667022520 0.0540429869135745 0.2018192499351506 -0.0207946576660994 0.2117333449859004 -0.0553165124645889 0.9755391618394347
1735977626.002395 0.0022296740896134 0.0552105964493225 0.1754368402553871 -0.0214204420276995 0.2073194807862486 -0.0524048856333092 0.9766337724611094
1735977626.102316 0.0025351844971998 0.0562387013946907 0.1532947478943616 -0.0210360136184482 0.2034918475293894 -0.0478839193799661 0.9776787224773450
1735977626.202443 0.0001823750968153 0.0580517314524052 0.1384936932467453 -0.0162313577454459 0.1952556298986114 -0.0416039564219679 0.9797351136040165
1735977626.302306 -0.0016795416019974 0.0579283917828354 0.1285448621230448 -0.0122993238857415 0.1930739412877666 -0.0411494057228093 0.9802437993867756
1735977626.402365 -0.0019366780593841 0.0565595242544722 0.1200571336535571 -0.0115489737402907 0.1896844453409768 -0.0392863279982984 0.9809908342250921
1735977626.502433 -0.0050123704729339 0.0576232115262181 0.1161624901325546 -0.0125728381674180 0.1839321883543047 -0.0369656660588361 0.9821631297093366
1735977626.502433 -0.0062836933115907 0.0561982487369035 0.1141641370470063 -0.0102732744231291 0.1834243947026944 -0.0367830081347220 0.9822916886409749
1735977626.602480 -0.0130081041122331 0.0537460500770804 0.1150908360461324 -0.0102188920121329 0.1719496015783301 -0.0393402251883074 0.9842668619054649
1735977626.702507 -0.0146998377108284 0.0541642284480730 0.1134748183037241 -0.0113758019888807 0.1689767915824154 -0.0385318583157642 0.9848008585142259
1735977626.802471 -0.0194986164165847 0.0578201530903411 0.1128151531270451 -0.0114390533618277 0.1602171332662526 -0.0378209656062831 0.9862906229031774
1735977626.902488 -0.0240387542400013 0.0555286734640705 0.1152078365520233 -0.0071752639573220 0.1507338749078653 -0.0352476017413271 0.9879197442676645
1735977627.002389 -0.0256964681356372 0.0523318933568644 0.1165464551182196 -0.0021055749367730 0.1467568767259072 -0.0351669105328894 0.9885450288638420
1735977627.102595 -0.0290634414152529 0.0518560517201254 0.1217607891358000 0.0008324701458620 0.1478967650176282 -0.0358685431481169 0.9883518105933781
1735977627.202533 -0.0340630503816845 0.0472264193995612 0.1304642318828882 0.0050341773689861 0.1376564216868327 -0.0343761864564175 0.9898705190232248
1735977627.302366 -0.0429158357627850 0.0415630904935436 0.1309710938914782 0.0093636308757539 0.1449518719252538 -0.0384221939245646 0.9886480730048539
1735977627.402460 -0.0487730592330217 0.0438266299272196 0.1299377529451860 0.0082395196325104 0.1334253517462516 -0.0381397154052585 0.9902904361531624
1735977627.502566 -0.0485631418381191 0.0487925498373061 0.1204476917649679 -0.0011666812926929 0.1303527591678448 -0.0347382496647319 0.9908582396298282
1735977627.602578 -0.0444402632620679 0.0529094307745623 0.1125375396738997 -0.0114535970244957 0.1287768953232346 -0.0369713484533747 0.9909179813383387
1735977627.702518 -0.0216827630977102 0.0478384928178272 0.1065706623940640 -0.0119193294705787 0.1531739788113187 -0.0404580598791646 0.9872987426260075
1735977627.802677 -0.0003473551098941 0.0385251529333401 0.0982513281930661 -0.0018830419212712 0.1767583359719522 -0.0403994681061441 0.9834230156927842
1735977627.902342 0.0145585652084783 0.0307253009620795 0.0927156288996625 0.0048545211500951 0.1946000089807412 -0.0395710238376599 0.9800721423454185
1735977628.002281 0.0191432327588725 0.0284304367108448 0.0907363266088328 0.0065746364718984 0.1998125061071540 -0.0397460872162861 0.9790056103564658
1735977628.102655 0.0179578387500233 0.0293866911464257 0.0911122841285558 0.0050569671211230 0.1977176999943357 -0.0400736396995479 0.9794264860589164
1735977628.202263 0.0170647459311229 0.0296101078342056 0.0905673826341790 0.0047912309711007 0.1978612083512410 -0.0401168690307185 0.9793970712406387
1735977628.302371 0.0158327599951772 0.0308380246060398 0.0886991441109115 0.0038592593007496 0.1943780450060033 -0.0397499778456866 0.9801133715027877
1735977628.402416 0.0069627413746775 0.0320971625075850 0.0906787702698087 0.0008674224099054 0.1861923932502973 -0.0396525228509329 0.9817124414540368
1735977628.501409 0.0010089253125216 0.0348661369714437 0.0910632261600460 -0.0023122139892711 0.1797934997511879 -0.0398005818251448 0.9828961617587421
1735977628.602378 -0.0011709262437857 0.0359380308794013 0.0913808386955332 -0.0029254101725194 0.1781390546324917 -0.0398057099406870 0.9831955169985686
1735977628.702743 -0.0022542208072067 0.0345740974582051 0.0896031426266640 -0.0018625508310030 0.1814768387200320 -0.0396849370222627 0.9825923843008983
1735977628.805974 0.0027435949455425 0.0304941503534663 0.0888287308989641 -0.0001660029612010 0.1847977789184971 -0.0393570584470000 0.9819881747252391
1735977628.906153 0.0022116843913633 0.0323992869453874 0.0863193889238611 -0.0000900838128073 0.1849612643949005 -0.0394405216739125 0.9819540558541606
1735977629.002368 -0.0009181680777355 0.0319028133124636 0.0875092610454392 -0.0008482711361739 0.1827706254866550 -0.0394299448087398 0.9823642187842939
1735977629.102278 -0.0022493291383731 0.0341247406510179 0.0861427747256752 -0.0012891094219568 0.1815652610365904 -0.0394050731419442 0.9825882323701477
1735977629.202265 0.0011525109480257 0.0334001854039267 0.0885161565523565 -0.0008715879718588 0.1825057643174564 -0.0392475015162501 0.9824207448695496
1735977629.302351 0.0011689716556773 0.0326335275993165 0.0875311791560014 -0.0004192228883548 0.1836219868091739 -0.0391831190334088 0.9822155941519332
1735977629.402388 -0.0010415890991869 0.0323031749178765 0.0859120793910218 -0.0006268577881484 0.1830886314980350 -0.0390987785111757 0.9823184033623844
1735977629.502225 0.0041590730917954 0.0335400086723714 0.0870135023442961 -0.0008248216988950 0.1822157519153550 -0.0393184354851397 0.9824717807927554
1735977629.601308 -0.0004597400901866 0.0331047664820765 0.0862172797968755 -0.0007923812336710 0.1826937911201549 -0.0394241364918662 0.9823787906301706
1735977629.702531 0.0022210280966621 0.0338440032545111 0.0879224760757729 -0.0006578305045321 0.1831299802223948 -0.0393462680361373 0.9823007934407878
1735977629.801826 0.0031310203165099 0.0335464777802454 0.0877155499332215 -0.0008861053694437 0.1829507003478176 -0.0393706941931581 0.9823330415384927
1735977629.902302 0.0019624135302988 0.0328896649371666 0.0874018133625662 -0.0010837139614692 0.1826002527754765 -0.0393803978048469 0.9823976575293295
1735977630.002386 0.0014788973989824 0.0330177834873030 0.0847669844817800 -0.0010006571803566 0.1826529572184459 -0.0393486836673195 0.9823892186899311
1735977630.102495 0.0001601851958595 0.0328874255569279 0.0832411978467264 -0.0008574529159091 0.1829547615902749 -0.0393821287446188 0.9823318522380740
1735977630.202436 -0.0015133893914141 0.0322138645031654 0.0842198865509961 -0.0009744280534652 0.1826942486899034 -0.0393676623265595 0.9823808065859910
1735977630.302385 -0.0003059929979491 0.0326281216693673 0.0845712668080045 -0.0010082600688820 0.1826148047695868 -0.0395142195453494 0.9823896594245694
1735977630.402515 -0.0026143612838530 0.0315425015676522 0.0870263733291211 -0.0011413232912765 0.1823954485921516 -0.0394644696684241 0.9824322639998151
1735977630.502489 -0.0016121890565033 0.0302358062478589 0.0842417561399163 -0.0006721339252057 0.1829876523297163 -0.0394068940784400 0.9823248770289472
1735977630.602476 -0.0045376532894339 0.0315121046138298 0.0844428240078832 -0.0006268541985253 0.1818694486740250 -0.0395446593537053 0.9825270126614430
1735977630.702452 -0.0041016104477562 0.0314392739744628 0.0843231528828582 -0.0007065359000192 0.1811540357005631 -0.0394806825418753 0.9826616873891283
1735977630.802356 -0.0017074154933316 0.0312846345041103 0.0869860264637541 -0.0001425863265379 0.1827753588906206 -0.0393382487594712 0.9823673702012309
1735977630.902489 -0.0002992322018856 0.0313517259711513 0.0838291804633820 0.0006488707584713 0.1848315328798120 -0.0393818727375084 0.9819806268556038
1735977631.002443 0.0010400638363360 0.0290781663460298 0.0818342711696005 0.0011053960348412 0.1853416156222073 -0.0392738269949969 0.9818884000390896
1735977631.102578 0.0015109798397123 0.0308245440005700 0.0845368855167508 -0.0000667254879918 0.1842991239193505 -0.0393527961203347 0.9820820667886063
1735977631.201075 0.0015301337679373 0.0322632157855875 0.0846383489706449 -0.0011538599021086 0.1824171120174491 -0.0395581931854275 0.9824244577586840
1735977631.302396 0.0010448555664137 0.0332815913664950 0.0831591784869141 -0.0011066478413320 0.1819917713586366 -0.0395764810617753 0.9825026578259562
1735977631.402445 0.0046157058799548 0.0318580218269435 0.0832964630715363 -0.0006045087745040 0.1829145318334415 -0.0394777103864970 0.9823356956743119
1735977631.502506 0.0056337909535139 0.0312209974864536 0.0821630335017820 -0.0006772410636602 0.1825186577221544 -0.0395079564607844 0.9824080630288706
1735977631.602369 0.0072900990399349 0.0331696760217842 0.0829842048257496 -0.0005725978004556 0.1823518950937606 -0.0394192186984200 0.9824426617796476
1735977631.702512 0.0053020176273000 0.0320604373736108 0.0839843690458603 -0.0004399540944557 0.1829716098515363 -0.0394678256900313 0.9823255504994428
1735977631.802502 0.0090671433657708 0.0319721828321265 0.0840614034367494 -0.0000892451452761 0.1836687636790503 -0.0394891308557302 0.9821946781713757
1735977631.902559 0.0117643139728311 0.0319874702434470 0.0853796567756689 0.0003369663888122 0.1844790726937265 -0.0394033504593104 0.9820461975713243
1735977632.002559 0.0087066282358660 0.0317607228280891 0.0868533963738346 0.0002987826858333 0.1841576655318858 -0.0393483170712721 0.9821087388361899
1735977632.102316 0.0084618150210155 0.0323167772813334 0.0874188038966100 -0.0003807635076360 0.1831344557703341 -0.0394428934358193 0.9822962304143621
1735977632.202626 0.0074380809907099 0.0320308935904660 0.0856237980733890 -0.0008941845508351 0.1823018836331710 -0.0394179209180232 0.9824517551352266
1735977632.302376 0.0063347150856187 0.0314292841110240 0.0860027580094338 -0.0003372193077892 0.1833551585146808 -0.0394033698634665 0.9822566602332597
1735977632.402256 0.0068539039318830 0.0311713872187850 0.0846584709971064 -0.0001649827841814 0.1841985949341509 -0.0393126742138858 0.9821025221692073
1735977632.502651 0.0064405265902874 0.0317773765073601 0.0834900049062466 -0.0003560517983388 0.1839568145910329 -0.0393135215667557 0.9821477539630469
1735977632.602376 0.0048363034436728 0.0316631596020130 0.0818390214848255 -0.0006074136096200 0.1822243153923182 -0.0394929371064165 0.9824633519105008
1735977632.702404 0.0039082633155225 0.0303160651041795 0.0826579880571999 -0.0010887337020711 0.1825553953311782 -0.0393925261315619 0.9824055024170913
1735977632.802339 0.0050919058172391 0.0286552411877922 0.0815357982040553 -0.0004101926729120 0.1840122425477934 -0.0392130514980700 0.9821413660602597
1735977632.902317 0.0051768902804526 0.0268413519368620 0.0819539123939479 -0.0000798477403820 0.1842352801500912 -0.0391391911015690 0.9821025806361933
1735977633.002322 0.0049445507253653 0.0273450792350545 0.0808541038832430 -0.0005495317881506 0.1832559131889142 -0.0391943773811562 0.9822834464032337
1735977633.102210 0.0038154495983701 0.0259833132865325 0.0793239036935481 -0.0005478460503090 0.1831298938330590 -0.0392159106828986 0.9823060898715373
1735977633.202350 0.0054057782155361 0.0276251744858351 0.0808383572982997 -0.0002670511589593 0.1837900645304046 -0.0391487908714679 0.9821855797337335
1735977633.302261 0.0035789696506128 0.0265807945341290 0.0823426045670159 -0.0001314663457746 0.1840047706379047 -0.0390863889283567 0.9821478917656106
1735977633.402211 0.0049043844633909 0.0251420742237466 0.0817260218684263 -0.0003314867364241 0.1835129343955980 -0.0391538289110505 0.9822371764027591
1735977633.502219 0.0053665299394356 0.0247626641308916 0.0811261464836804 -0.0004076402720551 0.1834476959157424 -0.0391860548782999 0.9822480490159750
1735977633.602269 0.0065334913174020 0.0240064962733653 0.0832141980634538 -0.0003073622940556 0.1837672857884886 -0.0391677609510220 0.9821890738062788
1735977633.702187 0.0093202205752358 0.0244511325653663 0.0812228812657409 -0.0002973613709654 0.1835784880850108 -0.0391130830242786 0.9822265609445576
1735977633.801271 0.0078094326581806 0.0252606491622495 0.0801489835089526 -0.0003884278191108 0.1832743131533566 -0.0391140797447545 0.9822832911272164
1735977633.902395 0.0092523583614869 0.0269129240483022 0.0784716024356112 -0.0003070320728139 0.1833816665958983 -0.0392515368331316 0.9822578006531963
1735977634.002360 0.0083032422083362 0.0254339825756506 0.0800161497857283 -0.0002812202899615 0.1836749282718909 -0.0390843673490698 0.9822096791766957
1735977634.102477 0.0076145876243135 0.0255624761739593 0.0816675904299020 -0.0004288802640935 0.1835519384133287 -0.0390171968456888 0.9822352876560347
1735977634.202300 0.0065975055258567 0.0264339727730676 0.0812284120748756 -0.0003074944487364 0.1835526797311624 -0.0392238782731052 0.9822269628674882
1735977634.302391 0.0064323347931206 0.0268373623344362 0.0821065761865965 -0.0003427601658063 0.1835322363574841 -0.0391737714161580 0.9822327709693482
1735977634.402535 0.0075816421191834 0.0282687045372291 0.0824628366491425 -0.0005177166291570 0.1836179358201298 -0.0393416099938049 0.9822099690686009
1735977634.502505 0.0077792104857137 0.0286148911012428 0.0826731437689609 -0.0006151350676457 0.1836879827156383 -0.0393341750741067 0.9821971132547416
1735977634.602265 0.0058791010409728 0.0292476233693443 0.0827986660257920 -0.0006223096597501 0.1838268107663122 -0.0393235915477036 0.9821715591086738
1735977634.701587 0.0039877352867961 0.0305932437866780 0.0825689757394903 -0.0005523269948597 0.1837115334149342 -0.0393496220578462 0.9821921271671490
1735977634.802450 0.0077858185228528 0.0294353096208322 0.0823314545646375 -0.0005929278326750 0.1835571268710499 -0.0392907062745966 0.9822233300079335
1735977634.902234 0.0070408711714884 0.0282804526681462 0.0820752618207101 -0.0003746240881425 0.1836024884143209 -0.0392636656964503 0.9822160406249427
1735977635.002283 0.0076259381723720 0.0293673995226403 0.0803543311928834 -0.0002687430513671 0.1835270734794837 -0.0391660213302337 0.9822340677508534
1735977635.102398 0.0057725309577498 0.0299857068800255 0.0805195315552552 -0.0003165294315742 0.1835517214463100 -0.0390895193657015 0.9822324953079968
1735977635.202418 0.0068566567431289 0.0300063628446687 0.0790488213670786 -0.0004430354617253 0.1834980416161022 -0.0391724845232303 0.9822391709247358
1735977635.302280 0.0098923239945878 0.0288699631970137 0.0832990946336380 -0.0002558095855756 0.1837446851285068 -0.0392071869439970 0.9821917438771415
1735977635.402378 0.0099575574584462 0.0296915115998082 0.0814081155129570 -0.0000833122987621 0.1836381126835150 -0.0392643784941773 0.9822094202412048
1735977635.502188 0.0104624550852188 0.0292780548883885 0.0814135183706736 -0.0004384497047840 0.1836283037450929 -0.0392571455114000 0.9822114489008226
1735977635.602200 0.0084702104958560 0.0283304444422773 0.0794731528788442 -0.0003285188267075 0.1835536929152312 -0.0393294752409151 0.9822225441669703
1735977635.702241 0.0104310483487525 0.0275306862663444 0.0801962150894024 -0.0004509771349990 0.1835782431663001 -0.0392524228358855 0.9822209896744781
1735977635.802208 0.0071162596151112 0.0250901178645657 0.0808181212820469 -0.0005726652093040 0.1836783897435325 -0.0390597039270845 0.9822098862895392
1735977635.902158 0.0043754414281087 0.0247998073851994 0.0799319188857997 -0.0004363431509497 0.1835627834583342 -0.0391856890521966 0.9822265501946016
1735977636.002199 0.0065582382655614 0.0235566860595756 0.0816860561512791 -0.0004977901065264 0.1837624567809724 -0.0392632324805674 0.9821860873877252
1735977636.102314 0.0041524652782698 0.0226903454412916 0.0837447111812107 -0.0005722361934636 0.1838313744007749 -0.0391573464757048 0.9821773773349917
1735977636.202365 0.0059323251363731 0.0220630847662246 0.0829554838412735 -0.0007631897970931 0.1837049381885216 -0.0391386395652623 0.9822016494180131
1735977636.302357 0.0038926626462516 0.0239932528785525 0.0827141546687003 -0.0006982352635261 0.1837027292577059 -0.0392794508950646 0.9821964897453916
1735977636.402365 0.0062999297610302 0.0230047039292869 0.0806970575585431 -0.0004024597802395 0.1835740163251895 -0.0390671616244213 0.9822291868189296
1735977636.502402 0.0046589403044404 0.0245694200517300 0.0849006779476500 -0.0003382787504214 0.1837853761506737 -0.0391616186797500 0.9821859236941977
1735977636.602168 0.0037662971397204 0.0244507040705999 0.0841017995021079 -0.0004741022063929 0.1838140935745864 -0.0391381908645149 0.9821814273576467
1735977636.702574 0.0019267686201632 0.0230308202956067 0.0830572257930636 -0.0004122154716378 0.1836655188130532 -0.0390442706765473 0.9822129871900867
1735977636.802282 0.0047441194763203 0.0240521211126180 0.0845984180936067 -0.0005052953882742 0.1837584966362566 -0.0391623558218687 0.9821908518597772
1735977636.902340 0.0043595116590327 0.0242397358941913 0.0817709935803660 -0.0004650902345198 0.1834853522635720 -0.0390582440100412 0.9822460805575347
1735977637.002232 0.0074936552706046 0.0249084066566535 0.0835833784659842 -0.0005684903631024 0.1833037531593381 -0.0392200983317628 0.9822734826835419
1735977637.102289 0.0070091420154440 0.0259738158489050 0.0830691380039364 -0.0005251094278110 0.1835277034145729 -0.0392252892138074 0.9822314813859075
1735977637.202217 0.0068758454887523 0.0281579795298051 0.0803480459178213 -0.0001495856265238 0.1842499932175750 -0.0392273413150187 0.9820962953380993
1735977637.302260 0.0101321246513341 0.0289902653149995 0.0803869665075715 0.0001667567597497 0.1844366320330827 -0.0392156386954967 0.9820617264908457
1735977637.402281 0.0095888879644553 0.0296232408565801 0.0820170895098427 0.0002930810661558 0.1849476654101224 -0.0392401314241920 0.9819646059042283
1735977637.502156 0.0114354130594360 0.0288435313953184 0.0804028914696058 0.0004372612933155 0.1843242763226525 -0.0391621468373312 0.9820848722059530
1735977637.602180 0.0143025480193446 0.0302447887115228 0.0808472117000075 0.0004389977599410 0.1842479411480055 -0.0390220239640157 0.9821047729796653
1735977637.702305 0.0094229764052859 0.0283663423814048 0.0811324651544279 -0.0001154485029756 0.1843789498979999 -0.0390882648480982 0.9820776430900559
1735977637.802401 0.0097264140947481 0.0275375064622287 0.0852355761460624 -0.0001655588882135 0.1847039301716043 -0.0388756410663951 0.9820250074723629
1735977637.902175 0.0093762129752760 0.0242322313047779 0.0852362986748148 0.0000041191347768 0.1846382310694762 -0.0389606735422192 0.9820340062990203
1735977638.002254 0.0074215774148190 0.0252960723600460 0.0833109985198751 -0.0004051654629431 0.1842711740649987 -0.0390821997153499 0.9820980357963579
1735977638.101318 0.0065464627806931 0.0240504039561707 0.0814679531025699 -0.0003515389663049 0.1838462541790528 -0.0390249544625804 0.9821799652680154
1735977638.202313 0.0086449457628689 0.0240565077651570 0.0789619026820660 -0.0005522759604897 0.1840061049814538 -0.0390268983703075 0.9821498610316103
1735977638.302259 0.0088120142464443 0.0225388103605123 0.0783922092103955 -0.0003216023305143 0.1840542075956665 -0.0389604271296190 0.9821435894797411
1735977638.402516 0.0072338058312194 0.0219481985397300 0.0794337622191841 -0.0006245074330611 0.1838587164953210 -0.0390656273910056 0.9821758799297131
1735977638.501650 0.0050825226365349 0.0231287831070090 0.0811442951217163 -0.0005914830773225 0.1839790226810022 -0.0390484352493424 0.9821540556683002
1735977638.601861 0.0042267628249763 0.0226358690482212 0.0804433605466257 -0.0005107595762475 0.1842134092512049 -0.0392008243392196 0.9821040954745222
1735977638.703114 0.0019776948835945 0.0239465277685253 0.0814861543630254 -0.0006188051408495 0.1841642054051779 -0.0391903448041829 0.9821136794698495
1735977638.802211 0.0058351943821372 0.0235573977468356 0.0803608046024398 -0.0004744925992864 0.1839015568214103 -0.0389235213430168 0.9821735853410509
1735977638.902312 0.0069109132498739 0.0250623433028281 0.0823879822701989 -0.0001467631493857 0.1839980899547659 -0.0390008873399214 0.9821525401587449
1735977639.002322 0.0088269992491290 0.0257420374022548 0.0798446777258339 -0.0002723057591364 0.1839952362162094 -0.0392732199059184 0.9821421959663155
1735977639.102746 0.0072832875083193 0.0264034074936196 0.0825939340283443 -0.0005307789353993 0.1840879137350755 -0.0391020106246884 0.9821315548619217
1735977639.202448 0.0048100587011625 0.0265574638706126 0.0816148298743320 -0.0004221979019882 0.1841757651295039 -0.0391590917943101 0.9821128625660791
1735977639.302209 0.0060052190081393 0.0267030904706283 0.0794281202307898 -0.0002243428633616 0.1840851982693874 -0.0390561859382277 0.9821340050056094
1735977639.402201 0.0097775945629250 0.0240421902613141 0.0797607447902078 -0.0004352523788678 0.1839895941276304 -0.0390335222524848 0.9821527498045716
1735977639.502215 0.0087709665697992 0.0261372298727070 0.0805296727959217 -0.0004967450279658 0.1840117310307696 -0.0391004937479027 0.9821459094636128
1735977639.602288 0.0061176911326369 0.0273596785941041 0.0782511917885172 -0.0004734510068729 0.1840152829037605 -0.0392448469905020 0.9821394979770874
1735977639.702157 0.0065668330637602 0.0247127286606643 0.0812277272594100 -0.0006345070878401 0.1840482308266483 -0.0390872803039327 0.9821395168960355
1735977639.802145 0.0061138752761260 0.0258549696303410 0.0808863849055972 -0.0004800791356757 0.1840219367545238 -0.0390266667210617 0.9821469419602042
1735977639.902215 0.0070298912730036 0.0257431514304718 0.0823723431420065 -0.0004452051827662 0.1840855841755159 -0.0391086825456537 0.9821317683695237
1735977640.002321 0.0073758131062002 0.0233487225302123 0.0824189931187009 -0.0004606451092024 0.1841177309066835 -0.0389662290985699 0.9821313975032543
1735977640.102306 0.0084770635687372 0.0229311942901757 0.0813958416011657 -0.0005491900765631 0.1840317855295036 -0.0389857171805111 0.9821466866822918
1735977640.202162 0.0082157189707592 0.0244155592552029 0.0822741996996237 -0.0006046960050358 0.1840341902813922 -0.0391069912437371 0.9821413820759597
1735977640.302257 0.0101709655776952 0.0235571005390764 0.0816755767126574 -0.0003921264972497 0.1839899473425381 -0.0389930634114095 0.9821543089145890
1735977640.402240 0.0108062408874321 0.0245818629301519 0.0804674398580094 -0.0002824209619460 0.1840123387415244 -0.0390240175520905 0.9821489222533256
1735977640.502306 0.0146045744848105 0.0250595266478562 0.0814632211643542 -0.0001961434002722 0.1839616806221016 -0.0391024105239340 0.9821553151521790
1735977640.602210 0.0145419221806216 0.0246372434312613 0.0797635877888689 -0.0003038601972473 0.1839195547184194 -0.0391029296973302 0.9821631564817754
1735977640.702164 0.0148379727415254 0.0253287424741805 0.0805043936013748 -0.0002479834862606 0.1839663925687507 -0.0390324168907227 0.9821572050039138
1735977640.802353 0.0149953499140926 0.0227276732369344 0.0787158208080912 -0.0003563248075479 0.1839674373927414 -0.0389800460552003 0.9821590558668764
1735977640.902388 0.0169111064712808 0.0240074646144149 0.0814679641714861 -0.0003051835860020 0.1839128884377255 -0.0389000705456634 0.9821724598261825
1735977641.002288 0.0142954646569575 0.0229572925995753 0.0815683702890990 -0.0003335406070176 0.1840208465372041 -0.0388897200071223 0.9821526390883253
1735977641.102268 0.0155725073451816 0.0255768274438128 0.0819642702526484 -0.0002535756903709 0.1840390509508308 -0.0390838928200779 0.9821415441505952
1735977641.202310 0.0132715238720122 0.0242114973753219 0.0804135409522030 -0.0004327075790639 0.1839037712999576 -0.0390743694894447 0.9821672002845576
1735977641.302349 0.0152820379187814 0.0228220356022574 0.0805739867313136 -0.0004754759173202 0.1839956976667594 -0.0390796083213731 0.9821497550660097
1735977641.402191 0.0147823943454285 0.0219684144604391 0.0790925295209762 -0.0004581792648267 0.1839175452725131 -0.0389856522897655 0.9821681350605078
1735977641.502119 0.0133955988494273 0.0235383471877548 0.0798872003657622 -0.0003229855109466 0.1838634512234455 -0.0390851513683079 0.9821743622835407
1735977641.602216 0.0141728863802400 0.0244330956350490 0.0773269929356995 -0.0002436002301641 0.1838051820739738 -0.0390671697594422 0.9821860067974235
1735977641.702177 0.0114578618649779 0.0277102344653139 0.0798920729116931 -0.0002236470152026 0.1839222220597500 -0.0390862069760029 0.9821633441738934
1735977641.802143 0.0117708644256833 0.0263255671371539 0.0806094498766188 -0.0003960201327166 0.1840738475537855 -0.0391430068831780 0.9821326218118120
1735977641.902153 0.0129171291821916 0.0278036520699392 0.0809362224406109 -0.0003230735273391 0.1840561746900676 -0.0392633256560254 0.9821311579623081
1735977642.002198 0.0098112722079167 0.0299569139904668 0.0819689150926937 -0.0004706012168097 0.1836706590318593 -0.0392650634535870 0.9822031980895211
1735977642.102113 0.0085549852356797 0.0268759912455323 0.0811064568038216 -0.0004634429490559 0.1837787928184587 -0.0392084758032501 0.9821852350529451
1735977642.201437 0.0079042340540672 0.0297309612654697 0.0811817390159997 -0.0004365479844098 0.1835700474349359 -0.0392629188119190 0.9822221084443994
1735977642.302177 0.0073711272524147 0.0288739386361219 0.0812984580814776 -0.0002793318673922 0.1829698384018347 -0.0391620154909708 0.9823381784047689
1735977642.402166 0.0084516581223819 0.0278997521205836 0.0807955158198712 0.0002209200717575 0.1848228707077573 -0.0390223304145949 0.9819968000898374
1735977642.502282 0.0108735904783611 0.0251140688825586 0.0830259576905726 0.0009985803855861 0.1857448208675332 -0.0389740833424445 0.9818242639014977
1735977642.602276 0.0111446718545949 0.0269068503613792 0.0809625886512775 0.0005056245153327 0.1852402339454699 -0.0389698370607678 0.9819201351796054
1735977642.701381 0.0144856924460487 0.0269787199168352 0.0815680475412139 0.0005068247336995 0.1853518963586781 -0.0390468269351651 0.9818960041426111
1735977642.802345 0.0151405401347597 0.0273027021961919 0.0816243921476717 0.0006302226957331 0.1858117595005671 -0.0390840511955077 0.9818075319495183
1735977642.902379 0.0138104233802971 0.0256188733713855 0.0788142847397817 0.0005107729402880 0.1854630242355343 -0.0389561729877442 0.9818786189435851
1735977643.002401 0.0139730213795606 0.0241006297994585 0.0791349939784584 0.0006495123123163 0.1854493644396569 -0.0388710022242359 0.9818844924678091
1735977643.102284 0.0118817146335555 0.0248292011777486 0.0789752892307180 0.0007211847247946 0.1858617425433697 -0.0387195506532614 0.9818124510050504
1735977643.202295 0.0103014718469467 0.0250675411278882 0.0769261341422252 0.0007105263639145 0.1854941669899529 -0.0388128424559146 0.9818782879896479
1735977643.302252 0.0104275856262268 0.0216422121346148 0.0780514588893289 0.0005898756347027 0.1857054660446386 -0.0387655566728540 0.9818402943166078
1735977643.402157 0.0081137175869437 0.0210615320215927 0.0792502723130988 0.0002125000011604 0.1855771505944975 -0.0388862102455624 0.9818599384197905
1735977643.502251 0.0092486863798279 0.0196565659081063 0.0809579804434002 0.0001511787748894 0.1854282028822404 -0.0389675412463397 0.9818848656792992
1735977643.602299 0.0083933224073303 0.0245061540974213 0.0802060309521924 0.0002611361436785 0.1852000900299298 -0.0389293662834721 0.9819294083087581
1735977643.702063 0.0085649503125952 0.0217547862075891 0.0784674652293761 0.0003805240198729 0.1860513048454980 -0.0389450589019911 0.9817678185568512
1735977643.802149 0.0115263505571505 0.0238456956751177 0.0836403539617918 0.0008675520569207 0.1866533843530498 -0.0388409920275962 0.9816573428652656
1735977643.901283 0.0081098042606607 0.0234497739768025 0.0821322323081338 0.0005038604485798 0.1860165952520513 -0.0389329064044713 0.9817748220515657
1735977644.002179 0.0075545559370224 0.0243956589607159 0.0820681488217860 0.0005131126506145 0.1854409786771161 -0.0389281498125494 0.9818838929806584
1735977644.102235 0.0097397292346315 0.0251079567938563 0.0796850105607597 -0.0002274241530869 0.1842250646300831 -0.0390894123643684 0.9821064563891760
1735977644.202267 0.0112047889493426 0.0252340629248236 0.0796274506388211 -0.0000942308187690 0.1841111393404526 -0.0390088270599820 0.9821310456872431
1735977644.302243 0.0103141187322884 0.0240635626346508 0.0793956763219285 0.0002985074421260 0.1853409572267322 -0.0388665960917840 0.9819053050960790
1735977644.402164 0.0085600980709171 0.0236915411138145 0.0794869811914070 0.0005566800096158 0.1858007759079442 -0.0388783591397830 0.9818178216807693
1735977644.502204 0.0110517513830084 0.0235007589341006 0.0781369397451436 -0.0001201416416969 0.1843280579056355 -0.0390847081373826 0.9820873373710396
1735977644.602274 0.0077782016954863 0.0246339569644955 0.0778557473713663 -0.0004569587721097 0.1838200544656098 -0.0391357477663989 0.9821804172410005
1735977644.702119 0.0103856491744817 0.0223276778997210 0.0772397389401402 -0.0000557468047828 0.1845643427005508 -0.0391053155950708 0.9820421450161991
1735977644.802183 0.0084018722762432 0.0245396613910804 0.0767824813760755 0.0001507935544860 0.1848771013771802 -0.0391025698293638 0.9819834131391504
1735977644.902205 0.0108134197197728 0.0240106013356200 0.0780384242520391 -0.0000393006534293 0.1845524020640651 -0.0390755378556987 0.9820455751588772
