1735977254.002489 0.0030968149276215 -0.0209693096916154 0.0464832904209802 -0.0256519469279068 0.1518068303289968 0.0039411611886927 0.9880693959093946
1735977254.102409 0.0037456831888691 -0.0206587766084647 0.0453065407026235 -0.0258818532241469 0.1518891229894470 0.0037418427733972 0.9880515283141055
1735977254.202519 0.0065203838811882 -0.0144557866445653 0.0445687157308299 -0.0258212781060727 0.1510091590550601 0.0036812489393639 0.9881882127837283
1735977254.302592 0.0061764682138325 -0.0138854653596871 0.0486879954935741 -0.0262521557857595 0.1512128507592280 0.0038992273694761 0.9881448750602255
1735977254.402505 -0.0030286372491241 -0.0131494963901043 0.0498550503756836 -0.0262448457584860 0.1510296586268416 0.0033083936903265 0.9881752399333646
1735977254.502423 -0.0087990532948704 -0.0092192441361576 0.0479881100504342 -0.0255389832855879 0.1508967651506576 0.0032918121102880 0.9882140914664375
1735977254.601493 -0.0049612486738974 -0.0130712953311501 0.0534011057765905 -0.0258983732457773 0.1518768447609048 0.0034721303224837 0.9880539674530527
1735977254.702543 0.0023451453220297 -0.0131873006081636 0.0511736136316151 -0.0255795888335916 0.1517118712101340 0.0035372058750206 0.9880873852770421
1735977254.802649 0.0055539781842986 -0.0135056313324601 0.0462049454101323 -0.0253974256672841 0.1491164977575873 0.0036429117129534 0.9884867070731088
1735977254.902513 0.0111678097290325 -0.0141643268396236 0.0429794083209907 -0.0261439749952412 0.1495923032936217 0.0033069950209862 0.9883965293093094
1735977255.002643 0.0176800000251409 -0.0156625095760201 0.0391096222654913 -0.0257976006376716 0.1518728850501941 0.0032098700985517 0.9880580991631112
1735977255.102599 0.0193234231018036 -0.0179292025465881 0.0382214259273373 -0.0253015457904022 0.1521319738111954 0.0036865833403165 0.9880294041313755
1735977255.202394 0.0194968407185773 -0.0175650945790462 0.0384805997876605 -0.0265156065222919 0.1506108424238033 0.0035537223375061 0.9882310801693576
1735977255.302484 0.0161352457187385 -0.0160197025425463 0.0392363874855427 -0.0264174251869197 0.1475517967201128 0.0033757928856090 0.9886957018989986
1735977255.401372 0.0136616736456272 -0.0147598147853585 0.0407743111816870 -0.0268752096090658 0.1465717623520829 0.0033611747218856 0.9888291784195904
1735977255.502364 0.0149259725161814 -0.0152598954314304 0.0395883439922841 -0.0266226646520611 0.1472664559088881 0.0032619691479142 0.9887331208410779
1735977255.602721 0.0185480209409429 -0.0170872728181303 0.0376187293990329 -0.0263040732243994 0.1483193004164229 0.0034584583226248 0.9885835927840494
1735977255.702696 0.0131300365526597 -0.0173171233508301 0.0398110820576869 -0.0262263185029725 0.1494042375701024 0.0035116632565838 0.9884220870837770
1735977255.802502 0.0132978641132115 -0.0162010857458733 0.0390701522054418 -0.0264782997664045 0.1488112165284268 0.0031096062327398 0.9885061718704076
1735977255.902533 0.0113264650345302 -0.0170595525248227 0.0422564053730018 -0.0263991961561110 0.1481186603428001 0.0034953984657350 0.9886110089869177
1735977256.002410 0.0125941074248038 -0.0157557623640672 0.0419599617117974 -0.0266985802579149 0.1478546559839640 0.0034035960281243 0.9886428081213925
1735977256.102568 0.0131894133527424 -0.0161810893451545 0.0399981163389033 -0.0265344790869508 0.1483723465334752 0.0033213442092490 0.9885699453636946
1735977256.202402 0.0143915590257363 -0.0165295671622921 0.0428177269325002 -0.0264230583582551 0.1490493458979986 0.0034289735032267 0.9884707161140837
1735977256.302413 0.0098802062234356 -0.0131779871942155 0.0429729631153985 -0.0261005526018662 0.1487257610747931 0.0033459601725605 0.9885283069781686
1735977256.401677 0.0108523421464649 -0.0151510311725680 0.0436995183078071 -0.0264191697930823 0.1484018007614182 0.0033354383319998 0.9885685650724214
1735977256.501889 0.0087180152571582 -0.0153469114980205 0.0428697144394471 -0.0266580865999475 0.1480119246434665 0.0033711487030027 0.9886204792227343
1735977256.601298 0.0060533743177389 -0.0134009348062461 0.0409608325393797 -0.0266455279553311 0.1477546711419110 0.0033658543003281 0.9886593164586861
1735977256.702569 0.0054857564588517 -0.0138026101210090 0.0412591849866867 -0.0266339385809230 0.1475611068411568 0.0031946444812477 0.9886891054877256
1735977256.802634 0.0029646428564908 -0.0114013217174336 0.0445191581542308 -0.0264103374701277 0.1478737160605257 0.0033632878344601 0.9886478374366211
1735977256.902627 0.0077666459655785 -0.0128188952969367 0.0416008985716647 -0.0265806937708687 0.1480505930433668 0.0031799240863306 0.9886174066346252
1735977257.002626 0.0056678845671774 -0.0109280476845567 0.0440373113402893 -0.0264561037703908 0.1478486541765951 0.0030287987988649 0.9886514433354638
1735977257.102626 0.0042102569491174 -0.0118859098056535 0.0443890179629277 -0.0265655781086222 0.1469333665793956 0.0030434785561916 0.9887849073907216
1735977257.202667 0.0037773998002824 -0.0131027557309184 0.0460942773084571 -0.0266461290635856 0.1467865260734117 0.0031349085175963 0.9888042637032937
1735977257.302941 0.0052163603682650 -0.0128260285735567 0.0443974859301714 -0.0265804661141234 0.1469734885865165 0.0033262732392171 0.9887776334344357
1735977257.402390 0.0051456793118559 -0.0120628308512607 0.0490656965665107 -0.0265073085639185 0.1475291543554301 0.0032300238533866 0.9886971620035001
1735977257.502302 0.0056436166573454 -0.0133902283542038 0.0486227693125511 -0.0266510206428841 0.1479040418023193 0.0032543079436497 0.9886372069657496
1735977257.602364 0.0034067795682161 -0.0150228323042757 0.0501698596159849 -0.0264981574129847 0.1486124101197257 0.0031968966875104 0.9885352695092333
1735977257.702363 0.0112231717168162 -0.0111003387044318 0.0446208465145425 -0.0257000091376546 0.1483723629572479 0.0034034674620511 0.9885917093775579
1735977257.802448 0.0073435529697988 -0.0146763736506740 0.0477921865023696 -0.0259941844910853 0.1485890687332804 0.0034692425938165 0.9885512406453423
1735977257.902651 0.0104342649495098 -0.0157116422454426 0.0476304152003892 -0.0261188072802525 0.1483432122843308 0.0035171487877566 0.9885847100475648
1735977258.002455 0.0065713867883471 -0.0143248732512475 0.0419807855014912 -0.0265753986773922 0.1468273131346976 0.0034397124955624 0.9887990982402498
1735977258.102418 0.0067205508378156 -0.0140746678630032 0.0447066400779114 -0.0266286639289011 0.1465003509443576 0.0032804724926024 0.9888467019365373
1735977258.202436 0.0084211820405827 -0.0151186579664267 0.0419218618371700 -0.0265956753590139 0.1462288095647923 0.0034163018777512 0.9888873212792962
1735977258.302371 0.0072096443098817 -0.0154463381615557 0.0426353615700684 -0.0268151211978164 0.1462575593052594 0.0033715865726581 0.9888772967487919
1735977258.402509 0.0072720627836496 -0.0150969950071621 0.0423731266357912 -0.0269894545551890 0.1460538165527693 0.0030824565204964 0.9889036103053638
1735977258.502504 0.0114171392027191 -0.0110743832861509 0.0435395310593083 -0.0266632272037380 0.1459736694288380 0.0032071209403278 0.9889238972356954
1735977258.602549 0.0088623538944901 -0.0110783306893213 0.0455906896637344 -0.0268232252064440 0.1462619918742013 0.0031031801764764 0.9888773000707963
1735977258.702428 0.0099872043611254 -0.0116985261349328 0.0451956609235130 -0.0266591800475424 0.1467704673140353 0.0029700305215437 0.9888068046703125
1735977258.802409 0.0057956590809533 -0.0148556179129072 0.0440734130246990 -0.0267995059690068 0.1469651661710843 0.0032097451494253 0.9887733430610872
1735977258.902467 0.0089410877339961 -0.0140396754355385 0.0450354157155209 -0.0266527627691646 0.1467924741367351 0.0033004100722661 0.9888026633595510
1735977259.002464 0.0089563472798602 -0.0141701908485324 0.0425726923901042 -0.0265245459738808 0.1468334252381475 0.0033043641904196 0.9888000176329944
1735977259.102382 0.0012054843038377 -0.0175025816585454 0.0426425136635470 -0.0267538784961698 0.1468512068493003 0.0033072736253157 0.9887911887620580
1735977259.201397 0.0039975881859296 -0.0144368351028907 0.0441862520688816 -0.0267631583865945 0.1462075601448091 0.0032661995082074 0.9888864518489717
1735977259.302448 0.0041761279586631 -0.0153427274158101 0.0423311340103504 -0.0267693000757684 0.1459705046687530 0.0033698678908009 0.9889209575747708
1735977259.402537 0.0057618764949268 -0.0131089304446430 0.0455183055076852 -0.0269895449438014 0.1463367667180167 0.0033276671624106 0.9888609820401952
1735977259.502507 0.0070739340923276 -0.0156664165782773 0.0462616537589177 -0.0270520411933820 0.1467403413063933 0.0031387639565145 0.9888000846790924
1735977259.602396 0.0093594336783846 -0.0133566375744695 0.0438326783610343 -0.0271247926636388 0.1465790262381484 0.0031105370982931 0.9888221069782931
1735977259.702368 0.0115605104903648 -0.0132959527096944 0.0444642825643849 -0.0268495604883504 0.1468877065226175 0.0031907318508418 0.9887835567020539
1735977259.802448 0.0084106583942693 -0.0159736661747698 0.0455801606779423 -0.0268574260509203 0.1471215409685404 0.0033026520946273 0.9887482102831354
1735977259.901308 0.0108430598449509 -0.0138374929276943 0.0428695203312083 -0.0268361614821716 0.1468779901709149 0.0034084370280358 0.9887846373186031
1735977260.002462 0.0127080797369682 -0.0122598094245395 0.0453588124399486 -0.0268526178631140 0.1468760324684556 0.0032405414054022 0.9887850458474899
1735977260.101419 0.0093486900416792 -0.0133420996839126 0.0453855470556928 -0.0268629488821238 0.1468324995939091 0.0034240987470641 0.9887906121055821
1735977260.202379 0.0063954679319694 -0.0145311007623781 0.0476060165722186 -0.0269008470982491 0.1470458752565094 0.0033663872528595 0.9887580707292900
1735977260.302609 0.0082151800070185 -0.0132601068591363 0.0505474214239389 -0.0269969562443574 0.1472006285889011 0.0032545200303220 0.9887327987863783
1735977260.402377 0.0068661307265471 -0.0152933391447096 0.0449110658882387 -0.0270623177978987 0.1470127200800958 0.0032689906131060 0.9887589214719775
1735977260.502358 0.0035934718863708 -0.0191955726113031 0.0493817842438793 -0.0270912978425011 0.1472507568037809 0.0034075224063354 0.9887222385447660
1735977260.602419 0.0048321456657190 -0.0135861665117856 0.0487410324438736 -0.0269108585689278 0.1471783375601925 0.0032031065160142 0.9887386321737147
1735977260.702437 0.0056118139207212 -0.0130355015722569 0.0463582918648527 -0.0269840494572382 0.1471148210458692 0.0032694428023308 0.9887458729356567
1735977260.802307 0.0074475106561271 -0.0147424169819682 0.0467096159575682 -0.0268352622591910 0.1469956987491193 0.0032591181536851 0.9887676731151758
1735977260.901848 0.0079578630979312 -0.0137905838198907 0.0465634203182343 -0.0267372704499718 0.1470641668007301 0.0033686884286551 0.9887597792944265
1735977261.001747 0.0055836316245660 -0.0138046191185962 0.0462140085108657 -0.0264033373381287 0.1478588272601794 0.0034348342944894 0.9886500052556633
1735977261.102363 0.0096942042608033 -0.0126798155779796 0.0426020716490449 -0.0262606385568783 0.1485612816512106 0.0034242180797765 0.9885485315285623
1735977261.202337 0.0086638685151241 -0.0176341014253777 0.0464408909016921 -0.0261763450891371 0.1489555416040560 0.0034664947603462 0.9884912892875150
1735977261.302627 0.0093073898747172 -0.0161797591929746 0.0476066974581404 -0.0260472212232265 0.1506650983438307 0.0031242969517405 0.9882367171766842
1735977261.402409 0.0098483157614870 -0.0171870924565173 0.0481106426071483 -0.0254343432074127 0.1535881528097901 0.0030530120476980 0.9878028409655040
1735977261.502539 0.0158164669045118 -0.0133362350077612 0.0470084101940223 -0.0238996867315297 0.1556914396328631 0.0030283990248615 0.9875119287373331
1735977261.602210 0.0137845275810346 -0.0157689075597136 0.0489522075442645 -0.0242725122547039 0.1561679827541703 0.0032571579770892 0.9874268566497727
1735977261.702141 0.0154649479710496 -0.0116270214552616 0.0486239168455793 -0.0238459235201749 0.1556720747331026 0.0032067430028056 0.9875157182946889
1735977261.802602 0.0172203344331424 -0.0147461253192804 0.0472941451092930 -0.0237299325317502 0.1559966327153418 0.0032045898898886 0.9874673014774470
1735977261.902345 0.0211527970373416 -0.0204861492358300 0.0493333077364213 -0.0218070750785412 0.1591263521578864 0.0027848140784077 0.9870134245976555
1735977262.002512 0.0204612062469245 -0.0166913283053465 0.0493926303192257 -0.0209118529675706 0.1603868670558195 0.0016521754532789 0.9868313014886351
1735977262.102416 0.0230539715503199 -0.0164052293364727 0.0487445292894685 -0.0213245620655752 0.1607954605893311 0.0011030043643006 0.9867567411920473
1735977262.202618 0.0214047401342707 -0.0191387471889935 0.0505033979657490 -0.0214139276085803 0.1628975916397170 0.0000410626340769 0.9864105720521322
1735977262.302417 0.0265022417099275 -0.0197918991624509 0.0485556840223534 -0.0174146579052330 0.1657237926623826 -0.0033962140182841 0.9860125861093160
1735977262.402486 0.0283319598880923 -0.0211638376305818 0.0518888214661850 -0.0123596448738986 0.1654905739629732 -0.0094901484271159 0.9860882547677100
1735977262.502436 0.0293429548877200 -0.0196014403020271 0.0528563780963774 -0.0126097490247914 0.1669062489401371 -0.0163271444228772 0.9857569287858235
1735977262.602376 0.0317062094744780 -0.0197849311026073 0.0506378211058503 -0.0141097630178992 0.1704884140678333 -0.0171720591678063 0.9851089968324069
1735977262.702472 0.0292157678172758 -0.0207080523358683 0.0521212036441907 -0.0141364290723386 0.1670509582090464 -0.0170408647727652 0.9856996234463715
1735977262.802460 0.0248791008921016 -0.0191371195888119 0.0604537542990065 -0.0164585240621904 0.1615661863048497 -0.0150515095689440 0.9866098197809999
1735977262.902408 0.0274938936318395 -0.0219546892737676 0.0667774508774953 -0.0185124549383632 0.1623296427686562 -0.0130463970447120 0.9864766432181288
1735977263.002393 0.0295389379726010 -0.0220695761920071 0.0769715751981781 -0.0169222534901705 0.1634611374366590 -0.0114327372854737 0.9863383731777292
1735977263.102469 0.0247401869830171 -0.0239186999170424 0.0978392716322087 -0.0193079824522162 0.1709589131698760 -0.0084970219891634 0.9850523094936204
1735977263.202367 0.0234764874021592 -0.0299950208189506 0.1288879323507244 -0.0163557515788219 0.1870088883177677 -0.0079526365688435 0.9821898597786726
1735977263.302582 0.0169754882430895 -0.0307929539173683 0.1752106626175454 -0.0127604612129814 0.1893310941316255 -0.0106783227371947 0.9817723161956003
1735977263.402389 0.0029226795001945 -0.0270184901413295 0.2405994048258661 -0.0148033601682304 0.1733949293583422 -0.0160032546382534 0.9846110678036930
1735977263.502619 -0.0148067312248703 -0.0185219877587713 0.3160439472602615 -0.0199606435827780 0.1623564944772143 -0.0201088901959027 0.9863252880991751
1735977263.602376 -0.0229021737750454 -0.0059557337768027 0.3924361392275562 -0.0244855645268863 0.1723247245798443 -0.0221241365285081 0.9844872619852166
1735977263.702362 -0.0429081969108260 0.0143913834568140 0.4778585428752355 -0.0236081470640607 0.1908741598372130 -0.0261720668958606 0.9809815153268885
1735977263.802421 -0.0688957605189074 0.0395800630498961 0.5625194048211080 -0.0206435246289196 0.2124204304628164 -0.0279489461039315 0.9765604241543718
1735977263.902498 -0.0951725407446253 0.0678996449868791 0.6348725125696119 -0.0113389085733540 0.2266029062322450 -0.0219634168168947 0.9736735389036681
1735977264.002415 -0.1097211871423615 0.0974655715864785 0.6949561930054630 -0.0063970136266136 0.2359414695858452 -0.0104502322683552 0.9716900193950074
1735977264.102470 -0.1209459816662815 0.1258530652278966 0.7374058922056147 -0.0005204874692310 0.2451669614895725 -0.0010859501192041 0.9694801239835211
1735977264.202530 -0.1139576432137004 0.1527134452428717 0.7602135976674976 0.0093028641203720 0.2476041987314900 0.0009380663819302 0.9688161525909639
1735977264.302498 -0.0834883811835765 0.1845120995956132 0.7683791380920886 0.0166854108487610 0.2407101033169212 -0.0055451461352292 0.9704377850126735
1735977264.402547 -0.0310547505994206 0.2176252590761655 0.7698548193924177 0.0147332757679895 0.2265240848681983 -0.0157445336931141 0.9737668505440901
1735977264.502594 0.0464351084602588 0.2445037686972541 0.7620360871140344 0.0172053999910918 0.2249075561453329 -0.0268539840899040 0.9738580127197085
1735977264.602487 0.1287320568175901 0.2600281587922211 0.7640323651541777 0.0170584377544770 0.2325142654919327 -0.0444413923867490 0.9714273460670390
1735977264.702605 0.2102126304667777 0.2737945088398335 0.7742365569876207 0.0268955722184916 0.2321348142617229 -0.0676910709045042 0.9699525633362267
1735977264.802409 0.2886377009938016 0.2802580580275079 0.7932212078304973 0.0384055146167561 0.2371773746336142 -0.0857878431126885 0.9669086592760462
1735977264.902369 0.3716319965569354 0.2830101172431014 0.8109882073343917 0.0476177550499578 0.2338794229367306 -0.0989790681196424 0.9660414633984151
1735977265.002607 0.4655971954141370 0.2731592688287849 0.8233365473735914 0.0577258282676286 0.2168328298204323 -0.1175020264720145 0.9673905759505049
1735977265.102401 0.5686886558877650 0.2539768767323382 0.8373938754298057 0.0676123863855437 0.2008275238065466 -0.1462035709662388 0.9662925989190351
1735977265.202427 0.6695569032211826 0.2194933741350692 0.8455955667093351 0.0783303984473206 0.1827901663157109 -0.1898040464014084 0.9614710228327272
1735977265.302616 0.7668757896535087 0.1660002418738847 0.8556122293440255 0.0904908193957616 0.1884415090991945 -0.2450929688183120 0.9466945895532138
1735977265.402570 0.8492825671134139 0.1015193732714076 0.8592443507944979 0.1056631218030668 0.2064339009244587 -0.2971675362552384 0.9262352857864640
1735977265.502481 0.9361241923393133 0.0280790067026821 0.8657995003693237 0.1130163819967823 0.1985081230479733 -0.3400611354660775 0.9122391389486915
1735977265.602317 1.0222484855022678 -0.0507235754865583 0.8658820228192781 0.1100751239295111 0.1834805342676422 -0.3770990949806908 0.9011185455873757
1735977265.702397 1.1145226870626661 -0.1382411537542619 0.8660599744509113 0.1135727279945346 0.1824107137224133 -0.4031538726778219 0.8895473691265877
1735977265.802315 1.1989944458691155 -0.2288921083557689 0.8751494503489844 0.1219758345089720 0.1955363161279818 -0.4205129348001995 0.8775285274774041
1735977265.902494 1.2836879617522985 -0.3115277338433636 0.8979576480674932 0.1247418722221893 0.1978743016596037 -0.4284732206301198 0.8727519265289995
1735977266.002364 1.3636999929844067 -0.4017311802120325 0.9114873043771127 0.1336228940559906 0.2030664988362291 -0.4266846016018536 0.8711194923719506
1735977266.102585 1.4558240267823199 -0.4986090255271736 0.9140994469277555 0.1383753844656327 0.1887456720363938 -0.4264335757020458 0.8737171909579702
1735977266.202542 1.5486156746817938 -0.6074806056871246 0.9198027061536074 0.1349917768866135 0.1683566597692667 -0.4383975925914748 0.8724911495793695
1735977266.302473 1.6204536211425560 -0.7283023619163894 0.9489841470207108 0.1293851124802113 0.1350274529963678 -0.4716506424119415 0.8617266104271120
1735977266.402559 1.6917490706524747 -0.8512205429909465 0.9652147784209398 0.1404560211576840 0.1356986063416314 -0.4997518040535201 0.8438638093334393
1735977266.502535 1.7635986247416400 -0.9815341551425386 0.9677576857275496 0.1568052933041292 0.1654001958191900 -0.5187228496521764 0.8240033255172612
1735977266.602370 1.8382478872557839 -1.1076179743565466 0.9670186220975215 0.1506872413306579 0.1544446049519607 -0.5312170130890653 0.8192976896745899
1735977266.702660 1.9178487521688017 -1.2309445527704270 0.9570679349874900 0.1400935053704718 0.1520031174792333 -0.5366458360108588 0.8180954154142501
1735977266.802472 1.9952032954035281 -1.3510160438340637 0.9541145569006320 0.1475097764674659 0.1697801782920921 -0.5280499371395948 0.8188887719296765
1735977266.902456 2.0729321424628155 -1.4738354040403479 0.9762419066653765 0.1477243936163000 0.1784724530609019 -0.5182953598889748 0.8232223314188450
1735977267.002403 2.1513965710656207 -1.5878134716658765 0.9925828742375981 0.1423673427983131 0.1808800757100854 -0.5084560005536842 0.8297508261017962
1735977267.102429 2.2263878292865411 -1.7121802274682163 1.0012834606102063 0.1405790676574923 0.1790614679086173 -0.4994280565087875 0.8359103617127958
1735977267.202348 2.2992107304458282 -1.8449430381446505 1.0097360137939728 0.1310523968402629 0.1612013636220651 -0.4988369200601886 0.8414280223724868
1735977267.302400 2.3648320224188297 -1.9783174266775976 1.0161212497323275 0.1170025542905067 0.1454045554845043 -0.5162457264914975 0.8358578033452323
1735977267.402340 2.4209210766820672 -2.1268002257188781 1.0264365645573035 0.1256666139231836 0.1537228424740454 -0.5324281361694164 0.8228593255605375
1735977267.502490 2.4762455521697500 -2.2714282349532637 1.0341825790005215 0.1432151167402251 0.1753642852074714 -0.5443549099356844 0.8077218146364931
1735977267.602384 2.5377217742043232 -2.4084183043519158 1.0485505545123683 0.1363067168341710 0.1635748536162919 -0.5513985770475295 0.8066122708217731
1735977267.702307 2.5984169239827661 -2.5484633523720488 1.0595835142706889 0.1182539469287536 0.1505897741135925 -0.5525186112570249 0.8112101504436428
1735977267.802586 2.6583921481465413 -2.6950271787205691 1.0689626105533794 0.1209109593704455 0.1556937647599774 -0.5457779094541131 0.8144117294531567
1735977267.902669 2.7243915154329073 -2.8269912691430936 1.0935693592946973 0.1317917309915661 0.1735721610383347 -0.5388383681699321 0.8137302117672012
1735977268.002322 2.7833702054247098 -2.9426681947258913 1.1250208367937002 0.1324646170371906 0.1732234227924724 -0.5285751872142688 0.8203993189238102
1735977268.102385 2.8490382058828190 -3.0585902282837401 1.1405525551345241 0.1232482927773698 0.1640793376156990 -0.5180078419429893 0.8303949090526894
1735977268.202400 2.9211755218763518 -3.1837605572981884 1.1397194759198690 0.1150325852450266 0.1526718071378020 -0.5112065657206307 0.8379299915871503
1735977268.302596 2.9831970184803711 -3.3161473093571252 1.1385593054760246 0.1072784131005453 0.1387022760436159 -0.5229112474478366 0.8341563690313087
1735977268.402313 3.0362493099623484 -3.4625339668071389 1.1497121133504642 0.1128341393209306 0.1462919463840269 -0.5366462279147386 0.8233334376130734
1735977268.502574 3.0910976960400887 -3.5913110272241529 1.1558892910416179 0.1300670968851425 0.1664565092863256 -0.5472681580040614 0.8098594594489368
1735977268.602533 3.1356408608443189 -3.7105259205982906 1.1658519596518677 0.1342470536666630 0.1655512610097799 -0.5528714417260098 0.8055455775334475
1735977268.702585 3.1892671333535696 -3.8487578784504071 1.1656582882599067 0.1290160149247553 0.1565444545448825 -0.5558018666146436 0.8061842138815785
1735977268.802529 3.2424687753101105 -3.9811470054986935 1.1660373048191099 0.1154182040745702 0.1505846138024919 -0.5520938299671244 0.8119084401374252
1735977268.902398 3.3123895053485004 -4.1077949835311918 1.1834012008179045 0.1010477570166759 0.1560839617800578 -0.5353884798390911 0.8238848968955116
1735977269.002507 3.3839173115649377 -4.2247471927562570 1.1880857760042205 0.1037792396249191 0.1645169267993950 -0.5118014021951175 0.8367935079399622
1735977269.102542 3.4595955769492019 -4.3386741727922908 1.2080465371593279 0.1054673770072746 0.1739037239990315 -0.4864051275914543 0.8497318277075511
1735977269.202348 3.5444290444466353 -4.4505428155969513 1.2081020003264131 0.0929904295039672 0.1688110750578857 -0.4650296569729555 0.8640619301265876
1735977269.302495 3.6273645103906649 -4.5788404935563509 1.2048696729157469 0.0842749052825516 0.1583937819314024 -0.4516722239048272 0.8739572943444961
1735977269.402415 3.7110149938456103 -4.7091503326394077 1.2067922872661208 0.0766391073186188 0.1503410210647092 -0.4616787686221573 0.8708482871419995
1735977269.502375 3.7894822285684171 -4.8516624513646063 1.2159961020666596 0.0880618211481861 0.1523946149424816 -0.4688184960062531 0.8655808539905632
1735977269.602518 3.8648415757336756 -4.9799493902864711 1.2157592030305180 0.1080132217711760 0.1826574735548413 -0.4745109340311987 0.8542884552433170
1735977269.702487 3.9421808644908682 -5.1171896831797152 1.2188532733545561 0.1108826444466139 0.1720517017300686 -0.4784958628616950 0.8538998537981813
1735977269.802382 4.0323582402505638 -5.2426638090970989 1.2173319762940538 0.0921433977861581 0.1631223704320150 -0.4755508743876071 0.8595068658121613
1735977269.902511 4.1301546172979995 -5.3706378345890915 1.2259615597190594 0.0897281179696229 0.1766552607184518 -0.4616070323735453 0.8646737716442047
1735977270.002476 4.2320248602133077 -5.4647481628186378 1.2515358086095254 0.0874513284243279 0.1947836245764816 -0.4343501501806049 0.8750723123215329
1735977270.102391 4.3401191388021800 -5.5512478902650528 1.2855623159329725 0.0820540091206722 0.2029315631652751 -0.4036962859087945 0.8883215797232259
1735977270.202556 4.4533296152358366 -5.6282614276736087 1.3001335064890469 0.0822556582871577 0.1980703753303998 -0.3798820436964332 0.8998287425800767
1735977270.302485 4.5783804385644551 -5.7142720104100775 1.2955420623201941 0.0742682207669969 0.1774667411072328 -0.3654592961550907 0.9107300862707397
1735977270.402373 4.6959253168475481 -5.8107007768546026 1.2954585506467891 0.0645707710975752 0.1527199957165136 -0.3715193961640255 0.9134990731807727
1735977270.502429 4.8158232332765252 -5.9161937979152706 1.2964459440848222 0.0724722136066622 0.1623650187666939 -0.3804411504595574 0.9075516018237476
1735977270.602474 4.9227300720279361 -6.0078665896128269 1.3054830095962875 0.0875067510561002 0.1848148636312615 -0.3802408856197692 0.9019993922412906
1735977270.702318 5.0382484870446600 -6.0994391991736929 1.3119681790105315 0.0814562194478703 0.1704567358879738 -0.3779246587473945 0.9063566283833000
1735977270.802463 5.1656228489551568 -6.2003663766167838 1.3039808166437277 0.0752327803182871 0.1628148523998436 -0.3720908174867869 0.9107029022384920
1735977270.902361 5.2843515021273531 -6.2929880178620241 1.3087296944797491 0.0739176038336428 0.1607065065992897 -0.3570998670158582 0.9171637212392353
1735977271.002369 5.4083160392650100 -6.3815944814874541 1.3234811014343248 0.0651854190466474 0.1624267490279360 -0.3395140461303024 0.9241745640430491
1735977271.102563 5.5383569555774983 -6.4580270190170888 1.3400010556746946 0.0581641140514766 0.1796646523114613 -0.3208937311260235 0.9280973881389969
1735977271.202520 5.6620935773150682 -6.5319798577305077 1.3409110097265695 0.0622333374323138 0.1962182489322781 -0.3040363418761673 0.9301544566987489
1735977271.302568 5.7945607681270728 -6.6073957313528151 1.3356776359729787 0.0565957384031923 0.1850243165715604 -0.2934029050260109 0.9362038560025921
1735977271.402480 5.9292649444336538 -6.6853858960236705 1.3372731188703075 0.0529829281158108 0.1784774128020738 -0.2916747212241010 0.9382241093931640
1735977271.502380 6.0586030717117714 -6.7635697448031129 1.3465289144537964 0.0558977544568843 0.1889531196456790 -0.3000021229431497 0.9333653549668783
1735977271.602575 6.1766604710632711 -6.8364284819914527 1.3629411914604610 0.0662847915620026 0.2056690740605948 -0.3124045408240969 0.9250459238627696
1735977271.702487 6.2977921281835334 -6.9172272814681417 1.3686650478841964 0.0738998016927309 0.2120491549584403 -0.3175193411846689 0.9212792427732431
1735977271.802471 6.4198391948888123 -6.9904381963914037 1.3720172115332534 0.0697738467807986 0.2071441633521984 -0.3163237995878618 0.9231262967269569
1735977271.902526 6.5564074920641202 -7.0541479369115443 1.3842067038168999 0.0599927783911622 0.2000009153064868 -0.3054020647121778 0.9290479424050274
1735977272.002401 6.6949712911834167 -7.1129921115336243 1.4028921768642004 0.0537609233514135 0.2042719233202978 -0.2855319892059328 0.9348017049639634
1735977272.102587 6.8324543807908773 -7.1512296919728913 1.4247861707477636 0.0477741879919875 0.2174523857073346 -0.2577817642017244 0.9402024510481460
1735977272.202410 6.9674094662244039 -7.1931194155204645 1.4434616426515345 0.0428800127736837 0.2209154839010448 -0.2321740474885947 0.9462837128208748
1735977272.302471 7.1110744875187066 -7.2256339101842606 1.4550368834082656 0.0383766864469015 0.1976105173140844 -0.2164145312335629 0.9553230155581793
1735977272.402483 7.2592569720299629 -7.2756980466361609 1.4701569171985112 0.0354171499062597 0.1761440454445438 -0.2151356906332751 0.9599143375128282
1735977272.502565 7.4004700426727412 -7.3197327788555988 1.4899930335665694 0.0416635096970988 0.1858996479775127 -0.2252735636345703 0.9554879875586809
1735977272.602381 7.5300407771524007 -7.3799430786808218 1.5026665871471931 0.0538098296280712 0.2045869059609548 -0.2349705536448966 0.9487030826684039
1735977272.702374 7.6630457169904114 -7.4327774723257383 1.5166134980306645 0.0606823074440607 0.2140637903812279 -0.2416766897109406 0.9445034297773872
1735977272.802422 7.7981127167090438 -7.4873067078036453 1.5267967931544224 0.0569668215022698 0.1925059325443308 -0.2452514069172478 0.9484450403625276
1735977272.902533 7.9359235839238345 -7.5348938514570980 1.5384393911441712 0.0528014990017818 0.1755454335566988 -0.2363448772928854 0.9542205727388016
1735977273.002480 8.0817101464608871 -7.5785252818104043 1.5485802057690998 0.0526316858378609 0.1780636473498982 -0.2200288350086788 0.9576588927708235
1735977273.102470 8.2193020877126397 -7.6109207477946530 1.5620023965799790 0.0567512801330005 0.2018115961931764 -0.2039154966732808 0.9562791653391375
1735977273.202478 8.3521270850320875 -7.6447841958199030 1.5648794238559205 0.0562106085341805 0.2099529981119812 -0.1867807608208145 0.9580569155635824
1735977273.302386 8.4941295369277441 -7.6774857020128309 1.5622547527054471 0.0485307568634049 0.1892971515361739 -0.1732493606127869 0.9652958163722749
1735977273.402538 8.6408411367871452 -7.7125894999080273 1.5572496370620841 0.0482541784733736 0.1943076520881596 -0.1658679118654109 0.9656106391363213
1735977273.502483 8.7762597937803442 -7.7511168367034982 1.5657644430982589 0.0484861691316398 0.2195567041105533 -0.1674758847052772 0.9598936259426007
1735977273.602477 8.9062883786389229 -7.7887945712617457 1.5858903706364651 0.0472260238606038 0.2255832919254685 -0.1732717960943033 0.9575274229768257
1735977273.702465 9.0390043293190150 -7.8363600112052971 1.6046881841279459 0.0509108181412003 0.2180611910741931 -0.1788796996056835 0.9580498205273452
1735977273.802538 9.1837615276229858 -7.8822297480942654 1.6163929710855223 0.0451887085599473 0.2014729139077803 -0.1793113126922539 0.9618805012686207
1735977273.902358 9.3287648391557312 -7.9181352342563978 1.6328138857090038 0.0326455262364734 0.1851801813460831 -0.1711879002541395 0.9671283642102296
1735977274.002529 9.4708826746960195 -7.9444420651702590 1.6538758783853749 0.0201805573828534 0.1806552614000745 -0.1521923880526274 0.9714905551012972
1735977274.102384 9.6180336195113121 -7.9624067038208057 1.6709314944512719 0.0268833651754834 0.1977865368044945 -0.1334764943646129 0.9707429093162924
1735977274.202471 9.7587583689436457 -7.9799107645648144 1.6781530003518090 0.0320480922955259 0.2065936416950989 -0.1148539251446897 0.9711336483050275
1735977274.302545 9.9050699958683026 -7.9902979922346544 1.6839219094006659 0.0263652024716189 0.1919335296274179 -0.1002047632129547 0.9759228461988311
1735977274.402418 10.0598914245951807 -8.0043173033313550 1.6938620886491020 0.0267470213620456 0.1866540232105646 -0.0957806867531631 0.9773796255870391
1735977274.502432 10.2033149134750456 -8.0174266673809740 1.7122819654717523 0.0305858820932657 0.2074976555509912 -0.1027116977263291 0.9723474347719515
1735977274.602482 10.3480222499472614 -8.0378328500893090 1.7337513104363249 0.0356992268888557 0.2168197418690550 -0.1102433891639515 0.9693096305520853
1735977274.702396 10.4887918846490784 -8.0577043521715535 1.7473812455325601 0.0369611670904832 0.2302023020648942 -0.1143742135508735 0.9656911056471174
1735977274.802434 10.6392080819838082 -8.0744991412381744 1.7497516842227083 0.0316917994382139 0.2239321299616668 -0.1146394591946309 0.9673199188555780
1735977274.902368 10.7881925466027102 -8.0820622608250030 1.7639014752585171 0.0274861571670068 0.2140308617939363 -0.1008307921441735 0.9712200845943798
1735977275.002414 10.9399181181077321 -8.0876570360505422 1.7922036012560967 0.0244434372174477 0.1923537418896584 -0.0759727650094028 0.9780749947396006
1735977275.102441 11.0878347183402397 -8.0898915466218639 1.8131523039822839 0.0253027996977887 0.2093288282895365 -0.0484269145224754 0.9763175937799217
1735977275.202496 11.2370811570762932 -8.0823203159208159 1.8304286764140785 0.0225968273676835 0.2198010459995644 -0.0293991657511725 0.9748397676662292
1735977275.302422 11.3848262396824644 -8.0864715545151054 1.8331877684877125 0.0226376008780773 0.2113544204173022 -0.0158459718791009 0.9770188090163660
1735977275.402506 11.5539724476555161 -8.0978155556683440 1.8301735956734271 0.0213703697913767 0.2082779103371238 -0.0158898868222713 0.9777070782485705
1735977275.502346 11.7209442568196405 -8.1112868302940484 1.8359701587378718 0.0170117874642455 0.2178016016879666 -0.0338506542508175 0.9752575016867184
1735977275.602348 11.8736063097994116 -8.1490575378131673 1.8523806774154319 0.0247958912202881 0.2248616386506683 -0.0611423100521330 0.9721543216811911
1735977275.702402 12.0279468453600966 -8.1978582772943813 1.8697674326613689 0.0378709976611631 0.2354138104513657 -0.0926095353640098 0.9667313997924030
1735977275.802482 12.1778129182065502 -8.2348337879448081 1.8883813089733354 0.0440629148297819 0.2382239219800037 -0.1180379530107559 0.9630030447419151
1735977275.902360 12.3420851857369112 -8.2707568120319248 1.9084377487378188 0.0365672142742715 0.2294279143032537 -0.1313532658448379 0.9637281725313283
1735977276.002350 12.5041965969849418 -8.3059763538623077 1.9404622371847715 0.0363744288402082 0.2079339977219779 -0.1288229232707800 0.9689401467365648
1735977276.102384 12.6587962867602766 -8.3298294336919714 1.9775648969273139 0.0428525649977474 0.1985569632622037 -0.1219306890230997 0.9715305950342263
1735977276.202438 12.8174685822655192 -8.3447469024436902 2.0035184156814791 0.0481809975012375 0.2137536900519308 -0.1113538581678054 0.9693236145581687
1735977276.302426 12.9688208435492296 -8.3665872098635869 2.0218884291389974 0.0452663176645037 0.1885067218311017 -0.1069505593807728 0.9751808827893047
1735977276.402489 13.1331352818911711 -8.3996740977851854 2.0363578429277251 0.0494408128480841 0.1721734342430046 -0.1213565591850315 0.9763116818458440
1735977276.502522 13.2790483447783565 -8.4426208968820617 2.0620917259496729 0.0521001918017256 0.1786172676200472 -0.1558392420587552 0.9701008052551675
1735977276.602372 13.4262245942834948 -8.4988004712055290 2.0925804947405009 0.0556642077847058 0.1856357526370054 -0.1897593092473194 0.9625135156809871
1735977276.702473 13.5670236642496906 -8.5430894139968157 2.1144510987807328 0.0598845069638625 0.1890523000592995 -0.2132633298928933 0.9566565871779584
1735977276.802387 13.7186446415183756 -8.5838187783722883 2.1284920380170762 0.0515953583519172 0.1840632921904160 -0.2258105826878105 0.9552320159054314
1735977276.902760 13.8674910546342574 -8.6201584009674690 2.1484414624007258 0.0477468811367183 0.1840743884526718 -0.2160902530880570 0.9576752358591250
1735977277.002434 14.0182351734754622 -8.6404813461693255 2.1795042278737715 0.0469879434369279 0.1861982839478012 -0.1917258258028839 0.9624778127035782
1735977277.102419 14.1706079571701480 -8.6557747124348534 2.2050334842965280 0.0440086226497410 0.2039872121095002 -0.1646326028398567 0.9640272633647041
1735977277.202347 14.3198390967592548 -8.6646378536547743 2.2224689601106831 0.0350787576784330 0.1899970810683510 -0.1378004823134106 0.9714327650534728
1735977277.302552 14.4728827218811240 -8.6823464218522357 2.2289596267381353 0.0294881917469335 0.1762493405802126 -0.1146101946036329 0.9772057714654852
1735977277.402582 14.6208956576357867 -8.7118734471726142 2.2321043701679817 0.0286702131481573 0.1745510227607357 -0.1132218848383982 0.9776966626335906
1735977277.502496 14.7672529398564478 -8.7496426153143663 2.2514200799384390 0.0301140702036847 0.1765017708156613 -0.1290148097612075 0.9753437581370903
1735977277.602586 14.9126633748682114 -8.7899767975691585 2.2634251096702371 0.0335490327564608 0.1981456035094346 -0.1493823165975856 0.9681413665880240
1735977277.702659 15.0574041545330992 -8.8310478767179514 2.2644088620847893 0.0363484157727713 0.2090819077169208 -0.1622935565856137 0.9636515708631699
1735977277.802392 15.2060013139547117 -8.8578063305603401 2.2742359497650524 0.0259286317452420 0.2014670907002080 -0.1619558652028318 0.9656650636463018
1735977277.902362 15.3621401222260179 -8.8702223884353160 2.2885632285539903 0.0212097045498158 0.2007331520717598 -0.1418821195560878 0.9690850397372346
1735977278.002481 15.5146283454391636 -8.8717241785184733 2.3157165667821995 0.0235432503329989 0.1978245647948875 -0.1172990536998322 0.9729090856439747
1735977278.102415 15.6668473955518994 -8.8653547887544910 2.3378573546186017 0.0263361449888844 0.2064505875189701 -0.0927282672628892 0.9736970939828355
1735977278.202399 15.8231702627003994 -8.8511603276697173 2.3429631699157945 0.0212484270536501 0.1942642854222658 -0.0651014993070481 0.9785559189668707
1735977278.302479 15.9804165467902219 -8.8312682264453013 2.3498871083636170 0.0137626457382826 0.1837637989174337 -0.0428642664481145 0.9819389545443141
1735977278.402438 16.1414720030753180 -8.8188823003830592 2.3500988819330857 0.0070007044072511 0.2104311673577786 -0.0384916855866282 0.9768255238695113
1735977278.502483 16.2945827178106093 -8.8116896871568251 2.3608814945269874 0.0056864724020279 0.2384278950490092 -0.0429337524859565 0.9701940505855489
1735977278.602448 16.4434801923246603 -8.8014436142521415 2.3770235850118793 0.0042577664136904 0.2403355757023108 -0.0461019021992665 0.9695851159597153
1735977278.702381 16.5971954853835690 -8.7871196118537647 2.3827143043241392 0.0006285355609237 0.2377646580339664 -0.0427131609723888 0.9703829956325424
1735977278.802304 16.7516799746216307 -8.7627396565786864 2.3937217202552326 -0.0055616050852149 0.2278196645074398 -0.0288001216595216 0.9732614355891177
1735977278.902504 16.9032328492736745 -8.7159272380806456 2.4223186704398136 -0.0130604828796572 0.2211077678686499 -0.0021251846367737 0.9751596086617580
1735977279.002523 17.0458990853792649 -8.6722587506523876 2.4510053381878714 -0.0119471956577859 0.2400639984905555 0.0245401493388908 0.9703732901389374
1735977279.102425 17.1873046409000310 -8.6184522734833582 2.4777029265159327 -0.0110585631536607 0.2517438556985421 0.0539460257768635 0.9662259392098156
1735977279.202354 17.3260836705898207 -8.5608032390316708 2.4813922124406638 -0.0126035285530414 0.2310083316781184 0.0833736634430086 0.9692910471098951
1735977279.302503 17.4780861418225442 -8.5097055537403605 2.4903935003613351 -0.0083810637510249 0.2111532116080400 0.0969494235578227 0.9725969814212965
1735977279.402523 17.6411738028122933 -8.4696072500052360 2.4980657727505147 -0.0067030720676335 0.2261799310387573 0.0841425040950283 0.9704214273318461
1735977279.502680 17.7957160334506028 -8.4378536567185005 2.5121134623808445 -0.0055537106321527 0.2520090819295082 0.0656333176039621 0.9654806298127157
1735977279.602480 17.9497969616726323 -8.4126604373419696 2.5181539302755320 -0.0045324252712463 0.2590310844021647 0.0512263321582551 0.9644989462556252
1735977279.702379 18.1089707917845075 -8.3772816921364495 2.5216018817946302 -0.0032306768970216 0.2452566303022954 0.0413087170376630 0.9685723194043141
1735977279.802400 18.2648685471210648 -8.3387151287740284 2.5248530862363951 -0.0050244218311615 0.2289689069806611 0.0495837200604657 0.9721571115443786
1735977279.902408 18.4214903960614222 -8.2813572412376342 2.5417471164828100 -0.0066226793195681 0.2170995629415534 0.0680776107618667 0.9737501521448777
1735977280.002437 18.5743768731826151 -8.2241434930761681 2.5528529050391904 -0.0156780229710493 0.2489459906475845 0.0900519156249043 0.9641943506516188
1735977280.102345 18.7245831538162903 -8.1715592239348851 2.5693508718026892 -0.0229442236974972 0.2527304280746008 0.1119862159464351 0.9607601057299093
1735977280.202359 18.8756118289440522 -8.1229858157266115 2.5758765090936113 -0.0231741431684572 0.2259504826280059 0.1235266712949758 0.9659971531880215
1735977280.302482 19.0389201720305579 -8.0783768566277363 2.5832879519597194 -0.0222078468877571 0.2258270588907919 0.1105296800980440 0.9676218997246646
1735977280.402386 19.1985678156722770 -8.0461292329887772 2.5945946915297764 -0.0128223393287916 0.2323101344928091 0.0965187599590269 0.9677560219404693
1735977280.502361 19.3535148025635166 -8.0116547560247806 2.6012183656900429 -0.0108784854330563 0.2433857146789496 0.0788387511963812 0.9666589386928023
1735977280.602356 19.5156463825324664 -7.9743344850276507 2.6018100916237912 -0.0118431229831733 0.2533391938051718 0.0663518190606726 0.9650266470038487
1735977280.702615 19.6684827425183038 -7.9289568152431684 2.6028914415197808 -0.0231473695269067 0.2410644930503341 0.0707928052339562 0.9676468819778616
1735977280.802519 19.8183943484197904 -7.8628361945814698 2.6124881678512155 -0.0281292553818483 0.2394385721333663 0.0904093368959238 0.9662836369143570
1735977280.902481 19.9583810702064426 -7.7936536654586215 2.6435219596048083 -0.0331689303062164 0.2520829928572215 0.1149303123991388 0.9602838174551958
1735977281.002364 20.0891153203329331 -7.7176500494881282 2.6748278458121981 -0.0399227638267258 0.2463957025996831 0.1406129685485477 0.9580831507467447
1735977281.102420 20.2346436410277484 -7.6308878115076073 2.6893871940296137 -0.0412395014870220 0.2251287131518419 0.1661699194245240 0.9591683501399245
1735977281.202481 20.3767477773574193 -7.5506709247520529 2.6964098569563917 -0.0387552661460106 0.2048924838452306 0.1772853919965366 0.9618144255490859
1735977281.302330 20.5266011721918353 -7.4804866067002518 2.7032622880301704 -0.0374828554492115 0.1993880222366372 0.1702881775562300 0.9642828364751257
1735977281.402397 20.6714777169327064 -7.4210617292331502 2.7118445101475461 -0.0386264491068562 0.2201905009549742 0.1612689773487758 0.9612577477781249
1735977281.502408 20.8196390664709057 -7.3562977106978975 2.7138337711827840 -0.0313056359483132 0.2370510988675400 0.1526023225197211 0.9589260997830596
1735977281.602613 20.9650990972803974 -7.2905417494564553 2.7188075959256794 -0.0329548620154203 0.2240773407900339 0.1522146979395289 0.9620467806428072
1735977281.702392 21.1131905641018136 -7.2213644393954448 2.7259866369863492 -0.0347890532912156 0.2181745685408140 0.1596510717761062 0.9621336262151278
1735977281.802487 21.2544604763617073 -7.1484924871193449 2.7476207572711098 -0.0415091488376357 0.2180668582308813 0.1725609144693111 0.9596596098104802
1735977281.902391 21.3876939030285058 -7.0765727144278268 2.7794212240607465 -0.0480911335545067 0.2300556751079724 0.1870040587694045 0.9538297076668490
1735977282.002423 21.5121754049015692 -7.0028555881076988 2.8024613406762491 -0.0520883720107211 0.2416341380280246 0.1988309449929325 0.9483490919244579
1735977282.102417 21.6472064334149330 -6.9283924722025914 2.8041741103494138 -0.0475984298350778 0.2267865090196349 0.2089731003294484 0.9500697406730838
1735977282.202312 21.7844430193900429 -6.8546816184249160 2.8104017563364865 -0.0426468203744878 0.2141676443168017 0.2052949630943084 0.9540269634385837
1735977282.302368 21.9277220985385775 -6.7921586622135832 2.8226821252664003 -0.0357091480983749 0.2169657211379800 0.1907002982198597 0.9567048284878787
1735977282.402579 22.0691157614939080 -6.7332818608457101 2.8438361145139410 -0.0338734525037348 0.2354750820837964 0.1749751048449118 0.9553992817757498
1735977282.502483 22.2022188196300512 -6.6827469775480273 2.8564923851575807 -0.0298975519800548 0.2461235051859232 0.1673055318392503 0.9542212613417186
1735977282.602401 22.3468684941198212 -6.6265278176566493 2.8618551812331288 -0.0252311026159324 0.2344001832818619 0.1592788503739390 0.9586710558694103
1735977282.702396 22.4903143490194388 -6.5782894188801828 2.8615468461356843 -0.0205532556118250 0.2238276693261416 0.1570052188875981 0.9616798320490245
1735977282.802336 22.6335845076901663 -6.5237657255150419 2.8723637113027678 -0.0237385904959210 0.2348054883123658 0.1545795650987355 0.9593789762307406
1735977282.902468 22.7681409236734851 -6.4714812469843128 2.8875960706440051 -0.0313127713057144 0.2453086663137989 0.1531770848257105 0.9567549055368352
1735977283.002364 22.8907241585308618 -6.4276895688063753 2.9085815306738021 -0.0314032454809318 0.2525644711698190 0.1558556602472963 0.9544286443966639
1735977283.102364 23.0296261370121513 -6.3716142992674722 2.9097251960035813 -0.0290747727779595 0.2386129307498273 0.1562595363284832 0.9580195635650117
1735977283.202541 23.1680467360646780 -6.3193173352999246 2.9047335133948082 -0.0239096861868872 0.2107323629879336 0.1499449322900929 0.9656794061056111
1735977283.302460 23.3105984844101428 -6.2649276643000738 2.9099169376395833 -0.0223548751693702 0.2136784242914747 0.1414470988597069 0.9663511312005831
1735977283.402344 23.4453409447207868 -6.2208012290205064 2.9168426626968413 -0.0218261364269527 0.2257183899524372 0.1343046976429798 0.9646434970479921
1735977283.502465 23.5825547492013818 -6.1795181973545352 2.9217185784082407 -0.0182600898858142 0.2419223049139262 0.1370938297093917 0.9603881763943721
1735977283.602593 23.7219784623508652 -6.1324204561199656 2.9206281274495378 -0.0220333893209458 0.2254067477673698 0.1462110759066050 0.9629790491481122
1735977283.702409 23.8570379991726966 -6.0863054330353972 2.9114010001237132 -0.0275879791616643 0.2058585648177075 0.1677944803950890 0.9636940214849894
1735977283.802338 23.9905957656527775 -6.0315854406992360 2.9098090880989655 -0.0398899799990956 0.2018999912450307 0.1920514592945405 0.9595631401912882
1735977283.902458 24.1169446753033441 -5.9697907701323336 2.9176903306441462 -0.0502298719203106 0.2017022484899733 0.2218262750720931 0.9526732213138974
1735977284.002355 24.2336039214266030 -5.8985611541310989 2.9264769643853645 -0.0589720301257929 0.2153798908912329 0.2514291541582932 0.9417628059664326
1735977284.102364 24.3474794096136264 -5.8311117304649382 2.9179145776856816 -0.0592933962998807 0.2039422306527584 0.2800404482612430 0.9361993415129304
1735977284.202491 24.4728421669599641 -5.7454855780030645 2.9034914986143479 -0.0596186120080536 0.1867972340726000 0.3019150114446477 0.9329521639984751
1735977284.302432 24.5904290819786588 -5.6706104244877702 2.8923641848444679 -0.0672630445217539 0.1880449465032269 0.3152839137701425 0.9277450267471363
1735977284.402351 24.7085148044449241 -5.5876289826778667 2.9029730552767958 -0.0681381025456326 0.1803167160299857 0.3319246308640701 0.9234008448812429
1735977284.502605 24.8266590043447444 -5.5018301965546836 2.9037892962201051 -0.0724996065755335 0.2041434906429694 0.3464250506066184 0.9127206180352774
1735977284.602518 24.9449474404714273 -5.4081030877059586 2.9108061253571296 -0.0741688721848551 0.1850258456217869 0.3646060851394942 0.9095750752576840
1735977284.702489 25.0511622848096920 -5.3160251293527354 2.9134732624260513 -0.0791836911139716 0.1719498579153450 0.3869699111759886 0.9024508170913845
1735977284.802348 25.1416598520209646 -5.2206262821145604 2.9238313361061432 -0.0879369522084305 0.1860427138180176 0.4082380657905629 0.8893800552694554
1735977284.902547 25.2211882258000806 -5.1257224644878576 2.9407971749199637 -0.0946439524911672 0.1950943935717260 0.4238498815591464 0.8793929598058128
1735977285.002419 25.2980210694672962 -5.0247606947810599 2.9494808534915791 -0.0988145540297184 0.2067368455907418 0.4377156821993205 0.8694254091892422
1735977285.102449 25.3750595018988783 -4.9115092575298798 2.9358990691715352 -0.0943257291965745 0.1988745467612926 0.4479961005049576 0.8665166273040449
1735977285.202527 25.4498619304644969 -4.7851661156086616 2.9267553352040405 -0.0870190015593877 0.1857057225953478 0.4496548804752448 0.8693397301560193
1735977285.302526 25.5303277477940895 -4.6599136448467009 2.9286006790068853 -0.0836566490638127 0.1847041072597604 0.4442390208719536 0.8726612459388334
1735977285.402518 25.6088092432451759 -4.5369412929141344 2.9308827802194677 -0.0872137140897262 0.1979021074054859 0.4360859379777670 0.8735316700939895
1735977285.502492 25.6910806056979482 -4.4145828066733577 2.9353650746297051 -0.0849472011561212 0.2049594760776651 0.4328113160528725 0.8737562308094237
1735977285.602346 25.7679482613780344 -4.2844125109046178 2.9355856139212819 -0.0760061232527981 0.1901967455154004 0.4361176427087924 0.8762703172774692
1735977285.701386 25.8445556202121871 -4.1525801397151110 2.9295779376504902 -0.0708634587506007 0.1760365775689612 0.4451486834661892 0.8751183595263143
1735977285.801786 25.9164053140136161 -4.0203441148405750 2.9374658160903113 -0.0735307313672445 0.1806207381159405 0.4561336111493782 0.8682807779093574
1735977285.901407 25.9732115078819810 -3.8779262545984841 2.9453145268948302 -0.0863105263949173 0.1929177615990877 0.4722059590727326 0.8557772855768203
1735977286.001358 26.0273544535401768 -3.7442382590910817 2.9428888398196817 -0.0868392386209330 0.1905710263919101 0.4866479402261326 0.8481246446185450
1735977286.102389 26.0905590915418308 -3.6033410689172434 2.9322070721866589 -0.0756103135210510 0.1803756173961905 0.4952281642810645 0.8464613295603047
1735977286.202639 26.1584334165845718 -3.4617175238280473 2.9289659219589073 -0.0674491714744796 0.1747427005990805 0.4906161067451076 0.8510061302111870
1735977286.302644 26.2368961315491909 -3.3288866067433140 2.9328160350968524 -0.0683296059510004 0.1806769403573302 0.4758757354319462 0.8580379901850497
1735977286.402424 26.3193918508051290 -3.1996013819932876 2.9424078647939949 -0.0686137466924435 0.1940230090713134 0.4638309626268913 0.8616890760734697
1735977286.502551 26.4044394194371748 -3.0690133932982473 2.9321786874273661 -0.0749907776881499 0.1947624120096451 0.4574472092336749 0.8643992346677744
1735977286.602486 26.4906764478018353 -2.9389197014042501 2.9266721505841722 -0.0648522618130339 0.1747990372977499 0.4591915467287151 0.8685520157770654
1735977286.702368 26.5749564166231913 -2.8048137432685500 2.9238982061266374 -0.0590371876163781 0.1637195096515925 0.4702135865424770 0.8652223504213533
1735977286.802421 26.6541651027802864 -2.6717141643788973 2.9313307425501716 -0.0596424158554531 0.1653990768888398 0.4759011073748137 0.8617447786872113
1735977286.902535 26.7313206257024873 -2.5475726340358689 2.9360143920436736 -0.0754807616360145 0.1923231163490723 0.4727973972407747 0.8566079002104623
1735977287.002513 26.8112534680295127 -2.4143278443985450 2.9256600309180696 -0.0757930480221979 0.1794275240954502 0.4735170034042799 0.8589777790813407
1735977287.102437 26.8919000030151665 -2.2863389347250420 2.9090932082980983 -0.0731625022798730 0.1698900403959715 0.4717279044247999 0.8621237768565426
1735977287.202551 26.9769623040480688 -2.1544643456834249 2.9042205691242673 -0.0690316679713300 0.1754731755371756 0.4610569364589065 0.8671045466534721
1735977287.302544 27.0701989838198571 -2.0302000856998075 2.9072038787236600 -0.0655938290760384 0.1851505134085201 0.4461007497437396 0.8731614158045339
1735977287.402422 27.1619126361302001 -1.9090266971369561 2.9074641045706442 -0.0667849958862029 0.2094621540201125 0.4344500096006056 0.8734520934291521
1735977287.502481 27.2522409484891526 -1.7973035291483488 2.9062761584296513 -0.0634214974799269 0.2079761866648583 0.4286756298305424 0.8769041132456475
1735977287.602429 27.3508694442513551 -1.6704077209920456 2.8950236438542323 -0.0564723861814013 0.1841180150277839 0.4267887325808187 0.8836078337606939
1735977287.702378 27.4516828147938945 -1.5443471988927342 2.8903676084512409 -0.0556307410901239 0.1670029835317782 0.4279713896032029 0.8864850330481344
1735977287.802455 27.5423968585244978 -1.4250706531950716 2.9050731118819342 -0.0545746183072976 0.1641402223134494 0.4336692039250611 0.8843136434673547
1735977287.902422 27.6258201543267177 -1.3100758227778520 2.9123126473356526 -0.0661263091291818 0.1898030109119144 0.4302169169820960 0.8800656410928356
1735977288.002497 27.7120270497988379 -1.1939763396460950 2.9129104855671581 -0.0533416787486581 0.1835554109260809 0.4283578124532285 0.8831600426526991
1735977288.102556 27.8091533140229217 -1.0664237034783035 2.8919720938936218 -0.0475107627421848 0.1742985474248540 0.4225183158349965 0.8881672233161952
1735977288.202527 27.9063435236122963 -0.9445920518343288 2.8798555538021962 -0.0424821890097294 0.1795602472844447 0.4044537207823728 0.8957513990820138
1735977288.302301 28.0087176031672733 -0.8393512336323049 2.8812570959779671 -0.0478130136150337 0.1931358368038541 0.3735379391908728 0.9060253154609752
1735977288.402421 28.1226693411308304 -0.7428244097384419 2.8887882378668670 -0.0377897211692510 0.2188750102681899 0.3467512325737711 0.9112789087664768
1735977288.502439 28.2351052415047832 -0.6414228784428873 2.8876934764259650 -0.0347119147688511 0.2167668068657743 0.3285909704735219 0.9186050340258131
1735977288.602474 28.3559868659819792 -0.5398274557526918 2.8816616621608095 -0.0285663255925779 0.1909551920832768 0.3180407870503682 0.9282080248688652
1735977288.702494 28.4776819755735886 -0.4423364446350166 2.8864249037875762 -0.0262717411583834 0.1776826609649314 0.3140808704913510 0.9322509717883503
1735977288.802422 28.5977735822078571 -0.3526158068840293 2.8986517002213570 -0.0294361479062695 0.1895315969049605 0.3093663033496999 0.9313988282807948
1735977288.902369 28.7118641762929592 -0.2639586522654211 2.9091715290214397 -0.0328209143638909 0.2093487899923606 0.3063349796921658 0.9280381198668798
1735977289.002400 28.8265080533024971 -0.1719930406108576 2.9082675037189638 -0.0325041414002970 0.2048862952039651 0.3019966133103499 0.9304639339482763
1735977289.102405 28.9436734000137434 -0.0794786897317418 2.9044054195982993 -0.0244652571900805 0.1905062581508408 0.2984280438207405 0.9349061554280809
1735977289.202577 29.0681694140708125 0.0098062122999668 2.9032843771622923 -0.0166539886469104 0.1797299438642278 0.2828840834837256 0.9420171905290703
1735977289.302538 29.1962506429593809 0.0956800760610040 2.9146410623612171 -0.0180971558517210 0.1919814174782884 0.2623368442616880 0.9455130926835041
1735977289.402734 29.3238279035912228 0.1791684735512187 2.9228296615775546 -0.0140908418956212 0.2026147095122390 0.2447228384860879 0.9480819901186056
1735977289.502557 29.4563326331031270 0.2543251588204950 2.9264734635873761 -0.0061474681707270 0.1977617806525147 0.2346845778038696 0.9517224572790409
1735977289.602424 29.5883294277148323 0.3341057825244977 2.9277335406387959 -0.0032499243760848 0.1823535010440295 0.2309679218671721 0.9557146319466365
1735977289.702477 29.7225929949663268 0.4096341370473788 2.9297006140858390 -0.0080394341886876 0.1849979043369284 0.2286567796844945 0.9557338646261245
1735977289.802543 29.8515769028853164 0.4854051971433026 2.9470483556484814 -0.0127073714249615 0.1981320973486429 0.2268066484761896 0.9534888247476707
1735977289.902677 29.9819930036096771 0.5608242026249529 2.9554845459677281 -0.0124880625589020 0.2177678516502083 0.2210425916760717 0.9505584588789389
1735977290.002371 30.1073524302421944 0.6302664053612982 2.9658437664230619 -0.0051086841180592 0.1977540043675794 0.2156002884721065 0.9562341610264264
1735977290.102568 30.2443024772422042 0.7007488019965625 2.9711006984176667 0.0007501065752403 0.1860737024283721 0.1989686896059043 0.9621785048322546
1735977290.202418 30.3806797245445921 0.7612031792964407 2.9886892343122775 0.0107616901309704 0.1785007443172853 0.1687954240869214 0.9692934411781690
1735977290.302491 30.5130478811210146 0.8144391940099752 3.0110055685314490 0.0172626465976083 0.1905466604041975 0.1393320201742030 0.9715866196049785
1735977290.402533 30.6572551448904953 0.8595582225713209 3.0155701433697151 0.0238684596073346 0.2058699028773369 0.1193767640473749 0.9709773776617180
1735977290.502361 30.7932813444914899 0.9101247856145418 3.0243939267438891 0.0290675921482837 0.1880026415915648 0.1060004506339996 0.9759989683942722
1735977290.602582 30.9340215405296739 0.9561300683588754 3.0285475641517068 0.0271214077812726 0.1857654513155405 0.0994193189824243 0.9771752275567399
1735977290.702483 31.0724447059087083 1.0067822313269483 3.0485337057368818 0.0243099935968052 0.1810222048767321 0.0985210666500289 0.9782298221680988
1735977290.802309 31.2101828311832961 1.0539669224203752 3.0579926681955718 0.0216920864944176 0.1952239782103612 0.0982373064292661 0.9755852004518938
1735977290.902471 31.3481885759459935 1.0962297394997251 3.0703934214253761 0.0220092417609650 0.2032534402203754 0.0983922338222568 0.9739212497112670
1735977291.002403 31.4893585445297930 1.1413232786532499 3.0735369175228588 0.0244900477271157 0.1819120731453182 0.0958385576757713 0.9783267378892003
1735977291.102412 31.6349297211715204 1.1787538684063921 3.0786592093497127 0.0279448548588654 0.1780519062049995 0.0842848063664210 0.9800064669171618
1735977291.202423 31.7836991262295925 1.2064840019523442 3.0985370426618903 0.0340126645962294 0.1767397301997011 0.0575434853176937 0.9819852105370496
1735977291.302522 31.9357133640636590 1.2252128781287792 3.1147074681577274 0.0383892882913947 0.1821694544832909 0.0329072115224890 0.9819662254006269
1735977291.402591 32.0842095007471357 1.2421967286761033 3.1199543473786577 0.0407189544264058 0.1923605715369978 0.0166425383820312 0.9803379025543094
1735977291.502489 32.2378755380480229 1.2598439607223524 3.1186717565779012 0.0419889784948914 0.1776365963022758 0.0067438667840431 0.9831768333315716
1735977291.602376 32.3928290382972079 1.2839512015938694 3.1224053159463039 0.0365206938541891 0.1809966774996321 0.0033728690204225 0.9827996059263933
1735977291.702615 32.5412325354547463 1.3014468107812935 3.1343440808618150 0.0337907857877826 0.2026033146206574 0.0040154369450797 0.9786694824948344
1735977291.802371 32.6797351484359950 1.3285694930113523 3.1621139206401461 0.0315230286730005 0.2094337490836901 0.0026232072038316 0.9773110672615944
1735977291.902543 32.8268166986392558 1.3534069926789511 3.1662866739153324 0.0339576758561233 0.2177520088227913 0.0055602287797693 0.9753973665947669
1735977292.002533 32.9706836287063467 1.3798140918009618 3.1644078006792768 0.0385030908451873 0.1994216391904434 0.0044860594241835 0.9791467699424875
1735977292.102541 33.1250972214666746 1.3944652019208115 3.1688632449535201 0.0475605472295622 0.1902202044097066 -0.0131929207239830 0.9804999821643675
1735977292.202378 33.2757711016284290 1.3977970088351745 3.1772295236729859 0.0516308185485919 0.2011268510889542 -0.0378618697763737 0.9774705761116704
1735977292.302535 33.4310999425346651 1.3953030592997517 3.1897302310075322 0.0580280670127224 0.2042469364385454 -0.0580813012389906 0.9754703967013153
1735977292.402537 33.5820271276139408 1.3876878160030943 3.1868075311114317 0.0611093504454588 0.2161101341797114 -0.0712523684933381 0.9718462621099341
1735977292.502350 33.7506471841352038 1.3740450510428923 3.1843800175902186 0.0610927415472396 0.1974070724581291 -0.0812213646359307 0.9750390836271284
1735977292.602355 33.9095582714687609 1.3691518126582969 3.1865907197069068 0.0618883505636336 0.1908157754576831 -0.0852923994915095 0.9759530616223183
1735977292.702470 34.0656388410040805 1.3582330278616626 3.2023441738850944 0.0587732075340211 0.2086754646256044 -0.0879516762251521 0.9722472747139161
1735977292.802382 34.2144411860419240 1.3537336254968022 3.2138528835983262 0.0591742461869528 0.2237126571021157 -0.0853879589813099 0.9691026530257377
1735977292.902410 34.3738046269471837 1.3432083500625485 3.2124233305909082 0.0581492848328420 0.2134645454764964 -0.0825358971118111 0.9717198023020270
1735977293.002382 34.5281797381873048 1.3349804625082577 3.2252796445088467 0.0577519260844367 0.1972898448687485 -0.0910713787833046 0.9743959339568852
1735977293.102300 34.6816748352576170 1.3106020316379958 3.2427176794629391 0.0619321163184104 0.1876504082381525 -0.1116498277263862 0.9739024865072715
1735977293.202357 34.8338018860573868 1.2828267027921396 3.2698525053647245 0.0625130670115653 0.1889140745964711 -0.1333099653671474 0.9708923946586340
1735977293.302433 34.9903627088841844 1.2517711982972148 3.2787351745529953 0.0641193914787754 0.1973412797312898 -0.1386831874216346 0.9683553565076118
1735977293.402388 35.1388235831469444 1.2286061582925185 3.2846899583322240 0.0636519688424572 0.1903717704390028 -0.1396940500191355 0.9696352862141775
1735977293.502502 35.2980463486755269 1.1887217361879554 3.2765701769805875 0.0657590284059611 0.1803332437475065 -0.1358888849315454 0.9719515843573010
1735977293.602469 35.4496936469077184 1.1563682324912010 3.2886712963950022 0.0657440519532685 0.1887431905446855 -0.1287471975468175 0.9713278986931340
1735977293.702523 35.5914388770122727 1.1333082100560978 3.3061992333716583 0.0683782203278425 0.2067688835069108 -0.1215614605366914 0.9683975728543981
1735977293.802493 35.7302969516100717 1.1094143713976576 3.3214510964559665 0.0685190279477040 0.2171741879971027 -0.1148831602969491 0.9669241823209752
1735977293.902537 35.8708513200974366 1.0784293796873956 3.3254469472844717 0.0600775971128202 0.1905294058173160 -0.1078902935692113 0.9738834182783890
1735977294.002518 36.0225217872048660 1.0483296365860313 3.3251496797252913 0.0541522305856559 0.1900253832976746 -0.1045751951320516 0.9746906782093812
1735977294.102553 36.1759713844436348 1.0169705457950085 3.3339109248437895 0.0549088483863820 0.1940787018356783 -0.1116554189260855 0.9730629698468128
1735977294.202364 36.3291181864244237 0.9773511844710852 3.3462646761849628 0.0607146557986045 0.2131288875184283 -0.1225921735491607 0.9673990732168946
1735977294.302318 36.4654935879337927 0.9441091803906344 3.3633381352159741 0.0696080189391652 0.2181571792268698 -0.1264475624782309 0.9651803887328287
1735977294.402481 36.6176582637573134 0.9017951176349509 3.3681351458741853 0.0711088961583332 0.2051828102252366 -0.1297801136776535 0.9674712715988177
1735977294.502392 36.7724868109884682 0.8658113589199623 3.3598207386125747 0.0647530158372346 0.1918875777251526 -0.1285533707245907 0.9708039118844249
1735977294.602521 36.9253508843243097 0.8377027028882128 3.3646061013587101 0.0559101524613572 0.1957973636882175 -0.1238246959820450 0.9711873618872139
1735977294.702516 37.0733927660581131 0.8141789174647344 3.3816805133988321 0.0550280603363588 0.1887548115070277 -0.1090060907666914 0.9744029997307728
1735977294.802388 37.2258414126504462 0.7942846557071322 3.3895038701498894 0.0570444113337295 0.2214870723291896 -0.0989000302760827 0.9684566050877150
1735977294.902532 37.3791812013582501 0.7822657131910683 3.3876243731371933 0.0544717022674552 0.2060125698286872 -0.0901989620531865 0.9728596003376818
1735977295.002514 37.5356450138015134 0.7617812901831396 3.3796267567302207 0.0497485484111288 0.1819053795518127 -0.0885778574985681 0.9780539238621049
1735977295.102401 37.6985530726011575 0.7356723137003942 3.3805798157164930 0.0566685090280088 0.1810976711615160 -0.0952589392097927 0.9771990831376393
1735977295.202379 37.8513872112020451 0.7089495795207245 3.3876657406769852 0.0652529412394784 0.2073787520157944 -0.1078930037382722 0.9701006167487484
1735977295.302697 38.0044281154492296 0.6727048322870899 3.3897478689927016 0.0773389714088605 0.2292253016780309 -0.1148232952718869 0.9634781032462234
1735977295.402537 38.1555042063271159 0.6413812643105455 3.3861671714967052 0.0748031788720513 0.2048375931286898 -0.1180437480614393 0.9687681448187118
1735977295.502424 38.3151161834856921 0.6089717224846902 3.3809661518802741 0.0619327092886503 0.1857454441086213 -0.1128941398807032 0.9741241618467612
1735977295.602353 38.4726602456929925 0.5795121558712151 3.3850108684259079 0.0522872653681238 0.1729544474204861 -0.1045790060268598 0.9779652511701180
1735977295.702404 38.6175454501208435 0.5550707613354482 3.3960352794509978 0.0540469440093549 0.1879184457371335 -0.0980659422361148 0.9757810495025678
1735977295.802493 38.7678173686774770 0.5346654609804485 3.3967912576303458 0.0534899959127795 0.2060003898335174 -0.0875003137068445 0.9731630669250112
1735977295.902479 38.9248949240829205 0.5175213238882862 3.3927326351072349 0.0475591241480296 0.1909419476029285 -0.0853799797248120 0.9767238921097731
1735977296.002371 39.0817312123913752 0.4891108740322437 3.3927333376524444 0.0471612028933317 0.1775745088392014 -0.0945715234077343 0.9784167525714750
1735977296.102392 39.2294491438099229 0.4643515817200403 3.4102733659003510 0.0505332645720110 0.1854335553025037 -0.1094843479962801 0.9752302104033682
1735977296.202482 39.3758069245784057 0.4370609240958405 3.4277311175531215 0.0602109292378443 0.2051945387235463 -0.1212309262971172 0.9693156904680175
1735977296.302412 39.5183999616924737 0.4039665620910431 3.4364081989344997 0.0689421758773815 0.2128737194223832 -0.1253774546433557 0.9665465585432117
1735977296.402403 39.6654240350204645 0.3776055422151306 3.4294342883426623 0.0695461974040217 0.1939088822244547 -0.1283576132762667 0.9700963843531858
1735977296.502509 39.8226849519285935 0.3495996993321079 3.4186474869526911 0.0650194527765769 0.1867542115295737 -0.1240596502722150 0.9723705766892258
1735977296.602582 39.9701892032910777 0.3284386129413077 3.4236048255305169 0.0601544148739317 0.1831628136818323 -0.1158279793529701 0.9743801666979564
1735977296.702334 40.1164413135622482 0.3154182238270954 3.4320013040512989 0.0569473061746189 0.2029283175252435 -0.1032306409507242 0.9720702325628178
1735977296.802489 40.2640833319953728 0.3031882623219752 3.4336797249460451 0.0547417622963290 0.2101529148749766 -0.0948345018021611 0.9715171172440448
1735977296.902394 40.4235040412783135 0.2820980512189790 3.4228327654765822 0.0551156407575285 0.1919938040549840 -0.0933503402097588 0.9753903625375361
1735977297.002557 40.5816479198105213 0.2607264099175944 3.4086165794995296 0.0569451947417817 0.1835262566252108 -0.1035287984477895 0.9758878756378291
1735977297.102583 40.7401269132584574 0.2329887005260352 3.4150101203120045 0.0591093526913856 0.1968713158481581 -0.1238398662061529 0.9707787888899626
1735977297.202413 40.8914389700386423 0.1967198545046160 3.4148378805449440 0.0714208384907453 0.2211627842997934 -0.1478063965127464 0.9613216713566581
1735977297.302523 41.0438378573939673 0.1548309350051051 3.4187098465017711 0.0757670106324829 0.2283558525501177 -0.1581866228972356 0.9576481384320098
1735977297.402557 41.2024916995446020 0.1184182549221399 3.4102400987191839 0.0669517747811982 0.2000762955372133 -0.1602038416659482 0.9642726092414040
1735977297.502549 41.3629412774449463 0.0867649003520947 3.4107283951240892 0.0608535520989026 0.1782361975471070 -0.1494197926356316 0.9706711228060819
1735977297.602504 41.5182474482263686 0.0664590109979622 3.4160805575363384 0.0621397529999979 0.1922085688225919 -0.1421967321487045 0.9690070208901996
1735977297.701879 41.6665899506577659 0.0574634603053494 3.4202452410815334 0.0588795943287281 0.2152305631301958 -0.1205424206310521 0.9673047724966263
1735977297.802349 41.8241151040372330 0.0482427573374362 3.4203701081361260 0.0507108391227109 0.2114498038304993 -0.1035872216077807 0.9705601881259577
1735977297.902385 41.9833512295750495 0.0326686249061419 3.4139400238886597 0.0490135774159279 0.1904488409905903 -0.0948397429871896 0.9758751617621781
1735977298.002624 42.1358116416674520 0.0116716073886917 3.4153338859451496 0.0534237639208707 0.1841419702227691 -0.1005115736218780 0.9762863615861167
1735977298.102546 42.2853609095403087 -0.0152040748656231 3.4262740238529590 0.0574806795646694 0.2100495915810136 -0.1110817068190822 0.9696576689551796
1735977298.202365 42.4366168862024438 -0.0513701076424149 3.4292043853607690 0.0667241530868866 0.2297442109604602 -0.1204723431090987 0.9634583018848284
1735977298.302593 42.5759607605629782 -0.0848959389766983 3.4302268431497955 0.0652905679863767 0.2104342867799534 -0.1248205207510338 0.9674060110826630
1735977298.402360 42.7296904555380905 -0.1176377265415268 3.4318075323020034 0.0519778130000351 0.1867697273780438 -0.1201581050857700 0.9736413126367747
1735977298.502539 42.8839531443987241 -0.1477475697488229 3.4374403749518763 0.0429297807678548 0.1673504324237322 -0.1098463041966328 0.9788179892835821
1735977298.602438 43.0367212380194744 -0.1751517147797243 3.4499324031083507 0.0470329823014485 0.1772504638981713 -0.0954569564491871 0.9783956976035681
1735977298.702527 43.1848649748964419 -0.1978651042310614 3.4483707428177377 0.0502962069872420 0.2026480974460829 -0.0896793457931005 0.9738386186131155
1735977298.802553 43.3364927210637845 -0.2244943937889961 3.4435805135344180 0.0514718592633894 0.1872823732377771 -0.0895548148141762 0.9768602231240632
1735977298.902575 43.4912849102818342 -0.2513459434911899 3.4300731578477399 0.0482200509016408 0.1790107492050513 -0.0958621284080919 0.9779777250516291
1735977299.002342 43.6487759982572072 -0.2801733796152778 3.4327781792339027 0.0473594689924442 0.1787863139697694 -0.1075096959930754 0.9768491182886606
1735977299.102494 43.7978977894961261 -0.3142894951031940 3.4437268067684412 0.0533391407672507 0.1960409612123061 -0.1225414205401816 0.9714455609251404
1735977299.202359 43.9498794121707874 -0.3559216239501449 3.4433149681490276 0.0696227051217665 0.2140834137565828 -0.1356553144810380 0.9648412338508892
1735977299.302436 44.0962412781416546 -0.3897900911415821 3.4478548314559783 0.0710317445028761 0.1939219557271669 -0.1448181135477047 0.9676654795683853
1735977299.402537 44.2503573647363950 -0.4209771648399138 3.4431276206517780 0.0626116046234408 0.1789071320362296 -0.1421934232756800 0.9715210010340447
1735977299.502650 44.3995367359146087 -0.4446772035524676 3.4467080088198854 0.0569391623011419 0.1801094063132496 -0.1363089122194984 0.9724908297786001
1735977299.602519 44.5399816347330315 -0.4584434868899969 3.4564430908819817 0.0517686660138442 0.1856316505080264 -0.1217343037437859 0.9736743063472655
1735977299.702512 44.6867877478500333 -0.4713261458158690 3.4603216053300367 0.0532131818887197 0.2176081040889063 -0.1139429939507982 0.9679008546528090
1735977299.802556 44.8353249763463779 -0.4804198039504842 3.4591331248472237 0.0540289094039906 0.1879269698810321 -0.1080882710184928 0.9747211173500767
1735977299.902447 44.9897174242772806 -0.4953061212399012 3.4593927912589155 0.0533670858495865 0.1645953379750658 -0.1127137271997680 0.9784456778817784
1735977300.002604 45.1340203870193051 -0.5133265504551160 3.4707961735680324 0.0600167157421079 0.1637403995294671 -0.1224837103508304 0.9770285646244716
1735977300.102570 45.2831732113777505 -0.5371369221581425 3.4696720940482635 0.0634119916217716 0.1908137114175008 -0.1297231686993922 0.9709484777042644
1735977300.202355 45.4270931877120319 -0.5642270587838540 3.4729075100010185 0.0721306852574297 0.2026333685207878 -0.1371336081731517 0.9669184328140739
1735977300.302629 45.5756486699246892 -0.5933847254636233 3.4664381657366055 0.0709050370315437 0.1787855547643052 -0.1424142036542990 0.9709409846786194
1735977300.402321 45.7252094942294249 -0.6161941558091049 3.4662572942781389 0.0613665547931678 0.1720374498192920 -0.1376898131062236 0.9734879440338565
1735977300.502707 45.8816551868927149 -0.6418355556549959 3.4756628846075417 0.0600066388800566 0.1738097725115456 -0.1229470878726102 0.9752299112791035
1735977300.602536 46.0279612104429887 -0.6609859653023064 3.4848291467860104 0.0636963602762556 0.1991876916928063 -0.1193255557074785 0.9705815004010484
1735977300.702414 46.1728683692281336 -0.6911420257965575 3.4812135676566403 0.0671408623452314 0.1847867724344552 -0.1221650377509019 0.9728420513568050
1735977300.802556 46.3140346651339669 -0.7199962103276476 3.4707856933203103 0.0590698042882111 0.1686405061617650 -0.1326205958222308 0.9749271334138837
1735977300.902360 46.4580240057828675 -0.7513044440791750 3.4733284417235635 0.0559852914727317 0.1757579972108582 -0.1490153081550797 0.9714778492022286
1735977301.002509 46.5983943119732444 -0.7795085479971188 3.4791667971727107 0.0621412116698616 0.1996584151302381 -0.1624008364692574 0.9643137224959357
1735977301.102544 46.7298189585784698 -0.8151076215146215 3.4891860492073699 0.0701476424829015 0.2025256039172302 -0.1622516676612717 0.9631910944112745
1735977301.202386 46.8709815850613865 -0.8491989762679312 3.4819562464628335 0.0705300882934708 0.2009019841486935 -0.1607517307919841 0.9637545229246993
1735977301.302357 47.0147537716257347 -0.8831880444211434 3.4785266626887834 0.0646170812534802 0.1868950799987455 -0.1529573726997120 0.9682452705897122
1735977301.402345 47.1585963641013208 -0.9166975247089539 3.4899695592886011 0.0621586772344783 0.1706915512187785 -0.1382836741165749 0.9735904265448628
1735977301.502567 47.2964366510206276 -0.9459797365567638 3.5004453494951373 0.0603587237943752 0.1797877691092546 -0.1214799673657411 0.9743078569268802
1735977301.602393 47.4432292362835426 -0.9688400267600759 3.5065602979549557 0.0542782887054515 0.2007698809181014 -0.1093613910767158 0.9720007245023560
1735977301.702353 47.5820789563391955 -0.9942380719678039 3.5039571431384875 0.0509147672900388 0.1861173475646583 -0.0977310496867750 0.9763281524848183
1735977301.802541 47.7278939526150978 -1.0213871052143655 3.4931976211518814 0.0488401659361716 0.1769192037885366 -0.0919185831757791 0.9787058841087627
1735977301.902397 47.8804698747371802 -1.0548088339429860 3.4887815209449591 0.0452612698192180 0.1749328162522301 -0.0955317357029616 0.9788889695598756
1735977302.002374 48.0243696616999003 -1.0910087310352279 3.4959262977741314 0.0486271350557742 0.1893912218717626 -0.0975184386892805 0.9758363187183562
1735977302.102515 48.1726071944567948 -1.1337867326437669 3.4937579830014860 0.0589815833233084 0.2115462620533264 -0.1036296332209825 0.9700671373458776
1735977302.202400 48.3175330079670005 -1.1759729525952340 3.4937376787443557 0.0665223921179414 0.1941842455808360 -0.1106290930517271 0.9724342928371361
1735977302.302489 48.4734936645856749 -1.2153122951004935 3.4905623428098456 0.0557856410711525 0.1797236749929228 -0.1103940735330640 0.9759100939257138
1735977302.402673 48.6305874297296086 -1.2484090730714683 3.5025839565782730 0.0424614007275894 0.1590316106860877 -0.0988443836792646 0.9813948053998993
1735977302.502423 48.7825654355738578 -1.2735391433662486 3.5184371706010160 0.0390232171462091 0.1714375713169541 -0.0912353761680793 0.9801849079637847
1735977302.602392 48.9352164700993413 -1.2960950005170004 3.5248624919204801 0.0354469826178217 0.1901700180350523 -0.0859106969333395 0.9773424311960817
1735977302.702518 49.0822494474878823 -1.3138105837266059 3.5224691187041990 0.0344090693507639 0.1750666410810143 -0.0883920291310205 0.9799768039668728
1735977302.802387 49.2276962468254666 -1.3409495584907565 3.5086713710447803 0.0367856236336295 0.1731560850562945 -0.1035048682539886 0.9787494727199535
1735977302.902591 49.3752770864494295 -1.3653273914549469 3.5101260313724851 0.0471998694589927 0.1646207135824455 -0.1208376306843528 0.9777885558714893
1735977303.002405 49.5166136001068438 -1.3855646094840537 3.5161255704827936 0.0485009925194691 0.1847496433568809 -0.1338218515050400 0.9724232283650441
1735977303.102486 49.6639652294377427 -1.4073394746519947 3.5165104479512572 0.0547318177149109 0.1998301896136586 -0.1375989564614463 0.9685756814154028
1735977303.202510 49.8145236347213185 -1.4285074319832218 3.5125670077843343 0.0577361403002160 0.1760098811920005 -0.1413437471795622 0.9724757091872535
1735977303.302541 49.9720663386347255 -1.4529439645007352 3.5029512421177658 0.0585564545276072 0.1629748519207325 -0.1386205866097598 0.9750870075242196
1735977303.402369 50.1188828919383909 -1.4675075905177994 3.4988786289062546 0.0598765982825995 0.1818514728100286 -0.1348371962137693 0.9721953329100779
1735977303.502318 50.2688699587444603 -1.4759344587900174 3.5053743491329774 0.0547933814495987 0.2135024689425820 -0.1256154392522528 0.9672823489169046
1735977303.602586 50.4202920517231803 -1.4828833309147209 3.5094488812027196 0.0520987302529416 0.2149862675609706 -0.1134426977397733 0.9686058958088973
1735977303.702338 50.5787514626013959 -1.4950456588138501 3.5025337255769764 0.0520976721436894 0.1987047789640662 -0.1101370448746446 0.9724567212582422
1735977303.802612 50.7284639008014082 -1.5126799538106965 3.5087897035429991 0.0603255301802896 0.1918821790931668 -0.1242169479846345 0.9716543673489599
1735977303.902398 50.8768299610424464 -1.5393505781508956 3.5178342802730067 0.0644546435220240 0.1829103581789338 -0.1435914117477060 0.9704488169252430
1735977304.002528 51.0328710249445905 -1.5742780521066866 3.5211179645749331 0.0687976284610903 0.2195198702721943 -0.1576604909076919 0.9603234259771832
1735977304.102391 51.1801035378940625 -1.6067535771774513 3.5232279031052087 0.0673172573597359 0.2091670485928475 -0.1642604452924113 0.9616319663763572
1735977304.202343 51.3335345327831334 -1.6408372397638455 3.5167120232861704 0.0632267974007382 0.1864135048329426 -0.1618862420975392 0.9669773637091417
1735977304.302432 51.4910031189387141 -1.6718897575213756 3.5176577509360634 0.0569955761045197 0.1731701000022160 -0.1499874755240420 0.9717342115803381
1735977304.402539 51.6376033235512892 -1.6949567523143925 3.5258038142028814 0.0536028863026894 0.1776698161637899 -0.1378565645255413 0.9729109592463031
1735977304.502590 51.7918308186364413 -1.7281152188826616 3.5291548298236601 0.0582833460753681 0.2117109635213641 -0.1305008682454948 0.9668252390594106
1735977304.602452 51.9342478850451243 -1.7533875019569405 3.5280192890680744 0.0523447298787542 0.1941597207568509 -0.1242106175953857 0.9716654540355517
1735977304.702431 52.0886829402166711 -1.7860224573154018 3.5214313863605788 0.0494524955381307 0.1879412876603780 -0.1265439995996270 0.9727379602148464
1735977304.802340 52.2363262059448701 -1.8267567672025844 3.5287574873509207 0.0501820095560458 0.1939543214826974 -0.1346357657710352 0.9704311916206890
1735977304.902373 52.3782650349043806 -1.8694720292815821 3.5393032729428850 0.0612277140756753 0.2192764507124210 -0.1448011474666276 0.9629130972649499
1735977305.002565 52.5100787851167112 -1.9160424632421191 3.5545354881247229 0.0733369822352598 0.2263298823784673 -0.1557204511680362 0.9587218639768249
1735977305.102402 52.6486811089078586 -1.9635570649847240 3.5641952686487075 0.0713220054618876 0.1951808318357494 -0.1637407392092807 0.9643684901239764
1735977305.202313 52.7968549671222718 -2.0119128313862222 3.5524967327528718 0.0608635762234147 0.1692630694731077 -0.1645390287120024 0.9698311948129682
1735977305.302355 52.9469769949798845 -2.0546875251932111 3.5512578347794816 0.0505820143726834 0.1467744075843877 -0.1548142595169265 0.9756696562620359
1735977305.402428 53.0905541894524902 -2.0936111608662378 3.5641364991084741 0.0468057836076654 0.1489634065564470 -0.1438423662472220 0.9772044288685818
1735977305.502593 53.2370459927043669 -2.1240116504862456 3.5706017594691102 0.0484415046994938 0.1733882157448732 -0.1350020029414248 0.9743533273228259
1735977305.602543 53.3882587502422723 -2.1553389946556996 3.5732578865504019 0.0420503661197409 0.1536278677350457 -0.1300778039793088 0.9786265936894929
1735977305.702384 53.5414333911419575 -2.1918545511081859 3.5626602570932167 0.0418624680551890 0.1439607537846593 -0.1265236752645658 0.9805685058860640
1735977305.802529 53.6949347015090552 -2.2326353662353160 3.5631698176958300 0.0505448719314657 0.1427884336456325 -0.1366440903483873 0.9789714355951966
1735977305.902530 53.8373534609402142 -2.2727571512676561 3.5626105786242297 0.0542973952452663 0.1830763478303681 -0.1506828761986831 0.9699636666160057
1735977306.002424 53.9806245735703811 -2.3181449733460391 3.5625002186284940 0.0585633906875888 0.1904134712206564 -0.1582167380214364 0.9670990140925225
1735977306.102438 54.1267764407891363 -2.3571188487715857 3.5502026552600694 0.0506833427996673 0.1767698487517354 -0.1591756234131068 0.9699725461300381
1735977306.202510 54.2767050478539019 -2.3914599350754417 3.5382276023219812 0.0394826188679131 0.1683747970731204 -0.1540519420598215 0.9728098733388320
1735977306.302561 54.4220623733250903 -2.4184366805403257 3.5438418758415895 0.0309227441180073 0.1576522725052962 -0.1435657022975927 0.9765134069709065
1735977306.402516 54.5678761628044384 -2.4362013102428972 3.5485500799389729 0.0239915670402259 0.1934505156102471 -0.1246452711470114 0.9728642552287405
1735977306.502547 54.7162323621246713 -2.4480093974742805 3.5492200436057275 0.0216663679868701 0.2055561063948759 -0.1079746812336328 0.9724292898892605
1735977306.602424 54.8625370603813565 -2.4635385571622366 3.5438377969104726 0.0253153391385815 0.1826979318490076 -0.1011005361748583 0.9776294189965594
1735977306.702448 55.0203260285900839 -2.4756323729560239 3.5356180490936904 0.0245442076323268 0.1738233401443703 -0.1012149966751291 0.9792540797672531
1735977306.802559 55.1669754580616356 -2.4876018991394560 3.5389101190781349 0.0216565486150676 0.1798314227301170 -0.1051723557893285 0.9778192209599217
1735977306.902409 55.3204066838056647 -2.5074788621044521 3.5458165349555726 0.0274299816250934 0.1903163772065825 -0.1121709504247056 0.9749076625792964
1735977307.002511 55.4705785369435915 -2.5298120150660570 3.5431964291868474 0.0398783400996165 0.2102491186789626 -0.1183477813741670 0.9696385041495780
1735977307.102482 55.6239343718696873 -2.5544780928797834 3.5329969309842104 0.0437820020087740 0.1845387770841882 -0.1223964872966302 0.9741907800579011
1735977307.202371 55.7865163798620145 -2.5799101398903064 3.5185166486239265 0.0388145363662002 0.1660664116358140 -0.1224666234119823 0.9777102356235968
1735977307.302338 55.9439115327106862 -2.5923150581016090 3.5192966649786372 0.0334381974325409 0.1744258298404896 -0.1216423475630651 0.9765555059064822
1735977307.402386 56.1048273976832022 -2.5967224102158935 3.5246690272548045 0.0317897493343274 0.2008011570626198 -0.1113763038808153 0.9727608267675164
1735977307.502363 56.2624627478380646 -2.5968334440409246 3.5271944589853144 0.0293088466490807 0.2206525650937611 -0.1007951155320034 0.9696874659964076
1735977307.602602 56.4207022253314321 -2.5972497133114403 3.5273926250618506 0.0311308719263077 0.1896683039601670 -0.1009680331417400 0.9761466383538234
1735977307.702538 56.5745848949413386 -2.6069429129871811 3.5391091988253711 0.0387259352318711 0.1651439872234265 -0.1180025136343944 0.9784187100624815
1735977307.802344 56.7242228995157518 -2.6237516975986401 3.5508486315243397 0.0473013085556898 0.1538477150584940 -0.1331856685860539 0.9779340695892978
1735977307.902350 56.8712568601299253 -2.6382770830063067 3.5456635189151844 0.0501523914511879 0.2142619480907006 -0.1386840407591444 0.9655792520921421
1735977308.002403 57.0224846865863739 -2.6586974300102457 3.5382908043779482 0.0540133188769267 0.2240268073880987 -0.1425436759863427 0.9625881005870039
1735977308.102470 57.1701241837673422 -2.6875072159881275 3.5235895427894253 0.0543237957322238 0.1967385062710027 -0.1466610150138726 0.9679015611324320
1735977308.202429 57.3272397673801208 -2.7119883238188049 3.5133957063242036 0.0494785537563417 0.1704311994767725 -0.1448114072740822 0.9734139588512121
1735977308.302509 57.4805786518180071 -2.7375077754567991 3.5019393032125246 0.0456416342427375 0.1889796080284739 -0.1392429855212972 0.9709865807291945
1735977308.402429 57.6294415860854770 -2.7578267730561601 3.5034492186041652 0.0396560224651473 0.2127613530177823 -0.1247199779795564 0.9683000225328230
1735977308.502469 57.7814402845532058 -2.7813503016154066 3.5039212413962173 0.0398086146218549 0.2200485616373693 -0.1169193999810399 0.9676382374789078
1735977308.602502 57.9395070272124073 -2.8127896868400852 3.4914444223663987 0.0394651096879983 0.1926968370053836 -0.1198964000816726 0.9731060000703368
1735977308.702365 58.0981272509446640 -2.8477143961213187 3.4936319987699371 0.0350263923988806 0.1795782145841920 -0.1348655960057360 0.9738254913978639
1735977308.802501 58.2500209115564616 -2.8916447771629530 3.5024797904495446 0.0374625983869421 0.1717581846796336 -0.1500720936814477 0.9729203700281551
1735977308.902549 58.3954799493311967 -2.9379842400819207 3.5124152381135341 0.0563001232472341 0.2177116832931257 -0.1557404703441733 0.9618611256189720
1735977309.002381 58.5415896997290162 -2.9832426831181582 3.5114151004009351 0.0612234799169508 0.2161108210882722 -0.1628961246163181 0.9607354740512064
1735977309.102381 58.6863169708383552 -3.0281207457016635 3.5091957368832793 0.0561452231662414 0.1768364286076547 -0.1669500330862305 0.9683513194525062
1735977309.202367 58.8406619695309629 -3.0739008548500850 3.5066072713812995 0.0502390466216869 0.1699140081237649 -0.1635191479559743 0.9704982000444996
1735977309.302449 58.9951592887857785 -3.1149563194784418 3.5119509578364076 0.0491655696023693 0.1799297649221848 -0.1551088746355037 0.9701284778162269
1735977309.402583 59.1431088910785903 -3.1424489021380100 3.5148067455675469 0.0492544491887955 0.2142836701540498 -0.1471386207613733 0.9643685676238415
1735977309.502570 59.2961155476697925 -3.1737466030335773 3.5105964651848804 0.0448060970929880 0.2035448884256684 -0.1381659937177891 0.9682314032497872
1735977309.602365 59.4522662592789501 -3.2069512068010639 3.5040270886205502 0.0423375754326330 0.1868341797180725 -0.1376142469766356 0.9717833287439205
1735977309.702393 59.6062664642044453 -3.2493256157274710 3.5031557612469109 0.0442695870252076 0.1750616680446724 -0.1537526681148380 0.9714698827517008
1735977309.802367 59.7551483461173589 -3.2977127808176876 3.5070430211471262 0.0533484114670694 0.1716338071976594 -0.1696095643826109 0.9689831674960705
1735977309.902520 59.9004554296493410 -3.3477448816093851 3.5067811682872851 0.0673205644275797 0.2158532756175784 -0.1852841414133616 0.9563185096770987
1735977310.002495 60.0443650010644774 -3.3960595104355575 3.5080791987820628 0.0724113874103360 0.2097668113859353 -0.1929979386530472 0.9557752201694509
1735977310.102624 60.1927138663255690 -3.4461561818360011 3.4965987887427161 0.0596944738015008 0.1878618271623777 -0.1929019812969565 0.9612145074355065
1735977310.202491 60.3413871031107121 -3.4867932874391556 3.4992455315447599 0.0483522353136409 0.1703299188201048 -0.1836771840527077 0.9669087196593993
1735977310.302517 60.4884963966932077 -3.5215828245180218 3.5019703808419176 0.0520118556556644 0.1906033011062667 -0.1707697973800991 0.9652993446498387
1735977310.402380 60.6332046750652296 -3.5490250336682179 3.5041576550433882 0.0493859617545321 0.2169116429294903 -0.1461602087242128 0.9639230048758584
1735977310.502381 60.7758305182131480 -3.5748520199865554 3.5016552943716683 0.0466165805784193 0.2167824020383940 -0.1317023459672845 0.9661711942758145
1735977310.602577 60.9243363813594314 -3.6078128344949345 3.4871797847370241 0.0468474150798628 0.2012698310841915 -0.1292911590022408 0.9698348163473681
1735977310.702609 61.0735425169134700 -3.6459234268783227 3.4837948486238699 0.0466212256549154 0.1815862862242125 -0.1423892041381792 0.9718941282457816
1735977310.801474 61.2167882494736162 -3.6977684670355360 3.4861307584056243 0.0536521395050222 0.1724075209165079 -0.1593783005254120 0.9705646047428212
1735977310.902594 61.3564829761338970 -3.7572587464684095 3.4731198803912426 0.0669937333563377 0.2107972742615916 -0.1697668361430036 0.9603413821141198
1735977311.002414 61.5057201123294064 -3.8205600286930026 3.4609545796500552 0.0644721998511049 0.2045094742619518 -0.1809477900902644 0.9598318121655007
1735977311.102467 61.6523339235573644 -3.8760826847862222 3.4390613350999764 0.0550883131258589 0.1777691599218388 -0.1812247269903186 0.9656712700836221
1735977311.202417 61.8089021669994096 -3.9245759198433094 3.4105436143231369 0.0379457250697906 0.1601394177155301 -0.1739741688179336 0.9709008587012208
1735977311.302342 61.9569935359839477 -3.9623082608608655 3.3974739859372791 0.0361602519069968 0.1609661689538918 -0.1598513468254056 0.9732573531972074
1735977311.402578 62.1146127024990946 -3.9908990166008169 3.3869001749643268 0.0519554008301756 0.2158209285344213 -0.1486958194074320 0.9636449119991599
1735977311.502467 62.2740336113386590 -4.0172560995833795 3.3846848571929424 0.0476489064407434 0.1950727764342512 -0.1425689971607684 0.9692008433022573
1735977311.602380 62.4355113625620319 -4.0488239956165533 3.3785803070975855 0.0408107602113188 0.1786132200957952 -0.1430577989226322 0.9726079711915777
1735977311.702474 62.5899762375794069 -4.0860079597827772 3.3902255335031839 0.0406729718034668 0.1754000135409323 -0.1545846782661797 0.9714340543031508
1735977311.802352 62.7397898157522746 -4.1260529903473930 3.4031680303980698 0.0492461120046684 0.1988813408984206 -0.1623738075202859 0.9652231759164484
1735977311.902497 62.8941777702703106 -4.1680704936559501 3.4075242328106747 0.0548153842308775 0.2086144558219564 -0.1692031485520890 0.9616889190345232
1735977312.002519 63.0475347939603168 -4.2123589222501385 3.3978761708257537 0.0491216726364389 0.1824154836896014 -0.1717428764270710 0.9668588506003568
1735977312.102578 63.2009231367242847 -4.2459718464010576 3.3935947308019339 0.0349331130476106 0.1663599403353032 -0.1592996741124725 0.9724853015301039
1735977312.202538 63.3508487564297695 -4.2728129542717062 3.3982949351112541 0.0309713609832065 0.1512632915475275 -0.1423867438895268 0.9776943318816950
1735977312.302468 63.4987052618048935 -4.2982670483703718 3.3987845544408546 0.0391704294900781 0.1962882071406217 -0.1410986217191638 0.9695503061419947
1735977312.402563 63.6355455333088358 -4.3197157281441259 3.3936238767565388 0.0443991967091673 0.2043757106134796 -0.1402177725527347 0.9677800661840300
1735977312.502469 63.7739791473403272 -4.3476379412310386 3.3822899085192986 0.0368638711003773 0.1935909047000670 -0.1511675942476484 0.9686650479264145
1735977312.602533 63.9096259446871855 -4.3731488852295524 3.3755479342403434 0.0374866010716111 0.2042518788157489 -0.1642854151390360 0.9643060858010434
1735977312.702408 64.0404117449935200 -4.3910913994293450 3.3825011335050204 0.0424719973883363 0.2245173187988670 -0.1730890977767300 0.9580335418074103
1735977312.802442 64.1661482099720928 -4.4167734677106925 3.3965962275070183 0.0563877883039236 0.2358865361245828 -0.1667480386650240 0.9557055252569725
1735977312.902409 64.2983331080740328 -4.4371265371311583 3.4094957088128144 0.0569155132079600 0.2208577193379493 -0.1618649430935425 0.9600949079973493
1735977313.002501 64.4367398978039745 -4.4604728808352672 3.4057484140361152 0.0539510823993769 0.1905593736869210 -0.1567283024240892 0.9675808209277648
1735977313.102625 64.5733673982711451 -4.4885768238527328 3.4025456427136764 0.0483669932145718 0.1828430334372008 -0.1527546718415923 0.9699974584097795
1735977313.202566 64.7147831621245189 -4.5055175239854428 3.4092694409565918 0.0424069078527296 0.1808477328160572 -0.1455814688520193 0.9717519167094814
1735977313.302563 64.8548190176641413 -4.5185121851649344 3.4095510906407953 0.0366108593216824 0.2123765672293212 -0.1323619757487770 0.9674896103046781
1735977313.402489 64.9997390374887090 -4.5234415987917442 3.4043901683857469 0.0305916237231133 0.2024676747782931 -0.1224676050182127 0.9711192918220489
1735977313.502459 65.1542379556100713 -4.5359951508265413 3.4020425087415096 0.0354031781327796 0.1839640313913835 -0.1224633502231035 0.9746315088198526
1735977313.602597 65.3063675108376174 -4.5559342689979525 3.4015861272599364 0.0499420679541122 0.1961512490819877 -0.1346888473205497 0.9699945318090740
1735977313.702620 65.4487779758727157 -4.5780532023244431 3.4147521789396360 0.0518744691748641 0.1998088869129868 -0.1500387174315866 0.9668887378752035
1735977313.802540 65.5948934481648251 -4.6097367006141381 3.4183492991041176 0.0580423766097998 0.2137392722187126 -0.1552557820160488 0.9627264659182725
1735977313.902592 65.7502404972256045 -4.6401325464263365 3.4067927428626814 0.0555757363829681 0.1986439118291382 -0.1601007768761849 0.9653080726184521
1735977314.002406 65.9095669192213194 -4.6735076933577115 3.3798676060638342 0.0481439113341728 0.1753200502314418 -0.1613826652976391 0.9700003500668041
1735977314.102588 66.0704591019732703 -4.7014215380910844 3.3599011930766918 0.0443354679149571 0.1837152699367682 -0.1633624814577309 0.9682952883954330
1735977314.202550 66.2203320245250779 -4.7177897291379880 3.3514033436392587 0.0364376121790326 0.1940886447338797 -0.1483637726196483 0.9690150098827786
1735977314.302560 66.3825584943377009 -4.7363294420732069 3.3426387018862962 0.0349291235563035 0.2256630943654290 -0.1323286833301250 0.9645440600289463
1735977314.402400 66.5494329320845139 -4.7547650485609916 3.3335216180059697 0.0397106767898153 0.2054426354889105 -0.1266737229971731 0.9696237175184510
1735977314.502363 66.7250271386487270 -4.7820107324190255 3.3236826990962256 0.0427757952112431 0.1793221328646978 -0.1325837880854952 0.9738764516846076
1735977314.602431 66.8881824564825109 -4.8105161368839982 3.3315379302498034 0.0438450986012856 0.1713277457443427 -0.1447604331686810 0.9735341944973588
1735977314.702516 67.0465335756716314 -4.8470923868111768 3.3385387211844071 0.0438685530576462 0.2063723723912944 -0.1551413859666766 0.9650995515109082
1735977314.802642 67.2038634520317828 -4.8798341786860577 3.3376757366153935 0.0509679078467653 0.2059026242402607 -0.1587854865336231 0.9642580313209627
1735977314.902565 67.3715246895275897 -4.9232898243229668 3.3212398203275360 0.0512674108364723 0.1924377228458575 -0.1588667612134700 0.9670060638866583
1735977315.002442 67.5365664943619777 -4.9647364283777700 3.3034058950507226 0.0443856388099459 0.1814081239556573 -0.1582526459476768 0.9695757359179741
1735977315.102322 67.6920003665504311 -5.0014271132134986 3.3160119089496329 0.0392153723742048 0.1874061673817889 -0.1514300447257494 0.9697474024462139
1735977315.202398 67.8511841598740801 -5.0349250757968340 3.3233263826345287 0.0430900929667870 0.2259238874784406 -0.1438664421745497 0.9624988767633859
1735977315.302532 68.0122757738425747 -5.0663007243617972 3.3288223291712296 0.0493674363524376 0.2277857385210779 -0.1401786714229565 0.9623026829602471
1735977315.402424 68.1701996420022169 -5.1032940320456719 3.3289536481755650 0.0460682541572889 0.1991652588687385 -0.1484041988437143 0.9675676252253397
1735977315.502548 68.3325102814757912 -5.1477619028129347 3.3333944086317748 0.0477558916769481 0.1768321081546819 -0.1764889987228186 0.9671098250279166
1735977315.602472 68.4873897468247321 -5.1946527571537224 3.3432773319118105 0.0545314608944584 0.1670562558632469 -0.1996175407539321 0.9639872222042272
1735977315.702608 68.6433199653966284 -5.2367732300683718 3.3304599973246276 0.0591180418576082 0.2258238304860808 -0.2101894408565061 0.9493835124247447
1735977315.802376 68.7962505820272696 -5.2823704230911863 3.3221057617216569 0.0603100999346203 0.2173278898713619 -0.2112265932775482 0.9510597281045490
1735977315.902374 68.9486956696158302 -5.3186366898379225 3.3043492665686380 0.0534956766010849 0.1947903751479973 -0.2056144985255260 0.9575581446214068
1735977316.002399 69.1108007178891057 -5.3558619852208711 3.2970075666713288 0.0485057436537571 0.1872886942653134 -0.1895049485234230 0.9626307767353611
1735977316.102465 69.2643281340036481 -5.3867505450372617 3.3080534000302748 0.0523900127910342 0.1941990579923080 -0.1733513737574335 0.9641012984386371
1735977316.202492 69.4164499284348153 -5.4114462278563513 3.3053529266848827 0.0536780388909290 0.2291354518141617 -0.1549101236234519 0.9594886484277503
1735977316.302668 69.5606916995585607 -5.4378503473813113 3.3021939690866189 0.0490086163528475 0.2098278538118728 -0.1454965048879821 0.9656092348115071
1735977316.402309 69.7135031688746807 -5.4797099135490237 3.2870918962767024 0.0523224358229946 0.1914876143126855 -0.1426758143104798 0.9696589443124971
1735977316.502421 69.8667900664257076 -5.5241472878444187 3.2833562146038684 0.0575401340010123 0.1942828244771263 -0.1553768223855378 0.9668512606175309
1735977316.602379 70.0174694616381572 -5.5847409243751427 3.2845415956808774 0.0708819473007435 0.2238742982664682 -0.1699801085139503 0.9570594604475402
1735977316.702533 70.1601413033598647 -5.6467960191595559 3.2823948652666788 0.0844227494468156 0.2414171068347479 -0.1842837668298599 0.9490153176774220
1735977316.802456 70.3041964647705271 -5.7126404219831741 3.2774606130790653 0.0801154245646145 0.2209211138271825 -0.1946449748839063 0.9523070481544448
1735977316.905734 70.4539645723676813 -5.7800505771383257 3.2676244763575868 0.0668728531326169 0.2092564097101939 -0.1901126139176347 0.9568683141051895
1735977317.007822 70.6087245493497448 -5.8401952830025250 3.2775836649467780 0.0503848734263268 0.1796767048606846 -0.1796590195807640 0.9658676322061416
1735977317.101308 70.7514672032192635 -5.8919000048798607 3.2892655792238248 0.0491106649659562 0.1984108921354303 -0.1640422089209220 0.9650447731379974
1735977317.204499 70.9004010321631171 -5.9439544948028615 3.2840809519427112 0.0564054253858662 0.2326424207749879 -0.1575021221860386 0.9580652449337086
1735977317.302341 71.0467847511184658 -5.9998497927593730 3.2772884267236240 0.0532600182754349 0.2088427496206739 -0.1537612049364748 0.9643161142699319
1735977317.402524 71.1890690122563967 -6.0553493542527921 3.2621286414577546 0.0496347398440910 0.2010928233193797 -0.1611226680349381 0.9649546905711964
1735977317.502439 71.3418393723990363 -6.1211069463304000 3.2627865404519873 0.0515547926036354 0.2059670307602023 -0.1782236674830218 0.9608100800617797
1735977317.602362 71.4840426613074982 -6.1860330916149344 3.2608403787035098 0.0616271112791464 0.2096802003447630 -0.1968486006326012 0.9557651077371231
1735977317.702516 71.6374544971842653 -6.2523430250577015 3.2519107284900914 0.0710779916356558 0.2324854253011149 -0.2076675450177027 0.9475086473874114
1735977317.802451 71.7963312460108796 -6.3138786512032592 3.2467129022267720 0.0605675753736006 0.2044771258418950 -0.2115852954267440 0.9538093816795777
1735977317.902518 71.9563798485673942 -6.3635162769386051 3.2411688706084978 0.0516695931972500 0.1877306078546682 -0.2012147905996501 0.9600000416965025
1735977318.002476 72.1230168467759256 -6.4040607188867407 3.2489799835582627 0.0479900985663852 0.1835923909305525 -0.1817387250043452 0.9648636278074674
1735977318.102618 72.2783798699528433 -6.4392774619645383 3.2524110540780460 0.0480687730592353 0.2196990287653159 -0.1633163556762376 0.9605985101928846
1735977318.201452 72.4398021171674031 -6.4711106110629046 3.2565878948063727 0.0421498303439624 0.2189385143590523 -0.1501875629211386 0.9631889818078461
1735977318.302537 72.5954220188813082 -6.5049126309746121 3.2558053641245182 0.0328180895965734 0.1939359640695543 -0.1438953509382054 0.9698484122861750
1735977318.402384 72.7592696538176398 -6.5465551331396865 3.2545665528741843 0.0281591941345820 0.1893634992077291 -0.1515118267272586 0.9697384654200660
1735977318.502569 72.9176027158839446 -6.5869078297481973 3.2628476100654566 0.0284820663898730 0.2157536115400240 -0.1607327628522455 0.9627066686937841
1735977318.602412 73.0694844029765704 -6.6298812410770402 3.2754031963623849 0.0374784838969150 0.2366214353639958 -0.1601914766843843 0.9575721123595589
1735977318.702581 73.2223411259732018 -6.6716866295819939 3.2818564649600623 0.0404683704076793 0.2247039659241247 -0.1583247437266894 0.9606267299104241
1735977318.802579 73.3749384029151770 -6.7153422019481583 3.2822368100794344 0.0356503883288972 0.1898965782946331 -0.1543473653650050 0.9689402614035969
1735977318.902583 73.5306203749087928 -6.7518501770623240 3.2860556966213084 0.0332873565184614 0.1820610673655737 -0.1440800160395984 0.9721042478169458
1735977319.002465 73.6845861375440592 -6.7830181261180940 3.2873951117788716 0.0371279393282897 0.2003189545553291 -0.1380128307062965 0.9692503758717507
1735977319.102392 73.8313797757103458 -6.8085096877320739 3.2924963098315705 0.0424816798146775 0.2266224673847752 -0.1295955981179062 0.9643871344563976
1735977319.201317 73.9820779713124068 -6.8336826193139011 3.2870235868358315 0.0380376263150009 0.2107916587808610 -0.1279044830960849 0.9683803275452557
1735977319.302594 74.1357001107475355 -6.8609390881719499 3.2807115891966241 0.0388399381731225 0.1976582737457623 -0.1368779657113676 0.9698902456078580
1735977319.402522 74.2826537511311358 -6.8841168713966585 3.2911620536211421 0.0417778704502310 0.2110252673097818 -0.1507332393869926 0.9648846753065272
1735977319.502610 74.4318317329795320 -6.9148811612599062 3.3064343741379263 0.0456312386924354 0.2284868755109817 -0.1673422824556638 0.9579708232911647
1735977319.602532 74.5742302523289169 -6.9507640401629365 3.3205308235338320 0.0486964134646600 0.2441168535205893 -0.1662121677586588 0.9541536230774652
1735977319.702570 74.7254662381504318 -6.9874465163649315 3.3335276891055483 0.0455749394729527 0.2210529807541741 -0.1636418584124152 0.9603540215811368
1735977319.802574 74.8814999341324636 -7.0217814396354141 3.3337899629262711 0.0399151829373428 0.2021774940553666 -0.1564142573919125 0.9659532178905496
1735977319.902547 75.0345437169518021 -7.0559395245310084 3.3396826959454109 0.0334065209790764 0.1791767333766198 -0.1442487555596673 0.9726109186576335
1735977320.002508 75.1873526657425657 -7.0851540922815639 3.3515269835801056 0.0381092208463058 0.2146828618327185 -0.1364151650174541 0.9663590734685851
1735977320.102557 75.3342238488176150 -7.1167084702486090 3.3586119953146207 0.0449135819984607 0.2210393804759456 -0.1334383472614738 0.9650484806013654
1735977320.202499 75.4773344797314962 -7.1508338187564675 3.3491639383340304 0.0444128166327646 0.2053063412808009 -0.1369362261392172 0.9680523115614079
1735977320.302536 75.6309872370620155 -7.1853932548667085 3.3396959881354182 0.0396726554828732 0.2039495043455327 -0.1478368292506275 0.9669410281921385
1735977320.402412 75.7751338122227764 -7.2223045619350206 3.3416721853578348 0.0393222811902890 0.2051490837071618 -0.1626543517006644 0.9643190206197014
1735977320.502540 75.9220704942418507 -7.2566707713704082 3.3510474444553715 0.0439773498050678 0.2246783513155904 -0.1661615909506101 0.9591537712207533
1735977320.602605 76.0615693019043988 -7.2875717361911247 3.3604034762551600 0.0468884391557759 0.2313956572400505 -0.1646927479943642 0.9576710410376024
1735977320.702601 76.2105335018815140 -7.3235839567980934 3.3686968677813058 0.0454091817919134 0.2116486376713352 -0.1638806921342340 0.9624375195961873
1735977320.801426 76.3540014290172735 -7.3563489247210638 3.3672560005592205 0.0372672960657718 0.1901892707500026 -0.1601781799687607 0.9678750645602063
1735977320.902567 76.5004422820695709 -7.3817249743076987 3.3759404843631842 0.0339067730581378 0.1991118269296303 -0.1580908819739383 0.9665464728373030
1735977321.001293 76.6367010111944467 -7.3969633888254753 3.4007695610428432 0.0252469451401985 0.2120558474926184 -0.1539744790360962 0.9647210835836635
1735977321.102320 76.7703675782241248 -7.4055755860308938 3.4177883342721382 0.0205865164703670 0.2057547549067731 -0.1479504210472938 0.9671359000082654
1735977321.202810 76.9135978403245986 -7.4133962133777773 3.4160379054770922 0.0235774783885951 0.1899328262004998 -0.1437412815885055 0.9709315465117097
1735977321.302408 77.0534469963901643 -7.4142361268199313 3.4081490696209489 0.0252243851666322 0.1735375955371205 -0.1375052215780884 0.9748542185203494
1735977321.402694 77.2021648092562458 -7.4093849674007570 3.4143144034161854 0.0227747275258948 0.1762507608851010 -0.1292289234432782 0.9755597708081426
1735977321.502374 77.3457551814294675 -7.3903143771467752 3.4200801141612178 0.0179089444999897 0.2024976528311723 -0.1201133050297767 0.9717236048689907
1735977321.602519 77.4821580836861159 -7.3656708229764902 3.4315142965636376 0.0157558349837523 0.2110926086350909 -0.0987884732339721 0.9723335342359112
1735977321.702386 77.6208231703036518 -7.3321919201564238 3.4424777897167878 0.0094305843490493 0.1885557974486904 -0.0713798656736299 0.9794195679604009
1735977321.802555 77.7659792491343467 -7.2783989504332975 3.4440632681430063 0.0021097022479302 0.1734227809797631 -0.0359462366510692 0.9841889840189717
1735977321.902497 77.9022762459037921 -7.2295278392729205 3.4536966313509567 -0.0031733041140168 0.1654563594104891 0.0078324781808484 0.9861809040724595
1735977322.002432 78.0357602406782718 -7.1622838924637922 3.4588284972557184 -0.0122034353311174 0.1736760386935547 0.0491557602205237 0.9834995785392979
1735977322.102761 78.1585178846321611 -7.0879602486151194 3.4575116914795294 -0.0214904567166006 0.1985017282804919 0.0860045161214874 0.9760832174289641
1735977322.202563 78.2869008383034952 -7.0088337828372342 3.4524289258391683 -0.0270776880013727 0.1900022381529147 0.1124252289508949 0.9749494941814794
1735977322.302380 78.4179812319795673 -6.9276578536533489 3.4507890037261642 -0.0193041264301076 0.1801626092230536 0.1237539414279633 0.9756299231377419
1735977322.402735 78.5459611139852143 -6.8539835687401123 3.4665385076679489 -0.0120951339567806 0.1739036213060819 0.1198934215290856 0.9773621671137304
1735977322.502434 78.6776697288269560 -6.7845422936812509 3.4676420634796372 -0.0198751995605706 0.2122519622168389 0.1192595942247312 0.9697067753516430
1735977322.602633 78.7982241968098265 -6.7156858640509425 3.4641432988181577 -0.0291819640540879 0.2335152075283574 0.1255229553026306 0.9637754139419765
1735977322.702396 78.9251509622907577 -6.6491245841455440 3.4656851770172881 -0.0289445637040420 0.2220886329493101 0.1354618926721378 0.9651367400427627
1735977322.802431 79.0554465655036296 -6.5752940823252484 3.4725742435743907 -0.0343003414757977 0.2023528104012630 0.1524115613994425 0.9667717117547132
1735977322.902623 79.1687836046756246 -6.4974163049319662 3.4958671129972485 -0.0409053027241044 0.1723629939016268 0.1803411054333816 0.9675199430675231
1735977323.002517 79.2790463434910464 -6.4149375463660787 3.5112768359856572 -0.0475432137470647 0.1855049583523134 0.2085845137736403 0.9590724966691108
1735977323.102502 79.3820345403337768 -6.3301488552411005 3.5149148855118582 -0.0556382358162495 0.2046440565503558 0.2297955232578456 0.9498522065692763
1735977323.202350 79.4891636575678575 -6.2410070751417486 3.5145815478985587 -0.0628448357535842 0.1990779424528150 0.2506366925777453 0.9453040504417337
1735977323.302581 79.6019064563615331 -6.1484138485081896 3.5025600074986549 -0.0674810283625470 0.1925477767983129 0.2634812833062581 0.9428410670990354
1735977323.402599 79.7174350400652116 -6.0557271697663548 3.4999786900946512 -0.0708068812814623 0.1858876911160638 0.2667465777488651 0.9430155964319998
1735977323.502737 79.8291744203373668 -5.9604420357595957 3.5119580505907639 -0.0773430736344697 0.1997140461850334 0.2712736273235055 0.9383725101663642
1735977323.602828 79.9421223067815134 -5.8680008706290847 3.5182947923197481 -0.0778253512242118 0.2206526796480447 0.2770082758776357 0.9319452906508329
1735977323.702739 80.0604687386841647 -5.7702825518186263 3.5212068682144051 -0.0790772997430681 0.2213793000609315 0.2901997319373218 0.9276433052382708
1735977323.802679 80.1727808310288594 -5.6690721147241439 3.5330517849691367 -0.0818782513007955 0.2012721839278766 0.3130641681432030 0.9245411221604106
1735977323.902821 80.2707971600288346 -5.5617116919665976 3.5524335217321559 -0.0887676351148742 0.1804165298542954 0.3480444173428228 0.9156611088541119
1735977324.002803 80.3604016217681192 -5.4499475862488795 3.5729285589284068 -0.0941289860835526 0.1652007961238612 0.3859154148336779 0.9027279343925695
1735977324.102803 80.4367992072786109 -5.3328547239566699 3.5939755809598108 -0.1071723346273855 0.1921436112324826 0.4100136974789992 0.8851461411725501
1735977324.202984 80.4998584502976655 -5.2070167039330642 3.6030043317292164 -0.1077825832619881 0.1847055169189998 0.4315269042179414 0.8763853705426268
1735977324.302407 80.5700722221557584 -5.0852851032967470 3.5958581249407398 -0.1107106284937841 0.1765247224441666 0.4430437241991522 0.8719486438731737
1735977324.402547 80.6328613172812823 -4.9629316702159993 3.5984152043707334 -0.1097529988073263 0.1673749858286368 0.4458570033250472 0.8724399268475003
1735977324.502561 80.6924265556320819 -4.8390222280879724 3.6067710014774255 -0.1099440280543683 0.1860603187209660 0.4399857998713331 0.8716113608737648
1735977324.602570 80.7442232327298370 -4.7193376494792902 3.6209724877683160 -0.1166110001965847 0.2042097579829732 0.4442788028226561 0.8644747507823206
1735977324.702379 80.7753109664863729 -4.5979435350719688 3.6377812264020957 -0.1359022833439599 0.2000426604066489 0.4668770890598689 0.8506111256680760
1735977324.802526 80.7947001919441448 -4.4613296708150321 3.6396730213940813 -0.1387474593820617 0.1771748791430037 0.5019720860526882 0.8350941441176544
1735977324.902473 80.8022488967257431 -4.3192920536717256 3.6473978341483382 -0.1294934739984841 0.1447227907744528 0.5492569447426751 0.8127752227240936
1735977325.002508 80.7957329694023088 -4.1845784009672586 3.6507613434500206 -0.1255692092096382 0.1171106315373487 0.5990265576704431 0.7821027150476393
1735977325.102401 80.7698732529852350 -4.0555275501537436 3.6507415661835578 -0.1444986235754930 0.1171654139830293 0.6401475985909492 0.7453881308212617
1735977325.202491 80.7313228409985157 -3.9338679015863813 3.6427860209603637 -0.1663453253751612 0.1322345437162646 0.6712360313165682 0.7101305854815481
1735977325.302454 80.6822325090884505 -3.8176560529433448 3.6333585665221717 -0.1610482452562974 0.1138242369375308 0.7026349270097915 0.6836751166536643
1735977325.402374 80.6160250620843186 -3.6981583323274423 3.6147047061432680 -0.1574461305551376 0.0999369969015287 0.7275517602466397 0.6602209848115514
1735977325.502393 80.5407257184123466 -3.5853472287530175 3.6112547842753613 -0.1448155762843537 0.0869555641420671 0.7491219095484258 0.6405337956460108
1735977325.602370 80.4614246921995715 -3.4823009410588845 3.6043438230852147 -0.1523593725672058 0.0921594948406270 0.7705581505839869 0.6119913281005160
1735977325.702413 80.3692075665843504 -3.3816691189226735 3.6011174944595341 -0.1815831204025753 0.1077957313335436 0.7893701932016759 0.5764567189094766
1735977325.802489 80.2680276273630113 -3.2914312266417114 3.5933014970374644 -0.1727698955151671 0.0998877392603583 0.8163338978806641 0.5420073522749432
1735977325.902449 80.1614497674207200 -3.1891452952621981 3.5840681159994854 -0.1609784331458977 0.0827361145572891 0.8453343072931787 0.5026435997036236
1735977326.002553 80.0457604135329035 -3.0997510474695988 3.5739399106293983 -0.1541018235522858 0.0613761108656186 0.8752942727366243 0.4542527238303976
1735977326.102512 79.9267683359177283 -3.0276095544816859 3.5721039095895577 -0.1597435915780113 0.0559443336175721 0.8991433475691657 0.4036006157180114
1735977326.202383 79.8027046434060736 -2.9599038836962217 3.5722358836610382 -0.1902410908434238 0.0592924635760052 0.9127920056287450 0.3565157578257170
1735977326.302368 79.6799811712895547 -2.9000780160121469 3.5614235200188773 -0.1839658494155621 0.0532211793455377 0.9270491368769677 0.3223413875591378
1735977326.402580 79.5563141278951207 -2.8336917694226478 3.5451515055362752 -0.1772472691860763 0.0538205139066637 0.9339510217889874 0.3056505304235668
1735977326.502583 79.4376114246200160 -2.7616804735818761 3.5375250747559077 -0.1737650574703768 0.0565559111951282 0.9336051064403248 0.3082022695240175
1735977326.602450 79.3230881809316202 -2.6839614944720065 3.5379405413671825 -0.1952477316187428 0.0684002749982709 0.9277703402799868 0.3105509964154906
1735977326.702487 79.2001518255279677 -2.6102222818538019 3.5336019723754744 -0.2203872543350925 0.0770844062679227 0.9212428105157032 0.3111255960381420
1735977326.802420 79.0825417035996736 -2.5263641495559011 3.5278125942257685 -0.2047571326824400 0.0784589775555085 0.9237802537691410 0.3139247492677688
1735977326.902557 78.9560614738018103 -2.4479652839634185 3.5236551998251846 -0.1806484602866645 0.0749689153347706 0.9285943776314187 0.3153700641483010
1735977327.002705 78.8301979134295010 -2.3673529388047814 3.5288950831485884 -0.1565773454055444 0.0698209625454135 0.9339271784464713 0.3136695609299659
1735977327.102399 78.7067565786275054 -2.2950752095020324 3.5414840693273884 -0.1623865401659251 0.0716178139050149 0.9363536381655002 0.3028916713919992
1735977327.202640 78.5794298280622741 -2.2224065797676764 3.5440414411607621 -0.1882780818428481 0.0745602452520614 0.9356837180699401 0.2889430972775492
1735977327.302470 78.4509642107350516 -2.1490767222809133 3.5382994297222599 -0.1821750771327533 0.0768782645646943 0.9378858407662163 0.2850826606432670
1735977327.402401 78.3142965702848102 -2.0654522338643826 3.5144756639142991 -0.1639534843987145 0.0757689236037304 0.9397248932119078 0.2903367876231345
1735977327.501964 78.1801761896099379 -1.9749939340026819 3.4977530425525578 -0.1503060501426667 0.0751664717361029 0.9359047504828604 0.3095809923765843
1735977327.602529 78.0508751926249573 -1.8830051435347277 3.4897326765707462 -0.1693353575801818 0.0778436154321553 0.9260178497666178 0.3282633852918297
1735977327.702425 77.9256540178802481 -1.7925315471683543 3.4844766288703863 -0.2082083336541301 0.0905266566944417 0.9155299441790307 0.3320529107480286
1735977327.802447 77.8014781305079595 -1.7048930267856972 3.4794056695843580 -0.2119915745632774 0.0814040062955592 0.9168553100092822 0.3283432663859547
1735977327.902554 77.6709249967207143 -1.6072004652880842 3.4671592212110380 -0.1885410332432148 0.0700560351401662 0.9256324155225373 0.3205449454568482
1735977328.002580 77.5354243904239695 -1.5126021795195104 3.4560446000207965 -0.1730726359583184 0.0638343775115014 0.9330478901765666 0.3088570374254347
1735977328.102558 77.4022366319560149 -1.4268734926874698 3.4573475914199387 -0.1709139066442466 0.0603126157885535 0.9386317293585064 0.2934643104941445
1735977328.202660 77.2680257985916938 -1.3439229711182492 3.4589767010341177 -0.2174976448510326 0.0701938101051414 0.9342228714381264 0.2738525698055057
1735977328.302480 77.1319475734265012 -1.2631181543314312 3.4589462551915475 -0.2091136561299206 0.0628757161660408 0.9407747293499952 0.2593473187696920
1735977328.402424 76.9898712232779161 -1.1796842280668709 3.4517614698968959 -0.1858070720636642 0.0507475232080513 0.9489364795061795 0.2498399061835297
1735977328.502434 76.8498820796664575 -1.0849422724231701 3.4463832494453039 -0.1807352095698435 0.0477023236387025 0.9483266935024779 0.2563898491201843
1735977328.602509 76.7083067382473587 -0.9959215170769389 3.4553563441908408 -0.1779566346593890 0.0468688968088977 0.9473300032167405 0.2621080076952859
1735977328.702472 76.5674354593842850 -0.9071083861853895 3.4577804237962817 -0.2064931638477631 0.0526737966443651 0.9409868179920285 0.2629255651252767
1735977328.802390 76.4241237555886670 -0.8252331315633102 3.4571441539524388 -0.2012358829567459 0.0532557555219465 0.9432474271951113 0.2587512995217778
1735977328.902486 76.2710947427824948 -0.7537946517937861 3.4435054912568006 -0.1787319355870333 0.0395992789265456 0.9516604078490976 0.2466358863634805
1735977329.002421 76.1206030760990018 -0.6932817401359133 3.4311791357401642 -0.1725266535554489 0.0338405764817833 0.9587282229462332 0.2234492419380665
1735977329.102420 75.9634264649742477 -0.6493173633776554 3.4329599736855494 -0.1870886988233731 0.0377518928267059 0.9641542252706019 0.1843345959211772
1735977329.202320 75.8076842881418571 -0.6129789113827473 3.4420045095278269 -0.2231998559593009 0.0351040357731013 0.9626926541167115 0.1489039444806951
1735977329.302602 75.6470190780740808 -0.5754768927068494 3.4412191123465332 -0.2075603744641223 0.0320587616297703 0.9699642672616122 0.1227201979737750
1735977329.402653 75.4872707849906561 -0.5344958227383030 3.4357028389693638 -0.1879667203113381 0.0299114542643397 0.9747796680323443 0.1165264594413833
1735977329.502567 75.3283394324694342 -0.4811045360425370 3.4366470735238450 -0.1857803940351443 0.0308765346215992 0.9741280915860983 0.1249269626010893
1735977329.602371 75.1717708090445029 -0.4287941926005768 3.4451504840712248 -0.2147720104335043 0.0317780061698709 0.9663842328787103 0.1377122227750504
1735977329.702611 75.0188775367580263 -0.3696008138492471 3.4450370826606793 -0.2336370822577467 0.0491221356205258 0.9594178353354097 0.1500604772299571
1735977329.802426 74.8682662025183987 -0.3163043234615479 3.4424859870528590 -0.2174742306349106 0.0451555648832268 0.9623005529419075 0.1569827371959402
1735977329.902582 74.7086435777922588 -0.2705950073180213 3.4422588843679334 -0.2019401060891243 0.0387568050670069 0.9669422219823424 0.1508006729479746
1735977330.002483 74.5509265850831895 -0.2270388631831202 3.4478562752948072 -0.1978471256745769 0.0438739467910573 0.9696083906924476 0.1370808533460651
1735977330.102510 74.3921633837681497 -0.1946421871975635 3.4612338944635161 -0.2291728726430831 0.0454042045826455 0.9643040048474831 0.1246436475952130
1735977330.202548 74.2360075674396995 -0.1662410913425679 3.4649804550882668 -0.2281903575200598 0.0410575058150573 0.9662977955183104 0.1118571067369778
1735977330.302443 74.0775090432749153 -0.1355615593191994 3.4527435426071884 -0.2097455865550450 0.0374321602660913 0.9709949340029088 0.1085101858775501
1735977330.402409 73.9175315648285221 -0.0993093765139224 3.4436278910816722 -0.2110552066234276 0.0402463319976908 0.9698140468396685 0.1153110882367304
1735977330.502569 73.7523418756849622 -0.0590799581424777 3.4379815836692496 -0.2475233219274921 0.0385670110067127 0.9600753670298480 0.1244993188193810
1735977330.602638 73.5938503769951780 -0.0095908574756225 3.4443947119049043 -0.2648181313724018 0.0500874754297218 0.9533713372883585 0.1358149304697873
1735977330.702562 73.4419044343253660 0.0395502745821426 3.4585753669135766 -0.2500077954351612 0.0548826050230722 0.9558329299769929 0.1444555705368571
1735977330.802462 73.2758408092860662 0.0920680137409463 3.4586338139515886 -0.2261543695713781 0.0456138530348911 0.9620114937798709 0.1459707620398871
1735977330.902479 73.1174211345451965 0.1451145512108521 3.4691236796239768 -0.2160681122097727 0.0420884291584766 0.9648183519759355 0.1437660693888407
1735977331.002743 72.9630830664041667 0.1846588159271413 3.4868628103805390 -0.2299224835132403 0.0421061578057746 0.9625682487004634 0.1372045540193976
1735977331.102404 72.8096609739233998 0.2246002925290407 3.5014556561274546 -0.2406816018325630 0.0431841052277054 0.9607765460759496 0.1308278567636218
1735977331.202529 72.6527206289820811 0.2642340093589181 3.5003097175295164 -0.2237260142892764 0.0414559688151444 0.9660067861033833 0.1227149639695366
1735977331.302421 72.4908789728491740 0.3106632592839814 3.4855672231340846 -0.2032228759429229 0.0402372871676734 0.9706065546531041 0.1224922017081281
1735977331.402396 72.3333369397283121 0.3607036610881873 3.4714689505852996 -0.1841736009186805 0.0440018088463589 0.9724264331738852 0.1361277253450246
1735977331.502493 72.1687203493368514 0.4192254564770503 3.4563596202133744 -0.2037012931006784 0.0496588427973159 0.9658927496383003 0.1519571607964134
1735977331.602668 72.0079144943520788 0.4740241020853097 3.4438509558983808 -0.2375989985002981 0.0501166065210459 0.9573254957759977 0.1567256737095433
1735977331.702403 71.8390348256613009 0.5240529250814349 3.4432614567724911 -0.2248580739028659 0.0448932247319207 0.9601175381295386 0.1599929934401395
1735977331.802489 71.6765369388410960 0.5692870886195267 3.4355105552935195 -0.2013685290696488 0.0446728069375389 0.9663410677032229 0.1537530379889863
1735977331.902503 71.5148646990944314 0.6029568396910246 3.4358019268217657 -0.1995109911154305 0.0483878090383155 0.9688295246085764 0.1386482477614837
1735977332.002547 71.3557381632785734 0.6268279392057243 3.4443903819157886 -0.2349516469710655 0.0459778880087407 0.9630744199792721 0.1231723141839440
1735977332.102507 71.1998570860532567 0.6481363754432797 3.4491188751171773 -0.2418361538484229 0.0446628521293667 0.9633422547113155 0.1072017006357232
1735977332.202426 71.0414696627586011 0.6638554085762329 3.4434037848102790 -0.2198297289596691 0.0358507832056983 0.9702048142097331 0.0953531860679732
1735977332.302456 70.8889207475981777 0.6802350753748588 3.4393963801441898 -0.2103222372378837 0.0316355795295058 0.9725147605191843 0.0947564625943650
1735977332.402575 70.7310738187764940 0.7033289539559788 3.4427717100639561 -0.2185019255121138 0.0334266966498761 0.9705803513099179 0.0954638473438633
1735977332.502498 70.5759718187947414 0.7230210408688482 3.4503132200217896 -0.2475000027208743 0.0383714519316905 0.9632696931871479 0.0968652595978517
1735977332.602474 70.4256087571760787 0.7501516344865427 3.4558418190280844 -0.2474704363302304 0.0476188058887518 0.9626007761859089 0.0994513858854699
1735977332.702546 70.2631203350734523 0.7683779505505168 3.4541142520977179 -0.2169640395598193 0.0414438993751930 0.9706419099397585 0.0952013204265660
1735977332.802437 70.0995629586336264 0.7812131129566056 3.4524909364068956 -0.2145595299410450 0.0332018097779703 0.9723702313454875 0.0857786752757833
1735977332.902605 69.9307408762034441 0.7863140120642990 3.4667040976984818 -0.2048191355050027 0.0246712587843289 0.9769846802408479 0.0542345396926006
1735977333.002654 69.7509809250013291 0.7758123720599731 3.4651512341216395 -0.2264369338728122 0.0242036869375665 0.9732274349862597 0.0311264567044463
1735977333.102307 69.5626333455564207 0.7712443527845816 3.4552847538208029 -0.2384064821992317 0.0270879419058500 0.9703663085418230 0.0285975505176271
1735977333.202469 69.3789743187055308 0.7761336102754608 3.4483354883725235 -0.2209153792407703 0.0309372688988644 0.9741076362219746 0.0367912171859469
1735977333.302300 69.2026537613953678 0.7917310001910696 3.4548153565016917 -0.1949788440900413 0.0380623164475783 0.9785000351053494 0.0554273553652511
1735977333.402405 69.0326070705904868 0.8109846109114945 3.4611612664139804 -0.2156990880205779 0.0456771120301801 0.9726720364869749 0.0727778420946547
1735977333.502319 68.8741985559885705 0.8356601990632183 3.4718773501340139 -0.2409419596440771 0.0590809294017969 0.9647172673828377 0.0881873566747669
1735977333.602366 68.7149366142937339 0.8537362870188901 3.4727563732517335 -0.2254835612360539 0.0579956797467518 0.9675147256470531 0.0985338540762855
1735977333.702830 68.5606084805818199 0.8758141078811001 3.4633017260454930 -0.2019640376102763 0.0565650834970077 0.9722616235536137 0.1035290017629004
1735977333.802372 68.4026052620441334 0.8968767127308602 3.4590848811273447 -0.2146994721041522 0.0578976832742965 0.9686583966849197 0.1106928429550363
1735977333.902485 68.2437879717446663 0.9201003776847212 3.4549150638179720 -0.2388057426844576 0.0608420199374076 0.9629270965708799 0.1097336437034525
1735977334.002410 68.0786767650036921 0.9484828928824021 3.4452071150085244 -0.2451785137236126 0.0629123046671870 0.9612041309957077 0.1096182324548697
1735977334.102346 67.9062716655184033 0.9814098546647619 3.4307127326545950 -0.2242790842268604 0.0641824027549103 0.9654023748147977 0.1165236725172885
1735977334.202303 67.7378816411124802 1.0299721873903522 3.4048510498308269 -0.2119339499460085 0.0667527898086575 0.9657279907126037 0.1341548130602899
1735977334.302457 67.5738522734292673 1.0854577703731216 3.3980953374563283 -0.2285146834977683 0.0703288349988543 0.9579802432765403 0.1584574008541073
1735977334.402383 67.4016229795983435 1.1512682827201566 3.3921679586686611 -0.2656971494482137 0.0815136485007508 0.9451816300850506 0.1714416403122537
1735977334.502389 67.2358365366215480 1.2134172040391800 3.3845604762569472 -0.2581785601095564 0.0704475202564645 0.9465899434410450 0.1798567679175590
1735977334.602360 67.0635242294676459 1.2690797252988342 3.3969976504737467 -0.2295385298090962 0.0592743577393015 0.9549674758805091 0.1784257096331170
1735977334.702251 66.8996209375661692 1.3239225303409163 3.4183486315173273 -0.2245711124489924 0.0559814538703673 0.9582030893343474 0.1681687600777710
1735977334.802503 66.7408519651037437 1.3630439889551147 3.4411023786590591 -0.2534331111141231 0.0515598834604077 0.9543315511371050 0.1495477419181353
1735977334.902563 66.5797863649400909 1.4005661675784238 3.4549047882131472 -0.2556809741916788 0.0393119167004650 0.9575858507082357 0.1269297095447493
1735977335.002509 66.4116869099205758 1.4377326624854871 3.4631030760760235 -0.2231174759908234 0.0302170009995375 0.9676444806591591 0.1138845196150246
1735977335.102359 66.2503446890414551 1.4880213495633030 3.4787571740621210 -0.2016658215371433 0.0290240969757513 0.9711651057245162 0.1238015978959098
1735977335.202423 66.0892147404193082 1.5391047920090692 3.5049511297304505 -0.1986546514266034 0.0299180628476160 0.9707190146933946 0.1317035819357478
1735977335.302395 65.9376072889504456 1.5860921433212805 3.5202415645708780 -0.2194767879499349 0.0352550840962155 0.9653837547458669 0.1364596081971520
1735977335.402603 65.7793974153987620 1.6286655278216999 3.5255895162752471 -0.2128646225351259 0.0431410063401802 0.9669305005363439 0.1336896150696483
1735977335.502476 65.6194449972447700 1.6613030049851585 3.5239941705368079 -0.1954264726041569 0.0350598294120520 0.9720394314529105 0.1253740238956908
1735977335.602309 65.4636433515172342 1.6903711694156855 3.5325207371066885 -0.1935478534395219 0.0338983778823441 0.9748801712833126 0.1048750687461920
1735977335.702360 65.3098132273526915 1.7097127391383853 3.5523827937709673 -0.2053226561123566 0.0369021962477258 0.9747231202888728 0.0799729552622948
1735977335.802530 65.1631342168928285 1.7220177528357941 3.5652666613998512 -0.2290257775185070 0.0338749816593818 0.9708498661017286 0.0620501115218612
1735977335.902446 65.0115062779189827 1.7378056426131347 3.5657484108123070 -0.2142776654035127 0.0305110467784245 0.9751177871833154 0.0479526772184765
1735977336.002512 64.8501755844807235 1.7654380974365524 3.5634236240355870 -0.2008067400080108 0.0272329747713668 0.9781554793178319 0.0463343990244831
1735977336.102365 64.6901355251677046 1.7979547099849027 3.5783725919254001 -0.1887924176578682 0.0297798490598554 0.9795121917530100 0.0634543129510047
1735977336.202369 64.5401894070009376 1.8368958628371093 3.5934129594842972 -0.1956094589485089 0.0404310035767200 0.9764877325904174 0.0810800938583350
1735977336.302387 64.3881562186515168 1.8853598626059627 3.5983968898546679 -0.2196512776397253 0.0518207809335777 0.9688124150993099 0.1023251056393932
1735977336.402262 64.2373510958212677 1.9265557003931362 3.5903495344020344 -0.2039554478752118 0.0541368354342109 0.9708445760221357 0.1137197763785632
1735977336.502575 64.0824022537843518 1.9596029293275850 3.5911138539450698 -0.1903077640958006 0.0418866497634152 0.9742345020999184 0.1135587883634652
1735977336.602395 63.9256892396357941 1.9866729417424649 3.6028546868464533 -0.1903399952354676 0.0369972939810741 0.9759231621124108 0.0998792676402528
1735977336.702388 63.7751504195151639 2.0053919695981657 3.6187025240975941 -0.2182942479844373 0.0352986890006863 0.9720777953725334 0.0785263242194414
1735977336.802279 63.6282448525957207 2.0152184287603538 3.6288599936843244 -0.2270249312250686 0.0292745853441104 0.9717697734162422 0.0571505619371201
1735977336.902359 63.4714844698908820 2.0258894991479175 3.6231624839671959 -0.2031690979432345 0.0251159754896210 0.9778496700013302 0.0436065166509185
1735977337.002298 63.3096291024637097 2.0523247985089870 3.6089760224727025 -0.1876390139988403 0.0261110414419931 0.9808179802776900 0.0458901242573031
1735977337.102313 63.1447117348487765 2.0867907077704460 3.6037171514354953 -0.1802744888678436 0.0286757978748939 0.9807998276412503 0.0686331215854974
1735977337.202357 62.9783273149733063 2.1261713382187977 3.6016701638142692 -0.2273603394153574 0.0406812704027448 0.9690245613175956 0.0874283127058616
1735977337.302313 62.8237307129659683 2.1610483647768857 3.5955778358039079 -0.2363979336237960 0.0429615051989817 0.9655713977509657 0.0997105906846595
1735977337.402445 62.6656776490840031 2.1900708842421914 3.5970285799518709 -0.2078699332623794 0.0417874579111437 0.9715078144323515 0.1059078170093892
1735977337.502631 62.5034723109474228 2.2111959396104859 3.5948943401034845 -0.1900290757236605 0.0373174224106526 0.9764617390326255 0.0949675342926064
1735977337.602535 62.3451760626457698 2.2245657005275836 3.6088240013694466 -0.1810076394643703 0.0308851313895680 0.9799275044557805 0.0776171960692489
1735977337.702323 62.1901500581593396 2.2278918135346286 3.6178915223221839 -0.2157174789466725 0.0288503546974617 0.9742730712494112 0.0585287019244613
1735977337.802350 62.0371126205787249 2.2390778124407973 3.6177998207293736 -0.2122951731423518 0.0252142812195715 0.9759896172806592 0.0417045134654699
1735977337.902398 61.8813725227695386 2.2511298035547589 3.6054312801053787 -0.1935843689900187 0.0208932370309514 0.9800946025913745 0.0387702811488461
1735977338.002312 61.7232136984858215 2.2768747947025267 3.5931928527204495 -0.1950152248932994 0.0241576262955040 0.9790561894596004 0.0532395438788674
1735977338.102471 61.5704794062747212 2.3115315729365320 3.6008529212090483 -0.1965219156663684 0.0323367237327644 0.9773548353109023 0.0714912502020408
1735977338.202490 61.4193076082831411 2.3580951778457591 3.6120410517084287 -0.2042296119647857 0.0489661232671839 0.9736805086040493 0.0885372889434501
1735977338.302416 61.2633687520880486 2.4039442785013327 3.6016965502847880 -0.2072914867117214 0.0478199416985481 0.9721453308652918 0.0983714815869124
1735977338.402302 61.1070004480811022 2.4476579719591842 3.5852345584700420 -0.1883815973712080 0.0405624589716458 0.9762754647275291 0.0987586839983845
1735977338.502360 60.9536791174163355 2.4886119633721480 3.5699721778069100 -0.1675185388255787 0.0323661672795382 0.9816772298038905 0.0848515577342908
1735977338.602348 60.8013805714275151 2.5293900907577864 3.5626591038353284 -0.1674851024618144 0.0301849235904281 0.9826536496400198 0.0736845688753425
1735977338.702382 60.6436944018451527 2.5723840122146484 3.5450819628819636 -0.2212864062781148 0.0374516241718931 0.9721139998711503 0.0680005404237164
1735977338.802598 60.4871590876497223 2.6229501076366173 3.5340785552337324 -0.2180266097659300 0.0357972081829469 0.9729062476572146 0.0680910463265216
1735977338.902433 60.3257995001374638 2.6739944242902451 3.5105841303629348 -0.1962366036970398 0.0345946809123443 0.9769534425421119 0.0765269529456142
1735977339.002504 60.1694681234777633 2.7352938592326130 3.5064922865695731 -0.1748626681660766 0.0334748488676945 0.9783346225114258 0.1056591130501857
1735977339.102456 60.0095645022640340 2.8062209459617868 3.5168964276396735 -0.1843031833038906 0.0360726028181811 0.9739727758197235 0.1269178313397958
1735977339.202488 59.8549048646444035 2.8704605796164153 3.5165505380046596 -0.2141872366627710 0.0427810442423140 0.9659009985616234 0.1390283096421814
1735977339.302501 59.6935830717318012 2.9329688268216110 3.5137948911609338 -0.1889211464565967 0.0435453570504738 0.9697367077531945 0.1484025604121015
1735977339.402624 59.5360946386168024 2.9926004519024150 3.5100019746068876 -0.1779160516879582 0.0390551379452272 0.9721511609995722 0.1474540434136371
1735977339.502288 59.3769334505492452 3.0479943124801587 3.5113923548931529 -0.1788608813011764 0.0385470878631365 0.9731783292784041 0.1394519507942866
1735977339.602409 59.2242664339848233 3.0939416882703905 3.5178974869355741 -0.2089833583674827 0.0432554164921818 0.9681685946807038 0.1307841624338630
1735977339.702376 59.0728849776831666 3.1399940899864656 3.5168917493347132 -0.2156057039638899 0.0393281189959442 0.9683924822691785 0.1190944153141330
1735977339.802364 58.9195321713743425 3.1889598125510461 3.5002226500306484 -0.2007107916967504 0.0317269494284451 0.9723504289782181 0.1150791989992268
1735977339.902314 58.7641633073052745 3.2469009601661041 3.4928436877178748 -0.1850520570866969 0.0303391814957032 0.9741780063607255 0.1257476924527642
1735977340.002465 58.6021513622091561 3.3112656083603436 3.4945495856255397 -0.1719250610216833 0.0272211370357333 0.9749344807544720 0.1385768426800838
1735977340.102351 58.4417108208386793 3.3719918381278040 3.4882273478661050 -0.2043994241078058 0.0327857667639262 0.9676077737579557 0.1445031663503323
1735977340.202262 58.2832725072228612 3.4291836729685468 3.4732380029102607 -0.2160056011994333 0.0411622666898909 0.9648364330649479 0.1440066161047131
1735977340.302507 58.1218146646723852 3.4816509315238058 3.4547293403872521 -0.2066679879265511 0.0326352644632742 0.9679726112516316 0.1387526797813331
1735977340.402511 57.9648844381947086 3.5246795479792370 3.4499130240746978 -0.2007139087090063 0.0251436779099728 0.9711189114858869 0.1265297675109628
1735977340.502533 57.8038731096976903 3.5625691934660195 3.4497345852918055 -0.2196965469869958 0.0289455428151844 0.9696698990627007 0.1031303526846333
1735977340.602341 57.6427627944749261 3.5881587010957947 3.4525576635599324 -0.2591381093630454 0.0355019156097345 0.9612170197891742 0.0874579620812417
1735977340.702482 57.4866911624105086 3.6117772708345650 3.4607608164456618 -0.2283775701617432 0.0322962461540909 0.9703324877198612 0.0724948357247451
1735977340.802399 57.3266434289755296 3.6390733817943861 3.4584065990308122 -0.2002763305857861 0.0251970379543227 0.9768212000921689 0.0712379374765749
1735977340.902293 57.1604521091781663 3.6785486810538202 3.4745183436481284 -0.1806705925010517 0.0249169454845477 0.9794211687402461 0.0864375905294072
1735977341.002390 57.0020555155681166 3.7178697781198666 3.4780074691646905 -0.2206008680345136 0.0248763725024132 0.9703819994742908 0.0952638347423491
1735977341.102453 56.8489845724527143 3.7563829432098634 3.4824506155618908 -0.2346145363706981 0.0326793722142498 0.9666959985249828 0.0968861413775551
1735977341.202432 56.6986945630059367 3.7920007492925349 3.4807682034281813 -0.2072189937859681 0.0343179551629414 0.9726324019527950 0.0993417195306290
1735977341.302468 56.5404667231155784 3.8279042288952332 3.4726149631814796 -0.2004353447097948 0.0276041771253191 0.9748219892351142 0.0937324452897427
1735977341.402534 56.3838028780857385 3.8532362553678605 3.4818671250139244 -0.1966167476484594 0.0245238552331609 0.9768960834575064 0.0800904313512533
1735977341.502539 56.2295003092567356 3.8761888897211882 3.4930170786774792 -0.2236257741705504 0.0290516147231161 0.9718143876727969 0.0687336360215902
1735977341.602284 56.0743354304632149 3.9002514983479388 3.5012169291242983 -0.2301485825503007 0.0292587076950287 0.9710310083915336 0.0572218377564523
1735977341.702548 55.9115448103915682 3.9248796897635443 3.4934508020974770 -0.2072512863038747 0.0273561933218762 0.9764905267782418 0.0525813096515996
1735977341.802599 55.7460498805664315 3.9527415899762017 3.4817289417111850 -0.1966614131521240 0.0232112496634492 0.9782277848985618 0.0620961135541000
1735977341.902354 55.5791240047988708 3.9879953652280515 3.4802557582073952 -0.2053970268926307 0.0231089732371133 0.9754757014243824 0.0756650026776153
1735977342.002370 55.4189918824610359 4.0322765543736967 3.4835916774955247 -0.2237079620741544 0.0370703809797548 0.9690112197206636 0.0979683143374241
1735977342.102386 55.2616936847873816 4.0778597721989085 3.4856548278567980 -0.2384624944500600 0.0436726621579404 0.9638222609570084 0.1107925385773508
1735977342.202308 55.0971236861050926 4.1163404445055125 3.4774565115929503 -0.2084339195192609 0.0346996572608358 0.9702459391044057 0.1182118971644923
1735977342.302453 54.9277730782128941 4.1484253216195999 3.4690736675681664 -0.1815368911662325 0.0241100452466174 0.9768036031872633 0.1109855110556556
1735977342.402403 54.7614761289609788 4.1679765425345634 3.4775780529089300 -0.1744469316446075 0.0260755894489624 0.9793780236427047 0.0985242025107583
1735977342.502294 54.5945462104950749 4.1800754350323741 3.4752188384426912 -0.2148712082107926 0.0347639065019145 0.9718802142159472 0.0898369851582575
1735977342.602280 54.4282561395343549 4.1898958017082171 3.4640277773171197 -0.2254679276969657 0.0336910710843722 0.9706702878579749 0.0763434187008910
1735977342.702365 54.2589976898408395 4.2018039278576493 3.4513694612207106 -0.2087610313552328 0.0284232913455733 0.9744050638450668 0.0783946417153350
1735977342.802396 54.0892809848602312 4.2272111455797239 3.4586244979528429 -0.1857502016334785 0.0306128220525804 0.9772059744907274 0.0981233975090903
1735977342.902375 53.9301413088085724 4.2570713762564756 3.4682478733448026 -0.1873103234277295 0.0335017928225770 0.9758386541325651 0.1073843271423562
1735977343.002454 53.7681330577497789 4.2898800807535986 3.4669774434607690 -0.2336242301583871 0.0419722962595393 0.9644179083940668 0.1164308524336048
1735977343.102350 53.6060908590739587 4.3257939964756584 3.4611767533499687 -0.2160924145391179 0.0465457273545333 0.9677483469550596 0.1208333588436612
1735977343.202481 53.4358207316319707 4.3516935850833640 3.4423464877226717 -0.1967146158299777 0.0359596513728739 0.9724630526180602 0.1196907460281271
1735977343.302474 53.2766238229745781 4.3815032130634677 3.4296899597074537 -0.2189045766814413 0.0322772159560358 0.9680465842553709 0.1180032980452478
1735977343.402450 53.1217178799093048 4.4011617216747352 3.4326209661964242 -0.2490095179862772 0.0280562788581441 0.9624521401746362 0.1043694545455627
1735977343.502485 52.9654391066700256 4.4130440824780504 3.4364671855425426 -0.2631286349496530 0.0265022036378982 0.9601641124522707 0.0902542621188099
1735977343.602396 52.8081876625256044 4.4242017352006204 3.4332268033776354 -0.2334481630926850 0.0241741207923385 0.9682423187088754 0.0861648379202857
1735977343.702556 52.6422193682958977 4.4474059727085100 3.4123245754837663 -0.2191804789758942 0.0285255524720033 0.9702731405823146 0.0985710056588470
1735977343.802425 52.4829405849571344 4.4744041490643349 3.4184993593289841 -0.1782879190164083 0.0333719057725192 0.9769242866900724 0.1127770894863057
1735977343.902386 52.3180737412517658 4.5012235011371162 3.4099858493736948 -0.2303361071546355 0.0342691443381824 0.9663638879454144 0.1091409160773341
1735977344.002437 52.1581019400343777 4.5281574428933720 3.4042397829119828 -0.2431037250072948 0.0361050896932968 0.9639627380546086 0.1018471454095726
1735977344.102355 52.0012002140204785 4.5567619257634782 3.4068694748869142 -0.2096656065379151 0.0439783053533143 0.9716904764641244 0.0996185727776798
1735977344.202339 51.8339758944875086 4.5910899392256965 3.4042740187108902 -0.2008114653016917 0.0377608866588654 0.9745269954345999 0.0924446105045366
1735977344.302268 51.6752029469237257 4.6165116571734934 3.4126598069005709 -0.2225559071251594 0.0276371061972560 0.9707547246251307 0.0856756860651026
1735977344.402524 51.5237695424541400 4.6392341341493442 3.4245262326674144 -0.2497119966569863 0.0310645848347570 0.9647893814573171 0.0765529863678304
1735977344.502488 51.3653287897681281 4.6588350462288117 3.4242857111732379 -0.2336009659173096 0.0276887514019043 0.9694776163421197 0.0691163741808374
1735977344.602344 51.2062463748336327 4.6768824816995744 3.4237719492249918 -0.2146460113177805 0.0257573323769551 0.9738924272404018 0.0692617485917670
1735977344.702355 51.0423795293971878 4.7074138703021413 3.4313303979185932 -0.1997138085280380 0.0255601552527561 0.9758910126075564 0.0842484697693635
1735977344.802503 50.8821151491579187 4.7424927753990014 3.4364813388463129 -0.2256777305206176 0.0331768423462434 0.9687838153239071 0.0970915971928043
1735977344.902505 50.7225251145631546 4.7860634456594688 3.4361227915236046 -0.2486267174256268 0.0437620329930015 0.9618261718078296 0.1056411618450514
1735977345.002400 50.5604306880895251 4.8218501122582893 3.4347146654949143 -0.2216455307716758 0.0455345105330839 0.9674288762957264 0.1134955344876750
1735977345.102284 50.3955253964680523 4.8535814914343369 3.4298331517162346 -0.2022287159291612 0.0358818029386795 0.9725165348630443 0.1096705616356986
1735977345.202509 50.2370410585465734 4.8786568895120235 3.4379952351510026 -0.1856099534444454 0.0242167861715497 0.9773299594271664 0.0989375704975891
1735977345.302478 50.0825497041683718 4.8982151571671615 3.4448712820413561 -0.2082015694962488 0.0219489883918581 0.9750380884004329 0.0739667123529389
1735977345.402607 49.9299459838094464 4.9148937209875418 3.4477527957867347 -0.2252019491044949 0.0225103092951316 0.9725149269215760 0.0546999543847692
1735977345.502422 49.7743667534183700 4.9339131585987328 3.4388582245854167 -0.2119373959275253 0.0257357388366432 0.9757738119945232 0.0478087834991464
1735977345.602496 49.6226968474484593 4.9604377922933658 3.4265036845803172 -0.2013790733727884 0.0291216416267374 0.9773994459437207 0.0573473788885661
1735977345.702303 49.4812203431619295 4.9984352077263914 3.4322976653218200 -0.2039187527503432 0.0284255010131475 0.9755968684819482 0.0762881601371548
1735977345.802479 49.3418650567726971 5.0517884965005360 3.4344074887285596 -0.2342636282863247 0.0373370277613882 0.9665840456854164 0.0971688296033493
1735977345.902396 49.1977567576979382 5.0982849551742788 3.4410020083588329 -0.2422270131751692 0.0444434669520308 0.9627613954730861 0.1115407894908227
1735977346.002285 49.0446634843407310 5.1441086996274663 3.4334049911368014 -0.2080537795288893 0.0332971327969719 0.9706105060440422 0.1162762715611977
1735977346.102311 48.8971563223645020 5.1731932032532635 3.4336300086796134 -0.1776922879285477 0.0163191961066584 0.9784362015609558 0.1040275642515933
1735977346.202255 48.7445304569724911 5.2020837284869454 3.4367409159174604 -0.1600501200244059 0.0099790417770763 0.9831886107725900 0.0873185744984943
1735977346.302573 48.5931999092598517 5.2185882039501381 3.4302338031403741 -0.2213799406283977 0.0145759605052056 0.9722113376353125 0.0747233446526200
1735977346.402358 48.4526297779765258 5.2338221509309335 3.4151896579974981 -0.2262597287281324 0.0138846189822447 0.9717767799230754 0.0652965735236444
1735977346.502599 48.3013053857185000 5.2523597022935293 3.4006181310042192 -0.2139771058058030 0.0140544646385386 0.9747480061661276 0.0623104701463178
1735977346.602396 48.1550907326608453 5.2685451113182573 3.3918788981299830 -0.2262554774442450 0.0112081089322576 0.9718979247372614 0.0640098516795960
1735977346.702396 48.0090843438647070 5.2870196329089678 3.4022783125147598 -0.2467919910396159 0.0146735318096821 0.9669290081251850 0.0626633375186674
1735977346.802370 47.8634468510382476 5.3162632975428288 3.4120887322170486 -0.2600840165255835 0.0267043082411449 0.9629137066767907 0.0666361595775562
1735977346.902424 47.7211175538304317 5.3432888686727615 3.4270091070434092 -0.2420072820141032 0.0348855702799142 0.9670613170085596 0.0707663873888007
1735977347.002279 47.5624760641780711 5.3774910341639943 3.4294100866246966 -0.2139937628365183 0.0296984201299543 0.9736918292020410 0.0724492584781670
1735977347.102474 47.4074519583378873 5.4030508344306902 3.4271126219719519 -0.1995729093748283 0.0196317061645144 0.9771768543810577 0.0700759960234443
1735977347.202365 47.2568780539603424 5.4305285290484351 3.4278065014740737 -0.2237549586507579 0.0207536748216193 0.9722417676030676 0.0651839611304738
1735977347.302419 47.1037712696078472 5.4505951958586705 3.4311593435065002 -0.2517099101664552 0.0258884710244834 0.9652182506904429 0.0657695729504987
1735977347.402403 46.9474071424126365 5.4708732134259650 3.4324422442854852 -0.2335449034443687 0.0300453289190559 0.9693379241255783 0.0702712255281002
1735977347.502315 46.7856770564586597 5.4873853424516996 3.4168566836826804 -0.2138504074997449 0.0286469492163023 0.9729437222574568 0.0826309193498193
1735977347.602350 46.6253648300019989 5.5069126576715677 3.4110380635977635 -0.2131119525433955 0.0288864013876885 0.9715068476328373 0.0996158446258331
1735977347.702309 46.4629162306104675 5.5325694630420150 3.4252969355723430 -0.2069738073705138 0.0353395594427513 0.9706245907123533 0.1174770722542171
1735977347.802284 46.2986141540203917 5.5531708086508944 3.4196872567139005 -0.2312375999836725 0.0419285281330926 0.9639788227609701 0.1245632375573055
1735977347.902535 46.1273102223737794 5.5702910077010923 3.4164653316769735 -0.2140591405307307 0.0348969065443162 0.9689846680774418 0.1184466263754786
1735977348.002443 45.9616348049924852 5.5691176544920653 3.4053130672456402 -0.1877106498855051 0.0232635242810266 0.9774076855033604 0.0943278149675450
1735977348.115095 45.7991055432344467 5.5530870477317924 3.4125153409666709 -0.1669906299416105 0.0215018254816526 0.9838776247146869 0.0603043994949498
1735977348.201435 45.6495430553316481 5.5268136311507110 3.4142350494116975 -0.2154123909580462 0.0146700999011295 0.9755923400625632 0.0400234431537421
1735977348.309357 45.5083089783632460 5.4951947233052358 3.4113649754972681 -0.2311508125769755 0.0160631348566481 0.9724769725691239 0.0244911283197169
1735977348.419098 45.3652009449577207 5.4602884749027210 3.4000370695170399 -0.2135593957959060 0.0106511681896031 0.9768169410555685 0.0103730781509749
1735977348.502342 45.2101701872955886 5.4208131659463605 3.3847675908546617 -0.1975331678449091 0.0003033748661655 0.9802764495727373 0.0062159454561989
1735977348.602494 45.0630703252001652 5.3820204320197096 3.3844654256106903 -0.1882648191910828 0.0039517878748958 0.9820200399023854 0.0133185005784563
1735977348.702305 44.9014005492060306 5.3436218546012944 3.3908596664771524 -0.2060344966698585 0.0050703346001985 0.9784221069048530 0.0146375752400627
1735977348.802372 44.7446594054513582 5.3014150031342124 3.3946379531908852 0.2252426514784628 -0.0082095988587844 -0.9742549307225795 -0.0050675836718920
1735977348.902346 44.5814500432227305 5.2544807705765280 3.3889235959368276 0.1995642913254855 -0.0138555987393136 -0.9797852975254293 0.0016990480681930
1735977349.002520 44.4266656844018897 5.2035278467643158 3.3975401762877153 0.1820654016359681 -0.0187850125392597 -0.9828661015182444 0.0217609585579686
1735977349.102315 44.2738086549165004 5.1474992563721731 3.4118260035525556 0.1718901938131984 -0.0168920046624425 -0.9842168214288367 0.0385443882538409
1735977349.202443 44.1225457699385828 5.0938087530901006 3.4183942395489217 0.2268262558197828 -0.0090627855197691 -0.9728062374484974 0.0459971735077173
1735977349.302402 43.9863930951177124 5.0378687324177660 3.4209737343344337 0.2265574040824818 -0.0078863275835038 -0.9722714307414837 0.0574265918940082
1735977349.402356 43.8395030900688738 4.9880873990437156 3.4210822319614449 0.1951022177528253 -0.0098422356123596 -0.9787667479005515 0.0620798536584794
1735977349.502443 43.6895728264252696 4.9446170084671914 3.4263470149916309 0.1821096191940846 -0.0150895392666666 -0.9818295854675062 0.0511767281331105
1735977349.601481 43.5422971100699172 4.9087350622890131 3.4303743733121426 0.1993822912718576 -0.0193577992037430 -0.9790074835055254 0.0376340906273852
1735977349.702319 43.3834415779418805 4.8887636899126878 3.4323981746174077 0.2378502487436084 -0.0261480797225182 -0.9706794215314586 0.0229128286071668
1735977349.802344 43.2274895540727115 4.8677585780260255 3.4342811541531542 0.2205821309933049 -0.0347713412731103 -0.9746793517130667 0.0116033898804413
1735977349.902523 43.0678777279729132 4.8472077249379266 3.4203201696285568 0.2021136169668514 -0.0329274963827879 -0.9787609719140006 0.0096346082691162
1735977350.002236 42.9043073153051822 4.8212046206403567 3.4201236049261281 0.1854270534478338 -0.0237678232782109 -0.9821886606789122 0.0189032605662285
1735977350.102478 42.7364376552634155 4.8054477189377014 3.4329906925011140 0.1651931222246139 -0.0228715969649551 -0.9855055844612406 0.0310944595975747
1735977350.202390 42.5678243743474738 4.7819822586121408 3.4260221195179299 0.2017360175437311 -0.0196044692697853 -0.9786916191068039 0.0328779363760577
1735977350.302492 42.3976366403210605 4.7646260768970183 3.4174865911879668 0.1934269825051933 -0.0195252522573811 -0.9804496088165761 0.0303863708699237
1735977350.402500 42.2247415499450156 4.7577982805892409 3.4094552952740615 0.1885827245466332 -0.0245626253590328 -0.9815757879304776 0.0184988104131730
1735977350.502431 42.0512895613095594 4.7619587616615977 3.4161185290890166 0.1687604777535497 -0.0305205948517143 -0.9851248308139917 -0.0108379957554576
1735977350.602357 41.8851386587531351 4.7684340167960082 3.4171944384484294 0.1838742564202147 -0.0344354750103551 -0.9815215986477557 -0.0402468293742326
1735977350.702252 41.7153158739716758 4.7868748756549886 3.4137406293212207 0.2100285602813583 -0.0367089045483106 -0.9751298500943661 -0.0605164080885667
1735977350.802547 41.5433494949856268 4.7902367880652363 3.4066461066626559 0.1886192841702446 -0.0317659635416712 -0.9789154276908240 -0.0716817593831582
1735977350.902431 41.3729288513170559 4.7892898450383052 3.3962455218427761 0.1754453969360821 -0.0317588107357839 -0.9817853570240300 -0.0656338583947883
1735977351.002257 41.2076930047595411 4.7914648503654345 3.3967280905557682 0.1667814321774808 -0.0411082633714226 -0.9831993640666963 -0.0617501017186079
1735977351.102397 41.0444359343513270 4.7819630090602310 3.3932636290687523 0.2150552497419232 -0.0411106245887724 -0.9740023446390552 -0.0581428305295084
1735977351.202282 40.8837731480403050 4.7734422400455321 3.3891080944253034 0.2300354488286283 -0.0369529569827775 -0.9710655772525582 -0.0524386873176331
1735977351.301358 40.7210434765428104 4.7660427223710284 3.3757384071938943 0.2110972990791317 -0.0385848183367960 -0.9752006995185840 -0.0541547576291942
1735977351.401834 40.5541697290657623 4.7791022022386871 3.3681623717592903 0.1970941823523411 -0.0448115685211056 -0.9767409117526882 -0.0715751208037253
1735977351.502424 40.3936744612731999 4.7877929746278589 3.3715244667003517 0.2267450354562376 -0.0520277244367919 -0.9688238613906792 -0.0852063987381989
1735977351.602745 40.2339093580334364 4.8051570481995105 3.3723032595371625 0.2596984626405813 -0.0570211839350304 -0.9595305049784110 -0.0927712406979768
1735977351.702495 40.0737711486745241 4.8323551830911615 3.3729219178723757 0.2439960241108196 -0.0596351355176100 -0.9622445523220886 -0.1048571044630354
1735977351.802538 39.9179501626986522 4.8610194039314969 3.3675143439108028 0.2168255596023181 -0.0584114187341734 -0.9682524245779540 -0.1098272514611747
1735977351.902314 39.7495365646394418 4.8876641199036888 3.3641047706637925 0.2092893785639921 -0.0499455999235912 -0.9704363384537267 -0.1093467241260328
1735977352.002478 39.5909430606060369 4.9108422840608990 3.3680534696558184 0.2276908827877664 -0.0423148054079463 -0.9667082090818363 -0.1088189212977411
1735977352.102280 39.4329111785168251 4.9352472643386305 3.3719479586949310 0.2417139033461453 -0.0388145385391643 -0.9635243321729188 -0.1081142073822541
1735977352.202272 39.2719221020731553 4.9599858717812335 3.3697074921599870 0.2324472294755468 -0.0374868947502577 -0.9661120553255853 -0.1057852295251990
1735977352.302257 39.1047035364181923 4.9808059909757949 3.3571985130594553 0.2120115108800721 -0.0340793529920796 -0.9705333243022691 -0.1093379319942397
1735977352.402384 38.9342759859552743 5.0118850119054308 3.3592847082882549 0.1943974562572263 -0.0381430820614332 -0.9717789181805506 -0.1280643138091694
1735977352.502318 38.7629774620156198 5.0494339321569068 3.3616851714478986 0.2076291761659138 -0.0431893711771284 -0.9660753528500822 -0.1473879779275689
1735977352.602506 38.5924394420402237 5.0912437076442592 3.3617507795545070 0.2373496227428495 -0.0514188708462226 -0.9561301842757730 -0.1638179691654827
1735977352.702318 38.4194915971332520 5.1291432583001342 3.3550921488981746 0.2211203609687916 -0.0520880595134516 -0.9579712527475643 -0.1751676309436675
1735977352.802389 38.2466015381803857 5.1615585678759519 3.3507890469836101 0.2081567362497524 -0.0447494015138640 -0.9619253356535811 -0.1713706884089203
1735977352.902657 38.0689312172460248 5.1838735784431620 3.3587351176081675 0.2027247669803630 -0.0422940081412473 -0.9654096640855820 -0.1584236920989695
1735977353.002300 37.8957773088961076 5.1886140978778625 3.3653237075838747 0.2300120340363437 -0.0429683630826280 -0.9623286600957575 -0.1384620306465556
1735977353.102258 37.7276798922541303 5.1887020355235860 3.3699454821488484 0.2483231088171168 -0.0379686045861873 -0.9605658953825447 -0.1191938728337588
1735977353.202359 37.5478853633075786 5.1866898036192861 3.3688359352878683 0.2173996568925957 -0.0327613123833314 -0.9695420933911771 -0.1079454248060457
1735977353.302545 37.3719312232975653 5.1922529690626913 3.3698153829352639 0.1924612142891921 -0.0366897294313618 -0.9740075332052426 -0.1136744034865431
1735977353.402276 37.2076931719971000 5.2048756458193450 3.3775047258405144 0.1945835378679167 -0.0374208357104234 -0.9725605335821332 -0.1219136430592366
1735977353.502288 37.0453699966475227 5.2240605446421506 3.3835748678547208 0.2291480433738322 -0.0480753672504765 -0.9628831328115012 -0.1342981974145041
1735977353.602361 36.8808533899997997 5.2532243948359554 3.3815050428761424 0.2334853929257363 -0.0589116869619298 -0.9597171411094552 -0.1447653048568896
1735977353.702345 36.7135371251824623 5.2817056550272330 3.3648762683956561 0.2161003198009769 -0.0533393045749336 -0.9635072637211693 -0.1486920412326194
1735977353.802416 36.5413839703090702 5.3083458574944729 3.3575251087576192 0.1986687343428145 -0.0426045621252291 -0.9688985210855504 -0.1412488623634723
1735977353.902290 36.3794051152456532 5.3290293824479082 3.3651881079815911 0.2009581931768200 -0.0421012192849397 -0.9700906916722775 -0.1294887711758496
1735977354.002289 36.2240120224933975 5.3449512546746201 3.3680067043607775 0.2314342682275364 -0.0441698747484165 -0.9649539919700680 -0.1155465059433817
1735977354.102365 36.0618672441690578 5.3605047296334973 3.3621309530457526 0.2332277762375896 -0.0453297148757164 -0.9657104422076019 -0.1046583162092379
1735977354.202385 35.8970681185859561 5.3746540602544366 3.3427695937643569 0.2154792217177851 -0.0427216837875014 -0.9700062163957720 -0.1040745064644424
1735977354.302391 35.7360404349184790 5.4010940016245002 3.3359930704308556 0.2114757281737005 -0.0428192114178991 -0.9690698534287890 -0.1197837664396051
1735977354.402442 35.5804530593991615 5.4360218410025878 3.3339974877821024 0.2273764563676619 -0.0438671843584501 -0.9634385987551952 -0.1347652909868580
1735977354.502516 35.4304049321162040 5.4716239696442965 3.3280607996829796 0.2673846955858006 -0.0514885606708898 -0.9518684133837154 -0.1407155865172628
1735977354.602423 35.2775077559314880 5.5015865790595200 3.3185723009711054 0.2581278762350948 -0.0499788815125430 -0.9539541019423182 -0.1443734127204178
1735977354.702236 35.1111101493625029 5.5383308006452179 3.3010077750884856 0.2308351156051496 -0.0407952613814810 -0.9618525172885577 -0.1410341484819857
1735977354.802599 34.9435666404054004 5.5617134661363341 3.2889328388985044 0.2095356609234710 -0.0315198860322087 -0.9689727877318122 -0.1272518770828992
1735977354.902482 34.7866847247701116 5.5780754281136620 3.2876816208102784 0.2169847751660904 -0.0305361125948183 -0.9688830402634335 -0.1151121516765440
1735977355.002388 34.6310423884227063 5.5820860217152219 3.2820625547152686 0.2578941291945385 -0.0351547096446138 -0.9609565607838596 -0.0939002279190524
1735977355.102405 34.4681689809535072 5.5839294704957467 3.2717554651310259 0.2438207360875896 -0.0279055296904115 -0.9661789193212443 -0.0791898094809946
1735977355.202264 34.2966711679558429 5.5899786702932852 3.2592508550764490 0.2212855781674405 -0.0257680226356756 -0.9720841341662604 -0.0736283777274824
1735977355.302401 34.1205428068160543 5.6067501973403449 3.2443909803702446 0.2046202195385383 -0.0255828117047969 -0.9743654648804415 -0.0899334551187624
1735977355.402383 33.9430181699656828 5.6337855732745314 3.2383124930579301 0.2398456434826649 -0.0284426215035130 -0.9646190946196902 -0.1057122834843890
1735977355.502382 33.7759979862724009 5.6638390366157187 3.2280107069802471 0.2761624653554018 -0.0345006301733556 -0.9537672759356601 -0.1134547601501948
1735977355.602354 33.6118249634096955 5.6907654817917148 3.2221620586880206 0.2483935158342264 -0.0414300224002587 -0.9603466945691891 -0.1196596873030285
1735977355.702546 33.4423502700191122 5.7099649057157809 3.2117854740264700 0.2327050054929617 -0.0354349368270704 -0.9650257437289577 -0.1154038977286060
1735977355.802485 33.2726984127618692 5.7286893822977571 3.2205779247894952 0.2183699844442939 -0.0261607771825832 -0.9699688327736007 -0.1038779431776592
1735977355.902348 33.1088742816133390 5.7396337215265207 3.2278973068218173 0.2401733560152258 -0.0200507622389107 -0.9666493193769525 -0.0866245885536947
1735977356.002354 32.9534906743780169 5.7454063043712447 3.2274050186953929 0.2572678063050227 -0.0241859592569765 -0.9628911957529489 -0.0779028905450725
1735977356.102288 32.7887914614186755 5.7649746992438242 3.2221400509563800 0.2273234739338097 -0.0264903221688690 -0.9709142619819335 -0.0703405779769516
1735977356.202317 32.6194472807149722 5.7885061377245801 3.2045850638398479 0.2181060007369912 -0.0343898217012814 -0.9721428033975186 -0.0786478379123247
1735977356.302320 32.4548721578018089 5.8282676634367530 3.1929358115216453 0.2092094777871296 -0.0444050152033414 -0.9714466666981243 -0.1027178796020001
1735977356.402356 32.2954195962723460 5.8685615366077695 3.1754334852090720 0.2612710329803626 -0.0511528210844888 -0.9550430498986586 -0.1304362260292010
1735977356.602488 32.1403029806435754 5.9158542965435759 3.1600087941757571 0.2826658678420656 -0.0482226725695139 -0.9463071474101936 -0.1492560342757629
1735977356.702394 31.9699363285775142 5.9538694745937972 3.1477238348528269 0.2650643038876268 -0.0375250281571518 -0.9506241867460278 -0.1569918553295870
1735977356.802603 31.7957914971695565 5.9817171018684894 3.1333135901339690 0.2408173135884056 -0.0300824977127989 -0.9591958657790678 -0.1450701757073709
1735977356.902548 31.6378623548556028 5.9959002493494893 3.1292827815291764 0.2035759547694536 -0.0305592764869995 -0.9709772497062977 -0.1217626453929562
1735977357.002384 31.4730069986445962 6.0010719610561658 3.1192357237633619 0.2373151978616916 -0.0360107003195578 -0.9651334049124501 -0.1044137780585586
1735977357.002384 31.3148035971179048 5.9969663471779269 3.1046241455394301 0.2669861739469775 -0.0348679516941154 -0.9585578921604820 -0.0931094852454092
1735977357.102410 31.1543197042470617 6.0038092431914061 3.0806865370772081 0.2662885607725970 -0.0309763359029183 -0.9592241134740305 -0.0895542804429187
1735977357.202417 30.9827767222181620 6.0211553900366459 3.0570930769577700 0.2421464124529372 -0.0258755696442703 -0.9647088176760654 -0.1001622030997954
1735977357.302279 30.8150678762230932 6.0355257565649589 3.0462684285357864 0.2300441897860678 -0.0205596493485645 -0.9659175139622085 -0.1168774049395465
1735977357.402414 30.6521808310232871 6.0654395943659072 3.0302872421995826 0.2582024208570020 -0.0301750039740950 -0.9567154336046256 -0.1308302644706498
1735977357.502414 30.4933544356512591 6.0887367627191429 3.0125867889433344 0.2694601220231382 -0.0402242278409739 -0.9526635509895945 -0.1349274351263270
1735977357.602295 30.3169721230964555 6.1143125755004695 2.9912928004351547 0.2597859328253562 -0.0329740891704281 -0.9555311462767023 -0.1355883735597248
1735977357.702249 30.1303178267005514 6.1276273041981106 2.9815796488703272 0.2233879397250175 -0.0231479398110189 -0.9661294871356580 -0.1271055284199225
1735977357.802346 29.9660682803080078 6.1301262051718233 2.9799409123950746 0.1617779586490044 -0.0200085499509274 -0.9814244614885930 -0.1011611408399867
1735977357.902350 29.8029867104602211 6.1172863774921957 2.9604247841802440 0.2066865354448962 -0.0158641597250641 -0.9745713615712750 -0.0850862251314187
1735977358.002378 29.6443035379989261 6.1012187155076276 2.9342342482217774 0.2338385535250761 -0.0206649342576663 -0.9700399282433377 -0.0625701925127834
1735977358.102411 29.4790125085982098 6.0858944975117968 2.9022539175209534 0.2475925191788194 -0.0170520776015919 -0.9676301826833006 -0.0458148519198463
1735977358.202302 29.2973981421971956 6.0665075976830956 2.8769678809581474 0.2416196579185335 -0.0143889006025419 -0.9697164213411272 -0.0326031076454156
1735977358.302465 29.1312336911773961 6.0551090439739932 2.8676802520433147 0.2460036280658257 -0.0103753007699165 -0.9685142757552014 -0.0368057844742185
1735977358.402259 28.9710814994518522 6.0590632700053169 2.8582087031389976 0.2544140929541897 -0.0248977733367655 -0.9658768104739416 -0.0416600189372668
1735977358.502316 28.8049154651733836 6.0636058967433977 2.8463161484731567 0.2670130187422998 -0.0277193563193876 -0.9622591833819947 -0.0446424585387036
1735977358.602379 28.6231021645523036 6.0641801996524789 2.8354466931828117 0.2497638907949008 -0.0168318589439536 -0.9671818389343038 -0.0435198554126976
1735977358.702350 28.4304239998308681 6.0566622050128061 2.8158068782404624 0.2260784445580344 -0.0108191169189604 -0.9734706304948825 -0.0335621092783187
1735977358.802422 28.2653166687921136 6.0264151668794339 2.8177065475838399 0.2263249935384146 0.0023297818294909 -0.9738995581601930 -0.0170651701381627
1735977358.902512 28.1055584531779523 5.9877190381611545 2.8159611653201400 0.2644298447678893 0.0154292638570551 -0.9642743321281760 0.0037158325607125
1735977359.002352 27.9409025003575202 5.9465434757933480 2.8121028631806384 0.2717547507798571 0.0131560190780899 -0.9620703840502217 0.0199211125204823
1735977359.102246 27.7734884612576387 5.9058934415668967 2.8121314148186927 0.2664355605712981 0.0057702447971549 -0.9635858214851342 0.0219353817121619
1735977359.202560 27.6039916429273937 5.8778211469160411 2.8282887262481986 0.2447902519830035 -0.0021889378143134 -0.9695621987144871 0.0046993520055674
1735977359.302395 27.4557723466095709 5.8579626730038914 2.8459968830550904 0.2532557297507014 -0.0146282173503473 -0.9672761481517089 0.0049400225084593
1735977359.402444 27.3135797811143703 5.8384721496111078 2.8566567007574890 0.2856769497594672 -0.0171119952611693 -0.9581726686264869 0.0009985446936574
1735977359.502469 27.1726725885985196 5.8177235011054957 2.8650498317705742 0.2851060444508041 -0.0333935497962571 -0.9579138421552751 -0.0006966038615689
1735977359.602313 27.0234388205163185 5.7934436711622244 2.8609590040648354 0.2590945526329171 -0.0327138607482864 -0.9652976788565084 0.0004553077282713
1735977359.702626 26.8612962231869048 5.7729163014578306 2.8446762009935807 0.2338931459669695 -0.0226050312253651 -0.9719667244530038 0.0079809391097064
1735977359.802584 26.7012083949022099 5.7434920203314244 2.8346023588555540 0.2382046432622362 -0.0186491343104840 -0.9709254177541098 0.0146489206697176
1735977359.902456 26.5591082627910815 5.7065283631620654 2.8241199568568960 0.2845291403994119 -0.0046675491019123 -0.9582485417203378 0.0279484264279592
1735977360.002393 26.4158253835181362 5.6830748531124753 2.8186661152887087 0.2964641690377474 0.0016463189392184 -0.9543488117705855 0.0363954884948664
1735977360.102384 26.2681532967947895 5.6491405279522171 2.8115763032728363 0.2701847953926855 -0.0001690588003686 -0.9620463953062798 0.0382998829753814
1735977360.202268 26.1072589038718519 5.6271151344871351 2.8056028655964274 0.2526375154207217 -0.0042993674984240 -0.9672919335859784 0.0224079552984432
1735977360.302409 25.9422071084797459 5.6194580586119134 2.8052087371897318 0.2553378113715307 -0.0069928127689181 -0.9667939385594551 -0.0079487746396552
1735977360.402322 25.7934184091396936 5.6121015188399781 2.8054120035983603 0.2874537986025766 -0.0085276914438095 -0.9573415617152808 -0.0281908914391852
1735977360.502415 25.6432692977081871 5.6018908162491536 2.8073101039219268 0.2991690428251739 -0.0164397432295334 -0.9530769889841457 -0.0432651329193704
1735977360.602291 25.4868849758976879 5.5936467461457928 2.8116641513577196 0.2743309709514056 -0.0226843181411334 -0.9602253955190578 -0.0468522132625570
1735977360.702400 25.3241491375217649 5.5675102442662157 2.8130642120358469 0.2530235847463582 -0.0190192201742762 -0.9667077007111579 -0.0330689614565039
1735977360.802391 25.1760171912334521 5.5330034813847666 2.8258217623133142 0.2282346051252323 -0.0192642163989110 -0.9733503803164750 -0.0112646405907501
1735977360.902391 25.0328616574529903 5.4889835066902535 2.8260663297481052 0.2455608582238740 -0.0156716855990948 -0.9691383369694140 0.0150048990331906
1735977361.002266 24.8944010814998578 5.4379673748819970 2.8228025519728583 0.2588892792739814 -0.0123511301220890 -0.9651995734704530 0.0348363895109882
1735977361.102299 24.7457894524925663 5.3908653546269578 2.8115776139057718 0.2371189019134395 -0.0151563579835908 -0.9702822453364414 0.0457960211471667
1735977361.202413 24.5954526419603638 5.3489821645816980 2.7888888859445453 0.2126512552926862 -0.0175262190697772 -0.9762387208854221 0.0378184493542221
1735977361.302353 24.4452983527302479 5.3167116576479616 2.7703129501685799 0.2170285473209539 -0.0160226956717372 -0.9757721805629092 0.0225950107473516
1735977361.402342 24.3109498752106816 5.3013647535001240 2.7498080619340439 0.2653762086876266 -0.0169993912910331 -0.9638789997973085 0.0149586867089220
1735977361.502305 24.1730064469617965 5.2793474770037463 2.7480533689216999 0.2781081523882963 -0.0207195759616078 -0.9602785844935280 0.0095705229870590
1735977361.602309 24.0288465605662260 5.2546410674763360 2.7462204879659797 0.2537249855256671 -0.0259577093703345 -0.9668775679980363 0.0098791470506260
1735977361.702439 23.8801386445612778 5.2284989337992407 2.7235796397577694 0.2175725465418212 -0.0191177041584981 -0.9756765533203287 0.0187606950825156
1735977361.802418 23.7154336150513565 5.1928268476411485 2.7124205267043364 0.1870324706235148 -0.0101400691532079 -0.9816394326954171 0.0360563185510125
1735977361.902287 23.5659524041090513 5.1590192798041921 2.7063028555028019 0.1901181115574981 -0.0056589246787945 -0.9805513321814008 0.0483959211770048
1735977362.002384 23.4221381308385190 5.1157517016127825 2.6860825066719705 0.2348870179206111 0.0007384323076045 -0.9701415169927236 0.0604398919352681
1735977362.102310 23.2800571085979122 5.0779062894401346 2.6677921873270578 0.2529086654694779 -0.0068820122891809 -0.9656751235373348 0.0588336690888205
1735977362.202397 23.1220824609876203 5.0471593991892778 2.6406472864050863 0.2422506359481510 -0.0148692548608577 -0.9688987463909341 0.0482571640761848
1735977362.302309 22.9633882744355766 5.0232693050328834 2.6284327310763769 0.2319581101484529 -0.0155686872761748 -0.9723230035422746 0.0232600063496298
1735977362.402544 22.8199947409322945 5.0125866729790989 2.6224017863420501 0.2525856566710213 -0.0191811942352292 -0.9673838096181758 0.0010642933827480
1735977362.502567 22.6921693738876620 5.0072174714413684 2.6205529096843554 0.2839742254542590 -0.0246359048287408 -0.9583473716120113 -0.0179451050504685
1735977362.602268 22.5527641042216729 5.0006507001093530 2.6121756970454566 0.2818585115626308 -0.0254929646757843 -0.9588376911015524 -0.0231553521843635
1735977362.702249 22.4049285669372473 4.9876354043998026 2.6049363539896757 0.2474743027704063 -0.0155434894789879 -0.9685197351350889 -0.0220089085820975
1735977362.802382 22.2613654266468473 4.9645804735230747 2.5872454702961849 0.2196452607351864 -0.0067525021777831 -0.9754993554250631 -0.0105532324999371
1735977362.902534 22.1196662556807908 4.9341243344932035 2.5777760289324125 0.2259144275275304 0.0020548029430323 -0.9741393035796415 0.0033266260902997
1735977363.002270 21.9953080530441838 4.8971990009476176 2.5711135748918204 0.2590879616087793 0.0086898078929944 -0.9654363936839662 0.0270274885753088
1735977363.102241 21.8637466510151413 4.8579849405818036 2.5680580464355551 0.2663468459887307 0.0091171887654190 -0.9627855715439326 0.0449463872596448
1735977363.202491 21.7187915411270929 4.8178712552917897 2.5653737711033826 0.2381969482196863 0.0025827660459579 -0.9696627481960107 0.0548607139886072
1735977363.302323 21.5727009359053490 4.7886127587178677 2.5554416553201165 0.2128059280337544 -0.0008245744806108 -0.9756333897435127 0.0534082941892121
1735977363.402272 21.4319006869614519 4.7554312311284415 2.5529731261966577 0.2095191631502821 -0.0040808061026062 -0.9766925291743751 0.0464410459542074
1735977363.502430 21.2925056916729396 4.7269757976204847 2.5511050334199594 0.2491837341707996 -0.0118423633908664 -0.9675854820690750 0.0393136101518400
1735977363.602359 21.1623028954588825 4.7082126309902055 2.5497084230526554 0.2556811855632935 -0.0113664764938427 -0.9659775685548605 0.0372192370945891
1735977363.702264 21.0214423823437961 4.6782487964017365 2.5321538153911622 0.2359976627743556 -0.0045542268908051 -0.9708703005632469 0.0411730696778795
1735977363.802471 20.8795661354539739 4.6484188474360737 2.5079895439217568 0.2171538460487547 0.0012318281299806 -0.9748921233597196 0.0492751210741216
1735977363.902358 20.7371818714726537 4.6089574673722478 2.4934376753975713 0.1913887520716289 0.0022126126116933 -0.9792276519886691 0.0669227577633570
1735977364.002379 20.5993011144081279 4.5602430898055575 2.4813238684541035 0.2177906003014956 0.0119250042158632 -0.9722296390544752 0.0848208561544318
1735977364.102270 20.4780202749327778 4.5115208365335215 2.4628199748377337 0.2600736977893120 0.0199489127420557 -0.9607265046958554 0.0947010864430198
1735977364.202273 20.3570880982395117 4.4552739424219077 2.4481532804481718 0.2599889196567597 0.0147552276335177 -0.9600996129625844 0.1019645923950556
1735977364.302397 20.2235645589668032 4.4061831178736535 2.4250440454377853 0.2336418096018058 0.0129222585693641 -0.9661008087628028 0.1090584583941959
1735977364.402266 20.0844159146837704 4.3457753642052319 2.4043198202589759 0.2234660187570986 0.0084721530488936 -0.9689353469799383 0.1056193848516200
1735977364.502414 19.9497829929520591 4.2920075417907606 2.4013772215205580 0.2402096135252018 0.0012195817552315 -0.9651059703964223 0.1042512354631602
1735977364.602588 19.8210043686821216 4.2437577614206168 2.3936828626474971 0.2744766245885147 -0.0073471738390626 -0.9564424313117234 0.0991285891032122
1735977364.702380 19.6950331605745248 4.1972765789947779 2.3961569949101298 0.2743504127251788 -0.0119822660048085 -0.9563817586511492 0.0996102808863088
1735977364.802289 19.5579466114744136 4.1325572190924751 2.3850199006679746 0.2375191829584554 -0.0072460161819036 -0.9650947638096476 0.1101100805713982
1735977364.902338 19.4207054248274247 4.0630549737049453 2.3660144274554682 0.2033831636848690 0.0013125172301649 -0.9704734891876339 0.1296717888055611
1735977365.002354 19.2827825062430662 3.9859396864559917 2.3513576760890000 0.1877942803178006 0.0011000727297541 -0.9704349447729006 0.1516183237063580
1735977365.102315 19.1583055280568111 3.9050095915179170 2.3292690966414056 0.2124700132036098 0.0065581352586506 -0.9630532476370601 0.1653539433061657
1735977365.202569 19.0284552944548864 3.8202054331194599 2.2966778472357277 0.2444896127755486 0.0110642952756591 -0.9539436010743235 0.1734762709544655
1735977365.302459 18.8922752152813693 3.7249568114094145 2.2656345491647967 0.2443518196031403 0.0073649642487174 -0.9540982806223806 0.1730156538341739
1735977365.402520 18.7437002696436501 3.6426806772591731 2.2368939214508239 0.2304399323750716 0.0005951197538431 -0.9602947460277310 0.1572611972197429
1735977365.502480 18.5971976995352577 3.5752002582646574 2.2247338944045079 0.2291536978205909 -0.0009454553056774 -0.9644240919217661 0.1318099382076000
1735977365.602396 18.4699240116553689 3.5181773669092355 2.2251716682119649 0.2757101559575651 0.0040169942529609 -0.9544747705623406 0.1137791106442394
1735977365.702279 18.3421584004454559 3.4652607807087623 2.2247797719507183 0.2855132682195373 0.0059653346445067 -0.9528175292645018 0.1028851028063236
1735977365.802355 18.2005027306748524 3.3993568022881893 2.2232029346970177 0.2590442651386760 0.0039907087190767 -0.9608545895734503 0.0981763751536965
1735977365.902337 18.0575696522901552 3.3348256345664615 2.2145958209769492 0.2277896438907741 0.0010047862811110 -0.9681935722242510 0.1034991557660633
1735977366.002450 17.9201832544283697 3.2630271793544474 2.2104159539175146 0.2334939153396743 0.0100361291031693 -0.9668737385753811 0.1026403491091069
1735977366.102412 17.8032721822011304 3.1892852624836259 2.2123934611950937 0.2654372506068205 0.0199726382214980 -0.9564105012866443 0.1200962644772722
1735977366.202382 17.6887415868397504 3.1188172282001294 2.2161454879747544 0.2693442069259306 0.0336678321535543 -0.9531385612566335 0.1335928827413953
1735977366.302265 17.5555290832792004 3.0497531045683348 2.2061271155329316 0.2501388517914205 0.0207315160691223 -0.9582214275321697 0.1371585027774682
1735977366.402267 17.4148628356544819 2.9874832979119255 2.2048222541604732 0.2197717390260147 0.0123516231463013 -0.9678892166018485 0.1214013365535692
1735977366.502404 17.2721717526683278 2.9408137967310894 2.2039473145978139 0.1780303225087461 -0.0021046468192391 -0.9796949201360005 0.0921880588195345
1735977366.602285 17.1153647634394090 2.8952346565588303 2.1948151333964483 0.2257450760016638 0.0010109704200880 -0.9717374556755035 0.0690250377552337
1735977366.702456 16.9636813550930867 2.8595821222583662 2.1730607743549570 0.2493264209189138 0.0133966813295909 -0.9666072361489557 0.0576828898859520
1735977366.802347 16.8102974780578549 2.8099414638016778 2.1480131553770097 0.2231725013385410 0.0126446648792970 -0.9728386731618266 0.0601586493957938
1735977366.902369 16.6510084983861510 2.7556613174894293 2.1080863919957542 0.2325829796453845 0.0125935587744633 -0.9708529628126253 0.0564896844974008
1735977367.001742 16.5083353475144072 2.6962285591684299 2.0832699398232872 0.2538544567687230 0.0217073698760213 -0.9643081772933287 0.0720863654024830
1735977367.101713 16.3835679249083022 2.6265506357065989 2.0650524631957694 0.2923725587194264 0.0367356754646996 -0.9509164528435694 0.0944810921158922
1735977367.202423 16.2510715229812668 2.5486149094076191 2.0563563519755834 0.2964702917891720 0.0334211342498763 -0.9477934361612821 0.1125877268688050
1735977367.302720 16.1132804912707925 2.4727877591274141 2.0393784932832362 0.2644298177918328 0.0234949541838381 -0.9564776089673980 0.1211422392664375
1735977367.402340 15.9652161579638339 2.4085488848049703 2.0180593688680575 0.2269939512439428 0.0095549818711631 -0.9671831155417580 0.1137509095833642
1735977367.502437 15.8131247660713399 2.3463779582330164 2.0098119293503878 0.2054002114118507 -0.0012402845507611 -0.9736430970987248 0.0991379559916569
1735977367.602435 15.6650803260997282 2.2943140094571217 1.9807682733196916 0.2537132525008570 0.0076733159526104 -0.9632515856939602 0.0878469600259403
1735977367.702291 15.5096307248208269 2.2453374072530847 1.9589312884972898 0.2729046993873676 0.0033417503917648 -0.9587291379579235 0.0796887557128790
1735977367.802287 15.3426581329868164 2.2014342797534874 1.9365787590424044 0.2557689159163577 0.0000978056070566 -0.9637974397152368 0.0753441921012413
1735977367.902434 15.1769364135458193 2.1504068134062879 1.9206202035984183 0.2160070866845157 -0.0022971067334884 -0.9731569986435662 0.0793795804585115
1735977368.002302 15.0266168342364601 2.0986942329066927 1.9192750973713684 0.2130390832040261 0.0031557478429989 -0.9735505577097849 0.0824845553185947
1735977368.102464 14.8916881175873765 2.0380698742910495 1.9126108140634717 0.2537766247316513 0.0169376114999906 -0.9630235468753544 0.0888605099023076
1735977368.202526 14.7455541473052651 1.9757887860355887 1.9010654273740857 0.2600222195924135 0.0214406853413163 -0.9610435071405563 0.0912366138855946
1735977368.302347 14.5979424752183071 1.9122624837494464 1.8885877321896627 0.2352902373611827 0.0157951175955082 -0.9681106370231041 0.0845624795366238
1735977368.402496 14.4482847443084097 1.8650108953710158 1.8827720292911738 0.2144636923776818 0.0086893295369429 -0.9746576178457318 0.0630265672491592
1735977368.502394 14.3013298335286052 1.8287384239046851 1.8800437695782835 0.2416024118240124 0.0035342809566323 -0.9694254873463561 0.0427785921018893
1735977368.602617 14.1612590757238408 1.7995750991726658 1.8740678813140488 0.2775182941663323 -0.0075113078662284 -0.9603620079801893 0.0251394169663196
1735977368.702322 14.0112861723983357 1.7671736055760909 1.8692669627676237 0.2593270414178658 -0.0123352791639335 -0.9655138462732644 0.0195022853022825
1735977368.802280 13.8544881951584777 1.7301196745478824 1.8557047472993460 0.2383624867518397 -0.0105635106374343 -0.9708076155548901 0.0245827324177062
1735977368.902302 13.7024967472812573 1.6791246066871264 1.8516763857747416 0.2037715392099066 -0.0063572221532727 -0.9781169097354601 0.0415217584414916
1735977369.002409 13.5599082476393011 1.6283698521474903 1.8502239735861641 0.2025117494695499 -0.0018880369706696 -0.9773796570485377 0.0609461453322749
1735977369.102321 13.4211780454719758 1.5728405748018721 1.8435993250870901 0.2500591492233640 0.0052341626033830 -0.9656721914253485 0.0701444519494854
1735977369.202524 13.2871118141875613 1.5272235804865910 1.8309220611037720 0.2437920355511444 0.0091179532606134 -0.9668662002148948 0.0751801650182937
1735977369.302430 13.1394901414462897 1.4770942052177050 1.8031723998279559 0.2166509576402393 0.0123805509128199 -0.9735502223674836 0.0714776121655283
1735977369.402272 12.9882738754489804 1.4370307481719999 1.7843440532903396 0.2139157695787758 0.0174152164277444 -0.9748299311389553 0.0603602445150351
1735977369.502385 12.8480173160516937 1.3981705319139499 1.7725333195020050 0.2431761461205543 0.0259588275291803 -0.9684361102947044 0.0481975259585813
1735977369.602409 12.7064006794550615 1.3724917764343831 1.7673865034738843 0.2790266740423565 0.0099749038489327 -0.9596067588486439 0.0346335796311271
1735977369.702366 12.5640688874887587 1.3410122578940367 1.7618972165947615 0.2708466627873529 0.0027754048479238 -0.9620585119118673 0.0328298955649847
1735977369.802366 12.4119649210302363 1.3058124164228482 1.7455744506968391 0.2366952725115727 0.0012419580367268 -0.9708166705094505 0.0385849422942719
1735977369.902409 12.2628907113013028 1.2600223996341631 1.7241794593613238 0.2014360973720152 0.0011690533234732 -0.9775543437628164 0.0617222567661637
1735977370.002358 12.1236913053292046 1.2054672798625867 1.7068293343943495 0.2140837336136841 0.0064014682976441 -0.9733222562164033 0.0822858539450722
1735977370.102272 12.0014482540810707 1.1406865132229465 1.6867219478449513 0.2597042660315904 0.0172840292806503 -0.9602214688248865 0.1011419168524917
1735977370.202353 11.8869727770196896 1.0757487042516383 1.6743647449061390 0.2896712165028695 0.0240783754087996 -0.9498214959508824 0.1155419577341860
1735977370.302531 11.7623397229706121 1.0114626078902533 1.6645608796855624 0.2644482948317463 0.0190538586036833 -0.9556452780116631 0.1282425531830360
1735977370.402383 11.6264814486459702 0.9393530920623985 1.6553813159560364 0.2301366192673468 0.0201058797065404 -0.9644768891183561 0.1281297015917888
1735977370.502538 11.4925575826045936 0.8705186095072250 1.6472431331814361 0.2294486613150124 0.0118852382981547 -0.9653237398153176 0.1239440610933569
1735977370.602442 11.3662825566834123 0.8038187838156633 1.6505323625332438 0.2521181539184836 0.0062284308727867 -0.9609337456440046 0.1140349928582541
1735977370.702434 11.2481755747424010 0.7435546536925082 1.6517410983911427 0.2727251314598274 -0.0055436032300239 -0.9567245275091557 0.1013333587513545
1735977370.802366 11.1310937456243213 0.6786463838944357 1.6543206617216308 0.2619805866277446 -0.0081076832055927 -0.9599026401205616 0.0994352009742845
1735977370.902509 11.0015570883055886 0.6003356278727880 1.6430009361573579 0.2317604326624753 -0.0094833109438544 -0.9672732133831738 0.1028576654267122
1735977371.002596 10.8637888172711552 0.5062210502801814 1.6321779625275727 0.2047983517246229 -0.0081594322700257 -0.9724964174521962 0.1106425634127868
1735977371.102304 10.7376746195392236 0.4212600097248826 1.6292095134759847 0.2170645569425800 -0.0040958671487279 -0.9690306565885878 0.1176681290031934
1735977371.202595 10.6221510507598644 0.3237055563234714 1.6175506563835793 0.2587102360465974 0.0137107406492806 -0.9565117077314039 0.1340387344326837
1735977371.302266 10.5024579543088201 0.2281167295228372 1.6135739702361711 0.2600892985571782 0.0103037895779380 -0.9549867132601892 0.1422946456929067
1735977371.402473 10.3739985842456459 0.1374223402844366 1.6019136980875341 0.2352648046080247 -0.0045774135379471 -0.9617189323376392 0.1404500415856192
1735977371.502432 10.2342847019766516 0.0651394622356462 1.5882992702404533 0.2209092791996499 -0.0123924220907634 -0.9684874459267335 0.1143572705188780
1735977371.602605 10.0997894627521418 -0.0029491253067340 1.5771017892081225 0.2446367575351611 -0.0114236752253418 -0.9658037485268537 0.0851203608927189
1735977371.702366 9.9567702467812502 -0.0584327276730096 1.5639461732116884 0.2887400137911141 -0.0073111383968284 -0.9554173379761747 0.0612655040440367
1735977371.802362 9.8120831929664938 -0.1129365066197643 1.5598305266893420 0.2762952621256671 -0.0107776184399042 -0.9599797352674493 0.0445385107913438
1735977371.902428 9.6553956692980858 -0.1796603142218106 1.5610744270627843 0.2540180187036151 -0.0127882663917711 -0.9661869949633315 0.0423556038831999
1735977372.002390 9.5151331611159993 -0.2522857712139024 1.5782126838780441 0.2270151513593988 -0.0143292122239973 -0.9724687245673881 0.0506297784765679
1735977372.102415 9.3769916386673255 -0.3251777940720033 1.6038566986565514 0.2439301381358767 -0.0042660131482401 -0.9674035274723992 0.0678992185138396
1735977372.202382 9.2543926885635983 -0.3977898615478304 1.6179457837402731 0.2560850370779073 0.0078735560899980 -0.9631569453602130 0.0817750542872853
1735977372.302352 9.1204943868384341 -0.4692726511188187 1.6214003042483933 0.2394734329397406 0.0044804591530591 -0.9668990933335571 0.0879689929041978
1735977372.402509 8.9781609541210390 -0.5323632537233933 1.6105967018044915 0.2198910127247082 -0.0099419106634143 -0.9724820040973916 0.0763403736039057
1735977372.502636 8.8372043789958887 -0.5764885236865593 1.6073257801633931 0.1894921257191670 -0.0230531319020952 -0.9807108385767808 0.0420421038717533
1735977372.602446 8.7038507958688651 -0.6014338870300563 1.5945776415304111 0.2052043390612740 -0.0270599856639416 -0.9782826670545635 0.0110435386947845
1735977372.702323 8.5682175385122417 -0.6180169084448712 1.5795801974416692 0.2470311072050821 -0.0291682542611742 -0.9684697731514200 -0.0138254659387628
1735977372.802608 8.4226434715266851 -0.6277791686803956 1.5640042637304021 0.2438873093054105 -0.0324756639528399 -0.9689257354260842 -0.0254407319000714
1735977372.902573 8.2709746165398492 -0.6462398013869557 1.5451089339075139 0.2161619656419687 -0.0333164050107580 -0.9754149134269604 -0.0270142264600491
1735977373.002429 8.1224441243984771 -0.6655968767114195 1.5371606551436601 0.2006361046788862 -0.0324398888648738 -0.9787363603915692 -0.0277118017671590
1735977373.102320 7.9813581535896398 -0.6883362990554791 1.5266528717240884 0.2228467259164255 -0.0304116745180721 -0.9742379942181196 -0.0165770149059267
1735977373.202296 7.8399307882539944 -0.7073231403764220 1.5136698564865485 0.2592863307501090 -0.0240826525666687 -0.9653975371610269 -0.0140790544754144
1735977373.302422 7.7032349012800099 -0.7144808890452294 1.5082464109893468 0.2402437902260257 -0.0173577569751994 -0.9703994428904621 -0.0175085912769741
1735977373.402606 7.5478498761654720 -0.7220862150571681 1.4898843524219845 0.2206269892853480 -0.0192060344245785 -0.9747584747971166 -0.0282979796410268
1735977373.502479 7.4005548617444239 -0.7169936610033164 1.4773668179434527 0.2220947796025288 -0.0189910619951081 -0.9736793262715541 -0.0475585747155500
1735977373.602627 7.2515212584548605 -0.6950341390597781 1.4717244031277452 0.2523371140729235 -0.0342267816403826 -0.9644920396002581 -0.0700686365474909
1735977373.702633 7.1065070624165747 -0.6703624888766841 1.4635597972122605 0.2680388325442218 -0.0473436067685846 -0.9582535175697153 -0.0875440644003904
1735977373.802513 6.9532128667614721 -0.6428427928793533 1.4507191216509783 0.2354604013626628 -0.0477126773386416 -0.9654106811957101 -0.1013119758199765
1735977373.902414 6.7890142138475280 -0.6153532680009313 1.4203214554023680 0.2079849245749192 -0.0412939902205180 -0.9712453088705961 -0.1082572284796420
1735977374.002347 6.6325085813446583 -0.5988747447937307 1.4094854529473000 0.1413613017491090 -0.0307760684475119 -0.9850738534543034 -0.0932701410924269
1735977374.102491 6.4758987604967020 -0.5900396161312027 1.3910669325424962 0.1473450480591843 -0.0183755127872332 -0.9856483588589328 -0.0803062265390145
1735977374.202426 6.3116595261260846 -0.5791987141316590 1.3598532215179073 0.1928850520734561 -0.0184262239102637 -0.9788862099974522 -0.0650969955977447
1735977374.302434 6.1497022417335154 -0.5688859321295822 1.3321154940758455 0.2079068660055950 -0.0211262143275642 -0.9759384943407053 -0.0622292005405373
1735977374.402404 5.9743551970022413 -0.5463970794160410 1.3096552003979685 0.1876793426131016 -0.0286818652144880 -0.9796141064473622 -0.0656507228708737
1735977374.502611 5.8124806909214186 -0.5084989858981575 1.2944166115947111 0.1779112941388827 -0.0348655478299378 -0.9795353506508007 -0.0874211748820582
1735977374.602494 5.6642287889719292 -0.4552391122118378 1.2811762591179989 0.2075619488364869 -0.0496672862631317 -0.9701941443606872 -0.1147803132888651
1735977374.702494 5.5145326281838827 -0.3915357703433253 1.2727099199512768 0.2327331639052816 -0.0568098217674339 -0.9599349799224652 -0.1453710868455148
1735977374.802570 5.3576324062638925 -0.3284995355350516 1.2654393461591982 0.2177740600501028 -0.0544349072132911 -0.9601418870533753 -0.1665498615176792
1735977374.902427 5.1992944680003710 -0.2743870587493918 1.2518466027544237 0.1803007623494832 -0.0384705606682193 -0.9670484481856759 -0.1755817471143978
1735977375.002346 5.0483483150435653 -0.2438772629534976 1.2408057596201560 0.1900405335035229 -0.0318514969310376 -0.9668381891680432 -0.1676126299990779
1735977375.102518 4.9010635579490378 -0.2352745472005281 1.2284931094197127 0.2442029935658207 -0.0248497160257798 -0.9581114450725672 -0.1475460889616763
1735977375.202437 4.7467223417084483 -0.2270815899442022 1.2116037184369985 0.2640934492330775 -0.0239999259536177 -0.9554024413405141 -0.1299416357715359
1735977375.302375 4.5946504942029502 -0.2181832884287322 1.2008758257908412 0.2398181190197884 -0.0273602864079888 -0.9622997072993005 -0.1253712800012994
1735977375.402535 4.4409619323351910 -0.1924057977285454 1.1982068324294255 0.2040840291479242 -0.0269145448106873 -0.9672268339542740 -0.1486525075576395
1735977375.502577 4.2958727245702715 -0.1555883446023405 1.1966861934489332 0.1676515912545972 -0.0340510961599037 -0.9687641874543671 -0.1795255299560213
1735977375.602497 4.1515193507742350 -0.1194329086979831 1.1853350036127086 0.2197869124066986 -0.0462750515301194 -0.9551728968426302 -0.1928654190825134
1735977375.702555 4.0021560874468722 -0.0770824200860035 1.1709184199580485 0.2327409380156332 -0.0546567832231612 -0.9498596543240986 -0.2015215345976793
1735977375.802348 3.8433309005939846 -0.0414724483589365 1.1502933773036472 0.2154131737119256 -0.0543185099151821 -0.9537171212564262 -0.2026581276295263
1735977375.902498 3.6833444401514659 -0.0111165052050684 1.1327712234445482 0.2135768232797893 -0.0521451596257578 -0.9552831584046261 -0.1977369721468398
1735977376.002559 3.5448207587744993 0.0028746742985494 1.1459692057922639 0.2239572467660362 -0.0486567904837784 -0.9565799812098819 -0.1800844466057430
1735977376.102608 3.4080868886023339 0.0045119049886192 1.1482668010539470 0.2559296551923376 -0.0355454270256661 -0.9531216137913534 -0.1574665791031875
1735977376.202383 3.2751120140941228 0.0060274629622692 1.1478152536687563 0.2491842770471872 -0.0275673446928055 -0.9568638072070088 -0.1468294658315110
1735977376.302318 3.1331259226064310 0.0136487939746014 1.1376484417490542 0.2258289987974324 -0.0339213010887165 -0.9627427547513543 -0.1448343771636126
1735977376.402520 2.9868412973280822 0.0295117695062961 1.1268245678925255 0.2174660803915628 -0.0441262605667895 -0.9629245740704484 -0.1534198215967141
1735977376.502667 2.8605617513436745 0.0510012222045927 1.1152373112484970 0.2475921704195728 -0.0481648922145184 -0.9522531277494419 -0.1720239547164701
1735977376.602653 2.7427581480271068 0.0870413459907662 1.1145302440876117 0.2606179569835282 -0.0716974929840187 -0.9440557947066509 -0.1889349265708492
1735977376.702456 2.6223301139842179 0.1273723446435264 1.1179966041252765 0.2636414367861321 -0.0757645185002952 -0.9409767998545800 -0.1982815994518814
1735977376.802500 2.4871459496042316 0.1685157776859073 1.1113575577094477 0.2408740536011436 -0.0694803473380781 -0.9469206197679562 -0.2012299965059961
1735977376.902428 2.3470885641676595 0.2097122866079714 1.0866086716942531 0.2055662595240480 -0.0558605917186995 -0.9561857792938941 -0.2008254533525488
1735977377.002535 2.1982531025020657 0.2507858722157392 1.0601945112917412 0.2024523431036642 -0.0491275118310066 -0.9584347196190558 -0.1949421057182688
1735977377.102534 2.0551689408963378 0.2728454359673739 1.0338240016988456 0.2428825950555679 -0.0512438215778601 -0.9508590642738544 -0.1850652740451859
1735977377.202561 1.9360941422135884 0.2914673007274083 1.0186546704456581 0.2695041980530816 -0.0524917168972728 -0.9452351727135959 -0.1764725903760706
1735977377.302400 1.7982631008829320 0.3186046271401791 1.0089123104836153 0.2619615453989876 -0.0497736437552187 -0.9472054911340905 -0.1780463161228821
1735977377.402449 1.6558135920875565 0.3545299381023631 0.9938229509592641 0.2287605260303655 -0.0441016967368294 -0.9535034075591481 -0.1911933938407302
1735977377.502645 1.5148055491404198 0.3992017199788083 0.9783150639629637 0.2088499888849290 -0.0438857971806504 -0.9528114882137464 -0.2158841978387708
1735977377.602534 1.3806143082970272 0.4416586956375774 0.9641962619926907 0.2242452330985975 -0.0501436886794339 -0.9460088928599348 -0.2286194666866675
1735977377.702482 1.2533345491430183 0.4785314574703615 0.9445536261870764 0.2561494386410422 -0.0530242221585545 -0.9371767496931607 -0.2308151571776041
1735977377.802645 1.1084505974064984 0.5189389601250961 0.9283131148892906 0.2531938508420117 -0.0459110150755094 -0.9394484120872847 -0.2263221898471485
1735977377.902449 0.9644850209693858 0.5609387894445877 0.9154279471740716 0.2215333327128128 -0.0315250358988087 -0.9511004917872827 -0.2129248908200314
1735977378.002507 0.8187735179549439 0.5799715902199993 0.9125355351276212 0.2097369393139726 -0.0246947883570501 -0.9592944903377696 -0.1874957720131485
1735977378.102690 0.6897900274094624 0.5793988219801989 0.9090855575753980 0.2226073969052559 -0.0168449181277798 -0.9616248108674892 -0.1594989614398785
1735977378.202416 0.5653350171672445 0.5688714236897163 0.9018574094626221 0.2384159122318935 -0.0065992917388967 -0.9631875251920552 -0.1240326306162333
1735977378.302545 0.4356545462923862 0.5547795193773972 0.8825048418455254 0.2360653178440243 0.0076471909168184 -0.9669377567335823 -0.0961564391255692
1735977378.403123 0.3001493140507903 0.5420976354795882 0.8635562244857573 0.2075701763978442 0.0204836210889830 -0.9751479072568726 -0.0747101205312429
1735977378.502641 0.1743795977550163 0.5266518249633018 0.8504058441556793 0.1993753369581084 0.0329962351338846 -0.9779121568867403 -0.0533716862479893
1735977378.602526 0.0617142315549584 0.5041927473386877 0.8408404889136297 0.2102269280070137 0.0429870287104384 -0.9764502176150422 -0.0223992549634731
1735977378.702407 -0.0409577632433349 0.4741608904287964 0.8288738520245784 0.2356312679844555 0.0479214038081658 -0.9705390775156546 0.0153409132764159
1735977378.802364 -0.1443821417902141 0.4321075068755956 0.8196940553237242 0.2286513380868151 0.0633724110694008 -0.9691220284612030 0.0671192748590390
1735977378.902378 -0.2406187211118501 0.3796497450879196 0.8043713738958446 0.2014771143526173 0.0921623773943855 -0.9659355406059414 0.1337220998169904
1735977379.002529 -0.3261289673117150 0.3222248856074389 0.7875357838441756 0.1651976681798007 0.1113581085875001 -0.9576681976682270 0.2077997239041973
1735977379.102458 -0.3821526303067848 0.2587015856238679 0.7767086788489288 0.1696661014416403 0.1324260432749374 -0.9360678251141029 0.2783051991434811
1735977379.202499 -0.4039613234533473 0.1902020802594515 0.7622648328675863 0.1742338658650469 0.1546299826681392 -0.9036021588215278 0.3594930695004371
1735977379.302509 -0.4091994908160055 0.1223917142049969 0.7382403909157225 0.1622072668357414 0.1725082616938277 -0.8649863694567456 0.4424118927957194
1735977379.409896 -0.3993576039481011 0.0563025467887269 0.7134482248825964 0.1509789088811856 0.1869730547678783 -0.8230050361922259 0.5146932642516779
1735977379.491330 -0.3870578313510470 -0.0051268285843180 0.6898786690592540 0.1350714612017693 0.1989094381478666 -0.7796175958685767 0.5782621723722032
1735977379.608925 -0.3585217373084317 -0.0485927238057801 0.6775326125216843 0.1281919919713873 0.2119712855907495 -0.7255646286058343 0.6420209942015063
1735977379.702519 -0.3245879191436739 -0.0800558203609379 0.6542096838379881 0.1140864944541026 0.2229684746184921 -0.6674651321683899 0.7012557510986350
1735977379.802412 -0.2844602496469194 -0.0905845508712620 0.6368879074728421 0.1068301042568066 0.2371900140310214 -0.5981581939191855 0.7579808712070391
1735977379.902493 -0.2218788832927677 -0.1034659022862928 0.6243117405375097 0.0864521778958573 0.2505733562759340 -0.5220924706552622 0.8106531108598555
1735977380.002366 -0.1644753080050380 -0.0797493554598137 0.6063653103565094 0.0517313973680152 0.2438238771461365 -0.4229717013645594 0.8711881078759905
1735977380.102423 -0.1402032385360563 -0.0480312907296327 0.5781649421786367 0.0203172669992361 0.2291421494839741 -0.3175431542603499 0.9199170773357419
1735977380.202513 -0.0950702001757413 -0.0210305647141903 0.5304885325276950 0.0013508090446470 0.2146820716689664 -0.2294482879241435 0.9493488645316457
1735977380.302633 -0.0589447084992689 -0.0029718587400668 0.4606225330683593 -0.0140749205309637 0.2060096879289498 -0.1683913724400133 0.9638497034181380
1735977380.402528 -0.0391861169330150 0.0167706941644101 0.3915281282597219 -0.0135049002972060 0.1992967972731594 -0.1190003648880264 0.9725930893344558
1735977380.502509 -0.0161656984065722 0.0289628087686219 0.3325505116420246 -0.0178263161569258 0.1972770038968191 -0.0884702077980415 0.9761849356130934
1735977380.602527 0.0072025234487086 0.0348480882233326 0.2737248674520441 -0.0146007022208570 0.2040725214180918 -0.0695013513571453 0.9763763555393232
1735977380.702495 0.0153682313018482 0.0359814186054823 0.2320040317897367 -0.0132662953593286 0.2105637199337159 -0.0637571540168103 0.9754086069780148
1735977380.802518 0.0187047650065755 0.0369486156051243 0.2049943843603919 -0.0101317595347890 0.1907496755384381 -0.0547008865405285 0.9800610806181369
1735977380.902565 0.0182052925719973 0.0373013496277741 0.1905681942115108 -0.0076463383310778 0.1772822045514052 -0.0490943091675698 0.9829050321709009
1735977381.001921 0.0276309759266901 0.0320275736032830 0.1683995924285170 -0.0018977650646201 0.1863476037922631 -0.0447364240794807 0.9814630005299345
1735977381.102471 0.0313889011698149 0.0240520989215591 0.1542229405473299 0.0009739965182093 0.1809190708784384 -0.0466113828128084 0.9823923453058575
1735977381.202399 0.0376859403351292 0.0143635721154532 0.1348712145190269 0.0094099530593871 0.1879185379286918 -0.0486013524475584 0.9809362794934395
1735977381.302535 0.0369854879096173 0.0057102510545815 0.1228343879366345 0.0117836470127291 0.1909108857672903 -0.0464325721099773 0.9804377571298853
1735977381.402420 0.0403866035264329 0.0050037674403842 0.1125382945006403 0.0067780102895929 0.1882814502725112 -0.0470170737982768 0.9809656206163606
1735977381.502434 0.0422634776431550 0.0034239824911548 0.1093654039554051 0.0050868887304701 0.1903537777544633 -0.0447524122313897 0.9806817957202633
1735977381.602498 0.0401670306284883 0.0013318349215665 0.1068939689081551 0.0050865956430451 0.1883092764563610 -0.0438875175462225 0.9811155022467417
1735977381.702610 0.0380569055280763 0.0002303560840427 0.1007975097833118 0.0075975742429682 0.1905687011431469 -0.0421411878699745 0.9807395002217175
1735977381.802566 0.0369666919122882 -0.0037971530118876 0.0968650049734146 0.0080808815053127 0.1872924381600679 -0.0410836721429597 0.9814114192556577
1735977381.902364 0.0336425755211889 -0.0061600110439762 0.0920286241875056 0.0067508870389784 0.1849803571049299 -0.0408881694696206 0.9818680413410670
1735977382.002481 0.0304260409405168 -0.0066816219354155 0.0918122968496274 0.0042971208936086 0.1826569993398280 -0.0404150913592066 0.9823362844436843
1735977382.102637 0.0289429977123730 -0.0043280948663034 0.0914792782710366 0.0009122279484762 0.1820632813114152 -0.0407456335876135 0.9824418164867752
1735977382.202505 0.0240516488504011 -0.0035235976956839 0.0908423799466086 0.0004964826248484 0.1796806516609746 -0.0409314739662254 0.9828729477214454
1735977382.302454 0.0243076753294782 -0.0052384825131353 0.0884898451363861 -0.0004213376317773 0.1791779652447801 -0.0404133167661376 0.9829861866136779
1735977382.402427 0.0202512197337059 -0.0060964910003228 0.0873396499816404 -0.0000582622797168 0.1790675769365553 -0.0401441926674653 0.9830174175927175
1735977382.502471 0.0194525584714656 -0.0074132198885499 0.0887684586291446 0.0001808458951398 0.1804336000110118 -0.0399738040394393 0.9827745307406195
1735977382.602497 0.0175330109642262 -0.0073370614323241 0.0869057684911931 -0.0000102558307420 0.1804040251327658 -0.0400912663490439 0.9827751919809761
1735977382.702411 0.0178410872275299 -0.0075454014619681 0.0867734241442398 -0.0002441333758625 0.1799000146492808 -0.0399507617303612 0.9828732684152354
1735977382.802475 0.0188865851812516 -0.0086851862380102 0.0878890572701274 -0.0001880120454980 0.1798393695989642 -0.0397020651391772 0.9828944560925159
1735977382.902525 0.0165406668892795 -0.0083722644371344 0.0868193221019943 -0.0003060462043895 0.1802606772346990 -0.0397131958905452 0.9828167970943352
1735977383.002600 0.0170492100013173 -0.0089159135640524 0.0857538145654755 -0.0001927805993208 0.1802545853192095 -0.0396588484206737 0.9828201376899979
1735977383.102498 0.0179374043567147 -0.0108110224280574 0.0855810928311372 -0.0002999697733156 0.1800981133520198 -0.0395808584478707 0.9828519396275859
1735977383.202567 0.0156500132702232 -0.0107140719247973 0.0854666152974750 -0.0003788342778324 0.1799772789170593 -0.0394755090909350 0.9828782832783582
1735977383.302622 0.0169642684201056 -0.0112962487187134 0.0830057523215182 -0.0003883812100218 0.1799236939788143 -0.0395233950939366 0.9828861657106088
1735977383.402484 0.0150736896474565 -0.0102996422188105 0.0853050325544872 -0.0005965566586640 0.1801681989130559 -0.0395540463407362 0.9828400386831284
1735977383.502599 0.0161080355994552 -0.0101106739850699 0.0843988171715822 -0.0005482736930534 0.1799850374296714 -0.0394879794949792 0.9828762817225785
1735977383.602452 0.0171576212486177 -0.0096803565980755 0.0851447208743738 -0.0005690453971221 0.1800833206577679 -0.0395708048840826 0.9828549359946428
1735977383.702495 0.0171577479983174 -0.0100093129115668 0.0846567881214743 -0.0004765969493175 0.1802516799665135 -0.0396287224430275 0.9828217890757872
1735977383.802529 0.0167257309699280 -0.0080694872792327 0.0854822007905571 -0.0005281688742748 0.1802414058670560 -0.0395026295584126 0.9828287230777691
1735977383.902424 0.0146942806146872 -0.0094846745130380 0.0865695963315827 -0.0005562113288566 0.1803029783393885 -0.0395010283350070 0.9828174781674268
1735977384.002602 0.0147588506094769 -0.0114467569121115 0.0839075529754075 -0.0005571904806608 0.1800699607378901 -0.0393892532657646 0.9828646832121848
1735977384.102537 0.0142901433675210 -0.0098340807768231 0.0849101268363532 -0.0005336965299604 0.1802617509855049 -0.0394983323762820 0.9828251614804877
1735977384.202502 0.0147423948381370 -0.0120394358240794 0.0814909624206605 -0.0004010820233142 0.1799678694519243 -0.0393531646474267 0.9828849035011060
1735977384.302567 0.0135919217188177 -0.0117710904755703 0.0833767497022427 -0.0003032810037550 0.1802054169546083 -0.0391792397759109 0.9828483621044655
1735977384.402552 0.0136993841579821 -0.0123972532907173 0.0825758914968451 -0.0002858252110947 0.1800309219226697 -0.0389649964412055 0.9828888617274891
1735977384.502452 0.0131662933811071 -0.0124346032138463 0.0814596459649333 -0.0003541990575224 0.1800837163048292 -0.0388880790909557 0.9828822141892105
1735977384.602553 0.0124058602251301 -0.0115211462042712 0.0810978471051404 -0.0004747026692021 0.1801382631963206 -0.0390878066580527 0.9828642450311497
1735977384.701628 0.0121951810157886 -0.0121487093032757 0.0803544202240417 -0.0004777770526707 0.1799693385235469 -0.0389822052978893 0.9828993827399619
1735977384.802406 0.0100557529483246 -0.0128799140838577 0.0809027040619563 -0.0004615272410485 0.1800624568738455 -0.0387905284170339 0.9828899193308922
1735977384.902575 0.0107527867254438 -0.0133886824364786 0.0800152026907593 -0.0004322284230090 0.1800750764578977 -0.0388485278061312 0.9828853299874655
1735977385.002547 0.0105962782565399 -0.0130554242512803 0.0811617287302839 -0.0003529969326550 0.1800596095780455 -0.0386816143985109 0.9828947782439851
1735977385.102425 0.0101351425441332 -0.0134135917907582 0.0797036254990566 -0.0002693124150703 0.1799532009063553 -0.0387584342635461 0.9829112659481620
1735977385.202542 0.0110189724428813 -0.0130419495014935 0.0799050835894568 -0.0002436659325841 0.1799856737113902 -0.0389389186298712 0.9828981933555004
1735977385.301437 0.0116386299329652 -0.0133747890599219 0.0796107495746762 -0.0003870690023620 0.1799037752626713 -0.0387784799379324 0.9829194836391886
1735977385.402589 0.0109847689087512 -0.0134750054354547 0.0799742498326320 -0.0003838037972783 0.1799848606690361 -0.0385783425572414 0.9829125160003452
1735977385.502587 0.0109259462306170 -0.0132129459860412 0.0799607305655304 -0.0003512896571560 0.1800127732273135 -0.0386525435658329 0.9829045014376930
1735977385.601629 0.0096418089955315 -0.0134222296665807 0.0803741685173943 -0.0004105500677557 0.1801028013023404 -0.0385675552293412 0.9828913246617468
1735977385.701675 0.0102510526509666 -0.0132669568432863 0.0798020815535956 -0.0001931445570167 0.1799452746875608 -0.0386242768931078 0.9829180159338229
1735977385.802521 0.0098431696469394 -0.0132440453200441 0.0805045123785991 -0.0004251561922963 0.1802716148507039 -0.0385817645915779 0.9828598127720614
1735977385.902555 0.0095374616993985 -0.0128652949829533 0.0805413356072756 -0.0006485717115448 0.1802829685236681 -0.0387128567567561 0.9828524534927713
1735977386.002671 0.0096925642215700 -0.0127633074637836 0.0803498148192825 -0.0007613013779173 0.1801647675998799 -0.0387176165496289 0.9828738592030054
1735977386.102564 0.0099855499113645 -0.0128960516497352 0.0804807948466232 -0.0006343227490905 0.1803318261017394 -0.0387440399994291 0.9828422709132859
1735977386.202647 0.0092907894255018 -0.0131484350011914 0.0804058819162641 -0.0005817663858284 0.1802600002519934 -0.0385020643057103 0.9828649881348012
1735977386.302536 0.0095143779639621 -0.0132547672242839 0.0803684071663541 -0.0005388373031628 0.1801825757062928 -0.0385297649726964 0.9828781238166590
1735977386.402381 0.0088734504174609 -0.0132758489097264 0.0808575167915262 -0.0006442860858798 0.1803516865211959 -0.0386403288773673 0.9828427031059694
1735977386.502717 0.0098616378891155 -0.0139424886898818 0.0802896257622746 -0.0006653377865919 0.1802381809982549 -0.0383548841939736 0.9828746910438467
1735977386.602581 0.0088338876329189 -0.0136552377900999 0.0809768647797887 -0.0005559577466976 0.1803289969375614 -0.0384439867821518 0.9828546197962192
1735977386.702632 0.0095314210060178 -0.0133606901397781 0.0809975503524306 -0.0006699005105233 0.1803992342579277 -0.0385383124791249 0.9828379652738902
1735977386.802592 0.0105740360580094 -0.0135760573275369 0.0799279963145826 -0.0005899286312454 0.1801814761046180 -0.0384425816861205 0.9828817098543838
1735977386.902671 0.0096324498377666 -0.0132122650713982 0.0804999888210709 -0.0005547495868329 0.1802282839620646 -0.0386081443779930 0.9828666588610449
1735977387.002567 0.0100118621882066 -0.0134344499582137 0.0801772253040940 -0.0008136637352994 0.1802176652036396 -0.0384903411266729 0.9828730460948796
1735977387.102467 0.0108113472772932 -0.0136036150341982 0.0802574930585914 -0.0005776307785131 0.1802836933339194 -0.0383999033187055 0.9828646415889011
1735977387.202573 0.0094985425884214 -0.0144720682907980 0.0808923825379114 -0.0006077896528517 0.1803752165424612 -0.0382312235407598 0.9828544070184427
1735977387.302577 0.0112587246638381 -0.0145586651453599 0.0800733820233229 -0.0006344024454591 0.1802456576176358 -0.0383266190514233 0.9828744430066387
1735977387.402632 0.0126221967275464 -0.0145835631319406 0.0796862355247757 -0.0007408683216907 0.1802135172164173 -0.0381716023095840 0.9828862945955331
1735977387.502555 0.0102479923681964 -0.0148344239342923 0.0801876343998021 -0.0008244950444148 0.1802524603601772 -0.0381735711334554 0.9828790104631107
1735977387.602555 0.0116714037736810 -0.0148991312620803 0.0799152491407280 -0.0008597424361520 0.1801778787315848 -0.0382121942780178 0.9828911542318352
1735977387.702510 0.0111077061810667 -0.0151328579497353 0.0793039033249799 -0.0008326003814903 0.1800909802730546 -0.0381954075010025 0.9829077558177713
1735977387.802558 0.0122929747010099 -0.0151609817878974 0.0793199118496496 -0.0008532122750273 0.1800244925756631 -0.0380968217654501 0.9829237438749053
1735977387.902568 0.0117898514680739 -0.0149192714962550 0.0797747876762092 -0.0007123946858387 0.1801652859335342 -0.0382428310467188 0.9828923888767435
1735977388.002565 0.0108152886139572 -0.0146555088399170 0.0803934862841645 -0.0007609592773591 0.1803450903104425 -0.0382641368208180 0.9828585478975367
1735977388.102512 0.0106675673236844 -0.0149930562454117 0.0806055801579516 -0.0010340189722400 0.1804322320697305 -0.0382431914752153 0.9828431201066069
1735977388.202535 0.0112424529275781 -0.0143950722850261 0.0798388537367621 -0.0010745872263572 0.1801408226746237 -0.0384025542265196 0.9828903159037033
1735977388.302534 0.0086538284216710 -0.0138240408340326 0.0800493983830184 -0.0010566257612644 0.1800513551261064 -0.0384617433326833 0.9829044141517852
1735977388.402581 0.0104843823295443 -0.0141701860062958 0.0806380851128873 -0.0009224414507145 0.1803025302090220 -0.0383635096538689 0.9828623442929494
1735977388.502569 0.0102235889997749 -0.0143317601406232 0.0810855109255076 -0.0012134642745063 0.1804091864733804 -0.0383053908466017 0.9828447232256764
1735977388.602556 0.0128827100281530 -0.0142634257734690 0.0807380174134946 -0.0009489833400263 0.1803248661627220 -0.0382035417176784 0.9828644522385793
1735977388.702542 0.0131999630921180 -0.0143055353375925 0.0801613545823163 -0.0008600385448149 0.1803816386704381 -0.0381132297270006 0.9828576226921404
1735977388.802562 0.0130418359604924 -0.0151359445771042 0.0799630555743733 -0.0006626672814241 0.1803324205558508 -0.0381308278877575 0.9828661246238656
1735977388.901488 0.0142486512548895 -0.0150464727018712 0.0801013574724067 -0.0008317652124555 0.1801301273715838 -0.0380663680232068 0.9829055890599312
1735977389.001540 0.0144614647071315 -0.0168655747502467 0.0796463741148334 -0.0010768929326317 0.1802901778153361 -0.0380614803717985 0.9828761955591524
1735977389.102592 0.0128407907053047 -0.0175477937661054 0.0787554942586067 -0.0008399747464143 0.1803369245231002 -0.0380334547087551 0.9828689355244127
1735977389.202602 0.0153231492551062 -0.0194520241540648 0.0778147973399728 -0.0009006460024866 0.1801150209489435 -0.0379410805722122 0.9829131408574985
1735977389.302593 0.0150384776375218 -0.0163591290045093 0.0782811836912813 -0.0009915082069623 0.1802206733127647 -0.0381274588202676 0.9828864749837991
1735977389.402545 0.0164345565436672 -0.0169731662316307 0.0787372223800708 -0.0007156816992363 0.1801409545494834 -0.0379082505171273 0.9829098070710441
1735977389.502553 0.0141597003329838 -0.0178742009997680 0.0789194325210459 -0.0009602581175778 0.1802662965487916 -0.0379383263835742 0.9828854580388013
1735977389.602581 0.0147923405514987 -0.0190478236350189 0.0810624882442699 -0.0011450676523036 0.1804112084571393 -0.0379073451647537 0.9828598668506444
1735977389.702450 0.0150894503704876 -0.0173768114001889 0.0785857299476268 -0.0011568999003090 0.1802953653310844 -0.0381873195732586 0.9828702719314292
1735977389.801399 0.0210635641536718 -0.0155821536171309 0.0783340989104941 -0.0013974879292081 0.1802343811470820 -0.0380768226675121 0.9828854309916100
1735977389.902476 0.0231580548494479 -0.0183021205118675 0.0776425176054068 -0.0013015343138267 0.1800903001052852 -0.0380470188947306 0.9829131264611549
1735977390.001943 0.0183652250827748 -0.0173702362198852 0.0768566853399694 -0.0012680495555038 0.1800990486458318 -0.0380804099101588 0.9829102741900022
1735977390.102562 0.0213059923598750 -0.0156490398613023 0.0773923798437662 -0.0010629850571917 0.1800294620258296 -0.0381528655579540 0.9829204554363367
1735977390.202562 0.0207193803906044 -0.0144053286148531 0.0774385890449947 -0.0009617479450584 0.1800550750041690 -0.0381750321178615 0.9829150074797585
1735977390.302533 0.0198459605319866 -0.0143161912640822 0.0737494631137461 -0.0010305898239544 0.1800972976610981 -0.0380562313178534 0.9829118091251455
1735977390.402596 0.0189404060520473 -0.0124410236680562 0.0766208881325348 -0.0009337556191693 0.1801949157530929 -0.0383306872504112 0.9828833495649881