1735978141.238444 0.0092517698940316 -0.0250917373910237 0.0435293920073299 0.0201062162608973 0.2275369604608778 -0.0046991987601900 0.9735505067652664
1735978141.337785 0.0097797654536299 -0.0244234114139760 0.0476457031462915 0.0202232938045913 0.2271673353563692 -0.0044265197579307 0.9736356741911283
1735978141.439438 0.0104732936115781 -0.0312764114048861 0.0449216952477470 0.0201735371481611 0.2275136000561294 -0.0041853100242849 0.9735569184020172
1735978141.537725 0.0149336151215215 -0.0265019540844387 0.0460059313811298 0.0200038589360732 0.2275321293942192 -0.0045462843605761 0.9735544704943379
1735978141.637711 0.0269446608618495 -0.0225991535730196 0.0468379383987539 0.0203683656712109 0.2270516333275229 -0.0043580381364669 0.9736599473054178
1735978141.738598 0.0268057075679161 -0.0245156274206615 0.0422742941356687 0.0201255845372782 0.2268795292737698 -0.0043646060113429 0.9737050838205125
1735978141.837788 0.0328766066315834 -0.0286387798934286 0.0450801748728935 0.0197702626893342 0.2267548851418450 -0.0046308771966176 0.9737401674748215
1735978141.938524 0.0254236179882939 -0.0292288110700667 0.0428408706216695 0.0199819634083729 0.2271480577899559 -0.0044981810078787 0.9736448260778761
1735978142.038820 0.0235878985905653 -0.0249070091615072 0.0477993318830288 0.0202804824716918 0.2274267123298995 -0.0044593559928491 0.9735737808166660
1735978142.138467 0.0220089210971900 -0.0268506562890280 0.0519529418405075 0.0199057761955962 0.2273979491257967 -0.0044869794622902 0.9735881058346684
1735978142.239096 0.0200528308733394 -0.0254673081474140 0.0530452975788164 0.0199951457980726 0.2273107768116144 -0.0046822447297369 0.9736057115044596
1735978142.339019 0.0180879376951807 -0.0247182525528933 0.0535270349930698 0.0201720234994674 0.2271101462346296 -0.0049377518228882 0.9736476208321765
1735978142.437667 0.0187485428499532 -0.0252916112004191 0.0548950458764896 0.0200748919721801 0.2276266277625679 -0.0047110292944050 0.9735301347409510
1735978142.537748 0.0180742434508115 -0.0249339359513333 0.0547058378549837 0.0198660755456957 0.2273715376826300 -0.0047602788569581 0.9735937872847449
1735978142.637731 0.0181224191011219 -0.0245037967193508 0.0545076387931118 0.0199923653017437 0.2272958818637843 -0.0048129710180348 0.9736086085935075
1735978142.737711 0.0181737477066612 -0.0251746032119873 0.0549534663669593 0.0200062641013620 0.2274965414174797 -0.0046759204016389 0.9735621237538923
1735978142.837702 0.0176663052492664 -0.0252342048070950 0.0549266108811757 0.0201809271662832 0.2274551601745882 -0.0046152803447463 0.9735684770348726
1735978142.937826 0.0185508745671540 -0.0254668082013058 0.0543940632478152 0.0199005882913479 0.2273662005640063 -0.0046049101153822 0.9735950761120230
1735978143.037735 0.0190501397717758 -0.0259095034252464 0.0545080429427967 0.0200006627528645 0.2275329111115312 -0.0044675613788616 0.9735547179002751
1735978143.137748 0.0185168549454629 -0.0255575144416960 0.0550912326962285 0.0197435625622093 0.2275492965926810 -0.0045760265585503 0.9735556323798161
1735978143.237655 0.0181394172976242 -0.0260634675543396 0.0552980085629092 0.0197715020364178 0.2276275607801087 -0.0043961072545858 0.9735375984118581
1735978143.337781 0.0189063461642009 -0.0254160702330721 0.0544668399849989 0.0198071408116552 0.2274405232156015 -0.0045768520505796 0.9735797543075698
1735978143.437852 0.0174731261997184 -0.0250571252567515 0.0554371281261596 0.0197197389894401 0.2274944559616117 -0.0046787587589396 0.9735684432115671
1735978143.537752 0.0186650256225135 -0.0253877829171334 0.0544625098057041 0.0198542419716433 0.2273117956596629 -0.0046273327894866 0.9736086197343193
1735978143.637803 0.0195555887283803 -0.0252276570723731 0.0541398685754432 0.0201304617670615 0.2273060364704216 -0.0045144463760113 0.9736048223314584
1735978143.737842 0.0195561595715057 -0.0252140298425232 0.0548277970441478 0.0198569008741807 0.2274877018544876 -0.0045587995308021 0.9735678026411282
1735978143.837714 0.0199352617369448 -0.0246364478420389 0.0545142539546457 0.0197273250064261 0.2275081939028182 -0.0046776331111540 0.9735650846777765
1735978143.937534 0.0198161548600436 -0.0243715114762372 0.0548899796313019 0.0198976223786495 0.2275078962255055 -0.0047395275840612 0.9735613892595583
1735978144.037695 0.0196315357871925 -0.0244027929852623 0.0548361381195745 0.0200946904230272 0.2276009097104926 -0.0046882093320914 0.9735358493702312
1735978144.137536 0.0199209283128964 -0.0246834313992658 0.0544844528047202 0.0198715311874927 0.2274941948359412 -0.0046371613292104 0.9735656168430652
1735978144.237726 0.0171270054219542 -0.0257485835695343 0.0552579737979148 0.0198487207687927 0.2274732596456179 -0.0046413920199439 0.9735709537112112
1735978144.337585 0.0155713301253335 -0.0259440678272561 0.0567897481710308 0.0198785869651450 0.2275948456951768 -0.0047548138379816 0.9735413805990087
1735978144.437621 0.0186691456552396 -0.0249004036126402 0.0549931934658289 0.0197980472648783 0.2274886824440029 -0.0046205356844362 0.9735684810707350
1735978144.537900 0.0172601029363794 -0.0252464754282483 0.0570253561434577 0.0197996424771325 0.2278020942262256 -0.0047107547000721 0.9734947297310239
1735978144.637754 0.0178742083094512 -0.0259946442488480 0.0566071718827436 0.0198487310892510 0.2276657587090508 -0.0045239303137200 0.9735265092641778
1735978144.737739 0.0205291377829139 -0.0246147721598575 0.0554966452550528 0.0197957874714973 0.2274932820657739 -0.0045284260398498 0.9735678850346942
1735978144.837758 0.0230000209649028 -0.0240511010375412 0.0543584105019183 0.0198087272280417 0.2273393851305770 -0.0045250339267773 0.9736035858407763
1735978144.937659 0.0199134244364697 -0.0244913758005664 0.0549895726040743 0.0199029848360119 0.2273322555689299 -0.0044581564088671 0.9736036368122268
1735978145.037752 0.0210007803009347 -0.0239513132960308 0.0553936386215880 0.0198585527161947 0.2274760466254582 -0.0046637381927614 0.9735699952452007
1735978145.137881 0.0237856110780785 -0.0235633614693707 0.0547865412727063 0.0197155334190625 0.2274536396041937 -0.0045983342149476 0.9735784482491666
1735978145.238038 0.0201691670169049 -0.0251660778546582 0.0551581711967033 0.0199445362003612 0.2276451885459839 -0.0046844471733943 0.9735286023339507
1735978145.337777 0.0195730773233903 -0.0241923418080840 0.0551068507092603 0.0200665565233513 0.2276171609696105 -0.0044921259025149 0.9735335547100089
1735978145.437572 0.0201583908103858 -0.0241710987849847 0.0561894743160728 0.0196802192418418 0.2276885831885191 -0.0046715764186179 0.9735238951509938
1735978145.537710 0.0182451742948424 -0.0253542758898934 0.0571102847228640 0.0197096917520371 0.2280207920865288 -0.0046153239084662 0.9734458101057766
1735978145.638081 0.0185983087724962 -0.0255006455240270 0.0560131034273775 0.0197449805928742 0.2277745058767016 -0.0046554712237237 0.9735025612712565
1735978145.738005 0.0200197214362907 -0.0251507932194877 0.0576828502196287 0.0198797626349818 0.2276328694245545 -0.0045054671605424 0.9735336525055444
1735978145.837793 0.0216932809942131 -0.0235940769331064 0.0558878273816034 0.0199125105014261 0.2277254776652361 -0.0047259777014168 0.9735102792895596
1735978145.937803 0.0213152490069526 -0.0249209862605282 0.0549700920367808 0.0198185009925447 0.2279157201876750 -0.0044576775257937 0.9734689417854161
1735978146.037730 0.0208903890914598 -0.0277042181734963 0.0565488309093942 0.0195606474089935 0.2274800097737433 -0.0045187461187406 0.9735757839838628
1735978146.137698 0.0233878190995164 -0.0257649668117038 0.0546613889898421 0.0196121336230290 0.2278081923993354 -0.0047154317653701 0.9734970756986207
1735978146.237824 0.0237829474829082 -0.0244101245088590 0.0551977890310151 0.0196603437889871 0.2274813506949820 -0.0049019248930534 0.9735716086146043
1735978146.337704 0.0191860775736048 -0.0245941766701291 0.0571406674663905 0.0196954608202238 0.2274981059365121 -0.0046892813123591 0.9735680311406864
1735978146.437729 0.0229431260124863 -0.0253090871926044 0.0571513542485961 0.0198774510441231 0.2283191781897789 -0.0046295676841837 0.9733723886128012
1735978146.537765 0.0230107157083912 -0.0234444063196925 0.0559494934761444 0.0199987293170294 0.2274690007066233 -0.0046012933537638 0.9735690692717733
1735978146.637789 0.0214357363393691 -0.0225753739814284 0.0583062617119217 0.0199330650872245 0.2282499356036079 -0.0047089146283512 0.9733871100113256
1735978146.737724 0.0203589784854290 -0.0221500117900210 0.0588208824757119 0.0199113445230678 0.2274182457658522 -0.0046021282707634 0.9735827136239866
1735978146.837740 0.0208907132824523 -0.0244886376380003 0.0596865563328851 0.0199122995363446 0.2283807545971016 -0.0045411454276213 0.9733576471446858
1735978146.937709 0.0199117633570646 -0.0235219751887032 0.0582451497406568 0.0199368835421409 0.2276826109485280 -0.0045860833892149 0.9735204759970052
1735978147.037796 0.0184275257446925 -0.0223187495092052 0.0597753329007558 0.0197777287108040 0.2277819517614388 -0.0046439195948171 0.9735002095066999
1735978147.137775 0.0230337197870349 -0.0236900975655118 0.0576660385247801 0.0199373071719383 0.2280342493842084 -0.0045857703233182 0.9734381621865120
1735978147.237814 0.0245537785637259 -0.0225647137519562 0.0587301860060893 0.0198488024900190 0.2278974716114643 -0.0047183164143666 0.9734713683324375
1735978147.337713 0.0230809199071376 -0.0230980327999308 0.0580481048490574 0.0197923335035097 0.2278151665854914 -0.0045778612796442 0.9734924532805661
1735978147.437559 0.0211102711766554 -0.0235782882283002 0.0578528110624643 0.0198715862536157 0.2276854393966143 -0.0046612758977217 0.9735207924094591
1735978147.537555 0.0231580851362373 -0.0221730029829159 0.0559255197869352 0.0198172443198000 0.2276702010594291 -0.0045699753514467 0.9735258967805713
1735978147.638012 0.0248327420888370 -0.0256568699165490 0.0585942447826697 0.0196739238891185 0.2278264999044663 -0.0045336055314957 0.9734924083324791
1735978147.737695 0.0247726065338465 -0.0229574817599313 0.0610190489895949 0.0196871260499410 0.2275425286831701 -0.0046634596624942 0.9735579422162499
1735978147.837855 0.0255943031332325 -0.0223577113473199 0.0571553291738135 0.0198427975885044 0.2274570673429219 -0.0046839499800813 0.9735746537950767
1735978147.937783 0.0219270794024294 -0.0247322507736311 0.0632039510848710 0.0195593418827624 0.2279930788933891 -0.0046964933325973 0.9734549455789944
1735978148.037817 0.0202335742667242 -0.0250305508517460 0.0594777065211959 0.0195996313585104 0.2276914180488228 -0.0044570100547941 0.9735258638880111
1735978148.137746 0.0228910044272568 -0.0237974018924382 0.0581761580086553 0.0198427886473376 0.2276719862718727 -0.0046074128333464 0.9735247825056640
1735978148.237689 0.0181497035474184 -0.0250511638926231 0.0602399269579578 0.0196011946477508 0.2277613502622744 -0.0045097014671941 0.9735092311261170
1735978148.337822 0.0234877903911427 -0.0214028551395785 0.0584719757001678 0.0197027357260228 0.2275692124136173 -0.0046391700998451 0.9735515055029914
1735978148.437467 0.0224662267076223 -0.0225450190522486 0.0620630574892181 0.0197710362370109 0.2277258500731891 -0.0045531435015690 0.9735138993454652
1735978148.537441 0.0256129922237190 -0.0235800305947951 0.0589142381669206 0.0197050728356113 0.2275912724430681 -0.0045805789350125 0.9735465788080756
1735978148.637743 0.0233914226275812 -0.0243323558053035 0.0610108149875428 0.0196498306437989 0.2276377973128092 -0.0047358849746540 0.9735360747212962
1735978148.737500 0.0234692217652690 -0.0231463170827345 0.0613657558904913 0.0197168978200569 0.2276787726350916 -0.0044617112616918 0.9735264318776090
1735978148.837719 0.0241822582558371 -0.0231652272452719 0.0582433956756603 0.0197282827491988 0.2275665217520979 -0.0045425034163884 0.9735520729268321
1735978148.937818 0.0249524401363961 -0.0267521765519630 0.0611282034124984 0.0195364066651808 0.2276263810874393 -0.0045562380620615 0.9735418841233131
1735978149.037613 0.0243354642994691 -0.0272183620009086 0.0610869108457297 0.0195077913884762 0.2276924381541179 -0.0046716663923489 0.9735264635415392
1735978149.138708 0.0263257095962074 -0.0233277321119151 0.0612509809684396 0.0197202991830104 0.2275661041631966 -0.0047455029606249 0.9735513639442802
1735978149.237901 0.0241929795508859 -0.0269183587801960 0.0587876666656209 0.0196984324112927 0.2273741830747894 -0.0045627186040195 0.9735975216846798
1735978149.337761 0.0227618380195281 -0.0242187746602820 0.0625524111695134 0.0196280194710463 0.2276635831589372 -0.0045772366250473 0.9735312438025583
1735978149.437696 0.0272440139714836 -0.0221143486701186 0.0604734157673669 0.0197136690163746 0.2277309443081897 -0.0045384743394643 0.9735139395556096
1735978149.537507 0.0255585120815895 -0.0239778703102217 0.0590084063411429 0.0196341825427386 0.2276525391505680 -0.0044720554021787 0.9735341909838902
1735978149.637785 0.0250103001276414 -0.0252687422406254 0.0594559952718888 0.0196548069910979 0.2276612854615274 -0.0045530151573489 0.9735313542547690
1735978149.737528 0.0285634819197694 -0.0233090217252293 0.0612077085917431 0.0196879045564025 0.2277432611145127 -0.0047056491963709 0.9735107859170056
1735978149.837754 0.0273766835711667 -0.0216459728205860 0.0611396587063026 0.0197786360426639 0.2276613886696598 -0.0046868559479229 0.9735281870837728
1735978149.937817 0.0273234343624114 -0.0232261839999133 0.0611864357982905 0.0197659418841555 0.2277082309444161 -0.0046251346821521 0.9735177847531954
1735978150.037799 0.0279723733324157 -0.0211845911173537 0.0606748639575507 0.0196094807432107 0.2276440951193638 -0.0046863834182851 0.9735356552446985
1735978150.137800 0.0236315399753605 -0.0222650407691324 0.0624979642543785 0.0196119003266948 0.2277056649005834 -0.0047705454641531 0.9735207986652025
1735978150.237745 0.0276719845381646 -0.0210236210061454 0.0609673336427160 0.0196770519292898 0.2276113253368510 -0.0047785458100279 0.9735415058977793
1735978150.337709 0.0267846322941912 -0.0210789159573470 0.0625109539838543 0.0198737896027325 0.2277444786012046 -0.0047759971477993 0.9735063814915320
1735978150.437789 0.0247688040666299 -0.0213041126249229 0.0618162209302910 0.0196780314192710 0.2277097711173897 -0.0047664620975271 0.9735185237355275
1735978150.537798 0.0265903599729686 -0.0207703822455723 0.0630315484054358 0.0196399431396083 0.2277251403133821 -0.0048691920746251 0.9735151894404442
1735978150.637714 0.0280020283027292 -0.0195384009408410 0.0640573459825688 0.0197356969566208 0.2276451760737741 -0.0047297385131049 0.9735326423133303
1735978150.739537 0.0235532220764213 -0.0191586425708806 0.0643432634053845 0.0197231168753868 0.2277819720403392 -0.0046664901911088 0.9735012047981402
1735978150.837752 0.0247179493986079 -0.0212352005744554 0.0644384963351505 0.0196193589926314 0.2279328418340512 -0.0047356121642452 0.9734676544927426
1735978150.938845 0.0260089069538102 -0.0218974341025823 0.0615040824028679 0.0198528393371589 0.2276512168659167 -0.0046870667114250 0.9735290543354950
1735978151.037743 0.0237938200457801 -0.0213037534333026 0.0616553026460851 0.0198143042945493 0.2276972593762834 -0.0046385919228743 0.9735193038059521
1735978151.137810 0.0256029746056408 -0.0237034722680697 0.0618595910540353 0.0197253411372098 0.2275839872809819 -0.0045836015903249 0.9735478571938680
1735978151.237590 0.0254470877321661 -0.0241024275042620 0.0617455012094320 0.0196501746542627 0.2276924962987523 -0.0045836247929044 0.9735240049167033
1735978151.337734 0.0209742414887884 -0.0241231953186335 0.0629175522531946 0.0197273301205096 0.2278326116619579 -0.0042876537748905 0.9734910115325743
1735978151.437764 0.0210013298398037 -0.0269980911882623 0.0614937967501513 0.0195836634154605 0.2278694561064342 -0.0046583953562710 0.9734835850971976
1735978151.537804 0.0231959049052731 -0.0251472445676418 0.0617040164852869 0.0194352062520209 0.2277839213700333 -0.0046329852910429 0.9735066991913950
1735978151.637783 0.0264238304679758 -0.0217533029856587 0.0619112405961226 0.0196293777841039 0.2277426003448241 -0.0047294913434193 0.9735120068225247
1735978151.737751 0.0276530236741037 -0.0226926700220801 0.0620159245480946 0.0196345698810644 0.2276482375507161 -0.0047082196357740 0.9735340755584777
1735978151.837730 0.0278463250238618 -0.0242658138462478 0.0631838154380181 0.0195643212662069 0.2277025189371277 -0.0046166191074987 0.9735232339451874
1735978151.937758 0.0285097882821861 -0.0241880675405822 0.0649722707921937 0.0195984163169886 0.2278871011283986 -0.0046195265312600 0.9734793429712766
1735978152.037511 0.0268009859427571 -0.0230886280633354 0.0633442306404754 0.0195991181979306 0.2277201990209815 -0.0047470529719284 0.9735177712870935
1735978152.137756 0.0274364944374904 -0.0243554800809285 0.0638782297459380 0.0193686640990082 0.2277343410854452 -0.0046618347065223 0.9735194872413018
1735978152.237804 0.0301402936845027 -0.0214198296602774 0.0625741751828143 0.0197188550889021 0.2275962908547210 -0.0046562838899908 0.9735447674162149
1735978152.337830 0.0301154548590601 -0.0226123997478425 0.0636057845869940 0.0199312040581083 0.2275982896274544 -0.0046786793907667 0.9735398685326707
1735978152.437764 0.0315501349554752 -0.0230992890872634 0.0617669618787021 0.0197070922578875 0.2276297567557562 -0.0045907773991522 0.9735374924043377
1735978152.537752 0.0299181512811183 -0.0236657331689325 0.0638909976808203 0.0198016094521249 0.2276991325186001 -0.0045638195534203 0.9735194773934759
1735978152.637787 0.0317020382924666 -0.0244812177086758 0.0627377016861627 0.0197545160808144 0.2276271902024571 -0.0045557655699271 0.9735372958315562
1735978152.737787 0.0304736684605773 -0.0262095845373997 0.0653347472464498 0.0196883033497263 0.2276547562721422 -0.0045852279792262 0.9735320530636161
1735978152.837586 0.0307319997171788 -0.0229614180571438 0.0643113774866513 0.0196358680435637 0.2277249642078977 -0.0047251630510785 0.9735160225681077
1735978152.937686 0.0266502031192809 -0.0245414631845521 0.0648263368181666 0.0195962540442588 0.2278720302691952 -0.0046800217328187 0.9734826254458824
1735978153.039660 0.0236638114683254 -0.0244312659584707 0.0664734808252524 0.0196146060042213 0.2278240332507395 -0.0046138284783562 0.9734938056769737
1735978153.137803 0.0273960740760250 -0.0230222097639991 0.0625484081499273 0.0195606540230642 0.2277686221109165 -0.0046175657195883 0.9735078395589375
1735978153.237557 0.0283635686908152 -0.0220364262611063 0.0622209700575380 0.0195743515402878 0.2276492736031906 -0.0047137484240128 0.9735350191777962
1735978153.337718 0.0249117383502274 -0.0252194288752424 0.0653456412319762 0.0196212291445743 0.2278033102699112 -0.0045525507009685 0.9734988102093611
1735978153.439434 0.0240279020568012 -0.0267166267656452 0.0649240353405667 0.0196255609483888 0.2277692514422932 -0.0045463879838690 0.9735067209892179
1735978153.537781 0.0249490070902880 -0.0228816285688648 0.0647217471230486 0.0196649437219255 0.2279250909827711 -0.0046151318814441 0.9734691281425549
1735978153.637798 0.0282859294324135 -0.0237568059480923 0.0660366776050479 0.0195309327127352 0.2277408495277382 -0.0047864389151162 0.9735141180929358
1735978153.737831 0.0268856939424808 -0.0261478942938863 0.0634983657097671 0.0194927038510095 0.2277371301760788 -0.0045079323655523 0.9735170838673187
1735978153.837823 0.0291290820548857 -0.0231481381514052 0.0638330765763593 0.0196647314347579 0.2275615004040538 -0.0045422822928513 0.9735545334202017
1735978153.937770 0.0267936671078427 -0.0241097163243017 0.0649370313594167 0.0195730167156125 0.2276618863167480 -0.0046282269325718 0.9735325069307195
1735978154.037774 0.0249067122193728 -0.0227779534122635 0.0674621805630812 0.0194882038455189 0.2276998269022687 -0.0047242134467461 0.9735248741284744
1735978154.137830 0.0289700827213236 -0.0234981011033077 0.0671766988329986 0.0194371248233047 0.2278775680249296 -0.0045379170840906 0.9734851922233768
1735978154.237788 0.0273863222823827 -0.0227021889123217 0.0679034096005117 0.0195047376829526 0.2278459147799209 -0.0045903638687551 0.9734910029813182
1735978154.337775 0.0261920427600691 -0.0252574103264506 0.0664829538184472 0.0194577991169992 0.2276776796320309 -0.0046211556410389 0.9735311567543374
1735978154.437782 0.0271391486494887 -0.0220389569575708 0.0651947324138912 0.0196976317122646 0.2277349257169491 -0.0046243329178921 0.9735129287578508
1735978154.539511 0.0282987370806316 -0.0204289127810870 0.0630179523866740 0.0198255677049445 0.2274204181217679 -0.0047046483875414 0.9735834666683933
1735978154.637722 0.0242282391424722 -0.0231196802301980 0.0682489229055740 0.0195925455519407 0.2277188164776633 -0.0047139218919164 0.9735183879728232
1735978154.737786 0.0294736725726973 -0.0230854431783372 0.0658854138479275 0.0194477212022972 0.2277642586776060 -0.0046450544195877 0.9735109922741074
1735978154.837723 0.0271873459075772 -0.0208979141952936 0.0646729437716557 0.0194100099414966 0.2277388731580541 -0.0048681970572756 0.9735165935022281
1735978154.939564 0.0277725518318522 -0.0216837496521832 0.0666829785040511 0.0195640493491817 0.2277398998186165 -0.0046894383646983 0.9735141473915483
1735978155.037810 0.0260967581655560 -0.0257963421271234 0.0661320784560375 0.0194278018218932 0.2277850009468142 -0.0046422180807201 0.9735065503998009
1735978155.137726 0.0313858898445946 -0.0229906793326593 0.0665609170080672 0.0194145612827783 0.2277858042335891 -0.0047471691951144 0.9735061204658588
1735978155.237761 0.0274684388819519 -0.0233621562259427 0.0660176487571658 0.0194521903868959 0.2277416284890060 -0.0047015234729232 0.9735159262278974
1735978155.337783 0.0287083656374245 -0.0261952244938577 0.0682405017227775 0.0193335314186825 0.2278278704348852 -0.0046306698553745 0.9734984503904864
1735978155.437697 0.0268314057520132 -0.0233730173727274 0.0656318920382187 0.0196047050000472 0.2276907496699975 -0.0046700765699676 0.9735249192708970
1735978155.537802 0.0265965770903286 -0.0204449752883510 0.0683862822669404 0.0195935728188471 0.2277194606620085 -0.0046507996655104 0.9735185202154439
1735978155.637721 0.0271705277464851 -0.0224746324439156 0.0690499839879949 0.0195462013639845 0.2279492726997567 -0.0047728007701906 0.9734650971969661
1735978155.737691 0.0237593960029101 -0.0228069443594160 0.0700169611804473 0.0193108955078296 0.2279412805021876 -0.0048249316988733 0.9734714078964055
1735978155.837689 0.0230976616469639 -0.0241609103941708 0.0690763288376942 0.0194207302367016 0.2279812113535635 -0.0046723742628413 0.9734606162683640
1735978155.937655 0.0229382148494330 -0.0211334392449093 0.0687397089281961 0.0195737312756049 0.2280256253736131 -0.0046367068740182 0.9734473196667027
1735978156.037725 0.0248009361148878 -0.0205287591614272 0.0691151613501553 0.0195271539788133 0.2279427363949035 -0.0046801053669404 0.9734674600601941
1735978156.137711 0.0274284704478052 -0.0232081571860999 0.0705024584096492 0.0195778593140256 0.2278889288224765 -0.0044614220492394 0.9734800661842662
1735978156.237677 0.0284299815709997 -0.0214815256206995 0.0673361369555359 0.0196787591339635 0.2277696300933823 -0.0046697390168985 0.9735049746064914
1735978156.337775 0.0312417263301077 -0.0246698661857104 0.0686267545552606 0.0195001494282703 0.2278310061890294 -0.0044910582400988 0.9734950473356573
1735978156.439397 0.0262979598878915 -0.0207558856349796 0.0668573766582734 0.0195685781371932 0.2280736853574622 -0.0047975478944802 0.9734353847746413
1735978156.539468 0.0279957407793178 -0.0220471633065593 0.0668290061620154 0.0195707558945622 0.2276930912565039 -0.0047207765339439 0.9735248101495356
1735978156.637651 0.0281724851616145 -0.0213670915468283 0.0691809795224356 0.0194027622493845 0.2278141671898244 -0.0047672788761946 0.9734996204913576
1735978156.737692 0.0281482281120589 -0.0198644460808602 0.0660917242951877 0.0194950888738894 0.2276024952544162 -0.0047961714816251 0.9735471444171985
1735978156.837816 0.0245925615282352 -0.0186383418083987 0.0637726193762240 0.0196471768757825 0.2277968599781450 -0.0048344303666241 0.9734984372395979
1735978156.937788 0.0259831415220990 -0.0190765960229561 0.0655856023262787 0.0196244246981128 0.2275486426952994 -0.0047599986763369 0.9735573119110126
1735978157.037757 0.0276482083493883 -0.0188224515261628 0.0646934999053328 0.0197058353194194 0.2274512968490652 -0.0047330499960485 0.9735785463195958
1735978157.137687 0.0291449837302698 -0.0215364242145153 0.0651630773779357 0.0194932874976776 0.2274593269177621 -0.0048063500953079 0.9735805900588882
1735978157.239484 0.0260379830940463 -0.0218352651374743 0.0655551908622343 0.0196538513213070 0.2272830279220112 -0.0047889364803355 0.9736186201147908
1735978157.339331 0.0242112779391356 -0.0226354717914101 0.0679765455531952 0.0196096621346805 0.2274809748966150 -0.0047807529616229 0.9735733211279822
1735978157.437787 0.0270060284227508 -0.0193267114956374 0.0685285006138810 0.0195519242899980 0.2280170115723453 -0.0048201017419090 0.9734488847953819
1735978157.539357 0.0274290029400190 -0.0229265704512710 0.0670465486111988 0.0196594572461748 0.2279537108671033 -0.0046540468864493 0.9734623522716642
1735978157.639491 0.0263056685586955 -0.0237369505895021 0.0669304186748494 0.0196536890516820 0.2274811894065464 -0.0046641457701079 0.9735729488420876
1735978157.739346 0.0291457846194312 -0.0252890966586947 0.0656760688371904 0.0195008936866446 0.2287284404878587 -0.0045455664063461 0.9732843127696347
1735978157.837803 0.0264580511428635 -0.0245889897851170 0.0653585759277192 0.0195151575428092 0.2273575090752573 -0.0046600515476079 0.9736046454350695
1735978157.937782 0.0274991881518703 -0.0259978318153397 0.0660011691896339 0.0195009377526064 0.2280686844928149 -0.0046602796998119 0.9734385806888924
1735978158.037574 0.0277630566387324 -0.0233359695892311 0.0655525992463432 0.0194762665162379 0.2283508463341001 -0.0047904135822820 0.9733722915507712
1735978158.139389 0.0247059135767329 -0.0221733280725908 0.0680076346920021 0.0195720354282609 0.2283049621122245 -0.0048010607123053 0.9733810813449003
1735978158.239520 0.0262159764026696 -0.0242769773257346 0.0690937356369590 0.0194290205850056 0.2278228890233085 -0.0046978326582084 0.9734973933013360
1735978158.338417 0.0265163363499093 -0.0212217290732427 0.0664329072270891 0.0194358905078884 0.2273324141000543 -0.0048273491892806 0.9736112757971797
1735978158.437713 0.0227752943448660 -0.0215511532857262 0.0679175183061587 0.0194636948774338 0.2281061084459581 -0.0050395171459256 0.9734286677195690
1735978158.537806 0.0204540216681510 -0.0203132766614696 0.0705267912104942 0.0194427890932284 0.2278554672917345 -0.0048891678560453 0.9734885515583720
1735978158.637575 0.0233556278498728 -0.0218919126570235 0.0693283949746081 0.0198592492523191 0.2283965723276946 -0.0045732720759050 0.9733548690742828
1735978158.737781 0.0241525951789636 -0.0215006464845696 0.0686634053634137 0.0210526001816618 0.2271700102817459 -0.0045717465547146 0.9736168001773707
1735978158.839564 0.0253070432234262 -0.0196158957714118 0.0738875690498026 0.0247777890445567 0.2257788737710429 -0.0054932179733606 0.9738479274943496
1735978158.937689 0.0243999173141000 -0.0274581497054637 0.0947584520394893 0.0224381121301903 0.2115444169603033 -0.0145378248368580 0.9770026317395318
1735978159.037694 0.0328315746900083 -0.0291887953782857 0.1349358433373991 0.0204981725105939 0.2030758866881260 -0.0271246683033387 0.9785725632465848
1735978159.137456 0.0363759949870457 -0.0342754975969671 0.1727632717979098 0.0169728960472644 0.2192292820987813 -0.0377865705988646 0.9747936282888798
1735978159.237793 0.0335841195829148 -0.0314921157680369 0.2174553303474238 0.0105121014958099 0.2388459361926149 -0.0438924292132002 0.9700080252988527
1735978159.339430 0.0255996114916052 -0.0188755279783935 0.2718000614961283 0.0014944134104076 0.2438592680118044 -0.0460119856978535 0.9687173588335488
1735978159.439625 0.0208505673518229 -0.0057040603921425 0.3372648481652132 -0.0073597853222407 0.2495696402212015 -0.0441203802833307 0.9673232243069143
1735978159.537685 0.0226674315564342 0.0102511156804879 0.4012235001742672 -0.0047358450601765 0.2618667530430890 -0.0409589412210449 0.9642228687167126
1735978159.637792 0.0318083399947411 0.0287162545976031 0.4695799174355361 0.0021550437499417 0.2716900560202715 -0.0374713320722454 0.9616526236218925
1735978159.737764 0.0449649267126396 0.0568359220872047 0.5398427535185908 0.0079853077226382 0.2885962072156577 -0.0348068856077818 0.9567846909078337
1735978159.838606 0.0737692325591459 0.0950413325018371 0.6082379651063891 0.0080556030087324 0.2868130342588704 -0.0370165880114242 0.9572372552566987
1735978159.939504 0.1046805918699003 0.1429120521537313 0.6661828407977629 0.0095529220735147 0.2754240364879368 -0.0420852308579162 0.9603536719085241
1735978160.038653 0.1407922139369634 0.1913613155846154 0.7039928271329065 0.0131285765001591 0.2759241069535145 -0.0582618267242593 0.9593222019883295
1735978160.137790 0.1798028256464769 0.2334516436707580 0.7282970073204038 0.0316914567880789 0.2931429566856157 -0.0629884861164343 0.9534648966422541
1735978160.239349 0.2278600529540385 0.2709193345323293 0.7410014569046743 0.0411110624087600 0.3030508923173148 -0.0707661925689536 0.9494536235133322
1735978160.339350 0.2916535633123052 0.2986751307796269 0.7430110209844848 0.0447626547394729 0.3099532151152764 -0.0807821398269189 0.9462555442719277
1735978160.437831 0.3824696656911156 0.3132677483582331 0.7320850604446104 0.0494525304767324 0.3189572363086461 -0.0901356198879674 0.9421763628234421
1735978160.537805 0.5010033128037029 0.3208203992432498 0.7327693800735632 0.0501831060285069 0.3066546499234275 -0.0987627826897275 0.9453520478134342
1735978160.637720 0.6281570484696467 0.3150883490514684 0.7530379420243697 0.0624146300908616 0.2848919179655864 -0.0997967234796708 0.9513052207421301
1735978160.737750 0.7644567419414839 0.2977245131116368 0.7857975079743612 0.0725693453135551 0.2694172836466118 -0.1011204276814015 0.9549464259835594
1735978160.837691 0.9017131006363195 0.2657533348469168 0.8151276711892914 0.0860489582218865 0.2742433101476283 -0.1061046920599378 0.9519075469556200
1735978160.937654 1.0468833418150858 0.2187748952733339 0.8456987894981370 0.0932786832080731 0.2646929884845330 -0.1191868992176261 0.9523818520745669
1735978161.037815 1.1995988399914246 0.1504915168924298 0.8554677747246120 0.1046644087947284 0.2371508340541723 -0.1445528950064447 0.9549394242486360
1735978161.137730 1.3425887651391606 0.0488937029770504 0.8812042580119541 0.1140212514327355 0.2058292242016251 -0.1951616962418681 0.9521267757007293
1735978161.239382 1.4684052889011396 -0.0713838711809227 0.8924314218800768 0.1188882633849909 0.1918058993287300 -0.2512479368931654 0.9412494632237121
1735978161.337713 1.5971646763067513 -0.2002037594142943 0.8856281678061386 0.1298812137843632 0.2094471927688045 -0.2870450442279205 0.9256715866501246
1735978161.437670 1.7154245590414090 -0.3353955166357561 0.8713536076214256 0.1360854317259215 0.2133329680421094 -0.3119942696599430 0.9157670968743487
1735978161.537675 1.8211889433877251 -0.4753164542987827 0.8617681569777726 0.1465557649950990 0.2080821501966190 -0.3228792780958730 0.9115767648928645
1735978161.637734 1.9176388869934782 -0.6154825980390936 0.8696091423283931 0.1560266913297217 0.2058508701240586 -0.3351474950170433 0.9060669111305572
1735978161.737706 1.9904474539702899 -0.7635894357763789 0.8831296104256914 0.1619153138644624 0.1985985295762113 -0.3612409596897460 0.8965751637362988
1735978161.837678 2.0686133937036231 -0.9284357690068683 0.8891998211795658 0.1715300189719376 0.1973617916578114 -0.3839247707020787 0.8855662291587578
1735978161.937539 2.1325277680285297 -1.1099867998303328 0.8839500249495682 0.1677510024315949 0.1736796468871932 -0.4247001345817876 0.8725392696758962
1735978162.037761 2.1716524951954437 -1.3020636503073291 0.8913732438676568 0.1687121474726122 0.1482446914508785 -0.4827155838833567 0.8464900400051754
1735978162.137791 2.1997926434847819 -1.4929078857323868 0.8959916826320788 0.1763177878299524 0.1475935495657026 -0.5383191736235168 0.8107654711016267
1735978162.237722 2.2101165660464730 -1.6882567315187107 0.8862581961428414 0.2015399285612836 0.1599175660198329 -0.5773871234568969 0.7748755635197018
1735978162.337785 2.2174761016582738 -1.8801832248770953 0.8613837697108989 0.2113887406366025 0.1590218529896724 -0.6088069746056217 0.7479177215946633
1735978162.437791 2.2234256761429334 -2.0521231106475484 0.8522723899159718 0.2031222511821534 0.1489344052364026 -0.6266947551784414 0.7374371687428065
1735978162.538463 2.2317759097324954 -2.2230003189287650 0.8461982626608299 0.2076864551061422 0.1634516935515429 -0.6359309068494389 0.7250805210142025
1735978162.637698 2.2387307466452970 -2.3915049555789287 0.8456643318493187 0.2221648923734224 0.1837093612984669 -0.6333049738953154 0.7182050133544524
1735978162.737745 2.2398208148966696 -2.5714824829903500 0.8377248326947208 0.2372785702564601 0.1856791576550854 -0.6308497656685180 0.7150179743653471
1735978162.837684 2.2284734684553977 -2.7625218109025704 0.8270502399327271 0.2339505663478502 0.1616021238317487 -0.6488245332976532 0.7058176896831582
1735978162.937780 2.1877739107179828 -2.9603540185906589 0.8263828394833579 0.2309766720727478 0.1461956897502432 -0.6851539393361827 0.6751597415936168
1735978163.039313 2.1270125315675839 -3.1626107387771532 0.8326070239890949 0.2408952872597335 0.1496709676141932 -0.7179955409645001 0.6356496402772336
1735978163.139381 2.0516736924494783 -3.3614903179102762 0.8271762677359696 0.2588307621123106 0.1531624566769406 -0.7396776898677258 0.6020172867625890
1735978163.237779 1.9867665068241107 -3.5636978387657945 0.8236752850866076 0.2516135092416572 0.1439594878603720 -0.7598083699344245 0.5819429085397216
1735978163.337751 1.9360807145131405 -3.7652980558893931 0.8250987260971973 0.2458024560678712 0.1332241100844260 -0.7610217765190773 0.5853873459060781
1735978163.437748 1.8954012387612651 -3.9682307181531602 0.8300756794918506 0.2501188647859309 0.1363624117876122 -0.7494651157748909 0.5976185124025127
1735978163.537758 1.8591701852934328 -4.1735998465096937 0.8354637276874137 0.2590517920997086 0.1422152063344554 -0.7349631663477565 0.6103246252686005
1735978163.637706 1.8147735599797459 -4.3751928038010188 0.8458971943400947 0.2532195282025937 0.1389788613204505 -0.7367684890386085 0.6113402818420303
1735978163.737759 1.7447363725209133 -4.5784668526793508 0.8521641076060951 0.2419848307994152 0.1231349022161123 -0.7621019394393601 0.5877769742189404
1735978163.837812 1.6668503714809149 -4.7672461966796442 0.8565485956882954 0.2379167724297402 0.1334341154954382 -0.7871696460595852 0.5531318961522583
1735978163.937718 1.5844706963728481 -4.9557460701224159 0.8461721096050051 0.2714987927912981 0.1487015129481485 -0.7924349200794119 0.5255693703009487
1735978164.037788 1.5130253909467677 -5.1465003166767627 0.8413996500366335 0.2600306770718815 0.1419669421379177 -0.8040616392500691 0.5154748438168830
1735978164.137745 1.4558124233651886 -5.3278592923245256 0.8427875060678028 0.2399328985655694 0.1450271324840313 -0.8069531596955477 0.5198326010234018
1735978164.237684 1.4146867921614108 -5.5096825031457977 0.8542657092450279 0.2432726971499131 0.1548664027812747 -0.7991066214282065 0.5275067769238531
1735978164.337721 1.3797302735617050 -5.6896819257774363 0.8660327767185103 0.2560480461516773 0.1626289063283440 -0.7816495939884025 0.5449909624077457
1735978164.437810 1.3426920020283770 -5.8731090883167720 0.8674432494980224 0.2439869465451501 0.1553574649754902 -0.7738660354741458 0.5634410236497619
1735978164.539422 1.2975977753706034 -6.0584092390683901 0.8716996016249386 0.2264858012942086 0.1347040926297762 -0.7864154261135163 0.5586678501682422
1735978164.637666 1.2366108531867746 -6.2432201064858104 0.8795193581190386 0.2214009948509507 0.1255899975555238 -0.8050405836423542 0.5358343127140988
1735978164.737785 1.1771465159255241 -6.4233238850228247 0.8802797778353350 0.2402850671395742 0.1459472468418596 -0.8124966197247754 0.5106972983919393
1735978164.837725 1.1242160516795396 -6.6125534347013053 0.8632877761823133 0.2456458909288410 0.1564516162235996 -0.8159895581939096 0.4993415954727864
1735978164.937763 1.0872723574050562 -6.8013907783730270 0.8532824700595744 0.2220894182914218 0.1530037665716294 -0.8156745022682156 0.5118019578385480
1735978165.037716 1.0643834947588369 -6.9984886647823528 0.8537187929528274 0.2093028186622972 0.1550647957570522 -0.8035257248732695 0.5352510146498822
1735978165.137808 1.0610134682441366 -7.1921850717461071 0.8563082371132339 0.2094705920825352 0.1690290980157823 -0.7799294838916799 0.5650320656679769
1735978165.237744 1.0622278373420975 -7.3870989576068551 0.8592547518748904 0.2165367289268514 0.1844688062530683 -0.7517007281281850 0.5950034620712586
1735978165.337783 1.0641925445778457 -7.5820692573689605 0.8543068215129122 0.1999908903146033 0.1843661779673960 -0.7363945012105042 0.6194641997725127
1735978165.437760 1.0472901902590150 -7.7864602665917975 0.8565391981968284 0.1858435636953765 0.1713462205457639 -0.7441270700080573 0.6183668379036094
1735978165.537777 1.0291350564293225 -7.9768576002927443 0.8648878234589926 0.1817271149360493 0.1638772831367479 -0.7504634180691765 0.6139414873655847
1735978165.637688 1.0128414134172952 -8.1714747797746092 0.8639312281184239 0.1996093352649006 0.1746360804179246 -0.7502604300594738 0.6056134408831613
1735978165.737765 1.0109342066230289 -8.3690688607380945 0.8516253213791517 0.1967102156180524 0.1799936531133281 -0.7502584597597586 0.6049955532640989
1735978165.837684 1.0286468905390924 -8.5668237947898600 0.8368939176069832 0.1704434122827841 0.1750403023815535 -0.7399535774749736 0.6267205429324649
1735978165.937809 1.0769375484662700 -8.7528935876472769 0.8315008973054633 0.1495449564191454 0.1836200829722655 -0.7179239108814744 0.6546031082446089
1735978166.037801 1.1390556835129686 -8.9288917685821865 0.8282222062928457 0.1630914361522376 0.2066298148790906 -0.6833856343601087 0.6809474119247869
1735978166.137737 1.2147539006282932 -9.1109365963958009 0.8183139555049511 0.1702388586432415 0.2211443016074242 -0.6543228066874640 0.7028339729431489
1735978166.237692 1.2935238016006387 -9.2960896989081956 0.8141762182152483 0.1475315472295737 0.2095363783401080 -0.6411614803095116 0.7233539278192075
1735978166.337719 1.3704905707654833 -9.4679008239374713 0.8177018818155126 0.1334061366156790 0.2010574320469474 -0.6377453919664174 0.7314776324383178
1735978166.437720 1.4502613092294045 -9.6330704284021085 0.8296839002714398 0.1413240373646716 0.2120147861099245 -0.6274401726757100 0.7357962195108013
1735978166.537765 1.5407698544679418 -9.8049847076528085 0.8265018544728612 0.1553283172538180 0.2281068175675391 -0.6151402950163730 0.7385410016278557
1735978166.639482 1.6471646531637394 -9.9658720172656565 0.8225910628927264 0.1361944422901761 0.2209921240266399 -0.5981067715902104 0.7582096311610650
1735978166.737786 1.7787466495024165 -10.1182553112359290 0.8324179908407506 0.1145016727422358 0.2152432481625546 -0.5617662021980269 0.7905557824263059
1735978166.837743 1.9221054782887208 -10.2447533559216257 0.8397223372975227 0.0977619311324357 0.2209078046090667 -0.5125875650449804 0.8239516580754708
1735978166.937771 2.0776647368210770 -10.3608339012768322 0.8384832540600249 0.0975089916841766 0.2418974426687480 -0.4616047025591047 0.8478789550085409
1735978167.037744 2.2362250143056333 -10.4733784168166775 0.8352912235851240 0.0901874931892868 0.2468422188700110 -0.4229889738937396 0.8671882512003282
1735978167.137697 2.3890677339192385 -10.5958340722311313 0.8354264295092613 0.0798570553652448 0.2323015981127966 -0.4140231832993817 0.8764950780884510
1735978167.237748 2.5323616931218456 -10.7104315126848331 0.8424957765964742 0.0778911118689985 0.2313832091949331 -0.4108904091705863 0.8783870768892795
1735978167.337690 2.6779484641770512 -10.8134841382824050 0.8423931829128449 0.0838482572593645 0.2553487404554530 -0.4063204606440630 0.8733098956065813
1735978167.439327 2.8347324868701058 -10.9126939036577415 0.8383628105480184 0.0776493765081460 0.2567706882177337 -0.3929608647675776 0.8795573584259331
1735978167.537765 3.0077244018432512 -10.9922524337842322 0.8318300346023345 0.0591524408758447 0.2458677748261572 -0.3600147699093863 0.8980197055118310
1735978167.637820 3.1997341759661588 -11.0556704419838194 0.8387843449510954 0.0493232400118678 0.2470561906987422 -0.3098733879774316 0.9167927465111984
1735978167.739377 3.3935734483942128 -11.0950614295319916 0.8429809682837754 0.0369343032309040 0.2527188036255557 -0.2602971543176777 0.9311361098105017
1735978167.837512 3.5854828764583617 -11.1262869500367234 0.8382579496166935 0.0273385445193591 0.2628338007344349 -0.2112605001481250 0.9410313481772106
1735978167.937804 3.7780510814934893 -11.1567198015275011 0.8294721105637404 0.0168959785543941 0.2559352593840429 -0.1780387472391032 0.9500073017583829
1735978168.037826 3.9691727289309666 -11.1929300728144430 0.8385621676623288 0.0175668571251441 0.2493368752917002 -0.1656383876827392 0.9539845138556383
1735978168.137741 4.1604204982138020 -11.2340430118208481 0.8482068619090212 0.0229679866058693 0.2557769776219611 -0.1545100040350305 0.9540321105512867
1735978168.237715 4.3486996847395094 -11.2633305301085294 0.8488552649833152 0.0281041435639768 0.2722419569383599 -0.1428541022540183 0.9511504504893565
1735978168.337733 4.5568235102888064 -11.2860787255346562 0.8415566527250204 0.0203881713821110 0.2580042231551624 -0.1214804764490367 0.9582591701327517
1735978168.437751 4.7539730408556071 -11.2845810552807535 0.8411898664082880 0.0115694278460654 0.2562175486382612 -0.0799674158299372 0.9632361748369903
1735978168.537721 4.9433523027183837 -11.2734738178740095 0.8502181495731210 0.0067947762213950 0.2693054813481245 -0.0359373444414252 0.9623600656752412
1735978168.637743 5.1327113456093141 -11.2483670115509131 0.8521011090234829 0.0029274151933045 0.2798197909256978 0.0022525864203518 0.9600454367898448
1735978168.739396 5.3307243142056642 -11.2395138433640991 0.8501437951898769 0.0055055551942758 0.2758958380558496 0.0310910008016910 0.9606687905176334
1735978168.837764 5.5299084379673182 -11.2497935182065980 0.8568299329119784 0.0091598587595092 0.2610376496175998 0.0209969847119605 0.9650567698859124
1735978168.937763 5.7407051721824507 -11.2740314810402253 0.8814871442197124 0.0189743115872053 0.2334739766573417 -0.0037734960470715 0.9721705809430676
1735978169.037697 5.9460467860735173 -11.2959296515179322 0.8840202515077452 0.0231830127562192 0.2607988676550261 -0.0218635975660289 0.9648670797839835
1735978169.139507 6.1507243347630611 -11.3252638498721794 0.8736296733208306 0.0265959110553540 0.2703033018160240 -0.0331440510283253 0.9618369167504036
1735978169.237716 6.3546676996004061 -11.3373080131291282 0.8748500605850403 0.0278075136786338 0.2518192465747737 -0.0273680280084982 0.9669874871374770
1735978169.337719 6.5432582946289033 -11.3483486469940047 0.8866835162106881 0.0292875714825472 0.2648515752069627 -0.0136289189359155 0.9637479617803004
1735978169.437716 6.7232967582959668 -11.3503366866971831 0.9103096417733744 0.0257742734525465 0.2706822093703158 0.0009104866331614 0.9623232301947662
1735978169.537767 6.9094683116620548 -11.3571547379626292 0.9260395058918008 0.0238541914926940 0.2676639836238828 0.0171914953595092 0.9630635606781766
1735978169.639342 7.1043167586629385 -11.3755960614052771 0.9333561207372090 0.0224877698396259 0.2533268478784361 0.0136693975725855 0.9670227277172023
1735978169.737825 7.3098415974245263 -11.4114448856295105 0.9563522386673419 0.0246764806592626 0.2234981662606650 -0.0143908450480188 0.9742856586028541
1735978169.837824 7.5065326024840076 -11.4647274245701301 0.9760763143485039 0.0355713135706765 0.2327578254369146 -0.0396275916670340 0.9710757593140745
1735978169.937701 7.6966125823240992 -11.5223282674296925 0.9838489841849808 0.0459988847381271 0.2418772260608542 -0.0602815616464095 0.9673394664963407
1735978170.037785 7.8877535609307676 -11.5760855322690830 0.9858485220084096 0.0459092563783395 0.2219018849719792 -0.0723010041130721 0.9713003955671551
1735978170.137793 8.0688020221228882 -11.6235760037644766 0.9957972892841223 0.0444984398907410 0.2097829741441744 -0.0574340116371525 0.9750447820042822
1735978170.237741 8.2454623629249948 -11.6629364980597856 1.0115811029895492 0.0465843485326119 0.1981958754870815 -0.0356897775076979 0.9784040745996271
1735978170.337703 8.4378876691315750 -11.7042009039222226 1.0052327121397162 0.0555251933042491 0.2229124195223523 -0.0183512788377256 0.9730828519176754
1735978170.437803 8.6195760800594865 -11.7634324011759102 1.0009796574524215 0.0584545490228813 0.2169608887577448 -0.0085486024792947 0.9743910713074254
1735978170.537745 8.8142038767996507 -11.8357653687176185 0.9988789472445566 0.0615210272607591 0.2068874436897972 -0.0295937434174396 0.9759799993846312
1735978170.637651 9.0040331377762648 -11.9373881812916434 1.0104190583201722 0.0657122044431109 0.1971836105924623 -0.0686146245066342 0.9757523062769365
1735978170.739323 9.1849862244386991 -12.0490009142492731 1.0145469890124350 0.0796555932077909 0.2212754606890110 -0.1065666497584605 0.9660930111158234
1735978170.837760 9.3596971982858630 -12.1607562704413912 1.0224699687479022 0.0872943153739981 0.2182374711194728 -0.1383358929505365 0.9620890236481965
1735978170.937745 9.5296124197673233 -12.2615880666251709 1.0270511003234590 0.0862935488024018 0.2014231149039356 -0.1537283261466210 0.9635090834847597
1735978171.039562 9.6884296448562868 -12.3567414963886204 1.0331428151842572 0.0868142253411576 0.1993059596424556 -0.1560564259136698 0.9635283164808733
1735978171.137681 9.8391973290076677 -12.4445231773367375 1.0372554999201054 0.0910915373461397 0.2139684972701896 -0.1560417031959723 0.9599847919959741
1735978171.237739 9.9965194705608429 -12.5459001012058646 1.0355644325807620 0.0987616310418297 0.2223688443057219 -0.1506365023254228 0.9581789402211144
1735978171.337758 10.1480547032906632 -12.6625821526920070 1.0236840203351956 0.1096168555292401 0.2094656275500495 -0.1582185895898903 0.9586840844444700
1735978171.437686 10.2920634633075423 -12.8020385864724240 1.0267858743256777 0.1126107765052065 0.1893543510053029 -0.1922088177132916 0.9563051360123053
1735978171.537787 10.4313368418627324 -12.9590081228886120 1.0385587390645010 0.1299251595299907 0.1994514068133054 -0.2298369657464332 0.9436702593691150
1735978171.637741 10.5561734461945704 -13.1221284124149200 1.0459617388881557 0.1492405162368904 0.2056529876311649 -0.2682610467693329 0.9292309335025091
1735978171.737711 10.6664507713153984 -13.2903348743537855 1.0526265792205929 0.1524565631933782 0.1786022075260476 -0.3050941011855912 0.9229170261880763
1735978171.837780 10.7736965175950683 -13.4517222052954679 1.0680916775907086 0.1468499426594915 0.1665586166397306 -0.3260702917941570 0.9188968856042755
1735978171.937696 10.8658690413772092 -13.6102580601672454 1.0902155129394917 0.1410452106537546 0.1522596104395060 -0.3469097788640269 0.9146457592472400
1735978172.037763 10.9542271644195939 -13.7708653028852090 1.0992296978956577 0.1487825700088473 0.1607375785324145 -0.3613362502138102 0.9063461215178896
1735978172.139338 11.0294214230986096 -13.9413174745590798 1.1060462639998470 0.1523614303258887 0.1424146077117320 -0.3774296733926118 0.9022477019655463
1735978172.237646 11.0932816734578772 -14.1265181401508464 1.1064367231277441 0.1524556113664660 0.1277643952593778 -0.4160721126390770 0.8873091586087332
1735978172.337803 11.1292752610375327 -14.3285736378181401 1.1153088111894309 0.1561293177489217 0.1271619332524440 -0.4707662646418226 0.8589718289594500
1735978172.437671 11.1475976499251921 -14.5201247322160150 1.1260538864885059 0.1763784331467009 0.1472739058765826 -0.5214548570358206 0.8217577970681642
1735978172.537810 11.1481476572931886 -14.7161418339599681 1.1318677812017666 0.1873719852245120 0.1446027905845051 -0.5618992183210114 0.7926228867238414
1735978172.637755 11.1450766326574016 -14.9059321744450131 1.1310965374635653 0.1785140992416733 0.1340721131379598 -0.5927651399205658 0.7738132033931755
1735978172.737700 11.1463862942497176 -15.0921500093228111 1.1294996653298066 0.1775766078218183 0.1276884525498631 -0.6042572180485183 0.7661823685495399
1735978172.837795 11.1497462666822287 -15.2710261077862697 1.1371631055791016 0.1889478167731891 0.1319431522854299 -0.6066526470021736 0.7608300026858074
1735978172.937786 11.1511778473156227 -15.4496480458410925 1.1336482623190818 0.2067101536143635 0.1433560744794214 -0.6112619287491923 0.7503857692976287
1735978173.039487 11.1515567688357251 -15.6345694094300356 1.1207866200942744 0.2076899669311453 0.1403069355806672 -0.6193026639549601 0.7440719399912835
1735978173.137822 11.1292469819831243 -15.8378070599026390 1.1009784472016553 0.2013886904698903 0.1285174645738697 -0.6460477074285702 0.7249470438429385
1735978173.237729 11.0875317809164695 -16.0368133296936826 1.0920666088964481 0.2067963999656771 0.1328402263308327 -0.6860779106440161 0.6847523813437602
1735978173.339374 11.0350640344882063 -16.2321006285622076 1.1016356209615901 0.2196926784902033 0.1356350475483466 -0.7223031655692199 0.6415733768658439
1735978173.439385 10.9776243661354123 -16.4255155682565501 1.1085459198661614 0.2245721729952563 0.1278383394579528 -0.7506197322463335 0.6081074869159766
1735978173.537696 10.9265475952044930 -16.6204402899768340 1.1108064665161483 0.2110540952474032 0.1175743194555258 -0.7717228265947399 0.5882825232798399
1735978173.637830 10.8949933296249117 -16.8102764690167810 1.1167846155643999 0.1966114258821897 0.1152372285662494 -0.7815534152734540 0.5807224702380150
1735978173.737408 10.8751492819591480 -17.0032533129984920 1.1275894076831414 0.1932946547330344 0.1276052576887686 -0.7837266822805216 0.5763042270740225
1735978173.837710 10.8646883349999062 -17.2011888117845650 1.1311685900435833 0.1859553566279089 0.1277442703691546 -0.7856492882186005 0.5760704840996854
1735978173.937701 10.8586452120681312 -17.4049061239386376 1.1318125954828595 0.1755094406596609 0.1248157581254051 -0.7892182097012538 0.5751104939390874
1735978174.039492 10.8535548370905968 -17.6035192925188859 1.1466091933335414 0.1476683856225342 0.1062830251068347 -0.8004471283722961 0.5711237704231188
1735978174.137752 10.8691516054356221 -17.8065933162965138 1.1598701194903032 0.1378409695991178 0.1062521292158373 -0.7934957468043362 0.5831593709617509
1735978174.237515 10.8929257786437645 -18.0145457966873046 1.1627881361614552 0.1481002729449090 0.1236916495538258 -0.7751966863766497 0.6015287045644283
1735978174.339307 10.9534432557567207 -18.2024531153259019 1.1625668495592654 0.1219972157105297 0.1227290936783389 -0.7465752579507492 0.6424014579214032
1735978174.437790 11.0352149863513276 -18.3905520542167835 1.1666584954144994 0.0973164755675000 0.1168383255577863 -0.6975845422431509 0.7001814876782925
1735978174.539392 11.1486929203116638 -18.5509697960514508 1.1648716563225294 0.0954826477990420 0.1380189044670836 -0.6266489063168794 0.7610157647452837
1735978174.637725 11.2814615042836710 -18.6950492425344947 1.1503523874123434 0.0951319203158952 0.1725567663889972 -0.5487056553191113 0.8124630354245095
1735978174.743099 11.4215430842748731 -18.8208229063124648 1.1232541872053026 0.0756237231985315 0.1879379688017109 -0.4707503144946315 0.8586934923332565
1735978174.837832 11.5471511812939038 -18.9402409840438395 1.1127862900547520 0.0590658761025805 0.1991953668972699 -0.4138062497231910 0.8863389959698970
1735978174.937727 11.6743758392847319 -19.0520397061226063 1.1050607321487536 0.0567928581550127 0.2150227128368855 -0.3595814096833919 0.9062234901154107
1735978175.037821 11.7946277111404356 -19.1641685740206711 1.0989292521996146 0.0664309169704803 0.2414409236801344 -0.3108627470534930 0.9168738005512540
1735978175.137678 11.9229867715319493 -19.2780766924994005 1.1018647167043281 0.0621630018889905 0.2260478534172931 -0.2668143870505112 0.9347984873888293
1735978175.239344 12.0421911216965789 -19.3936133446471040 1.1075219841632289 0.0556726022393483 0.2136919148505596 -0.2260748167612158 0.9487499692299247
1735978175.337707 12.1523515280153287 -19.5196322488398302 1.1188396941587362 0.0622983911751739 0.2206206365251599 -0.2061806856915266 0.9512806999219474
1735978175.439431 12.2582259522180497 -19.6624662696899968 1.1339781523255275 0.0773152566298705 0.2291285945198454 -0.2029689557207947 0.9488551213326657
1735978175.537669 12.3563363211904740 -19.8243889865126803 1.1443354761670252 0.0861015102420176 0.1976930815557271 -0.2157702340731614 0.9523377455120939
1735978175.637744 12.4518626545343487 -20.0204108279017383 1.1478670109923688 0.1052932853867810 0.1653640802257264 -0.2612372038759074 0.9451577478572850
1735978175.737764 12.5327580449269362 -20.2296773034408766 1.1684818917287991 0.1332268029586749 0.1487525813768275 -0.3250351008789089 0.9243784245122656
1735978175.837677 12.5899866102272249 -20.4557727860584784 1.1783289483100094 0.1673203825395755 0.1569534350361190 -0.3919217109586616 0.8909359580219043
1735978175.937695 12.6268334975189749 -20.6701047126878450 1.1876988001629980 0.1787064307305313 0.1262835585406340 -0.4514414651132116 0.8650532226599152
1735978176.037721 12.6576368582722854 -20.8759543427140954 1.1900911453274525 0.1802314545769290 0.0979544676598754 -0.5002311027034844 0.8412433589245213
1735978176.137697 12.6848119537229849 -21.0673188897701102 1.1989706166413041 0.1726829686792432 0.0896700040042373 -0.5401346088225879 0.8187762130534041
1735978176.237762 12.6974140961089326 -21.2577407295052225 1.1972997291152729 0.1870463873232854 0.1041559647965251 -0.5784752036093657 0.7871033113865774
1735978176.337684 12.7041085362175057 -21.4540303347986807 1.1870866649854515 0.1973403263847067 0.1035447577524649 -0.6174239887811868 0.7544023441121389
1735978176.437791 12.6882573326294210 -21.6488737610832871 1.1768618392133388 0.1932773624308754 0.0850403645485382 -0.6749010302787745 0.7070506324853013
1735978176.537699 12.6529856713072846 -21.8385216296280049 1.1807703102916196 0.1960461645873739 0.0524473306156519 -0.7359853204301472 0.6458643719645839
1735978176.637724 12.6139654453363548 -22.0104329137517567 1.1837585129086516 0.2139306158521449 0.0541359727220245 -0.7814475174837614 0.5836460960865144
1735978176.737734 12.5709243530626296 -22.1846629353495928 1.1878789277397597 0.2244090567038700 0.0583223447684721 -0.8088683596860957 0.5403434612065847
1735978176.839381 12.5465255985990094 -22.3559165841989405 1.1837465487020746 0.2049514696174397 0.0433462278552771 -0.8286266633642489 0.5191279730415246
1735978176.937706 12.5367317603821835 -22.5295728290819568 1.1925739425762689 0.1894168774398217 0.0402579203763043 -0.8291327531824352 0.5244420120356855
1735978177.037701 12.5669622038535085 -22.7103059041151383 1.2082594703759002 0.1727561379696078 0.0628429127820743 -0.8101135178845816 0.5567065414089889
1735978177.137678 12.6213863211859323 -22.8874602645830869 1.2192904363088022 0.1670992323127458 0.0902084129469082 -0.7662107990211228 0.6138902998561746
1735978177.237693 12.6880175738722354 -23.0626608756260296 1.2171881457844225 0.1422857620088454 0.0969717979401268 -0.7207233723494109 0.6714976194173095
1735978177.337709 12.7540520680944951 -23.2384938625290864 1.2191158049986739 0.1031679795840022 0.0873002716781971 -0.6898914686632160 0.7111854835548732
1735978177.437547 12.8207694949803539 -23.4100400363898551 1.2253567673151948 0.0907862254793104 0.0965008919609077 -0.6526205469421700 0.7460106305025902
1735978177.537796 12.8973807249942247 -23.5795495202744299 1.2089182559211231 0.1029058821671171 0.1438625332385687 -0.6056463310073474 0.7758263160546486
1735978177.639368 12.9968389676958349 -23.7319427457184524 1.1974672774698680 0.0887288915835898 0.1620502727838546 -0.5573804019620530 0.8094405354302725
1735978177.737792 13.0939184783211306 -23.8689114040625583 1.1783364367573692 0.0675184608148377 0.1622657184424253 -0.4975373574767576 0.8494513947146146
1735978177.837683 13.1865292992065388 -23.9862720112747105 1.1637783196785414 0.0638933587939949 0.1769163749960705 -0.4292036966224757 0.8834038837167706
1735978177.937684 13.2735181800813109 -24.1130559376201461 1.1580974171771770 0.0839930792973028 0.2013582413072580 -0.3696076855677984 0.9032110384937845
1735978178.037788 13.3565905500826823 -24.2543735755294882 1.1484524438734287 0.0989367871526004 0.2133831787719442 -0.3289307176613375 0.9145948360579667
1735978178.139324 13.4268131842763019 -24.4151085505879060 1.1325971518352489 0.1006384469831548 0.1951425555636804 -0.3187853649936729 0.9220451057636743
1735978178.237745 13.4891834818378467 -24.6072983640648530 1.1210829531087103 0.1116369466516664 0.1967830356255051 -0.3402384751281919 0.9127164998370233
1735978178.337750 13.5361956412309699 -24.8201484513055703 1.1243815596937328 0.1445167113344169 0.2238716964326183 -0.3804472766992688 0.8855824373448113
1735978178.437735 13.5581250334026304 -25.0388763712721598 1.1324447936111426 0.1705191071726640 0.2074579886090439 -0.4269788583303370 0.8634659643496375
1735978178.537819 13.5770850477546627 -25.2565727554937673 1.1444146439099740 0.1639574911757219 0.1607308747753586 -0.4737887757480282 0.8501809942338724
1735978178.637724 13.5970498188629705 -25.4622982527113351 1.1597316762523513 0.1557845729626884 0.1470136918693356 -0.5035365469909521 0.8370000520156554
1735978178.737792 13.6157948869042364 -25.6598786200144353 1.1776706465502638 0.1646227326204903 0.1556794805147835 -0.5284420646116326 0.8181761666048484
1735978178.837697 13.6212160963040869 -25.8554387084113060 1.1866917765537135 0.1742808306244941 0.1515262087633472 -0.5495821035956954 0.8028857400290363
1735978178.937758 13.6274757736941172 -26.0580702378230242 1.1899663820538149 0.1678377013010417 0.1250012849021054 -0.5847055205677760 0.7837886443502299
1735978179.037822 13.6138670667329151 -26.2538128145045242 1.1918111970836234 0.1589528326814248 0.1053399903832384 -0.6418227071546252 0.7427658419645580
1735978179.137565 13.5909907660898899 -26.4468463952502830 1.2024744941539474 0.1526288254513012 0.0935173549073523 -0.6899587767006906 0.7013671167271639
1735978179.239378 13.5648412646648602 -26.6419201474480971 1.1962182045092333 0.1878115665567148 0.1211424381033327 -0.7163523469576554 0.6609770345224953
1735978179.337759 13.5505437469309733 -26.8299689489548889 1.1900332261882896 0.1843335681832720 0.1095654880208111 -0.7394329545991648 0.6381656878337586
1735978179.437737 13.5421160358366865 -27.0101773155286828 1.1871973189652298 0.1660402259532562 0.0929457273677265 -0.7466383126875795 0.6374346752072092
1735978179.537656 13.5642282879793861 -27.1912495497871127 1.1926051648224956 0.1713640095744269 0.1103391186961499 -0.7378031627581657 0.6435107987687390
1735978179.637484 13.5931318695066654 -27.3680152290831771 1.1899789065166868 0.1968316622842444 0.1427351902480376 -0.7147401377058344 0.6557671063262647
1735978179.737815 13.6170641565399357 -27.5503393906417280 1.1899734965892830 0.1899000085833678 0.1329733960456863 -0.6990589478940730 0.6764411652563330
1735978179.842302 13.6200665360858224 -27.7378897341404489 1.1870646146914263 0.1791014304339267 0.1093232020639756 -0.7055249625924055 0.6769088877138379
1735978179.939444 13.5961053875403248 -27.9172386173033047 1.1911762766538507 0.1816195189428537 0.0954085469870262 -0.7318432246385379 0.6498592571099203
1735978180.038160 13.5604050586136307 -28.0903393349766226 1.2082046987854338 0.1991362410930553 0.1057890297505423 -0.7575343352426349 0.6126133932557032
1735978180.137738 13.5133392080531483 -28.2799912770466300 1.1970113029339695 0.2173125595276054 0.1211599182800993 -0.7745546467142782 0.5815157993788650
1735978180.237723 13.4876568869299867 -28.4506340036237155 1.1893477673222961 0.2018506447515249 0.1054670262255508 -0.7897506685759137 0.5695848532716000
1735978180.337774 13.4761897484566813 -28.6386795699715258 1.1874514483705192 0.1922809011685853 0.0962301266613101 -0.7872550214474119 0.5779250375043289
1735978180.437692 13.4782000345468678 -28.8183338690103561 1.1921796437334338 0.2052468341856297 0.1126071321471456 -0.7690681481183913 0.5947499931871546
1735978180.537755 13.4903697157055831 -29.0000796482122354 1.1932098057228657 0.2223750468325734 0.1297646025784326 -0.7450825920792574 0.6152742619712994
1735978180.637686 13.4939468657346708 -29.1827845434577817 1.1919770295675149 0.2078075682699396 0.1172303509707734 -0.7373094897624876 0.6320188095991954
1735978180.739466 13.4686876486921587 -29.3580770506187676 1.1960271929120396 0.1936712523610717 0.0929027267353031 -0.7548322532790553 0.6197489804620125
1735978180.837803 13.4237991810145729 -29.5328976758740396 1.1983480628637406 0.1977470606944614 0.0873823664864248 -0.7799410333752956 0.5873264905241455
1735978180.937805 13.3649624096636259 -29.7071411081764118 1.1966128491224388 0.2235300661008834 0.1044123971362099 -0.7972682294538466 0.5509044664701257
1735978181.037784 13.3108771102808987 -29.8788582956611499 1.1908784798599432 0.2323800683809751 0.1045532333499875 -0.8103785384462229 0.5275933563276550
1735978181.137794 13.2661771586740933 -30.0524817841978980 1.1866858431005938 0.2142748575877501 0.0901133723458120 -0.8171684119240837 0.5274482458817029
1735978181.237738 13.2392829829587662 -30.2302699366319239 1.1938315578975505 0.2039563101559757 0.0878069478268717 -0.8101636443617836 0.5425187856796503
1735978181.337707 13.2237201908479047 -30.4109337081603854 1.2036803244280045 0.2166444291468297 0.1055705956989830 -0.7935072671713018 0.5588078896989005
1735978181.439379 13.2149446095726795 -30.5927179675036847 1.2050177439467264 0.2206225652499690 0.1111164234529348 -0.7791860586886044 0.5760624185683962
1735978181.537682 13.1832960838404372 -30.7785073613038342 1.2011750937784333 0.2083062876011902 0.0995967686190564 -0.7786989003960618 0.5833669486253199
1735978181.637786 13.1424285930785452 -30.9509411501921683 1.2006637811360688 0.1954403028975859 0.0871050131357455 -0.7989934456343361 0.5619833436351053
1735978181.737784 13.0941704458297519 -31.1192373476344883 1.2041956854143319 0.2129342041252296 0.0991924020715884 -0.8148221401666671 0.5299856337477798
1735978181.837770 13.0412224584416396 -31.2879297449707039 1.2017048278695839 0.2316955862104875 0.1170289756664847 -0.8247991492672638 0.5023223442701210
1735978181.937722 13.0037846648043587 -31.4712204232218653 1.1988672461669834 0.2142412098571969 0.1062308788065973 -0.8347958038900356 0.4959149828292059
1735978182.039377 12.9938719638634002 -31.6560753435308193 1.1965557669442775 0.1991256423124990 0.1067604987089946 -0.8279404199271932 0.5132892318564888
1735978182.137708 12.9981070166217023 -31.8441539151366726 1.2090506898712574 0.1987916987468122 0.1245070236620238 -0.8072095098878973 0.5416573351434664
1735978182.237789 13.0241743392644693 -32.0268876644194123 1.2141839753809742 0.2113181267134445 0.1484697506982384 -0.7769283795101076 0.5741808735596493
1735978182.337819 13.0439584013197205 -32.2149366493125626 1.2115801514243600 0.2005991526617796 0.1457772682224985 -0.7579296958507282 0.6033668404615756
1735978182.437774 13.0488810014630978 -32.4003922732240568 1.2154821340981776 0.1827687453294160 0.1246110195179488 -0.7609497809921361 0.6099369724434064
1735978182.538534 13.0342127840379973 -32.5829042618732529 1.2225843528341773 0.1731080605108349 0.1115796113943297 -0.7829054415661059 0.5870627387881538
1735978182.637752 13.0089466353645324 -32.7608913324478337 1.2256674290188692 0.1976418500861895 0.1260278331011133 -0.7933216438775937 0.5618678258573797
1735978182.737705 12.9885466625715438 -32.9362999211367935 1.2233699491745582 0.2200385919586363 0.1400319872672122 -0.7997869880861028 0.5406614784493304
1735978182.837772 12.9759660278750371 -33.1144854312313655 1.2136642354169969 0.2088980509364271 0.1230088217173989 -0.8072567798498317 0.5381142308851714
1735978182.937706 12.9736815325654273 -33.3048514744815378 1.2081650511054880 0.1989769384116304 0.1169143652402983 -0.8007246390462861 0.5527922409051950
1735978183.039372 12.9893976883399951 -33.4899030201273646 1.2135608004475338 0.1961609840278222 0.1212245884592885 -0.7894463637684516 0.5688584237144445
1735978183.139345 13.0082498470991847 -33.6683111564703879 1.2188430745879029 0.2255762530983006 0.1424625154041952 -0.7704558721271121 0.5789797361287286
1735978183.237799 13.0256603360670997 -33.8480383012984802 1.2191322188562292 0.2399182111858912 0.1552804245562789 -0.7567114393494497 0.5879753729950500
1735978183.337755 13.0365931059677038 -34.0327516568506283 1.2081207543416363 0.2154549183342511 0.1460748366941003 -0.7562383824067632 0.6002872889085487
1735978183.437725 13.0463243039702856 -34.2182245097030702 1.2052130523759088 0.1941769189850666 0.1352896198293947 -0.7663548125618725 0.5972372595235014
1735978183.537554 13.0534499821104255 -34.3945859536972876 1.2110522707535689 0.1917084683124560 0.1306940409272110 -0.7721513045331525 0.5915651221557602
1735978183.639338 13.0645312077168363 -34.5621806297544651 1.2150493543038774 0.2106106717668908 0.1542236713296946 -0.7684777994124025 0.5842089317613697
1735978183.739300 13.0904032778840751 -34.7299368393282819 1.2174116493825078 0.2117413736729763 0.1685136541433246 -0.7669335077003032 0.5818777653501240
1735978183.837777 13.1323294513858571 -34.9044017710417691 1.2107598254189103 0.1926584111709009 0.1686269771450687 -0.7572795796291293 0.6008122148065480
1735978183.937743 13.2013260115703659 -35.0789641817272511 1.2110020234058896 0.1667461759725053 0.1686715920784345 -0.7340742964283884 0.6363022349068398
1735978184.039336 13.3039806482448135 -35.2404094509815309 1.2176857468898419 0.1486248299399333 0.1844496887385432 -0.6975031033184045 0.6762975625497815
1735978184.139331 13.4249176251312576 -35.3948277620696032 1.2145383682957283 0.1491864287361882 0.2202828584479384 -0.6499660425957705 0.7118728926060754
1735978184.237769 13.5518082078285644 -35.5439969037445138 1.1967144019604836 0.1417119952287675 0.2345356182828226 -0.6119621792351332 0.7418982715647495
1735978184.337521 13.6699327551905494 -35.6931157886713564 1.1958364888457049 0.1284804691283392 0.2293031303867747 -0.6044404013269753 0.7520403211870177
1735978184.437766 13.7818760276182282 -35.8372472208465922 1.2075076681221109 0.1250920350812004 0.2091756306074726 -0.6001744940814573 0.7618320779366520
1735978184.537805 13.8945294821599710 -35.9789662010413522 1.2178769562968665 0.1458587092108456 0.2276844833461757 -0.5935362252064971 0.7580235895790801
1735978184.639388 14.0189464819003593 -36.1224778794671337 1.2157658490226193 0.1534310460614836 0.2236863189154361 -0.5844297830039857 0.7647647831669911
1735978184.737714 14.1582438997538222 -36.2543154176387290 1.2132655925376865 0.1424421776646812 0.2083306887819963 -0.5629059334428121 0.7870485755203671
1735978184.837815 14.3044794610161468 -36.3823722094087998 1.2155805086949900 0.1390149241929059 0.2101782820228076 -0.5356037760867131 0.8059953695023538
1735978184.939321 14.4514824736957586 -36.4999456977232768 1.2171495104911876 0.1474206454263448 0.2356892790176242 -0.5039619189359502 0.8177653094382443
1735978185.037688 14.6003951049065197 -36.6233757204858890 1.2159083329698244 0.1428870161252359 0.2317772681074295 -0.4794308613320183 0.8342713274552367
1735978185.137800 14.7295998885279893 -36.7590461313639096 1.2199553171954423 0.1392121781814988 0.2073266814650827 -0.4830444710895225 0.8392280116562377
1735978185.237838 14.8358040815060814 -36.9078141707762484 1.2288121468939628 0.1416198951117711 0.1833334636130456 -0.5152437123856487 0.8251403294441679
1735978185.337468 14.9271337034845484 -37.0577286915994790 1.2329908017024549 0.1585090158651745 0.1969011356440944 -0.5434135595135394 0.8005039275408614
1735978185.437716 15.0169919168800750 -37.2112928224091135 1.2339249518763680 0.1706702430766234 0.2089081665986817 -0.5638616315714667 0.7805697319894662
1735978185.539323 15.1153555111374374 -37.3665604214627223 1.2313877921548655 0.1592487498332290 0.1866622410818415 -0.5789484014393564 0.7775704417618201
1735978185.637725 15.2223895651194336 -37.5176777992410067 1.2341548934048296 0.1559490802141342 0.1810729771097825 -0.5707302128062224 0.7855949882293866
1735978185.737703 15.3372161085445118 -37.6587868428574950 1.2495754440200200 0.1463012795416389 0.1787213417019941 -0.5583356272947817 0.7968161299309026
1735978185.837707 15.4623465454450493 -37.7987889889165984 1.2592454411874092 0.1575187115595959 0.1962638711361772 -0.5338445418949136 0.8072659744373329
1735978185.937751 15.5808735298745713 -37.9371052130708506 1.2607191259404029 0.1507818440522136 0.1894425798892196 -0.5178915099530208 0.8204661652668626
1735978186.037757 15.6807888110960683 -38.0916165510474940 1.2588496115270820 0.1435974963616084 0.1708763630491955 -0.5284432668075928 0.8191023997983871
1735978186.137701 15.7682126591610245 -38.2476310720866124 1.2705014214176207 0.1371600793545036 0.1492017189757002 -0.5604068916497804 0.8030380286621511
1735978186.237759 15.8421344120480931 -38.4026213544200061 1.2788960459589107 0.1492410916537069 0.1639884722992806 -0.5850489634527929 0.7800978066100240
1735978186.337696 15.9254052173119689 -38.5611908961558782 1.2786055081529981 0.1659078950839958 0.1724701730482034 -0.6009561153568258 0.7626141600919525
1735978186.437740 16.0276350911107350 -38.7132904295294011 1.2769513478622809 0.1504867444971769 0.1531822940975990 -0.6079805226473008 0.7643615692767090
1735978186.537692 16.1471618470155001 -38.8497595285293187 1.2792961831458269 0.1354676788870611 0.1498777197231103 -0.5958295189400993 0.7772852510289661
1735978186.639456 16.2809267502222283 -38.9697301812328973 1.2859163268349072 0.1331729656809695 0.1726897971523683 -0.5720807536518352 0.7906749056801776
1735978186.737685 16.4264976217857033 -39.0830449736299386 1.2861924450424487 0.1289475113380523 0.1896933948628106 -0.5459897229758326 0.8057817183765826
1735978186.837720 16.5741132120176466 -39.1890289140878636 1.2789605777911635 0.1130406349037447 0.1844700433274481 -0.5317872860239578 0.8187764654645378
1735978186.937822 16.7152479512971688 -39.2800089663902625 1.2838781808181636 0.0932774345849471 0.1715785365460489 -0.5318533656819892 0.8240097835624935
1735978187.039311 16.8631733997077475 -39.3726073627305908 1.2862205377304430 0.0821885059730042 0.1623917364814387 -0.5236370464939126 0.8322729221521030
1735978187.137802 17.0208855255081914 -39.4479815539526513 1.2887879665895130 0.0882094213595558 0.1884597804064514 -0.5006185736591331 0.8402874822702405
1735978187.237698 17.1905086098226256 -39.5014524497227129 1.2848141949717342 0.0806029028358883 0.1931707370175182 -0.4666413214487807 0.8593218928498638
1735978187.337767 17.3803792669401886 -39.5310700741762631 1.2794445905234741 0.0481145926956901 0.1773295663662613 -0.4033425973597416 0.8964117134538009
1735978187.437696 17.5727291740397220 -39.5282108218845423 1.2788893083959854 0.0153529368979079 0.1736094653282367 -0.3138017982496485 0.9333554908459797
1735978187.537694 17.7548381501007242 -39.4793098811278540 1.2836196459524780 -0.0152798684202937 0.1962663543062360 -0.2159677833898035 0.9563492878264156
1735978187.639378 17.9294359704212027 -39.4104389376888378 1.2786760941016413 -0.0341550998329887 0.2082986950126103 -0.1230988163138978 0.9696864257240891
1735978187.737780 18.0900971860107695 -39.3358269893024968 1.2701200880280930 -0.0502736540029479 0.2026138684151124 -0.0505882962916266 0.9766580795331425
1735978187.839373 18.2263476808670468 -39.2518710212790225 1.2678734780444165 -0.0667972336668429 0.1795367237620986 0.0014976099812445 0.9814797254959337
1735978187.937717 18.3478568965018454 -39.1491032295333738 1.2590450402082036 -0.0778212497397583 0.1844049997848949 0.0611800098055849 0.9778525735219312
1735978188.037771 18.4496391935340611 -39.0232537857480679 1.2420516450548762 -0.0976745374935410 0.2135554097819356 0.1200487236023250 0.9645942544094617
1735978188.139365 18.5300242425404242 -38.8707209303745387 1.2190527122894526 -0.1258336740331576 0.2063535303189555 0.2041604520649464 0.9486319712179523
1735978188.237609 18.5890473618082801 -38.6946422963694801 1.2052312147019055 -0.1493935610717863 0.2020021985807349 0.3042781470534924 0.9188533533184351
1735978188.337482 18.6162540092518007 -38.5172187708075100 1.2060396935377333 -0.1692140178041572 0.1961213829356682 0.4068009234428339 0.8760228467454676
1735978188.437764 18.6067736937654900 -38.3436307989843570 1.2023342680090670 -0.2020629805426743 0.1993331994103937 0.5003808689854272 0.8179583201242078
1735978188.539348 18.5771246348879586 -38.1740293638164090 1.1829930601588516 -0.2179290704145878 0.1889213910562962 0.5817893360512963 0.7604845802030306
1735978188.637466 18.5557647315194458 -38.0104459627996718 1.1667779682266815 -0.2238867550057414 0.1895060064532363 0.6368731841206742 0.7129900011915589
1735978188.737790 18.5402041136378060 -37.8504971776271475 1.1763046052749462 -0.2190452279831324 0.1972545084380599 0.6658991210672541 0.6853380243066449
1735978188.839376 18.5348842664884614 -37.6872275532095813 1.1919799968522795 -0.2222109825043550 0.2120585846236346 0.6825073921290988 0.6632021529149364
1735978188.937793 18.5268406441959641 -37.5320216067352206 1.2113790871865604 -0.2166944019157657 0.2107149469758002 0.6996783489222642 0.6473738914636337
1735978189.037674 18.5119035756751842 -37.3677341806791645 1.2286764253300877 -0.1942420178077586 0.1878653614411497 0.7251455306042477 0.6333566167122915
1735978189.137583 18.4966868548246595 -37.2051650691839342 1.2522875455596165 -0.1784957243536079 0.1695246854798717 0.7547395537662936 0.6080862302182869
1735978189.237662 18.4772735882020953 -37.0419878757466989 1.2688770378004257 -0.1750567980856093 0.1707018444012440 0.7804900909680421 0.5753705029480788
1735978189.337693 18.4498399365020411 -36.8842386748296747 1.2650296730075858 -0.1993931441807190 0.1920772054795016 0.7946999821288110 0.5401857639677112
1735978189.437728 18.4252960431292649 -36.7191385238480947 1.2482686534954652 -0.1964168306042927 0.1880819470600292 0.8122386853828810 0.5160561285489809
1735978189.539378 18.4127964216698352 -36.5414904876445163 1.2377350505907192 -0.1881613976832150 0.1907284822857395 0.8158213094981497 0.5124973418814986
1735978189.637823 18.4311698891269273 -36.3488163302900560 1.2400022614159860 -0.1749672280764058 0.2021911821417013 0.8004678438726409 0.5364293298182770
1735978189.737790 18.4590786474172823 -36.1591404201625224 1.2404096703629808 -0.1833575269888099 0.2224129161201160 0.7676646160744863 0.5723666213771604
1735978189.837803 18.4888654124755938 -35.9687232514905944 1.2404137539544211 -0.1855985514816712 0.2326868960673624 0.7375242253332118 0.6061913915036142
1735978189.937700 18.5113393112135363 -35.7766390253667623 1.2442852356755443 -0.1658303993794403 0.1997419664972176 0.7280826690205645 0.6344281303137268
1735978190.037802 18.5049111720744186 -35.5958678242665698 1.2422847695668664 -0.1781488735581553 0.1821201165544094 0.7349471929206144 0.6284487772398621
1735978190.137773 18.4775359057287680 -35.4267514477656249 1.2482910060342298 -0.1967873136081346 0.1817343818855425 0.7492730929209050 0.6056708676074113
1735978190.237699 18.4289853734734592 -35.2596679697345152 1.2410339481405785 -0.2228589645423365 0.1925549484816629 0.7607375081559921 0.5783899354440339
1735978190.339371 18.3845830994563215 -35.0931115047946847 1.2321888697528516 -0.2136278045807949 0.1760113427863128 0.7775777350965593 0.5645848334862121
1735978190.437798 18.3459114852214711 -34.9209441049817428 1.2253495828745582 -0.2069997701178804 0.1636422026204131 0.7767414462722674 0.5718785276049023
1735978190.539316 18.3230143743607776 -34.7387412658239469 1.2357536393502135 -0.1937799111840832 0.1589839977529712 0.7662860619708057 0.5915903191476737
1735978190.639509 18.3005062489572374 -34.5592180275558363 1.2353329915046551 -0.2080119519405482 0.1852640128521879 0.7453533310544179 0.6056869532009672
1735978190.739526 18.2687418676655646 -34.3831671914940884 1.2307693784720057 -0.2030673121082635 0.1892682649291733 0.7372230062150099 0.6159897967914151
1735978190.837700 18.2113404500179499 -34.2113862577974572 1.2224772441995901 -0.1905210603465879 0.1710187044527096 0.7499872955424740 0.6098962082326913
1735978190.937747 18.1320911179023518 -34.0496867151440838 1.2175602922672655 -0.1979632249561986 0.1660094339965733 0.7724175283363336 0.5801918573264092
1735978191.037788 18.0290730967812891 -33.9078574574202989 1.2152328607018406 -0.2256738000550629 0.1848112609334831 0.7902180688407495 0.5389541144461931
1735978191.139475 17.9259397242510481 -33.7651550794255186 1.2147494835313100 -0.2324715966892435 0.1848275006061180 0.8112471603640515 0.5036603980399014
1735978191.239359 17.8219088268666219 -33.6200482664848863 1.2065518953695440 -0.2174120433373074 0.1699728393987139 0.8292600972497087 0.4859721477492710
1735978191.337643 17.7294324526173561 -33.4611441175363709 1.2131284670056479 -0.2022654687346352 0.1594240668381988 0.8271361465900213 0.4995182099528892
1735978191.437737 17.6538106173649041 -33.2919874686093280 1.2268133155522647 -0.1921399098109631 0.1580115824670513 0.8193892382654610 0.5164454192640699
1735978191.539552 17.5779321310406615 -33.1236845630121408 1.2247585461555850 -0.2102568369732706 0.1730131694951096 0.8081426380110091 0.5222681134396958
1735978191.637686 17.5020113545158296 -32.9602956333773562 1.2210355573197267 -0.1911546438011931 0.1636938983049596 0.8103195408862185 0.5291941529050684
1735978191.737717 17.4103405795301676 -32.7929795391641434 1.2080935651468054 -0.1773186438665575 0.1508714914804866 0.8206975537091342 0.5217771717233530
1735978191.837798 17.3160763382725591 -32.6366539939182232 1.2102671951948774 -0.1801591937180127 0.1509179871720872 0.8331394289493101 0.5006447023556913
1735978191.937756 17.2277948222193089 -32.4843123537581775 1.2169128685722996 -0.1938875915936271 0.1739148303709861 0.8388543304943173 0.4780006755371638
1735978192.039306 17.1373894572742174 -32.3295415639700963 1.2130577134367944 -0.1952382872712713 0.1859688074211827 0.8451828603572250 0.4614797356418839
1735978192.139266 17.0503258096838373 -32.1640294072805659 1.2036786682248346 -0.1806746578792600 0.1839290260777981 0.8467531519283603 0.4653341606476710
1735978192.239364 16.9983797859185586 -31.9810426757114925 1.2000284852797347 -0.1491849006614873 0.1912140281221973 0.8305414668128057 0.5013800282902570
1735978192.339449 16.9794136504822930 -31.7946482389362366 1.2150314884219660 -0.1121418416678710 0.1975713287196001 0.7984887772209185 0.5574992825713341
1735978192.439463 16.9714220936339828 -31.6088085689874490 1.2166136215894565 -0.1284046628793856 0.2313091596232704 0.7594898590988124 0.5942924104775980
1735978192.539487 16.9705807698208595 -31.4315298979901492 1.2144940657457066 -0.1225192398389960 0.2350417749750024 0.7344387244459005 0.6247752875395711
1735978192.637766 16.9757760966169648 -31.2568490621809012 1.2040663470362014 -0.0981577435170266 0.2268192536282284 0.7251761586586036 0.6426800311852943
1735978192.739425 16.9856506453713401 -31.0960782966331664 1.2048691563960938 -0.0690034720443369 0.2205051525776860 0.7172202300090993 0.6574276691760186
1735978192.837743 17.0192900779656746 -30.9315110456572739 1.2029112166497575 -0.0646559937016351 0.2293082089820237 0.6910154637961339 0.6824477830329034
1735978192.937734 17.0713480193918308 -30.7852157585397457 1.2038272867494200 -0.0735560535630428 0.2535882994976330 0.6509391646597876 0.7117307673932241
1735978193.037727 17.1599464971815117 -30.6465375655836212 1.1996554622219984 -0.0539118594333219 0.2576033493875298 0.6051334469917382 0.7513637848130992
1735978193.137733 17.2749597068647311 -30.5208993783273783 1.1932026129901441 -0.0186240257817619 0.2520321526686063 0.5301586151188505 0.8093607245846386
1735978193.239490 17.4082663042550720 -30.4282883667153570 1.1934178408643621 0.0028418116101948 0.2549648826145700 0.4370767801620749 0.8625246205084607
1735978193.339376 17.5491814410758238 -30.3751314236179404 1.1938108821234599 0.0232372717222320 0.2773916678237061 0.3482245648504911 0.8951276692514740
1735978193.437757 17.6958796519794497 -30.3390758396916524 1.1843423975599447 0.0458500029752713 0.2863785609869089 0.2723494165789146 0.9174480324919554
1735978193.537772 17.8363519411664164 -30.3142712400006467 1.1825970336096756 0.0737897750305364 0.2779189820795041 0.2170451635381976 0.9328491332930059
1735978193.637756 17.9659509291743369 -30.3052896063597359 1.1952560283899745 0.0894031855442770 0.2694524364118710 0.1690149556216810 0.9438413000618503
1735978193.739322 18.0923418188076397 -30.3234203999569765 1.2005271356832627 0.1045553114919057 0.2712479269387789 0.1216880985507337 0.9490441273414806
1735978193.839369 18.2284105614129928 -30.3591588336392952 1.2003983791099690 0.1208280913992034 0.2624226930314030 0.0672541489913843 0.9549930795322115
1735978193.937753 18.3656105832365704 -30.4243397848356629 1.1917204144153613 0.1342370494292000 0.2388694459215901 -0.0071084980597166 0.9617022780575026
1735978194.039332 18.5034255685813918 -30.5157530866245423 1.1875295147749747 0.1368191324244861 0.2202054994775453 -0.1055383257019362 0.9600269396274710
1735978194.137800 18.6167323301889240 -30.6275789517941490 1.1851065592259720 0.1430702658776685 0.2192308879261230 -0.1970338233979698 0.9447996556085289
1735978194.237731 18.7174144884346703 -30.7527744408203247 1.1671011554357316 0.1562654543086517 0.2487372360481440 -0.2668865609627508 0.9178684321678768
1735978194.337733 18.8072986784455800 -30.8849753625969932 1.1453888821290270 0.1676222358701592 0.2454709580520283 -0.3176627434461061 0.9004094492069714
1735978194.437799 18.9013717036785067 -31.0224580046804341 1.1346112472606835 0.1667801222471102 0.2339804811486272 -0.3531266638213844 0.8903589638809030
1735978194.537684 18.9986116945287371 -31.1551903176712521 1.1385983332439136 0.1624509153715261 0.2472233847341163 -0.3704421452161326 0.8804901562102952
1735978194.637732 19.0977156519112086 -31.2705614515935508 1.1554579274755679 0.1572753768776896 0.2672831794641912 -0.3717875066396266 0.8749846899861639
1735978194.739309 19.2000572836033285 -31.3879611429790017 1.1692306738783367 0.1583936214896480 0.2693724929443785 -0.3732106308702887 0.8735352000473285
1735978194.837732 19.3032270197657603 -31.5182680730570652 1.1683067642268483 0.1487518913641301 0.2467725691615182 -0.3819197307901830 0.8781306811393005
1735978194.937750 19.4120390345683447 -31.6663093763422161 1.1597670087098295 0.1334532658749555 0.2351285722580558 -0.4022719933219457 0.8746896728120124
1735978195.039368 19.5243864195171746 -31.8270291793037821 1.1631047549268692 0.1214890477154513 0.2274874060818414 -0.4369046151105231 0.8617448860622694
1735978195.137694 19.6293784980796637 -31.9851566534900797 1.1715195581174829 0.1305924468228399 0.2434721259895917 -0.4619277512107183 0.8427868587966599
1735978195.237687 19.7320900258925924 -32.1482072219977368 1.1823518415739873 0.1481502589409618 0.2528713471989208 -0.4805813169008558 0.8265283905513278
1735978195.337769 19.8423755005453195 -32.3039395321476164 1.1831847806293616 0.1494318537445307 0.2470272502355044 -0.4974314401564990 0.8180523339441005
1735978195.437747 19.9722088992231974 -32.4462117287290326 1.1802281961390686 0.1258829383937240 0.2303882437206650 -0.5003533132154884 0.8250583645603217
1735978195.537773 20.1146547979635706 -32.5729537568106622 1.1892393707638274 0.1104779266179924 0.2227615882748109 -0.4752578195640933 0.8439798027575406
1735978195.637758 20.2681928888399305 -32.6672318563724389 1.2136366971035317 0.1011932531844134 0.2353144189009160 -0.4332286796789758 0.8641180248501306
1735978195.737826 20.4237243068188121 -32.7580528541471097 1.2252442276882518 0.1048601175080069 0.2468195940637662 -0.3934190730150138 0.8793781193152419
1735978195.837791 20.5913687791459736 -32.8452778849856699 1.2240839126408689 0.0941646082397860 0.2395099014995348 -0.3577123498446663 0.8976691530888972
1735978195.937825 20.7577648272968247 -32.9355923911818778 1.2162572168527737 0.0755062982913599 0.2207741454399117 -0.3407164986971594 0.9107523500596425
1735978196.039317 20.9177280824884377 -33.0244053671162447 1.2140640443885631 0.0616436233363889 0.2051763419767706 -0.3431584261505220 0.9145190139941812
1735978196.139421 21.0748825093977388 -33.0989472854241455 1.2111540279626440 0.0664493196329232 0.2214249675256537 -0.3275108693228196 0.9161288676556348
1735978196.237775 21.2401599428023538 -33.1577531526492919 1.2075312378426086 0.0651960563090433 0.2451247619305360 -0.3107456695777205 0.9160242650546657
1735978196.337781 21.4109816087626790 -33.2061914148019355 1.1948310792288577 0.0533917826263774 0.2654326095628091 -0.2937741412094141 0.9167287501138635
1735978196.437687 21.6033184790976023 -33.2419894440311836 1.1922857568557852 0.0342375604585804 0.2631132851402329 -0.2716039727206143 0.9251110585432104
1735978196.537717 21.8012600841331299 -33.2483467636342880 1.2028510897864952 0.0173271529329884 0.2602130372340261 -0.2317055581157892 0.9371774001558781
1735978196.637649 21.9907122357857041 -33.2142747338113864 1.2226092157162318 -0.0191930658220717 0.2661330320307632 -0.1714633215159546 0.9483697405870659
1735978196.739349 22.1729270113542789 -33.1572229664315259 1.2430448692709546 -0.0366120309052686 0.2683341048292073 -0.0999950120437056 0.9574222500782394
1735978196.837710 22.3477407954332357 -33.0975669233780607 1.2493175819449363 -0.0509335440457222 0.2650318421118100 -0.0414109659045269 0.9620026136454191
1735978196.937537 22.5178340134850927 -33.0383246692782322 1.2550967045030237 -0.0628404523083825 0.2432635270388832 -0.0059373019577328 0.9679042733719813
1735978197.037773 22.6832705166274415 -32.9861329168574073 1.2669557451808613 -0.0637956980746551 0.2331412142753424 0.0183256031108308 0.9701749612229800
1735978197.139374 22.8499437114137756 -32.9272538920209072 1.2698176115757318 -0.0624329210823893 0.2574085440857120 0.0389051680443946 0.9634985001006654
1735978197.237636 23.0040611038184259 -32.8589587162935288 1.2651018460517314 -0.0688918328475676 0.2564647531633678 0.0621339178690321 0.9620910154460440
1735978197.337731 23.1660017639704385 -32.7722937596695658 1.2528687449379756 -0.0819271442285115 0.2370010809286545 0.0995572997112287 0.9629157672150864
1735978197.437576 23.3079272530161461 -32.6613401704682786 1.2551203726309159 -0.0907250259347081 0.2176137689418312 0.1561842320214883 0.9591765754562274
1735978197.537709 23.4389726086313992 -32.5360589419364388 1.2568500822662034 -0.1052439711510292 0.2301895926924599 0.2183092226495731 0.9424847697753954
1735978197.637819 23.5496564121053709 -32.4026104520918210 1.2532931012501909 -0.1155233886372520 0.2454899932792416 0.2724725088293926 0.9231184874162910
1735978197.737773 23.6557603394920299 -32.2686093886996090 1.2504643658608263 -0.1260100863647114 0.2408965421889989 0.3084717087613071 0.9115566460673857
1735978197.839331 23.7764467885150168 -32.1368154574824487 1.2576800376748563 -0.1347524445536202 0.2197590855616159 0.3164828822779807 0.9128999442572925
1735978197.939507 23.8867855297109983 -32.0076500293240187 1.2803279602277129 -0.1205332229416343 0.1900450775451185 0.3326765491499558 0.9157952414780551
1735978198.037805 23.9869288617130607 -31.8730382192010815 1.2831583889588611 -0.1287274159950273 0.2156679792543139 0.3356694309850549 0.9078780800293471
1735978198.137790 24.0674604420089899 -31.7167873230855406 1.2808770060755723 -0.1312289880029366 0.2027575455459559 0.3613345949373062 0.9006140354965592
1735978198.237659 24.1219903303974768 -31.5403933817790900 1.2817701972380500 -0.1388524140202380 0.1820620794026978 0.4163791843675871 0.8798873684680906
1735978198.337744 24.1475133968598143 -31.3604186230326860 1.2830520649432666 -0.1413288556928547 0.1785469445322548 0.4811689630312284 0.8465362202305325
1735978198.437719 24.1543799498140892 -31.1741817607157436 1.2761811959509266 -0.1575932381659399 0.1981290550304657 0.5332296513527406 0.8072021975659771
1735978198.537780 24.1546646770654228 -30.9942620948976533 1.2565606219981718 -0.1631850494751972 0.1878260984486546 0.5845936318976418 0.7722320130077864
1735978198.637770 24.1633040552960914 -30.8015010347833318 1.2467951245653621 -0.1633818952289820 0.1852686054136890 0.6119094251008679 0.7513645956738834
1735978198.737681 24.1838302842045394 -30.6180350106156105 1.2489125343137124 -0.1523935140690772 0.1822734570792797 0.6186260964419615 0.7489021007548496
1735978198.837752 24.1964264297075928 -30.4427291215795890 1.2531154531829807 -0.1627975256209012 0.2022167605947384 0.6158864148666967 0.7438341692668665
1735978198.937774 24.2042923506350647 -30.2579184748484984 1.2517248560834966 -0.1738396304998737 0.2088850276944134 0.6149749199331475 0.7402382561891748
1735978199.037777 24.1899551908334338 -30.0709598510930682 1.2337822958375100 -0.1753765036023073 0.1872226946025763 0.6301845760028321 0.7328425102149241
1735978199.139448 24.1515134108007636 -29.8837628923741896 1.2258051504308134 -0.1717781838944189 0.1718682010592491 0.6640853517054158 0.7070673395461614
1735978199.237584 24.0824683447042815 -29.7066021563726785 1.2313815512022137 -0.1766979286514871 0.1678897008687133 0.7065427747841722 0.6643705274564567
1735978199.337733 24.0003874115145059 -29.5408876603056605 1.2262017397850276 -0.2030871130182772 0.1817375449259715 0.7391249829602410 0.6159718734278421
1735978199.437638 23.9238793443688991 -29.3711178951417402 1.2136881104356358 -0.2081830615847396 0.1726843080996818 0.7676597987068281 0.5809805298413460
1735978199.537690 23.8580857709885663 -29.1964318541445884 1.2118878095169818 -0.2035603172618843 0.1604564009559264 0.7750559469095514 0.5762857102068824
1735978199.637730 23.8168710928818221 -29.0136344789739624 1.2263594170305598 -0.2025874677647859 0.1644384994078605 0.7676846527819881 0.5853021200202007
1735978199.737710 23.7812283483054578 -28.8289497009416849 1.2292910764096645 -0.2199090154618178 0.1690786974120702 0.7539181172688079 0.5955332832461239
1735978199.837759 23.7367548893451819 -28.6483000215671595 1.2254871405207346 -0.2203792069530759 0.1622142473904162 0.7517767948316718 0.5999593268205042
1735978199.937737 23.6771949415704412 -28.4827836746761207 1.2160427648121177 -0.2106481890190243 0.1368914473307674 0.7671484039882005 0.5902299538053365
1735978200.039430 23.5954953265861143 -28.3186697021823619 1.2205119424205986 -0.2142195152487550 0.1323562554132813 0.7915800056200897 0.5567700743054188
1735978200.137751 23.4986876575230887 -28.1736242681731639 1.2208493054041134 -0.2439129615720402 0.1478174662296094 0.8095146970562237 0.5131689966322840
1735978200.237686 23.3915271998267400 -28.0273269421050770 1.2144207524483628 -0.2526423686802686 0.1430649148364126 0.8314153668050587 0.4737644473057080
1735978200.339349 23.2879714770349935 -27.8732116440394755 1.2015178686728860 -0.2415473822650416 0.1309125674633273 0.8463783102225840 0.4562461153651928
1735978200.437747 23.1905027699045334 -27.7130785614048634 1.2071670413352502 -0.2280613622846528 0.1170496875762969 0.8492716724591779 0.4615463270675553
1735978200.539427 23.0930248606902246 -27.5639619108026963 1.2157427295097456 -0.2372623400620701 0.1239729952287415 0.8444141088771043 0.4640065637160437
1735978200.637908 22.9898134938114254 -27.4218333471701925 1.2142234313283871 -0.2537885738162126 0.1426625456714573 0.8377461695296703 0.4619741478711087
1735978200.739306 22.8651931650862714 -27.2925719216277614 1.2104528687098302 -0.2399251727832030 0.1178977479798776 0.8534494939066283 0.4473924382873987
1735978200.837823 22.7105123221178395 -27.1895624620336704 1.2073748337344201 -0.2321943165173886 0.0901015362065381 0.8818024280701702 0.4004896882565104
1735978200.937764 22.5527685668304869 -27.1094073749325055 1.2106374868663003 -0.2572109365664144 0.0917551554174481 0.9009124684441824 0.3373132813376288
1735978201.037684 22.3914704381135259 -27.0462673227583359 1.2059659546562975 -0.2784061566881116 0.0927695730683840 0.9161522384409877 0.2730364338882852
1735978201.137759 22.2223240119122671 -26.9832378884873840 1.2051511585759247 -0.2624166287771515 0.0755259102869629 0.9360319270326506 0.2219855432051890
1735978201.237727 22.0607231071722261 -26.9123309739718302 1.2099954271036208 -0.2449160296566869 0.0644671098878252 0.9455579683072936 0.2044021984483029
1735978201.339382 21.9029960464397568 -26.8271906772082716 1.2173098704482230 -0.2360472500208018 0.0680723170403228 0.9469557771800899 0.2071777291979777
1735978201.439552 21.7508592698724428 -26.7434157772437722 1.2116244969463232 -0.2650775876983500 0.0797683022259067 0.9371979997366868 0.2122046176443229
1735978201.537817 21.5842758145165305 -26.6683356182775668 1.1993536544912060 -0.2698045677808952 0.0814219259674898 0.9358485076392806 0.2115739490713355
1735978201.639395 21.4158360234872838 -26.6121463277959194 1.1966434320021107 -0.2484805736142502 0.0677038138910337 0.9481790616655603 0.1860915504260182
1735978201.737749 21.2417629673777419 -26.5691839987218401 1.1980440657229465 -0.2465913978118105 0.0674317100338449 0.9551888587799549 0.1491974901591064
1735978201.837808 21.0690008483556461 -26.5351920576301055 1.2043004067702632 -0.2648073736125475 0.0758865067723564 0.9546684854515248 0.1128112399364788
1735978201.937792 20.8930309439827582 -26.5031513514501498 1.2035648160343879 -0.2628505526825725 0.0756133816384666 0.9582244587517487 0.0836545881681338
1735978202.039590 20.7151011121172743 -26.4510046333023148 1.1983698513549212 -0.2431302703273347 0.0752978086296825 0.9643434349642792 0.0725234521201238
1735978202.139383 20.5364056434968774 -26.3698439483472740 1.2064768523292952 -0.2213247536179400 0.0768308070613868 0.9667506610538004 0.1024965359136317
1735978202.239598 20.3713525242070652 -26.2650986792420795 1.2127196573281378 -0.2211505859263627 0.0844207465861636 0.9607128296121803 0.1449013971941579
1735978202.337756 20.2075142049562331 -26.1582448286974696 1.2139044842081015 -0.2436623326365083 0.0953581698101359 0.9481700856838443 0.1803024562197876
1735978202.437761 20.0489192443043791 -26.0513919701444934 1.2098149009994550 -0.2300983971896649 0.0991511663297549 0.9468145377260199 0.2019059310096158
1735978202.537786 19.8918486575210345 -25.9522962952991136 1.2162673516576019 -0.2134728208894550 0.0994559467227163 0.9519336559501654 0.1958575606718794
1735978202.637760 19.7339416283688642 -25.8634882952392218 1.2288285799212719 -0.2058279251316717 0.1066168694028019 0.9558761349443511 0.1804675124186775
1735978202.737760 19.5772655198807151 -25.7715603942142124 1.2292332745729664 -0.2286525913731254 0.1167461227624502 0.9523022226927702 0.1649509379564091
1735978202.837700 19.4207596953713733 -25.6743072254922637 1.2211421139197882 -0.2235926486662279 0.1140481002368807 0.9552714433945163 0.1563835916256463
1735978202.937771 19.2632355415582488 -25.5511196231336264 1.2120868037426966 -0.2091184979296679 0.1164652161247850 0.9547325896776035 0.1766097094277191
1735978203.039496 19.1292054334995036 -25.4009300493388039 1.2116027015462274 -0.1934914378896340 0.1283088891644658 0.9459261967913368 0.2265425404833717
1735978203.139439 19.0139866788228105 -25.2384509547296823 1.2116230120160245 -0.2049930143444769 0.1447632040303369 0.9261636300615271 0.2815002827353657
1735978203.237639 18.9083998731390963 -25.0731205450956871 1.2081075458031825 -0.2053149693816165 0.1555939218311074 0.9094836037327434 0.3263064041332067
1735978203.337747 18.8035841629072351 -24.9172073352529111 1.1942154917044527 -0.1882963128173376 0.1549099071748141 0.9031063106274057 0.3534775960983123
1735978203.437609 18.7088666950522367 -24.7663309133014415 1.1952629693012264 -0.1723257112690801 0.1578699787374004 0.9019136202117910 0.3632254681675274
1735978203.537804 18.6208050898502186 -24.6185182539024474 1.1950307316782767 -0.1913728298722928 0.1787761192217544 0.8897368875547986 0.3738767311654727
1735978203.639319 18.5466704004128253 -24.4535005946369672 1.1976461201318978 -0.1869397202580302 0.1879100565083293 0.8830283356673129 0.3873038988462436
1735978203.739372 18.4860384020057857 -24.2760507581942910 1.1970926750534034 -0.1526079392642866 0.1858025118834378 0.8758308764279457 0.4184596985932690
1735978203.839347 18.4388582408780870 -24.0795123277426377 1.1972640915164834 -0.1351645371796712 0.1921523467416565 0.8503458828692216 0.4708714293924018
1735978203.937723 18.4336693388999429 -23.8757993654252409 1.2004395918268658 -0.1461377090323997 0.2159148746233281 0.8077046031244064 0.5288079150379648
1735978204.039445 18.4423371196020121 -23.6751848859939322 1.1969177999115304 -0.1385963385643141 0.2362095671911809 0.7666391814330795 0.5807413028152373
1735978204.137774 18.4609293048590111 -23.4796415592208199 1.1914704161963225 -0.1115334311906333 0.2349314479254259 0.7375037202545148 0.6232622009341313
1735978204.237774 18.4751088207793686 -23.2956330574632986 1.1771749622951009 -0.1045337851347585 0.2368368194971081 0.7195688335848386 0.6443614687652027
1735978204.337728 18.4992738871111584 -23.1196130548615848 1.1781569897053883 -0.1038603393372311 0.2381680438974205 0.7001466408064376 0.6650441294728439
1735978204.437484 18.5280946507062581 -22.9560269582266976 1.1810957429211102 -0.1167393420133528 0.2519623585768779 0.6826219272396750 0.6759542886455104
1735978204.537749 18.5690830252481547 -22.7808250101423226 1.1788820010078813 -0.1054557653609510 0.2542416204378283 0.6684690463990384 0.6909337261964013
1735978204.639315 18.6341267835448328 -22.6024779179308339 1.1732142435061423 -0.0754387743087069 0.2493903813998902 0.6405363660864417 0.7223756590007675
1735978204.739338 18.7324252583476607 -22.4346347005343532 1.1676190171401313 -0.0490438305551160 0.2474001845744357 0.5869372444445624 0.7693455156435504
1735978204.839313 18.8567894942572565 -22.2910494221558366 1.1589978682303532 -0.0467539916775099 0.2689840662794520 0.5248162203558993 0.8062441139018250
1735978204.937721 19.0014014456441664 -22.1623085416935908 1.1423838490404172 -0.0410833622826517 0.2898558131450893 0.4683075261307189 0.8336568993889980
1735978205.037813 19.1499026934269772 -22.0455327716057852 1.1339220718965135 -0.0323364665315555 0.2922144163669950 0.4254247561423347 0.8559082104179077
1735978205.139289 19.2986559790630814 -21.9292949099601735 1.1376310321675878 -0.0242260450986031 0.2974412278651225 0.4032736063097720 0.8650504107616387
1735978205.237703 19.4428389850152854 -21.8240850584387829 1.1546637290891593 -0.0136052080346561 0.2742563789857352 0.3917737436032193 0.8781296434599425
1735978205.337791 19.5859920975954118 -21.7298892883774322 1.1779045131649337 -0.0178743115804961 0.2818506626705813 0.3845266888467402 0.8788514883085992
1735978205.437720 19.7403212035460029 -21.6435469531660161 1.1839887470492019 -0.0094810130261679 0.2784610426865112 0.3774927190050211 0.8831018090776028
1735978205.537683 19.9172466561651724 -21.5798503550201559 1.1855269518906155 0.0138074800297907 0.2697227231176657 0.3507844382194606 0.8966656478488934
1735978205.637806 20.1132204090501183 -21.5405598353480841 1.1925363952330847 0.0289841177663235 0.2667697878363424 0.2890268459604621 0.9189435692844302
1735978205.739424 20.3116556626497768 -21.5385252787636148 1.2010729269406790 0.0375494600114964 0.2779325223981651 0.2136053190402751 0.9357971568261686
1735978205.837780 20.5127553105901868 -21.5460983950513238 1.2004399689186043 0.0444175121320316 0.2944127770796502 0.1493807402723683 0.9428857808578557
1735978205.937619 20.7120972402590837 -21.5552598428831139 1.1913239831138780 0.0430458210668122 0.2825220701337904 0.1003185307718356 0.9530291336364183
1735978206.039429 20.8964889004677801 -21.5553451541432999 1.1918177674648858 0.0435719274261413 0.2753155554544480 0.0783400809376467 0.9571654317743944
1735978206.137786 21.0696127315555550 -21.5492152742242773 1.2037938797409211 0.0447499935787014 0.2922281597474641 0.0733154096592242 0.9524835911614524
1735978206.237806 21.2460762137618850 -21.5380306521777278 1.2079516037030349 0.0522535294003854 0.3090045924858300 0.0788692158639840 0.9463431604216672
1735978206.337728 21.4344151970147756 -21.5365247785753482 1.2060254556554879 0.0584466528393239 0.2997846751391929 0.0738082138827241 0.9493500328577495
1735978206.439296 21.6291706372658012 -21.5584972460120845 1.2083641172348942 0.0666306230778911 0.2723052853137117 0.0306532800686842 0.9594115738719754
1735978206.537710 21.8196397629460463 -21.6001727266575898 1.2149876055037323 0.0705817308772932 0.2623722993723318 -0.0216401689453475 0.9621386068942758
1735978206.637725 22.0063638680683624 -21.6545131151849013 1.2131213857732199 0.0713044365201552 0.2931965061568679 -0.0661300873637727 0.9510932118647513
1735978206.739328 22.1945642032872890 -21.7118955547443697 1.2098430184197055 0.0745955590688789 0.2844358290689969 -0.0991376268237061 0.9506332061614496
1735978206.837816 22.3798417308701190 -21.7643794989808903 1.2104720762434615 0.0787130518799412 0.2636497292961203 -0.1059451954227113 0.9555462789800774
1735978206.937787 22.5638609345267724 -21.8020769931290488 1.2256013275060107 0.0824812802237703 0.2619812953533511 -0.1032059276309850 0.9559870165433503
1735978207.037424 22.7420842715070641 -21.8433984942511756 1.2382418384072249 0.0942569684970404 0.2816548135159008 -0.0912491154070336 0.9505050177934387
1735978207.139375 22.9238305444126489 -21.8945142181052645 1.2451384159722441 0.0969970637276325 0.2657892293737254 -0.0860746254009790 0.9552689747077627
1735978207.237700 23.1057711357380136 -21.9665271714645378 1.2421335399406828 0.0976823237619722 0.2436132934585037 -0.1141670601251172 0.9581631433410231
1735978207.339286 23.2760736506673744 -22.0689262800211452 1.2449391730159833 0.1039136508867370 0.2328206534771839 -0.1680850886246290 0.9522310116016477
1735978207.437801 23.4429870425977640 -22.1781290448818176 1.2430854105732454 0.1143216837658328 0.2634051692903385 -0.2189443807764378 0.9325296925773975
1735978207.537701 23.6029614695462477 -22.2934239970476362 1.2299398885679587 0.1247591649042275 0.2756085196803260 -0.2575493672449443 0.9176837244300174
1735978207.637784 23.7572051971083482 -22.3983954802923648 1.2215617676642840 0.1238806332937916 0.2565193339521727 -0.2776481553359317 0.9174763876209662
1735978207.737759 23.9246803358738553 -22.4944142772176114 1.2268305473683727 0.1248374655265743 0.2364585407773904 -0.2751160639971899 0.9234793538704711
1735978207.837793 24.0831761809416598 -22.5846233249300283 1.2350133653290376 0.1363020161996598 0.2483672399248243 -0.2675688688802526 0.9209464560538656
1735978207.937674 24.2504671768603828 -22.6775710954024134 1.2382441099919848 0.1417665884828847 0.2648261635345657 -0.2494424529182066 0.9206235931039549
1735978208.037738 24.4082075266471534 -22.7849538371812734 1.2351717705219132 0.1282553681049017 0.2444315585477818 -0.2517841772971267 0.9275820728113431
1735978208.137719 24.5518807477311540 -22.9167825101421130 1.2383240053264644 0.1308169077701306 0.2271280753096895 -0.2903194300172678 0.9203338538823974
1735978208.239374 24.6820504588691598 -23.0661138107414132 1.2400932219907652 0.1415746889297694 0.2434793476564608 -0.3332834686853300 0.8997758299822786
1735978208.339338 24.8010877230390534 -23.2212892803013027 1.2436779971594285 0.1522455414514832 0.2555905422948256 -0.3720523285967376 0.8792450367123644
1735978208.437692 24.9236716261254116 -23.3706041541546057 1.2419841332257093 0.1495576832252622 0.2326255767321889 -0.3957298204462459 0.8757372606255203
1735978208.537815 25.0547331122968941 -23.5046926457496568 1.2419032214198671 0.1463756142954212 0.2163135994585483 -0.4000792857885651 0.8784754813378896
1735978208.637782 25.1858352229117877 -23.6311658259846844 1.2494971376591051 0.1511386306494382 0.2258329884392608 -0.3959001227841343 0.8771657018132394
1735978208.737645 25.3238284786983137 -23.7553866511230716 1.2494023498165274 0.1591872632871155 0.2509500187727197 -0.3803402482032514 0.8757995197999480
1735978208.837801 25.4599717596509585 -23.8868186046305304 1.2443344303509938 0.1514532227975854 0.2436246861802178 -0.3778897564503714 0.8802887398789642
1735978208.937697 25.5804563774804095 -24.0320465162922012 1.2469416594844456 0.1450227431789419 0.2271427391088200 -0.4060874775627444 0.8731938734311669
1735978209.037752 25.6919480836175325 -24.1863937326016050 1.2588357482189487 0.1388242052783586 0.2179317111949603 -0.4414595637573839 0.8592712393951103
1735978209.137752 25.8047750182006794 -24.3444078948383620 1.2570829141263404 0.1529705512006986 0.2452647670314455 -0.4673588680267774 0.8354764467027750
1735978209.237749 25.9224625703709890 -24.4994253743515493 1.2511322530755737 0.1557636833781160 0.2314998577787696 -0.4900559924413893 0.8258272307578484
1735978209.337742 26.0493660410494030 -24.6420100507198825 1.2485279568990304 0.1456239649354754 0.2138146531415077 -0.4957497145342353 0.8290411180862336
1735978209.439380 26.1882566130279955 -24.7736780006963677 1.2546205865957942 0.1413773013504983 0.2034158480263296 -0.4844282739590747 0.8390254458737300
1735978209.539282 26.3361556296101043 -24.8920845078712638 1.2604464767318808 0.1553644975644642 0.2261301822930607 -0.4607719214437653 0.8440475401075874
1735978209.637826 26.4863365183042845 -25.0162187487367440 1.2601963263136875 0.1502728591460286 0.2269493461828009 -0.4417075911720534 0.8548721927705095
1735978209.737750 26.6312118766260326 -25.1447458040599869 1.2595396385524007 0.1391648415648936 0.2150697818776267 -0.4465558654398035 0.8573015775307053
1735978209.839309 26.7655295013740968 -25.2771123281150416 1.2648232796746244 0.1309434635790112 0.1950844403550584 -0.4722339047822405 0.8495828444898141
1735978209.937819 26.8929170153956960 -25.4083342083460906 1.2672436720079066 0.1314985715139011 0.2218644767223999 -0.4879924293991559 0.8338750916699748
1735978210.039298 27.0271823142413901 -25.5348655932752493 1.2599246847375600 0.1369231862019957 0.2321606496366913 -0.4978377347253557 0.8243246106504947
1735978210.139338 27.1770721584386301 -25.6555476996329617 1.2541401934283065 0.1248899578577584 0.2150354628744887 -0.4938781774504366 0.8332146145927092
1735978210.237792 27.3366316282469448 -25.7577904946650129 1.2534633401609356 0.1200069975047190 0.2161521104073504 -0.4724023911475725 0.8459979707744024
1735978210.337704 27.5040515435187665 -25.8330054902528339 1.2615841692282663 0.1256417755136293 0.2466008321853400 -0.4333338930504644 0.8576852050402929
1735978210.439341 27.6837462089169364 -25.9070182505749642 1.2610123365702062 0.1258287401027715 0.2596775695186678 -0.3957850745054355 0.8718307535592866
1735978210.537695 27.8614042335795027 -25.9720091371743180 1.2568924325823141 0.1118434593209786 0.2404800582603780 -0.3742378074445632 0.8885980225418512
1735978210.637774 28.0270563485107971 -26.0331624899628338 1.2600088938700715 0.0888584719984229 0.2235147469267373 -0.3779240123089561 0.8940462911844568
1735978210.737738 28.1904434221277036 -26.0840120813898366 1.2684065965423927 0.0855488911977717 0.2310253068288847 -0.3677473100491047 0.8966998443019266
1735978210.838267 28.3573314419284941 -26.1238372791376285 1.2689087183545438 0.0867206744459884 0.2588056855710436 -0.3576929659820763 0.8930592834894447
1735978210.937947 28.5381600788790024 -26.1522053048809937 1.2723608214702571 0.0689929206805396 0.2394526353146119 -0.3341612100891701 0.9089767312800685
1735978211.041687 28.7259896901002847 -26.1509983867516311 1.2693993425715704 0.0415567324686661 0.2251753007524122 -0.2866986503037990 0.9302542694508682
1735978211.141138 28.9173620132600107 -26.1374382119950575 1.2708263739294312 0.0268643091062469 0.2338172064260026 -0.2280369263103526 0.9447788011562871
1735978211.237752 29.0979297360656517 -26.0878536057438772 1.2723017951637339 0.0067729840594340 0.2674004761387178 -0.1610200429153244 0.9500124514064354
1735978211.337723 29.2805320056470890 -26.0241405286085019 1.2740817571109699 -0.0094370654637001 0.2804488317017687 -0.0980254122439120 0.9548038610871650
1735978211.437586 29.4529357208143310 -25.9555319875445925 1.2746023642884714 -0.0303827480898618 0.2698874553697306 -0.0550278226492054 0.9608379617745374
1735978211.539452 29.6150935941312454 -25.8898205411483211 1.2863196303858637 -0.0489200350698271 0.2424752809035677 -0.0374651092799898 0.9681988090811418
1735978211.637824 29.7747290843288823 -25.8178347489871491 1.2932953885037406 -0.0505609363793732 0.2488738463545974 -0.0080574873362007 0.9671817188155161
1735978211.737686 29.9295933231213382 -25.7290680893347989 1.2888368878621015 -0.0496244629009258 0.2711456161245676 0.0181277817263771 0.9610873274931391
1735978211.837590 30.0754664321666922 -25.6201821125729303 1.2869927166435684 -0.0514798167315916 0.2383557346619130 0.0644548374372394 0.9676683037869952
1735978211.939425 30.2155756401405995 -25.4864623110848463 1.2750992493088777 -0.0682090990892044 0.2258515540842182 0.1285563198605500 0.9632299138539534
1735978212.037780 30.3329311794196101 -25.3405051679858957 1.2790417062438288 -0.0796291153974751 0.2191014592715319 0.2018942979799776 0.9512583492244749
1735978212.137657 30.4366775185209555 -25.1819559579161805 1.2703687051828663 -0.0968397114365322 0.2432416006367619 0.2658205014799908 0.9277904154503224
1735978212.237727 30.5279726836670413 -25.0210025952181994 1.2645845660864041 -0.1041643694863736 0.2279170996236688 0.3257206677301493 0.9116521411383107
1735978212.337743 30.6152577340339747 -24.8707539660253723 1.2477076995030500 -0.1171841345606397 0.2214817961221245 0.3549613862515256 0.9006753615283294
1735978212.439352 30.7093520722828579 -24.7182399571652915 1.2422213756785891 -0.1301910570861154 0.2331844752925722 0.3633355275990147 0.8925595686124672
1735978212.537687 30.8085392966172336 -24.5677465757794522 1.2380692926342334 -0.1423894122737677 0.2592709478989408 0.3556149117344604 0.8865900210356575
1735978212.639436 30.8954566070016270 -24.4061616348120261 1.2376010026974187 -0.1406088828898504 0.2504341567669250 0.3578914032888137 0.8884962682132499
1735978212.737718 30.9543990778821225 -24.2262079511772050 1.2322954628386380 -0.1464149950303441 0.2182177764225796 0.3893187589867898 0.8828219272222656
1735978212.837692 30.9891646463257153 -24.0322629723771151 1.2334081324148403 -0.1585384494900748 0.2140517654328173 0.4370211357655424 0.8591041430714745
1735978212.939580 30.9984058758675260 -23.8293408228381303 1.2290784724908530 -0.1873010574563242 0.2390079796511839 0.4817808953356328 0.8219979734940944
1735978213.037840 30.9981102072943209 -23.6288787380610010 1.2222287907488993 -0.1975916999391452 0.2287294077149348 0.5293605118873281 0.7927280912241723
1735978213.137733 31.0048844732489925 -23.4317178612300658 1.2184226956292674 -0.1970674718913036 0.2134033791857514 0.5525352313572537 0.7812350653826662
1735978213.237781 31.0262920954495272 -23.2409842153243744 1.2280527031613315 -0.1885445448241785 0.2141046057430044 0.5577712300367006 0.7794237790573380
1735978213.337826 31.0493724721517381 -23.0565296794362808 1.2315813551001207 -0.2047244044520846 0.2337596263170660 0.5505103105087160 0.7748436960764680
1735978213.437582 31.0589338364356671 -22.8697411587542909 1.2388900432971954 -0.1976362883394581 0.2225375833862905 0.5577647317470036 0.7748002487939619
1735978213.537762 31.0430364917236759 -22.6792382207219454 1.2505379527556060 -0.1823806668166144 0.1922291770695420 0.5896597651002279 0.7629459989256369
1735978213.639290 31.0085582841513876 -22.4918373671037202 1.2673620485204413 -0.1785751658907766 0.1841207425741492 0.6318179028362974 0.7314482893113967
1735978213.737711 30.9527026973996477 -22.3113506318817301 1.2800428919610591 -0.2011867404493873 0.2060028199821152 0.6666459798591149 0.6875099062300467
1735978213.839355 30.8921165025563660 -22.1353236477799555 1.2737197413526105 -0.2040283663500876 0.1992408773025546 0.7012108656649462 0.6534361639897501
1735978213.937738 30.8361896190447169 -21.9643508847230109 1.2737515846408090 -0.1961155586495315 0.1766163875446357 0.7235656718390249 0.6378072262387797
1735978214.039337 30.7895615633832058 -21.7939848967494001 1.2858581137497869 -0.1809752708194799 0.1535473329041538 0.7260932828597071 0.6453368984459593
1735978214.137589 30.7449712224680098 -21.6245345094475567 1.2896632710219242 -0.1893032843486118 0.1662560010528626 0.7272365439180679 0.6384749155909286
1735978214.239413 30.6933631759988828 -21.4526373918889988 1.2811818230474188 -0.2077634325416576 0.1948963016689836 0.7168608115359332 0.6363649617776769
1735978214.339499 30.6226607032444917 -21.2850146376148430 1.2791416349376277 -0.1902926795873544 0.1751232828533962 0.7317081097592579 0.6306534500108976
1735978214.437820 30.5276035220896063 -21.1257977108602617 1.2815523149729131 -0.1813800087832491 0.1547409304090085 0.7599514143131264 0.6046737837490739
1735978214.539330 30.4242305691618853 -20.9731638868043326 1.2895351953995362 -0.1945208638875505 0.1639749832380980 0.7820558038072600 0.5689134891315962
1735978214.639380 30.3121891869748197 -20.8369284538529165 1.2882813483322988 -0.2233715545412117 0.1785276735932444 0.7964988991004668 0.5327499620975781
1735978214.737695 30.1962437201965912 -20.6953257419704890 1.2883521371026849 -0.2095004980473134 0.1479658552100434 0.8155036148830457 0.5188154788771954
1735978214.839354 30.0928339092373314 -20.5550379991256200 1.2919715483893386 -0.2079373706319220 0.1237404350039983 0.8164286647502687 0.5243039099737838
1735978214.937779 29.9904448520818434 -20.4114039639291356 1.3050298656589159 -0.1969984138626361 0.1049957521383875 0.8152341233495300 0.5343789302498960
1735978215.037719 29.8918215306406907 -20.2725646336301821 1.3051942345519647 -0.2330430134781857 0.1229862306415773 0.8041183452503659 0.5328780608857868
1735978215.137824 29.7810202039980965 -20.1362310602920331 1.2989241017500082 -0.2335567457999463 0.1271441329877020 0.8066524132807041 0.5278233606866610
1735978215.239316 29.6497703325227775 -20.0145431532096580 1.2934128060628920 -0.2144878550235906 0.1072830313934542 0.8280103439783856 0.5068374310241951
1735978215.337695 29.4954650932233626 -19.9063531844601371 1.2878035336967006 -0.2223148537487767 0.1036540868449719 0.8516545091794477 0.4631592955747615
1735978215.439391 29.3350775398944776 -19.8166524386756251 1.2887956518125772 -0.2519674345940214 0.1054485938285212 0.8714773257373243 0.4073331274146710
1735978215.537746 29.1643931057716124 -19.7391782980924972 1.2836302906240555 -0.2636350044392122 0.0967719843915840 0.8935347203364145 0.3503248078920151
1735978215.639378 28.9926152744051073 -19.6654246064059741 1.2794418530702558 -0.2448652351958880 0.0828869912837754 0.9147166535428014 0.3105868751248908
1735978215.739510 28.8376737871154312 -19.5776285916040926 1.2823409665768974 -0.2295078653640997 0.0744926621201578 0.9210609940522229 0.3056527903713583
1735978215.837688 28.6827100972064493 -19.4812841833866770 1.2816186076441658 -0.2391234027427349 0.0826602878762810 0.9170310248781447 0.3082878111114448
1735978215.939475 28.5312267186747661 -19.3907728780624922 1.2748301206071182 -0.2614958676154510 0.0968399812100429 0.9078434151666320 0.3131489466657477
1735978216.037750 28.3656535090047903 -19.3105411294986240 1.2632325588251032 -0.2446482727782850 0.0907282162140142 0.9160186251451090 0.3046727618224009
1735978216.139355 28.1867735295591295 -19.2563222136337409 1.2548254992895373 -0.2401432609264476 0.0734443027163992 0.9309137579854758 0.2652107158911058
1735978216.239402 28.0089926210858273 -19.2233933933239349 1.2564190498745986 -0.2648766821386296 0.0761343518382095 0.9371649906097400 0.2139291567431912
1735978216.339336 27.8259763146335217 -19.2022577008471451 1.2609628976254261 -0.2877328255249733 0.0791832654553185 0.9403893563432026 0.1631186380021148
1735978216.437749 27.6382937748745796 -19.1758871812261020 1.2537607853884303 -0.2809832094827073 0.0752015812769871 0.9486449067358983 0.1243623700573313
1735978216.537711 27.4592522341879821 -19.1423509478105949 1.2490162775217353 -0.2658666531104206 0.0707864766140158 0.9545022121663131 0.1150205393051653
1735978216.639304 27.2851185794185156 -19.0897610615513109 1.2592241639556669 -0.2368645252051091 0.0689105858829670 0.9605897099874673 0.1281168877190595
1735978216.737737 27.1106818047551918 -19.0298666087792441 1.2550039541059652 -0.2639684159175773 0.0698542870410810 0.9515117104822369 0.1416563404691613
1735978216.837698 26.9334619130332804 -18.9710634221006416 1.2466081727532194 -0.2693152437789981 0.0797544580952439 0.9472632981873540 0.1542749810870479
1735978216.937688 26.7581329460493187 -18.9206849257517185 1.2350706408178209 -0.2476040234860793 0.0768657968642575 0.9547487400415579 0.1457351715097825
1735978217.037632 26.5786624910868028 -18.8786534706108284 1.2338329191658202 -0.2461774650472145 0.0785663700969655 0.9575929571266414 0.1274351193908833
1735978217.137649 26.4024218778161774 -18.8456400663694126 1.2357762123517513 -0.2658475456470070 0.0929986796763867 0.9540867341793270 0.1019550475206484
1735978217.239331 26.2239386238714332 -18.8070342091873997 1.2347330072589608 -0.2713852329985375 0.1065378949379042 0.9528580456551443 0.0840314053362708
1735978217.337748 26.0401443622427387 -18.7541116268869210 1.2271826660885965 -0.2511711959392487 0.1199943486972255 0.9565644037941807 0.0865963509915971
1735978217.437743 25.8644298682031000 -18.6624285310439610 1.2360510335280377 -0.2052910445321021 0.1349777443029821 0.9607417566647743 0.1288870535720362
1735978217.537740 25.7050219962604842 -18.5566272608872929 1.2451864186526094 -0.1872782436815391 0.1489572017140461 0.9537945047341041 0.1816993512374337
1735978217.639358 25.5583472247021959 -18.4445040076884830 1.2388806267242216 -0.2145709739741844 0.1621355892494883 0.9357763592115679 0.2280218265149935
1735978217.737818 25.4144979690058186 -18.3312923660955605 1.2267396114606559 -0.2141311863664320 0.1669425592086352 0.9268923515716814 0.2591304411837679
1735978217.837761 25.2779935893025858 -18.2224495064007854 1.2224077649299021 -0.1998520898223881 0.1749901501585879 0.9260597669218198 0.2680501774478128
1735978217.937797 25.1419634972993791 -18.1050760328846430 1.2217692677942502 -0.1948837647493628 0.1812539774290340 0.9239999620933064 0.2745749150138059
1735978218.039379 25.0170845829102504 -17.9838838598742399 1.2215366498537710 -0.2219540765700321 0.1857869773178075 0.9141455988907975 0.2838263747110935
1735978218.139439 24.9028122555272127 -17.8434720079835500 1.2135541561181671 -0.2214523600749697 0.1902907718497546 0.9082806890317331 0.2996238713755811
1735978218.237710 24.7996515443236731 -17.6826470021594453 1.1967933201955998 -0.2063311936109625 0.1918969488280440 0.9009035490819473 0.3301148206686792
1735978218.337774 24.7145844832728869 -17.5084425256086291 1.1925025787032368 -0.1955848918265059 0.1954763691742148 0.8798534175189007 0.3865145571178287
1735978218.437707 24.6581549317903388 -17.3195633310994062 1.1953757712728754 -0.2016245099893753 0.2061149134825261 0.8481588309596877 0.4443993664225132
1735978218.539262 24.6106020060429529 -17.1313577073378802 1.1985905513260158 -0.2027516824392430 0.2141707243181735 0.8133688603542013 0.5014516458435381
1735978218.637777 24.5654335723069721 -16.9378549399846072 1.1954198194854810 -0.1915826430009873 0.2094284933061910 0.7878605378884075 0.5465451215869044
1735978218.737807 24.5144866060546782 -16.7623282375806504 1.2007629216359195 -0.1824052927473294 0.2056848982697475 0.7766735501307785 0.5667452940508442
1735978218.837648 24.4572647412082347 -16.5980909844593043 1.2163189252080864 -0.1706981403435195 0.1981389727156793 0.7750636949480820 0.5752211410821633
1735978218.939441 24.3882946134975569 -16.4409348095711927 1.2221856373189848 -0.1848043869269660 0.2078433055790909 0.7758580317717960 0.5662974602041754
1735978219.037760 24.3114860543806444 -16.2754217751608579 1.2180731065093966 -0.1830663360260178 0.2008406550496551 0.7797143623117823 0.5640879905634982
1735978219.137702 24.2503703150251795 -16.1019617743909897 1.2151970909676386 -0.1744112948616518 0.1935825144682863 0.7716535153360140 0.5802218218805544
1735978219.239414 24.1973028485226429 -15.9210448149055743 1.2278922629933919 -0.1591761543872633 0.1798776873064861 0.7533251300931760 0.6122158262033509
1735978219.339266 24.1433726543710776 -15.7518847724468340 1.2281189317532517 -0.1792624838509058 0.1859689106437523 0.7314547429434748 0.6310740726595215
1735978219.439493 24.0903083088329844 -15.5809238678241808 1.2233337975983249 -0.1880317688847106 0.1910555015016254 0.7184782157233818 0.6418184344244056
1735978219.537722 24.0166318363130422 -15.4172867066714367 1.2217622596198014 -0.1764936851883238 0.1704874994127918 0.7286467654769669 0.6394199580812069
1735978219.639257 23.9210500832745545 -15.2577988605096717 1.2310133242967793 -0.1775283081253226 0.1557001867631928 0.7523384789641391 0.6150024103416125
1735978219.737820 23.8075859347124137 -15.1236351320276849 1.2377110430989839 -0.2039411523818270 0.1632148716643133 0.7715019313599381 0.5801324693039167
1735978219.837677 23.6841575285199930 -14.9865380396421006 1.2306521763533254 -0.2143297394818545 0.1563693858905648 0.7931949308400382 0.5481360958918094
1735978219.939458 23.5603189872735612 -14.8570660023843857 1.2169621957763133 -0.2098137910699376 0.1419273726537757 0.8078299751704241 0.5322081596373818
1735978220.037726 23.4529459173580008 -14.7209556420854799 1.2160064638699253 -0.2014357489947622 0.1310988800207375 0.8069338241846638 0.5395317655809909
1735978220.137717 23.3469197692852717 -14.5932269954644944 1.2160395823211070 -0.2186506116286116 0.1402506158385093 0.7981341008553550 0.5436024575396683
1735978220.239417 23.2356670864840353 -14.4628089461187166 1.2100458564059133 -0.2404939997617978 0.1535041057853589 0.7873285585373465 0.5465463077334931
1735978220.337730 23.1084771022941311 -14.3375757093935157 1.2070724057366311 -0.2238317018062509 0.1354505979339927 0.7975046500628656 0.5436348387603097
1735978220.437768 22.9592564976994353 -14.2266438525434520 1.2082254734814761 -0.2114548881045129 0.1170677284443457 0.8206023818983680 0.5178742203241189
1735978220.539454 22.7967696314113581 -14.1349386095967375 1.2145719466935834 -0.2118376058690578 0.1144683718629960 0.8461518559974122 0.4754459561031467
1735978220.637785 22.6228993047376754 -14.0540665248385590 1.2161009142991248 -0.2407171199856465 0.1218980838695730 0.8658619588734597 0.4212827951276408
1735978220.737535 22.4414877659714946 -13.9833909753230898 1.2069219711835277 -0.2351518039961700 0.1120380891442468 0.8886763398837123 0.3773664778291008
1735978220.837801 22.2762248464521946 -13.9088871264183087 1.1979348754814136 -0.2219740629706524 0.1011484953026675 0.9006112905385977 0.3597162779479248
1735978220.937738 22.1180855027742496 -13.8222337890928273 1.2018531306964060 -0.2141343545564208 0.0986414501899323 0.9038396210625371 0.3570578131068716
1735978221.037449 21.9583751455616571 -13.7428076707411719 1.1850339779820462 -0.2508685616394344 0.1027992065243248 0.8982694290520281 0.3458458048747647
1735978221.137808 21.7898257670720135 -13.6679976561190077 1.1751534327918394 -0.2613648485414735 0.1009733705809982 0.9003209139819358 0.3330391061529216
1735978221.237779 21.6093852067732222 -13.6044110658802069 1.1691502653607460 -0.2441499781013687 0.0842507061964608 0.9180481939760595 0.3007991360290027
1735978221.337505 21.4263485216584684 -13.5597604322856586 1.1812094488472789 -0.2362368801801465 0.0715083818652366 0.9360537386920393 0.2507630077312486
1735978221.437796 21.2461615482966479 -13.5277297245891557 1.1967243345858178 -0.2464259528781045 0.0712733837508170 0.9456940681363817 0.1996423903094923
1735978221.537833 21.0687195895775510 -13.4999985903319466 1.1994588061480866 -0.2516180410035231 0.0691373861297842 0.9531014631438302 0.1533166143435883
1735978221.637431 20.8910162731354525 -13.4661588972312565 1.1923712050914375 -0.2404279756576755 0.0614243877525263 0.9604769368024623 0.1261169575471065
1735978221.737429 20.7178465523254225 -13.4047411686997098 1.1976882582692330 -0.2316398824663706 0.0553460047626352 0.9618676520785457 0.1345005743210265
1735978221.839476 20.5495792268507422 -13.3241054630355293 1.2020169340320470 -0.2408323889376171 0.0601154829377974 0.9571808657841329 0.1489653628414789
1735978221.939344 20.3812561935275838 -13.2383298306078654 1.1986041227284499 -0.2634583433766959 0.0759726539917788 0.9473389099421315 0.1654292805409802
1735978222.037663 20.2054955513432226 -13.1554258318343997 1.1904470736486661 -0.2452069055628152 0.0773852986733611 0.9500151634026791 0.1770770406306941
1735978222.137617 20.0336912183591451 -13.0925797976839622 1.1955401814004853 -0.2309831444277393 0.0662043249354786 0.9570719605912912 0.1621019327462005
1735978222.237471 19.8631179447503641 -13.0419526300436086 1.2065698232359594 -0.2351090445478270 0.0725457670065148 0.9596901093528976 0.1358519152292973
1735978222.339430 19.6922375689883324 -12.9961433161296309 1.2120777008063279 -0.2612399779539513 0.0847130496591404 0.9552662700966297 0.1097439125953693
1735978222.437786 19.5187415439752350 -12.9454863098800814 1.2079205474137735 -0.2415243885430816 0.0780080527688795 0.9630127545484376 0.0904828603611161
1735978222.539325 19.3459708196066948 -12.8732123229303816 1.2013472974946144 -0.2303488662954988 0.0737660422087241 0.9647132915687184 0.1040491993428508
1735978222.639365 19.1770312421389519 -12.7729530268467570 1.2108802642701297 -0.2063675690125472 0.0749725508878421 0.9652346404330150 0.1418225369303823
1735978222.737731 19.0093635606347178 -12.6632136612146926 1.2094001654676505 -0.2290242961001436 0.0872907062431919 0.9524812748032941 0.1808524966609260
1735978222.837708 18.8408919782007374 -12.5601137900536450 1.2002299215701935 -0.2339102753419205 0.0947710667330460 0.9440514475619031 0.2123000055488062
1735978222.937689 18.6706031393010932 -12.4728944927364900 1.1903151840147630 -0.2097585588999878 0.0860386889892056 0.9485564672892800 0.2209961975439859
1735978223.037761 18.4951157302423219 -12.4065913642890528 1.1935076587392679 -0.2009451338369014 0.0761323541091627 0.9564897965771091 0.1973630839061531
1735978223.137774 18.3160331652649937 -12.3626326462975538 1.2001620543008604 -0.2252737143797860 0.0874869678965958 0.9563357914736490 0.1643765129337650
1735978223.239343 18.1316042090054239 -12.3176434983579597 1.2009057894315893 -0.2308475573099405 0.0861718765816666 0.9599704684994593 0.1331935155304350
1735978223.337781 17.9535422312596253 -12.2577595956350489 1.2014095536605378 -0.2057649458741114 0.0732825643588339 0.9675921349120302 0.1267119302465131
1735978223.437687 17.7747715534885060 -12.1797850996340156 1.1989371161114253 -0.2049558892343206 0.0637243245682183 0.9645944372598032 0.1532640386194267
1735978223.537711 17.6066620117340626 -12.0869981489404310 1.2033569945781895 -0.2291701301003106 0.0648072596249467 0.9542175924902936 0.1809692149282291
1735978223.639258 17.4386135083585785 -11.9884089190875809 1.1943459704927255 -0.2500297012262981 0.0805371148491630 0.9433698355457885 0.2026136101518680
1735978223.739484 17.2708677855045529 -11.9059025652620996 1.1884101312434836 -0.2233991075822382 0.0792972618788069 0.9477943785694773 0.2132852525189728
1735978223.839483 17.0946943948603582 -11.8464096934007017 1.1900235844850306 -0.2113041667879078 0.0689428018740216 0.9559809799225114 0.1915667121245818
1735978223.937554 16.9162937652998835 -11.7988060064732760 1.1912194550258843 -0.2216421157764731 0.0704433868130682 0.9602156360236785 0.1545911837850903
1735978224.039319 16.7359953688849110 -11.7569653046525211 1.1858208444700669 -0.2540099253642525 0.0785397417634647 0.9570348330042927 0.1157358855179361
1735978224.139398 16.5551414488752755 -11.7123564415101402 1.1730971333257723 -0.2364881293293576 0.0753183227976953 0.9645099028347824 0.0901174914812981
1735978224.237696 16.3749108129564789 -11.6357504237610314 1.1513096535377563 -0.2306888479410000 0.0758470753103747 0.9646758948070316 0.1021288136657295
1735978224.337752 16.2076687261896630 -11.5335234647011866 1.1346606849255021 -0.2420439513870936 0.0854779271596023 0.9564837642201677 0.1387337678744395
1735978224.437796 16.0526664300423789 -11.4120603971363490 1.1360347532161534 -0.2508465307856635 0.0982744646831757 0.9444717539011768 0.1881256326683518
1735978224.537791 15.8947192324040838 -11.2846496685902213 1.1305368192595167 -0.2478096198421726 0.1055537442848800 0.9356407921655817 0.2280901300295186
1735978224.639576 15.7315171716172326 -11.1779669518614195 1.1253670764274168 -0.2281466690306302 0.0927105340209692 0.9383673623079337 0.2425294778929482
1735978224.737695 15.5717240756738757 -11.0945802980568082 1.1295741346175667 -0.2207093300266444 0.0856489466599647 0.9440571645453603 0.2295816187019394
1735978224.837713 15.4012208741411420 -11.0249130146763630 1.1286195972922055 -0.2552247001621346 0.0956726792534787 0.9387514603264652 0.2108382949241872
1735978224.937797 15.2300180569428480 -10.9458771267209105 1.1218395798275247 -0.2521891446675266 0.0935577710776509 0.9435520628033196 0.1932798064010924
1735978225.037697 15.0634014519636974 -10.8536279379724565 1.1052534697723333 -0.2343081326290060 0.0870528316837466 0.9473777391549426 0.1999923069355889
1735978225.137793 14.9112019581857904 -10.7383545205661761 1.1046096639498559 -0.2167599969983834 0.0905785027014028 0.9419803164138196 0.2397576318671696
1735978225.237932 14.7702109395507239 -10.6108549953945044 1.0963806704001020 -0.2445848800078359 0.1030274415151983 0.9215355526620065 0.2834357210132753
1735978225.337714 14.6307077141439841 -10.4754685327787289 1.0871864179672450 -0.2707122747925316 0.1214883422404388 0.9012761746311939 0.3156845007574567
1735978225.437698 14.4905425314215890 -10.3487599351033790 1.0758900201576893 -0.2414207128571538 0.1217444271222942 0.9001056764813400 0.3416198252945477
1735978225.537532 14.3450868280345194 -10.2439702097142913 1.0721390048483717 -0.2363176102368131 0.1179569292259701 0.9027964113070719 0.3394094719812832
1735978225.637753 14.1926582738589602 -10.1515705644885355 1.0734954870598912 -0.2642015994167778 0.1238232782025465 0.9034575977761560 0.3140536254548398
1735978225.737699 14.0283722864991773 -10.0686933841799924 1.0842664504702724 -0.2763841788367323 0.1241753040108245 0.9092132219890319 0.2855233729887766
1735978225.839443 13.8721165153744739 -9.9729594808197017 1.0922354109193533 -0.2416433306108072 0.1182660858137820 0.9240249868435020 0.2716605554850929
1735978225.939456 13.7186686619597200 -9.8549740936014718 1.0890785938747338 -0.2177649560133111 0.1224109454151684 0.9225072912513249 0.2942350794232881
1735978226.039720 13.5862305644540253 -9.7159530270036765 1.0966475813584466 -0.2135258780367800 0.1291676306730818 0.9100718148908404 0.3308953223244719
1735978226.137609 13.4562274594950360 -9.5685071725212936 1.0953746247765226 -0.2436451461861601 0.1486281955650947 0.8871718596072846 0.3625917728574951
1735978226.237742 13.3305651320813876 -9.4224927913831547 1.0831483814578415 -0.2283224935989138 0.1526035614127446 0.8794938448182870 0.3886792622300138
1735978226.337775 13.1971666418611768 -9.2954618027505269 1.0766722487000091 -0.2074466608047884 0.1435559729460648 0.8858433174974091 0.3894087600422423
1735978226.437737 13.0612346976033997 -9.1759140967848509 1.0791644673326390 -0.2039298248877272 0.1424843420307901 0.8932163076756222 0.3745336653755465
1735978226.537700 12.9215021569656852 -9.0562549262426213 1.0823153643340850 -0.2411049249761639 0.1607631841991038 0.8890468255266702 0.3544282096269342
1735978226.637730 12.7777676897232570 -8.9457617611443325 1.0851243135446287 -0.2313174868852188 0.1493690309353772 0.9006680635502852 0.3361222280051002
1735978226.739387 12.6400102320276844 -8.8122029445132135 1.0761415434984916 -0.2100637953213149 0.1378549261802011 0.9075228640078666 0.3365582750817687
1735978226.839389 12.5196080525768814 -8.6590985081065135 1.0745753808180472 -0.1947121293242488 0.1346025570771108 0.9006143649872030 0.3645039147951877
1735978226.939392 12.4094527307737224 -8.4990684526124252 1.0768857239872207 -0.2107519197466563 0.1470729581467102 0.8836193781571408 0.3913693496561308
1735978227.037831 12.3057722050188243 -8.3373171175436749 1.0677900878876232 -0.2257429739582096 0.1634910250243837 0.8682627224199027 0.4104030205797208
1735978227.137714 12.2018726377385356 -8.1794952180277143 1.0633300130786434 -0.2082011314870175 0.1567994303371680 0.8683159786245559 0.4220113609356332
1735978227.237711 12.0884292705505274 -8.0292873882858373 1.0685973221259237 -0.1936503139729812 0.1469517665227035 0.8790817895531610 0.4100243181690994
1735978227.339329 11.9761215657774898 -7.8835508652249073 1.0759478901730375 -0.2033202789230639 0.1579981361900392 0.8819219559508032 0.3948558176740349
1735978227.437810 11.8660693857887214 -7.7402649044031113 1.0770520953356371 -0.2275238475088479 0.1749413170272346 0.8788438752777463 0.3811323619142573
1735978227.539332 11.7672260809799507 -7.5780758320136714 1.0755015831807773 -0.1987049038267438 0.1638957126677468 0.8855969996658061 0.3864874005026014
1735978227.637722 11.6899223582468679 -7.3933615860391964 1.0706496710111497 -0.1778144708861933 0.1659328429227261 0.8699710818600402 0.4289506059097204
1735978227.737750 11.6332274411455661 -7.1908631288875684 1.0690781232579976 -0.1847334835159761 0.1810608392911086 0.8383791189726364 0.4798030485667200
1735978227.839379 11.5957492813186036 -6.9839107931847950 1.0540989861538717 -0.2136317363042167 0.2222029458954667 0.7997315411728947 0.5151861742440770
1735978227.937763 11.5658107091790825 -6.7894413351068952 1.0386866907758763 -0.1987456183956139 0.2297956924093615 0.7798568790825519 0.5472817985885051
1735978228.039368 11.5293297266402313 -6.6015731544194818 1.0338232842136958 -0.1803499448053707 0.2252118702864140 0.7779954703692408 0.5581008501836734
1735978228.137670 11.4910174762390351 -6.4188274289027429 1.0423402012482101 -0.1676346033151939 0.2159098307382238 0.7763203503559188 0.5679861779878210
1735978228.239379 11.4530382216255635 -6.2438274641804830 1.0417930722585407 -0.2051920905901147 0.2488435281497424 0.7624283429874803 0.5609600041594872
1735978228.337815 11.4297571882851496 -6.0599267288020728 1.0423882856420892 -0.1993439088023349 0.2405382051769498 0.7613968393099982 0.5680477365172780
1735978228.437726 11.4270850506659158 -5.8654961252347935 1.0342912447728958 -0.1601195708394877 0.2257879617246300 0.7488937359877114 0.6021126900944568
1735978228.539333 11.4669654496900488 -5.6664399089513715 1.0354365251231317 -0.1278140932980958 0.2259465552729339 0.7065058468214209 0.6583777032386712
1735978228.639360 11.5218499564949148 -5.4735276924246365 1.0256891103058012 -0.1505954510891382 0.2590550420300740 0.6461869091672671 0.7018931355490735
1735978228.737674 11.5942648035980973 -5.2901525201232014 1.0138014238703219 -0.1657941861385903 0.2833291743545452 0.5937465904634498 0.7346440315657936
1735978228.839522 11.6474381260164037 -5.1103091117016630 1.0069949629283939 -0.1472138874193288 0.2635109824234291 0.5660029924596502 0.7671575105673214
1735978228.939377 11.6862726946017741 -4.9293999611594161 1.0186078420420688 -0.1283874284333459 0.2363388723728200 0.5653236054447502 0.7797883217596713
1735978229.037777 11.6991524968357723 -4.7586151496878140 1.0345514910579954 -0.1341342934366180 0.2341863084083982 0.5677354112687354 0.7777154152193627
1735978229.139644 11.7085025022494236 -4.5857791219621555 1.0392957447926396 -0.1530712951286209 0.2402608181289808 0.5724952438760631 0.7688258018686200
1735978229.239646 11.7205336986989259 -4.4081367600750125 1.0445786150327603 -0.1462582139923396 0.2037653668901834 0.5773887528516992 0.7769880553626546
1735978229.339461 11.7475743449609684 -4.2288359704939280 1.0381028255065721 -0.1414834252217374 0.1841532157766953 0.5546752337031263 0.7990027650909658
1735978229.437710 11.7700753919941690 -4.0623027906816924 1.0412926798825834 -0.1416765069584159 0.1885173155183569 0.5332226111822780 0.8124423893727897
1735978229.539495 11.7827496208680937 -3.8868980159188271 1.0404674253808128 -0.1617305802362569 0.2090766606334718 0.5206471186095608 0.8118231009760449
1735978229.637831 11.7661983721019787 -3.7160471228694201 1.0484303218645534 -0.1579193243524092 0.1972756528573493 0.5329148253955911 0.8075553186372881
1735978229.739422 11.7220486923274336 -3.5326738145243342 1.0456233884896557 -0.1544741197929476 0.1594402035368286 0.5742825882652435 0.7879822819237128
1735978229.837763 11.6426584161175342 -3.3608801775737209 1.0566249277007556 -0.1512780114073629 0.1188509808833791 0.6374832004069715 0.7460593654707227
1735978229.937751 11.5386171681507292 -3.2025072042172651 1.0573929314441826 -0.1866086770208636 0.1264345397017467 0.6898684816240472 0.6879483897013366
1735978230.037808 11.4201104283723254 -3.0594751339176085 1.0539727144011057 -0.2032536990744909 0.1307348755738105 0.7365683382146201 0.6317146581020499
1735978230.137786 11.2966128659128966 -2.9260097599349564 1.0495579582705847 -0.2042902511141933 0.1107531903439894 0.7711807031743427 0.5926884064834188
1735978230.239218 11.1850148989616294 -2.8005160213637983 1.0521765300708232 -0.2046655766020747 0.0985047690397177 0.7871711795521189 0.5733849896126491
1735978230.339453 11.0712041104695071 -2.6773285596682879 1.0482038213284708 -0.2198273339440411 0.1052542737130697 0.8006993148835909 0.5472459120552091
1735978230.439362 10.9601613951266081 -2.5566605439913022 1.0370034441112763 -0.2416947005631221 0.1270371328462863 0.8099540223905614 0.5190565674483353
1735978230.539545 10.8347467104995019 -2.4399498263849071 1.0272863921777489 -0.2304650299935923 0.1198018765899940 0.8299645861429770 0.4936518672749909
1735978230.639245 10.6929793579696248 -2.3366280425666375 1.0155672181369257 -0.2183965330065455 0.1099843331445840 0.8562999721916618 0.4549250031137233
1735978230.739386 10.5449527271925074 -2.2409450365322572 1.0237650416877886 -0.1998577419321980 0.0982554401244864 0.8867516541362972 0.4050608045247616
1735978230.839451 10.3870358092681592 -2.1610510768940876 1.0220209767713977 -0.2274506506222910 0.1079450832285650 0.9020703920771478 0.3505468132447588
1735978230.939443 10.2356920205193482 -2.0802663587120369 1.0117174169471292 -0.2475748137678482 0.1113250043338029 0.9126770239381696 0.3055063092200548
1735978231.039201 10.0815719936784145 -1.9940540388567594 0.9965181791639066 -0.2326850054923503 0.0987681865667454 0.9251015411524947 0.2833543225338564
1735978231.137677 9.9324100220607896 -1.8840335110484978 0.9808804527478422 -0.2292530088585960 0.0868456331952746 0.9244601338881074 0.2920177302421465
1735978231.237720 9.7925594021373907 -1.7730476284457226 0.9833191246093214 -0.2468536844226601 0.0831245629847306 0.9166297999331134 0.3032216604897078
1735978231.339584 9.6529720483552612 -1.6677224973366378 0.9796932609718150 -0.2703490416764556 0.0877455040864787 0.9059896274965820 0.3136796407895110
1735978231.439374 9.5037825785259518 -1.5695692586761607 0.9797890385296394 -0.2555666403747676 0.0775937844355092 0.9109260625941933 0.3144496866450496
1735978231.539221 9.3371273502396033 -1.4874727103027114 0.9799342185040810 -0.2413004024927775 0.0591646451477828 0.9245218847641483 0.2890206655474782
1735978231.639419 9.1700322950555080 -1.4308686090876692 0.9898106926405336 -0.2430001200573286 0.0507911020657764 0.9374642695707849 0.2439916983857904
1735978231.739413 8.9970900841714680 -1.3973022422273473 1.0055360198496193 -0.2681242508454815 0.0480904823373509 0.9430859410998848 0.1907500965054937
1735978231.839295 8.8207716407905359 -1.3650802702884854 1.0075983763566960 -0.2567640902949259 0.0371316726930878 0.9550869251923185 0.1431866130080435
1735978231.939511 8.6468860321378429 -1.3251086323286883 1.0126996918940983 -0.2341069531182038 0.0283187954628929 0.9647088282607715 0.1171702052612829
1735978232.039482 8.4720693372480316 -1.2742151513386568 1.0191228183308318 -0.2074133921313517 0.0264740937264164 0.9701093205630312 0.1231532106064038
1735978232.139374 8.2962953997940403 -1.2183043374147617 1.0257544318406981 -0.2307348380355423 0.0330605606136713 0.9648106559273256 0.1216915447256117
1735978232.239653 8.1198676014688722 -1.1657243559029367 1.0157705505535757 -0.2584607058471070 0.0414269572645674 0.9570990164855163 0.1242712492383997
1735978232.337666 7.9432039365710310 -1.1231497775729944 1.0042647657434849 -0.2315953748056399 0.0381968181715800 0.9648760441913951 0.1179779843689811
1735978232.439359 7.7692426836254214 -1.0938521440669968 0.9943320143279752 -0.2141420795140989 0.0343423857739369 0.9709607319234574 0.1009902340991220
1735978232.539278 7.5922971317505539 -1.0750810656737573 0.9967072638467456 -0.2256568714696246 0.0391968304042110 0.9703042004169519 0.0777968090478297
1735978232.639282 7.4115600812464333 -1.0646060724499737 0.9988407015586587 -0.2568371952401495 0.0398436467584866 0.9639501971887786 0.0569838248441885
1735978232.739567 7.2284936330085978 -1.0482704674228898 0.9911322543549386 -0.2383965013148059 0.0391038101683563 0.9695366267033554 0.0404565158145799
1735978232.839442 7.0414098617130412 -1.0210915158226652 0.9743064434351774 -0.2142867664662078 0.0373109561351762 0.9747561677876985 0.0503933292170307
1735978232.937696 6.8577561638704214 -0.9724319453083773 0.9610221299701845 -0.2314091242835143 0.0449442562115629 0.9689203724091151 0.0749876187280821
1735978233.039397 6.6697072068860050 -0.9206531751039408 0.9445947577518511 -0.2798168398125739 0.0552022302513001 0.9531300197411636 0.1009872041438708
1735978233.137724 6.4889824912142355 -0.8663864726711280 0.9341554403925264 -0.2725004822714387 0.0653267633394618 0.9523608812464199 0.1203522040719068
1735978233.237713 6.2952001915092248 -0.8146805187697884 0.9242012342267137 -0.2489487188896377 0.0615107323460133 0.9584308253549940 0.1251052284231563
1735978233.337676 6.1050139230594285 -0.7787260746011540 0.9268732411838736 -0.2142828228191918 0.0543040250400384 0.9698925112685247 0.1021883618340380
1735978233.439421 5.9134127566380412 -0.7517740753233919 0.9312954578567787 -0.2327090854674956 0.0480552329172301 0.9681701960736748 0.0786361721144589
1735978233.539337 5.7250027083416404 -0.7274374938578572 0.9289855799549840 -0.2571189476774715 0.0522433646387198 0.9635784104764187 0.0517409360196910
1735978233.639205 5.5293490805001797 -0.6952974191469152 0.9170660460185042 -0.2351076678899676 0.0484618193967249 0.9698724890875798 0.0415113414763034
1735978233.739323 5.3403504983985348 -0.6440504171708565 0.9107446594976885 -0.2189789933286720 0.0522730791469452 0.9723057419059201 0.0627476687538037
1735978233.839321 5.1553528620241673 -0.5772571566901787 0.9130117706292784 -0.2224728502620531 0.0488579924921438 0.9694693730599586 0.0908177414641374
1735978233.939300 4.9772729484562692 -0.5024926047394775 0.9124687490766950 -0.2420075311465840 0.0540169259558884 0.9616491304281546 0.1172411042484052
1735978234.039387 4.7878101086429927 -0.4277368482430433 0.8957611118650106 -0.2301513672846494 0.0587040268119990 0.9615709125484627 0.1377155238663357
1735978234.139463 4.6064914546422422 -0.3670320576580327 0.8852815161483262 -0.2110261575519642 0.0502570556182960 0.9662694249937028 0.1388005313814463
1735978234.237699 4.4325657497887674 -0.3187572413033185 0.8837195289744234 -0.2248111678973659 0.0481535168815676 0.9647435224254300 0.1281058684788982
1735978234.339504 4.2599903252453881 -0.2816500130534769 0.8825904396057570 -0.2466437228286818 0.0474149858029565 0.9613759867444975 0.1125828815653493
1735978234.437788 4.0809532016395984 -0.2421236792701948 0.8704939588532766 -0.2462180675938730 0.0427144231183358 0.9630166997854668 0.1007520579557301
1735978234.537749 3.8993217923586179 -0.1924106363921311 0.8577062253192423 -0.2236585020479865 0.0452376547087791 0.9667573832462690 0.1153715346041940
1735978234.639735 3.7225489927858177 -0.1256955868038086 0.8631791941161325 -0.2039748802055512 0.0477452587705300 0.9659911926099342 0.1515772222667496
1735978234.739189 3.5504416515951038 -0.0532686917846603 0.8618815741170076 -0.2363780396970442 0.0507845779268106 0.9536391213045026 0.1792171177966952
1735978234.839217 3.3807389586011922 0.0138563752355629 0.8612135118284816 -0.2431545044208700 0.0610445279365145 0.9483464436546245 0.1943925806106689
1735978234.939231 3.2094545630115592 0.0765379380786704 0.8517851863655654 -0.2167278949477665 0.0627932058686925 0.9537787935086000 0.1984742953168537
1735978235.039346 3.0280067773194994 0.1284327348180941 0.8503817029055194 -0.2157641041205455 0.0631180770735468 0.9562638848086806 0.1871399004226691
1735978235.139278 2.8492211122679465 0.1705525270934992 0.8588130075336581 -0.2313792775478880 0.0630672305106802 0.9549389893049193 0.1748647507716451
1735978235.239475 2.6721150243533254 0.2109260005390388 0.8641723680871514 -0.2517141961956618 0.0638769121346325 0.9519440161506493 0.1623646933439929
1735978235.339205 2.4943529806270464 0.2545659165005794 0.8654578464529875 -0.2343664693748618 0.0512692113733470 0.9578142233605844 0.1582268609499597
1735978235.439503 2.3206526833001844 0.3176319520117831 0.8719740255941371 -0.2083451253830695 0.0454840678578567 0.9598671015972189 0.1821500907811166
1735978235.539163 2.1565507356098417 0.3897228554361731 0.8829382256315729 -0.1941901625741846 0.0459217573319762 0.9549544372711047 0.2196437927626966
1735978235.639369 1.9878978842487498 0.4645011531279731 0.8888220056922218 -0.2252662861686760 0.0511688124302129 0.9401959562818545 0.2503366068746301
1735978235.739604 1.8257342773737446 0.5345517069853990 0.8881428886229332 -0.2205621123527911 0.0508069903498948 0.9361203303493445 0.2691648777844065
1735978235.839399 1.6584404093467982 0.5910471415083880 0.8848954093360373 -0.1930475183570134 0.0466765725816852 0.9421516846935084 0.2700076966632790
1735978235.939175 1.4800951767733668 0.6284232373115881 0.8849298704494678 -0.1891396248636354 0.0453147187792755 0.9477566855413355 0.2528439114950184
1735978236.037732 1.3043649086859157 0.6465390560631875 0.8854909476095387 -0.2122540630730158 0.0419585586068213 0.9511099855218336 0.2204030115703768
1735978236.137712 1.1337803042264702 0.6528098038057132 0.8879300977623504 -0.2155203493569428 0.0301233501207509 0.9591079425869682 0.1809848536678056
1735978236.237691 0.9560191577047582 0.6616781341508610 0.8856822440343993 -0.1970250263064692 0.0149056021221780 0.9680776008110713 0.1542229582202034
1735978236.339334 0.7776514147898478 0.6746862748023835 0.8767477139049547 -0.1916613026118301 0.0038809780059979 0.9696131267522633 0.1519910113149888
1735978236.439250 0.6080795264630161 0.6818235055094254 0.8810184532223814 -0.1979089098313200 0.0009339199992825 0.9700819389411852 0.1406137366793309
1735978236.539358 0.4495253026701636 0.6843034016916760 0.8813859160291713 -0.2143347358560291 -0.0019333160728306 0.9685654477643646 0.1262452244304895
1735978236.639442 0.2836141802323054 0.6775166035953075 0.8784266792168618 -0.2088193409254807 -0.0118585964224625 0.9721909069520432 0.1053503535167329
1735978236.739422 0.1235461592645009 0.6502334164290273 0.8721922747338113 -0.1835442488950800 -0.0352532837337157 0.9804078951840465 0.0622018789452460
1735978236.839366 -0.0327464197042100 0.5940886403138599 0.8678792480840503 -0.1590536810441212 -0.0642950385407609 0.9851612206641875 -0.0050441911943405
1735978236.939461 -0.1650308742106182 0.5097246365114584 0.8587938325383121 -0.1667738610177779 -0.0925979613530434 0.9777716250782484 -0.0870330168747735
1735978237.039201 -0.2676502362500230 0.4091500245799620 0.8478607701555948 -0.1689660551123350 -0.1174245807647028 0.9629849701427583 -0.1741318102219132
1735978237.139217 -0.3488339295550847 0.2987814927994366 0.8349755356867559 -0.1548833086928078 -0.1391137933769803 0.9427455110779267 -0.2605559719581462
1735978237.237698 -0.4119475870002824 0.1784508763656672 0.8135154558920397 -0.1327132776970808 -0.1610031020496888 0.9158251049090840 -0.3431174205305533
1735978237.339239 -0.4346924554058044 0.0707966473620770 0.8047080955335465 -0.1000571783119156 -0.1636584158643430 0.8742862649044719 -0.4459013466950048
1735978237.439356 -0.4342093397674385 -0.0181361477728500 0.7974331029330728 -0.0674404149049210 -0.1625655965512951 0.8149613118989162 -0.5521433485639136
1735978237.539332 -0.4009865701134870 -0.0914592956927655 0.7822589250794501 -0.0760821865099805 -0.1865323637144912 0.7285470054250024 -0.6547033214129946
1735978237.639213 -0.3425548713263824 -0.1433724975432700 0.7611895772712854 -0.0563772514313421 -0.2045830838590699 0.6159933082022957 -0.7586300887585146
1735978237.739377 -0.2775469416978378 -0.1581477104643385 0.7302990130277802 -0.0342882410441513 -0.2100950069082593 0.4846457625336058 -0.8484119809718251
1735978237.837676 -0.2077807884676946 -0.1468468187638702 0.6881204519318581 -0.0091093362922473 -0.2251573065408504 0.3620187657953559 -0.9045239745388685
1735978237.939204 -0.1465102244829903 -0.1233978531567300 0.6467318179236698 0.0046870855577217 -0.2204342927691361 0.2517377153255916 -0.9423454125123106
1735978238.039437 -0.0890726113182736 -0.0964332199717246 0.6058712471702390 0.0130361101528237 -0.2065503834451085 0.1684652393528793 -0.9637356805994780
1735978238.139228 -0.0484927959234402 -0.0682181877603180 0.5618986905928468 0.0165242813226758 -0.1866069957284198 0.1037006615060086 -0.9768065059545820
1735978238.239177 -0.0200019066093822 -0.0497306279263115 0.5022188421386845 0.0116842886394343 -0.1757467470750262 0.0530817089865681 -0.9829338179463571
1735978238.337955 -0.0006315824304604 -0.0349689470475702 0.4303105607442320 0.0074502870910815 -0.1793214546862168 0.0169358546721528 -0.9836165339897470
1735978238.439358 0.0115299182721073 -0.0251362580461526 0.3567090945253548 0.0065272082922274 -0.1804592895757982 -0.0087191859263758 -0.9835221482785679
1735978238.537676 0.0209872411185210 -0.0193993757482912 0.2871433185696716 0.0073326614841990 -0.1921098424972460 -0.0133471227668779 -0.9812552648547102
1735978238.639270 0.0187356941292532 -0.0187093201775086 0.2300490474699269 0.0024600560385986 -0.1968131123329204 -0.0145465679000675 -0.9803300180553715
1735978238.739249 0.0194410980463210 -0.0206239735057363 0.1868458118009003 -0.0039669815566374 -0.2025777506533475 -0.0091042744353082 -0.9792158241085395
1735978238.839267 0.0243238216571807 -0.0211970899891976 0.1609080433071314 -0.0114742949987609 -0.2029289528983271 0.0000599535259965 -0.9791262314101511
1735978238.939178 0.0241812894107092 -0.0210906047052853 0.1432391209711565 -0.0119127020088016 -0.2007496202321641 0.0046838665145348 -0.9795589512132312
1735978239.039319 0.0275770082724875 -0.0269032108845301 0.1367798786242969 -0.0171977648417971 -0.1952583051133595 0.0093455109900388 -0.9805565218757355
1735978239.139228 0.0329374677708963 -0.0263988768051046 0.1322150007655432 -0.0234603174768273 -0.1933537634282417 0.0139110845851131 -0.9807499260248190
1735978239.239441 0.0405083324296952 -0.0239762915632508 0.1235215198662570 -0.0246850671080693 -0.1972865825914694 0.0140798700677768 -0.9799338799378885
1735978239.339177 0.0440923101898210 -0.0192427873262374 0.1166246409042151 -0.0227162451940820 -0.2026403844491191 0.0127094279394840 -0.9789072056308743
1735978239.439240 0.0457919567137930 -0.0188791618540055 0.1051366930396154 -0.0242249363413086 -0.2120608160047367 0.0100782109721011 -0.9769041879520565
1735978239.538252 0.0410681853742238 -0.0184413145134094 0.0948766368027100 -0.0292162418808406 -0.2214940315648341 0.0081975399102597 -0.9746894918541681
1735978239.639394 0.0455617734543540 -0.0167723706306202 0.0852853311078946 -0.0305409754038900 -0.2335979199838969 0.0065825828651417 -0.9718312251638139
1735978239.738628 0.0460950482333376 -0.0179396486092872 0.0912101808590961 -0.0304778703314470 -0.2278283804152817 0.0051102426031287 -0.9732107756893912
1735978239.838580 0.0487549567795384 -0.0176236761825337 0.0855842426256868 -0.0290365864174984 -0.2374126142608101 0.0060990526871514 -0.9709556780797909
1735978239.939399 0.0480859801633429 -0.0178702138472739 0.0880259999676366 -0.0293700608578459 -0.2337117952947982 0.0048981401040104 -0.9718498878370108
1735978240.037757 0.0482740719853309 -0.0170789882091612 0.0915953395042801 -0.0299938959448956 -0.2370628804596472 0.0038070682262985 -0.9710237191468302
1735978240.138675 0.0469927596067255 -0.0197593823183204 0.0948541856644284 -0.0289824310630107 -0.2278424993953055 0.0037617113465350 -0.9732592993065741
1735978240.237741 0.0444073760105760 -0.0193143209044449 0.0943960171181310 -0.0270742020605585 -0.2268835149640072 0.0047301430652195 -0.9735340178786480
1735978240.339354 0.0467602427985243 -0.0179205711750532 0.0830841878049467 -0.0258016120598206 -0.2386280138525170 0.0053694181898065 -0.9707533760787136
1735978240.439263 0.0404502996017556 -0.0149342240831271 0.0832194743886413 -0.0206495491768200 -0.2294507324701942 0.0069453008524148 -0.9730764205774154
1735978240.539201 0.0437663570446561 -0.0162904601958989 0.0865710152450491 -0.0200621869246813 -0.2286626398131718 0.0069872734935095 -0.9732738996904200
1735978240.639141 0.0419235347772153 -0.0157190072358675 0.0866533413168890 -0.0193823108065217 -0.2294961337460235 0.0069407359485859 -0.9730918131440214
1735978240.739207 0.0427056070171529 -0.0136275009189037 0.0866090120796779 -0.0180764935683712 -0.2269305035091925 0.0063118279294652 -0.9737227263371877
1735978240.839228 0.0424803055927150 -0.0149112912997058 0.0853920098668105 -0.0177401661867895 -0.2285363308682510 0.0052896093503383 -0.9733593642688518
1735978240.939459 0.0400104713105652 -0.0118617518578142 0.0857480950044081 -0.0145624508541041 -0.2261934445088234 0.0018580707058565 -0.9739717697446921
1735978241.039444 0.0430030464273045 -0.0094190982439117 0.0830977739000271 -0.0163340054471727 -0.2286229751045052 0.0002029623103577 -0.9733779812214354
1735978241.139186 0.0439192088831344 -0.0148501962285002 0.0818854096792047 -0.0185148926591825 -0.2282110804643144 0.0016754121399091 -0.9734341757393208
1735978241.239251 0.0463506330986401 -0.0131219744142197 0.0825291096810860 -0.0180718757699991 -0.2296480740099623 0.0008345246296154 -0.9731055816191332
1735978241.339338 0.0467157287447903 -0.0136781178839085 0.0806571479875526 -0.0182817130894750 -0.2276095344019277 0.0010947213757238 -0.9735802382962390
1735978241.439278 0.0467350376593582 -0.0151912242724732 0.0807469684424880 -0.0181708563830133 -0.2292094545068823 0.0010257116872893 -0.9732069635275428
1735978241.539278 0.0481476461267715 -0.0145780604261875 0.0802526357696127 -0.0182932334239715 -0.2287576110758023 0.0009811502883323 -0.9733110244571874
1735978241.639354 0.0466069150013476 -0.0161143208498698 0.0831525121955225 -0.0181540946256998 -0.2291729848457486 0.0009076520395124 -0.9732159822120610
1735978241.739435 0.0461275463548995 -0.0155511138747956 0.0800488482022903 -0.0183249429170908 -0.2289485155707453 0.0010110725610692 -0.9732655092097499
1735978241.837809 0.0433040034961125 -0.0139511160685037 0.0834881333236823 -0.0181608677437674 -0.2290897983315349 0.0010495964130983 -0.9732352981322552
1735978241.973345 0.0461463709493483 -0.0174054379305795 0.0829298180312376 -0.0182584909251440 -0.2290373749690536 0.0009457539873734 -0.9732459164701474
1735978242.058722 0.0399558937355058 -0.0164987656106563 0.0822455141532827 -0.0182976572292383 -0.2291484399050735 0.0009246699637333 -0.9732190571574574
1735978242.137384 0.0398178632014279 -0.0187149463619415 0.0827088680122509 -0.0183026054168666 -0.2292870855549429 0.0009088513240034 -0.9731863238979193
1735978242.239187 0.0403883407857573 -0.0186230519520641 0.0839315528933897 -0.0182940722843295 -0.2291964444380788 0.0008432214737395 -0.9732078944160618
1735978242.339335 0.0388328084604610 -0.0159976389342524 0.0827528647245049 -0.0183324518243393 -0.2291985442441386 0.0008914217643022 -0.9732066347357659
1735978242.439248 0.0389063154861157 -0.0172077196691653 0.0831397054688092 -0.0181648615326516 -0.2292186681720721 0.0009192216184085 -0.9732050118030309
1735978242.539333 0.0397137240013421 -0.0159903230466987 0.0844284198253172 -0.0182032994275349 -0.2292834221822582 0.0010589774876332 -0.9731888977834799
1735978242.639312 0.0415755653439735 -0.0155344749194940 0.0829337726784401 -0.0182386545662449 -0.2293102865407620 0.0010092425362459 -0.9731819590373169
1735978242.737747 0.0393338560280924 -0.0153601590751366 0.0852265936496528 -0.0183560505673750 -0.2293696635030283 0.0010456373970737 -0.9731657204785368
1735978242.837799 0.0382342371810085 -0.0161874101893652 0.0841379520395856 -0.0181815756112300 -0.2293392572534080 0.0009964735586600 -0.9731762134532446
1735978242.939406 0.0402715825487705 -0.0160574306806283 0.0855788311577625 -0.0181392539427892 -0.2294335290410376 0.0010086366045490 -0.9731547697413677
1735978243.039274 0.0420665403181882 -0.0151430673029663 0.0852231068375439 -0.0182817755313783 -0.2292854820972547 0.0009455493999621 -0.9731870582365870
1735978243.139331 0.0398023764433402 -0.0163282045863524 0.0829922651700623 -0.0181711291066581 -0.2291889003955775 0.0008367822204804 -0.9732119798882310
1735978243.239282 0.0416248287265825 -0.0149382125296769 0.0833172948710586 -0.0182794281951984 -0.2292086812751312 0.0009155767767052 -0.9732052222692488
1735978243.339293 0.0434649358134850 -0.0156912937551446 0.0833248164333653 -0.0184373426101802 -0.2290953129493186 0.0009016405961853 -0.9732289499528691
1735978243.439523 0.0391888415156027 -0.0152524078469736 0.0809121454014756 -0.0183181347003969 -0.2291306759525295 0.0008369870002702 -0.9732229337265931
1735978243.539331 0.0427933053558533 -0.0171272110292923 0.0809333692514998 -0.0181511940470620 -0.2291702759591314 0.0009228390012043 -0.9732166599168243
1735978243.639436 0.0415889295253830 -0.0148520863952254 0.0807162487090151 -0.0183509448662919 -0.2291411035076234 0.0009734954731354 -0.9732197335711945
1735978243.737682 0.0420373833381300 -0.0152863932622738 0.0819627003346786 -0.0183089479454660 -0.2292244503126405 0.0009070355881695 -0.9732009613078071
1735978243.839244 0.0422104677876289 -0.0165437123900805 0.0805115846272267 -0.0182682307632055 -0.2291793156873044 0.0008626830922378 -0.9732123965423806
1735978243.937834 0.0427161566268847 -0.0161322151183710 0.0814312316518797 -0.0182464531152192 -0.2291025366762933 0.0008824764107321 -0.9732308646321213
1735978244.039328 0.0425647083663050 -0.0144370127062948 0.0793501922725346 -0.0182885678936134 -0.2291576573270080 0.0009163559936844 -0.9732170655431867
1735978244.139330 0.0438468621343556 -0.0155684867615321 0.0813714836053872 -0.0183463250440568 -0.2290129973940680 0.0007802662464208 -0.9732501479920501
1735978244.239379 0.0425936589606438 -0.0153092624570416 0.0795744321614543 -0.0183893710023550 -0.2290705307964101 0.0007509052741202 -0.9732358188517611
1735978244.339303 0.0425252700266552 -0.0140941440807122 0.0809929696030063 -0.0185092408927169 -0.2290576220074914 0.0008263839495938 -0.9732365236115096
1735978244.439219 0.0453492894904402 -0.0167846870706908 0.0802532525588300 -0.0182943966454736 -0.2290563147868843 0.0008572278764613 -0.9732408668299938
1735978244.539340 0.0452691060193959 -0.0171860042867075 0.0797564841097863 -0.0183800726569042 -0.2290462610512206 0.0009138249241853 -0.9732415672131925
1735978244.639329 0.0413408043846918 -0.0171300766060909 0.0825873652372631 -0.0182765005987135 -0.2292613666228429 0.0008860823232278 -0.9731928946299434
1735978244.739153 0.0407589925370016 -0.0197143712452135 0.0792843561329870 -0.0181536974703638 -0.2291020261444082 0.0009191852366375 -0.9732326854268624
1735978244.837595 0.0407254662262542 -0.0178057369056695 0.0811185738859248 -0.0179826338790206 -0.2291008084639800 0.0008622435782823 -0.9732361999925485
1735978244.939370 0.0405001325208940 -0.0196536408031544 0.0809555142566633 -0.0180412533779729 -0.2292060362934007 0.0009275202225579 -0.9732102783106314
1735978245.039502 0.0401714084007158 -0.0177417757933132 0.0794645019354451 -0.0183420911630511 -0.2292196176522014 0.0010238784662588 -0.9732013595592802
1735978245.139322 0.0402607743826102 -0.0166449604442356 0.0819155999585983 -0.0182964378168808 -0.2292579750126475 0.0009387399894904 -0.9731932696148002
1735978245.239280 0.0425014766364408 -0.0175168619059975 0.0818811623303589 -0.0184163428569794 -0.2292970563772111 0.0008203505499842 -0.9731819075987261
1735978245.339224 0.0424222283844024 -0.0161221158450343 0.0789366742126675 -0.0183856017506460 -0.2290719754984726 0.0009072930613970 -0.9732354167973927
1735978245.439260 0.0403129974191521 -0.0163506610503484 0.0793292231984559 -0.0183562429228794 -0.2289889804633934 0.0009904531343400 -0.9732554208298460
1735978245.539296 0.0414216654588416 -0.0138262466442303 0.0806683022202636 -0.0183823592663738 -0.2290937109178108 0.0009345338539303 -0.9732303361138023
1735978245.639140 0.0404002761864415 -0.0134017315801770 0.0814417579471596 -0.0184973058225787 -0.2292427416119469 0.0009335468700725 -0.9731930659359352
1735978245.739270 0.0404058414485753 -0.0139038088076655 0.0779432595137535 -0.0182897964782631 -0.2290700442739561 0.0009240327242399 -0.9732376607615614
1735978245.839386 0.0431874464475521 -0.0129806771093732 0.0785441094416203 -0.0182020880044254 -0.2290736117019431 0.0009199687086522 -0.9732384692723985
1735978245.939499 0.0386635739453398 -0.0146508167404335 0.0787720047284450 -0.0183356516550895 -0.2290656992359860 0.0008943559499105 -0.9732378483389079
1735978246.037708 0.0403371646847408 -0.0124297890034553 0.0779689611817659 -0.0184967540950621 -0.2289809801302296 0.0008759788343960 -0.9732547526149709
1735978246.137732 0.0401752583094294 -0.0129266959179174 0.0789985157191841 -0.0183482888278465 -0.2291666694892366 0.0009323102865072 -0.9732138042022579
1735978246.239239 0.0378441644755008 -0.0129068628664957 0.0788921754337701 -0.0185278004388692 -0.2291376720493108 0.0008750551413517 -0.9732172841340313
1735978246.339202 0.0407264820373858 -0.0154182566708351 0.0786106667431331 -0.0184652572247016 -0.2290166682856203 0.0008571067401239 -0.9732469703477200
1735978246.439223 0.0385755198430737 -0.0141673447267380 0.0810296417904165 -0.0184323611434809 -0.2290600392044478 0.0008597137142642 -0.9732373849142165
1735978246.539337 0.0376742600050159 -0.0132998992078670 0.0800889061812708 -0.0182843655418125 -0.2290178593527935 0.0009293457165590 -0.9732500389883046
1735978246.637697 0.0397210660235984 -0.0143983498838456 0.0786193078785914 -0.0183447554201971 -0.2290796252636549 0.0009381193257839 -0.9732343577832461
1735978246.739147 0.0394181802627008 -0.0147836444120688 0.0801162086542787 -0.0183766553769891 -0.2292154664104739 0.0009028608278710 -0.9732018050423611
1735978246.838367 0.0419351894070654 -0.0159128718268131 0.0804641579789049 -0.0181848021477528 -0.2291997642702799 0.0008587390733291 -0.9732091468931534
1735978246.939422 0.0413844840535565 -0.0144546164425827 0.0784577636526915 -0.0185199149227695 -0.2291731737686926 0.0009011654411874 -0.9732090510660523
1735978247.039340 0.0405433840403384 -0.0144602651334768 0.0802998158270956 -0.0183275544833903 -0.2291914030802661 0.0009981899424302 -0.9732083051010181
1735978247.139373 0.0409927907133219 -0.0151014350762346 0.0805218192575570 -0.0182629064110981 -0.2291223778430460 0.0010385384928883 -0.9732257310915936
1735978247.239304 0.0421530078679624 -0.0134810116731535 0.0807220802784551 -0.0182337939229581 -0.2291772229454074 0.0009634860244899 -0.9732134405858186
1735978247.339229 0.0440186726319907 -0.0140804523557777 0.0788433493207626 -0.0182211323476607 -0.2290743132178287 0.0009901518245523 -0.9732378789171297
1735978247.439195 0.0413739615292547 -0.0128458566910933 0.0809260698597477 -0.0183398197126807 -0.2292322036133892 0.0010543759875332 -0.9731984053268546
1735978247.539173 0.0419383062172672 -0.0112291967835347 0.0790390749748960 -0.0184257066228877 -0.2292154417325380 0.0010220533212954 -0.9732007655226198
1735978247.639202 0.0416320685890192 -0.0153944355264631 0.0790279594629329 -0.0183489931660816 -0.2292575294005836 0.0009480605351182 -0.9731923760717371
1735978247.739127 0.0408131041128615 -0.0138801921799604 0.0806839017271329 -0.0183353930158810 -0.2292876644646397 0.0009232177517252 -0.9731855567959724
1735978247.839233 0.0416913149845264 -0.0157584586387315 0.0792040055101158 -0.0181411367244205 -0.2291696363301365 0.0009542999526089 -0.9732169677180209
1735978247.939261 0.0367533573880227 -0.0163714883560926 0.0803732086701884 -0.0182123355480997 -0.2291973403117152 0.0008769983966246 -0.9732091866098119
1735978248.039264 0.0371190534245077 -0.0172117784498181 0.0814887342984535 -0.0183020581112243 -0.2292616912806401 0.0009085575410961 -0.9731923171209422
1735978248.138231 0.0401544078664558 -0.0179588028073977 0.0800703910536070 -0.0183395455503982 -0.2290631678945753 0.0009088834546815 -0.9732383572969020
1735978248.239195 0.0399665093683960 -0.0188646919174415 0.0800158312598874 -0.0181771001506960 -0.2292003355619093 0.0008323140305369 -0.9732091791910793
1735978248.339168 0.0424299006225958 -0.0192891132440435 0.0812901320918612 -0.0182119969164638 -0.2293680918278669 0.0008872596409463 -0.9731689546989708
1735978248.439234 0.0404257953700607 -0.0195862474843530 0.0824333947676378 -0.0180024431838174 -0.2292351844195450 0.0008513917247030 -0.9732042012834110
1735978248.539332 0.0405302930314359 -0.0187126711873846 0.0826413670210631 -0.0180980020839975 -0.2292352309479262 0.0008478108940241 -0.9732024210972281
1735978248.639240 0.0426253776670154 -0.0184172388463096 0.0818563062047252 -0.0180722686871331 -0.2291750093587768 0.0008768533787606 -0.9732170566312824
1735978248.739220 0.0405396647522568 -0.0193231336116687 0.0808207678169933 -0.0182331442318707 -0.2290591149853262 0.0007768691824809 -0.9732414247080897
1735978248.837751 0.0415122451688333 -0.0173395012853999 0.0818472746140165 -0.0182096578612143 -0.2291316009512503 0.0009985567394511 -0.9732245993040520
1735978248.937760 0.0388694878244620 -0.0176847841202713 0.0808541515200029 -0.0182652701275131 -0.2290705588943232 0.0009068203544453 -0.9732380164337273
1735978249.037791 0.0406411687216496 -0.0171884303119064 0.0818817927161345 -0.0180995217149803 -0.2292117477323246 0.0008828692161495 -0.9732078927737534
1735978249.137814 0.0402350857561474 -0.0160863900096903 0.0825696481678907 -0.0182436488250346 -0.2290274062663726 0.0009481237343607 -0.9732485384103237
1735978249.237758 0.0406800347439945 -0.0165302852055317 0.0817913641367199 -0.0181617837382935 -0.2292497762458786 0.0008813185325387 -0.9731977769088370
1735978249.339268 0.0415855681829141 -0.0171674317892486 0.0809887314055801 -0.0180321358748482 -0.2288545330979932 0.0009681510317094 -0.9732931251374738
1735978249.439224 0.0422248036777208 -0.0158333555346131 0.0825270085441537 -0.0180742887141031 -0.2290604477403471 0.0009817894871686 -0.9732438889907677
1735978249.539169 0.0391709742239926 -0.0149412907776633 0.0812718880907058 -0.0180595227196628 -0.2292110912353608 0.0009608988806937 -0.9732087165491143
1735978249.639316 0.0408987207273365 -0.0155399512973384 0.0803226388705972 -0.0179628000109055 -0.2281531306558311 0.0009100959363045 -0.9734591201037146
1735978249.739197 0.0448240865242814 -0.0152973010816176 0.0801717374195670 -0.0180982336397061 -0.2282543376629147 0.0008567493998478 -0.9734329341344746
1735978249.839361 0.0429068699695782 -0.0156584949701322 0.0798260606826064 -0.0180682489423809 -0.2272047085884517 0.0009772725559335 -0.9736789017503381
1735978249.939136 0.0416884012504233 -0.0166809974453137 0.0806562648618191 -0.0179217383203209 -0.2265473881635131 0.0009602389338425 -0.9738347755923786
1735978250.039189 0.0433770821140153 -0.0168150092159226 0.0824094084839644 -0.0178571775863015 -0.2277694295348265 0.0008811644732412 -0.9735509394619278
1735978250.139225 0.0453893384648630 -0.0160279394975213 0.0800789891383980 -0.0181894499218174 -0.2291998841463238 0.0009403315404443 -0.9732089563888361
1735978250.239251 0.0422715428354972 -0.0172067694533116 0.0835620977856772 -0.0180121467984037 -0.2284321597388284 0.0008173381660039 -0.9733928512800419
1735978250.339171 0.0423217584853717 -0.0165619324687630 0.0809714465257625 -0.0182130614577272 -0.2291151043475175 0.0007514215254710 -0.9732286415420861
1735978250.439235 0.0438652166366593 -0.0176419340725338 0.0808635255490827 -0.0180211704851295 -0.2284329092083133 0.0008608930220377 -0.9733924708298176
1735978250.539190 0.0413537744715588 -0.0169390984716206 0.0825441499921325 -0.0179702592139501 -0.2289659720552435 0.0007877689277181 -0.9732682224570458
1735978250.639350 0.0396885159239185 -0.0169441632386641 0.0817105219559176 -0.0179298463479544 -0.2288605397062291 0.0010379170874444 -0.9732935305977493
1735978250.739452 0.0399911003398192 -0.0160361449250001 0.0817870426130780 -0.0180296722609078 -0.2287256669288507 0.0009183205714531 -0.9733235109116828
1735978250.839312 0.0392451258993914 -0.0154296731083881 0.0811846369038224 -0.0178765139541862 -0.2289150500679404 0.0009959762245203 -0.9732817362575947
1735978250.939131 0.0390971366935768 -0.0155168880960115 0.0809573192934851 -0.0179770719739674 -0.2288023939254057 0.0009769917063074 -0.9733063931283161
1735978251.039353 0.0398538071219945 -0.0153016088943910 0.0812789608213439 -0.0178370268292594 -0.2288460322371042 0.0009964889376465 -0.9732986905431570
1735978251.137651 0.0411309480480160 -0.0170721385191747 0.0836571122058708 -0.0178849533500959 -0.2289665557660019 0.0009167168525065 -0.9732695435564250
1735978251.239287 0.0396440305300630 -0.0182206387708635 0.0847864979707120 -0.0178755604089996 -0.2290100076511620 0.0009860850580581 -0.9732594250105864
1735978251.339472 0.0424502562040118 -0.0166283794260896 0.0842547519659246 -0.0178195074488789 -0.2289886308722403 0.0010522407227564 -0.9732654133765352
1735978251.439279 0.0394553488623534 -0.0191021190031759 0.0841709983067240 -0.0177531353315236 -0.2289641733138668 0.0009376428660314 -0.9732724974797418
1735978251.539160 0.0405039366813441 -0.0199910505828420 0.0838721201162020 -0.0177366292578664 -0.2291165784015779 0.0010960960283664 -0.9732367667004876
1735978251.639143 0.0422537931887784 -0.0163194461772236 0.0836750489519574 -0.0178568837512177 -0.2288389527231691 0.0010426802548710 -0.9732999425856066
1735978251.739211 0.0385950933102777 -0.0170384585355514 0.0826873003241356 -0.0179689556070137 -0.2290090139624533 0.0009593076671142 -0.9732579657455355
1735978251.839305 0.0363393500249647 -0.0183042615835083 0.0837183003625993 -0.0180210792367931 -0.2290986232853930 0.0008814282586376 -0.9732359860774280
1735978251.937754 0.0391101460229228 -0.0166218538852891 0.0817838325327381 -0.0179981690797380 -0.2288831995572387 0.0008956509539505 -0.9732870823552459
1735978252.039343 0.0364561927015752 -0.0166276022369150 0.0830251055665182 -0.0181741682906651 -0.2290039624466379 0.0010060558293345 -0.9732552967450780
1735978252.139206 0.0389412310622396 -0.0200466903886455 0.0830311280765088 -0.0178793675386142 -0.2291747470829834 0.0008173716931200 -0.9732207331429932
1735978252.239222 0.0419530669359175 -0.0177432736082643 0.0807431576550866 -0.0179735390057102 -0.2287968548651265 0.0008848498612207 -0.9733078485968146
1735978252.339381 0.0424310222429046 -0.0172241189432858 0.0820777661138623 -0.0180458507589411 -0.2290501787958066 0.0008840551860426 -0.9732469272031755
1735978252.439398 0.0417312974013502 -0.0182160700181972 0.0815676974713845 -0.0179651682740827 -0.2289198082792829 0.0007707259917905 -0.9732791891783702
1735978252.537713 0.0437881131131208 -0.0174529247805060 0.0836248106084508 -0.0180124890265166 -0.2289012450835486 0.0009044656927843 -0.9732825654351780
1735978252.639213 0.0414590147350703 -0.0187670826450494 0.0832307122279720 -0.0180080292888556 -0.2289470353393404 0.0008980934170737 -0.9732718835549874
1735978252.739174 0.0420598242729400 -0.0171568025736832 0.0829059393122318 -0.0181281238616998 -0.2290255035270225 0.0008383420221230 -0.9732512455898028
1735978252.837697 0.0416651888415068 -0.0194456029930600 0.0826208154792321 -0.0180354987418594 -0.2289225728849169 0.0008620981420407 -0.9732771615504372
1735978252.939214 0.0415426293906498 -0.0190120023559365 0.0847109287526077 -0.0179762250093277 -0.2289885061101135 0.0008766751394356 -0.9732627347456455
1735978253.039220 0.0448400288294494 -0.0170192680702373 0.0839912044152473 -0.0179129072666217 -0.2290169742215918 0.0009823053692904 -0.9732571029012868
1735978253.139192 0.0377600081319141 -0.0174438295941271 0.0832585637044106 -0.0178644093787628 -0.2289740048924934 0.0011228154265015 -0.9732679524399016
1735978253.239227 0.0394115205468634 -0.0183714586270611 0.0844916715508367 -0.0178932523328698 -0.2289316276026285 0.0007953207540170 -0.9732777141541163
1735978253.339201 0.0406462400656626 -0.0199594871798512 0.0821219935692127 -0.0178342417055893 -0.2290814563903371 0.0008019841156042 -0.9732435373442492
1735978253.439210 0.0398702233097662 -0.0210307689011516 0.0831196032817659 -0.0178593123000843 -0.2290969736880195 0.0008755292807293 -0.9732393616472967
1735978253.539368 0.0403930401261965 -0.0206209171152736 0.0832987216587669 -0.0178764173770794 -0.2289406007492643 0.0008113984225104 -0.9732758995592803
1735978253.639532 0.0399882533049417 -0.0192219183305756 0.0833667384163395 -0.0180224947476408 -0.2291405727257212 0.0007700275550171 -0.9732261785790415
1735978253.739260 0.0423566160999139 -0.0219509435009604 0.0818789490835149 -0.0179720544035928 -0.2289782133402384 0.0007415160077280 -0.9732653457459775
1735978253.839414 0.0410067054338537 -0.0206589867058938 0.0819601256833548 -0.0178879474706160 -0.2290210141570944 0.0007553711043868 -0.9732568139110249
1735978253.937677 0.0424109208500227 -0.0221504694454398 0.0837451563149639 -0.0178623165602147 -0.2289671924583916 0.0009504828229148 -0.9732697770953478
1735978254.039224 0.0410610381661537 -0.0197452952111166 0.0836351277345584 -0.0179211954984575 -0.2289523199935952 0.0008724491335623 -0.9732722665081780
1735978254.139286 0.0398371109302714 -0.0182394188255044 0.0829760953485055 -0.0180057313945616 -0.2291977952905798 0.0008655716383673 -0.9732129340779556
1735978254.239274 0.0401742766191752 -0.0199988284973028 0.0832874969121657 -0.0179930774176681 -0.2290188040465224 0.0007650585516403 -0.9732553884996246
1735978254.339358 0.0390127070465846 -0.0171466263856242 0.0864661119961676 -0.0179368495904601 -0.2290379099444912 0.0009139697519474 -0.9732518018962620
1735978254.439368 0.0417849480268601 -0.0187953467495926 0.0858925806244456 -0.0178578618683504 -0.2289943802907941 0.0008576595338895 -0.9732635485750251
1735978254.539208 0.0387144706662333 -0.0184753478302097 0.0851187268039221 -0.0179753924039333 -0.2290185032551123 0.0008603928855399 -0.9732557064609461
1735978254.639157 0.0435366149848348 -0.0194743549530410 0.0857797020016618 -0.0180018107500163 -0.2289483594486965 0.0008006340765393 -0.9732717721687744
1735978254.739123 0.0428532239648790 -0.0186356024943454 0.0828543709062283 -0.0178956123949034 -0.2288994497918118 0.0007984956923902 -0.9732852363755687
1735978254.839183 0.0449602504922689 -0.0186579544676730 0.0838549477891066 -0.0179877508094398 -0.2289209205540922 0.0006702963186439 -0.9732785848133770
1735978254.939206 0.0468674618200768 -0.0190869751521361 0.0834821340824785 -0.0178605181007481 -0.2289101684352469 0.0007356144820719 -0.9732834096764691
1735978255.039134 0.0452638581536170 -0.0203299648888925 0.0843509256107215 -0.0178638769317388 -0.2289903486882886 0.0007141961070543 -0.9732645026057944
1735978255.139266 0.0461518894364365 -0.0190548479955949 0.0845338893100332 -0.0178059673837039 -0.2290344819362912 0.0007921557428491 -0.9732551187119358
1735978255.239181 0.0485899544313959 -0.0190750231405693 0.0838478361564935 -0.0178424719629215 -0.2288234595318566 0.0008053836016275 -0.9733040747471364
1735978255.339192 0.0427212561258892 -0.0209547299451747 0.0843845374240477 -0.0179040004515363 -0.2290840916504952 0.0007780632669153 -0.9732416556734774
1735978255.437711 0.0437536827811003 -0.0197124135559917 0.0839050196288722 -0.0178652489627067 -0.2289600558292830 0.0007835963696889 -0.9732715508484164
1735978255.539290 0.0438908821979302 -0.0184732703410773 0.0841579239297039 -0.0178430260049276 -0.2291639820934780 0.0008161993355256 -0.9732239359739835
1735978255.639199 0.0420457112266410 -0.0203770525505266 0.0846453287803663 -0.0178972736753082 -0.2292003928757305 0.0008241891246005 -0.9732143588197252
1735978255.739102 0.0435642909724505 -0.0179182895770608 0.0871083424229510 -0.0178191306152481 -0.2290916948495808 0.0008587319550074 -0.9732413557358178
1735978255.839304 0.0437001837455123 -0.0176945461422934 0.0844606608679906 -0.0178884133818261 -0.2289820790103444 0.0008974926663304 -0.9732658458333444
1735978255.939158 0.0403915275998953 -0.0162883143620699 0.0880240198206002 -0.0181762858228504 -0.2291301812740233 0.0007735671016181 -0.9732257622242430
1735978256.039253 0.0412234733029510 -0.0179906730649112 0.0852622494104185 -0.0180482276973289 -0.2290389008069035 0.0007431899129233 -0.9732496550540896
1735978256.139236 0.0407441966495256 -0.0192103661796462 0.0868018383418932 -0.0179125950724680 -0.2289969062200700 0.0007721852446219 -0.9732620200179161
1735978256.239198 0.0363067964468164 -0.0179127506077377 0.0875296523579382 -0.0178078671881401 -0.2290314982981869 0.0008679322405493 -0.9732557214561458
1735978256.339268 0.0379479970228300 -0.0199748611555353 0.0856329395730863 -0.0178530049468742 -0.2289920053101248 0.0009340349010846 -0.9732641261739889
1735978256.439330 0.0349282977249215 -0.0176026446214864 0.0848951503328705 -0.0178484990623835 -0.2291190803730502 0.0010507458261884 -0.9732341825190054
